beta,epsilon,seed,x0,parallel,transverse,scale,ks,cayley_real,cayley_imag,unit_error,max_abs,zeros
1.0001,0.0,0,-0.020169538113206015,0.04068278861744468,0.04068278861744468,0.023982463228683276,0.0802388560986137,0.19440868089262864,0.004703358642462945,2.220446049250313e-16,7305.034729357444,0
1.0001,0.0,1,0.0008466628115765592,0.028097934403322852,0.028097934403322852,0.00958822861476943,0.24196303396750285,-0.22892063135834703,-0.20817101817175318,2.220446049250313e-16,3497.0148048742067,0
1.0001,0.0,2,0.03188239627272241,0.026176929535523464,0.026176929535523464,0.013167595736984982,0.1842470117432909,-0.15808318054227394,-0.10770295963013624,2.220446049250313e-16,749.8092446585044,0
1.0001,0.0,3,0.030996751121030404,0.03752098422991812,0.03752098422991812,0.016181029554763186,0.21124920419125126,-0.005256808429598582,-0.23049590368639603,2.220446049250313e-16,1195.8757607430202,0
1.0001,0.0,4,-0.01973928072778232,0.04033357310779121,0.04033357310779121,0.02176044189907152,0.14891324875070633,0.15634715615996633,-0.11137567496608161,2.220446049250313e-16,3082.326734525476,0
1.0001,0.0,5,-0.008651248833624227,0.02791594753945525,0.02791594753945525,0.010386299048124405,0.24765393288978838,-0.20657414128530782,0.1979083838540861,2.220446049250313e-16,10699.957729656971,0
1.0001,0.0,6,0.003916784972394212,0.036846638945686884,0.036846638945686884,0.019995651927754318,0.1267621250663168,0.13087855341053975,-0.07300192463545702,2.220446049250313e-16,3844.1532323491224,0
1.0001,0.0,7,0.01398160968763851,0.03991114004837628,0.03991114004837628,0.022801229498860244,0.1324733959774102,0.16631242983009772,-0.11464124607490518,2.220446049250313e-16,3584.1731722799223,0
1.0001,0.0,8,0.03684189803507904,0.061225447761695924,0.061225447761695924,0.02991351509108244,0.13517445411493684,0.32405106239224796,0.11514502934675927,2.220446049250313e-16,158342.82434951974,0
1.0001,0.0,9,-0.06887335287537791,0.04159907324006355,0.04159907324006355,0.020118816599686864,0.213310222402877,0.1091513570259909,0.22401287554965443,2.220446049250313e-16,974.0853180244771,0
1.0001,0.0,10,0.031703383229634854,0.031053487430801514,0.031053487430801514,0.007766032382079746,0.2879988289126412,-0.1458044794518148,0.2785990580738699,2.220446049250313e-16,1133.061203406089,0
1.0001,0.0,11,-0.0031565035452126317,0.023034310872463097,0.023034310872463097,0.008835682700140783,0.25014001546467246,-0.25037486422669863,0.2314718795384227,2.220446049250313e-16,282.2064376044814,0
1.0001,0.0,12,0.016294528268813845,0.051333771463619365,0.051333771463619365,0.02802244019244008,0.2022186175138394,0.21837408735364194,0.23968598056967838,2.220446049250313e-16,3949.712227452606,0
1.0001,0.0,13,0.044980910275017306,0.028395994241589503,0.028395994241589503,0.012135183792881737,0.11897990829479332,-0.1371890706024923,0.06937440875214203,2.220446049250313e-16,1338.2095796102083,0
1.0001,0.0,14,0.04311956874861248,0.043817436248857596,0.043817436248857596,0.024481169972896965,0.08114381422635031,0.22081980561119346,0.03219333051796008,2.220446049250313e-16,3968.4015743659716,0
1.0001,0.0,15,-0.012591129454458163,0.031206754367811014,0.031206754367811014,0.01621555185667011,0.10706684376532416,-0.03237226267216341,-0.06639725097102142,2.220446049250313e-16,2504.6640726751257,0
1.0001,0.0,16,0.007976666660408496,0.047755534727598706,0.047755534727598706,0.026098591970659807,0.17503148508526933,0.251752591585736,-0.1603475529167139,2.220446049250313e-16,14675.907395049726,0
1.0001,0.0,17,-0.010862459013757608,0.022849339986517034,0.022849339986517034,0.0072460672229900025,0.18837102860352106,-0.2710510128741481,-0.14849439939883996,2.220446049250313e-16,1014.5412199138542,0
1.0001,0.0,18,-0.24603494802468137,0.026339809564030092,0.026339809564030092,0.01265570622991357,0.16006343637070464,-0.14672196555783554,0.17804735757096057,2.220446049250313e-16,2748.5267209968024,0
1.0001,0.0,19,0.010725698610572574,0.03064969537269692,0.03064969537269692,0.012406763664456085,0.082869609779608,-0.16647796032608494,-0.007820126967366257,2.220446049250313e-16,1897.0267372030307,0
1.0001,0.0,20,-0.0015251009923183015,0.019908020894561663,0.019908020894561663,0.006839119172508737,0.2672685556586767,-0.2869849895943506,0.3259845111266764,2.220446049250313e-16,1220.4142779608276,0
1.0001,0.0,21,-0.021231356883152606,0.03854936140051258,0.03854936140051258,0.025216389015032304,0.12401800646125422,0.18022271191237668,0.12108860686182063,2.220446049250313e-16,1246.350482197453,0
1.0001,0.0,22,-0.12084873060896711,0.04043789929974641,0.04043789929974641,0.023637901533509392,0.0777721205383568,0.15146940325082697,-0.08666468899819495,2.220446049250313e-16,7090.4703294960955,0
1.0001,0.0,23,0.004710110787622487,0.025540817570775025,0.025540817570775025,0.013476138856411201,0.12832217648896355,-0.11285289287676364,-0.14519004072857755,2.220446049250313e-16,641.4546079204131,0
1.0001,0.0,24,0.04941796536179948,0.02404935428963607,0.02404935428963607,0.0070201326603021,0.3298097895886456,-0.2804806502980904,-0.27092083948045936,2.220446049250313e-16,3526.4523783834948,0
1.0001,0.0,25,0.014534821471602455,0.024481811792672312,0.024481811792672312,0.012602255128509848,0.07901528715959438,-0.1664359944475791,-0.031675412618839646,2.220446049250313e-16,1489.5054743766798,0
1.0001,0.0,26,0.037132250273610716,0.03547239634648915,0.03547239634648915,0.017435309355419128,0.07168652531348613,-0.027756899946080694,-0.03479379505109862,2.220446049250313e-16,4483.933299679153,0
1.0001,0.0,27,-0.008383657034800969,0.020573164122474327,0.020573164122474327,0.011560657234442485,0.18002254049794658,-0.13629131453544274,0.232664677434971,2.220446049250313e-16,979.6928919634091,0
1.0001,0.0,28,0.003098756527163235,0.023586117172267083,0.023586117172267083,0.013299573582532746,0.2174353880540243,-0.048833245627424936,0.28957323401153134,2.220446049250313e-16,3055.5926382577345,0
1.0001,0.0,29,0.07553998683282508,0.023579906015870532,0.023579906015870532,0.012192299825498604,0.06588799169811199,-0.16969724258679297,-0.03457122888868011,2.220446049250313e-16,551.271802710162,0
1.0001,0.0,30,0.008636069938508887,0.040458970589821196,0.040458970589821196,0.017842723931924754,0.05678998811124303,0.018848548141146514,-0.058961946524321164,2.220446049250313e-16,1535.7092035210517,0
1.0001,0.0,31,-0.007278923671913195,0.029923110843812214,0.029923110843812214,0.01559656347627253,0.1347678166063181,-0.004597343130450381,0.19198995286671955,2.220446049250313e-16,6365.515949812376,0
1.0001,0.01,0,0.09028112490720694,0.3164905330799023,0.29935195305181295,0.16641147592887817,0.018659352390219208,-0.025936389220813982,-0.014505274024199455,2.220446049250313e-16,8334.984922065307,0
1.0001,0.01,1,0.059654765301674316,0.3329105278086582,0.31590082471103836,0.1762768655662496,0.006727918629367724,0.0033815630251056955,-0.00358575614409584,2.220446049250313e-16,38566.44870220702,0
1.0001,0.01,2,0.6592095617497233,0.32335041330500214,0.30627990097619573,0.17228293988922957,0.033963694336940464,-0.010058143568763896,-0.03237681652779841,2.220446049250313e-16,57298.69877988402,0
1.0001,0.01,3,0.041964796137787835,0.3396419734187773,0.32270159792462055,0.18278922428703243,0.014496683415317124,0.02154871514770326,-0.012658038840206547,2.220446049250313e-16,206648.3689333621,0
1.0001,0.01,4,-0.2048045814629324,0.34112720784319017,0.32419194735203705,0.1809694955755589,0.01179820861552483,0.0189621772363633,-0.0058922965774197205,2.220446049250313e-16,19413.33993560226,0
1.0001,0.01,5,-0.050554093352878485,0.3252332012982652,0.30816783373369816,0.174835521055409,0.024561413406456623,-3.450428394075403e-05,-0.030242892904080797,2.220446049250313e-16,32095.978035496864,0
1.0001,0.01,6,0.1380360353627958,0.321223580153658,0.3041240549594784,0.1700797720827693,0.006243240006766904,-0.015052710639058374,-0.00027679838878303997,2.220446049250313e-16,21640.254506203964,0
1.0001,0.01,7,0.13303939425089795,0.3049153369044063,0.287679110809135,0.16053513909813702,0.018089850236722715,-0.04731579137618615,0.005779581112712728,2.220446049250313e-16,101125.43240412507,0
1.0001,0.01,8,-0.10199455156507321,0.32245943789997616,0.3053891683041862,0.17542738390379514,0.009641309424235023,0.004544368265663731,-0.005864879325848047,2.220446049250313e-16,7911.105662895918,0
1.0001,0.01,9,-0.061677816434399645,0.3294235527657393,0.31239415716229296,0.1767334519868499,0.004937688366306925,0.004712591527857957,-0.005145677617648399,2.220446049250313e-16,19658.73066388197,0
1.0001,0.01,10,-0.21573044890664,0.32797498584772306,0.31092887916007106,0.17340686799528138,0.014163008431233526,-0.0033409473291689516,0.015154273385522872,2.220446049250313e-16,109363.12365826078,0
1.0001,0.01,11,-0.3577801627948559,0.3200816439984968,0.3029688616668871,0.1704885282556175,0.020329635826599024,-0.015145326586917359,-0.01065896858544222,2.220446049250313e-16,94594.86876876482,0
1.0001,0.01,12,0.043624895045634764,0.3128874301018028,0.2957393108611511,0.16813485233493602,0.022285920480025423,-0.02063069549916451,0.026548867801565592,2.220446049250313e-16,20694.27978178124,0
1.0001,0.01,13,0.13983418065636055,0.3327941110685319,0.31577586993177864,0.1746239448027278,0.02279618561951674,-0.0008734106201485481,0.02359177536459383,2.220446049250313e-16,14595.25070863226,0
1.0001,0.01,14,0.29299422784601986,0.31983623404313066,0.30274219922662476,0.1687843890186069,0.012130745595049897,-0.017355564685501004,-0.011924870636816305,2.220446049250313e-16,681494.3299595673,0
1.0001,0.01,15,-0.5162408216773751,0.33040545459422477,0.3133772231020589,0.1745132981517203,0.005853089669804523,-0.002442952084592379,-0.0004594543551214091,2.220446049250313e-16,35878.71259103991,0
1.0001,0.01,16,-0.11063857034800242,0.3382372976587063,0.32125832154328354,0.1801402939897433,0.00623252471599145,0.01299643880559961,2.9974617560735627e-05,2.220446049250313e-16,215704.2561538091,0
1.0001,0.01,17,-0.22032566170837928,0.3388208589937991,0.3218649545524727,0.18425525260486164,0.02694047073116912,0.031836203461323584,-0.025048492786584376,2.220446049250313e-16,53690.81798192968,0
1.0001,0.01,18,-0.07038210417187069,0.3224011940923381,0.30532507133656867,0.17377884797308285,0.006091439322806758,-0.0021850686056207828,0.00338035301459654,2.220446049250313e-16,13118.567881172363,0
1.0001,0.01,19,-2.0014611346622475,0.32532700411287585,0.3082497935157163,0.17116900333963658,0.03405178593966918,-0.009144857492916639,-0.0323398244553424,2.220446049250313e-16,12764.43301490975,0
1.0001,0.01,20,0.20317540568218775,0.3324111554567698,0.3153974068757654,0.176606912324547,0.02000614356642494,0.00595635080375329,-0.022598313129530093,2.220446049250313e-16,118594.23932574142,0
1.0001,0.01,21,0.07836447392940343,0.33332863487951137,0.31633806830008726,0.18099290381908406,0.01143143233356203,0.02076070620686626,0.0003065779870498159,2.220446049250313e-16,7530.799315754369,0
1.0001,0.01,22,0.008746478685710136,0.319009514193207,0.30190031638784726,0.17181822425654014,0.006028328976445285,-0.011492685913784998,0.0016603162773552965,2.220446049250313e-16,22023.85600142359,0
1.0001,0.01,23,-0.18218248841353007,0.3332546128430335,0.316263697517604,0.17924979457449658,0.013088720184368352,0.01531756330134448,0.011154577554375567,2.220446049250313e-16,3421.074305969991,0
1.0001,0.01,24,0.38659794253951113,0.3276926608107008,0.3106395868593032,0.17637368342370624,0.021330096150664057,0.007414545586075522,0.02260439854083381,2.220446049250313e-16,1532418.366524932,0
1.0001,0.01,25,0.4675507438134519,0.3299293166320506,0.3129033450195181,0.17842665552902637,0.011538499372881372,0.004600050403151169,0.012462745598727244,2.220446049250313e-16,26130.262482680828,0
1.0001,0.01,26,-0.0662248309355522,0.33076076034120155,0.31374069934162396,0.17537540242426292,0.005817812912472853,0.003415887523591589,-0.001497882415747122,2.220446049250313e-16,20866.865257127603,0
1.0001,0.01,27,0.009398244539291329,0.32553763109716366,0.3084695218599675,0.17269541947896788,0.0053657141661691,-0.003975424481218729,0.002786584789860857,2.220446049250313e-16,24653.631959813603,0
1.0001,0.01,28,-0.767912832581906,0.3219784525253248,0.30487818206337075,0.1698207815071997,0.013582520024413902,-0.01586522026151731,-0.015270323685543718,2.220446049250313e-16,15425.845250723076,0
1.0001,0.01,29,-0.3623181679299768,0.32300066534439026,0.30591680896369455,0.17227138406487832,0.005383257713513834,-0.00978397208620132,-0.004111821769261816,2.220446049250313e-16,19304.025281244492,0
1.0001,0.01,30,3.96192586863302,0.31834141796940985,0.3012090036284027,0.17093621711143553,0.006363266672745671,-0.010751661311567174,0.006670267969996128,2.220446049250313e-16,78353.81958037158,0
1.0001,0.01,31,0.06509938593547503,0.3380752974219749,0.3211248718041556,0.18460044558076638,0.010901703962830356,0.02892598053741998,-0.0010423002160144287,2.220446049250313e-16,32322.907719404582,0
1.0001,0.1,0,-1.4475732701556832,0.9031217777164797,0.7711941763211522,0.5760411946553494,0.005299378125050991,-0.00842148822754142,0.0035353030327415175,2.220446049250313e-16,30741.038997255593,0
1.0001,0.1,1,1.7664525997195528,0.9173651826404966,0.7865855574325146,0.5937558624938346,0.008039755353227984,0.008736694783449912,-0.008857032593374782,2.220446049250313e-16,1277113.1019602558,0
1.0001,0.1,2,-0.4937026676587691,0.9057906506120142,0.7742807224500795,0.5814203454000364,0.0028556624609663572,-0.002046090190616873,0.0018192231785985934,2.220446049250313e-16,343427.1265162405,0
1.0001,0.1,3,0.5933970055800234,0.9081450372267185,0.7766598199436987,0.5827551138353038,0.007484609581587143,-0.0017303458408400598,0.006133146568405354,2.220446049250313e-16,78404.96417781056,0
1.0001,0.1,4,-1.6989813751818765,0.9074181688675657,0.7759872503067322,0.5835640691892252,0.004851086794023962,-0.0005580075082970116,-0.0051034932306562395,2.220446049250313e-16,218993.5157767863,0
1.0001,0.1,5,15.23152139087545,0.9141948572526671,0.7832330744808157,0.5905110571403278,0.0054608492263739095,0.004847374069380716,-0.0059835850309172415,2.220446049250313e-16,246172.17720533093,0
1.0001,0.1,6,-0.08240110608526935,0.9092896357521444,0.7777882813853628,0.5821673781418899,0.001938496675671475,-0.001976335137752291,7.184151756358138e-06,2.220446049250313e-16,1331767.5468060034,0
1.0001,0.1,7,0.6465821064258815,0.9088690597861145,0.7776049569355011,0.5852729908181011,0.0016572058979903992,0.0013864300305686402,0.0005913612079888661,2.220446049250313e-16,432516.08044333523,0
1.0001,0.1,8,-5.356728684527006,0.9024808111035219,0.7704945752005251,0.576471375116449,0.003624160324491088,-0.007845564557437392,-4.293873550967845e-05,2.220446049250313e-16,64713.20114403675,0
1.0001,0.1,9,-18.10043270464635,0.914675845122106,0.7836784854594642,0.5897066269367086,0.003965011099004823,0.006289115988124155,9.303657172446593e-05,2.220446049250313e-16,46764.104760798815,0
1.0001,0.1,10,-0.40335590241293734,0.9045625468675024,0.7728224822920678,0.5804219939341992,0.006805610589581901,-0.005120030377843595,-0.00495136402801518,2.220446049250313e-16,52911.38955670066,0
1.0001,0.1,11,-0.05686218750718722,0.9050386618975272,0.7733593470842173,0.5781483254441617,0.0030529336627282966,-0.005417661219063322,0.0026406537873952625,2.220446049250313e-16,32781.711464555214,0
1.0001,0.1,12,-11.991207195590455,0.9075151803491875,0.7760113452315999,0.5812233609843696,0.008168859527731553,-0.0016934394135808368,-0.009085610331960139,2.220446049250313e-16,269410.7965213912,0
1.0001,0.1,13,-1.3162361749424651,0.9071299534013876,0.7755527003290607,0.5809160737745362,0.004909292339691618,-0.0022886846075016285,-0.006265000403043651,2.220446049250313e-16,41362.60804350745,0
1.0001,0.1,14,-1.956545466020287,0.9000560526517292,0.7680874142887595,0.5759451857906157,0.003580840035204036,-0.00784972439720205,-0.0017796476747765015,2.220446049250313e-16,55865.0707930833,0
1.0001,0.1,15,-0.14275570287378267,0.9093364026063582,0.7781079223686352,0.5879246145268577,0.0046298228075696835,0.0029804712717509344,0.0018043109866046098,2.220446049250313e-16,1476636.010586699,0
1.0001,0.1,16,-0.5181694941613836,0.9039546415831315,0.7725477484687965,0.5832109076750401,0.00856795548301914,-0.0004464310643348846,0.009658355600323196,2.220446049250313e-16,15060.73957988426,0
1.0001,0.1,17,1.812450323791245,0.9107403403984236,0.7796871734902767,0.5892169295985326,0.007698940373745522,0.006566829468204606,0.006017858233347986,2.220446049250313e-16,103388.55531952626,0
1.0001,0.1,18,-1.6771577334871166,0.9070834185998617,0.7755499736120218,0.5822806100032708,0.0018273151188674674,-0.000766323153299653,-0.0007089758885320243,2.220446049250313e-16,103743.51456623117,0
1.0001,0.1,19,0.33410936335839636,0.902043657011225,0.7704011366036239,0.5799309724441821,0.003237166721347551,-0.0032172214817288223,-0.0024388835359765086,2.220446049250313e-16,39503.210075377254,0
1.0001,0.1,20,-0.11293067751057122,0.9035320812281783,0.771918834561386,0.5806134357804875,0.003560975826436552,-0.0028560613785218315,-0.0026367410544184725,2.220446049250313e-16,163238.9577468449,0
1.0001,0.1,21,-2.43292698796443,0.9126516417311799,0.7817648230644156,0.5920182329480292,0.0030426567955982864,0.007296808215310913,0.0015137566069581205,2.220446049250313e-16,1214260.4751997348,0
1.0001,0.1,22,0.12152612080728417,0.9048699267105389,0.7732057432660248,0.5804746951079751,0.0019397672908745278,-0.003062114448023124,0.001676971590816779,2.220446049250313e-16,48455.387512603804,0
1.0001,0.1,23,-0.30084980432898784,0.9141295304125232,0.7830267860166874,0.5873809984653362,0.00787615451285717,0.0034633022716368035,-0.008205179794770258,2.220446049250313e-16,431351.3782979221,0
1.0001,0.1,24,4.87869054753752,0.9071062024836745,0.7759859041152718,0.5890733012958927,0.009001981377113555,0.004355982461134848,0.010211695776896306,2.220446049250313e-16,57250.55881511744,0
1.0001,0.1,25,-27.617969977519653,0.9064495377792547,0.7748134326395019,0.5793083236783583,0.004765161504175719,-0.004201101498925283,0.004390152203903598,2.220446049250313e-16,454623.8378923826,0
1.0001,0.1,26,0.17877287035394854,0.9003652960152753,0.7683561263647573,0.5762262013272608,0.0025572310206138094,-0.007595433856109199,-0.00018072726285901618,2.220446049250313e-16,40346.33127658595,0
1.0001,0.1,27,-4.0432074102362305,0.9175118169615775,0.786743868509131,0.5919464311262077,0.005505182959581467,0.007683580978195877,0.0044039296004862736,2.220446049250313e-16,2566532.003370702,0
1.0001,0.1,28,-0.6415663935901351,0.9084719955035508,0.7772746838442718,0.5861101656434472,0.00223694915910877,0.0024021028853483685,-9.498059672841309e-05,2.220446049250313e-16,388718.9907061149,0
1.0001,0.1,29,-0.0609492023775516,0.9040827627050213,0.7726244710769911,0.5834656303379052,0.004267301976584037,-0.0008241632204005242,-0.004429453537805353,2.220446049250313e-16,67334.26358094485,0
1.0001,0.1,30,-0.4361834097333654,0.909768674175994,0.7787301324573299,0.5882862979389081,0.003231828189512953,0.005295840275704169,-0.0009128260716942953,2.220446049250313e-16,55027.079773993224,0
1.0001,0.1,31,-1.9085222737982552,0.9065163062426528,0.7749170051465187,0.580863747741112,0.0025927140216602806,-0.002467011774747992,-0.0019225949390481827,2.220446049250313e-16,132927.78950111842,0
1.0001,0.5,0,1.5538769773819356,1.557339690985539,1.014195935859274,1.9129511972407132,0.0069597366659598925,-0.0011047304699484698,-0.006185755266007958,2.220446049250313e-16,333151.58124198456,0
1.0001,0.5,1,1.8326609862551366,1.5558013421625843,1.011260097450638,1.9051583115610158,0.0030756103184592654,-0.002758564263991648,0.0014726043193112788,2.220446049250313e-16,408355.625765579,0
1.0001,0.5,2,-4.31481094768481,1.5511947604955594,1.0079973225735126,1.8969062045063618,0.0035476219938014864,-0.006731036653092833,-0.001238513097437849,2.220446049250313e-16,2498986.063086085,0
1.0001,0.5,3,7.124972126983728,1.5580978549811209,1.0166889939119406,1.9132043042581883,0.0034711557323159337,-0.0017585130633556577,0.0032824193430989446,2.220446049250313e-16,13235257.008083139,0
1.0001,0.5,4,-0.033459985574259485,1.5665819711178548,1.0266150640814233,1.9279725533610905,0.002159022418144918,0.005471938927048011,-0.0010273215377686461,2.220446049250313e-16,84788.0800762011,0
1.0001,0.5,5,0.33919454304280466,1.5627040462869604,1.021918767259635,1.9176641861655161,0.0012547765533612032,0.00020078794076970163,0.0007051700556052594,2.220446049250313e-16,312093.0568221444,0
1.0001,0.5,6,-0.9091786661921968,1.5595074704434022,1.017561392308158,1.9174719052687772,0.0030670157437721057,6.823040337421084e-05,-0.0027580093977026383,2.220446049250313e-16,137834.53131362997,0
1.0001,0.5,7,2.093584808265294,1.5639619021039601,1.0226297865550276,1.9166960545458833,0.0032400537855212797,0.0018237573989484373,-0.0033609022904164117,2.220446049250313e-16,148838.76888794923,0
1.0001,0.5,8,4.705777928943279,1.5588251406743034,1.0154447228943502,1.9088795573052564,0.0037925818661734834,-0.0024795463916683406,0.002039639661768491,2.220446049250313e-16,1857781.4775072592,0
1.0001,0.5,9,-4.066610624171679,1.5602823793255765,1.0192287794521273,1.919359820022885,0.004452393937091126,0.0006776634860312965,0.005627168630228792,2.220446049250313e-16,128810.8298077784,0
1.0001,0.5,10,1.168987949843248,1.5631316950863554,1.0223002043513711,1.9240122756059423,0.0033920075710246467,0.0033111824120981995,0.001747765521818096,2.220446049250313e-16,2181694.049886528,0
1.0001,0.5,11,-0.18805637307397194,1.55941432706194,1.0180327214746039,1.9134227336539067,0.004783289552189263,-0.0004212774164803884,0.005744279273812308,2.220446049250313e-16,91904.31638587467,0
1.0001,0.5,12,-6.774066753830171,1.5590456801978936,1.0180733338600092,1.908876148639671,0.0019071860765871862,-0.0019386047413150228,-0.00011009782221412899,2.220446049250313e-16,98211.3365478664,0
1.0001,0.5,13,-2.1565693587933366,1.5648585934279524,1.0233230037841028,1.9235017248828208,0.0032715297766099383,0.0026771422084486407,0.0046472403174754925,2.220446049250313e-16,1293908.3613585893,0
1.0001,0.5,14,41.06479954472012,1.5611745117804479,1.0207804364917825,1.9109862100989985,0.0027245068620457003,-0.0016205563919864262,-0.002444866733610274,2.220446049250313e-16,31756.91791606133,0
1.0001,0.5,15,-79.96986878481057,1.5604624028253287,1.0189997270957705,1.9138379763599975,0.002935688151299687,-0.00027477589623720245,-0.0026493466334528656,2.220446049250313e-16,54783.29343269284,0
1.0001,0.5,16,5.2206353254354285,1.5609864921485932,1.0183492714294173,1.917413142525588,0.004393004637091413,0.0008792468210087925,0.0011530585780505469,2.220446049250313e-16,118275.60747519984,0
1.0001,0.5,17,0.1663448406183175,1.5665525217967253,1.0262037499197247,1.934066151297663,0.0031839452103000765,0.0057234482194464,0.0017763186806147423,2.220446049250313e-16,142794.6639282759,0
1.0001,0.5,18,-3.2947443404840593,1.5629865473210582,1.02133236847258,1.922856783455861,0.006025966061836363,0.002435713753785097,-0.005887482395955588,2.220446049250313e-16,77543.46072324575,0
1.0001,0.5,19,-1.1280811070000096,1.5621422077160676,1.0211148934711651,1.9167598812031272,0.0036852908701812126,0.00013506330411431144,-0.004677806168427617,2.220446049250313e-16,226056.46369362762,0
1.0001,0.5,20,-1.647074474438291,1.5602799691729194,1.018901043605046,1.9156703474531995,0.00215726856393883,0.00014056249939180227,0.00034088254113699983,2.220446049250313e-16,57467.14300511368,0
1.0001,0.5,21,5.303716131043781,1.5647200071623473,1.0240774935119215,1.9365666126151102,0.0036985916962614662,0.005153958915429525,-0.005143170177352706,2.220446049250313e-16,443373.52953720465,0
1.0001,0.5,22,-8.596358259191373,1.5663650634945285,1.0251021572513466,1.93846487179012,0.004362396551727321,0.006830490816195224,0.00028437705310027135,2.220446049250313e-16,1039773.2808660408,0
1.0001,0.5,23,-0.030977418995663853,1.569365632747575,1.0287509848333358,1.9227252567417963,0.006550555963389326,0.003081169147568348,-0.0060186425570188185,2.220446049250313e-16,391079.7699578903,0
1.0001,0.5,24,-1.5624307209297548,1.557137177162135,1.0149410370207226,1.9013833648300453,0.006543676068106519,-0.004635031663976936,-0.006529398375112832,2.220446049250313e-16,367631.40406312165,0
1.0001,0.5,25,3.3405047448190923,1.5544972295867134,1.0129844179672214,1.8984708930164107,0.0025694856945146505,-0.005675349101376826,-0.0008702632474256392,2.220446049250313e-16,100838.08861156889,0
1.0001,0.5,26,-1.4185530598052765,1.5542993240490233,1.012292773211586,1.9134267289463165,0.009936816124526349,-0.0009936798291692581,-0.011591670611660573,2.220446049250313e-16,141287.42709037932,0
1.0001,0.5,27,2.575828550672965,1.5642314122134726,1.0233571219165274,1.9243190590168813,0.005472436756651822,0.0025151447375100808,0.006253667343201374,2.220446049250313e-16,13026673.1307381,0
1.0001,0.5,28,3.091446634398396,1.5556448220594477,1.013102592667138,1.9066432235319617,0.0032843916319075794,-0.0028846253963058692,-0.0035585658099022617,2.220446049250313e-16,139512.78203454174,0
1.0001,0.5,29,-1.965770743964817,1.5658400518856432,1.0267386840058972,1.9278713854741354,0.005420893424825157,0.0029058591692004377,0.0033098868060370623,2.220446049250313e-16,358886.19913311995,0
1.0001,0.5,30,-1.9384173732002798,1.5535278430587502,1.010580253613766,1.8997551978915062,0.005126665561215216,-0.005398258384912542,0.0024583519530438393,2.220446049250313e-16,613836.7737312678,0
1.0001,0.5,31,-2.2701728504537146,1.5553136320186833,1.0141543309887684,1.9031304230115742,0.0028130352077307963,-0.004179918983503521,-0.0013806551647147708,2.220446049250313e-16,260509.06251731567,0
1.0001,0.9,0,7.3650406988937815,1.7321962622209315,0.5480931324942458,9.852113440787855,0.006332085147242039,-0.007416579958412361,0.0028995262738072004,2.220446049250313e-16,143745.57399168558,0
1.0001,0.9,1,-345.66788332580154,1.7381955466823247,0.5556778966841457,10.08392409397362,0.008328263978988004,0.0037217331146448354,0.009514037824743306,2.220446049250313e-16,140266.0926734058,0
1.0001,0.9,2,175.97718669322276,1.737517259681929,0.55832786240691,9.922277679670293,0.003848553016684242,-0.004195302159584374,0.0018698713826977213,2.220446049250313e-16,44964.773136203614,0
1.0001,0.9,3,2.812978928105956,1.7360364555508445,0.5528287762130768,10.09622930688891,0.00791097274703173,0.0030653941733023824,0.00562803874396954,2.220446049250313e-16,367273.47384301724,0
1.0001,0.9,4,5.772224030682566,1.724936393526372,0.5387124878127968,9.932579396466743,0.006486583543967639,-0.006477771909816574,0.0035029966870140814,2.220446049250313e-16,126775.78460407915,0
1.0001,0.9,5,4.704092601527332,1.7327169946101524,0.5505593687553064,10.131423191895074,0.004985417711897311,0.00792319077902812,-0.0009908049578942072,2.220446049250313e-16,254547.61124925068,0
1.0001,0.9,6,-112.01071387964673,1.7324693685694443,0.5472743938424729,10.164741835918322,0.00395704672314745,0.005868945986262622,-0.0003071989349730352,2.220446049250313e-16,179880.70048411656,0
1.0001,0.9,7,4.43178802916114,1.7310039280533982,0.5485520170294322,9.915742559176927,0.005966509709904422,-0.0036754853461644726,-0.004070553505455583,2.220446049250313e-16,110929.54137283219,0
1.0001,0.9,8,17.670909927471715,1.735196048246212,0.5509380193849132,10.148393237465216,0.005056462202556594,0.007838278261373729,0.002077529825695598,2.220446049250313e-16,488427.34092426224,0
1.0001,0.9,9,7.376889085139481,1.7339485132884869,0.5511151127785154,9.909967127064048,0.006047940651803807,-0.006239936487163248,-0.0007066901165051582,2.220446049250313e-16,40215.292835220425,0
1.0001,0.9,10,-12.799231533680308,1.7359894087927663,0.5529792862770971,10.15757629986759,0.005040611268272599,0.009160784351717747,-0.002986882963199918,2.220446049250313e-16,245160.4485804154,0
1.0001,0.9,11,-40.86319311433315,1.731410037039665,0.5454519910272144,10.003206214195997,0.008579462458338627,-0.0015853257987737991,0.011424678000127073,2.220446049250313e-16,125220.63884956854,0
1.0001,0.9,12,161.9070386780005,1.734628205463689,0.5511699745560381,10.016721539559587,0.008067883854747604,5.5766736524566916e-05,0.010341508580747873,2.220446049250313e-16,37951.464577031664,0
1.0001,0.9,13,-5.277412982446079,1.7331054736538516,0.5535583811050346,10.025174624364787,0.004568997487436999,0.0016506511405678602,-0.003909387814961198,2.220446049250313e-16,151911.84357737875,0
1.0001,0.9,14,-26092.819560032633,1.728672355650161,0.5445923087575278,9.969756232955017,0.0014590450065739002,-0.0006923088181288325,0.0010849542374135456,2.220446049250313e-16,91178.02051180102,0
1.0001,0.9,15,-9.78507801436446,1.738209152933874,0.5545355219291901,10.06827687344974,0.004188334675151284,0.006521882894648731,0.004149422631306993,2.220446049250313e-16,520942.2298149215,0
1.0001,0.9,16,1.0387423631430235,1.7290384635402918,0.5445903228545039,9.918223663618146,0.005768040113572237,-0.003573566308820754,0.0019498379360264311,2.220446049250313e-16,553263.8894861932,0
1.0001,0.9,17,35.016960513940035,1.7373705485596778,0.5584926131809799,10.185361424776533,0.008679403691222998,0.011154208659603438,0.008896615162992475,2.220446049250313e-16,126480.17439910116,0
1.0001,0.9,18,5.4846142999691265,1.7293529306315856,0.5434330410265733,10.124341851856613,0.010388655702853355,0.004885418593327018,0.0104451688963151,2.220446049250313e-16,240669.60814774243,0
1.0001,0.9,19,-39.26579093407897,1.731639939387878,0.5462794142238254,10.118262624789583,0.008767984565501097,0.006119635931903678,-0.013010640531628712,2.220446049250313e-16,203694.60907565986,0
1.0001,0.9,20,-79.1330988643321,1.7441686573414736,0.5680781837991534,10.074009741955866,0.011157384906426815,0.0037285037562830655,0.011662146691177265,2.220446049250313e-16,460903.9020408953,0
1.0001,0.9,21,-10.960942598980884,1.7287462349888767,0.5436652730040591,9.784173566451896,0.010302795065788461,-0.00906263882327817,-0.009140621615092943,2.220446049250313e-16,135335.34501203327,0
1.0001,0.9,22,29.7691283220896,1.730408665784398,0.5462795369933625,9.962191221807874,0.005428615219154498,-0.003107822235828642,-0.004278688073321092,2.220446049250313e-16,5885904.047209441,0
1.0001,0.9,23,10.436444507877528,1.7373682839887086,0.5567547015417135,10.116622577024117,0.0063135671961325746,0.006586113612370294,0.006000442218995833,2.220446049250313e-16,89132.95550289113,0
1.0001,0.9,24,177.89134122119296,1.735026504042825,0.5537925168884777,10.016219571535085,0.002812858403630214,-0.0014335128703031378,-0.0001598786653946562,2.220446049250313e-16,132811.32512830792,0
1.0001,0.9,25,27.798088290082934,1.7324867456368833,0.5477995520503428,9.959786495865556,0.002676141804982546,-0.0009330182352131902,0.0007974889577331601,2.220446049250313e-16,276260.8150560579,0
1.0001,0.9,26,-5.294514642170377,1.7338561720033367,0.5515467433090968,9.91292090983514,0.004796036940665993,-0.0058005967499128635,0.002035867961380997,2.220446049250313e-16,190488.32695138556,0
1.0001,0.9,27,-9.027890182955407,1.7313077856694523,0.5452679704720387,10.011558165207258,0.005976737562936207,0.0006365283650753182,-0.0068655599137360385,2.220446049250313e-16,65091.436655696016,0
1.0001,0.9,28,-1.7263359911087577,1.7324191520706163,0.5500106367483563,9.892519283684367,0.007856277677287221,-0.004330449054449234,-0.00625968256569417,2.220446049250313e-16,64598.37965740396,0
1.0001,0.9,29,15.105118227997822,1.7345769931752864,0.5531468796286987,10.041033371972503,0.007997198275471962,0.003703755415323627,-0.006371902463871048,2.220446049250313e-16,602076.6733281233,0
1.0001,0.9,30,7.725598378980548,1.7334866227961117,0.5491946279644848,9.904446091204314,0.007542931395970398,-0.004732489340422047,-0.00787052880271454,2.220446049250313e-16,138141.05403406243,0
1.0001,0.9,31,-331.6172243807204,1.733198525576707,0.5485016934563988,9.84288769010751,0.005800819515603184,-0.00971723732347416,0.00046047483431211055,2.220446049250313e-16,102070.59782741402,0
1.01,0.0,0,-0.017758858083709222,0.3285830247537111,0.3285830247537111,0.1748127844530688,0.009240079176720928,0.010075003098353075,-0.010789319895863531,2.220446049250313e-16,11754.124616413232,0
1.01,0.0,1,0.1789673573676444,0.3223907300056341,0.3223907300056341,0.1692399324765878,0.01581381470925486,-0.005117576257375513,0.012115005094475247,2.220446049250313e-16,94012.28346387323,0
1.01,0.0,2,-0.17459164836217536,0.3312648837266405,0.3312648837266405,0.170538977032677,0.022143341573725328,-0.0011069440015443151,0.027177810875175946,2.220446049250313e-16,16788.530215841387,0
1.01,0.0,3,-0.035585703605562555,0.32663625210911573,0.32663625210911573,0.1707682701883555,0.02141951891664079,0.0008311545058067832,-0.02293032738437372,2.220446049250313e-16,20499.126760636136,0
1.01,0.0,4,-0.05636039064520368,0.3243377561029247,0.3243377561029247,0.1739369781283873,0.010021408901628726,0.006102720806322909,0.011023960125637151,2.220446049250313e-16,8548.619394942045,0
1.01,0.0,5,0.1106654340756778,0.3294931386724551,0.3294931386724551,0.177371140162495,0.009940732979660027,0.01440784132694877,-0.005458973251944963,2.220446049250313e-16,47903.77402440817,0
1.01,0.0,6,0.21958197444895913,0.32442812957928685,0.32442812957928685,0.16712027770745227,0.01257353844731146,-0.012906092892587488,0.014873832797123062,2.220446049250313e-16,17792.39811721863,0
1.01,0.0,7,-1.064940582038367,0.3205293006299857,0.3205293006299857,0.17092036603079486,0.01935490109450777,0.002425786339721683,-0.020667035185915582,2.220446049250313e-16,14711.666012782905,0
1.01,0.0,8,0.002472681653123631,0.33549121817957145,0.33549121817957145,0.1740450588994618,0.0056952002511369,0.009458084518422146,-0.0010015764259389492,2.220446049250313e-16,9862.563609001041,0
1.01,0.0,9,0.05936269305592816,0.3357390487418997,0.3357390487418997,0.1744242379933579,0.003787517604250834,0.007518325899065767,0.0033785612337438203,2.220446049250313e-16,34738.63325619447,0
1.01,0.0,10,-0.3757020472257629,0.32144706891731295,0.32144706891731295,0.16524031264808053,0.011700797355058135,-0.020921373272434544,-0.0032412353780588983,2.220446049250313e-16,117994.0362042981,0
1.01,0.0,11,-0.028782173805718694,0.3254642243877096,0.3254642243877096,0.17064035962061003,0.008663785443925154,-0.0039383244399028156,-0.004511561007731848,2.220446049250313e-16,59319.392187162506,0
1.01,0.0,12,0.6479614365129489,0.323442282295988,0.323442282295988,0.17081124598534683,0.019746123524888193,3.487446386913235e-05,-0.027320946959496606,2.220446049250313e-16,34470.05782624557,0
1.01,0.0,13,-0.18766061041232038,0.3248581664606447,0.3248581664606447,0.1661298262537081,0.009796694672482537,-0.016130346137715586,-0.0019511021790738945,2.220446049250313e-16,10856.465313217017,0
1.01,0.0,14,-10.875850507578244,0.32242425682991493,0.32242425682991493,0.17067211836860524,0.015174708413372595,0.0005171944562562403,-0.01564741603695488,2.220446049250313e-16,95994.48607927102,0
1.01,0.0,15,-0.12854841840041922,0.3218723958695428,0.3218723958695428,0.16785540376713565,0.015546783644633744,-0.011945105862332567,-0.016321574972143052,2.220446049250313e-16,86049.75846702888,0
1.01,0.0,16,-0.3234235077215514,0.3236100297872435,0.3236100297872435,0.17316420173172214,0.0035421541379510035,0.003908835162018642,0.00034459212678573584,2.220446049250313e-16,10148.098143864854,0
1.01,0.0,17,0.04779081636308578,0.32886582015667504,0.32886582015667504,0.17198214799013523,0.01439127897404413,0.0036534250202319395,-0.01464601913643464,2.220446049250313e-16,58744.51265790795,0
1.01,0.0,18,-0.16463451161942932,0.3357363754927562,0.3357363754927562,0.17748822082442842,0.026423103348255983,0.020534225211917674,0.030718375368588756,2.220446049250313e-16,177345.70915024506,0
1.01,0.0,19,-0.18339773862617625,0.3313598347817019,0.3313598347817019,0.17577726286569045,0.026543386393727053,0.011622351877576946,-0.032409544112498134,2.220446049250313e-16,31031.939419884653,0
1.01,0.0,20,-0.06971461898272242,0.32573871408796845,0.32573871408796845,0.17250716613293737,0.004956160046313718,0.005050210554744822,0.0011091784609374474,2.220446049250313e-16,10500.307098242387,0
1.01,0.0,21,-0.166396761817805,0.32853459524909784,0.32853459524909784,0.17407536677010535,0.006349487616686522,0.004761431863054782,-0.004816612887903205,2.220446049250313e-16,8164.682334526812,0
1.01,0.0,22,-0.3608796761216196,0.33456542664848976,0.33456542664848976,0.17815800178249436,0.013750661190632396,0.020142393914490103,-0.013761339469373798,2.220446049250313e-16,14681.363179835082,0
1.01,0.0,23,-0.08702239938070687,0.32742781383368713,0.32742781383368713,0.17412730490820633,0.014480303229558289,0.007865796035124722,-0.016404238244373832,2.220446049250313e-16,170183.26226643665,0
1.01,0.0,24,-0.754740463018704,0.3129190762678941,0.3129190762678941,0.1593601083083657,0.02056956047771813,-0.040895559262777034,-0.012277013050993555,2.220446049250313e-16,179733.77823993747,0
1.01,0.0,25,0.05634335781487339,0.3237253889476129,0.3237253889476129,0.16851168797517913,0.01569430255746951,-0.010936673348785442,0.014054235514109328,2.220446049250313e-16,11539.303114304981,0
1.01,0.0,26,-0.4209031046945523,0.32914392889711896,0.32914392889711896,0.1715868193883965,0.01057541411843621,0.002661837493279038,0.009457295208485601,2.220446049250313e-16,33192.21907304722,0
1.01,0.0,27,-0.36085463819311775,0.3247717237344554,0.3247717237344554,0.16771422509447786,0.025561514675780495,-0.010623581909378036,-0.029932300323567848,2.220446049250313e-16,72291.98859156675,0
1.01,0.0,28,0.274619749070218,0.3280080691512658,0.3280080691512658,0.17544078695202509,0.017807425608185434,0.010249846663799014,-0.01667382035705134,2.220446049250313e-16,67829.9792457574,0
1.01,0.0,29,0.46997491072405967,0.3243392324055032,0.3243392324055032,0.17066508956149407,0.007770813150900724,-0.005915411192963846,-0.004304527705436343,2.220446049250313e-16,16192.730839440152,0
1.01,0.0,30,-0.10446020867503492,0.33754297093698993,0.33754297093698993,0.1775097563884747,0.024966667314317514,0.016590882496607298,-0.018121567344846944,2.220446049250313e-16,53076.65784743715,0
1.01,0.0,31,-4.493383280214708,0.3225770425973423,0.3225770425973423,0.16841970543053944,0.008547289137611547,-0.011015860021007103,0.003965775899154309,2.220446049250313e-16,21730.404065015467,0
1.01,0.01,0,1.0476694168366742,0.4393848746518283,0.42334557958392377,0.235928692426716,0.0068013397923310515,-0.018340311500810048,-0.002804129809531012,2.220446049250313e-16,61038.188389341536,0
1.01,0.01,1,0.0427553714105676,0.4585120274006778,0.4426312100412332,0.250488894747217,0.008381495084688273,0.014432178848404722,0.002699899102554366,2.220446049250313e-16,74133.05737549407,0
1.01,0.01,2,0.12386480231466873,0.46012672768323676,0.44424307334202995,0.24879176130651712,0.01035422009792758,0.009825379582854128,0.01178412266826848,2.220446049250313e-16,53977.51138694001,0
1.01,0.01,3,3.224108330508277,0.44734222827784587,0.431354710565952,0.24182627922605532,0.004691750999093358,-0.007579897136829061,0.0011167835632240677,2.220446049250313e-16,53986.38420977812,0
1.01,0.01,4,-0.14668704895938758,0.4493776893764207,0.43340562103637625,0.24159506818536897,0.004708188821663795,-0.0041473436873227685,-0.002636174218558434,2.220446049250313e-16,19731.941252748136,0
1.01,0.01,5,0.11597517639960025,0.44344064031565955,0.42742987476552347,0.23818013158099471,0.008186083931301436,-0.015710923207870552,-0.001191746431689137,2.220446049250313e-16,19806.114589214238,0
1.01,0.01,6,1.1176355748349658,0.4557448576907561,0.4398322555375057,0.24697493079515986,0.00420323371503975,0.003699094880025811,-0.0006826420242928427,2.220446049250313e-16,10550.146111771899,0
1.01,0.01,7,0.45780904185011406,0.46843723399943393,0.45265308380268937,0.25963743423179,0.013624549190922486,0.03304422136878034,0.005978657522271211,2.220446049250313e-16,50233.88259063125,0
1.01,0.01,8,-0.5220795532505845,0.45806556604147036,0.44216486516763065,0.24723702001030584,0.005930843280361142,0.00938881299531949,0.003669014906177148,2.220446049250313e-16,14414.996690361051,0
1.01,0.01,9,-0.17530942141784192,0.43969284124591734,0.42364553240238106,0.23670172336070133,0.009130905193856342,-0.01677114504923344,0.006648722983304975,2.220446049250313e-16,18280.278371403816,0
1.01,0.01,10,-1.5840625236584158,0.46009203015379635,0.44421033625186807,0.2487941651836405,0.009102291535896367,0.009209364760624622,-0.0070377549435905054,2.220446049250313e-16,51018.53685366911,0
1.01,0.01,11,-0.2734402829673934,0.45420217308854377,0.4382728403098289,0.24524567357876212,0.015687259384983,0.004326417412353779,-0.015908823033057202,2.220446049250313e-16,11876.317953990061,0
1.01,0.01,12,0.4488471969509708,0.44092442806228604,0.4249255026883396,0.24313331876654948,0.003387062355249937,-0.0023484682281303586,0.0029681516348455473,2.220446049250313e-16,18058.86677570718,0
1.01,0.01,13,-0.03296831707791659,0.47061702085410684,0.45483953693808854,0.25862310976534786,0.012220039380666514,0.030476975116177002,-0.009296901290377977,2.220446049250313e-16,33534.48636115108,0
1.01,0.01,14,1.608474593158113,0.46988128109349325,0.45406314910022455,0.25213243942208813,0.009937654251753525,0.01648876746241458,-0.00905785462532269,2.220446049250313e-16,46728.27718923804,0
1.01,0.01,15,1.94468282248612,0.4575974567818093,0.44169935499122476,0.24743203405855002,0.004214367212413694,0.005027178439920315,-0.0018751850266971479,2.220446049250313e-16,17752.99527693017,0
1.01,0.01,16,0.027966592252662195,0.46656135778732527,0.4507484814005833,0.2570057452821598,0.01739456536468148,0.029524646791432355,0.016480548878695173,2.220446049250313e-16,15268.487875216373,0
1.01,0.01,17,-0.069256699459986,0.44647015172447135,0.43048004407808144,0.2389183604524472,0.00744278323086961,-0.011553810854075659,-0.0006914135550982909,2.220446049250313e-16,21409.852348372962,0
1.01,0.01,18,-0.4716350262749088,0.4409327663811981,0.4249073936545623,0.23795184535005331,0.014278308724217315,-0.013749720812594722,0.014602618473648906,2.220446049250313e-16,11445.59107071906,0
1.01,0.01,19,0.04901237587987871,0.4416871081200546,0.4256564801743561,0.23380276916664483,0.0131806150787106,-0.020991224894187137,-0.0144464585720447,2.220446049250313e-16,15645.82776931935,0
1.01,0.01,20,-1.0271618009224188,0.4580489066964545,0.44216493263744727,0.2489146048888169,0.009424124653417965,0.0121164138913385,0.0037988420648075276,2.220446049250313e-16,60002.15761727922,0
1.01,0.01,21,0.14303952146323937,0.4536771930535637,0.43774627796246707,0.2458202611485662,0.0111917076102368,0.0057072076752629815,-0.011289991387219063,2.220446049250313e-16,19646.469167910396,0
1.01,0.01,22,0.14200260568926942,0.46322470566570234,0.4473837297146527,0.2543428917664694,0.01528523240943691,0.022992839792521865,0.011149340147296271,2.220446049250313e-16,9312.480999201405,0
1.01,0.01,23,0.17520749141885592,0.4518606326553507,0.4359258779464187,0.24558550908374704,0.013005153579052187,0.004416454633360983,0.01679172761450771,2.220446049250313e-16,302960.79008042894,0
1.01,0.01,24,0.13106168705702922,0.45259854957080514,0.43667270719478446,0.24659052860913733,0.004924856790712029,0.004179888808620123,-0.001110203576923663,2.220446049250313e-16,4161.050417268107,0
1.01,0.01,25,0.23004876681113323,0.4520002322603456,0.43603873856554565,0.24279272696376328,0.006469027608767497,-0.0013150689927461355,0.00566961208920282,2.220446049250313e-16,21230.125037531845,0
1.01,0.01,26,0.19829237785778592,0.46615207094851474,0.45031000086335676,0.25198344333149814,0.009244401851581374,0.01723190663101588,-0.001164879464329769,2.220446049250313e-16,24538.45237946851,0
1.01,0.01,27,-0.09295435668533593,0.4357774302589269,0.41971401485665577,0.2340581468338393,0.013053304580529002,-0.021248848819039247,-0.01296904192952981,2.220446049250313e-16,19998.54254914111,0
1.01,0.01,28,-0.11130265036173116,0.4486552497892311,0.4326588932221548,0.23967764771875585,0.013096446536445927,-0.010750945372629722,0.015417727150437528,2.220446049250313e-16,23854.092602559664,0
1.01,0.01,29,2.172258478783108,0.4607529324002022,0.444870593622097,0.24803492982411096,0.008516830274576004,0.00450934211961123,-0.006430949258247728,2.220446049250313e-16,31293.57880139195,0
1.01,0.01,30,-0.024357637881355667,0.4589495549679775,0.44304336915237574,0.24836419414322436,0.016020813746568885,0.009731920324536356,0.01464158392505424,2.220446049250313e-16,43219.754768019986,0
1.01,0.01,31,0.9796770213879824,0.4452598638168662,0.4292581940646218,0.23943413208995798,0.007166977276879871,-0.009856214650695232,0.005627733548320649,2.220446049250313e-16,48362.66934134043,0
1.01,0.1,0,-0.13098159227826878,0.9551495322361617,0.8275869626649076,0.6168531484995452,0.005074863770697657,0.009345081642553165,0.004790132676733504,2.220446049250313e-16,164067.96402535014,0
1.01,0.1,1,0.7427930316118675,0.9433053559765863,0.8151331586628825,0.610330979163569,0.00677234157489115,0.00291541725122366,-0.006152341303200319,2.220446049250313e-16,93972.70378371364,0
1.01,0.1,2,0.9882160423556027,0.9434839849266101,0.8152560895929272,0.6085061112216852,0.00493652639275971,0.0012538840234515266,-0.006519349498996687,2.220446049250313e-16,187414.59381840425,0
1.01,0.1,3,-0.557724716774309,0.9524763333502282,0.8248172668737828,0.6177604406426966,0.005624536630577326,0.009318296475255025,0.003052871755061822,2.220446049250313e-16,38669.53940943859,0
1.01,0.1,4,0.10792276957527626,0.9339286389925684,0.8051735821346628,0.6023129657565276,0.006107009439007216,-0.004968655538415151,0.007335359328406067,2.220446049250313e-16,76091.3896414416,0
1.01,0.1,5,-0.03000175143895161,0.9404556055474529,0.8118352856304952,0.6025929129004013,0.010178961818568755,-0.0029522767179319264,-0.012836871432310366,2.220446049250313e-16,77214.69418453069,0
1.01,0.1,6,0.4077182409925949,0.9347506059178923,0.805807106150056,0.598401595381929,0.0025421704646506615,-0.006893550465432323,-0.0009592260027054688,2.220446049250313e-16,86509.14305089737,0
1.01,0.1,7,0.3954439799583126,0.9383873201083385,0.8098291473247693,0.6041161212522947,0.00623903944875509,-0.003850162908347318,-0.005593776943105375,2.220446049250313e-16,221153.4296021782,0
1.01,0.1,8,0.03207408243612154,0.9488483277942767,0.8208559840766647,0.6122510221044863,0.0026680125597003945,0.0047473503379289505,-0.0010269729571365585,2.220446049250313e-16,59754.404598738925,0
1.01,0.1,9,-0.34633290410219586,0.9398305746605381,0.8111806221108059,0.6030530051497079,0.0026549062440192617,-0.004068490214863567,0.0009587622123488907,2.220446049250313e-16,95336.87896319748,0
1.01,0.1,10,-0.835453237338152,0.938862774850431,0.8102124095864361,0.6023967903647692,0.005542100421310092,-0.0045917815618373966,0.00503903895713278,2.220446049250313e-16,286228.707391337,0
1.01,0.1,11,0.3998566362568318,0.9512602666562054,0.823448201719299,0.6154625718387157,0.004854143740816774,0.006733249841656242,0.0068102435150984965,2.220446049250313e-16,103279.84946279296,0
1.01,0.1,12,-0.3874940108517535,0.9388168022900235,0.810023376162464,0.6005638221788108,0.003444360914687805,-0.0054067531387486855,-0.002026627230836022,2.220446049250313e-16,56901.177223198785,0
1.01,0.1,13,-5.147728168431654,0.9433731609038833,0.814941698079431,0.6062428522023153,0.0021455518189543166,-0.0011809034660212935,0.0013664264632509435,2.220446049250313e-16,62428.86386021295,0
1.01,0.1,14,-1.9088278659478486,0.9482234900070056,0.8202634268491786,0.6117444418725527,0.004443783760362363,0.005173011370844861,0.005022701247744848,2.220446049250313e-16,61083.24773712427,0
1.01,0.1,15,1.6832879625721924,0.9332346090059709,0.8041239476617754,0.5969771957269073,0.006542781486638283,-0.009086241406726253,-0.004529241127364389,2.220446049250313e-16,187429.68824342225,0
1.01,0.1,16,0.2413732235713021,0.9456966032803901,0.8174202917184513,0.6070261751724862,0.0016498848919455078,-4.967944051574961e-05,0.00037814767118647934,2.220446049250313e-16,1230037.413210151,0
1.01,0.1,17,1.4873224253832287,0.9351048037893366,0.8064062962143372,0.6024294750554234,0.0028415679213957823,-0.0035863175714751228,-0.002886057871606533,2.220446049250313e-16,196408.85113645904,0
1.01,0.1,18,1.333140489084026,0.9421480891855304,0.813834560057947,0.6074523742915816,0.004607740241277136,0.001150090497799229,-0.004285699644094501,2.220446049250313e-16,30418.10584321129,0
1.01,0.1,19,-0.08886816084009731,0.9454480722871584,0.8173049359950284,0.6114936524608476,0.002130390247883307,0.003033788434617043,0.0010939349645897162,2.220446049250313e-16,124642.00556113635,0
1.01,0.1,20,0.0018413669597037137,0.9405626929770359,0.8117482661111657,0.6008792790035462,0.010783671847338083,-0.0049995797064333655,-0.0125306647594406,2.220446049250313e-16,192840.65077733574,0
1.01,0.1,21,0.08906036546218558,0.9411301471626539,0.812514365913135,0.6015241494518205,0.004524889504014418,-0.004105696785980837,-0.0039517924496363255,2.220446049250313e-16,41504.673053059436,0
1.01,0.1,22,1.4540979999796817,0.9420397191975057,0.8137267023664722,0.6078779235765523,0.006123331066205162,0.0008255847369282793,0.004907090429013131,2.220446049250313e-16,269487.1270677753,0
1.01,0.1,23,-0.22700104409395655,0.9477350846514705,0.8194758670828529,0.6094993022040496,0.0026643914371305977,0.002446507047424329,-0.0013342847203970077,2.220446049250313e-16,86736.65203609689,0
1.01,0.1,24,-1.381696028800893,0.9457804961353153,0.8176591439118511,0.610847808373584,0.007197732541235291,0.003576463221495734,0.009335283167302762,2.220446049250313e-16,43648.74142551456,0
1.01,0.1,25,-1.3407039599368402,0.9388767420610968,0.8102658287646228,0.603372304973248,0.002473104025737527,-0.0034668253980184834,0.0006079333360508938,2.220446049250313e-16,105338.74406307144,0
1.01,0.1,26,-5.370848101364508,0.9388285324308915,0.8100835560119749,0.6010155337500254,0.0034190920040317874,-0.005401216332375822,0.002610778415013073,2.220446049250313e-16,23757.303654977866,0
1.01,0.1,27,-0.2624716379209893,0.937677608768375,0.8088518914476829,0.5999994360336416,0.0035078816407088653,-0.0057553641649661725,-0.0028026164697659657,2.220446049250313e-16,46084.15236708917,0
1.01,0.1,28,1.9170765150880518,0.9530784384808576,0.8251632100720648,0.6146669471661058,0.0033661112706618868,0.005823635925538613,0.00326648773951898,2.220446049250313e-16,42772.81614512174,0
1.01,0.1,29,-0.8300102056226527,0.941349456197908,0.8128395098702285,0.6044052305268683,0.004405416302614817,-0.0011573496489406347,0.004399434568668281,2.220446049250313e-16,779215.1749055561,0
1.01,0.1,30,-0.2166479314257435,0.9368676628449629,0.807881577573198,0.5986447684650629,0.003576555813344706,-0.0071384016331924,0.0024357706601976525,2.220446049250313e-16,89362.95690190193,0
1.01,0.1,31,0.3011814996308857,0.9357483543477142,0.8067150935017616,0.5964584380990366,0.006242616201284967,-0.008891808117731053,0.006961285474161119,2.220446049250313e-16,80924.96201851235,0
1.01,0.5,0,-2.75752989083129,1.569351470171692,1.0343669659867618,1.918027902184731,0.00442463932917736,-0.000786352856737716,-0.0031154380488332143,2.220446049250313e-16,63847.408660286135,0
1.01,0.5,1,-9.431674572285937,1.5688661767284036,1.033127317327682,1.9126474763805517,0.004155834602482256,-0.0014066888230958405,0.003614418258488459,2.220446049250313e-16,208584.30309686868,0
1.01,0.5,2,-1.784339648959718,1.5688441057881188,1.0345669753946585,1.9172260282021245,0.003436962827105372,-0.0007153955489492451,0.0024560464728652573,2.220446049250313e-16,99645.10772700615,0
1.01,0.5,3,0.7008345732496819,1.5667604067687841,1.0316064804723026,1.9125009328702638,0.0046666276339480395,-0.0015892617948400937,-0.005540406450160643,2.220446049250313e-16,100268.12994083845,0
1.01,0.5,4,-0.01967545349677594,1.5697968041736583,1.0353710158313318,1.9256813772160772,0.004460021637504863,0.00173177985413613,0.003511015395392427,2.220446049250313e-16,106763.92121122715,0
1.01,0.5,5,-7.3643452259195215,1.568913296180732,1.0331934256633073,1.9068727261700031,0.0036453782982726057,-0.0033334570163848693,0.0011621988983919179,2.220446049250313e-16,376979.672824964,0
1.01,0.5,6,-0.7906055312906439,1.5697765651978919,1.0330696302792635,1.9108463452478666,0.002443714489620885,-0.001786317505734898,0.0030479788810553877,2.220446049250313e-16,395387.1960183511,0
1.01,0.5,7,-0.2721936536734844,1.5723876962744427,1.038106817104362,1.9260847125861456,0.0023485996549652,0.002383681743929645,0.0007731592110271099,2.220446049250313e-16,1808884.346292009,0
1.01,0.5,8,-0.3483614712628815,1.5648214885790503,1.0287604584160575,1.912912161909307,0.001875509714125534,-0.0026137011898606614,-0.0009214236108527023,2.220446049250313e-16,148893.5630771596,0
1.01,0.5,9,1.3954434768869368,1.5652156664479404,1.0296184924493716,1.9012088240729728,0.0032618851481452937,-0.004459735810495314,0.00043608697320441113,2.220446049250313e-16,733250.6753675112,0
1.01,0.5,10,68.43225003287981,1.571766465872548,1.0380728021644272,1.92123211302482,0.003289363629491504,0.0005067827040293743,-0.0003991796831130316,2.220446049250313e-16,111690.30592878004,0
1.01,0.5,11,-6.559103748818651,1.565015222386252,1.0281101431489716,1.914884162777736,0.003586645485665896,-0.0011476274890246845,0.0023418804180860855,2.220446049250313e-16,1304657.0904518592,0
1.01,0.5,12,1.734993506071865,1.5687491579771482,1.0337583006675959,1.9140238582184077,0.0023231184119696102,-0.0015007643215199612,-0.00010677708525590078,2.220446049250313e-16,52035.006698381185,0
1.01,0.5,13,2.497339492000881,1.575669530180253,1.041484334508964,1.917922503542439,0.0020098952737080955,0.000610404948155197,0.0025431543334977873,2.220446049250313e-16,120506.30634551735,0
1.01,0.5,14,3.5274594550759812,1.566602289175473,1.0310490231049112,1.9064711778338799,0.004464232410043456,-0.003470123944659406,-0.005672846161318386,2.220446049250313e-16,253688.98264778682,0
1.01,0.5,15,1.4278586637096475,1.5750500745970937,1.0406659847004298,1.9234150935721916,0.004245988749491059,0.001149538651984967,-0.005758922459935172,2.220446049250313e-16,127722.8656676204,0
1.01,0.5,16,0.49643862767345803,1.5725800099796123,1.0381370960958762,1.9320666142996177,0.002323165067562527,0.003933261314971085,0.0015924164167665053,2.220446049250313e-16,954482.3384257425,0
1.01,0.5,17,1.2282270153773975,1.5778216188986498,1.0452251308374303,1.9339342425456858,0.005051324599002482,0.0050348762239930496,-0.004489852429419518,2.220446049250313e-16,302102.0043010881,0
1.01,0.5,18,-0.2448494563307648,1.5655531584100943,1.0297407396933427,1.9141767262466907,0.0018788668888478632,-0.0014052328101451282,-0.0017094951967446793,2.220446049250313e-16,435219.8445903826,0
1.01,0.5,19,-0.5841572005326077,1.5741331254189763,1.040054602200496,1.929658323018626,0.0021731226168999473,0.0031170763708442675,0.0010224859128956192,2.220446049250313e-16,100955.14201608187,0
1.01,0.5,20,1.0361508606754652,1.5720502714857931,1.0383123519874529,1.9194179931067832,0.0016363735649568834,0.000315438402834439,-0.0017166603369185695,2.220446049250313e-16,182149.96693005998,0
1.01,0.5,21,-0.2963202938700738,1.5693304289718621,1.0340171255229458,1.9196806555404509,0.003953539615469126,9.697946004059105e-05,-0.003836335136930149,2.220446049250313e-16,50402.834768463836,0
1.01,0.5,22,-9.546266462537886,1.5682512034933007,1.03357786957021,1.9164985002686028,0.0023880768841172684,-0.0012507156428154418,-0.00038201708702232724,2.220446049250313e-16,52445.56233242363,0
1.01,0.5,23,0.2862347001145102,1.5760351341258159,1.0414615109668641,1.9273550540367794,0.0022596202648302866,0.0030403068199444123,0.0005916406692032106,2.220446049250313e-16,229199.74177884634,0
1.01,0.5,24,1.7542414877372456,1.5727450271332832,1.0374457511125637,1.9266711446326124,0.0024503543837228747,0.0022335145489140143,0.0006880647386206535,2.220446049250313e-16,471201.58495123446,0
1.01,0.5,25,-3.4530314300508507,1.5804605620019032,1.04864098054191,1.9386655119297154,0.0035807646184555786,0.0062163718675409055,-0.002715958437951055,2.220446049250313e-16,440160.36735097616,0
1.01,0.5,26,-19.21776512341531,1.574562429542768,1.0411953045568636,1.9341277645307122,0.0038442827540501323,0.00477728398024403,-0.001976868795525871,2.220446049250313e-16,119814.44982406704,0
1.01,0.5,27,0.09045247164803807,1.5759527167158667,1.0419233851279512,1.927844894531672,0.0028765039561813865,0.0034495716091626043,-0.002303436450763822,2.220446049250313e-16,266600.09042914165,0
1.01,0.5,28,-1.5514767694450255,1.5781391638553302,1.0443091818391301,1.9347426793207974,0.002442346093176062,0.004928783689476307,-0.0010934863228889058,2.220446049250313e-16,167258.50767566534,0
1.01,0.5,29,2.9318636196254304,1.572658016254583,1.037744114875064,1.9185894743465037,0.002479694145150424,0.00038725833476042925,-0.001393176237209863,2.220446049250313e-16,353889.645197399,0
1.01,0.5,30,1.635848438029472,1.5678434690635457,1.033211620450765,1.909103102944673,0.0031933550721227055,-0.0032620176141467967,0.0009754269245198433,2.220446049250313e-16,89384.60158567772,0
1.01,0.5,31,0.32196983204151447,1.571375377465755,1.037308079590318,1.9257232016194124,0.002228055370601556,0.0013782154410350374,0.0029315681322345387,2.220446049250313e-16,61100.381327864125,0
1.01,0.9,0,-3.8655377761072907,1.741703614308875,0.5841219492165899,10.067664778085042,0.004595336667145067,0.0033186156194820716,0.0021860410984682697,2.220446049250313e-16,118211.63559936406,0
1.01,0.9,1,-36.552933202867294,1.739259232446466,0.5795810910959797,9.95950356761908,0.003124001099509721,0.00011845596113638132,-0.005657068746433835,2.220446049250313e-16,317208.5128768227,0
1.01,0.9,2,-3.9051309621137826,1.7430276331928474,0.583831841636944,10.237470046673206,0.010194276059749652,0.010231449911665021,0.00223525129307249,2.220446049250313e-16,190201.91702811132,0
1.01,0.9,3,-64.50112203316337,1.740235361371121,0.5837746341707789,9.76022734942927,0.005899091163280246,-0.011850891816684094,-0.001957804749973427,2.220446049250313e-16,122779.58849349724,0
1.01,0.9,4,168.29954314757504,1.7369003455209666,0.5724043600526587,10.01609863627388,0.006268993947706747,0.0010253610139403504,-0.0018739460254398547,2.220446049250313e-16,40264.27793895556,0
1.01,0.9,5,18.771599182246682,1.7438254340354447,0.5848247483535383,10.067449827929021,0.011187961824536574,0.004340948933679507,0.011860041529861266,2.220446049250313e-16,76122.36656623872,0
1.01,0.9,6,-33.39126223332591,1.739883202284208,0.5822879467425462,9.976942801156788,0.010511180487120242,-0.0031304615020144363,0.01242868812382562,2.220446049250313e-16,274500.69702478783,0
1.01,0.9,7,75.52656508096653,1.741845424113746,0.5822809740620077,10.01128503424038,0.0033505685084019854,0.0015219526261926102,-0.0019198902031124978,2.220446049250313e-16,323390.1027141926,0
1.01,0.9,8,1.5513142782493052,1.7430108844948022,0.5828772929639043,10.190019985376932,0.0132797839946735,0.012188268315314449,0.014623892476230959,2.220446049250313e-16,1530481.428841619,0
1.01,0.9,9,1.803188047131416,1.7353920923985293,0.5747049048256362,9.750213927330755,0.008899008773034789,-0.013990206447569238,-0.005671513707520285,2.220446049250313e-16,435847.46943810105,0
1.01,0.9,10,-2.2798459491442897,1.7420458150113367,0.5852752434883548,10.287872314563689,0.006001996689825512,0.012910425613438234,-0.0011678673179688582,2.220446049250313e-16,977797.1574911689,0
1.01,0.9,11,-10.78505838845265,1.743669722581895,0.5850316722815717,10.04295629832915,0.007089236017657097,0.003095766152901674,-0.0043844415061931015,2.220446049250313e-16,133638.2820788048,0
1.01,0.9,12,-17.43037897857072,1.740399650224467,0.5833354590183972,9.98043137560647,0.0033520284732838634,0.0015932328819230576,0.00018126011301329911,2.220446049250313e-16,524297.7628643434,0
1.01,0.9,13,-19.260578511686777,1.7378419568127301,0.5781341650810878,9.904142501421003,0.002620544794286417,-0.0029909460949085896,0.0025298073164215927,2.220446049250313e-16,102586.5609102208,0
1.01,0.9,14,3.5355987002503046,1.7411123443190237,0.5832772163750343,10.068194970582311,0.0035534477600538406,0.002201381508200313,-0.0034025696264103978,2.220446049250313e-16,456507.6881555796,0
1.01,0.9,15,4.173577141885566,1.7392080167430826,0.581858744097793,9.900785843169974,0.0057830980827348055,-0.008051469543302008,-0.00027722767835893213,2.220446049250313e-16,79616.39664787016,0
1.01,0.9,16,-28.180095994942352,1.746853644433231,0.589268038291187,10.048331776684908,0.005145381577098651,0.002281419392495403,-0.006566529035502993,2.220446049250313e-16,211283.73931451418,0
1.01,0.9,17,12.182580676931256,1.7349566332004778,0.5738015952987389,9.858038773788635,0.006731747219306861,-0.006998979409958892,-0.007539407449285243,2.220446049250313e-16,1237619.5852069838,0
1.01,0.9,18,2.0655919276709707,1.737941905411813,0.5760908503791675,9.983485158526285,0.004371949898065441,-0.0029782631063484397,0.00027966442180107464,2.220446049250313e-16,6469983.128685305,0
1.01,0.9,19,-0.05603982451121564,1.7368287683766035,0.5747545178265866,9.778554805793217,0.007769184346106239,-0.013668426960581579,0.0014401039205441568,2.220446049250313e-16,101069.95864025649,0
1.01,0.9,20,-3.5158015405435887,1.7421085986107239,0.5869862999345061,9.883231827607187,0.012064061469925558,-0.008807259694639509,0.014041255864735655,2.220446049250313e-16,481473.4081170001,0
1.01,0.9,21,0.8813198921148058,1.744810628279417,0.5873799116098916,9.920664879434629,0.0032908672470228773,-0.0017399452740796354,0.0031863045013392948,2.220446049250313e-16,278821.66567282093,0
1.01,0.9,22,-33.79165077073202,1.7349564135117026,0.5738092148709653,9.936722059365081,0.006225281052410436,-0.005106845316443795,-0.0032906621245857148,2.220446049250313e-16,620636.6165408803,0
1.01,0.9,23,-15.772212976449564,1.737174699093927,0.5769340741817527,9.748883093611784,0.007334761569126713,-0.01105168138191572,0.0046318951516651176,2.220446049250313e-16,47359.785822747544,0
1.01,0.9,24,-27.28772743779004,1.7407202516956675,0.5840924326570625,10.102318150710717,0.005699312144977431,0.006326845814786169,0.007507948262439615,2.220446049250313e-16,2621623.8118446562,0
1.01,0.9,25,-1.0508976863317394,1.7416073776996617,0.5812965777619895,9.93537030435511,0.012689569187616156,-0.002777571688713664,-0.016239814466460403,2.220446049250313e-16,28694.15609424792,0
1.01,0.9,26,-5.036106406833268,1.7431619448115552,0.5869497487589368,9.92483014325039,0.003966486533471092,-0.002850683015385439,0.0010312362519558978,2.220446049250313e-16,377640.41805041995,0
1.01,0.9,27,-124.38275587225627,1.7426853673101197,0.5858245313352364,10.113419457834748,0.004982002792085827,0.005631731444644607,-0.006795727964812912,2.220446049250313e-16,495594.7361500395,0
1.01,0.9,28,-13.173170959516714,1.7433780634085758,0.5870404105426204,10.129342356422015,0.004348636378630144,0.007048779917789475,-0.0037837061647407687,2.220446049250313e-16,95269.34641003642,0
1.01,0.9,29,0.03705852531624972,1.7352818328775148,0.5737624906003385,9.800507535574864,0.004622860961794595,-0.009984904445797983,-0.00019909261233646755,2.220446049250313e-16,133709.3782622165,0
1.01,0.9,30,-32.21914654486631,1.7430546105463078,0.5846683372719864,10.240835362703073,0.004646392139140733,0.01358427853694518,-0.0017845015687022903,2.220446049250313e-16,521634.20251661644,0
1.01,0.9,31,-448.2528494043821,1.7441350050380229,0.5875627478914404,10.129991974327133,0.005345140430780382,0.00581732692652063,0.0028841094910174486,2.220446049250313e-16,319225.36554424104,0
1.1,0.0,0,1.5032614620340632,0.904702386178621,0.904702386178621,0.4970355970802073,0.0037656273855494193,-0.007225778376260555,-0.0011141055001442734,2.220446049250313e-16,51615.23723903175,0
1.1,0.0,1,-1.6271776712471753,0.9124159934273504,0.9124159934273504,0.5086987491064798,0.002856974828721659,0.005238145783315281,0.0018679480567019473,2.220446049250313e-16,24617.03996919124,0
1.1,0.0,2,-0.3961877990527008,0.9128926015459184,0.9128926015459184,0.503498323459278,0.00292421695445233,0.00028401649036540415,-0.002134087307874647,2.220446049250313e-16,31217.271153618618,0
1.1,0.0,3,7.236204276165683,0.9031774880195095,0.9031774880195095,0.4990856766121691,0.007558496445312757,-0.004528470930050174,-0.00969283712320711,2.220446049250313e-16,189354.44859779492,0
1.1,0.0,4,0.763732827085963,0.9115637894852354,0.9115637894852354,0.5041292715091561,0.001666233889085822,0.0009040836699339581,-0.0014351193764897143,2.220446049250313e-16,21069.104385205195,0
1.1,0.0,5,-1.6892365972539716,0.9155423463883331,0.9155423463883331,0.507664694097169,0.0029441914685537363,0.0049839812793944695,0.0033074717463335845,2.220446049250313e-16,45843.569539709504,0
1.1,0.0,6,-41.51415599475651,0.9157550795454693,0.9157550795454693,0.5071178491738433,0.0032143698008555988,0.005404274424098947,0.0017886690023011125,2.220446049250313e-16,69621.52534440777,0
1.1,0.0,7,-0.05566175267673527,0.9175477933390838,0.9175477933390838,0.5080555000143996,0.011235759694677272,0.004612535298259798,0.013010246584743528,2.220446049250313e-16,176019.3442199609,0
1.1,0.0,8,2.329970814954367,0.9130520882702348,0.9130520882702348,0.5039608225163582,0.00712224446305787,0.0006639756675955069,0.007434983113778135,2.220446049250313e-16,393116.25509506144,0
1.1,0.0,9,-0.3572278455604386,0.9034573305659995,0.9034573305659995,0.4935151377116246,0.004591136927125317,-0.007392678725246794,0.0036277633974391315,2.220446049250313e-16,19453.621044494947,0
1.1,0.0,10,0.4734738780676181,0.9038732813086758,0.9038732813086758,0.49935566807379533,0.004866760043807872,-0.0032843003171223522,-0.006785664312282034,2.220446049250313e-16,229016.62294446025,0
1.1,0.0,11,-0.3897321029717001,0.9103580850340042,0.9103580850340042,0.5017048284436374,0.0058139969798032265,-0.0020028729087791476,0.005825592582799923,2.220446049250313e-16,50243.353507781816,0
1.1,0.0,12,-0.656910045724386,0.9000762755807656,0.9000762755807656,0.4930209531522015,0.007134004148589279,-0.010302191790774717,-0.007405379833596891,2.220446049250313e-16,59197.178846404415,0
1.1,0.0,13,0.3874106406736808,0.9121315732060186,0.9121315732060186,0.5036900977931618,0.0029423984836052797,0.0006760096445737904,0.0030038988063130186,2.220446049250313e-16,243304.57224420217,0
1.1,0.0,14,3.0339696814499453,0.9188404005163275,0.9188404005163275,0.5075698790828269,0.0077819276636443835,0.005322730645492062,-0.009121112750259579,2.220446049250313e-16,43281.501257625554,0
1.1,0.0,15,0.3089259716746364,0.9060574143485286,0.9060574143485286,0.4993433489798871,0.004052790328809008,-0.003269301992124242,0.004490463944559249,2.220446049250313e-16,154251.61025946966,0
1.1,0.0,16,-0.05141109701021527,0.9109024960145612,0.9109024960145612,0.5028054448354937,0.004453283463181856,2.4855908408833475e-05,0.004411005973388148,2.220446049250313e-16,23376.393646688823,0
1.1,0.0,17,-0.5497847922497558,0.9082162557005855,0.9082162557005855,0.503659516229607,0.008893805214216122,0.0007714124103537275,-0.00971311360708779,2.220446049250313e-16,67590.62639157621,0
1.1,0.0,18,-0.623839227329328,0.9055418714758322,0.9055418714758322,0.502371506691298,0.00257672759896177,-0.00012542383584255285,-0.0030330387355779246,2.220446049250313e-16,41973.524096088804,0
1.1,0.0,19,0.2349164626045748,0.9112147910482512,0.9112147910482512,0.5029497920222796,0.002179370005854997,-0.000325091044176945,0.0014375832466395077,2.220446049250313e-16,26851.839043778087,0
1.1,0.0,20,0.15756789121387588,0.9085180957511216,0.9085180957511216,0.5030514474826573,0.0019465806285122733,-0.0004480565139036017,0.001821934201989947,2.220446049250313e-16,398377.35611097555,0
1.1,0.0,21,-0.3607409523859135,0.9114627630982692,0.9114627630982692,0.5037031276022872,0.0030052658922480324,0.0014085075172990899,-0.003842166086073087,2.220446049250313e-16,60286.90608764216,0
1.1,0.0,22,-0.14312541285167127,0.9132808193639661,0.9132808193639661,0.5084731798531557,0.0027488293784020956,0.004850832927747091,0.0003390653442670303,2.220446049250313e-16,143083.4227096347,0
1.1,0.0,23,-1.2697183840723671,0.8981224284577732,0.8981224284577732,0.4931755184337231,0.009392108093891904,-0.010271432659518675,0.00961857282009173,2.220446049250313e-16,44495.972560503724,0
1.1,0.0,24,0.14239238036823956,0.9098556108726875,0.9098556108726875,0.5047742185153784,0.0030637867948547504,0.0013578819754014246,-0.0034371890802119176,2.220446049250313e-16,6341738.333033024,0
1.1,0.0,25,0.17211280328724365,0.9063166377830691,0.9063166377830691,0.4980050383673189,0.005625855446119932,-0.006038340974055899,-0.005411151582943883,2.220446049250313e-16,194631.34671301153,0
1.1,0.0,26,2.2629022885925623,0.8954369822686207,0.8954369822686207,0.4898936818246832,0.005974941465921035,-0.013732704121360458,-0.001642949061978777,2.220446049250313e-16,43053.31948113106,0
1.1,0.0,27,2.359918061688248,0.9147521409980663,0.9147521409980663,0.5111500323988097,0.004379155755034225,0.00887573891323994,-0.0002971242970796402,2.220446049250313e-16,1215982.1482169176,0
1.1,0.0,28,3.49238631081772,0.9098005747998679,0.9098005747998679,0.5034007564551735,0.006140910314829495,0.00019476174061460635,-0.007260953403035659,2.220446049250313e-16,139390.8661448058,0
1.1,0.0,29,10.6460231745282,0.9096388813383014,0.9096388813383014,0.5035492265249659,0.0024883429105236887,0.0011302843362312764,-0.003547157879911314,2.220446049250313e-16,53368.362551664686,0
1.1,0.0,30,0.6360724903786577,0.9093421737305494,0.9093421737305494,0.5038615557495674,0.008495272402002207,0.000426592646554079,0.01032311447578306,2.220446049250313e-16,17422.631359370396,0
1.1,0.0,31,0.25998967948181223,0.9025041548031095,0.9025041548031095,0.4970287224377935,0.007772724941014442,-0.006162117397082655,-0.010601321908145545,2.220446049250313e-16,150861.7943542425,0
1.1,0.01,0,-7.236082676486714,0.9422873304286619,0.9303511438068872,0.5284280686269167,0.0029539580233774454,-0.002516976067979599,0.0004448257862802531,2.220446049250313e-16,572683.7175200499,0
1.1,0.01,1,0.06839578828900542,0.9469622278258185,0.9350284726453525,0.5277270532679944,0.002747294536650291,-0.002064625247802421,0.0003108749722545314,2.220446049250313e-16,75098.55141325666,0
1.1,0.01,2,-0.07917647977716788,0.9488569220713018,0.9369568495866286,0.5327808850866605,0.007640851638030133,0.0030388750605820965,-0.009685986130633846,2.220446049250313e-16,226597.19879566532,0
1.1,0.01,3,3.1927736985159108,0.9506950213888308,0.9388197007069013,0.5379343408119466,0.006788922650066587,0.007108605214031245,-0.006872820093834845,2.220446049250313e-16,35082.440861766445,0
1.1,0.01,4,-0.8837164753330699,0.9387013448432424,0.9267483982455555,0.5267231757784551,0.005509873641560636,-0.004278116503809458,-0.005018387047469125,2.220446049250313e-16,157198.4607116045,0
1.1,0.01,5,-3.6182350762380695,0.9478972477567201,0.9359946735204165,0.5335452654939288,0.0028162974471952484,0.002304540617403624,-0.0011228209413450868,2.220446049250313e-16,38088.94787407474,0
1.1,0.01,6,-4.87054768000202,0.9395810933719486,0.9276211414713875,0.5251202676468625,0.004282591211595632,-0.005431969888634087,0.0038355723381191657,2.220446049250313e-16,81935.46732141964,0
1.1,0.01,7,-2.982426350997993,0.9420829277723644,0.9301408704162738,0.5281341161152846,0.004084978540682904,-0.0032490082749281196,-0.0030822503141459743,2.220446049250313e-16,213905.6795364702,0
1.1,0.01,8,-0.4204054410764335,0.9459605850898636,0.9340656234050472,0.5347776848167205,0.003961248966570019,0.003978383887281329,0.003350937396821036,2.220446049250313e-16,37962.51280731427,0
1.1,0.01,9,-0.07303225542922456,0.9475196980428103,0.9355904341782123,0.5296584646677296,0.004539445939178655,-0.0004928152950963167,0.0045416879785048015,2.220446049250313e-16,87019.11722775425,0
1.1,0.01,10,0.1422791171413112,0.9441934600246426,0.9322699302989512,0.5316755700644216,0.005230259719404717,0.000519037520729603,0.005207104130962257,2.220446049250313e-16,210187.00551800305,0
1.1,0.01,11,0.14529803459190738,0.9486333476754834,0.936738591091853,0.5334893069075421,0.0033385238102021653,0.0028007406675224556,-0.002582112200347933,2.220446049250313e-16,19257.253439390737,0
1.1,0.01,12,1.7042644739012158,0.9460369994424289,0.9340945901423995,0.5282552290932169,0.008899437661023635,-0.00275244878906275,0.009540979945912326,2.220446049250313e-16,122635.16685117944,0
1.1,0.01,13,-0.23747032246212163,0.9466433812630068,0.9347335029730749,0.5330034802646066,0.004828683396766731,0.0011169532075116673,-0.005087393640771975,2.220446049250313e-16,48455.0201249946,0
1.1,0.01,14,0.9295914239645983,0.9454293825284124,0.9335183354801935,0.5320933373972467,0.0016667642123436854,0.0016671467508196814,-0.0019107671911778794,2.220446049250313e-16,79005.31971322346,0
1.1,0.01,15,-12.328630911553377,0.9368424593500543,0.9248528932105312,0.5202735429312251,0.005203792200978774,-0.010974510045844807,0.001028316778310134,2.220446049250313e-16,24408.490357160317,0
1.1,0.01,16,1.885457649002554,0.9474417205890021,0.9355473360787354,0.5343628285810389,0.007532116703042158,0.0034903860381997258,0.010310706385088284,2.220446049250313e-16,323051.08430615714,0
1.1,0.01,17,-2.320726145576763,0.9497030810017392,0.9378193911689604,0.5367138449378872,0.002736778580841759,0.0048822071985412776,-0.0013123293446953216,2.220446049250313e-16,39371.73345593249,0
1.1,0.01,18,0.4476449559521412,0.9534990327021217,0.9416497174446203,0.5415639468120423,0.007299470475692127,0.010929023564547273,0.005498602003337792,2.220446049250313e-16,206698.68428745796,0
1.1,0.01,19,-0.32853782664559605,0.9402012274157237,0.9282332172343692,0.5237959776541192,0.006084403528747617,-0.007165806546581922,0.004593970622361247,2.220446049250313e-16,19271.76507942884,0
1.1,0.01,20,-0.20077580878257426,0.9519878866614137,0.9401260848678809,0.5395802745561454,0.004571048725692861,0.00893886446163182,0.0006972137366355637,2.220446049250313e-16,49882.70578767492,0
1.1,0.01,21,-0.17626177870655876,0.9564430185959302,0.9445737503299022,0.5376950790006392,0.006708286258715224,0.007668558840224855,0.006695478757058428,2.220446049250313e-16,287625.8724420698,0
1.1,0.01,22,-0.1647995888413563,0.9486271956373656,0.9367280929047024,0.5335633226064267,0.011839479352061977,0.003027217441871716,0.01278661412150909,2.220446049250313e-16,183096.73425353473,0
1.1,0.01,23,0.15347929554500597,0.939537657039192,0.927582137810265,0.5261175574341315,0.0031192688456752604,-0.0048313050738992315,0.000689295830699347,2.220446049250313e-16,29288.288292123598,0
1.1,0.01,24,-0.5997261186930205,0.943960517137638,0.9320291212017002,0.5291175852151262,0.006890394697750213,-0.0026721929003553414,-0.008000064237221103,2.220446049250313e-16,354115.9715741539,0
1.1,0.01,25,-0.006298701645384797,0.9440822131386309,0.9321277200602931,0.5253279189615134,0.0032950848938750887,-0.0048295094573432935,0.00278622654668952,2.220446049250313e-16,206166.07868185468,0
1.1,0.01,26,-0.48157816724085106,0.9463454029796687,0.934428560937005,0.5309466638406378,0.011050003329219793,-0.0002628310779398862,-0.012060439735637215,2.220446049250313e-16,16836.886408368442,0
1.1,0.01,27,-2.4759796881452676,0.9507284814637194,0.9388326898144244,0.5327285147388783,0.003741611345497442,0.002226798560413589,0.004012310793982881,2.220446049250313e-16,41260.35421730053,0
1.1,0.01,28,0.2929731651045449,0.9487027000081101,0.9367983742854383,0.5324914573861341,0.0019965451806577272,0.0023217012027597662,0.0006199940070974522,2.220446049250313e-16,42675.08119007806,0
1.1,0.01,29,-0.5447077032515983,0.9404583015453426,0.9284995997227274,0.5255804752109903,0.0027090950109838197,-0.005354742662582771,-0.0019005887414635491,2.220446049250313e-16,204196.10390776914,0
1.1,0.01,30,1.986403342058331,0.9529751535742096,0.9410942781278274,0.5359596645923725,0.004470308436821946,0.0046742200411405465,0.0014209893148200918,2.220446049250313e-16,136595.09544788807,0
1.1,0.01,31,-0.0871690581040997,0.9436095507236519,0.9316898678902931,0.5315372312553664,0.0038792520223625004,0.0015635051502083171,-0.002453314248825643,2.220446049250313e-16,43518.45578590001,0
1.1,0.1,0,0.30137864585977314,1.1860075972751072,1.0776454361556569,0.7559837486572276,0.0015721883378655988,-0.0021775868200912805,-0.00043682670725892864,2.220446049250313e-16,392692.6840578116,0
1.1,0.1,1,-0.5060518151670833,1.183981458415634,1.075478514807613,0.7553033554109779,0.0044071406370451705,-0.0037683114383596198,-0.003654921876507265,2.220446049250313e-16,48241.41526473717,0
1.1,0.1,2,0.3085576763721746,1.1895138752134513,1.0813823746546538,0.7600064780457501,0.005375719723814343,0.0020191001107195787,-0.006802953365003316,2.220446049250313e-16,925414.3511536119,0
1.1,0.1,3,-0.2178551632346972,1.1855792890265486,1.0775601956336218,0.7603443493504518,0.0018664830572249214,0.0017772263816190348,0.0007764345037292664,2.220446049250313e-16,70897.12584904251,0
1.1,0.1,4,0.5878324250616167,1.193999728749835,1.0859557686104537,0.7627503113381119,0.0031957699745904233,0.0031301150665573752,0.0029336459100602853,2.220446049250313e-16,13475.020066353227,0
1.1,0.1,5,0.7864756023184061,1.1850942702435745,1.076734601975292,0.7556932614839749,0.0019686643097517886,-0.0030225485996269626,-0.001410041163793091,2.220446049250313e-16,98599.11398702784,0
1.1,0.1,6,-2.192222054163042,1.188950874007363,1.0807897038982546,0.7590231537235901,0.006509563367780302,-0.00031706261959155965,-0.004330886301913402,2.220446049250313e-16,252885.9087300082,0
1.1,0.1,7,0.13557666191059392,1.1913002035335944,1.083420596523731,0.764943583606043,0.004332430049835467,0.004261566350788188,0.003485950517121328,2.220446049250313e-16,91124.81910318098,0
1.1,0.1,8,0.31952345050584097,1.1888266621660482,1.0804513522576442,0.7569520412991076,0.0034676556136949976,-0.0028099917422071056,0.00281363674211177,2.220446049250313e-16,236952.7498328415,0
1.1,0.1,9,-3.7281417024791144,1.1899230443766458,1.081656306898553,0.7598142287829472,0.0012218330474964567,0.00037940604503729447,-1.631315445478677e-05,2.220446049250313e-16,47340.298370366916,0
1.1,0.1,10,-5.225972622136729,1.1869639822011804,1.078877242407492,0.7600279933350013,0.00277784592334529,0.0015399837752603951,-0.0017049574315553533,2.220446049250313e-16,247813.1493415685,0
1.1,0.1,11,-4.260374775916588,1.1836399905259634,1.0751806961300077,0.7543729304851436,0.004138883281537664,-0.0028636356329623954,-0.004912640455904674,2.220446049250313e-16,65955.34016531518,0
1.1,0.1,12,1.0173756105215286,1.1931189357845744,1.0850728248724397,0.7643721260966739,0.002597897193473586,0.0021906168596919286,-0.0009816775686610942,2.220446049250313e-16,965405.1804432981,0
1.1,0.1,13,0.47877222282810256,1.1863451948547379,1.077930084735121,0.7583714240548345,0.004295497495643952,-0.0025672555870581773,-0.0035717116010209513,2.220446049250313e-16,114276.7159311326,0
1.1,0.1,14,0.49895742370704266,1.1852128314591543,1.076776950341733,0.7570659582882506,0.00148118292877919,-0.0013513415693212761,0.00034944527250640924,2.220446049250313e-16,177501.60208581976,0
1.1,0.1,15,-0.6815065190800785,1.1758612792892706,1.0669417686589056,0.7457615732198681,0.004794604356223697,-0.008874702964282121,-0.0038972035319366377,2.220446049250313e-16,562053.4134128806,0
1.1,0.1,16,-1.7362447381007748,1.183133439839704,1.074787053744081,0.7563845976530001,0.0017613660032298473,-0.001202849012473645,0.00107270737242463,2.220446049250313e-16,54244.833942671554,0
1.1,0.1,17,-12.022644706342485,1.1929493710860515,1.0847236122478012,0.7591692704757211,0.001636756444567955,-0.00012325256822161483,0.0017101640655548822,2.220446049250313e-16,231408.76334833127,0
1.1,0.1,18,0.7198636347992686,1.1871875557890401,1.0790332148969983,0.7599079751742326,0.003185905455926674,0.00018517207942060504,-0.003179858719246832,2.220446049250313e-16,78029.420393981,0
1.1,0.1,19,-1.043497621790208,1.19941923061296,1.0918469360927157,0.7719727668806033,0.0035056818781220023,0.008388138886031737,0.00027148186835851835,2.220446049250313e-16,55950.63573339014,0
1.1,0.1,20,0.09929165438303857,1.1955801542103153,1.0877031719318866,0.7659688412080017,0.0029499146820323174,0.004924958015425354,0.0030956398147446574,2.220446049250313e-16,70479.58667973128,0
1.1,0.1,21,2.456517564294783,1.1861258079035202,1.0778872896754697,0.7573822731333486,0.0029313674667210132,0.0002679723498395759,-0.0025886472227116403,2.220446049250313e-16,15768.866969089662,0
1.1,0.1,22,-0.45405693251410006,1.1761826209614497,1.067382407546321,0.7473989681295499,0.004448492056165931,-0.006776855632678817,0.006056380541660095,2.220446049250313e-16,206742.61393312397,0
1.1,0.1,23,0.3745602344543807,1.1802229623189588,1.071516231362222,0.7521277422050656,0.004416826991291867,-0.00641041583965121,0.0022672811463960644,2.220446049250313e-16,79672.30188495712,0
1.1,0.1,24,-1.0274025848910233,1.1905667682168386,1.0823197118315961,0.7596211909466548,0.004745069941331448,0.0003764261368272436,-0.005020940181286451,2.220446049250313e-16,66719.21466011972,0
1.1,0.1,25,-0.759787287462739,1.186381869795293,1.0779459880527869,0.7558797386967774,0.0023996050300131855,-0.0017800806032746194,0.002260363841984353,2.220446049250313e-16,71416.4446846016,0
1.1,0.1,26,-5.42164758346844,1.193601035107664,1.0855469895072796,0.7620720654671735,0.004543957042126179,0.002556385182964955,-0.004986126384309145,2.220446049250313e-16,198721.66780010692,0
1.1,0.1,27,-0.1455795238073637,1.196783860123661,1.0891332657439827,0.7694055302296765,0.00408259203196476,0.007579303389189741,0.0022174233135544914,2.220446049250313e-16,300438.76514373545,0
1.1,0.1,28,-0.5840239474218173,1.1915970815574686,1.083639125147725,0.761952357320141,0.0047436045444851915,0.0034997303202964863,-0.004367219596524515,2.220446049250313e-16,1388558.290941792,0
1.1,0.1,29,-35.756924711662926,1.1838029352273014,1.0755030469715219,0.756930548404657,0.0015533708150375358,-0.001256493691010513,0.0016036044117878753,2.220446049250313e-16,82754.78827038959,0
1.1,0.1,30,-2.410408622148866,1.1829861919615776,1.0745661681613807,0.7543438169862403,0.0035402574205110615,-0.0029498251412814606,-0.005360621348405423,2.220446049250313e-16,160606.39962999918,0
1.1,0.1,31,-0.5678304458009379,1.186015369347643,1.077562225657426,0.7548287102216666,0.002876575532450132,-0.002864177735113177,0.0015559890359583735,2.220446049250313e-16,185248.7831448637,0
1.1,0.5,0,-4.080562811303435,1.656412662613913,1.1733039011734965,1.9421777694926514,0.0032529567031666096,-0.0003371971575716873,0.002131958057851048,2.220446049250313e-16,279771.8847088465,0
1.1,0.5,1,-5.403523893022579,1.6532849206670657,1.1699561911822223,1.9499193154369197,0.002945857626093895,0.0011863524544452,0.002591416388407437,2.220446049250313e-16,46259.13596987821,0
1.1,0.5,2,-23.872917824719547,1.6494378225024493,1.1654887067786752,1.9361623888685549,0.0031706375165626577,-0.0035022495939733486,0.0029144098960170286,2.220446049250313e-16,66476.04395358273,0
1.1,0.5,3,8.25130956204424,1.658671080505271,1.177524491705987,1.9518526802497669,0.0029050189789893155,0.0024965282303236317,5.137710343463827e-05,2.220446049250313e-16,2112540.123308947,0
1.1,0.5,4,-3.246050122629098,1.6486105733587164,1.1656148071233585,1.936722470583967,0.0023435920254541442,-0.0019107675303696092,0.0007860319490007782,2.220446049250313e-16,1003192.0471649942,0
1.1,0.5,5,-0.4424978205443976,1.644979533858689,1.1603630698093657,1.93336103895099,0.0030340776697521665,-0.004564878800532892,0.0026513346483391115,2.220446049250313e-16,38911.89125916133,0
1.1,0.5,6,-2.035695931113236,1.6498464087027838,1.165697864731591,1.9409125228689361,0.001087937721264698,-0.0017333806746467288,0.00033737056859910614,2.220446049250313e-16,37522.20950887759,0
1.1,0.5,7,10.373402405087242,1.6540192218301577,1.171656287602806,1.9448445049029162,0.001595392379904581,0.0002476739967829173,-0.0012272543619305128,2.220446049250313e-16,168402.64934767905,0
1.1,0.5,8,-1.0517457178198977,1.6521740399999592,1.1694626309106706,1.9396348631238065,0.001711632789057893,-0.0022075240464793262,0.0009250565413538202,2.220446049250313e-16,66091.69168214446,0
1.1,0.5,9,-0.24715595679440946,1.6495980067217637,1.164957961918105,1.9484385784212663,0.003612994904392819,-0.00010119923950603128,0.0024939098460783514,2.220446049250313e-16,220218.6581281845,0
1.1,0.5,10,1.6266721982924348,1.6523330533048772,1.1694934932055225,1.939884975224162,0.007176877774198842,-0.0031074976697247963,0.007808002574844188,2.220446049250313e-16,52656.896017300576,0
1.1,0.5,11,0.6227048768712641,1.6589052017697306,1.1758593088747722,1.9599327912961022,0.0030969539339969487,0.00475803204886789,0.0008691974651609925,2.220446049250313e-16,169835.6422216627,0
1.1,0.5,12,4.120616910153421,1.646796653636743,1.1624527860424734,1.937863301684252,0.003523377993705501,-0.0036811746407563887,0.0027988528760508886,2.220446049250313e-16,115743.18447910654,0
1.1,0.5,13,0.06451529092565801,1.6542444930243794,1.172118966747144,1.9512823385456306,0.002200746461790415,0.002288795297886285,0.000382922164816185,2.220446049250313e-16,121076779.96609019,0
1.1,0.5,14,0.0935215398115995,1.660390673541157,1.1795660114083295,1.9623231991368382,0.006402934828937501,0.00561194731328365,0.006760355469752761,2.220446049250313e-16,75864.57942704317,0
1.1,0.5,15,-2.4076450521061075,1.650654659794836,1.1673910317325518,1.9323964356745087,0.0023321584313923394,-0.002574236640319163,0.002469106085065683,2.220446049250313e-16,75445.35356688828,0
1.1,0.5,16,0.027164359456701426,1.6510869003769877,1.1677158278043032,1.938433322582319,0.004449009911312585,-0.003328287628449687,-0.003543269073320857,2.220446049250313e-16,191008.41516639412,0
1.1,0.5,17,0.56454165255041,1.6516251746761206,1.1688165042335144,1.9479673173312575,0.0016897237978258373,0.0013679619101014007,0.0021839545811470247,2.220446049250313e-16,603611.2253399678,0
1.1,0.5,18,-1.4899097413719842,1.6556198682486396,1.172409149777219,1.9525884543044159,0.004018582360711953,0.0028284011357386863,0.004083006899286668,2.220446049250313e-16,74165.95617323248,0
1.1,0.5,19,0.8730706301037601,1.6540416286500252,1.171665168663924,1.9580157509819074,0.0017999822881571426,0.0026882193221268572,0.0017703351460754727,2.220446049250313e-16,217285.0971023391,0
1.1,0.5,20,-4.465636775329523,1.6607196750231654,1.1796544684123578,1.9604748163565722,0.003308471158379067,0.005796511257571777,-0.0012868805380247443,2.220446049250313e-16,232887.9844799035,0
1.1,0.5,21,4.084075035938005,1.646911986517858,1.1626637556788977,1.9369077504130698,0.0028280009370225123,-0.0037250758275673705,0.0012769943363365429,2.220446049250313e-16,82429.99574504909,0
1.1,0.5,22,3.657781981795734,1.6569570633162045,1.174137543308916,1.9614006789013412,0.002029815328085993,0.00412095740627259,-0.001772915430612301,2.220446049250313e-16,350785.11517731095,0
1.1,0.5,23,0.4685924975395757,1.6589905200520376,1.176422220225191,1.962102464418353,0.003263928915136771,0.004797668906790355,0.0001728320898665406,2.220446049250313e-16,3964786.450510797,0
1.1,0.5,24,-0.22616502715261183,1.6523458552838868,1.1683844867165085,1.9484116075410458,0.0024086226255471965,0.0002403198005620284,0.002643888678407101,2.220446049250313e-16,115767.80613618466,0
1.1,0.5,25,0.9241487910766043,1.6473278255819803,1.1630023032420804,1.9367211302888774,0.004191278180901814,-0.003519831735391383,-0.002694297727869458,2.220446049250313e-16,193689.26792814556,0
1.1,0.5,26,0.12078304698406112,1.6551181311944576,1.1730658088944432,1.944098563553542,0.004969484136351177,0.0009019465094617226,0.004739980670003849,2.220446049250313e-16,618334.7703777422,0
1.1,0.5,27,2.5215538312122816,1.658307115020739,1.176244964764256,1.955043141249624,0.0021711734975545793,0.003557755414106808,0.0022448455040326412,2.220446049250313e-16,103315.31689889185,0
1.1,0.5,28,1.8258811332159786,1.6584218886668025,1.1772395365500914,1.953889816653601,0.004319409503422134,0.002360525963050338,-0.0033616533266080657,2.220446049250313e-16,260006.5424735572,0
1.1,0.5,29,11.572555425769291,1.6515492501235776,1.1690610194023745,1.934132636203043,0.003754269867791482,-0.003611169707514069,0.0005307084883193,2.220446049250313e-16,62855.31517388282,0
1.1,0.5,30,-4.5625560067351465,1.6545074697699644,1.1711419493647357,1.94428719365605,0.004352451557154358,-0.0006023681265895876,0.0038500130245359937,2.220446049250313e-16,149466.1019310165,0
1.1,0.5,31,1.0689464742438188,1.6575903956187696,1.1763362455565944,1.9603290152832973,0.004448279896012042,0.0046930188421384685,0.0027009320846892726,2.220446049250313e-16,160061.28292383975,0
1.1,0.9,0,-2.829121139532516,1.799141200762855,0.8008711293443705,9.960039214398225,0.006962745602164588,-0.0031824312029701323,-0.008237966875024616,2.220446049250313e-16,651781.0050902317,0
1.1,0.9,1,-9.295444832218752,1.8026607138842001,0.8070478914164327,9.973863632118416,0.0033030835054830565,-0.0003347486980962223,-0.0018055567072520543,2.220446049250313e-16,96314.42092724555,0
1.1,0.9,2,1.3991004885621858,1.8050336349550902,0.8094606885705083,9.953458729245217,0.00433915212507463,-0.00409188164720253,-0.00024543616961850454,2.220446049250313e-16,223205.9562156868,0
1.1,0.9,3,-105.80884764137653,1.8039308989787524,0.8086997426817392,9.896436609549019,0.006547958184044911,-0.005809926111319813,-0.007076856724241183,2.220446049250313e-16,147524.66214634004,0
1.1,0.9,4,3.60421619958568,1.804152495291463,0.8074223225555253,9.968058429375377,0.0023489708986182967,-0.00015053785939934784,0.002282382645038297,2.220446049250313e-16,66210.26045902156,0
1.1,0.9,5,15.461643616440094,1.8038102994983702,0.8069660503255237,9.887294811900894,0.0029519602565697134,-0.005484259294592057,0.004205327514552662,2.220446049250313e-16,144471.82681652292,0
1.1,0.9,6,-21.221136979604527,1.8051119369820405,0.8086971609787461,10.067291670195388,0.00671722708579614,0.0015437542992316486,-0.0005237992014674493,2.220446049250313e-16,109083.93588611344,0
1.1,0.9,7,-2.8250054640259674,1.804180285918561,0.8076094219422233,10.061798025420444,0.004268472486117725,0.003224199525358863,0.0025457710353033606,2.220446049250313e-16,248600.28162821868,0
1.1,0.9,8,233.72332766105706,1.805407953502296,0.8091387298025885,10.200959886723254,0.006080608885982386,0.01120513746849604,-0.00014801382687737715,2.220446049250313e-16,1215515.3843643086,0
1.1,0.9,9,-8.543917815524093,1.8037922110157556,0.8069966537210227,9.928410613459555,0.003979440470775364,-0.0027211043386889413,-0.0028032325329826156,2.220446049250313e-16,158775.5207230653,0
1.1,0.9,10,-6.266656850415488,1.7984468006067342,0.8011732985268368,9.756563820400846,0.0056430622598827584,-0.010966761678752702,-0.00010905496953729285,2.220446049250313e-16,1456045.8739710345,0
1.1,0.9,11,-14.145049552473534,1.8015743809489169,0.8048437433139394,10.071161467488047,0.005787140048504419,0.004752172483918404,0.004396967911913868,2.220446049250313e-16,5405836.562559442,0
1.1,0.9,12,8.051150818720846,1.8046698841326594,0.8087402580569862,10.18562320841927,0.008428912443697978,0.00971740553529061,0.00975523491760084,2.220446049250313e-16,271392.74520909745,0
1.1,0.9,13,21.543221035437956,1.801487693395688,0.8048620607620968,9.73189115839645,0.006654064150317274,-0.014922303006228571,-0.0038141429344690963,2.220446049250313e-16,15560.630955083447,0
1.1,0.9,14,-88.33223332066564,1.799799958917393,0.8025847521175155,9.824649079880075,0.005565284017684302,-0.008853113892762358,-0.005573949936232823,2.220446049250313e-16,185597.86066089847,0
1.1,0.9,15,-31.550759946261582,1.800298968434798,0.8026934073285305,9.93162380029067,0.003779497543937693,-0.006692225434269028,0.002567356431413613,2.220446049250313e-16,63377.02893105605,0
1.1,0.9,16,9.724518549275443,1.8110613212711992,0.813516744685681,10.3492636362327,0.015784305360130646,0.017411058150215125,0.012350495968855504,2.220446049250313e-16,1168427.260782114,0
1.1,0.9,17,4.778581124263429,1.8062978318507512,0.8104346078205698,9.952729885667349,0.009477065118466688,-0.0018621060991004762,0.010213426043848754,2.220446049250313e-16,247355.9266108285,0
1.1,0.9,18,-2.4684815240185114,1.802042333400486,0.8028209918871789,10.104364394244334,0.0069068772642864595,0.007153450193742778,0.00862420089860103,2.220446049250313e-16,92510.73682676586,0
1.1,0.9,19,-49.50477005214737,1.7999315972834045,0.8013081814310662,10.10310451397774,0.004669389310388294,0.007162725875925148,-0.0006835587030048609,2.220446049250313e-16,41841.47984459166,0
1.1,0.9,20,-9.383439024690352,1.8042357024113203,0.8082662089806648,10.095491467826285,0.004301696667034505,0.005051769925108729,-0.002032789724664991,2.220446049250313e-16,6817464.15212237,0
1.1,0.9,21,2546.2495468894,1.7987885876015675,0.7982865735247541,9.982294257096193,0.006034482465258062,-0.004028918149054561,-0.008086765900885704,2.220446049250313e-16,185531.8063846678,0
1.1,0.9,22,-25.148137630085134,1.8012017263561264,0.8062219927800991,9.98243587640547,0.0027755149821513114,-0.0036322381455872145,0.002393052475994051,2.220446049250313e-16,47833.505373402775,0
1.1,0.9,23,3.7393654927010953,1.7973558449809652,0.7987064769532244,9.811746009093849,0.006106179390296118,-0.008320071811316365,0.0055399880530112335,2.220446049250313e-16,59249.803808253164,0
1.1,0.9,24,82.40129520221302,1.7937648401320572,0.7927082494164331,9.833188474280135,0.0074387950245834444,-0.00984535356708379,0.006348058538214311,2.220446049250313e-16,145606.6035553865,0
1.1,0.9,25,29.36065528298385,1.7968118506486292,0.7993919621649263,9.934804920679802,0.003856722826183101,-0.003495577648093216,0.005793751608492072,2.220446049250313e-16,122848.21695418937,0
1.1,0.9,26,7.860241076991368,1.8035909673647783,0.8055011991101366,10.016168740001374,0.00428384127840209,0.0004359791175437391,0.00748643512645739,2.220446049250313e-16,90787.49500993546,0
1.1,0.9,27,3.1532399862298415,1.7999735928947174,0.8012340040975061,9.738409244135998,0.00781800676301897,-0.0143193224326653,-0.00018040110382954623,2.220446049250313e-16,98873.18305870835,0
1.1,0.9,28,110.21024008198646,1.8047943453625233,0.8081024612664119,9.930497521198106,0.00272330566685286,-0.0027998875039356055,0.0005417534352449931,2.220446049250313e-16,226027.72365775504,0
1.1,0.9,29,78.62855113674217,1.80397977483593,0.8045233011644273,10.116071468426998,0.010265381683117858,0.006872858858341163,-0.012797176906311597,2.220446049250313e-16,4443590.2224030895,0
1.1,0.9,30,-34.10615068044418,1.8018183355462425,0.8027443465145996,9.925841919918955,0.006869000548274051,-0.004607983238864141,-0.00996023467851037,2.220446049250313e-16,152106.20969437124,0
1.1,0.9,31,3.3818061883016477,1.80204121502335,0.8036591665484388,10.057113661868783,0.008321195841922313,0.003613387873458243,0.005832492440725555,2.220446049250313e-16,340934.1044901007,0
2.0,0.0,0,1.5160644308384112,2.0336824058187126,2.0336824058187126,0.9555390079601354,0.0014790886364865474,-0.001475645604589174,-0.0006289967479335518,2.220446049250313e-16,101451.18633736462,0
2.0,0.0,1,-0.05236447556145766,2.0380598830020342,2.0380598830020342,0.9605753315822747,0.001932966212034426,0.0020810548264841725,-0.000723913907810252,2.220446049250313e-16,269582.3784194651,0
2.0,0.0,2,-0.8476115086839406,2.0363064402115056,2.0363064402115056,0.9605951112324166,0.00139079537094966,0.0006955432709363182,-0.0008289762295641658,2.220446049250313e-16,187877.1014225906,0
2.0,0.0,3,2.943476460382058,2.0403955845437336,2.0403955845437336,0.9616642618211282,0.001653350184695701,0.00197012163991463,-0.00018380261490019074,2.220446049250313e-16,247707.7169798039,0
2.0,0.0,4,0.01780466424630521,2.0378173974792255,2.0378173974792255,0.9605882054464207,0.002382943501988588,0.0006830488703128314,-0.0028776179357799733,2.220446049250313e-16,257696.88213562232,0
2.0,0.0,5,-0.40296035015851756,2.0414222099391233,2.0414222099391233,0.9593041612520603,0.0014499812874005924,0.0015887450244864724,0.0007760177283031348,2.220446049250313e-16,179241.01019308888,0
2.0,0.0,6,37.07120486645369,2.0404817189822455,2.0404817189822455,0.9589010811076863,0.0031467011196673056,0.0004669883711329202,0.002812600654621286,2.220446049250313e-16,55915.58790950857,0
2.0,0.0,7,0.07899595776773195,2.0437295098970547,2.0437295098970547,0.9608353223801451,0.0019825507728909175,0.002377158919062189,-0.00015081171221703707,2.220446049250313e-16,100981.43338888834,0
2.0,0.0,8,-1.5397645656184902,2.038931600657744,2.038931600657744,0.9587376958102265,0.002243129531175836,0.002207532039573404,0.0011072817922970172,2.220446049250313e-16,260870.63846880393,0
2.0,0.0,9,-0.4762483538452765,2.038377716501321,2.038377716501321,0.9604955338534706,0.0019318973808044593,0.002143946712406795,0.00022007724760949695,2.220446049250313e-16,142080.8259287317,0
2.0,0.0,10,-0.07553515758694083,2.037517812968142,2.037517812968142,0.9564657016879992,0.0016598534228753903,-0.00028258388808083434,-0.0015447238469563404,2.220446049250313e-16,1136986.0498011536,0
2.0,0.0,11,12.536158281435062,2.037957795533647,2.037957795533647,0.9579713234305955,0.0009845063468989501,-0.00017164830883007075,0.00028221958148276255,2.220446049250313e-16,183662.53055961517,0
2.0,0.0,12,0.06290186918838982,2.0348999778825716,2.0348999778825716,0.9572016927279514,0.0015961686656917884,-0.0009016061184940993,0.0009073922540720328,2.220446049250313e-16,436113.8275267674,0
2.0,0.0,13,-3.1558666198690553,2.0366061017399097,2.0366061017399097,0.9508595884587557,0.0043735579570913785,-0.0024294395126275158,0.004749424564487122,2.220446049250313e-16,59049.69275575043,0
2.0,0.0,14,7.446352627225224,2.036057600573061,2.036057600573061,0.9535686618502743,0.0014249001739435885,-0.001772743424970738,-0.00034871005517904624,2.220446049250313e-16,180527.07900575415,0
2.0,0.0,15,2.2595208636179165,2.029749777981129,2.029749777981129,0.9583145888830813,0.002029072760260986,-0.0011863440109839067,-0.0005177580023530647,2.220446049250313e-16,57508.64927783306,0
2.0,0.0,16,-0.10433564075143736,2.039994114478571,2.039994114478571,0.9578438574533324,0.0025733985368612267,0.0006785803550865752,-0.00254885937006383,2.220446049250313e-16,354334.5030485865,0
2.0,0.0,17,3.9750238105818307,2.045684651845299,2.045684651845299,0.962476910058236,0.002723344122055882,0.004047350377576839,0.0022779722483109548,2.220446049250313e-16,942583.575411236,0
2.0,0.0,18,-0.5386375082605026,2.0374155826409655,2.0374155826409655,0.9606296926666269,0.0018796251093100569,0.0009835953584137682,-0.0020843549103874387,2.220446049250313e-16,63109.18038708903,0
2.0,0.0,19,-1.0755987447092192,2.0330952407952383,2.0330952407952383,0.9558758053572782,0.004208366068728209,-0.0008249969968443322,-0.0035782718091724847,2.220446049250313e-16,88521.94703986759,0
2.0,0.0,20,0.1825172351421942,2.040452887255239,2.040452887255239,0.9570197005984253,0.001465817430913785,0.0009866173310651238,-9.666259383519127e-05,2.220446049250313e-16,447172.9628955373,0
2.0,0.0,21,-3.3514581272585504,2.034927013787007,2.034927013787007,0.9521048991110177,0.0027443430682219105,-0.00279489359132548,0.002451065805742397,2.220446049250313e-16,829018.3611548354,0
2.0,0.0,22,0.33048470458762824,2.034906518494949,2.034906518494949,0.9527258553129546,0.0016740036691648141,-0.002261247522802635,0.0017336499034050759,2.220446049250313e-16,253856.95496983893,0
2.0,0.0,23,-0.11712511675279719,2.0484401734819335,2.0484401734819335,0.9575542945647837,0.001721259332930672,0.002024534629424154,0.0013558393752398288,2.220446049250313e-16,64682.25532873177,0
2.0,0.0,24,2.19417370052796,2.0409938479920755,2.0409938479920755,0.9570875363581425,0.0016287883045001672,-0.00028822704350795804,-0.0008784645206443958,2.220446049250313e-16,317644.5281428786,0
2.0,0.0,25,-1.1859618407179613,2.041617703707411,2.041617703707411,0.9593645542717677,0.0014427658784164077,0.0011928071558606726,-0.0010059558919858639,2.220446049250313e-16,78318.4286642789,0
2.0,0.0,26,-8.706600461178274,2.0377747604477623,2.0377747604477623,0.9594281449730067,0.0014659903468173807,0.000681293847050051,0.0014302616881681153,2.220446049250313e-16,204465.61909659344,0
2.0,0.0,27,0.029161396729517668,2.03812939966085,2.03812939966085,0.9578992477345285,0.0015063958460789229,0.000792608878005415,-0.000777317596258298,2.220446049250313e-16,83809.69288710781,0
2.0,0.0,28,7.235003983349281,2.037072749441913,2.037072749441913,0.9574832533858832,0.0009936685934831546,-0.0005116423531832857,-4.6271245573214024e-05,2.220446049250313e-16,684839.1916373431,0
2.0,0.0,29,5.69270727144668,2.037870205572399,2.037870205572399,0.9560165989294418,0.002083498444882148,-0.00027494558338278177,0.001481412245321771,2.220446049250313e-16,108061.64408420581,0
2.0,0.0,30,1.0573532849987972,2.0314405314991903,2.0314405314991903,0.9581438185015723,0.0013685533292996377,-0.0012026452983461557,-3.5185960406975386e-05,2.220446049250313e-16,178689.4633912884,0
2.0,0.0,31,-0.852482378214229,2.037393428315407,2.037393428315407,0.9603623510226761,0.0027712557798634796,0.0017764453473571786,-0.0023243632538457125,2.220446049250313e-16,325253.71755962283,0
2.0,0.01,0,-3.055775317486111,2.039876038283984,2.0347782271120614,0.9735525144443213,0.0013006604989275194,0.0011828852911403447,0.00019755434676177455,2.220446049250313e-16,419742.85397522413,0
2.0,0.01,1,0.40666861864638665,2.0459204990547737,2.040831826648235,0.9724607278421615,0.0017661594527424995,0.0027794655077330926,-0.0008275238665889885,2.220446049250313e-16,42867.31541003296,0
2.0,0.01,2,-6.190893079354367,2.0372709571283,2.032162415886632,0.9684998078512111,0.0012909262423049794,-0.0008704430026008675,-0.0005311756852158001,2.220446049250313e-16,61771.693247097224,0
2.0,0.01,3,10.279194646673284,2.0415481113620855,2.036448572100805,0.9722719743022712,0.0047593859484645895,0.0009733499629300497,-0.005291400652202032,2.220446049250313e-16,209963.09572593632,0
2.0,0.01,4,0.2816422007629728,2.0352464201228275,2.0301347065700024,0.9695702684578036,0.002474290922244632,-0.0017769848884887016,-0.0018801704123127295,2.220446049250313e-16,1324864.721649986,0
2.0,0.01,5,5.7880112242146815,2.043901534433002,2.0388042169259184,0.969461644966725,0.0013740626061424788,0.0013451679340022347,-1.5662726199143507e-05,2.220446049250313e-16,112826.53291314839,0
2.0,0.01,6,1.622963498182784,2.0424648863412562,2.0373687107183875,0.9701062332976403,0.0025661035474013327,0.0012886415310621228,0.0017091683598569856,2.220446049250313e-16,66472.58394462083,0
2.0,0.01,7,0.684610025218862,2.038823182718756,2.0337135016358103,0.9683508360827872,0.0014861507118180128,-0.0010633663438179143,0.0011207515390659903,2.220446049250313e-16,97134.38817571607,0
2.0,0.01,8,3.269613059982527,2.0404835774256003,2.0353789268104294,0.9669592928309334,0.0010728066989351692,-0.0006086511032857794,-0.0009019310393082821,2.220446049250313e-16,67359.11855767184,0
2.0,0.01,9,2.640746075245477,2.036201855580027,2.031083120053326,0.9657470197817011,0.0026615886953980095,-0.0027862401410181674,0.0016289680968237057,2.220446049250313e-16,429426.2926921785,0
2.0,0.01,10,-9.555034681859937,2.0330068429599364,2.0278857280694456,0.9644272263801255,0.0027355129603113815,-0.003389967130141076,0.0019532167652344117,2.220446049250313e-16,83725.29403102475,0
2.0,0.01,11,8.924841428461061,2.046244242886624,2.0411417434440122,0.9669056301431951,0.0027234483853668667,-2.1835555248080177e-05,-0.0020370171134432126,2.220446049250313e-16,41290.341915155695,0
2.0,0.01,12,1.9991728478496555,2.034005932011354,2.028889624150568,0.9661083607534708,0.0029819885818918035,-0.0023189216508602184,-0.002645076771913398,2.220446049250313e-16,94860.03999629135,0
2.0,0.01,13,-1.1593162827346095,2.0367136868673223,2.031599095406197,0.9646581543914434,0.002027607623663219,-0.0020780974438584445,-0.002164473980452716,2.220446049250313e-16,154983.6133332014,0
2.0,0.01,14,9.490884509346337,2.0352864648940843,2.030169633229065,0.9642627633397729,0.002157795347556779,-0.0027228707416123224,0.0025768182375417066,2.220446049250313e-16,163255.390336739,0
2.0,0.01,15,-2.722903962896773,2.041401213566423,2.0362924724063824,0.9648473955069996,0.002098432057535682,-0.0010858116988598835,-0.0009603643903148102,2.220446049250313e-16,475827.1146637129,0
2.0,0.01,16,0.9405350010743734,2.0416475697035,2.0365440728406057,0.9672786854380861,0.0015049873053992746,0.00011163196807414086,0.00030578069971081215,2.220446049250313e-16,84500.72375832082,0
2.0,0.01,17,0.6595886469415465,2.0437684900305264,2.038671172519252,0.9716543966948983,0.0021829888975014866,0.001383194313000536,0.0005890450792182221,2.220446049250313e-16,233999.4469201356,0
2.0,0.01,18,9.778276619139692,2.0410434039134415,2.0359391461542065,0.9712583370192942,0.003526491839721091,0.00017666925212044953,-0.003800762698657398,2.220446049250313e-16,81454.88308902673,0
2.0,0.01,19,-2.242419349159158,2.0475614369058373,2.0424632866321883,0.9684642965925343,0.0013234160791032457,0.001388122050737607,0.0007981122941514739,2.220446049250313e-16,386126.4772487396,0
2.0,0.01,20,-0.30198260973261365,2.0436807476873273,2.03858168784706,0.9724247989703565,0.0026709627597177876,0.001117624370587259,0.001997283431040692,2.220446049250313e-16,128708.32290499273,0
2.0,0.01,21,0.4172266736557403,2.0394705261059025,2.034365844390496,0.9716493289660073,0.0020926121107606166,-0.00017593333300783994,0.0018357893769317076,2.220446049250313e-16,88790.53134590662,0
2.0,0.01,22,0.9509896556429036,2.042112972852788,2.037015177669014,0.9703325022195548,0.0013878341450380138,0.0010803520698551778,0.0011610859575610514,2.220446049250313e-16,1169893.557399924,0
2.0,0.01,23,-0.1408749311644864,2.038285040699209,2.033175507794688,0.9673416146351898,0.001960157415929309,-0.0010821512324181593,-0.0007820781014924008,2.220446049250313e-16,92068.0236689321,0
2.0,0.01,24,-83.3197696011024,2.0437859098122324,2.0386901736191545,0.9710950340412808,0.001920270246684952,0.0019263449154162864,-0.0007192147300889499,2.220446049250313e-16,133330.76510660845,0
2.0,0.01,25,-1.7886344633228821,2.045049157079808,2.0399557401382924,0.9732166096272434,0.002308453996319848,0.0016982412877424458,-0.001842272765586681,2.220446049250313e-16,57243.81876640253,0
2.0,0.01,26,-6.037318056911898,2.0390232510786284,2.0339111696535035,0.9654241883758868,0.0019244892445546835,-0.0015145594478844719,0.002217990610280449,2.220446049250313e-16,144720.33564961306,0
2.0,0.01,27,7.058452911102807,2.034360807636211,2.0292486083302057,0.9664921440999446,0.004073762588938379,-0.0018508218385744877,-0.0044489087734657495,2.220446049250313e-16,58980.05975484561,0
2.0,0.01,28,0.34232122244934665,2.0449701802501026,2.039881789977002,0.9760286134837164,0.004451689038976747,0.0029232045164968375,-0.0047308008353555255,2.220446049250313e-16,734757.078591266,0
2.0,0.01,29,-1.033653729846051,2.041025060326025,2.0359269708620595,0.9700677950438487,0.002763494591596971,0.001445482871796719,-0.002579145052434526,2.220446049250313e-16,132137.5669910648,0
2.0,0.01,30,0.7512078898844622,2.044369494305207,2.039273278288945,0.9712335856987698,0.0027798075868226135,0.001188291278925774,0.0027829474459593623,2.220446049250313e-16,1236857.9022224294,0
2.0,0.01,31,1.0176627607954472,2.04309837533284,2.0380004094430735,0.9732002185430326,0.002434223914187683,0.001396593141631454,-0.001776379264530087,2.220446049250313e-16,229688.37118644925,0
2.0,0.1,0,0.3201579015834354,2.0791508080730368,2.028434077503701,1.0817152106235723,0.0019047473477014076,-0.0012797846326695493,0.0026139974142863898,2.220446049250313e-16,363067.819690085,0
2.0,0.1,1,-2.7865179726568012,2.0771027673234705,2.026427108077397,1.0822853086153992,0.0012687894636965735,-0.0007266652019837773,9.277078243753018e-05,2.220446049250313e-16,142720.9368225549,0
2.0,0.1,2,0.05646679429747791,2.0817667094415504,2.031205147783621,1.0871687287998835,0.001449100760991362,0.0020295975591202815,-0.0003936302813033575,2.220446049250313e-16,27918.388464010364,0
2.0,0.1,3,0.8187123934978884,2.0771024119539327,2.0263795172158225,1.080432268007043,0.0019622349331017697,-0.0008175830832611352,-0.001607317252174159,2.220446049250313e-16,49816.37635600434,0
2.0,0.1,4,-7.839568006773396,2.0776769405341438,2.027033758599608,1.084549424138392,0.001292173757894921,0.0012414255747481523,-0.0006221453051816364,2.220446049250313e-16,4250392.458298141,0
2.0,0.1,5,0.39038760340602613,2.0789057626461482,2.028202038448487,1.0833831892760883,0.0020682183540015053,0.0011207237881625154,-0.0019085727195415946,2.220446049250313e-16,62244.85114027388,0
2.0,0.1,6,2.9644813466855195,2.0755948628488534,2.0248231192203776,1.0811183614756765,0.002240598022991591,-0.0016942449863616368,-0.0006768112249269575,2.220446049250313e-16,91596.30996448132,0
2.0,0.1,7,0.45296994902275417,2.078052693026925,2.027292898758623,1.079217951608479,0.0029939233265878773,-0.0005588209116820128,0.001826361059141963,2.220446049250313e-16,1175615.6569513956,0
2.0,0.1,8,-0.8375300632399879,2.0793212633945872,2.028655815247026,1.0812488629257397,0.001657796468657713,-0.00042029498085607994,-0.002094067704417784,2.220446049250313e-16,1039804.6004048715,0
2.0,0.1,9,-0.6670996845166969,2.0782942877733084,2.0276400915276027,1.0823808239615222,0.0017697541064125577,2.73288470977942e-06,-0.00023140309540398496,2.220446049250313e-16,471128.4321276605,0
2.0,0.1,10,-2.5168276021857228,2.0758695310575233,2.025156094830497,1.0827687528023988,0.0010899980455951752,-0.0004352668641376457,0.0001789320331658417,2.220446049250313e-16,156081.06384169703,0
2.0,0.1,11,-0.71733868623226,2.0726741356456615,2.0218988031340994,1.0769870471341667,0.002240038931467181,-0.0031223513354643457,-0.001407619882887292,2.220446049250313e-16,154414.47172530106,0
2.0,0.1,12,0.9820705421651557,2.0835950473755114,2.0329511703022507,1.0828139465934439,0.0024569364319239895,0.0012883118333840355,-0.0006323430133245764,2.220446049250313e-16,109826.69046244088,0
2.0,0.1,13,0.48719893729132835,2.08366275318415,2.033127447925933,1.0859407506563163,0.0022571596984919395,0.0031685420436096084,-0.00020331987745521603,2.220446049250313e-16,80310.65098411767,0
2.0,0.1,14,0.3291877004971986,2.0786061976653123,2.02789238284361,1.0808495022067657,0.003556194991319872,-0.0006163143317442838,0.0038910446265099543,2.220446049250313e-16,294730.4428167789,0
2.0,0.1,15,-1.8653946383389923,2.0756384131176366,2.0249245160238774,1.0813936386657739,0.001267020884351655,-0.0004084543299882976,-0.0009047241882051771,2.220446049250313e-16,3106731.91232235,0
2.0,0.1,16,0.6705377677657565,2.083369752869437,2.0327184152550486,1.0848428522017222,0.001561039100856615,0.0014122379834133848,-0.00202488038087802,2.220446049250313e-16,296467.79358593194,0
2.0,0.1,17,-10.612278337451983,2.0765290706220925,2.0257988800765956,1.0801215960084276,0.001144144568893224,-0.0004876895039596621,-0.0001631822994664157,2.220446049250313e-16,902005.3244569595,0
2.0,0.1,18,-12.728721345918416,2.0747067903681575,2.0240734457687104,1.08364780014765,0.0028449815232250986,-0.00018526647564916183,-0.0027853073954257753,2.220446049250313e-16,61952.9036380184,0
2.0,0.1,19,0.018003599860190962,2.071702239400038,2.020885217241303,1.0785293271789063,0.0026608441640461056,-0.0022984081731837543,0.0019950858986828215,2.220446049250313e-16,227283.49214287082,0
2.0,0.1,20,3.3948395738527117,2.072607768430192,2.021892726589907,1.0811299339665035,0.0021440981585596486,-0.0017462098895504874,-0.002229114130099094,2.220446049250313e-16,1572311.1286232895,0
2.0,0.1,21,1.9149314475808321,2.078923078461337,2.0283266549864427,1.0849353044239385,0.0026232683543029323,0.0013877717203362413,0.0018806425978310224,2.220446049250313e-16,64324.817175339,0
2.0,0.1,22,2.4021453580207583,2.077757877591004,2.027095269622825,1.0839632564230948,0.0015770285082057356,0.0008551194972210275,0.0010532475720601256,2.220446049250313e-16,1366467.2775613288,0
2.0,0.1,23,-0.8451207778175375,2.085034242964972,2.034446175294394,1.0883118873298239,0.0027661582452563893,0.003464020114891147,0.0001490589595814126,2.220446049250313e-16,296913.47851534677,0
2.0,0.1,24,2.114219707142328,2.0854621766011383,2.034893109825246,1.085979240925083,0.0020885169253971325,0.0031433076157796804,-0.0028528050075939224,2.220446049250313e-16,1086214.2710290197,0
2.0,0.1,25,2.1170151695034343,2.0825544013885957,2.0319592300634515,1.084725280864704,0.0016624511005057796,0.0025150967335392394,-0.0014586501797264797,2.220446049250313e-16,68549.99051058943,0
2.0,0.1,26,1.8290070006561039,2.0720464669629415,2.0212215605901136,1.077652380168435,0.0023229732713634377,-0.0027523411621756706,0.002790194113997056,2.220446049250313e-16,195904.35732835525,0
2.0,0.1,27,4.12349487878737,2.083390675637269,2.032901004170189,1.0890724594154413,0.004033337880423871,0.0038062686442702593,0.00241285199454393,2.220446049250313e-16,53137.44979194205,0
2.0,0.1,28,-0.07731860920961774,2.074693305062139,2.0238746555530147,1.076329424366739,0.002504165521229007,-0.0031624733725055055,0.0019996374718988423,2.220446049250313e-16,197234.71893529853,0
2.0,0.1,29,-0.343448040553152,2.0809755786774127,2.0304307308463154,1.0884612872036143,0.0027448501145362902,0.0031795063177882427,-0.00031813274938449564,2.220446049250313e-16,54881.23899487541,0
2.0,0.1,30,0.2831092698889437,2.076118831887348,2.0254052931551763,1.0805800813873783,0.0027246841128277244,-0.0007874053160477049,-0.0023602808358302208,2.220446049250313e-16,462946.09797133453,0
2.0,0.1,31,-0.4782602941856955,2.0784583530214054,2.0278812252965412,1.084297408681147,0.0023724947716788347,0.001181084823232348,0.0022710323180037354,2.220446049250313e-16,304603.79734730587,0
2.0,0.5,0,3.770720622358769,2.1951155481269864,1.94182431650385,1.998342511014003,0.0020842556285943226,6.686594288863572e-05,0.003080788787404406,2.220446049250313e-16,212037.7917785122,0
2.0,0.5,1,0.26983587192677283,2.1970693303139774,1.9435991096421907,1.9991643187786865,0.001608690167422197,0.0004446400769095543,0.0008556511119369829,2.220446049250313e-16,274082.31808195374,0
2.0,0.5,2,1.248959034428762,2.1882903018717905,1.9342556637272652,1.9840541441475494,0.004229344983388561,-0.004335211226655593,0.00355854437338978,2.220446049250313e-16,345770.58246585436,0
2.0,0.5,3,-2.088282362344022,2.1944244007326406,1.9409320854501435,1.9957399929669983,0.002263104245266767,-0.0007934725097575689,0.0020818846228468396,2.220446049250313e-16,15355006.379780356,0
2.0,0.5,4,-1.8553488202066613,2.1958263140755636,1.942447495607618,2.008261366740025,0.005094335781853088,0.002329260852318919,0.004537810699747067,2.220446049250313e-16,269238.13391678024,0
2.0,0.5,5,3.3273157950813936,2.193189403824943,1.9398938624603508,1.990801931040759,0.0036788832127685467,-0.0014782329407272512,-0.0007087861797148242,2.220446049250313e-16,25564.68316747516,0
2.0,0.5,6,5.994382774879943,2.1948511606518086,1.9415705036216435,1.9950310941399243,0.0042205583178576145,0.0002906159011926082,-0.003588668174479957,2.220446049250313e-16,77971.51653295591,0
2.0,0.5,7,-16.805427913191274,2.1932500470614,1.9393815247179953,2.000191910816455,0.001972020911421679,0.00033012578491122045,0.0020571064023291626,2.220446049250313e-16,386052.601483295,0
2.0,0.5,8,-2.9219137037553695,2.187767993882642,1.9341383843821014,1.985116553709709,0.0030490570777590986,-0.004354366959267171,-0.0022704268923125132,2.220446049250313e-16,189473.88903620222,0
2.0,0.5,9,1.1196893065800322,2.196534334658056,1.9434760886630225,2.0067690218584255,0.001731275111373498,0.0011319371897587401,2.1687448810893815e-05,2.220446049250313e-16,102381.55325734682,0
2.0,0.5,10,-0.4957812160588835,2.2038975083730685,1.9509163918126586,2.026211030964679,0.0030857575393326564,0.006450552720894584,0.001308764190672755,2.220446049250313e-16,179490.8646042561,0
2.0,0.5,11,0.5759299442135141,2.187311616562825,1.9334200218124429,1.9896056974313516,0.003661438191268962,-0.0036469532097347978,0.003364237834320942,2.220446049250313e-16,202017.07158690298,0
2.0,0.5,12,34.175153661649205,2.1955406594882008,1.941958003965375,1.992374970284295,0.0018500788619213449,4.458924357135175e-05,0.0013707930941867406,2.220446049250313e-16,115413.36838581396,0
2.0,0.5,13,-5.252218112914136,2.191238604307859,1.9375299432793431,1.9927434122719117,0.0022012765951048285,7.293376660382983e-05,-0.00035529850453355554,2.220446049250313e-16,237913.4665030356,0
2.0,0.5,14,-28.731138463053075,2.1903636463750327,1.9366392432940571,1.9874951280355764,0.0029717505225412277,-0.0021122759942975807,0.0027608039270097724,2.220446049250313e-16,578205.0738074619,0
2.0,0.5,15,-9.481047441024767,2.1995693931866436,1.9467303459083645,2.0099425287437462,0.0017649759105323182,0.0029136235705921605,0.00018234784419189325,2.220446049250313e-16,34648.95910935016,0
2.0,0.5,16,5.84392342374844,2.1894829780947593,1.935388042398066,1.9862863325457454,0.0031419970817131437,-0.0015669608429430553,-0.0004236610250336712,2.220446049250313e-16,320591.2477782812,0
2.0,0.5,17,-0.053312774393044195,2.192265081539708,1.9389544709687008,1.9950521768565186,0.0038119646921404016,-0.0007142420560891362,0.0049149080421590045,2.220446049250313e-16,212024.06254702795,0
2.0,0.5,18,0.628157367001172,2.1894380052259264,1.9353264307009441,1.9828551583921643,0.002478428698692914,-0.003303145084750316,-0.00012597296343617832,2.220446049250313e-16,48428.305211561674,0
2.0,0.5,19,-1.149959099306981,2.191208442153933,1.9373547948738705,1.9888132012599733,0.0014465597508231953,-0.0015696405189457403,0.0010127531507006752,2.220446049250313e-16,109170.89767752119,0
2.0,0.5,20,-2.3683674489915183,2.1983564263048385,1.9453972088309908,2.0097723247006147,0.0022207546888638185,0.0038916231620271533,-0.0012016404380933007,2.220446049250313e-16,55201.804775354736,0
2.0,0.5,21,-0.990361362218346,2.1980797520909556,1.945017048655459,2.023327091679299,0.005371011046577556,0.006141545015433664,-0.003787235509940595,2.220446049250313e-16,99381.1907082333,0
2.0,0.5,22,-2.444592719606149,2.1883087741737755,1.9344766479064117,1.9888827282880897,0.0021902961904017304,-0.0014112154780913683,0.003984752616671245,2.220446049250313e-16,59851.86480513754,0
2.0,0.5,23,-3.4685028946941254,2.198937693690744,1.945508634540032,2.012055567084629,0.002061541502640707,0.004318547959814415,-0.0007975506124828872,2.220446049250313e-16,112701.30354059089,0
2.0,0.5,24,-2.0064477062648836,2.190436537465396,1.936806956975997,1.9833871354448456,0.0038521687487814704,-0.0035436563819532117,0.002236000840267297,2.220446049250313e-16,51416.714174426794,0
2.0,0.5,25,0.8736409796179606,2.193147360022445,1.9397440460747597,1.9950306721729891,0.0020866969428564586,-0.001354252404500293,-0.0025035441334585666,2.220446049250313e-16,116261.57620469511,0
2.0,0.5,26,-6.977541091311985,2.1884766930262125,1.934913862184314,1.9955264703302957,0.0015771870302150326,-0.001860339250310951,0.000371199277888505,2.220446049250313e-16,108403.37316792831,0
2.0,0.5,27,-0.8216788515259655,2.1919410302871527,1.9380719914927926,1.9865434237632873,0.0015264355711801514,-0.0022763227162548015,-0.0008797128890628901,2.220446049250313e-16,6410731.868258851,0
2.0,0.5,28,-0.7214554898875508,2.193736700289675,1.9403426278008284,2.003385252987339,0.0023422143443273813,0.0013364262775117169,6.734091875104355e-05,2.220446049250313e-16,119526.53609555375,0
2.0,0.5,29,-10.715381247693593,2.1934195538129986,1.940004082018597,2.00293487089704,0.005029507564291769,0.00011857655627214733,-0.005314994617681494,2.220446049250313e-16,29547.260870679474,0
2.0,0.5,30,0.30208310815502937,2.19545160319302,1.9421685535151652,2.011680747032153,0.0015583022279609393,0.0032426082008570295,0.0007367606702336989,2.220446049250313e-16,250868.7866600004,0
2.0,0.5,31,2.7432083383588735,2.1961276400068086,1.943038443801096,2.002042727527467,0.002643832757739828,0.00025901416190330913,0.0022978258114588466,2.220446049250313e-16,322653.38333252195,0
2.0,0.9,0,9.119596718440656,2.2720029574007077,1.8004239512901241,9.993794265513646,0.0034031622150771934,-0.0009333302287328302,0.0018897723598871622,2.220446049250313e-16,102986.25164490909,0
2.0,0.9,1,46.4111974751945,2.273456902361811,1.8028959191784917,9.982753753021512,0.0023967979900165887,0.00017044737128177475,-0.00256125964238281,2.220446049250313e-16,447974.47277741774,0
2.0,0.9,2,4.604211909060669,2.2734112286413914,1.80231506747946,9.983892627236033,0.002362073838866996,0.0002316015900579899,-0.000495717088254217,2.220446049250313e-16,1605402.2683222895,0
2.0,0.9,3,-2.101174183541309,2.275765489510295,1.805192751780891,10.12676244534607,0.010237886196360069,0.005832107572903555,-0.01427563795541302,2.220446049250313e-16,159246.42678748534,0
2.0,0.9,4,-44.83248451497265,2.27602531759872,1.8052741151768013,10.164126563640579,0.005874219348799614,0.005944861255099159,-0.004797438296552165,2.220446049250313e-16,639550.1846176628,0
2.0,0.9,5,8.283968305844658,2.276987670971385,1.806231252512201,10.08642336391543,0.0092613952019317,0.0028217190074285533,-0.012604927977964878,2.220446049250313e-16,99643.56087805933,0
2.0,0.9,6,9.065462963447148,2.2796814895045032,1.8090498665002572,10.220496936934946,0.006618561469976081,0.012002031989807383,-0.005267601410920545,2.220446049250313e-16,38559.32381551078,0
2.0,0.9,7,10.862338294296983,2.2755385007576296,1.8056450550635712,9.771309646112284,0.006130688250474081,-0.013141631511700138,-0.00032372186128810286,2.220446049250313e-16,294049.54287122167,0
2.0,0.9,8,13.27544711493682,2.2697899082215143,1.798681601740758,9.704700148486472,0.007291927059266179,-0.015501129424683232,-0.0006726005517899688,2.220446049250313e-16,27283.2554257346,0
2.0,0.9,9,-18.78833375811321,2.275154433086685,1.8049600070501206,9.884448430263555,0.00701890950738171,-0.004304308193521245,0.008481354227885408,2.220446049250313e-16,446436.1804057227,0
2.0,0.9,10,-317.58455882023037,2.2680876162005292,1.795811033898294,9.853296164386734,0.007939425079819262,-0.007263173589608869,0.0039346349237671325,2.220446049250313e-16,73760.43379335826,0
2.0,0.9,11,-25.361513648523264,2.272905122609936,1.8015919204153004,10.108530890284069,0.004938664116657818,0.007100027247117012,-0.001707909324817372,2.220446049250313e-16,1304443.6678350917,0
2.0,0.9,12,3.9130256658177416,2.279618666586491,1.8093199351843114,10.034573607347175,0.007809797149523234,0.0031031306340091563,0.00830648497133382,2.220446049250313e-16,131893.83805195248,0
2.0,0.9,13,-5.47122244281599,2.2671678705578238,1.7952666552339236,9.989573113456277,0.010282966093418,-0.0014518969761214988,0.012655897728744878,2.220446049250313e-16,264252.33358859166,0
2.0,0.9,14,9.358216534866356,2.2753331720954804,1.8042217547494417,10.118251873693605,0.005938108982198181,0.00841474248792697,-0.0005332693972409474,2.220446049250313e-16,75385.46422868918,0
2.0,0.9,15,-10.39445475834624,2.2756452155799076,1.805288624528941,9.781596351238065,0.0055758348197334495,-0.009830824873387043,0.0026230039839622316,2.220446049250313e-16,864064.1247405611,0
2.0,0.9,16,-4.117839902385388,2.27584933331102,1.8054576777635614,9.891822024214378,0.0038798404944948572,-0.0032970158791198515,0.004908225103890271,2.220446049250313e-16,60524.8670663519,0
2.0,0.9,17,36.08013934923349,2.279628695382136,1.80917317579734,9.920056418716182,0.004003297575472908,-0.002238083287034693,0.001511536102821212,2.220446049250313e-16,53328.22721447526,0
2.0,0.9,18,-11.49956754046687,2.274758457714135,1.804082743053781,9.801512949684414,0.004415193201024459,-0.005916626479330021,-0.0015825655949519948,2.220446049250313e-16,202061.1735959045,0
2.0,0.9,19,1.824213828350983,2.2736863259695586,1.80270310869537,10.066547311212517,0.0032542581732446507,0.0018267637555769308,-0.002860263548875886,2.220446049250313e-16,26924.671229338237,0
2.0,0.9,20,2.5414603358142434,2.271157339490698,1.8002517299515828,9.87577361504632,0.0075197629067425,-0.006877607963667013,0.004009558258962254,2.220446049250313e-16,77178.3702648147,0
2.0,0.9,21,135.02390634450984,2.2722179182017435,1.800956795459145,9.9896172035555,0.004144869822726022,-0.001038126751988964,0.0009525721580248709,2.220446049250313e-16,32427.403699970513,0
2.0,0.9,22,-2.27734752329797,2.275390829170267,1.8046477859284884,9.968644360186904,0.002803376133939446,-0.004003552188821411,-0.00032945605512390376,2.220446049250313e-16,1584047.6982827822,0
2.0,0.9,23,-10.456999515698095,2.277103417606065,1.8067918385107156,9.993087664564552,0.003457708112794916,-0.0003529896233249208,0.0008319888247329885,2.220446049250313e-16,90812.80304698438,0
2.0,0.9,24,-0.43768883328420566,2.2684174146775513,1.7968874995782997,9.75858526107557,0.007730674677596222,-0.015325026926598121,0.005071925458331399,2.220446049250313e-16,124819.47896171849,0
2.0,0.9,25,-3.6712551146631816,2.2761066310126497,1.8053911800671438,10.091117783462991,0.005001474066899325,0.004807691509275219,-0.004292202944034906,2.220446049250313e-16,79893.38624173905,0
2.0,0.9,26,-9.670680217023621,2.267501607198237,1.7955011377501076,9.891233707701208,0.0050080832154947574,-0.007936633565092204,-0.0050196613790688,2.220446049250313e-16,76254.81450051682,0
2.0,0.9,27,-11.35039342309538,2.2717973170513983,1.8002241278134932,9.906130839895798,0.008472353800047072,-0.0053524493069249095,-0.008303995880905801,2.220446049250313e-16,104517.25909044011,0
2.0,0.9,28,117.38527391434307,2.275322756765854,1.8043514881413352,10.162581173518362,0.00905791252075705,0.005673336730949975,-0.011961235873698628,2.220446049250313e-16,423592.3042737375,0
2.0,0.9,29,-3.0157944023431402,2.268451418198707,1.7965224576175387,9.854140257627606,0.005458368252477364,-0.00964438277333713,0.0033976409405483228,2.220446049250313e-16,175383.3361325939,0
2.0,0.9,30,-19.92655831986658,2.2772568730699043,1.8070075935213135,9.83843200236637,0.0038789498048158177,-0.005295651876749528,0.0006385609498294603,2.220446049250313e-16,5195580.563419035,0
2.0,0.9,31,-4.424632645994843,2.2761109374643294,1.8058753120089985,10.062585392211645,0.004670161744607437,0.004903456120669063,0.0026358899555462257,2.220446049250313e-16,55338.1129513703,0
