distribution,node_count,matrix_seed,initialization,coupling_strength,sample_absolute_mean,sample_signed_mean,row_mean_std,mean_tm_order,q05_tm_order,mean_phase_mad,median_sync_residual,median_adaptive_scale,max_tm_modulus_error,local_initial_growth_rate,near_zero_rate,nonfinite_event_rate,finite_completed,first_nonfinite_step,synchronized
uniform_positive,64,20260830,global,0.0,1.0,1.0,0.0,0.09421362282986165,0.020731691601962112,1.3877123438698136,0.3604765668334107,0.5721380696387053,4.440892098500626e-16,nan,0.0,0.0,True,-1,False
uniform_positive,64,20260830,global,0.1,1.0,1.0,0.0,0.2078735089694893,0.02550674171326342,1.1860414390441874,0.3450266313677135,0.5811404996243376,4.440892098500626e-16,nan,0.0,0.0,True,-1,False
uniform_positive,64,20260830,global,0.2,1.0,1.0,0.0,0.43747260306903835,0.04419452536657659,0.81556931943262,0.2669162263684832,0.6124822758134931,4.440892098500626e-16,nan,0.0,0.0,True,-1,False
uniform_positive,64,20260830,global,0.3,1.0,1.0,0.0,0.6333559923402186,0.060969938806730246,0.5184239828409157,0.10452390972232692,0.6363856650603196,4.440892098500626e-16,nan,0.0,0.0,True,-1,False
uniform_positive,64,20260830,global,0.4,1.0,1.0,0.0,0.7441547949639848,0.0808465425943285,0.36516350386357743,0.005934575219373169,0.7423292883565765,4.440892098500626e-16,nan,0.0,0.0,True,-1,False
uniform_positive,64,20260830,global,0.45,1.0,1.0,0.0,0.7677541020310202,0.09233255122965399,0.3264293633364441,0.017702208961677665,0.7270090598405821,4.440892098500626e-16,nan,0.0,0.0,True,-1,False
uniform_positive,64,20260830,global,0.5,1.0,1.0,0.0,1.0,0.9999999999999999,1.9984014443252817e-17,0.0,0.9505986355547547,1.1102230246251565e-16,nan,0.0,0.0,True,-1,True
uniform_positive,64,20260830,global,0.55,1.0,1.0,0.0,1.0,0.9999999999999999,0.0,0.0,0.9782773274569827,1.1102230246251565e-16,nan,0.0,0.0,True,-1,True
uniform_positive,64,20260830,global,0.6,1.0,1.0,0.0,1.0,0.9999999999999999,0.0,0.0,1.4001020367419814,1.1102230246251565e-16,nan,0.0,0.0,True,-1,True
uniform_positive,64,20260830,global,0.65,1.0,1.0,0.0,1.0,0.9999999999999999,0.0,0.0,1.3894544871438101,1.1102230246251565e-16,nan,0.0,0.0,True,-1,True
uniform_positive,64,20260830,global,0.7,1.0,1.0,0.0,1.0,0.9999999999999999,0.0,0.0,1.2240054513457528,1.1102230246251565e-16,nan,0.0,0.0,True,-1,True
uniform_positive,64,20260830,local,0.0,1.0,1.0,0.0,0.08452419187262468,0.023248184610355566,1.4035382864858719,0.36361600136072747,0.5769143436404635,4.440892098500626e-16,0.6643717068683687,0.0,0.0,True,-1,False
uniform_positive,64,20260830,local,0.1,1.0,1.0,0.0,0.23208672159419527,0.026283889166694586,1.153473010661583,0.345486288803046,0.6039111226254694,4.440892098500626e-16,0.5122316804671017,0.0,0.0,True,-1,False
uniform_positive,64,20260830,local,0.2,1.0,1.0,0.0,0.3216722035685762,0.03544528350104606,1.008311024636453,0.3290966340618574,0.5956564836368716,4.440892098500626e-16,0.4342109742002644,0.0,0.0,True,-1,False
uniform_positive,64,20260830,local,0.3,1.0,1.0,0.0,0.5372868038205979,0.050453668121237756,0.6681463482554273,0.21584401464734881,0.6397220229999605,4.440892098500626e-16,0.45261058201821186,0.0,0.0,True,-1,False
uniform_positive,64,20260830,local,0.4,1.0,1.0,0.0,0.8926799175749185,0.4066066408464288,0.12887303912355838,0.002457511419376067,0.960554099294707,4.440892098500626e-16,-0.019168661458808644,0.0,0.0,True,-1,False
uniform_positive,64,20260830,local,0.45,1.0,1.0,0.0,0.7260209428815675,0.10748464709202625,0.37340715630709725,0.04280650013844532,0.68434555585336,4.440892098500626e-16,0.1609141068874061,0.0,0.0,True,-1,False
uniform_positive,64,20260830,local,0.5,1.0,1.0,0.0,0.9274728458755253,0.3978966551116069,0.11082646838338675,8.136288206740626e-05,0.8355208181340521,4.440892098500626e-16,0.018674994219846162,0.0,0.0,True,-1,False
uniform_positive,64,20260830,local,0.55,1.0,1.0,0.0,1.0,0.9999999999999999,0.0,0.0,1.430143763866903,1.1102230246251565e-16,0.32353035709012934,0.0,0.0,True,-1,True
uniform_positive,64,20260830,local,0.6,1.0,1.0,0.0,1.0,0.9999999999999999,0.0,0.0,1.4828517733665,1.1102230246251565e-16,-0.3226331877887702,0.0,0.0,True,-1,True
uniform_positive,64,20260830,local,0.65,1.0,1.0,0.0,1.0,0.9999999999999999,0.0,0.0,1.147685498246263,1.1102230246251565e-16,-0.08820153070354,0.0,0.0,True,-1,True
uniform_positive,64,20260830,local,0.7,1.0,1.0,0.0,1.0,0.9999999999999999,0.0,0.0,1.6974352421714993,1.1102230246251565e-16,-0.16103957243230033,0.0,0.0,True,-1,True
uniform_positive,64,20260831,global,0.0,1.0,1.0,0.0,0.08557805881353074,0.023792019395391262,1.397382355259244,0.3644148836952188,0.5687039609995839,4.440892098500626e-16,nan,0.0,0.0,True,-1,False
uniform_positive,64,20260831,global,0.1,1.0,1.0,0.0,0.21597367298231054,0.029562150253629172,1.1725726736173951,0.3459551504969004,0.5925018194026261,4.440892098500626e-16,nan,0.0,0.0,True,-1,False
uniform_positive,64,20260831,global,0.2,1.0,1.0,0.0,0.36067204097717775,0.02798544450000361,0.9387710329743095,0.3117188346806674,0.5919963391065465,4.440892098500626e-16,nan,0.0,0.0,True,-1,False
uniform_positive,64,20260831,global,0.3,1.0,1.0,0.0,0.41697422396414574,0.04001866640002091,0.8505447998964083,0.2966874658483048,0.6225003081205958,4.440892098500626e-16,nan,0.0,0.0,True,-1,False
uniform_positive,64,20260831,global,0.4,1.0,1.0,0.0,0.8635041643074876,0.17772974120066565,0.1808108787901764,0.001584621250074796,0.9296574401817475,4.440892098500626e-16,nan,0.0,0.0,True,-1,False
uniform_positive,64,20260831,global,0.45,1.0,1.0,0.0,0.8856769062440744,0.19418798495985093,0.14968394029133392,0.0010917706884129136,0.9457162639002261,4.440892098500626e-16,nan,0.0,0.0,True,-1,False
uniform_positive,64,20260831,global,0.5,1.0,1.0,0.0,0.939870994924216,0.4569289094904017,0.08421358830515134,2.1585549445131985e-05,0.8344906315155987,4.440892098500626e-16,nan,0.0,0.0,True,-1,False
uniform_positive,64,20260831,global,0.55,1.0,1.0,0.0,1.0,0.9999999999999999,0.0,0.0,0.9703150794687591,1.1102230246251565e-16,nan,0.0,0.0,True,-1,True
uniform_positive,64,20260831,global,0.6,1.0,1.0,0.0,1.0,0.9999999999999999,0.0,0.0,0.9911992838228461,1.1102230246251565e-16,nan,0.0,0.0,True,-1,True
uniform_positive,64,20260831,global,0.65,1.0,1.0,0.0,1.0,0.9999999999999999,0.0,0.0,1.5122638643393924,1.1102230246251565e-16,nan,0.0,0.0,True,-1,True
uniform_positive,64,20260831,global,0.7,1.0,1.0,0.0,1.0,0.9999999999999999,0.0,0.0,3.0160703524074806,1.1102230246251565e-16,nan,0.0,0.0,True,-1,True
uniform_positive,64,20260831,local,0.0,1.0,1.0,0.0,0.07985728520246747,0.015533848119715601,1.4131956798288638,0.3633191517570403,0.5784795564515474,4.440892098500626e-16,0.5767510149557955,0.0,0.0,True,-1,False
uniform_positive,64,20260831,local,0.1,1.0,1.0,0.0,0.24043542770835624,0.031212521072000923,1.1384207097401335,0.34549678705841413,0.6095904396000531,4.440892098500626e-16,0.5619861906476359,0.0,0.0,True,-1,False
uniform_positive,64,20260831,local,0.2,1.0,1.0,0.0,0.3637572811571322,0.032117224034970644,0.943280432099815,0.3074467656613403,0.6128114367055679,4.440892098500626e-16,0.4516260240629837,0.0,0.0,True,-1,False
uniform_positive,64,20260831,local,0.3,1.0,1.0,0.0,0.5815756056072792,0.05118936608199872,0.593662466256237,0.134892227053271,0.6632912066905885,4.440892098500626e-16,0.4097853581702484,0.0,0.0,True,-1,False
uniform_positive,64,20260831,local,0.4,1.0,1.0,0.0,0.7876007840438267,0.1069888357899612,0.29351847305036005,0.008051220558430149,0.8253351970684477,4.440892098500626e-16,0.36007330334302806,0.0,0.0,True,-1,False
uniform_positive,64,20260831,local,0.45,1.0,1.0,0.0,0.8775501796988969,0.2722282699240647,0.1723312463363195,0.005441641408093027,0.9009286646042987,4.440892098500626e-16,-0.24010870841112644,0.0,0.0,True,-1,False
uniform_positive,64,20260831,local,0.5,1.0,1.0,0.0,1.0,0.9999999999999999,8.172055624792544e-14,0.0,1.0752545877176596,2.220446049250313e-16,-0.0778391234745403,0.0,0.0,True,-1,True
uniform_positive,64,20260831,local,0.55,1.0,1.0,0.0,1.0,0.9999999999999999,0.0,0.0,1.0517114059788548,1.1102230246251565e-16,-0.04739256552758783,0.0,0.0,True,-1,True
uniform_positive,64,20260831,local,0.6,1.0,1.0,0.0,1.0,0.9999999999999999,0.0,0.0,1.1548319394977526,1.1102230246251565e-16,-0.4234808542653434,0.0,0.0,True,-1,True
uniform_positive,64,20260831,local,0.65,1.0,1.0,0.0,1.0,0.9999999999999999,0.0,0.0,1.7625011527898797,1.1102230246251565e-16,-0.8809031863804238,0.0,0.0,True,-1,True
uniform_positive,64,20260831,local,0.7,1.0,1.0,0.0,1.0,0.9999999999999999,0.0,0.0,2.3133185062945394,1.1102230246251565e-16,-0.8295519584823002,0.0,0.0,True,-1,True
uniform_positive,64,20260832,global,0.0,1.0,1.0,0.0,0.08642450671208346,0.02284680942834318,1.4012685199436623,0.36339722648951184,0.5799685994828122,4.440892098500626e-16,nan,0.0,0.0,True,-1,False
uniform_positive,64,20260832,global,0.1,1.0,1.0,0.0,0.22099898003285298,0.028023055408653463,1.166256761187657,0.34341964420998783,0.595904099802892,4.440892098500626e-16,nan,0.0,0.0,True,-1,False
uniform_positive,64,20260832,global,0.2,1.0,1.0,0.0,0.4132924331404294,0.036978833531989566,0.8625621662627089,0.30434984913266727,0.6003189250271883,4.440892098500626e-16,nan,0.0,0.0,True,-1,False
uniform_positive,64,20260832,global,0.3,1.0,1.0,0.0,0.5116435124421619,0.043397117320247154,0.7064306455478493,0.2332820643291722,0.6362744405159036,4.440892098500626e-16,nan,0.0,0.0,True,-1,False
uniform_positive,64,20260832,global,0.4,1.0,1.0,0.0,0.7043121206095794,0.0811815077257455,0.4218160140790797,0.04343052114606007,0.7093410433086633,4.440892098500626e-16,nan,0.0,0.0,True,-1,False
uniform_positive,64,20260832,global,0.45,1.0,1.0,0.0,0.943798542489576,0.5998243613697705,0.0719388064670694,5.4767411869778117e-08,1.2032088165875492,4.440892098500626e-16,nan,0.0,0.0,True,-1,True
uniform_positive,64,20260832,global,0.5,1.0,1.0,0.0,0.9914328518035137,0.9552724617840158,7.190862409558167e-05,1.8814274260401894e-11,0.8247462643424521,3.3306690738754696e-16,nan,0.0,0.0,True,-1,True
uniform_positive,64,20260832,global,0.55,1.0,1.0,0.0,1.0,0.9999999999999999,0.0,0.0,1.139522230042341,1.1102230246251565e-16,nan,0.0,0.0,True,-1,True
uniform_positive,64,20260832,global,0.6,1.0,1.0,0.0,1.0,0.9999999999999999,0.0,0.0,1.724150274816651,1.1102230246251565e-16,nan,0.0,0.0,True,-1,True
uniform_positive,64,20260832,global,0.65,1.0,1.0,0.0,1.0,0.9999999999999999,0.0,0.0,1.3361535053687692,1.1102230246251565e-16,nan,0.0,0.0,True,-1,True
uniform_positive,64,20260832,global,0.7,1.0,1.0,0.0,1.0,0.9999999999999999,0.0,0.0,1.464377446350677,1.1102230246251565e-16,nan,0.0,0.0,True,-1,True
uniform_positive,64,20260832,local,0.0,1.0,1.0,0.0,0.07725878229947906,0.01809593934240693,1.4180422150685434,0.36899692351980784,0.5681389141324384,4.440892098500626e-16,0.5602839386527156,0.0,0.0,True,-1,False
uniform_positive,64,20260832,local,0.1,1.0,1.0,0.0,0.272182158340638,0.025551070170717508,1.08090406778458,0.33929066871390534,0.578690681563376,4.440892098500626e-16,0.5436110073589276,0.0,0.0,True,-1,False
uniform_positive,64,20260832,local,0.2,1.0,1.0,0.0,0.4016594335147325,0.03610208239780305,0.8759183776092766,0.29780062231083343,0.5977994005855853,4.440892098500626e-16,0.4209584833051521,0.0,0.0,True,-1,False
uniform_positive,64,20260832,local,0.3,1.0,1.0,0.0,0.576597923046892,0.062321790410495834,0.586016750053946,0.14354038355476312,0.6720520270637556,4.440892098500626e-16,0.393138936760994,0.0,0.0,True,-1,False
uniform_positive,64,20260832,local,0.4,1.0,1.0,0.0,0.6761992277062023,0.08357990533255065,0.45497431014172546,0.06889124049123448,0.688398936722251,4.440892098500626e-16,0.03401421576888131,0.0,0.0,True,-1,False
uniform_positive,64,20260832,local,0.45,1.0,1.0,0.0,0.8334965809680501,0.0912519861882358,0.2351700292793232,0.001885768691201415,0.8048830015164783,4.440892098500626e-16,0.16605097062471064,0.0,0.0,True,-1,False
uniform_positive,64,20260832,local,0.5,1.0,1.0,0.0,0.955930711492628,0.49660781005841553,0.06270685209944647,8.552259787013843e-11,1.1918623940094275,4.440892098500626e-16,0.05214878914035251,0.0,0.0,True,-1,False
uniform_positive,64,20260832,local,0.55,1.0,1.0,0.0,1.0,0.9999999999999999,0.0,0.0,1.1268630901905452,1.1102230246251565e-16,0.037415987401923693,0.0,0.0,True,-1,True
uniform_positive,64,20260832,local,0.6,1.0,1.0,0.0,1.0,0.9999999999999999,0.0,0.0,1.4702893860187591,1.1102230246251565e-16,0.1056679254794288,0.0,0.0,True,-1,True
uniform_positive,64,20260832,local,0.65,1.0,1.0,0.0,1.0,0.9999999999999999,0.0,0.0,1.4412041537375533,1.1102230246251565e-16,-0.7421155138112197,0.0,0.0,True,-1,True
uniform_positive,64,20260832,local,0.7,1.0,1.0,0.0,1.0,0.9999999999999999,0.0,0.0,1.7732563110476014,1.1102230246251565e-16,-0.6958637300615865,0.0,0.0,True,-1,True
positive_binary,64,20260830,global,0.0,0.9910714285714286,0.9910714285714286,0.10155455046218621,0.09421362282986165,0.020731691601962112,1.3877123438698136,0.3604765668334107,0.5721380696387053,4.440892098500626e-16,nan,0.0,0.0,True,-1,False
positive_binary,64,20260830,global,0.1,0.9910714285714286,0.9910714285714286,0.10155455046218621,0.1998327040691472,0.026828619277450328,1.1839450564371816,0.35084085139202803,0.5941229396020221,4.440892098500626e-16,nan,0.0,0.0,True,-1,False
positive_binary,64,20260830,global,0.2,0.9910714285714286,0.9910714285714286,0.10155455046218621,0.21101904155731455,0.028446793685360572,1.1594661979750351,0.3452292478242537,0.6180719010520028,4.440892098500626e-16,nan,0.0,0.0,True,-1,False
positive_binary,64,20260830,global,0.3,0.9910714285714286,0.9910714285714286,0.10155455046218621,0.3072406740923409,0.039512221367913145,1.0179152517953474,0.3284805595528034,0.62761364696963,4.440892098500626e-16,nan,0.0,0.0,True,-1,False
positive_binary,64,20260830,global,0.4,0.9910714285714286,0.9910714285714286,0.10155455046218621,0.43227725237997966,0.0413511704969721,0.8481196230501884,0.3052986297033011,0.7299473265878799,4.440892098500626e-16,nan,0.0,0.0,True,-1,False
positive_binary,64,20260830,global,0.45,0.9910714285714286,0.9910714285714286,0.10155455046218621,0.464607882668478,0.048961375301406755,0.7866096669764903,0.29175161426003493,0.7973633667695186,4.440892098500626e-16,nan,0.0,0.0,True,-1,False
positive_binary,64,20260830,global,0.5,0.9910714285714286,0.9910714285714286,0.10155455046218621,0.5223706638089312,0.05578000973883504,0.7017881826560096,0.26920063790184123,0.9109271139313033,4.440892098500626e-16,nan,0.0,0.0,True,-1,False
positive_binary,64,20260830,global,0.55,0.9910714285714286,0.9910714285714286,0.10155455046218621,0.6233658177485757,0.07567642343739188,0.5666412640438445,0.18349923109043864,1.123663911642747,4.440892098500626e-16,nan,0.0,0.0,True,-1,False
positive_binary,64,20260830,global,0.6,0.9910714285714286,0.9910714285714286,0.10155455046218621,0.6687070844161026,0.09393595198548794,0.517895646779398,0.1615246061323545,1.2599945181761627,4.440892098500626e-16,nan,0.0,0.0,True,-1,False
positive_binary,64,20260830,global,0.65,0.9910714285714286,0.9910714285714286,0.10155455046218621,0.6492407719360925,0.06545633362152184,0.546454205144183,0.14851397275767833,1.2359233814367223,4.440892098500626e-16,nan,0.0,0.0,True,-1,False
positive_binary,64,20260830,global,0.7,0.9910714285714286,0.9910714285714286,0.10155455046218621,0.7910387384514304,0.1109450865616094,0.3551581424588948,0.0812054443070685,2.0415835480145255,4.440892098500626e-16,nan,0.0,0.0,True,-1,False
positive_binary,64,20260830,local,0.0,0.9910714285714286,0.9910714285714286,0.10155455046218621,0.08452419187262468,0.023248184610355566,1.4035382864858719,0.36361600136072747,0.5769143436404635,4.440892098500626e-16,0.6643717068683687,0.0,0.0,True,-1,False
positive_binary,64,20260830,local,0.1,0.9910714285714286,0.9910714285714286,0.10155455046218621,0.164680057961853,0.030440050388101207,1.243696771783406,0.35523746787317273,0.6050234986800249,4.440892098500626e-16,0.1542953536022982,0.0,0.0,True,-1,False
positive_binary,64,20260830,local,0.2,0.9910714285714286,0.9910714285714286,0.10155455046218621,0.232992406726213,0.04063133975932663,1.1465295144669425,0.3403157906904069,0.6149613836151162,4.440892098500626e-16,0.12855388409704838,0.0,0.0,True,-1,False
positive_binary,64,20260830,local,0.3,0.9910714285714286,0.9910714285714286,0.10155455046218621,0.34296818241657606,0.040423382196132424,0.9770933033741753,0.32638763362523576,0.6694838312641551,4.440892098500626e-16,0.12819333727396579,0.0,0.0,True,-1,False
positive_binary,64,20260830,local,0.4,0.9910714285714286,0.9910714285714286,0.10155455046218621,0.3713978474208852,0.056136629316702394,0.9205292770786825,0.31878553831339085,0.6970540074132274,4.440892098500626e-16,0.13858778094671229,0.0,0.0,True,-1,False
positive_binary,64,20260830,local,0.45,0.9910714285714286,0.9910714285714286,0.10155455046218621,0.4304274667461204,0.04183649011570884,0.8440332725610834,0.3027371331598063,0.7543595287053715,4.440892098500626e-16,0.11134235934334495,0.0,0.0,True,-1,False
positive_binary,64,20260830,local,0.5,0.9910714285714286,0.9910714285714286,0.10155455046218621,0.5567221439405459,0.05540947124203554,0.6731689703459653,0.25745870081023875,1.024272784509317,4.440892098500626e-16,0.13628231793884457,0.0,0.0,True,-1,False
positive_binary,64,20260830,local,0.55,0.9910714285714286,0.9910714285714286,0.10155455046218621,0.5052781351448562,0.044067977607180696,0.7360271603659327,0.28079255986631524,0.8279922589183626,4.440892098500626e-16,0.1356421528575174,0.0,0.0,True,-1,False
positive_binary,64,20260830,local,0.6,0.9910714285714286,0.9910714285714286,0.10155455046218621,0.6248281044463585,0.07439463145562786,0.5750235332605147,0.1908902122720199,1.1199682987541046,4.440892098500626e-16,0.08092357665697676,0.0,0.0,True,-1,False
positive_binary,64,20260830,local,0.65,0.9910714285714286,0.9910714285714286,0.10155455046218621,0.7322735395412048,0.07054552403912034,0.42716917767959445,0.09289852182045583,1.6777885219702422,4.440892098500626e-16,0.07561195624419849,0.0,0.0,True,-1,False
positive_binary,64,20260830,local,0.7,0.9910714285714286,0.9910714285714286,0.10155455046218621,0.8220236748898767,0.1751977318395137,0.3125236012350141,0.08035775980905402,2.8146566499494927,4.440892098500626e-16,0.07741244958662359,0.0,0.0,True,-1,False
positive_binary,64,20260831,global,0.0,1.0575396825396826,1.0575396825396826,0.13756454771161075,0.08557805881353074,0.023792019395391262,1.397382355259244,0.3644148836952188,0.5687039609995839,4.440892098500626e-16,nan,0.0,0.0,True,-1,False
positive_binary,64,20260831,global,0.1,1.0575396825396826,1.0575396825396826,0.13756454771161075,0.16986718339064957,0.026320891677195445,1.2490015591113341,0.35393425443230986,0.5990095791571778,4.440892098500626e-16,nan,0.0,0.0,True,-1,False
positive_binary,64,20260831,global,0.2,1.0575396825396826,1.0575396825396826,0.13756454771161075,0.2814859954550615,0.03416592375209606,1.0515723120204177,0.3206385188455281,0.6066243872535121,4.440892098500626e-16,nan,0.0,0.0,True,-1,False
positive_binary,64,20260831,global,0.3,1.0575396825396826,1.0575396825396826,0.13756454771161075,0.33848779056128125,0.035018513254231554,0.9543736920017712,0.31500262764170295,0.6507126932510976,4.440892098500626e-16,nan,0.0,0.0,True,-1,False
positive_binary,64,20260831,global,0.4,1.0575396825396826,1.0575396825396826,0.13756454771161075,0.4775029535324586,0.051548898533065664,0.7833898998627731,0.28326980963767756,0.7581299878576505,4.440892098500626e-16,nan,0.0,0.0,True,-1,False
positive_binary,64,20260831,global,0.45,1.0575396825396826,1.0575396825396826,0.13756454771161075,0.4544614876848057,0.06130206201258645,0.789544518093657,0.28248501743156806,0.7502472053067797,4.440892098500626e-16,nan,0.0,0.0,True,-1,False
positive_binary,64,20260831,global,0.5,1.0575396825396826,1.0575396825396826,0.13756454771161075,0.5593785627771881,0.047875270911700345,0.6519715979991894,0.21989662141067923,0.8911964686380709,4.440892098500626e-16,nan,0.0,0.0,True,-1,False
positive_binary,64,20260831,global,0.55,1.0575396825396826,1.0575396825396826,0.13756454771161075,0.6413215311988553,0.048815924884293094,0.5525003105635102,0.1569417150374246,1.3753642911645536,4.440892098500626e-16,nan,0.0,0.0,True,-1,False
positive_binary,64,20260831,global,0.6,1.0575396825396826,1.0575396825396826,0.13756454771161075,0.6108594160452976,0.07237154710019858,0.5942067709224379,0.20452113223330026,1.053286248219923,4.440892098500626e-16,nan,0.0,0.0,True,-1,False
positive_binary,64,20260831,global,0.65,1.0575396825396826,1.0575396825396826,0.13756454771161075,0.8432319202115137,0.15092349896906787,0.28914948138361835,0.07934459129161506,2.688435180087944,4.440892098500626e-16,nan,0.0,0.0,True,-1,False
positive_binary,64,20260831,global,0.7,1.0575396825396826,1.0575396825396826,0.13756454771161075,0.9831286130938692,0.987804519396613,0.10462071011604346,0.07853408595497449,6.724620783820598,4.440892098500626e-16,nan,0.0,0.0,True,-1,True
positive_binary,64,20260831,local,0.0,1.0575396825396826,1.0575396825396826,0.13756454771161075,0.07985728520246747,0.015533848119715601,1.4131956798288638,0.3633191517570403,0.5784795564515474,4.440892098500626e-16,0.5767510149557955,0.0,0.0,True,-1,False
positive_binary,64,20260831,local,0.1,1.0575396825396826,1.0575396825396826,0.13756454771161075,0.18125926811596876,0.02699080710812683,1.218344764609377,0.3497243082086119,0.6015258647989692,4.440892098500626e-16,0.20252299679912195,0.0,0.0,True,-1,False
positive_binary,64,20260831,local,0.2,1.0575396825396826,1.0575396825396826,0.13756454771161075,0.2767144725157584,0.04493402072864188,1.054032402996486,0.33387823333302835,0.6267556386033809,4.440892098500626e-16,0.18438641114768042,0.0,0.0,True,-1,False
positive_binary,64,20260831,local,0.3,1.0575396825396826,1.0575396825396826,0.13756454771161075,0.358616462982594,0.03530624816704025,0.9449273424973387,0.3215665286080679,0.660401835488936,4.440892098500626e-16,0.1663526649980924,0.0,0.0,True,-1,False
positive_binary,64,20260831,local,0.4,1.0575396825396826,1.0575396825396826,0.13756454771161075,0.5232020507995575,0.0565432390427641,0.7278239405956916,0.2768539811492915,0.8618374291262874,4.440892098500626e-16,0.14238285113776822,0.0,0.0,True,-1,False
positive_binary,64,20260831,local,0.45,1.0575396825396826,1.0575396825396826,0.13756454771161075,0.5129865336370123,0.06153353768434628,0.7122478851657583,0.26032123663370726,0.9062852201018241,4.440892098500626e-16,0.12682796522952905,0.0,0.0,True,-1,False
positive_binary,64,20260831,local,0.5,1.0575396825396826,1.0575396825396826,0.13756454771161075,0.5026632399124547,0.06470002008330815,0.728147098587711,0.26429152536038,0.802512671296989,4.440892098500626e-16,0.09014511630704233,0.0,0.0,True,-1,False
positive_binary,64,20260831,local,0.55,1.0575396825396826,1.0575396825396826,0.13756454771161075,0.5513083231474699,0.06486334573212822,0.6697981876078899,0.24210562432729546,0.9244531605000345,4.440892098500626e-16,0.1345438264134132,0.0,0.0,True,-1,False
positive_binary,64,20260831,local,0.6,1.0575396825396826,1.0575396825396826,0.13756454771161075,0.626962851938933,0.10137762139873199,0.5623855657790571,0.18823834951195814,1.1829238107645645,4.440892098500626e-16,0.10975646027909405,0.0,0.0,True,-1,False
positive_binary,64,20260831,local,0.65,1.0575396825396826,1.0575396825396826,0.13756454771161075,0.8217996259613036,0.10528829688360389,0.3142356763460398,0.0826222469611814,3.3388474044309193,4.440892098500626e-16,0.09561585019352842,0.0,0.0,True,-1,False
positive_binary,64,20260831,local,0.7,1.0575396825396826,1.0575396825396826,0.13756454771161075,0.9913424358472772,0.9913405394732794,0.09269702238584093,0.08753949092672911,78.82370321942813,4.440892098500626e-16,0.15389848609153098,0.0,0.0,True,-1,True
positive_binary,64,20260832,global,0.0,1.0178571428571428,1.0178571428571428,0.12954693129290024,0.08642450671208346,0.02284680942834318,1.4012685199436623,0.36339722648951184,0.5799685994828122,4.440892098500626e-16,nan,0.0,0.0,True,-1,False
positive_binary,64,20260832,global,0.1,1.0178571428571428,1.0178571428571428,0.12954693129290024,0.13790108459622316,0.02287277268141873,1.2991483979699103,0.35683521850099986,0.5867799835095409,4.440892098500626e-16,nan,0.0,0.0,True,-1,False
positive_binary,64,20260832,global,0.2,1.0178571428571428,1.0178571428571428,0.12954693129290024,0.23100422596107137,0.03454817950755607,1.1379439503295605,0.3418699790353351,0.6190606183537841,4.440892098500626e-16,nan,0.0,0.0,True,-1,False
positive_binary,64,20260832,global,0.3,1.0178571428571428,1.0178571428571428,0.12954693129290024,0.38669927328600595,0.047405106172778703,0.8993070465734356,0.31968511340682093,0.6655658032529785,4.440892098500626e-16,nan,0.0,0.0,True,-1,False
positive_binary,64,20260832,global,0.4,1.0178571428571428,1.0178571428571428,0.12954693129290024,0.4625621003951962,0.06745454814444476,0.7773313395450777,0.29191810640418914,0.7981232413578404,4.440892098500626e-16,nan,0.0,0.0,True,-1,False
positive_binary,64,20260832,global,0.45,1.0178571428571428,1.0178571428571428,0.12954693129290024,0.49320052770174716,0.059619879190305675,0.7482328628855863,0.27826113743837355,0.7984122520537847,4.440892098500626e-16,nan,0.0,0.0,True,-1,False
positive_binary,64,20260832,global,0.5,1.0178571428571428,1.0178571428571428,0.12954693129290024,0.5955765295449511,0.07689371420237297,0.6246065728845709,0.22060037370404995,0.9759575377037439,4.440892098500626e-16,nan,0.0,0.0,True,-1,False
positive_binary,64,20260832,global,0.55,1.0178571428571428,1.0178571428571428,0.12954693129290024,0.5802699878885377,0.06695081903387928,0.6292705819717601,0.21263667091259542,1.0101501421688919,4.440892098500626e-16,nan,0.0,0.0,True,-1,False
positive_binary,64,20260832,global,0.6,1.0178571428571428,1.0178571428571428,0.12954693129290024,0.705209799768197,0.1045324874412817,0.4625369682751017,0.13167394378063585,1.5024693776901712,4.440892098500626e-16,nan,0.0,0.0,True,-1,False
positive_binary,64,20260832,global,0.65,1.0178571428571428,1.0178571428571428,0.12954693129290024,0.7163615773664227,0.12406665101048363,0.448358032940615,0.11496978383354867,1.470605405004222,4.440892098500626e-16,nan,0.0,0.0,True,-1,False
positive_binary,64,20260832,global,0.7,1.0178571428571428,1.0178571428571428,0.12954693129290024,0.8332937398551409,0.1672954188404257,0.30656441000797285,0.08237489400598996,2.2417757540674375,4.440892098500626e-16,nan,0.0,0.0,True,-1,False
positive_binary,64,20260832,local,0.0,1.0178571428571428,1.0178571428571428,0.12954693129290024,0.07725878229947906,0.01809593934240693,1.4180422150685434,0.36899692351980784,0.5681389141324384,4.440892098500626e-16,0.5602839386527156,0.0,0.0,True,-1,False
positive_binary,64,20260832,local,0.1,1.0178571428571428,1.0178571428571428,0.12954693129290024,0.21490510676170232,0.034076168085723016,1.1500402213803995,0.34539812499147615,0.6066709088891044,4.440892098500626e-16,0.19390700475270475,0.0,0.0,True,-1,False
positive_binary,64,20260832,local,0.2,1.0178571428571428,1.0178571428571428,0.12954693129290024,0.211370401116113,0.02879328195284104,1.1617082118341855,0.34259618604603304,0.6068898373985134,4.440892098500626e-16,0.18240528280548077,0.0,0.0,True,-1,False
positive_binary,64,20260832,local,0.3,1.0178571428571428,1.0178571428571428,0.12954693129290024,0.3665925965647723,0.04046975989733893,0.9304446332939691,0.3210228066982578,0.7221642772896414,4.440892098500626e-16,0.18027448353280326,0.0,0.0,True,-1,False
positive_binary,64,20260832,local,0.4,1.0178571428571428,1.0178571428571428,0.12954693129290024,0.4255325792770926,0.03441407159052571,0.8420752369154788,0.28950342535226326,0.7311212749660202,4.440892098500626e-16,0.14232815278489583,0.0,0.0,True,-1,False
positive_binary,64,20260832,local,0.45,1.0178571428571428,1.0178571428571428,0.12954693129290024,0.4116508435430936,0.06002721934948999,0.8417920597740141,0.3120476595256624,0.7350108557270325,4.440892098500626e-16,0.13088512223135343,0.0,0.0,True,-1,False
positive_binary,64,20260832,local,0.5,1.0178571428571428,1.0178571428571428,0.12954693129290024,0.5202600961877333,0.0552055788059565,0.7177031074629193,0.27312816776318877,0.8789588333504479,4.440892098500626e-16,0.15796694505933004,0.0,0.0,True,-1,False
positive_binary,64,20260832,local,0.55,1.0178571428571428,1.0178571428571428,0.12954693129290024,0.5321060885083087,0.06945645774069498,0.6967540960321413,0.2406503075254771,0.8885740755434408,4.440892098500626e-16,0.13580108690914544,0.0,0.0,True,-1,False
positive_binary,64,20260832,local,0.6,1.0178571428571428,1.0178571428571428,0.12954693129290024,0.6705811922992333,0.07370735697647972,0.5214724504386145,0.15618879846167033,1.2293649895054193,4.440892098500626e-16,0.09941838388197527,0.0,0.0,True,-1,False
positive_binary,64,20260832,local,0.65,1.0178571428571428,1.0178571428571428,0.12954693129290024,0.7934220642849067,0.05713802878420441,0.3622626699942641,0.0918667299804019,2.2437722882149504,4.440892098500626e-16,0.11164908164857684,0.0,0.0,True,-1,False
positive_binary,64,20260832,local,0.7,1.0178571428571428,1.0178571428571428,0.12954693129290024,0.940221965498251,0.5777356216902833,0.1672531555191206,0.08663931521279211,7.673842714871929,4.440892098500626e-16,0.12143649510838966,0.0,0.0,True,-1,True
biased_sign,64,20260830,global,0.0,1.0,0.7658730158730159,0.08333333333333333,0.09421362282986165,0.020731691601962112,1.3877123438698136,0.3604765668334107,0.5721380696387053,4.440892098500626e-16,nan,0.0,0.0,True,-1,False
biased_sign,64,20260830,global,0.1,1.0,0.7658730158730159,0.08333333333333333,0.16387211156256892,0.023853415806091748,1.2503737997859443,0.3524684325773002,0.586081156919346,4.440892098500626e-16,nan,0.0,0.0,True,-1,False
biased_sign,64,20260830,global,0.2,1.0,0.7658730158730159,0.08333333333333333,0.33755223783161986,0.03411864990367571,0.938905936313932,0.3154327093374971,0.6032518219696443,4.440892098500626e-16,nan,0.0,0.0,True,-1,False
biased_sign,64,20260830,global,0.3,1.0,0.7658730158730159,0.08333333333333333,0.3493856855202468,0.04031162131092707,0.9120431400107778,0.2984240628428302,0.6496239245259718,4.440892098500626e-16,nan,0.0,0.0,True,-1,False
biased_sign,64,20260830,global,0.4,1.0,0.7658730158730159,0.08333333333333333,0.39910575142504084,0.03182225592681537,0.8515370041062383,0.2908342320106344,0.6837420220377621,4.440892098500626e-16,nan,0.0,0.0,True,-1,False
biased_sign,64,20260830,global,0.45,1.0,0.7658730158730159,0.08333333333333333,0.3874203748940851,0.046664677015932986,0.8711722461367147,0.29422000309763613,0.6373139264169636,4.440892098500626e-16,nan,0.0,0.0,True,-1,False
biased_sign,64,20260830,global,0.5,1.0,0.7658730158730159,0.08333333333333333,0.4778035312287644,0.04647984535524801,0.732591319319833,0.2389084562843624,0.7076737422919872,4.440892098500626e-16,nan,0.0,0.0,True,-1,False
biased_sign,64,20260830,global,0.55,1.0,0.7658730158730159,0.08333333333333333,0.5503524185404165,0.05790205801731401,0.6183200763826947,0.16147285861478156,0.8299734942424808,4.440892098500626e-16,nan,0.0,0.0,True,-1,False
biased_sign,64,20260830,global,0.6,1.0,0.7658730158730159,0.08333333333333333,0.5268871037853475,0.057810441823697045,0.6467056726956137,0.19180848740386222,0.7813071745308553,4.440892098500626e-16,nan,0.0,0.0,True,-1,False
biased_sign,64,20260830,global,0.65,1.0,0.7658730158730159,0.08333333333333333,0.5892913723617668,0.06875975901316893,0.5766028174221874,0.1477943763684135,0.9171836835842628,4.440892098500626e-16,nan,0.0,0.0,True,-1,False
biased_sign,64,20260830,global,0.7,1.0,0.7658730158730159,0.08333333333333333,0.6331953884176572,0.06459519512394715,0.5286927777963861,0.10100132688157644,1.0750511499527997,4.440892098500626e-16,nan,0.0,0.0,True,-1,False
biased_sign,64,20260830,local,0.0,1.0,0.7658730158730159,0.08333333333333333,0.08452419187262468,0.023248184610355566,1.4035382864858719,0.36361600136072747,0.5769143436404635,4.440892098500626e-16,0.6643717068683687,0.0,0.0,True,-1,False
biased_sign,64,20260830,local,0.1,1.0,0.7658730158730159,0.08333333333333333,0.19823326884200512,0.02828674164648875,1.185622698010118,0.3483871113910799,0.5817528687543781,4.440892098500626e-16,0.1863797781023672,0.0,0.0,True,-1,False
biased_sign,64,20260830,local,0.2,1.0,0.7658730158730159,0.08333333333333333,0.28341339657754,0.024446683048276928,1.0346764328334015,0.33192781752258405,0.5958451814517796,4.440892098500626e-16,0.1575772816474944,0.0,0.0,True,-1,False
biased_sign,64,20260830,local,0.3,1.0,0.7658730158730159,0.08333333333333333,0.29715015204997053,0.03901022308640356,1.0115593037426478,0.31345815481871575,0.6162787888475676,4.440892098500626e-16,0.1325095068652039,0.0,0.0,True,-1,False
biased_sign,64,20260830,local,0.4,1.0,0.7658730158730159,0.08333333333333333,0.4138770413044732,0.04464843993028044,0.81621513026998,0.2591837313958748,0.6724231266033269,4.440892098500626e-16,0.1255416563011581,0.0,0.0,True,-1,False
biased_sign,64,20260830,local,0.45,1.0,0.7658730158730159,0.08333333333333333,0.39503803333616255,0.04321495271331711,0.8331117271288577,0.2776366447682014,0.6548149470475151,4.440892098500626e-16,0.138249326264342,0.0,0.0,True,-1,False
biased_sign,64,20260830,local,0.5,1.0,0.7658730158730159,0.08333333333333333,0.44974042053111607,0.048261767659119305,0.7751942010028405,0.25069172747724755,0.693008663275849,4.440892098500626e-16,0.14241473771945923,0.0,0.0,True,-1,False
biased_sign,64,20260830,local,0.55,1.0,0.7658730158730159,0.08333333333333333,0.477528656707074,0.05941239993038448,0.7396176028070833,0.24166316651382075,0.6901222510536652,4.440892098500626e-16,0.09080928320326943,0.0,0.0,True,-1,False
biased_sign,64,20260830,local,0.6,1.0,0.7658730158730159,0.08333333333333333,0.46876825027292096,0.05123430131472179,0.747852163548805,0.2522220694159932,0.7053698351844917,4.440892098500626e-16,0.11416706809830605,0.0,0.0,True,-1,False
biased_sign,64,20260830,local,0.65,1.0,0.7658730158730159,0.08333333333333333,0.4863766128470083,0.05861040544283225,0.7187132131302462,0.22583260539189498,0.7405660821035969,4.440892098500626e-16,0.10914886953702388,0.0,0.0,True,-1,False
biased_sign,64,20260830,local,0.7,1.0,0.7658730158730159,0.08333333333333333,0.6285825156366656,0.07917054075334719,0.533766327946331,0.1345521748629585,0.9699283977577042,4.440892098500626e-16,0.11972778016332586,0.0,0.0,True,-1,False
biased_sign,64,20260831,global,0.0,1.0,0.7777777777777778,0.08093681767607595,0.08557805881353074,0.023792019395391262,1.397382355259244,0.3644148836952188,0.5687039609995839,4.440892098500626e-16,nan,0.0,0.0,True,-1,False
biased_sign,64,20260831,global,0.1,1.0,0.7777777777777778,0.08093681767607595,0.20193852304434715,0.023176875967754012,1.169536204163352,0.3453810837371718,0.5824616130623904,4.440892098500626e-16,nan,0.0,0.0,True,-1,False
biased_sign,64,20260831,global,0.2,1.0,0.7777777777777778,0.08093681767607595,0.23789073709496933,0.028647215834109657,1.1247676673917646,0.3339698195833877,0.5992696457487794,4.440892098500626e-16,nan,0.0,0.0,True,-1,False
biased_sign,64,20260831,global,0.3,1.0,0.7777777777777778,0.08093681767607595,0.40286342721388585,0.03785139990637386,0.839734124323521,0.27635997367597986,0.658513697473024,4.440892098500626e-16,nan,0.0,0.0,True,-1,False
biased_sign,64,20260831,global,0.4,1.0,0.7777777777777778,0.08093681767607595,0.3994820297646025,0.05054586292406562,0.8277678754479993,0.27446070304285236,0.6558649262665432,4.440892098500626e-16,nan,0.0,0.0,True,-1,False
biased_sign,64,20260831,global,0.45,1.0,0.7777777777777778,0.08093681767607595,0.4049178176634264,0.0419012528150949,0.8301675109436344,0.27292382609519794,0.6667732578771317,4.440892098500626e-16,nan,0.0,0.0,True,-1,False
biased_sign,64,20260831,global,0.5,1.0,0.7777777777777778,0.08093681767607595,0.45465077940329945,0.05274682031054551,0.7607031371044642,0.24588332573920746,0.6732973091818084,4.440892098500626e-16,nan,0.0,0.0,True,-1,False
biased_sign,64,20260831,global,0.55,1.0,0.7777777777777778,0.08093681767607595,0.5137452088460499,0.06536406199532341,0.658404554253535,0.20794496320031225,0.7427605132054594,4.440892098500626e-16,nan,0.0,0.0,True,-1,False
biased_sign,64,20260831,global,0.6,1.0,0.7777777777777778,0.08093681767607595,0.5221142230421078,0.05921184790572158,0.6455073580654265,0.1963717029976661,0.7636474769570865,4.440892098500626e-16,nan,0.0,0.0,True,-1,False
biased_sign,64,20260831,global,0.65,1.0,0.7777777777777778,0.08093681767607595,0.5803258680611598,0.08315137399608605,0.5775018382759965,0.16310591694260845,0.8275221000176824,4.440892098500626e-16,nan,0.0,0.0,True,-1,False
biased_sign,64,20260831,global,0.7,1.0,0.7777777777777778,0.08093681767607595,0.5563955100754945,0.0644411143424841,0.6283747821670448,0.1677283037038716,0.8033374134742477,4.440892098500626e-16,nan,0.0,0.0,True,-1,False
biased_sign,64,20260831,local,0.0,1.0,0.7777777777777778,0.08093681767607595,0.07985728520246747,0.015533848119715601,1.4131956798288638,0.3633191517570403,0.5784795564515474,4.440892098500626e-16,0.5767510149557955,0.0,0.0,True,-1,False
biased_sign,64,20260831,local,0.1,1.0,0.7777777777777778,0.08093681767607595,0.20370687243170285,0.02645243096652354,1.1647505831283853,0.3478383651558733,0.5994151985821106,4.440892098500626e-16,0.20549018905597555,0.0,0.0,True,-1,False
biased_sign,64,20260831,local,0.2,1.0,0.7777777777777778,0.08093681767607595,0.31070193611519714,0.034259880876400715,0.9761928004131257,0.31712087261153143,0.6027932649001941,4.440892098500626e-16,0.1834352102324986,0.0,0.0,True,-1,False
biased_sign,64,20260831,local,0.3,1.0,0.7777777777777778,0.08093681767607595,0.34578627701771714,0.0413887875449212,0.9122433918510774,0.2941106227211684,0.6325074897171654,4.440892098500626e-16,0.17683446898593758,0.0,0.0,True,-1,False
biased_sign,64,20260831,local,0.4,1.0,0.7777777777777778,0.08093681767607595,0.40668748770808516,0.03842016528457503,0.8276838069906478,0.27359950592770743,0.6434935348504701,4.440892098500626e-16,0.14550964873549024,0.0,0.0,True,-1,False
biased_sign,64,20260831,local,0.45,1.0,0.7777777777777778,0.08093681767607595,0.4474994844160703,0.053012785873193774,0.766701883786432,0.25333106716188586,0.6788818505853569,4.440892098500626e-16,0.1439597567666019,0.0,0.0,True,-1,False
biased_sign,64,20260831,local,0.5,1.0,0.7777777777777778,0.08093681767607595,0.42165351232276954,0.0407289769653093,0.8018594465889026,0.2602730195018808,0.6826265282048066,4.440892098500626e-16,0.16191382622335504,0.0,0.0,True,-1,False
biased_sign,64,20260831,local,0.55,1.0,0.7777777777777778,0.08093681767607595,0.46061365688930955,0.04242825691686607,0.7517719544953079,0.24810348338649402,0.6954839019625132,4.440892098500626e-16,0.1535985981202341,0.0,0.0,True,-1,False
biased_sign,64,20260831,local,0.6,1.0,0.7777777777777778,0.08093681767607595,0.5555697446189798,0.05736613869670116,0.6111838734202938,0.18838657995676272,0.857266713830425,4.440892098500626e-16,0.08545895862786025,0.0,0.0,True,-1,False
biased_sign,64,20260831,local,0.65,1.0,0.7777777777777778,0.08093681767607595,0.4873732485362898,0.05080722247777833,0.7117087202693319,0.22380787492071536,0.728754823611975,4.440892098500626e-16,0.15211239423658723,0.0,0.0,True,-1,False
biased_sign,64,20260831,local,0.7,1.0,0.7777777777777778,0.08093681767607595,0.5854566996031415,0.05831846145117245,0.5853301033476841,0.14013893435280322,0.8625992672501331,4.440892098500626e-16,0.13586511101437107,0.0,0.0,True,-1,False
biased_sign,64,20260832,global,0.0,1.0,0.746031746031746,0.08074202360863414,0.08642450671208346,0.02284680942834318,1.4012685199436623,0.36339722648951184,0.5799685994828122,4.440892098500626e-16,nan,0.0,0.0,True,-1,False
biased_sign,64,20260832,global,0.1,1.0,0.746031746031746,0.08074202360863414,0.1645208086315292,0.022889904197829974,1.239142756637989,0.3517737227624862,0.5907870440748721,4.440892098500626e-16,nan,0.0,0.0,True,-1,False
biased_sign,64,20260832,global,0.2,1.0,0.746031746031746,0.08074202360863414,0.250731189072966,0.029921811999353193,1.095648784894999,0.32494593718872133,0.5857808341841968,4.440892098500626e-16,nan,0.0,0.0,True,-1,False
biased_sign,64,20260832,global,0.3,1.0,0.746031746031746,0.08074202360863414,0.3128298096353536,0.04795843778824506,0.9734182710295494,0.30833464011088596,0.6361136649544459,4.440892098500626e-16,nan,0.0,0.0,True,-1,False
biased_sign,64,20260832,global,0.4,1.0,0.746031746031746,0.08074202360863414,0.3981094806612103,0.0460970004218546,0.8425724727262297,0.2937177364474324,0.6588517832635057,4.440892098500626e-16,nan,0.0,0.0,True,-1,False
biased_sign,64,20260832,global,0.45,1.0,0.746031746031746,0.08074202360863414,0.42452860173159596,0.04483487739368779,0.808931729166309,0.2596400787597245,0.684957690463315,4.440892098500626e-16,nan,0.0,0.0,True,-1,False
biased_sign,64,20260832,global,0.5,1.0,0.746031746031746,0.08074202360863414,0.3927626202526238,0.02540255597716832,0.8568619357109327,0.2925401248456863,0.6561732824651059,4.440892098500626e-16,nan,0.0,0.0,True,-1,False
biased_sign,64,20260832,global,0.55,1.0,0.746031746031746,0.08074202360863414,0.491712624363833,0.04289816841106904,0.6905826466205509,0.19933477892678195,0.7549638827192018,4.440892098500626e-16,nan,0.0,0.0,True,-1,False
biased_sign,64,20260832,global,0.6,1.0,0.746031746031746,0.08074202360863414,0.5237527349285965,0.05821525434584433,0.6472982947035105,0.20035570978421635,0.7994911523000334,4.440892098500626e-16,nan,0.0,0.0,True,-1,False
biased_sign,64,20260832,global,0.65,1.0,0.746031746031746,0.08074202360863414,0.533415751867882,0.08038945672162105,0.6443435172232009,0.19520072743943073,0.7902131944062984,4.440892098500626e-16,nan,0.0,0.0,True,-1,False
biased_sign,64,20260832,global,0.7,1.0,0.746031746031746,0.08074202360863414,0.5755155621947757,0.056468068453565494,0.5865011915803757,0.15298109427239484,0.8515087511718862,4.440892098500626e-16,nan,0.0,0.0,True,-1,False
biased_sign,64,20260832,local,0.0,1.0,0.746031746031746,0.08074202360863414,0.07725878229947906,0.01809593934240693,1.4180422150685434,0.36899692351980784,0.5681389141324384,4.440892098500626e-16,0.5602839386527156,0.0,0.0,True,-1,False
biased_sign,64,20260832,local,0.1,1.0,0.746031746031746,0.08074202360863414,0.16779944579380485,0.02587621779008572,1.2412530746014747,0.3513120435692587,0.5833632503757684,4.440892098500626e-16,0.20361122520654423,0.0,0.0,True,-1,False
biased_sign,64,20260832,local,0.2,1.0,0.746031746031746,0.08074202360863414,0.30245491787815687,0.04045670881898063,0.9930871203835693,0.31329443700790083,0.585338756276746,4.440892098500626e-16,0.21556682557758805,0.0,0.0,True,-1,False
biased_sign,64,20260832,local,0.3,1.0,0.746031746031746,0.08074202360863414,0.3938604854402252,0.03866953916998098,0.8327291777952525,0.27767879599347867,0.635853747333925,4.440892098500626e-16,0.20140735591241696,0.0,0.0,True,-1,False
biased_sign,64,20260832,local,0.4,1.0,0.746031746031746,0.08074202360863414,0.33923277431623045,0.041146109924996344,0.934437117331214,0.2977399172863423,0.6237887774704369,4.440892098500626e-16,0.18726543097588377,0.0,0.0,True,-1,False
biased_sign,64,20260832,local,0.45,1.0,0.746031746031746,0.08074202360863414,0.41585997365594324,0.045362603733835875,0.81016126486903,0.2770840288699604,0.6672028526642748,4.440892098500626e-16,0.17370108052950733,0.0,0.0,True,-1,False
biased_sign,64,20260832,local,0.5,1.0,0.746031746031746,0.08074202360863414,0.47721672523748526,0.048148641916508916,0.7489426872887686,0.25702453748111964,0.7356849800243063,4.440892098500626e-16,0.1594762808136621,0.0,0.0,True,-1,False
biased_sign,64,20260832,local,0.55,1.0,0.746031746031746,0.08074202360863414,0.40255919143566266,0.05776172386718877,0.8097690408076337,0.2656406571551415,0.6803689439893317,4.440892098500626e-16,0.11327634548286096,0.0,0.0,True,-1,False
biased_sign,64,20260832,local,0.6,1.0,0.746031746031746,0.08074202360863414,0.4547937911779458,0.06347625484260097,0.7709926871573775,0.2657346681510966,0.6914629152272032,4.440892098500626e-16,0.12351839328394182,0.0,0.0,True,-1,False
biased_sign,64,20260832,local,0.65,1.0,0.746031746031746,0.08074202360863414,0.43418212751769225,0.04790121252028211,0.789652375762074,0.2716633962097092,0.6864611355573129,4.440892098500626e-16,0.13028500518332384,0.0,0.0,True,-1,False
biased_sign,64,20260832,local,0.7,1.0,0.746031746031746,0.08074202360863414,0.519218702494774,0.050363222476950235,0.667726678094146,0.21032906249313804,0.7729858968778147,4.440892098500626e-16,0.13750083262230053,0.0,0.0,True,-1,False
rademacher,64,20260830,global,0.0,1.0,0.0,0.11596539044605125,0.09421362282986165,0.020731691601962112,1.3877123438698136,0.3604765668334107,0.5721380696387053,4.440892098500626e-16,nan,0.0,0.0,True,-1,False
rademacher,64,20260830,global,0.1,1.0,0.0,0.11596539044605125,0.08504613342552617,0.019713879299805805,1.4069225927896254,0.36801085816285106,0.5963834709404359,4.440892098500626e-16,nan,0.0,0.0,True,-1,False
rademacher,64,20260830,global,0.2,1.0,0.0,0.11596539044605125,0.08855433742904736,0.018754703511406606,1.346781221778449,0.3715635770490874,0.5960789378144615,4.440892098500626e-16,nan,0.0,0.0,True,-1,False
rademacher,64,20260830,global,0.3,1.0,0.0,0.11596539044605125,0.08707511967569453,0.0199602456476055,1.3644028904403442,0.3781666822095546,0.618600823556386,4.440892098500626e-16,nan,0.0,0.0,True,-1,False
rademacher,64,20260830,global,0.4,1.0,0.0,0.11596539044605125,0.08847184258251184,0.022295838600392484,1.341512895459022,0.378437168110933,0.6125908062620244,4.440892098500626e-16,nan,0.0,0.0,True,-1,False
rademacher,64,20260830,global,0.45,1.0,0.0,0.11596539044605125,0.08996781563119527,0.023998510465133717,1.3522741622737924,0.37135936189121665,0.6081126534312715,4.440892098500626e-16,nan,0.0,0.0,True,-1,False
rademacher,64,20260830,global,0.5,1.0,0.0,0.11596539044605125,0.08430716165032005,0.018108173802969786,1.350313429456679,0.3891828373106442,0.637129906124924,4.440892098500626e-16,nan,0.0,0.0,True,-1,False
rademacher,64,20260830,global,0.55,1.0,0.0,0.11596539044605125,0.09242698754089292,0.017561641014334505,1.2813738711146494,0.3919666899338209,0.680985266730886,4.440892098500626e-16,nan,0.0,0.0,True,-1,False
rademacher,64,20260830,global,0.6,1.0,0.0,0.11596539044605125,0.08992089626452077,0.017424020668871824,1.3297305145372122,0.3807335160360388,0.639227293246553,4.440892098500626e-16,nan,0.0,0.0,True,-1,False
rademacher,64,20260830,global,0.65,1.0,0.0,0.11596539044605125,0.09289092771125551,0.021878026323422367,1.301848930279458,0.4000931825875159,0.7110668270627847,4.440892098500626e-16,nan,0.0,0.0,True,-1,False
rademacher,64,20260830,global,0.7,1.0,0.0,0.11596539044605125,0.09291049083929083,0.021024588278342887,1.3508918693001168,0.3969866912134382,0.6527167769514801,4.440892098500626e-16,nan,0.0,0.0,True,-1,False
rademacher,64,20260830,local,0.0,1.0,0.0,0.11596539044605125,0.08452419187262468,0.023248184610355566,1.4035382864858719,0.36361600136072747,0.5769143436404635,4.440892098500626e-16,0.6643717068683687,0.0,0.0,True,-1,False
rademacher,64,20260830,local,0.1,1.0,0.0,0.11596539044605125,0.08762563581889753,0.013894981314807457,1.3547471687496455,0.36303915001391945,0.5846484976210882,4.440892098500626e-16,0.15714371527164694,0.0,0.0,True,-1,False
rademacher,64,20260830,local,0.2,1.0,0.0,0.11596539044605125,0.08365270157948594,0.01316236863660179,1.3375119795628203,0.3670633250109295,0.5863452782873403,4.440892098500626e-16,0.15143399476709102,0.0,0.0,True,-1,False
rademacher,64,20260830,local,0.3,1.0,0.0,0.11596539044605125,0.0899636143347547,0.018374497937462642,1.34781252804062,0.37279616221063694,0.5964984894324497,4.440892098500626e-16,0.1380758276888742,0.0,0.0,True,-1,False
rademacher,64,20260830,local,0.4,1.0,0.0,0.11596539044605125,0.09465370169994548,0.022111331689972875,1.3165469045596656,0.36428611101703,0.5961954861862657,4.440892098500626e-16,0.13783080818923882,0.0,0.0,True,-1,False
rademacher,64,20260830,local,0.45,1.0,0.0,0.11596539044605125,0.09466832996723835,0.02250778098144275,1.3109476144318666,0.3819047851212427,0.6493194596916987,4.440892098500626e-16,0.13286692063556782,0.0,0.0,True,-1,False
rademacher,64,20260830,local,0.5,1.0,0.0,0.11596539044605125,0.08698474622276214,0.017498339923554405,1.348651606590483,0.3864542658493545,0.6467915283787926,4.440892098500626e-16,0.12387405339784233,0.0,0.0,True,-1,False
rademacher,64,20260830,local,0.55,1.0,0.0,0.11596539044605125,0.09553249800087887,0.021973786120539622,1.271565417698403,0.3750019302814809,0.6558965635961734,4.440892098500626e-16,0.12767568561507125,0.0,0.0,True,-1,False
rademacher,64,20260830,local,0.6,1.0,0.0,0.11596539044605125,0.09227233014785859,0.022608344537149033,1.3229912577172038,0.3910182030377912,0.656431968536408,4.440892098500626e-16,0.13126517647604544,0.0,0.0,True,-1,False
rademacher,64,20260830,local,0.65,1.0,0.0,0.11596539044605125,0.08873124355826194,0.018960487585567544,1.3187848120286565,0.39540433144751763,0.6854989313636728,4.440892098500626e-16,0.12348894640934908,0.0,0.0,True,-1,False
rademacher,64,20260830,local,0.7,1.0,0.0,0.11596539044605125,0.09658553262108925,0.025482961812698844,1.2923518556884397,0.3944971868291559,0.6778156671215,4.440892098500626e-16,0.1425367125855129,0.0,0.0,True,-1,False
rademacher,64,20260831,global,0.0,1.0,0.016865079365079364,0.13315473086119795,0.08557805881353074,0.023792019395391262,1.397382355259244,0.3644148836952188,0.5687039609995839,4.440892098500626e-16,nan,0.0,0.0,True,-1,False
rademacher,64,20260831,global,0.1,1.0,0.016865079365079364,0.13315473086119795,0.09105903901629477,0.02042919791984084,1.3555799005957379,0.3650746274128427,0.5832823529011946,4.440892098500626e-16,nan,0.0,0.0,True,-1,False
rademacher,64,20260831,global,0.2,1.0,0.016865079365079364,0.13315473086119795,0.09025563860672309,0.022166605274455325,1.3531551601857277,0.3655184283735086,0.5949441302835681,4.440892098500626e-16,nan,0.0,0.0,True,-1,False
rademacher,64,20260831,global,0.3,1.0,0.016865079365079364,0.13315473086119795,0.09208033765268214,0.019506773449592826,1.3218947953821418,0.3727819136071495,0.620662792059222,4.440892098500626e-16,nan,0.0,0.0,True,-1,False
rademacher,64,20260831,global,0.4,1.0,0.016865079365079364,0.13315473086119795,0.09447617659733921,0.018911691610919597,1.3047810591518028,0.3803373574532783,0.6488067265174849,4.440892098500626e-16,nan,0.0,0.0,True,-1,False
rademacher,64,20260831,global,0.45,1.0,0.016865079365079364,0.13315473086119795,0.09652591839747121,0.021314190011240408,1.289316265057297,0.3759368793054074,0.6359260435411225,4.440892098500626e-16,nan,0.0,0.0,True,-1,False
rademacher,64,20260831,global,0.5,1.0,0.016865079365079364,0.13315473086119795,0.09373417909586071,0.02049774850624387,1.3124222672352452,0.372735326966341,0.6202226661227608,4.440892098500626e-16,nan,0.0,0.0,True,-1,False
rademacher,64,20260831,global,0.55,1.0,0.016865079365079364,0.13315473086119795,0.09186382387764061,0.024422235689884806,1.3249143069228062,0.380320771329419,0.6421013580514707,4.440892098500626e-16,nan,0.0,0.0,True,-1,False
rademacher,64,20260831,global,0.6,1.0,0.016865079365079364,0.13315473086119795,0.10663302281457118,0.022398797515720877,1.2603637553935727,0.3851569101444967,0.6598643244112974,4.440892098500626e-16,nan,0.0,0.0,True,-1,False
rademacher,64,20260831,global,0.65,1.0,0.016865079365079364,0.13315473086119795,0.09560798329232675,0.019463578360621535,1.3023021173844629,0.3914204409976927,0.6647816837293951,4.440892098500626e-16,nan,0.0,0.0,True,-1,False
rademacher,64,20260831,global,0.7,1.0,0.016865079365079364,0.13315473086119795,0.10650249684306341,0.02426950103366659,1.2393415559536423,0.3970321462169749,0.7195204762519272,4.440892098500626e-16,nan,0.0,0.0,True,-1,False
rademacher,64,20260831,local,0.0,1.0,0.016865079365079364,0.13315473086119795,0.07985728520246747,0.015533848119715601,1.4131956798288638,0.3633191517570403,0.5784795564515474,4.440892098500626e-16,0.5767510149557955,0.0,0.0,True,-1,False
rademacher,64,20260831,local,0.1,1.0,0.016865079365079364,0.13315473086119795,0.08753931050841743,0.020624520911121182,1.3918115022095916,0.3629043306222697,0.5740993672857411,4.440892098500626e-16,0.19704768090119912,0.0,0.0,True,-1,False
rademacher,64,20260831,local,0.2,1.0,0.016865079365079364,0.13315473086119795,0.09482334781938388,0.021181865827020627,1.2983900531896797,0.36522889400745356,0.5975552857578922,4.440892098500626e-16,0.17847568124387453,0.0,0.0,True,-1,False
rademacher,64,20260831,local,0.3,1.0,0.016865079365079364,0.13315473086119795,0.09161182531697955,0.018588913538904264,1.3445501917172646,0.3683952508059868,0.5981342125166904,4.440892098500626e-16,0.14250618559220102,0.0,0.0,True,-1,False
rademacher,64,20260831,local,0.4,1.0,0.016865079365079364,0.13315473086119795,0.0912211565884778,0.01975152013859788,1.290214879604199,0.3805137808638097,0.6329995414451932,4.440892098500626e-16,0.14942612654562074,0.0,0.0,True,-1,False
rademacher,64,20260831,local,0.45,1.0,0.016865079365079364,0.13315473086119795,0.09655956684048182,0.025179695483896657,1.286300387222328,0.37868247455179616,0.6338683585466522,4.440892098500626e-16,0.14921175930640976,0.0,0.0,True,-1,False
rademacher,64,20260831,local,0.5,1.0,0.016865079365079364,0.13315473086119795,0.08396801927666209,0.01828899730960575,1.3205205575872347,0.3881458511659358,0.6503965433723742,4.440892098500626e-16,0.14609227540336908,0.0,0.0,True,-1,False
rademacher,64,20260831,local,0.55,1.0,0.016865079365079364,0.13315473086119795,0.09632071417291442,0.02376313925948125,1.3072525914074644,0.38638505866263473,0.6463028727517997,4.440892098500626e-16,0.13782448529640998,0.0,0.0,True,-1,False
rademacher,64,20260831,local,0.6,1.0,0.016865079365079364,0.13315473086119795,0.10253616265344474,0.023096515470907623,1.2665899089067971,0.38537528678763,0.6602330718009313,4.440892098500626e-16,0.14880635590223906,0.0,0.0,True,-1,False
rademacher,64,20260831,local,0.65,1.0,0.016865079365079364,0.13315473086119795,0.10094099256492112,0.024318498386882773,1.2711383869403512,0.38982147429064484,0.6711905190453542,4.440892098500626e-16,0.14982910256251955,0.0,0.0,True,-1,False
rademacher,64,20260831,local,0.7,1.0,0.016865079365079364,0.13315473086119795,0.09794033039842578,0.025822899699393363,1.259575618792109,0.38849715736700796,0.6633862178561986,4.440892098500626e-16,0.1431971084511377,0.0,0.0,True,-1,False
rademacher,64,20260832,global,0.0,1.0,-0.008928571428571428,0.12479117729819236,0.08642450671208346,0.02284680942834318,1.4012685199436623,0.36339722648951184,0.5799685994828122,4.440892098500626e-16,nan,0.0,0.0,True,-1,False
rademacher,64,20260832,global,0.1,1.0,-0.008928571428571428,0.12479117729819236,0.08206203320710455,0.017561799895373466,1.384703068929973,0.3623458429584663,0.5842290936299688,4.440892098500626e-16,nan,0.0,0.0,True,-1,False
rademacher,64,20260832,global,0.2,1.0,-0.008928571428571428,0.12479117729819236,0.08821478988384285,0.024776457130989138,1.3542340675294262,0.3733161982982268,0.611510567797235,4.440892098500626e-16,nan,0.0,0.0,True,-1,False
rademacher,64,20260832,global,0.3,1.0,-0.008928571428571428,0.12479117729819236,0.09133287833619794,0.019525949477680778,1.314646561321517,0.37234196351470383,0.6147485903146255,4.440892098500626e-16,nan,0.0,0.0,True,-1,False
rademacher,64,20260832,global,0.4,1.0,-0.008928571428571428,0.12479117729819236,0.08620385070806838,0.01748017106874587,1.3144238698979294,0.3769201399607829,0.6337669497058409,4.440892098500626e-16,nan,0.0,0.0,True,-1,False
rademacher,64,20260832,global,0.45,1.0,-0.008928571428571428,0.12479117729819236,0.0928754291522516,0.02467698945863347,1.311972448588034,0.3825697675133295,0.634581599444068,4.440892098500626e-16,nan,0.0,0.0,True,-1,False
rademacher,64,20260832,global,0.5,1.0,-0.008928571428571428,0.12479117729819236,0.09142433810400649,0.021631055990594186,1.3112372461620874,0.37605196630619836,0.6331614042350884,4.440892098500626e-16,nan,0.0,0.0,True,-1,False
rademacher,64,20260832,global,0.55,1.0,-0.008928571428571428,0.12479117729819236,0.087361143174575,0.0196973347342109,1.33750238864997,0.3911958006717699,0.6571243657136291,4.440892098500626e-16,nan,0.0,0.0,True,-1,False
rademacher,64,20260832,global,0.6,1.0,-0.008928571428571428,0.12479117729819236,0.08672259457637378,0.01661974062967524,1.3345160577904118,0.3835132106197931,0.6278993958898337,4.440892098500626e-16,nan,0.0,0.0,True,-1,False
rademacher,64,20260832,global,0.65,1.0,-0.008928571428571428,0.12479117729819236,0.09750971447357569,0.02315068586566369,1.316093318443608,0.3854612111495174,0.6304970648751796,4.440892098500626e-16,nan,0.0,0.0,True,-1,False
rademacher,64,20260832,global,0.7,1.0,-0.008928571428571428,0.12479117729819236,0.09178313890404927,0.02166067548017546,1.3269444948837679,0.3838141945665382,0.6459160720137052,4.440892098500626e-16,nan,0.0,0.0,True,-1,False
rademacher,64,20260832,local,0.0,1.0,-0.008928571428571428,0.12479117729819236,0.07725878229947906,0.01809593934240693,1.4180422150685434,0.36899692351980784,0.5681389141324384,4.440892098500626e-16,0.5602839386527156,0.0,0.0,True,-1,False
rademacher,64,20260832,local,0.1,1.0,-0.008928571428571428,0.12479117729819236,0.08561616175584455,0.01679139844505672,1.3704245199779306,0.3693494893878303,0.5865075813324989,4.440892098500626e-16,0.15181689309095023,0.0,0.0,True,-1,False
rademacher,64,20260832,local,0.2,1.0,-0.008928571428571428,0.12479117729819236,0.08571670999404887,0.019244486414546503,1.3628278602407367,0.36880678907671216,0.5986428888178732,4.440892098500626e-16,0.14441864922039713,0.0,0.0,True,-1,False
rademacher,64,20260832,local,0.3,1.0,-0.008928571428571428,0.12479117729819236,0.0836771956649479,0.016510839553677867,1.3266918860878192,0.37050208344850577,0.6149878619843463,4.440892098500626e-16,0.14865617274982856,0.0,0.0,True,-1,False
rademacher,64,20260832,local,0.4,1.0,-0.008928571428571428,0.12479117729819236,0.08785892043775935,0.020820637146994878,1.3231349932431977,0.373744037590509,0.6226857955686916,4.440892098500626e-16,0.14018201697251115,0.0,0.0,True,-1,False
rademacher,64,20260832,local,0.45,1.0,-0.008928571428571428,0.12479117729819236,0.08498982448477607,0.021490317932401207,1.3628602248724393,0.3774920032557256,0.6106840623900631,4.440892098500626e-16,0.1391907723760818,0.0,0.0,True,-1,False
rademacher,64,20260832,local,0.5,1.0,-0.008928571428571428,0.12479117729819236,0.09028719582294374,0.020083294881508933,1.3235572155997224,0.3768063545266388,0.6167951642749661,4.440892098500626e-16,0.1376797436350787,0.0,0.0,True,-1,False
rademacher,64,20260832,local,0.55,1.0,-0.008928571428571428,0.12479117729819236,0.09688563652807734,0.022910037286236647,1.2857498356906054,0.37862748670847485,0.6478109311142295,4.440892098500626e-16,0.13693673688505684,0.0,0.0,True,-1,False
rademacher,64,20260832,local,0.6,1.0,-0.008928571428571428,0.12479117729819236,0.08403813598993759,0.022102136811504285,1.3435578316453076,0.39000546236519,0.6385288055791856,4.440892098500626e-16,0.13973025060132566,0.0,0.0,True,-1,False
rademacher,64,20260832,local,0.65,1.0,-0.008928571428571428,0.12479117729819236,0.08805551918146502,0.021407969190176374,1.2981543468805257,0.396217275660424,0.6829813531363427,4.440892098500626e-16,0.13801396117254325,0.0,0.0,True,-1,False
rademacher,64,20260832,local,0.7,1.0,-0.008928571428571428,0.12479117729819236,0.0916287018165923,0.023748888908803823,1.2867758124743578,0.3951361231405556,0.6617593613837642,4.440892098500626e-16,0.14309519405142193,0.0,0.0,True,-1,False
uniform_positive,128,20260830,global,0.0,1.0,1.0,0.0,0.05985123574758454,0.01807904872403498,1.445159340020155,0.36291652736809277,0.5735385690157216,4.440892098500626e-16,nan,0.0,0.0,True,-1,False
uniform_positive,128,20260830,global,0.1,1.0,1.0,0.0,0.1683205731930295,0.021938758379063086,1.2559632259798894,0.3493002005430299,0.573942989333952,4.440892098500626e-16,nan,0.0,0.0,True,-1,False
uniform_positive,128,20260830,global,0.2,1.0,1.0,0.0,0.29345990215011236,0.024282693434717503,1.0418886285755173,0.3300113049672425,0.5913021252316961,4.440892098500626e-16,nan,0.0,0.0,True,-1,False
uniform_positive,128,20260830,global,0.3,1.0,1.0,0.0,0.6837119736730246,0.057666935658941876,0.44464568472491695,0.04777475894044468,0.6758924852473865,4.440892098500626e-16,nan,0.0,0.0,True,-1,False
uniform_positive,128,20260830,global,0.4,1.0,1.0,0.0,0.8243520004779687,0.1474526020463199,0.23224437292172817,0.01157204702829815,0.794480755485554,4.440892098500626e-16,nan,0.0,0.0,True,-1,False
uniform_positive,128,20260830,global,0.45,1.0,1.0,0.0,0.6930740149628517,0.08894674582723422,0.42696468471307253,0.04650875624374655,0.6903636797034621,4.440892098500626e-16,nan,0.0,0.0,True,-1,False
uniform_positive,128,20260830,global,0.5,1.0,1.0,0.0,0.7832037274920836,0.07929379317688999,0.2969255597674504,0.010389351027493141,0.6827860137345292,4.440892098500626e-16,nan,0.0,0.0,True,-1,False
uniform_positive,128,20260830,global,0.55,1.0,1.0,0.0,1.0,0.9999999999999999,1.7952306308188783e-15,0.0,1.3556284261765505,1.1102230246251565e-16,nan,0.0,0.0,True,-1,True
uniform_positive,128,20260830,global,0.6,1.0,1.0,0.0,1.0,0.9999999999999999,0.0,0.0,1.7834963989515853,1.1102230246251565e-16,nan,0.0,0.0,True,-1,True
uniform_positive,128,20260830,global,0.65,1.0,1.0,0.0,1.0,0.9999999999999999,0.0,0.0,1.3981411573161782,1.1102230246251565e-16,nan,0.0,0.0,True,-1,True
uniform_positive,128,20260830,global,0.7,1.0,1.0,0.0,1.0,0.9999999999999999,0.0,0.0,1.382185166316695,1.1102230246251565e-16,nan,0.0,0.0,True,-1,True
uniform_positive,128,20260830,local,0.0,1.0,1.0,0.0,0.0586626537915811,0.01137742752845428,1.458713083264555,0.3646031063031874,0.5828914874001135,4.440892098500626e-16,0.43743918153284206,0.0,0.0,True,-1,False
uniform_positive,128,20260830,local,0.1,1.0,1.0,0.0,0.27431865794645505,0.018658088054192588,1.0869963614873737,0.34264518468809324,0.586934705859387,4.440892098500626e-16,0.5341393427746364,0.0,0.0,True,-1,False
uniform_positive,128,20260830,local,0.2,1.0,1.0,0.0,0.3722651809481201,0.028395661052185727,0.9301787322840118,0.31947710957653197,0.5901752919966491,4.440892098500626e-16,0.4109955622346324,0.0,0.0,True,-1,False
uniform_positive,128,20260830,local,0.3,1.0,1.0,0.0,0.5710889792303111,0.0347746914232825,0.6185744437748701,0.15181959534312775,0.6556363003523729,4.440892098500626e-16,0.2337430231485689,0.0,0.0,True,-1,False
uniform_positive,128,20260830,local,0.4,1.0,1.0,0.0,0.829009838768097,0.15348807864463127,0.23286567723035784,0.0044335890589349055,0.8485705244330097,4.440892098500626e-16,0.03782634941141099,0.0,0.0,True,-1,False
uniform_positive,128,20260830,local,0.45,1.0,1.0,0.0,0.710571012115664,0.06759470337561937,0.40381633543087436,0.04199743278286401,0.6610929695567973,4.440892098500626e-16,0.15003488364764417,0.0,0.0,True,-1,False
uniform_positive,128,20260830,local,0.5,1.0,1.0,0.0,0.9134027123513003,0.274590550794194,0.11605180868640391,1.0232411624996275e-06,1.0334792678115992,4.440892098500626e-16,-0.1667394647758141,0.0,0.0,True,-1,False
uniform_positive,128,20260830,local,0.55,1.0,1.0,0.0,1.0,0.9999999999999999,0.0,0.0,1.5207819887796412,1.1102230246251565e-16,-0.008586698090987823,0.0,0.0,True,-1,True
uniform_positive,128,20260830,local,0.6,1.0,1.0,0.0,1.0,0.9999999999999999,0.0,0.0,1.6525178994272496,1.1102230246251565e-16,-0.6239314626162431,0.0,0.0,True,-1,True
uniform_positive,128,20260830,local,0.65,1.0,1.0,0.0,1.0,0.9999999999999999,0.0,0.0,2.0093953859457137,1.1102230246251565e-16,-0.4618546704896708,0.0,0.0,True,-1,True
uniform_positive,128,20260830,local,0.7,1.0,1.0,0.0,1.0,0.9999999999999999,0.0,0.0,2.3405585523566903,1.1102230246251565e-16,-1.2461990953434232,0.0,0.0,True,-1,True
uniform_positive,128,20260831,global,0.0,1.0,1.0,0.0,0.06458999038316278,0.014249642425120508,1.4453624005040018,0.3641130816354323,0.5727652729116329,4.440892098500626e-16,nan,0.0,0.0,True,-1,False
uniform_positive,128,20260831,global,0.1,1.0,1.0,0.0,0.20708478763786492,0.01959281883153191,1.1980865634653213,0.34846006113180206,0.5969848360647605,4.440892098500626e-16,nan,0.0,0.0,True,-1,False
uniform_positive,128,20260831,global,0.2,1.0,1.0,0.0,0.3002057583756572,0.020556865441364074,1.0320791253684996,0.3246628216121794,0.5962817204199965,4.440892098500626e-16,nan,0.0,0.0,True,-1,False
uniform_positive,128,20260831,global,0.3,1.0,1.0,0.0,0.40544762955367186,0.038997216126910865,0.8710758872733728,0.2986692912240314,0.5941488933393673,4.440892098500626e-16,nan,0.0,0.0,True,-1,False
uniform_positive,128,20260831,global,0.4,1.0,1.0,0.0,0.7791603183073138,0.1165642128251114,0.30192436602608874,0.017112988115340497,0.7827301538087952,4.440892098500626e-16,nan,0.0,0.0,True,-1,False
uniform_positive,128,20260831,global,0.45,1.0,1.0,0.0,0.8413226532171626,0.1976717628866287,0.20801344698019783,0.0036920163008208016,0.7955863068482105,4.440892098500626e-16,nan,0.0,0.0,True,-1,False
uniform_positive,128,20260831,global,0.5,1.0,1.0,0.0,0.8702164898156544,0.317203077892172,0.1654376796431277,0.007277164984005555,0.8530940119005284,4.440892098500626e-16,nan,0.0,0.0,True,-1,False
uniform_positive,128,20260831,global,0.55,1.0,1.0,0.0,1.0,0.9999999999999999,0.0,0.0,1.238652571318192,1.1102230246251565e-16,nan,0.0,0.0,True,-1,True
uniform_positive,128,20260831,global,0.6,1.0,1.0,0.0,1.0,0.9999999999999999,0.0,0.0,1.3424613818447992,1.1102230246251565e-16,nan,0.0,0.0,True,-1,True
uniform_positive,128,20260831,global,0.65,1.0,1.0,0.0,1.0,0.9999999999999999,0.0,0.0,1.0545628152085693,1.1102230246251565e-16,nan,0.0,0.0,True,-1,True
uniform_positive,128,20260831,global,0.7,1.0,1.0,0.0,1.0,0.9999999999999999,0.0,0.0,2.5774168203659036,1.1102230246251565e-16,nan,0.0,0.0,True,-1,True
uniform_positive,128,20260831,local,0.0,1.0,1.0,0.0,0.057217485126779814,0.012346635910888536,1.4522006391403963,0.36600112574619753,0.5765425369611039,4.440892098500626e-16,0.7044152759530917,0.0,0.0,True,-1,False
uniform_positive,128,20260831,local,0.1,1.0,1.0,0.0,0.19174430792897126,0.023455771459332902,1.2198751289209038,0.34502694087309294,0.5884559115623688,4.440892098500626e-16,0.5374421722891906,0.0,0.0,True,-1,False
uniform_positive,128,20260831,local,0.2,1.0,1.0,0.0,0.28991428410815134,0.0280976398044184,1.0542298085728734,0.3260634525740391,0.5897535081894327,4.440892098500626e-16,0.3884173038618113,0.0,0.0,True,-1,False
uniform_positive,128,20260831,local,0.3,1.0,1.0,0.0,0.6844840333758501,0.045112274210838986,0.44643453439295055,0.045097656577747766,0.6959721493091673,4.440892098500626e-16,0.33077996937336923,0.0,0.0,True,-1,False
uniform_positive,128,20260831,local,0.4,1.0,1.0,0.0,0.8126062355975501,0.11136294206035668,0.26418806878807416,0.010800931398625344,0.8373078518217649,4.440892098500626e-16,0.25677693439430505,0.0,0.0,True,-1,False
uniform_positive,128,20260831,local,0.45,1.0,1.0,0.0,0.9840896647830554,0.9492280044649316,0.018913970574728795,2.0891716458130646e-07,1.284593297358694,4.440892098500626e-16,0.10405767360899763,0.0,0.0,True,-1,True
uniform_positive,128,20260831,local,0.5,1.0,1.0,0.0,0.9739543860334641,0.9736435432902452,0.03607423027091829,1.2544332552927569e-06,0.8915038756912202,4.440892098500626e-16,0.02958929190720505,0.0,0.0,True,-1,True
uniform_positive,128,20260831,local,0.55,1.0,1.0,0.0,1.0,0.9999999999999999,0.0,0.0,0.8634442868072361,1.1102230246251565e-16,-0.3174648149561292,0.0,0.0,True,-1,True
uniform_positive,128,20260831,local,0.6,1.0,1.0,0.0,1.0,0.9999999999999999,0.0,0.0,1.4757962575006447,1.1102230246251565e-16,-0.25093470639391524,0.0,0.0,True,-1,True
uniform_positive,128,20260831,local,0.65,1.0,1.0,0.0,1.0,0.9999999999999999,0.0,0.0,0.9786959199945862,1.1102230246251565e-16,-0.31921830314752353,0.0,0.0,True,-1,True
uniform_positive,128,20260831,local,0.7,1.0,1.0,0.0,1.0,0.9999999999999999,0.0,0.0,2.109966952454964,1.1102230246251565e-16,0.07056133879321902,0.0,0.0,True,-1,True
uniform_positive,128,20260832,global,0.0,1.0,1.0,0.0,0.06378037306577691,0.015628696333078,1.4431087471691069,0.3679060617023962,0.5816653632152796,4.440892098500626e-16,nan,0.0,0.0,True,-1,False
uniform_positive,128,20260832,global,0.1,1.0,1.0,0.0,0.22489732454468225,0.01758044123326479,1.1662447226759165,0.34690076400826164,0.578815993846385,4.440892098500626e-16,nan,0.0,0.0,True,-1,False
uniform_positive,128,20260832,global,0.2,1.0,1.0,0.0,0.3979668192848612,0.024684889058996243,0.8919856224668663,0.311935536249232,0.6112062846003761,4.440892098500626e-16,nan,0.0,0.0,True,-1,False
uniform_positive,128,20260832,global,0.3,1.0,1.0,0.0,0.5229868240888164,0.042698537271026765,0.679542666546534,0.20754650295516167,0.6244738031839987,4.440892098500626e-16,nan,0.0,0.0,True,-1,False
uniform_positive,128,20260832,global,0.4,1.0,1.0,0.0,0.6852523891921237,0.07322396037457315,0.44227027570547706,0.0756438162535228,0.70700719946172,4.440892098500626e-16,nan,0.0,0.0,True,-1,False
uniform_positive,128,20260832,global,0.45,1.0,1.0,0.0,0.7147765680136338,0.07508680479032172,0.3982967962068174,0.017282223520628186,0.6996756189082487,4.440892098500626e-16,nan,0.0,0.0,True,-1,False
uniform_positive,128,20260832,global,0.5,1.0,1.0,0.0,0.9989689798036898,0.9984486371808481,0.001588825051121517,1.815655919145555e-08,1.1078273256557125,4.440892098500626e-16,nan,0.0,0.0,True,-1,True
uniform_positive,128,20260832,global,0.55,1.0,1.0,0.0,1.0,0.9999999999999999,0.0,0.0,1.1840699904963474,1.1102230246251565e-16,nan,0.0,0.0,True,-1,True
uniform_positive,128,20260832,global,0.6,1.0,1.0,0.0,1.0,0.9999999999999999,0.0,0.0,1.957780597241927,1.1102230246251565e-16,nan,0.0,0.0,True,-1,True
uniform_positive,128,20260832,global,0.65,1.0,1.0,0.0,1.0,0.9999999999999999,0.0,0.0,1.2516361827888662,1.1102230246251565e-16,nan,0.0,0.0,True,-1,True
uniform_positive,128,20260832,global,0.7,1.0,1.0,0.0,1.0,0.9999999999999999,0.0,0.0,2.318256532773593,1.1102230246251565e-16,nan,0.0,0.0,True,-1,True
uniform_positive,128,20260832,local,0.0,1.0,1.0,0.0,0.05366568054520117,0.011756435761791592,1.4597209525693453,0.3663396477749451,0.5737322654389672,4.440892098500626e-16,0.5146690583528567,0.0,0.0,True,-1,False
uniform_positive,128,20260832,local,0.1,1.0,1.0,0.0,0.20989878050174635,0.024179207449012297,1.1937182962518773,0.3432492815700785,0.5858299372034387,4.440892098500626e-16,0.5094188833399312,0.0,0.0,True,-1,False
uniform_positive,128,20260832,local,0.2,1.0,1.0,0.0,0.5071371042835419,0.0334306065391364,0.7214845193611734,0.23251791362197483,0.6290726157213647,4.440892098500626e-16,0.43908183427134734,0.0,0.0,True,-1,False
uniform_positive,128,20260832,local,0.3,1.0,1.0,0.0,0.5291730390060089,0.04863411758254296,0.6688363573901288,0.2089219121694475,0.6527574857578744,4.440892098500626e-16,0.3461737745140911,0.0,0.0,True,-1,False
uniform_positive,128,20260832,local,0.4,1.0,1.0,0.0,0.860364063168912,0.20910976828477765,0.19203978063761953,0.0013020257426669185,0.8572382757913871,4.440892098500626e-16,0.26630804000561736,0.0,0.0,True,-1,False
uniform_positive,128,20260832,local,0.45,1.0,1.0,0.0,0.8994500935538173,0.3109317713864596,0.13176007730062467,0.00077216679038176,0.8720953537567032,4.440892098500626e-16,0.164250039880407,0.0,0.0,True,-1,False
uniform_positive,128,20260832,local,0.5,1.0,1.0,0.0,1.0,0.9999999999999999,0.0,0.0,0.892856651608311,1.1102230246251565e-16,0.18754773387128706,0.0,0.0,True,-1,True
uniform_positive,128,20260832,local,0.55,1.0,1.0,0.0,1.0,0.9999999999999999,9.581224702515102e-16,0.0,1.1258619583134375,1.1102230246251565e-16,0.30337768403801013,0.0,0.0,True,-1,True
uniform_positive,128,20260832,local,0.6,1.0,1.0,0.0,1.0,0.9999999999999999,2.5537720086769393e-14,0.0,1.1429341407810807,1.1102230246251565e-16,0.11150364076457575,0.0,0.0,True,-1,True
uniform_positive,128,20260832,local,0.65,1.0,1.0,0.0,1.0,0.9999999999999999,0.0,0.0,1.1873729036974934,1.1102230246251565e-16,-0.17402443361866857,0.0,0.0,True,-1,True
uniform_positive,128,20260832,local,0.7,1.0,1.0,0.0,1.0,0.9999999999999999,0.0,0.0,2.631491732126082,1.1102230246251565e-16,-0.6329079939673451,0.0,0.0,True,-1,True
positive_binary,128,20260830,global,0.0,1.0059055118110236,1.0059055118110236,0.08748222851688572,0.05985123574758454,0.01807904872403498,1.445159340020155,0.36291652736809277,0.5735385690157216,4.440892098500626e-16,nan,0.0,0.0,True,-1,False
positive_binary,128,20260830,global,0.1,1.0059055118110236,1.0059055118110236,0.08748222851688572,0.18593371576476178,0.023967784936527927,1.199065184581475,0.35165130821227053,0.5995514074777082,4.440892098500626e-16,nan,0.0,0.0,True,-1,False
positive_binary,128,20260830,global,0.2,1.0059055118110236,1.0059055118110236,0.08748222851688572,0.21787615608966812,0.024941100873080668,1.1516567387078818,0.34924675471075595,0.6181516895516368,4.440892098500626e-16,nan,0.0,0.0,True,-1,False
positive_binary,128,20260830,global,0.3,1.0059055118110236,1.0059055118110236,0.08748222851688572,0.36494121050845685,0.042688067142159086,0.9156922182759175,0.3227157963321256,0.6725109574082824,4.440892098500626e-16,nan,0.0,0.0,True,-1,False
positive_binary,128,20260830,global,0.4,1.0059055118110236,1.0059055118110236,0.08748222851688572,0.4086393500910694,0.04290518623534083,0.8602513419399646,0.3089767359842621,0.7213996065982073,4.440892098500626e-16,nan,0.0,0.0,True,-1,False
positive_binary,128,20260830,global,0.45,1.0059055118110236,1.0059055118110236,0.08748222851688572,0.4835280218558803,0.061724546723129936,0.7612408556795842,0.2851395591789151,0.7620662126616982,4.440892098500626e-16,nan,0.0,0.0,True,-1,False
positive_binary,128,20260830,global,0.5,1.0059055118110236,1.0059055118110236,0.08748222851688572,0.5097404024746567,0.049505142500254326,0.7136278695583936,0.26534650813041183,0.8746612045805466,4.440892098500626e-16,nan,0.0,0.0,True,-1,False
positive_binary,128,20260830,global,0.55,1.0059055118110236,1.0059055118110236,0.08748222851688572,0.611613130544156,0.07531813591766995,0.5847374487388456,0.2059856434301897,1.0109388994281627,4.440892098500626e-16,nan,0.0,0.0,True,-1,False
positive_binary,128,20260830,global,0.6,1.0059055118110236,1.0059055118110236,0.08748222851688572,0.6933044131696605,0.060691834752958494,0.49023519362202306,0.1307892416891578,1.3372044278999622,4.440892098500626e-16,nan,0.0,0.0,True,-1,False
positive_binary,128,20260830,global,0.65,1.0059055118110236,1.0059055118110236,0.08748222851688572,0.6694253783875461,0.08559770591189575,0.503021916120861,0.15147396176096997,1.2663350949429404,4.440892098500626e-16,nan,0.0,0.0,True,-1,False
positive_binary,128,20260830,global,0.7,1.0059055118110236,1.0059055118110236,0.08748222851688572,0.7699244967824089,0.1527974605553903,0.374734081099357,0.058245094945227796,1.7733380155736325,4.440892098500626e-16,nan,0.0,0.0,True,-1,False
positive_binary,128,20260830,local,0.0,1.0059055118110236,1.0059055118110236,0.08748222851688572,0.0586626537915811,0.01137742752845428,1.458713083264555,0.3646031063031874,0.5828914874001135,4.440892098500626e-16,0.43743918153284206,0.0,0.0,True,-1,False
positive_binary,128,20260830,local,0.1,1.0059055118110236,1.0059055118110236,0.08748222851688572,0.14996011561801084,0.022529078331822397,1.2713943486851769,0.35717404055077173,0.5821147880784033,4.440892098500626e-16,0.22331001638237635,0.0,0.0,True,-1,False
positive_binary,128,20260830,local,0.2,1.0059055118110236,1.0059055118110236,0.08748222851688572,0.25595318563740527,0.028671174590821507,1.086245968367967,0.3423763146681046,0.6094032987087035,4.440892098500626e-16,0.20106773889890078,0.0,0.0,True,-1,False
positive_binary,128,20260830,local,0.3,1.0059055118110236,1.0059055118110236,0.08748222851688572,0.33913292522599525,0.03380082164090401,0.9618399147646475,0.32342176251419913,0.637210769608884,4.440892098500626e-16,0.21005507023557143,0.0,0.0,True,-1,False
positive_binary,128,20260830,local,0.4,1.0059055118110236,1.0059055118110236,0.08748222851688572,0.4375411225980968,0.03775132778305323,0.8445899527105389,0.3005319387784672,0.731894830650829,4.440892098500626e-16,0.17238830246140938,0.0,0.0,True,-1,False
positive_binary,128,20260830,local,0.45,1.0059055118110236,1.0059055118110236,0.08748222851688572,0.460807488130082,0.042995017554048394,0.7867019026638964,0.28902773394764875,0.7480260176882094,4.440892098500626e-16,0.21782892808874407,0.0,0.0,True,-1,False
positive_binary,128,20260830,local,0.5,1.0059055118110236,1.0059055118110236,0.08748222851688572,0.5112637421887983,0.05641435712009567,0.7287951075475083,0.2680977135250846,0.7951195041801458,4.440892098500626e-16,0.16192400415087077,0.0,0.0,True,-1,False
positive_binary,128,20260830,local,0.55,1.0059055118110236,1.0059055118110236,0.08748222851688572,0.6240697063502173,0.05967016981311642,0.570698627937103,0.1981118163012163,1.0427179089019578,4.440892098500626e-16,0.21705173320709306,0.0,0.0,True,-1,False
positive_binary,128,20260830,local,0.6,1.0059055118110236,1.0059055118110236,0.08748222851688572,0.6048349587362313,0.07621272101653555,0.5899429200586053,0.2135389216859621,1.0423507533233014,4.440892098500626e-16,0.17184700003276354,0.0,0.0,True,-1,False
positive_binary,128,20260830,local,0.65,1.0059055118110236,1.0059055118110236,0.08748222851688572,0.6869885534547217,0.07212411267268429,0.490997160790368,0.1258341030748601,1.4306348377568936,4.440892098500626e-16,0.2153006878911616,0.0,0.0,True,-1,False
positive_binary,128,20260830,local,0.7,1.0059055118110236,1.0059055118110236,0.08748222851688572,0.8605984416215268,0.1808952969816791,0.25274699714276183,0.05779453743300349,4.503573633305368,4.440892098500626e-16,0.12681341990149955,0.0,0.0,True,-1,False
positive_binary,128,20260831,global,0.0,1.0184547244094488,1.0184547244094488,0.08786033955661413,0.06458999038316278,0.014249642425120508,1.4453624005040018,0.3641130816354323,0.5727652729116329,4.440892098500626e-16,nan,0.0,0.0,True,-1,False
positive_binary,128,20260831,global,0.1,1.0184547244094488,1.0184547244094488,0.08786033955661413,0.18840161132946046,0.01918792433509742,1.182939751428817,0.34877324415332767,0.5799817191833788,4.440892098500626e-16,nan,0.0,0.0,True,-1,False
positive_binary,128,20260831,global,0.2,1.0184547244094488,1.0184547244094488,0.08786033955661413,0.26543540562057905,0.02872215395722093,1.0845302196569984,0.34128443630633937,0.6367106177409514,4.440892098500626e-16,nan,0.0,0.0,True,-1,False
positive_binary,128,20260831,global,0.3,1.0184547244094488,1.0184547244094488,0.08786033955661413,0.36226119334452783,0.03384074304935174,0.9308837206181398,0.3299363215013561,0.6825539231508061,4.440892098500626e-16,nan,0.0,0.0,True,-1,False
positive_binary,128,20260831,global,0.4,1.0184547244094488,1.0184547244094488,0.08786033955661413,0.4713021009336768,0.04535134888273364,0.7858832093605262,0.29511903828111885,0.766420191825369,4.440892098500626e-16,nan,0.0,0.0,True,-1,False
positive_binary,128,20260831,global,0.45,1.0184547244094488,1.0184547244094488,0.08786033955661413,0.48626169484606646,0.04408082097788294,0.7506925956790381,0.27640910447583367,0.7336142276029975,4.440892098500626e-16,nan,0.0,0.0,True,-1,False
positive_binary,128,20260831,global,0.5,1.0184547244094488,1.0184547244094488,0.08786033955661413,0.5836310360599528,0.05854954693850166,0.6232144691933015,0.2250248876557735,1.073031183990889,4.440892098500626e-16,nan,0.0,0.0,True,-1,False
positive_binary,128,20260831,global,0.55,1.0184547244094488,1.0184547244094488,0.08786033955661413,0.57229130266809,0.058977296766665736,0.6556257241598704,0.24083777331544964,0.9133249155909015,4.440892098500626e-16,nan,0.0,0.0,True,-1,False
positive_binary,128,20260831,global,0.6,1.0184547244094488,1.0184547244094488,0.08786033955661413,0.6987880093685963,0.09311184371955612,0.46954434623849256,0.13422544618529003,1.4722471639719752,4.440892098500626e-16,nan,0.0,0.0,True,-1,False
positive_binary,128,20260831,global,0.65,1.0184547244094488,1.0184547244094488,0.08786033955661413,0.7609332094565581,0.09850956710730513,0.3884685427789763,0.0644220383171435,1.733678617902905,4.440892098500626e-16,nan,0.0,0.0,True,-1,False
positive_binary,128,20260831,global,0.7,1.0184547244094488,1.0184547244094488,0.08786033955661413,0.7827597473973733,0.18640483071120884,0.3555879423913297,0.05875031042013588,1.6857861609743032,4.440892098500626e-16,nan,0.0,0.0,True,-1,False
positive_binary,128,20260831,local,0.0,1.0184547244094488,1.0184547244094488,0.08786033955661413,0.057217485126779814,0.012346635910888536,1.4522006391403963,0.36600112574619753,0.5765425369611039,4.440892098500626e-16,0.7044152759530917,0.0,0.0,True,-1,False
positive_binary,128,20260831,local,0.1,1.0184547244094488,1.0184547244094488,0.08786033955661413,0.16553855070867363,0.02123158396028469,1.2433897839048464,0.3542641716408151,0.5895636746416815,4.440892098500626e-16,0.1808538724836118,0.0,0.0,True,-1,False
positive_binary,128,20260831,local,0.2,1.0184547244094488,1.0184547244094488,0.08786033955661413,0.3263544186925379,0.03028413859870161,0.9653195539390098,0.3291561976543173,0.6384244011453453,4.440892098500626e-16,0.1552203067571065,0.0,0.0,True,-1,False
positive_binary,128,20260831,local,0.3,1.0184547244094488,1.0184547244094488,0.08786033955661413,0.3843649405056724,0.03952855329096624,0.9162483881854051,0.3201530531830036,0.6665538612031604,4.440892098500626e-16,0.1574849123408374,0.0,0.0,True,-1,False
positive_binary,128,20260831,local,0.4,1.0184547244094488,1.0184547244094488,0.08786033955661413,0.3853491493667761,0.03538690191913948,0.8977702448392042,0.3161673148495438,0.6944917935877661,4.440892098500626e-16,0.12316487735643944,0.0,0.0,True,-1,False
positive_binary,128,20260831,local,0.45,1.0184547244094488,1.0184547244094488,0.08786033955661413,0.4361105397188867,0.0328439933601433,0.8268724157868483,0.3153376797624538,0.7202818417813818,4.440892098500626e-16,0.13107991671260538,0.0,0.0,True,-1,False
positive_binary,128,20260831,local,0.5,1.0184547244094488,1.0184547244094488,0.08786033955661413,0.48703653596934526,0.032381077346364195,0.7546653416071087,0.28986547790587724,0.8024665699331044,4.440892098500626e-16,0.12734629176899906,0.0,0.0,True,-1,False
positive_binary,128,20260831,local,0.55,1.0184547244094488,1.0184547244094488,0.08786033955661413,0.6641547321437167,0.09970617201895919,0.5107257849966957,0.1506208495149138,1.3509337658004537,4.440892098500626e-16,0.16150422193377578,0.0,0.0,True,-1,False
positive_binary,128,20260831,local,0.6,1.0184547244094488,1.0184547244094488,0.08786033955661413,0.7246324561823995,0.14094729918495583,0.4256699207123503,0.09649270797007554,1.5888593438903977,4.440892098500626e-16,0.13491587914140452,0.0,0.0,True,-1,False
positive_binary,128,20260831,local,0.65,1.0184547244094488,1.0184547244094488,0.08786033955661413,0.7796943571520661,0.10276660484206865,0.3670110788627519,0.059242691534037134,1.8183900909584185,4.440892098500626e-16,0.15255856672652007,0.0,0.0,True,-1,False
positive_binary,128,20260831,local,0.7,1.0184547244094488,1.0184547244094488,0.08786033955661413,0.8486105828666345,0.1811138102732504,0.26538759905007886,0.054675686492844155,3.986246893151629,4.440892098500626e-16,0.10351893177554702,0.0,0.0,True,-1,False
positive_binary,128,20260832,global,0.0,1.0054133858267718,1.0054133858267718,0.0935285400702674,0.06378037306577691,0.015628696333078,1.4431087471691069,0.3679060617023962,0.5816653632152796,4.440892098500626e-16,nan,0.0,0.0,True,-1,False
positive_binary,128,20260832,global,0.1,1.0054133858267718,1.0054133858267718,0.0935285400702674,0.1797818778748787,0.023355051743097627,1.2193168229770588,0.3538872852205968,0.6050208957510538,4.440892098500626e-16,nan,0.0,0.0,True,-1,False
positive_binary,128,20260832,global,0.2,1.0054133858267718,1.0054133858267718,0.0935285400702674,0.21304811864748444,0.02076736134114374,1.1495084887241023,0.3494841212588914,0.6029060910342501,4.440892098500626e-16,nan,0.0,0.0,True,-1,False
positive_binary,128,20260832,global,0.3,1.0054133858267718,1.0054133858267718,0.0935285400702674,0.3199391946418689,0.03537543744497471,0.9837151140326481,0.3349131844588227,0.6527954342658326,4.440892098500626e-16,nan,0.0,0.0,True,-1,False
positive_binary,128,20260832,global,0.4,1.0054133858267718,1.0054133858267718,0.0935285400702674,0.41524069259424473,0.040702028385653684,0.8531389949813196,0.30063577638861816,0.7597382457736979,4.440892098500626e-16,nan,0.0,0.0,True,-1,False
positive_binary,128,20260832,global,0.45,1.0054133858267718,1.0054133858267718,0.0935285400702674,0.4033706771224944,0.03991281772183289,0.869356168860116,0.31274737654340073,0.7127169180965012,4.440892098500626e-16,nan,0.0,0.0,True,-1,False
positive_binary,128,20260832,global,0.5,1.0054133858267718,1.0054133858267718,0.0935285400702674,0.5587391468013714,0.04978511088635497,0.670470102681104,0.2571804263090546,0.8909681570335164,4.440892098500626e-16,nan,0.0,0.0,True,-1,False
positive_binary,128,20260832,global,0.55,1.0054133858267718,1.0054133858267718,0.0935285400702674,0.5810347759467526,0.054353406057048165,0.6443281942295026,0.23083244378139242,0.9299672294072855,4.440892098500626e-16,nan,0.0,0.0,True,-1,False
positive_binary,128,20260832,global,0.6,1.0054133858267718,1.0054133858267718,0.0935285400702674,0.5814460432935327,0.04957497916405495,0.6302413595460741,0.23481080126113466,0.9712376990784937,4.440892098500626e-16,nan,0.0,0.0,True,-1,False
positive_binary,128,20260832,global,0.65,1.0054133858267718,1.0054133858267718,0.0935285400702674,0.7116763629624453,0.08466883657610412,0.4463963265454943,0.09800404187307032,1.4944571566388993,4.440892098500626e-16,nan,0.0,0.0,True,-1,False
positive_binary,128,20260832,global,0.7,1.0054133858267718,1.0054133858267718,0.0935285400702674,0.7669210182990713,0.0950688296729919,0.37160944338275037,0.06416648395021793,1.892280361163441,4.440892098500626e-16,nan,0.0,0.0,True,-1,False
positive_binary,128,20260832,local,0.0,1.0054133858267718,1.0054133858267718,0.0935285400702674,0.05366568054520117,0.011756435761791592,1.4597209525693453,0.3663396477749451,0.5737322654389672,4.440892098500626e-16,0.5146690583528567,0.0,0.0,True,-1,False
positive_binary,128,20260832,local,0.1,1.0054133858267718,1.0054133858267718,0.0935285400702674,0.1917006124820358,0.023281173438155157,1.20182551579831,0.35492024921327014,0.5965238198063509,4.440892098500626e-16,0.17690774245922267,0.0,0.0,True,-1,False
positive_binary,128,20260832,local,0.2,1.0054133858267718,1.0054133858267718,0.0935285400702674,0.2508534466026224,0.025664485355468315,1.0811375384187365,0.3454141195895115,0.6086056959844898,4.440892098500626e-16,0.15409224194366422,0.0,0.0,True,-1,False
positive_binary,128,20260832,local,0.3,1.0054133858267718,1.0054133858267718,0.0935285400702674,0.2810152723811841,0.03159233199115537,1.0712972943261796,0.3426184805828464,0.6115314139243462,4.440892098500626e-16,0.13896665272047892,0.0,0.0,True,-1,False
positive_binary,128,20260832,local,0.4,1.0054133858267718,1.0054133858267718,0.0935285400702674,0.38870419493130337,0.039293140393111485,0.8892821351936595,0.3033056317090422,0.6840261350898058,4.440892098500626e-16,0.12846281157696915,0.0,0.0,True,-1,False
positive_binary,128,20260832,local,0.45,1.0054133858267718,1.0054133858267718,0.0935285400702674,0.46162846526961177,0.045986142423516764,0.7792325555546146,0.2794536253248884,0.7554599179207758,4.440892098500626e-16,0.13038084407156697,0.0,0.0,True,-1,False
positive_binary,128,20260832,local,0.5,1.0054133858267718,1.0054133858267718,0.0935285400702674,0.5251260836713837,0.05790189915168479,0.7121996829683594,0.26691038615403184,0.8287429017631354,4.440892098500626e-16,0.06716934026753013,0.0,0.0,True,-1,False
positive_binary,128,20260832,local,0.55,1.0054133858267718,1.0054133858267718,0.0935285400702674,0.634022271201399,0.06483067724387226,0.5619956505698886,0.19356053040647175,1.1558986549457566,4.440892098500626e-16,0.08175075854969989,0.0,0.0,True,-1,False
positive_binary,128,20260832,local,0.6,1.0054133858267718,1.0054133858267718,0.0935285400702674,0.6044696183329421,0.0689803268018971,0.5838816495241332,0.21057666560899616,0.9674161798074696,4.440892098500626e-16,0.062043625610562175,0.0,0.0,True,-1,False
positive_binary,128,20260832,local,0.65,1.0054133858267718,1.0054133858267718,0.0935285400702674,0.674147974914563,0.08151047743246517,0.506766311571388,0.14132086164100105,1.1535200233922545,4.440892098500626e-16,0.1474745077131301,0.0,0.0,True,-1,False
positive_binary,128,20260832,local,0.7,1.0054133858267718,1.0054133858267718,0.0935285400702674,0.8657020620091264,0.17386693438533596,0.24485445778546647,0.05967900425699653,2.9627667232994828,4.440892098500626e-16,0.06278929065478475,0.0,0.0,True,-1,False
biased_sign,128,20260830,global,0.0,1.0,0.7455708661417323,0.051911710645589436,0.05985123574758454,0.01807904872403498,1.445159340020155,0.36291652736809277,0.5735385690157216,4.440892098500626e-16,nan,0.0,0.0,True,-1,False
biased_sign,128,20260830,global,0.1,1.0,0.7455708661417323,0.051911710645589436,0.23116798356486745,0.020282103051522046,1.112333236661652,0.3428477938066208,0.6128910529659196,4.440892098500626e-16,nan,0.0,0.0,True,-1,False
biased_sign,128,20260830,global,0.2,1.0,0.7455708661417323,0.051911710645589436,0.24078214935692435,0.024456415825516567,1.101988852063837,0.3375505956761332,0.5956114903938804,4.440892098500626e-16,nan,0.0,0.0,True,-1,False
biased_sign,128,20260830,global,0.3,1.0,0.7455708661417323,0.051911710645589436,0.31349305769386737,0.025228493738928954,0.9722679309716156,0.3194822647334121,0.6058257155597757,4.440892098500626e-16,nan,0.0,0.0,True,-1,False
biased_sign,128,20260830,global,0.4,1.0,0.7455708661417323,0.051911710645589436,0.38380380949946147,0.04572155823866844,0.8374921328046903,0.2878992776307471,0.6373930872049005,4.440892098500626e-16,nan,0.0,0.0,True,-1,False
biased_sign,128,20260830,global,0.45,1.0,0.7455708661417323,0.051911710645589436,0.43635300998912235,0.04075124185181267,0.7714026892359453,0.2566361009714241,0.712108592490819,4.440892098500626e-16,nan,0.0,0.0,True,-1,False
biased_sign,128,20260830,global,0.5,1.0,0.7455708661417323,0.051911710645589436,0.44389268175293606,0.041210987233500924,0.7572202849517016,0.2691814267701851,0.6879007551292904,4.440892098500626e-16,nan,0.0,0.0,True,-1,False
biased_sign,128,20260830,global,0.55,1.0,0.7455708661417323,0.051911710645589436,0.5205645326359515,0.06599466370156917,0.6576467971810324,0.2087315346199365,0.7582126756096935,4.440892098500626e-16,nan,0.0,0.0,True,-1,False
biased_sign,128,20260830,global,0.6,1.0,0.7455708661417323,0.051911710645589436,0.5216036906459237,0.047410409636413894,0.6591708367150693,0.20655324890485519,0.7676745668180311,4.440892098500626e-16,nan,0.0,0.0,True,-1,False
biased_sign,128,20260830,global,0.65,1.0,0.7455708661417323,0.051911710645589436,0.5568440220008039,0.053287521844868464,0.6112664594550419,0.1853797385308144,0.8224383403975689,4.440892098500626e-16,nan,0.0,0.0,True,-1,False
biased_sign,128,20260830,global,0.7,1.0,0.7455708661417323,0.051911710645589436,0.5569689315309313,0.05981499382865586,0.606035379476964,0.18589391605460698,0.764645738536785,4.440892098500626e-16,nan,0.0,0.0,True,-1,False
biased_sign,128,20260830,local,0.0,1.0,0.7455708661417323,0.051911710645589436,0.0586626537915811,0.01137742752845428,1.458713083264555,0.3646031063031874,0.5828914874001135,4.440892098500626e-16,0.43743918153284206,0.0,0.0,True,-1,False
biased_sign,128,20260830,local,0.1,1.0,0.7455708661417323,0.051911710645589436,0.16249077977030008,0.022268789841470852,1.2452888578184274,0.34922267935612716,0.5848269057002806,4.440892098500626e-16,0.21280851063298192,0.0,0.0,True,-1,False
biased_sign,128,20260830,local,0.2,1.0,0.7455708661417323,0.051911710645589436,0.3012577394354906,0.02510860626909873,0.9936274439410484,0.31650645248410514,0.604615999466219,4.440892098500626e-16,0.14913810059451735,0.0,0.0,True,-1,False
biased_sign,128,20260830,local,0.3,1.0,0.7455708661417323,0.051911710645589436,0.24410217451346483,0.02726622251815924,1.1066409771326102,0.335846908948622,0.6000614063215097,4.440892098500626e-16,0.24710482291855995,0.0,0.0,True,-1,False
biased_sign,128,20260830,local,0.4,1.0,0.7455708661417323,0.051911710645589436,0.45666092642580336,0.035422703618454045,0.7505469470413081,0.2541460906451408,0.7147235307499771,4.440892098500626e-16,0.21023544291427554,0.0,0.0,True,-1,False
biased_sign,128,20260830,local,0.45,1.0,0.7455708661417323,0.051911710645589436,0.3112629309308718,0.03319671498997998,0.9789619222857653,0.31714802883777843,0.6258865607232394,4.440892098500626e-16,0.1385366503920231,0.0,0.0,True,-1,False
biased_sign,128,20260830,local,0.5,1.0,0.7455708661417323,0.051911710645589436,0.3991605829210966,0.04148381855284027,0.819859225266427,0.28915700353265605,0.6573845859604645,4.440892098500626e-16,0.16242266844890565,0.0,0.0,True,-1,False
biased_sign,128,20260830,local,0.55,1.0,0.7455708661417323,0.051911710645589436,0.4851319607578692,0.05418246230602043,0.7024105657275986,0.20667568692776533,0.6919730551984642,4.440892098500626e-16,0.23104962569423868,0.0,0.0,True,-1,False
biased_sign,128,20260830,local,0.6,1.0,0.7455708661417323,0.051911710645589436,0.5234533946385798,0.06177199089847648,0.6551826198961521,0.20619465306318918,0.766643636071471,4.440892098500626e-16,0.1698931144273285,0.0,0.0,True,-1,False
biased_sign,128,20260830,local,0.65,1.0,0.7455708661417323,0.051911710645589436,0.4273743451380814,0.030673131148256528,0.8123808972974059,0.2719994472869791,0.6454191747162155,4.440892098500626e-16,0.21014094175647283,0.0,0.0,True,-1,False
biased_sign,128,20260830,local,0.7,1.0,0.7455708661417323,0.051911710645589436,0.6117509473984215,0.055034906243129594,0.5371605383997456,0.13479634604826796,0.9403728543192973,4.440892098500626e-16,0.16534201777832608,0.0,0.0,True,-1,False
biased_sign,128,20260831,global,0.0,1.0,0.7531988188976378,0.05866370863648515,0.06458999038316278,0.014249642425120508,1.4453624005040018,0.3641130816354323,0.5727652729116329,4.440892098500626e-16,nan,0.0,0.0,True,-1,False
biased_sign,128,20260831,global,0.1,1.0,0.7531988188976378,0.05866370863648515,0.14093306173410083,0.019641153496473374,1.293194436295466,0.3563863751255216,0.581130648895126,4.440892098500626e-16,nan,0.0,0.0,True,-1,False
biased_sign,128,20260831,global,0.2,1.0,0.7531988188976378,0.05866370863648515,0.2578707478198264,0.02285378306696004,1.0712749699608757,0.33257215686023167,0.5983132464651648,4.440892098500626e-16,nan,0.0,0.0,True,-1,False
biased_sign,128,20260831,global,0.3,1.0,0.7531988188976378,0.05866370863648515,0.2725349879321903,0.030479563709005376,1.0344692505860549,0.33151072228700995,0.5979156862660322,4.440892098500626e-16,nan,0.0,0.0,True,-1,False
biased_sign,128,20260831,global,0.4,1.0,0.7531988188976378,0.05866370863648515,0.3857048756263677,0.04286464317985366,0.8414888273756763,0.29305735323331566,0.6358508471431322,4.440892098500626e-16,nan,0.0,0.0,True,-1,False
biased_sign,128,20260831,global,0.45,1.0,0.7531988188976378,0.05866370863648515,0.37614668556879555,0.04125307499712715,0.8735061803217775,0.2993221709430028,0.6677982591801213,4.440892098500626e-16,nan,0.0,0.0,True,-1,False
biased_sign,128,20260831,global,0.5,1.0,0.7531988188976378,0.05866370863648515,0.4847243643048566,0.04521999756913309,0.7067705450652813,0.23480474255999356,0.6819710544477671,4.440892098500626e-16,nan,0.0,0.0,True,-1,False
biased_sign,128,20260831,global,0.55,1.0,0.7531988188976378,0.05866370863648515,0.45881562823950506,0.04654639192123759,0.7514787107906272,0.2544470384070442,0.6661834146203283,4.440892098500626e-16,nan,0.0,0.0,True,-1,False
biased_sign,128,20260831,global,0.6,1.0,0.7531988188976378,0.05866370863648515,0.5158664925710189,0.06782450314782247,0.6615846763255041,0.19761274309658033,0.7788891580365959,4.440892098500626e-16,nan,0.0,0.0,True,-1,False
biased_sign,128,20260831,global,0.65,1.0,0.7531988188976378,0.05866370863648515,0.6500250748814392,0.08600427394022489,0.48113608704293087,0.10237793181187849,0.9953064543466859,4.440892098500626e-16,nan,0.0,0.0,True,-1,False
biased_sign,128,20260831,global,0.7,1.0,0.7531988188976378,0.05866370863648515,0.5352719781704258,0.06003852595999151,0.648642462777157,0.1985309863345276,0.8106797058053665,4.440892098500626e-16,nan,0.0,0.0,True,-1,False
biased_sign,128,20260831,local,0.0,1.0,0.7531988188976378,0.05866370863648515,0.057217485126779814,0.012346635910888536,1.4522006391403963,0.36600112574619753,0.5765425369611039,4.440892098500626e-16,0.7044152759530917,0.0,0.0,True,-1,False
biased_sign,128,20260831,local,0.1,1.0,0.7531988188976378,0.05866370863648515,0.18373033153272525,0.015838016526806525,1.204787378555938,0.35292394865370424,0.582604171115299,4.440892098500626e-16,0.20809951005111668,0.0,0.0,True,-1,False
biased_sign,128,20260831,local,0.2,1.0,0.7531988188976378,0.05866370863648515,0.30974259122212827,0.025456466277613294,0.9758099806018314,0.31772528906253716,0.5960259852328076,4.440892098500626e-16,0.1751875324206467,0.0,0.0,True,-1,False
biased_sign,128,20260831,local,0.3,1.0,0.7531988188976378,0.05866370863648515,0.2689783966659332,0.03170750569737367,1.0429167854632102,0.32660255217551215,0.6120937133706671,4.440892098500626e-16,0.11849229796165564,0.0,0.0,True,-1,False
biased_sign,128,20260831,local,0.4,1.0,0.7531988188976378,0.05866370863648515,0.3900454757164182,0.03770474537184334,0.84633527905254,0.2863794211481949,0.6378137257344685,4.440892098500626e-16,0.09523132493598828,0.0,0.0,True,-1,False
biased_sign,128,20260831,local,0.45,1.0,0.7531988188976378,0.05866370863648515,0.4131017738148059,0.04047891055152646,0.8244987497739648,0.2800673520621477,0.672111289292762,4.440892098500626e-16,0.16482585549444315,0.0,0.0,True,-1,False
biased_sign,128,20260831,local,0.5,1.0,0.7531988188976378,0.05866370863648515,0.46077468524636345,0.05238553462249652,0.7353288493149621,0.2444759975822141,0.6911105949521201,4.440892098500626e-16,0.10284808520697249,0.0,0.0,True,-1,False
biased_sign,128,20260831,local,0.55,1.0,0.7531988188976378,0.05866370863648515,0.43738740041682794,0.04823722635233979,0.7770258861093006,0.2511259891611743,0.6943451968341803,4.440892098500626e-16,0.11108624653436983,0.0,0.0,True,-1,False
biased_sign,128,20260831,local,0.6,1.0,0.7531988188976378,0.05866370863648515,0.5539163445414995,0.03561261932006348,0.6227256276521146,0.17027078164693465,0.7893768011291784,4.440892098500626e-16,0.09533789395463195,0.0,0.0,True,-1,False
biased_sign,128,20260831,local,0.65,1.0,0.7531988188976378,0.05866370863648515,0.5955158261045771,0.06384234386821397,0.5269318030070875,0.14054864101179,0.9214978333468216,4.440892098500626e-16,0.1733685704310682,0.0,0.0,True,-1,False
biased_sign,128,20260831,local,0.7,1.0,0.7531988188976378,0.05866370863648515,0.5439632943213286,0.048234829600012005,0.6314851558736988,0.19645368069380034,0.7429592696532994,4.440892098500626e-16,0.09133788405991942,0.0,0.0,True,-1,False
biased_sign,128,20260832,global,0.0,1.0,0.7551673228346457,0.051515389795630695,0.06378037306577691,0.015628696333078,1.4431087471691069,0.3679060617023962,0.5816653632152796,4.440892098500626e-16,nan,0.0,0.0,True,-1,False
biased_sign,128,20260832,global,0.1,1.0,0.7551673228346457,0.051515389795630695,0.16930518376352988,0.019355086942205422,1.2359596086170017,0.3497822098723274,0.5766695879250422,4.440892098500626e-16,nan,0.0,0.0,True,-1,False
biased_sign,128,20260832,global,0.2,1.0,0.7551673228346457,0.051515389795630695,0.20293928536231803,0.018359945694002837,1.170299829796363,0.34334021392082914,0.5889284857982073,4.440892098500626e-16,nan,0.0,0.0,True,-1,False
biased_sign,128,20260832,global,0.3,1.0,0.7551673228346457,0.051515389795630695,0.2735210814890428,0.0255156132602383,1.0411937246262255,0.33171285211603657,0.6192965961826442,4.440892098500626e-16,nan,0.0,0.0,True,-1,False
biased_sign,128,20260832,global,0.4,1.0,0.7551673228346457,0.051515389795630695,0.3201468162338449,0.026610817906293376,0.9684030594298659,0.313202752015864,0.6175435945942145,4.440892098500626e-16,nan,0.0,0.0,True,-1,False
biased_sign,128,20260832,global,0.45,1.0,0.7551673228346457,0.051515389795630695,0.4242203448204541,0.04828863596551552,0.7952289752257715,0.26656777173968327,0.6665051489429312,4.440892098500626e-16,nan,0.0,0.0,True,-1,False
biased_sign,128,20260832,global,0.5,1.0,0.7551673228346457,0.051515389795630695,0.4317351005942432,0.04042588016526972,0.7972389120703713,0.26113510048791266,0.6628556640581953,4.440892098500626e-16,nan,0.0,0.0,True,-1,False
biased_sign,128,20260832,global,0.55,1.0,0.7551673228346457,0.051515389795630695,0.5704451649889517,0.0767622033069067,0.581062162758339,0.16513066603084278,0.8082053600835994,4.440892098500626e-16,nan,0.0,0.0,True,-1,False
biased_sign,128,20260832,global,0.6,1.0,0.7551673228346457,0.051515389795630695,0.455056848492323,0.031204115219890572,0.7482119304417205,0.24926789168688315,0.7013880190546183,4.440892098500626e-16,nan,0.0,0.0,True,-1,False
biased_sign,128,20260832,global,0.65,1.0,0.7551673228346457,0.051515389795630695,0.6064996991824412,0.08343545037865334,0.5334004995648751,0.131179391874018,0.846746230436576,4.440892098500626e-16,nan,0.0,0.0,True,-1,False
biased_sign,128,20260832,global,0.7,1.0,0.7551673228346457,0.051515389795630695,0.5706893954405308,0.054512018135902444,0.6010230456010639,0.1573630459561336,0.7813561681581417,4.440892098500626e-16,nan,0.0,0.0,True,-1,False
biased_sign,128,20260832,local,0.0,1.0,0.7551673228346457,0.051515389795630695,0.05366568054520117,0.011756435761791592,1.4597209525693453,0.3663396477749451,0.5737322654389672,4.440892098500626e-16,0.5146690583528567,0.0,0.0,True,-1,False
biased_sign,128,20260832,local,0.1,1.0,0.7551673228346457,0.051515389795630695,0.1610279801051758,0.017584401750850655,1.2537989137212655,0.35027239811378463,0.5761020325546531,4.440892098500626e-16,0.20210230233734056,0.0,0.0,True,-1,False
biased_sign,128,20260832,local,0.2,1.0,0.7551673228346457,0.051515389795630695,0.2508710323894966,0.024992906545999106,1.0696375609735915,0.33448631838103837,0.5885318803987191,4.440892098500626e-16,0.17422734178950702,0.0,0.0,True,-1,False
biased_sign,128,20260832,local,0.3,1.0,0.7551673228346457,0.051515389795630695,0.2691474118028977,0.027637535608720676,1.0480083727602034,0.3304630888508173,0.6060491164846236,4.440892098500626e-16,0.15558090413420642,0.0,0.0,True,-1,False
biased_sign,128,20260832,local,0.4,1.0,0.7551673228346457,0.051515389795630695,0.36749532561185627,0.03056368403020163,0.9002146162714196,0.3034124792342369,0.6416431207810918,4.440892098500626e-16,0.14247614272573836,0.0,0.0,True,-1,False
biased_sign,128,20260832,local,0.45,1.0,0.7551673228346457,0.051515389795630695,0.4342728771418575,0.03457076041631757,0.7962660295747725,0.2631494627326293,0.6267812473104831,4.440892098500626e-16,0.1738224847660836,0.0,0.0,True,-1,False
biased_sign,128,20260832,local,0.5,1.0,0.7551673228346457,0.051515389795630695,0.36989613892775786,0.03695729545329611,0.8828651688322041,0.28978597449771426,0.6368068571771136,4.440892098500626e-16,0.15368186570778003,0.0,0.0,True,-1,False
biased_sign,128,20260832,local,0.55,1.0,0.7551673228346457,0.051515389795630695,0.48984436757657124,0.05699019205333132,0.7032325691031077,0.2325831017737059,0.6918976756588024,4.440892098500626e-16,0.1372609649306781,0.0,0.0,True,-1,False
biased_sign,128,20260832,local,0.6,1.0,0.7551673228346457,0.051515389795630695,0.533102370386538,0.06170971655503344,0.6367475864843027,0.20295933864652127,0.7676206878181491,4.440892098500626e-16,0.15283551483444763,0.0,0.0,True,-1,False
biased_sign,128,20260832,local,0.65,1.0,0.7551673228346457,0.051515389795630695,0.5009793506884083,0.05142164623518691,0.704586105862517,0.2373405320018333,0.7407846997535017,4.440892098500626e-16,0.09814356692354578,0.0,0.0,True,-1,False
biased_sign,128,20260832,local,0.7,1.0,0.7551673228346457,0.051515389795630695,0.6001139214778086,0.06515007470368872,0.5437196012457265,0.1476498173492182,0.9101271499110073,4.440892098500626e-16,0.12545779502027501,0.0,0.0,True,-1,False
rademacher,128,20260830,global,0.0,1.0,0.000984251968503937,0.08205970215391618,0.05985123574758454,0.01807904872403498,1.445159340020155,0.36291652736809277,0.5735385690157216,4.440892098500626e-16,nan,0.0,0.0,True,-1,False
rademacher,128,20260830,global,0.1,1.0,0.000984251968503937,0.08205970215391618,0.05920119437333234,0.01347088665870007,1.4385339962835098,0.3667920436486164,0.5756684000180113,4.440892098500626e-16,nan,0.0,0.0,True,-1,False
rademacher,128,20260830,global,0.2,1.0,0.000984251968503937,0.08205970215391618,0.06052785454920437,0.015290993945494073,1.3903386384140042,0.3717495373233274,0.6043028221260166,4.440892098500626e-16,nan,0.0,0.0,True,-1,False
rademacher,128,20260830,global,0.3,1.0,0.000984251968503937,0.08205970215391618,0.06269876175121285,0.017191240519124008,1.4075608860496742,0.3730656475586763,0.6059624831205244,4.440892098500626e-16,nan,0.0,0.0,True,-1,False
rademacher,128,20260830,global,0.4,1.0,0.000984251968503937,0.08205970215391618,0.07430183791145172,0.014581801293409727,1.3244677059791743,0.373602401314041,0.6111499470109467,4.440892098500626e-16,nan,0.0,0.0,True,-1,False
rademacher,128,20260830,global,0.45,1.0,0.000984251968503937,0.08205970215391618,0.0670620350867734,0.013999275119380355,1.380289867203002,0.37606560224239605,0.6211591038638431,4.440892098500626e-16,nan,0.0,0.0,True,-1,False
rademacher,128,20260830,global,0.5,1.0,0.000984251968503937,0.08205970215391618,0.06686973809678635,0.016375540390554756,1.3765118830345315,0.38252952160639453,0.6577837340768091,4.440892098500626e-16,nan,0.0,0.0,True,-1,False
rademacher,128,20260830,global,0.55,1.0,0.000984251968503937,0.08205970215391618,0.06871040253798597,0.01809146808844088,1.3479606085071962,0.3861246934208321,0.6590327491285594,4.440892098500626e-16,nan,0.0,0.0,True,-1,False
rademacher,128,20260830,global,0.6,1.0,0.000984251968503937,0.08205970215391618,0.06775699349353918,0.015845825636849414,1.3246882955215487,0.3910412635031938,0.6746740276288323,4.440892098500626e-16,nan,0.0,0.0,True,-1,False
rademacher,128,20260830,global,0.65,1.0,0.000984251968503937,0.08205970215391618,0.06208209929446075,0.019864073293245216,1.3804379160010627,0.4002864416198624,0.6663488940313054,4.440892098500626e-16,nan,0.0,0.0,True,-1,False
rademacher,128,20260830,global,0.7,1.0,0.000984251968503937,0.08205970215391618,0.07054574619107261,0.01805787226301721,1.3390409240992582,0.3906076941639126,0.6637552900076389,4.440892098500626e-16,nan,0.0,0.0,True,-1,False
rademacher,128,20260830,local,0.0,1.0,0.000984251968503937,0.08205970215391618,0.0586626537915811,0.01137742752845428,1.458713083264555,0.3646031063031874,0.5828914874001135,4.440892098500626e-16,0.43743918153284206,0.0,0.0,True,-1,False
rademacher,128,20260830,local,0.1,1.0,0.000984251968503937,0.08205970215391618,0.06594976012145587,0.01288850103858741,1.3719087228974007,0.3618084622282025,0.5897168883735623,4.440892098500626e-16,0.21961898737872643,0.0,0.0,True,-1,False
rademacher,128,20260830,local,0.2,1.0,0.000984251968503937,0.08205970215391618,0.05837747820550839,0.014619394902130812,1.3879852578509306,0.36584518650861914,0.5845380455170845,4.440892098500626e-16,0.20202982104485753,0.0,0.0,True,-1,False
rademacher,128,20260830,local,0.3,1.0,0.000984251968503937,0.08205970215391618,0.06191632151665402,0.018590992555076496,1.334821164574241,0.37028311019606786,0.6303583786283679,4.440892098500626e-16,0.19106924925703617,0.0,0.0,True,-1,False
rademacher,128,20260830,local,0.4,1.0,0.000984251968503937,0.08205970215391618,0.06583437826585009,0.016505244603521114,1.3294913247008118,0.376511452916202,0.6447848927212985,4.440892098500626e-16,0.18343604569227212,0.0,0.0,True,-1,False
rademacher,128,20260830,local,0.45,1.0,0.000984251968503937,0.08205970215391618,0.0651892618742862,0.015496997667573809,1.3831507291299687,0.37712431333040697,0.6110842542057924,4.440892098500626e-16,0.18371879613262812,0.0,0.0,True,-1,False
rademacher,128,20260830,local,0.5,1.0,0.000984251968503937,0.08205970215391618,0.06737585075057789,0.013801961747917434,1.3585717734815963,0.3853896275698232,0.6526297621686092,4.440892098500626e-16,0.17141189119967934,0.0,0.0,True,-1,False
rademacher,128,20260830,local,0.55,1.0,0.000984251968503937,0.08205970215391618,0.07498427001607837,0.019673499483949475,1.329075317498312,0.3960276443178232,0.6703185446902762,4.440892098500626e-16,0.17513882808195927,0.0,0.0,True,-1,False
rademacher,128,20260830,local,0.6,1.0,0.000984251968503937,0.08205970215391618,0.07021742202361288,0.017731356771352146,1.3637335196709268,0.3930168271436336,0.6614849852694447,4.440892098500626e-16,0.17172008382947335,0.0,0.0,True,-1,False
rademacher,128,20260830,local,0.65,1.0,0.000984251968503937,0.08205970215391618,0.06949870778991597,0.018218348678618605,1.2965790515963307,0.389358934799903,0.6970299140419798,4.440892098500626e-16,0.17317241411078071,0.0,0.0,True,-1,False
rademacher,128,20260830,local,0.7,1.0,0.000984251968503937,0.08205970215391618,0.07312421593576675,0.017870994969998912,1.3343294261855028,0.3919171355963015,0.6735954915099944,4.440892098500626e-16,0.16701259000752075,0.0,0.0,True,-1,False
rademacher,128,20260831,global,0.0,1.0,-0.022637795275590553,0.0855506919191293,0.06458999038316278,0.014249642425120508,1.4453624005040018,0.3641130816354323,0.5727652729116329,4.440892098500626e-16,nan,0.0,0.0,True,-1,False
rademacher,128,20260831,global,0.1,1.0,-0.022637795275590553,0.0855506919191293,0.05726156967526136,0.012676347027717702,1.4240297583851387,0.3693278792216956,0.589139712742898,4.440892098500626e-16,nan,0.0,0.0,True,-1,False
rademacher,128,20260831,global,0.2,1.0,-0.022637795275590553,0.0855506919191293,0.06145764420220833,0.014728581869521858,1.4208500585667914,0.36699369435531953,0.5913408552830168,4.440892098500626e-16,nan,0.0,0.0,True,-1,False
rademacher,128,20260831,global,0.3,1.0,-0.022637795275590553,0.0855506919191293,0.06804940054548458,0.018037805362381372,1.3673396214496594,0.37752050164092127,0.620326146208511,4.440892098500626e-16,nan,0.0,0.0,True,-1,False
rademacher,128,20260831,global,0.4,1.0,-0.022637795275590553,0.0855506919191293,0.06642981790342614,0.015988820608493406,1.3642789293243929,0.37848334903497094,0.6330837544569251,4.440892098500626e-16,nan,0.0,0.0,True,-1,False
rademacher,128,20260831,global,0.45,1.0,-0.022637795275590553,0.0855506919191293,0.07370441609687209,0.017102787168763765,1.3416376448440088,0.37247915789514796,0.6259143659028115,4.440892098500626e-16,nan,0.0,0.0,True,-1,False
rademacher,128,20260831,global,0.5,1.0,-0.022637795275590553,0.0855506919191293,0.06926492016945754,0.01599742707298284,1.312807848346478,0.3939098456963903,0.6551924064128103,4.440892098500626e-16,nan,0.0,0.0,True,-1,False
rademacher,128,20260831,global,0.55,1.0,-0.022637795275590553,0.0855506919191293,0.07393270848586742,0.019761991051928548,1.2849864210508684,0.383470047244601,0.6736740514943402,4.440892098500626e-16,nan,0.0,0.0,True,-1,False
rademacher,128,20260831,global,0.6,1.0,-0.022637795275590553,0.0855506919191293,0.06542753307387832,0.015266750244444176,1.381721356648007,0.39104166846804944,0.644105203261371,4.440892098500626e-16,nan,0.0,0.0,True,-1,False
rademacher,128,20260831,global,0.65,1.0,-0.022637795275590553,0.0855506919191293,0.07038013767057784,0.019498141032914872,1.2900149686186406,0.40478738331864694,0.7411722676247096,4.440892098500626e-16,nan,0.0,0.0,True,-1,False
rademacher,128,20260831,global,0.7,1.0,-0.022637795275590553,0.0855506919191293,0.06864990986823548,0.01669603352344534,1.3359608229134994,0.3999042193309249,0.719581205473039,4.440892098500626e-16,nan,0.0,0.0,True,-1,False
rademacher,128,20260831,local,0.0,1.0,-0.022637795275590553,0.0855506919191293,0.057217485126779814,0.012346635910888536,1.4522006391403963,0.36600112574619753,0.5765425369611039,4.440892098500626e-16,0.7044152759530917,0.0,0.0,True,-1,False
rademacher,128,20260831,local,0.1,1.0,-0.022637795275590553,0.0855506919191293,0.06471364691776865,0.013843595241047446,1.4050255071901425,0.3683811504413691,0.5904781542479978,4.440892098500626e-16,0.18108182067603526,0.0,0.0,True,-1,False
rademacher,128,20260831,local,0.2,1.0,-0.022637795275590553,0.0855506919191293,0.05847836198472112,0.015189633531793329,1.3904454354863591,0.3690935011085421,0.5882198739288185,4.440892098500626e-16,0.15851441867925917,0.0,0.0,True,-1,False
rademacher,128,20260831,local,0.3,1.0,-0.022637795275590553,0.0855506919191293,0.06448224268549686,0.014085850259919732,1.3967515352960103,0.3671456485504774,0.5847263152033839,4.440892098500626e-16,0.14941771704047344,0.0,0.0,True,-1,False
rademacher,128,20260831,local,0.4,1.0,-0.022637795275590553,0.0855506919191293,0.06525065085401754,0.014608174488929962,1.3607413968667552,0.3790697740489373,0.6251873111591298,4.440892098500626e-16,0.13660778102343443,0.0,0.0,True,-1,False
rademacher,128,20260831,local,0.45,1.0,-0.022637795275590553,0.0855506919191293,0.06760836474759553,0.015487880285831502,1.3707116070359788,0.38540651539625265,0.6224493615003522,4.440892098500626e-16,0.13850065916879414,0.0,0.0,True,-1,False
rademacher,128,20260831,local,0.5,1.0,-0.022637795275590553,0.0855506919191293,0.07179220164514694,0.018416706308754603,1.298180341853752,0.3919891176810558,0.6692965222297108,4.440892098500626e-16,0.13445858489605717,0.0,0.0,True,-1,False
rademacher,128,20260831,local,0.55,1.0,-0.022637795275590553,0.0855506919191293,0.07376936765346284,0.01784962174002928,1.3273235435497668,0.3932397221188507,0.6598884781379339,4.440892098500626e-16,0.13476387001935636,0.0,0.0,True,-1,False
rademacher,128,20260831,local,0.6,1.0,-0.022637795275590553,0.0855506919191293,0.06837225260572896,0.01673600702103792,1.3486847097560073,0.38333484320017264,0.6351504936677063,4.440892098500626e-16,0.13394180932509456,0.0,0.0,True,-1,False
rademacher,128,20260831,local,0.65,1.0,-0.022637795275590553,0.0855506919191293,0.07104836156733135,0.019777401016782957,1.3523230556590755,0.40903192365856855,0.7039937358439591,4.440892098500626e-16,0.14173385262235585,0.0,0.0,True,-1,False
rademacher,128,20260831,local,0.7,1.0,-0.022637795275590553,0.0855506919191293,0.06733484814780986,0.01989215984363143,1.3880281214009886,0.39676492677219893,0.6549874058490561,4.440892098500626e-16,0.1280661514177528,0.0,0.0,True,-1,False
rademacher,128,20260832,global,0.0,1.0,0.008366141732283465,0.09112573412762633,0.06378037306577691,0.015628696333078,1.4431087471691069,0.3679060617023962,0.5816653632152796,4.440892098500626e-16,nan,0.0,0.0,True,-1,False
rademacher,128,20260832,global,0.1,1.0,0.008366141732283465,0.09112573412762633,0.058300837947257676,0.012213076055077269,1.4495573765259806,0.36686518084746905,0.5785632387381827,4.440892098500626e-16,nan,0.0,0.0,True,-1,False
rademacher,128,20260832,global,0.2,1.0,0.008366141732283465,0.09112573412762633,0.06616971435611897,0.017701873608487545,1.3574948913670855,0.36795935389906637,0.5977106152155458,4.440892098500626e-16,nan,0.0,0.0,True,-1,False
rademacher,128,20260832,global,0.3,1.0,0.008366141732283465,0.09112573412762633,0.07220740444587825,0.015269826622449991,1.3331541325198597,0.36912852409556185,0.6183236672405552,4.440892098500626e-16,nan,0.0,0.0,True,-1,False
rademacher,128,20260832,global,0.4,1.0,0.008366141732283465,0.09112573412762633,0.06584858206738996,0.014901443523904673,1.3770486078891575,0.37754472629535163,0.6267672073483332,4.440892098500626e-16,nan,0.0,0.0,True,-1,False
rademacher,128,20260832,global,0.45,1.0,0.008366141732283465,0.09112573412762633,0.06306364482915292,0.010831772544932896,1.3305407856535427,0.37591468376805914,0.6316903271711414,4.440892098500626e-16,nan,0.0,0.0,True,-1,False
rademacher,128,20260832,global,0.5,1.0,0.008366141732283465,0.09112573412762633,0.06722228993299699,0.012575872605747631,1.3885516748623865,0.38788508104615554,0.6403075479850493,4.440892098500626e-16,nan,0.0,0.0,True,-1,False
rademacher,128,20260832,global,0.55,1.0,0.008366141732283465,0.09112573412762633,0.07567936459306739,0.016216353595872746,1.344521089006563,0.3935438582206998,0.679756165393696,4.440892098500626e-16,nan,0.0,0.0,True,-1,False
rademacher,128,20260832,global,0.6,1.0,0.008366141732283465,0.09112573412762633,0.06673824362543254,0.014488843463897113,1.3296994597601994,0.3810615671643331,0.6453239887544389,4.440892098500626e-16,nan,0.0,0.0,True,-1,False
rademacher,128,20260832,global,0.65,1.0,0.008366141732283465,0.09112573412762633,0.07489709123028095,0.016272504470716532,1.3022859528425577,0.38623418162020917,0.6561163483369615,4.440892098500626e-16,nan,0.0,0.0,True,-1,False
rademacher,128,20260832,global,0.7,1.0,0.008366141732283465,0.09112573412762633,0.06439565748332317,0.013673596909235131,1.4137061545804726,0.3912360027780562,0.6555380096257032,4.440892098500626e-16,nan,0.0,0.0,True,-1,False
rademacher,128,20260832,local,0.0,1.0,0.008366141732283465,0.09112573412762633,0.05366568054520117,0.011756435761791592,1.4597209525693453,0.3663396477749451,0.5737322654389672,4.440892098500626e-16,0.5146690583528567,0.0,0.0,True,-1,False
rademacher,128,20260832,local,0.1,1.0,0.008366141732283465,0.09112573412762633,0.06178451433717432,0.01409247484874458,1.405157753953278,0.3695430041612431,0.5936864990559638,4.440892098500626e-16,0.143504647163486,0.0,0.0,True,-1,False
rademacher,128,20260832,local,0.2,1.0,0.008366141732283465,0.09112573412762633,0.06570855709415885,0.01456328435438638,1.3515913158880224,0.3666802180265165,0.6028241290645302,4.440892098500626e-16,0.14078425784606105,0.0,0.0,True,-1,False
rademacher,128,20260832,local,0.3,1.0,0.008366141732283465,0.09112573412762633,0.06860715721529109,0.01754221559960416,1.3594833814552654,0.37351145444729683,0.613690375974621,4.440892098500626e-16,0.12136803727466748,0.0,0.0,True,-1,False
rademacher,128,20260832,local,0.4,1.0,0.008366141732283465,0.09112573412762633,0.06963230292418901,0.018101827837539403,1.3683717620187952,0.3788490192375477,0.6137093932000438,4.440892098500626e-16,0.12996185760079454,0.0,0.0,True,-1,False
rademacher,128,20260832,local,0.45,1.0,0.008366141732283465,0.09112573412762633,0.07244436037333732,0.017953355301136974,1.3338308920055897,0.380173569442549,0.641048869437379,4.440892098500626e-16,0.12455180118061424,0.0,0.0,True,-1,False
rademacher,128,20260832,local,0.5,1.0,0.008366141732283465,0.09112573412762633,0.06957009566912122,0.01365012560353628,1.343279744873577,0.3751338839187375,0.6379016612715206,4.440892098500626e-16,0.1318524470403791,0.0,0.0,True,-1,False
rademacher,128,20260832,local,0.55,1.0,0.008366141732283465,0.09112573412762633,0.06824463988942546,0.011437494686396436,1.3737385993046034,0.3818573837039374,0.6330019285481556,4.440892098500626e-16,0.12953363151440558,0.0,0.0,True,-1,False
rademacher,128,20260832,local,0.6,1.0,0.008366141732283465,0.09112573412762633,0.07262743774197429,0.017767123884874107,1.3641096902578196,0.3844122244843978,0.6431755246668691,4.440892098500626e-16,0.13544603832795402,0.0,0.0,True,-1,False
rademacher,128,20260832,local,0.65,1.0,0.008366141732283465,0.09112573412762633,0.06911802735202686,0.014494079019712346,1.3066046665044146,0.39637720232091106,0.6966527864850319,4.440892098500626e-16,0.12627359077902947,0.0,0.0,True,-1,False
rademacher,128,20260832,local,0.7,1.0,0.008366141732283465,0.09112573412762633,0.07502724428074951,0.01597660911612539,1.3442551388670694,0.3949212398041082,0.6695983624087019,4.440892098500626e-16,0.14204328530335047,0.0,0.0,True,-1,False
uniform_positive,256,20260830,global,0.0,1.0,1.0,0.0,0.04182925443297967,0.007201998878569753,1.4834321321593278,0.36663847487643175,0.5782815348135222,4.440892098500626e-16,nan,0.0,0.0,True,-1,False
uniform_positive,256,20260830,global,0.1,1.0,1.0,0.0,0.2767258422219401,0.015914606774493478,1.089830881828718,0.3442463961608393,0.5862871531649823,4.440892098500626e-16,nan,0.0,0.0,True,-1,False
uniform_positive,256,20260830,global,0.2,1.0,1.0,0.0,0.45839824640545723,0.026447495671995353,0.8001997723688041,0.2929804952769647,0.6126581653007593,4.440892098500626e-16,nan,0.0,0.0,True,-1,False
uniform_positive,256,20260830,global,0.3,1.0,1.0,0.0,0.6266193297592364,0.046274756058973715,0.5308416562382222,0.09814511786167654,0.6929372275162686,4.440892098500626e-16,nan,0.0,0.0,True,-1,False
uniform_positive,256,20260830,global,0.4,1.0,1.0,0.0,0.7999480850421888,0.09152119143173776,0.27629749457635305,0.01464787707838371,0.7517176543689109,4.440892098500626e-16,nan,0.0,0.0,True,-1,False
uniform_positive,256,20260830,global,0.45,1.0,1.0,0.0,0.814922980449606,0.12749527528514207,0.25723121578776803,0.004874241621851226,0.8111281896878191,4.440892098500626e-16,nan,0.0,0.0,True,-1,False
uniform_positive,256,20260830,global,0.5,1.0,1.0,0.0,0.9733474865528042,0.8814427567488655,0.036769499134510726,2.5725519724018345e-06,1.0946137518504635,4.440892098500626e-16,nan,0.0,0.0,True,-1,True
uniform_positive,256,20260830,global,0.55,1.0,1.0,0.0,1.0,0.9999999999999999,7.401486830834377e-19,0.0,0.970057548690604,1.1102230246251565e-16,nan,0.0,0.0,True,-1,True
uniform_positive,256,20260830,global,0.6,1.0,1.0,0.0,1.0,0.9999999999999999,0.0,0.0,1.3429515995121666,1.1102230246251565e-16,nan,0.0,0.0,True,-1,True
uniform_positive,256,20260830,global,0.65,1.0,1.0,0.0,1.0,0.9999999999999999,0.0,0.0,1.188581232097198,1.1102230246251565e-16,nan,0.0,0.0,True,-1,True
uniform_positive,256,20260830,global,0.7,1.0,1.0,0.0,1.0,0.9999999999999999,0.0,0.0,3.3935683593558017,1.1102230246251565e-16,nan,0.0,0.0,True,-1,True
uniform_positive,256,20260830,local,0.0,1.0,1.0,0.0,0.04240670745960293,0.010517745463750113,1.4874123222829532,0.3634578739078349,0.576230333351148,4.440892098500626e-16,0.5532239526764063,0.0,0.0,True,-1,False
uniform_positive,256,20260830,local,0.1,1.0,1.0,0.0,0.18194750567495765,0.012765000331774497,1.2361165507486798,0.3508656077701069,0.5813554788040443,4.440892098500626e-16,0.5500723719039098,0.0,0.0,True,-1,False
uniform_positive,256,20260830,local,0.2,1.0,1.0,0.0,0.46718692262515493,0.034355198340453336,0.7766060986532912,0.2657220904652267,0.5820773337625303,4.440892098500626e-16,0.34963638922172774,0.0,0.0,True,-1,False
uniform_positive,256,20260830,local,0.3,1.0,1.0,0.0,0.577863519433407,0.036508847657179315,0.6056479487312707,0.14342280544445868,0.6320878270073115,4.440892098500626e-16,0.41439107855528495,0.0,0.0,True,-1,False
uniform_positive,256,20260830,local,0.4,1.0,1.0,0.0,0.6395374214616429,0.04662676339584697,0.5072644748671594,0.08579829210069154,0.67879645980665,4.440892098500626e-16,-0.0599645132386337,0.0,0.0,True,-1,False
uniform_positive,256,20260830,local,0.45,1.0,1.0,0.0,0.7360511109691704,0.080378561246632,0.36748542982972154,0.02496565197566435,0.7207877022289206,4.440892098500626e-16,-0.1598283585759732,0.0,0.0,True,-1,False
uniform_positive,256,20260830,local,0.5,1.0,1.0,0.0,1.0,0.9999999999999999,0.0,0.0,1.1768078540993225,1.1102230246251565e-16,-0.23056818200497023,0.0,0.0,True,-1,True
uniform_positive,256,20260830,local,0.55,1.0,1.0,0.0,1.0,0.9999999999999999,0.0,0.0,1.3250736164812897,1.1102230246251565e-16,-0.16252372498976542,0.0,0.0,True,-1,True
uniform_positive,256,20260830,local,0.6,1.0,1.0,0.0,1.0,0.9999999999999999,0.0,0.0,1.0609717553223605,1.1102230246251565e-16,-0.08758026809948218,0.0,0.0,True,-1,True
uniform_positive,256,20260830,local,0.65,1.0,1.0,0.0,1.0,0.9999999999999999,0.0,0.0,1.1016048186540472,1.1102230246251565e-16,-0.49775796335571776,0.0,0.0,True,-1,True
uniform_positive,256,20260830,local,0.7,1.0,1.0,0.0,1.0,0.9999999999999999,0.0,0.0,1.7820064533415667,1.1102230246251565e-16,-0.48955780555014866,0.0,0.0,True,-1,True
uniform_positive,256,20260831,global,0.0,1.0,1.0,0.0,0.041220866979293815,0.009708290029942874,1.4889688152901521,0.363909406711139,0.5754566404357815,4.440892098500626e-16,nan,0.0,0.0,True,-1,False
uniform_positive,256,20260831,global,0.1,1.0,1.0,0.0,0.13465885081096152,0.01589435356734588,1.3128215934925287,0.356081834476242,0.5788552937371338,4.440892098500626e-16,nan,0.0,0.0,True,-1,False
uniform_positive,256,20260831,global,0.2,1.0,1.0,0.0,0.3394907073372632,0.026917138836534894,0.9652015406673108,0.3144037396238484,0.5896306689014885,4.440892098500626e-16,nan,0.0,0.0,True,-1,False
uniform_positive,256,20260831,global,0.3,1.0,1.0,0.0,0.5718264580304023,0.0419433060372668,0.6111160888530799,0.12309813239075793,0.6529994397502046,4.440892098500626e-16,nan,0.0,0.0,True,-1,False
uniform_positive,256,20260831,global,0.4,1.0,1.0,0.0,0.7858831415672222,0.08538988461277221,0.30174875542255997,0.004023482471058444,0.7814331369092691,4.440892098500626e-16,nan,0.0,0.0,True,-1,False
uniform_positive,256,20260831,global,0.45,1.0,1.0,0.0,0.8190298031968859,0.09282591280178051,0.24850194943238355,0.0019277279963146765,0.7635702282834953,4.440892098500626e-16,nan,0.0,0.0,True,-1,False
uniform_positive,256,20260831,global,0.5,1.0,1.0,0.0,0.9626859281328556,0.8561249033863751,0.05030091067131899,0.00017552999036531824,0.8756684170366665,4.440892098500626e-16,nan,0.0,0.0,True,-1,True
uniform_positive,256,20260831,global,0.55,1.0,1.0,0.0,0.9999996280640352,0.9999999999501942,2.556394732899925e-07,0.0,1.2636078110844395,3.3306690738754696e-16,nan,0.0,0.0,True,-1,True
uniform_positive,256,20260831,global,0.6,1.0,1.0,0.0,1.0,0.9999999999999999,0.0,0.0,1.2901865881620433,1.1102230246251565e-16,nan,0.0,0.0,True,-1,True
uniform_positive,256,20260831,global,0.65,1.0,1.0,0.0,1.0,0.9999999999999999,0.0,0.0,1.3626557118244778,1.1102230246251565e-16,nan,0.0,0.0,True,-1,True
uniform_positive,256,20260831,global,0.7,1.0,1.0,0.0,1.0,0.9999999999999999,0.0,0.0,2.3750257463376188,1.1102230246251565e-16,nan,0.0,0.0,True,-1,True
uniform_positive,256,20260831,local,0.0,1.0,1.0,0.0,0.04190369682808962,0.010227260146567904,1.4870823623642282,0.3666477611263038,0.5815357729422963,4.440892098500626e-16,0.7028656412759134,0.0,0.0,True,-1,False
uniform_positive,256,20260831,local,0.1,1.0,1.0,0.0,0.21714295242915474,0.01785131539234334,1.1797583141235801,0.3473278811957873,0.5820592729969345,4.440892098500626e-16,0.6016422113448756,0.0,0.0,True,-1,False
uniform_positive,256,20260831,local,0.2,1.0,1.0,0.0,0.341540513178622,0.018817934385436982,0.9679284789650723,0.3250300330691077,0.5932218153585426,4.440892098500626e-16,0.4007805882260416,0.0,0.0,True,-1,False
uniform_positive,256,20260831,local,0.3,1.0,1.0,0.0,0.5814131504232136,0.03687117462338384,0.6016164956773796,0.1102008331426226,0.6353254228448677,4.440892098500626e-16,0.36557186528355534,0.0,0.0,True,-1,False
uniform_positive,256,20260831,local,0.4,1.0,1.0,0.0,0.6542472015823665,0.04342276754990189,0.49014142362187735,0.08675269368799715,0.6498766972125106,4.440892098500626e-16,0.25136837818496693,0.0,0.0,True,-1,False
uniform_positive,256,20260831,local,0.45,1.0,1.0,0.0,0.9333879348868735,0.4657481592742844,0.0908880627171771,0.0003387358801171755,0.8996553981971034,4.440892098500626e-16,0.03240604722802553,0.0,0.0,True,-1,False
uniform_positive,256,20260831,local,0.5,1.0,1.0,0.0,0.8147171752308789,0.12745412792497574,0.2567898045165893,9.182953882740298e-05,0.7912940791572141,4.440892098500626e-16,0.03648337194784932,0.0,0.0,True,-1,False
uniform_positive,256,20260831,local,0.55,1.0,1.0,0.0,1.0,0.9999999999999999,0.0,0.0,1.1519221824863877,1.1102230246251565e-16,0.11129582225862877,0.0,0.0,True,-1,True
uniform_positive,256,20260831,local,0.6,1.0,1.0,0.0,1.0,0.9999999999999999,0.0,0.0,1.4051311481625848,1.1102230246251565e-16,-0.16584451434366135,0.0,0.0,True,-1,True
uniform_positive,256,20260831,local,0.65,1.0,1.0,0.0,1.0,0.9999999999999999,0.0,0.0,1.3798548671156152,1.1102230246251565e-16,-0.3255640002971868,0.0,0.0,True,-1,True
uniform_positive,256,20260831,local,0.7,1.0,1.0,0.0,1.0,0.9999999999999999,0.0,0.0,1.5690800080351588,1.1102230246251565e-16,-1.2767379685323579,0.0,0.0,True,-1,True
uniform_positive,256,20260832,global,0.0,1.0,1.0,0.0,0.044209880083490964,0.011159472079531323,1.4815610257585974,0.3668240797811797,0.58158644571253,4.440892098500626e-16,nan,0.0,0.0,True,-1,False
uniform_positive,256,20260832,global,0.1,1.0,1.0,0.0,0.17347662071272177,0.013170664149944849,1.2538000463825467,0.3545142243848465,0.5753906657157104,4.440892098500626e-16,nan,0.0,0.0,True,-1,False
uniform_positive,256,20260832,global,0.2,1.0,1.0,0.0,0.38303321464137163,0.017079300652594664,0.9042581467221036,0.3153771821575262,0.5937018948548458,4.440892098500626e-16,nan,0.0,0.0,True,-1,False
uniform_positive,256,20260832,global,0.3,1.0,1.0,0.0,0.5404284082474526,0.032657618746938157,0.6652291785616632,0.19874044172300434,0.623856899709786,4.440892098500626e-16,nan,0.0,0.0,True,-1,False
uniform_positive,256,20260832,global,0.4,1.0,1.0,0.0,0.6400870737187176,0.049271039314886265,0.5051657136379397,0.08779717861868123,0.6637253883368532,4.440892098500626e-16,nan,0.0,0.0,True,-1,False
uniform_positive,256,20260832,global,0.45,1.0,1.0,0.0,0.7802479178529252,0.08473549935666669,0.3043240862808442,0.017990527673673824,0.7539367210128598,4.440892098500626e-16,nan,0.0,0.0,True,-1,False
uniform_positive,256,20260832,global,0.5,1.0,1.0,0.0,1.0,0.9999999999999999,0.0,0.0,0.9397407277342644,1.1102230246251565e-16,nan,0.0,0.0,True,-1,True
uniform_positive,256,20260832,global,0.55,1.0,1.0,0.0,1.0,0.9999999999999999,0.0,0.0,0.9707527989302367,1.1102230246251565e-16,nan,0.0,0.0,True,-1,True
uniform_positive,256,20260832,global,0.6,1.0,1.0,0.0,1.0,0.9999999999999999,0.0,0.0,2.0376192386062355,1.1102230246251565e-16,nan,0.0,0.0,True,-1,True
uniform_positive,256,20260832,global,0.65,1.0,1.0,0.0,1.0,0.9999999999999999,0.0,0.0,1.3335440994967651,1.1102230246251565e-16,nan,0.0,0.0,True,-1,True
uniform_positive,256,20260832,global,0.7,1.0,1.0,0.0,1.0,0.9999999999999999,0.0,0.0,1.939211683960187,1.1102230246251565e-16,nan,0.0,0.0,True,-1,True
uniform_positive,256,20260832,local,0.0,1.0,1.0,0.0,0.0429926296394377,0.009624672659301147,1.4817632171781239,0.36519423426110853,0.578445525346628,4.440892098500626e-16,0.644088732923806,0.0,0.0,True,-1,False
uniform_positive,256,20260832,local,0.1,1.0,1.0,0.0,0.25443638659882617,0.01780936597624011,1.1185456837886723,0.34706950439403167,0.5938392368925978,4.440892098500626e-16,0.5453934267744861,0.0,0.0,True,-1,False
uniform_positive,256,20260832,local,0.2,1.0,1.0,0.0,0.46104861368166344,0.028442422543975446,0.7896860368851035,0.2732261305636931,0.6069312641574881,4.440892098500626e-16,0.4700948362453322,0.0,0.0,True,-1,False
uniform_positive,256,20260832,local,0.3,1.0,1.0,0.0,0.5808624929149666,0.03363815291661889,0.6033720665754136,0.1271503919252014,0.6584150977088061,4.440892098500626e-16,0.29739525700321834,0.0,0.0,True,-1,False
uniform_positive,256,20260832,local,0.4,1.0,1.0,0.0,0.677975485486844,0.060857544701467266,0.4512593830725272,0.0522197485889659,0.6775866426705288,4.440892098500626e-16,0.3598015023881691,0.0,0.0,True,-1,False
uniform_positive,256,20260832,local,0.45,1.0,1.0,0.0,0.9436663606282449,0.4348587962508169,0.0791462046592871,6.039015876436148e-06,1.0844488963106587,4.440892098500626e-16,-0.5487009635318165,0.0,0.0,True,-1,False
uniform_positive,256,20260832,local,0.5,1.0,1.0,0.0,0.9999999996828687,0.9999999999481052,2.120855891910948e-06,2.2888588229411157e-10,0.8951106766977585,3.3306690738754696e-16,-0.08751666460789309,0.0,0.0,True,-1,True
uniform_positive,256,20260832,local,0.55,1.0,1.0,0.0,1.0,0.9999999999999999,0.0,0.0,0.9012925511678603,1.1102230246251565e-16,-0.12049343183643121,0.0,0.0,True,-1,True
uniform_positive,256,20260832,local,0.6,1.0,1.0,0.0,1.0,0.9999999999999999,0.0,0.0,1.1599003371324206,1.1102230246251565e-16,-0.09249650111002045,0.0,0.0,True,-1,True
uniform_positive,256,20260832,local,0.65,1.0,1.0,0.0,1.0,0.9999999999999999,0.0,0.0,1.7146230536911793,1.1102230246251565e-16,-0.6869154298377331,0.0,0.0,True,-1,True
uniform_positive,256,20260832,local,0.7,1.0,1.0,0.0,1.0,0.9999999999999999,0.0,0.0,2.7832972255390294,1.1102230246251565e-16,-1.106948763332958,0.0,0.0,True,-1,True
positive_binary,256,20260830,global,0.0,1.010968137254902,1.010968137254902,0.0605017137456225,0.04182925443297967,0.007201998878569753,1.4834321321593278,0.36663847487643175,0.5782815348135222,4.440892098500626e-16,nan,0.0,0.0,True,-1,False
positive_binary,256,20260830,global,0.1,1.010968137254902,1.010968137254902,0.0605017137456225,0.15502027643941407,0.020428466949777197,1.260627058956048,0.3595371305652725,0.5941650083103763,4.440892098500626e-16,nan,0.0,0.0,True,-1,False
positive_binary,256,20260830,global,0.2,1.010968137254902,1.010968137254902,0.0605017137456225,0.24045572605713847,0.018771880759990804,1.1162602038918938,0.3487148823473727,0.604917262334737,4.440892098500626e-16,nan,0.0,0.0,True,-1,False
positive_binary,256,20260830,global,0.3,1.010968137254902,1.010968137254902,0.0605017137456225,0.30355853836184193,0.028369464476613006,1.0123700792911625,0.33432472390561174,0.6308778684953489,4.440892098500626e-16,nan,0.0,0.0,True,-1,False
positive_binary,256,20260830,global,0.4,1.010968137254902,1.010968137254902,0.0605017137456225,0.38390743614693723,0.04190531642515658,0.8931218350849446,0.3173231689536866,0.6884525604054479,4.440892098500626e-16,nan,0.0,0.0,True,-1,False
positive_binary,256,20260830,global,0.45,1.010968137254902,1.010968137254902,0.0605017137456225,0.42146661227173415,0.03059792281699616,0.849633722276014,0.31812090838904716,0.7108756237737613,4.440892098500626e-16,nan,0.0,0.0,True,-1,False
positive_binary,256,20260830,global,0.5,1.010968137254902,1.010968137254902,0.0605017137456225,0.5631528905723603,0.06679950309096007,0.6582062771311428,0.2588880374019483,0.8018127691994084,4.440892098500626e-16,nan,0.0,0.0,True,-1,False
positive_binary,256,20260830,global,0.55,1.010968137254902,1.010968137254902,0.0605017137456225,0.582092602082634,0.06818079146703537,0.6181874792803942,0.20869102348025892,0.9383835976651715,4.440892098500626e-16,nan,0.0,0.0,True,-1,False
positive_binary,256,20260830,global,0.6,1.010968137254902,1.010968137254902,0.0605017137456225,0.6404352994616007,0.07890314099993313,0.5338219552878736,0.1883343100799202,0.9786774388781472,4.440892098500626e-16,nan,0.0,0.0,True,-1,False
positive_binary,256,20260830,global,0.65,1.010968137254902,1.010968137254902,0.0605017137456225,0.8066776215922753,0.11426816242737507,0.3087250792239674,0.038857430658022246,2.900982979155213,4.440892098500626e-16,nan,0.0,0.0,True,-1,False
positive_binary,256,20260830,global,0.7,1.010968137254902,1.010968137254902,0.0605017137456225,0.9014471254418631,0.21096088594624934,0.17626229638330923,0.03427476636762518,3.4639525978768937,4.440892098500626e-16,nan,0.0,0.0,True,-1,False
positive_binary,256,20260830,local,0.0,1.010968137254902,1.010968137254902,0.0605017137456225,0.04240670745960293,0.010517745463750113,1.4874123222829532,0.3634578739078349,0.576230333351148,4.440892098500626e-16,0.5532239526764063,0.0,0.0,True,-1,False
positive_binary,256,20260830,local,0.1,1.010968137254902,1.010968137254902,0.0605017137456225,0.14760004110637528,0.013591924321500722,1.2738961310815704,0.35644586180277116,0.583486520232246,4.440892098500626e-16,0.23982987548575324,0.0,0.0,True,-1,False
positive_binary,256,20260830,local,0.2,1.010968137254902,1.010968137254902,0.0605017137456225,0.2388962470203262,0.024874789592239738,1.1280771134585712,0.3520488046740017,0.6052121342903078,4.440892098500626e-16,0.2033288570986752,0.0,0.0,True,-1,False
positive_binary,256,20260830,local,0.3,1.010968137254902,1.010968137254902,0.0605017137456225,0.34494462784970603,0.03643905556558772,0.9583113023619337,0.33314149253962066,0.6387406005585881,4.440892098500626e-16,0.21088785590410403,0.0,0.0,True,-1,False
positive_binary,256,20260830,local,0.4,1.010968137254902,1.010968137254902,0.0605017137456225,0.3665076695189583,0.04071514059001384,0.9155173843323966,0.3230288171840602,0.6464643631498442,4.440892098500626e-16,0.10752853413409125,0.0,0.0,True,-1,False
positive_binary,256,20260830,local,0.45,1.010968137254902,1.010968137254902,0.0605017137456225,0.506885627194917,0.051849595045064666,0.7187952606930156,0.2725466498838862,0.788623462218331,4.440892098500626e-16,0.16552058691164268,0.0,0.0,True,-1,False
positive_binary,256,20260830,local,0.5,1.010968137254902,1.010968137254902,0.0605017137456225,0.6132133825053697,0.06412634552594759,0.5792096012218159,0.19964247004777763,0.9561309014624948,4.440892098500626e-16,0.20110744089199042,0.0,0.0,True,-1,False
positive_binary,256,20260830,local,0.55,1.010968137254902,1.010968137254902,0.0605017137456225,0.5889110591317752,0.07483019415978576,0.6203432837858025,0.2217741633912137,0.9525583638549209,4.440892098500626e-16,0.1542188435632848,0.0,0.0,True,-1,False
positive_binary,256,20260830,local,0.6,1.010968137254902,1.010968137254902,0.0605017137456225,0.5938152925939515,0.03263697158121584,0.6017258623333243,0.2205535583690772,0.9231522379442538,4.440892098500626e-16,0.13064671584599544,0.0,0.0,True,-1,False
positive_binary,256,20260830,local,0.65,1.010968137254902,1.010968137254902,0.0605017137456225,0.758434220764956,0.09967777000661185,0.3851623131704495,0.07218653523045877,1.5777316367471435,4.440892098500626e-16,0.1961434243568528,0.0,0.0,True,-1,False
positive_binary,256,20260830,local,0.7,1.010968137254902,1.010968137254902,0.0605017137456225,0.8362883593401932,0.14858626635552735,0.26841848183735245,0.03763388689965872,2.4845538630843507,4.440892098500626e-16,0.17383202420786492,0.0,0.0,True,-1,False
positive_binary,256,20260831,global,0.0,0.9926470588235294,0.9926470588235294,0.060873195610775546,0.041220866979293815,0.009708290029942874,1.4889688152901521,0.363909406711139,0.5754566404357815,4.440892098500626e-16,nan,0.0,0.0,True,-1,False
positive_binary,256,20260831,global,0.1,0.9926470588235294,0.9926470588235294,0.060873195610775546,0.14775565958059034,0.01713723456684351,1.270182138202429,0.3574617759924782,0.5894488693541501,4.440892098500626e-16,nan,0.0,0.0,True,-1,False
positive_binary,256,20260831,global,0.2,0.9926470588235294,0.9926470588235294,0.060873195610775546,0.21168936804603672,0.017150613187804715,1.185777702747366,0.3523615337635971,0.6009573445336793,4.440892098500626e-16,nan,0.0,0.0,True,-1,False
positive_binary,256,20260831,global,0.3,0.9926470588235294,0.9926470588235294,0.060873195610775546,0.3173139586148325,0.024846147243730264,1.0134714270827287,0.3424303110241925,0.6598879347650428,4.440892098500626e-16,nan,0.0,0.0,True,-1,False
positive_binary,256,20260831,global,0.4,0.9926470588235294,0.9926470588235294,0.060873195610775546,0.5003931305163216,0.04206428029667798,0.729066015598006,0.2780725631867437,0.8138473799617665,4.440892098500626e-16,nan,0.0,0.0,True,-1,False
positive_binary,256,20260831,global,0.45,0.9926470588235294,0.9926470588235294,0.060873195610775546,0.451020406666427,0.037453002481830124,0.7887416790258968,0.29825255931614825,0.7740136460677811,4.440892098500626e-16,nan,0.0,0.0,True,-1,False
positive_binary,256,20260831,global,0.5,0.9926470588235294,0.9926470588235294,0.060873195610775546,0.564836220863982,0.05904796926514131,0.6399319216993357,0.23777290906020943,0.8840462679864435,4.440892098500626e-16,nan,0.0,0.0,True,-1,False
positive_binary,256,20260831,global,0.55,0.9926470588235294,0.9926470588235294,0.060873195610775546,0.5940469606833028,0.041656495918067395,0.6075751390860076,0.2157641833916773,0.9783338049126098,4.440892098500626e-16,nan,0.0,0.0,True,-1,False
positive_binary,256,20260831,global,0.6,0.9926470588235294,0.9926470588235294,0.060873195610775546,0.6426817180384478,0.052364496910404124,0.5425698482308822,0.19232561176032864,1.0639573366990347,4.440892098500626e-16,nan,0.0,0.0,True,-1,False
positive_binary,256,20260831,global,0.65,0.9926470588235294,0.9926470588235294,0.060873195610775546,0.7227245949269939,0.09512878979391703,0.41911865048898067,0.08871740629845373,1.5667417943914548,4.440892098500626e-16,nan,0.0,0.0,True,-1,False
positive_binary,256,20260831,global,0.7,0.9926470588235294,0.9926470588235294,0.060873195610775546,0.7495886078529252,0.09080228782326256,0.3938829465312519,0.053703934677876236,1.553178799745365,4.440892098500626e-16,nan,0.0,0.0,True,-1,False
positive_binary,256,20260831,local,0.0,0.9926470588235294,0.9926470588235294,0.060873195610775546,0.04190369682808962,0.010227260146567904,1.4870823623642282,0.3666477611263038,0.5815357729422963,4.440892098500626e-16,0.7028656412759134,0.0,0.0,True,-1,False
positive_binary,256,20260831,local,0.1,0.9926470588235294,0.9926470588235294,0.060873195610775546,0.1465471578883273,0.015058736604493613,1.2768375064904902,0.355679316160555,0.5857423393702934,4.440892098500626e-16,0.1863816755221083,0.0,0.0,True,-1,False
positive_binary,256,20260831,local,0.2,0.9926470588235294,0.9926470588235294,0.060873195610775546,0.21032675658629169,0.020939764151195295,1.1623869798127329,0.3526826932084032,0.6076983972022274,4.440892098500626e-16,0.16352996742460285,0.0,0.0,True,-1,False
positive_binary,256,20260831,local,0.3,0.9926470588235294,0.9926470588235294,0.060873195610775546,0.31166750848822405,0.02585882499282189,1.0026026755879414,0.33638781507667803,0.626131110951961,4.440892098500626e-16,0.176814410815491,0.0,0.0,True,-1,False
positive_binary,256,20260831,local,0.4,0.9926470588235294,0.9926470588235294,0.060873195610775546,0.47753085729678957,0.05923423647172478,0.7637465131901358,0.2826828519281128,0.7926873261255512,4.440892098500626e-16,0.14111557358248228,0.0,0.0,True,-1,False
positive_binary,256,20260831,local,0.45,0.9926470588235294,0.9926470588235294,0.060873195610775546,0.5258769201542707,0.042328527416858996,0.7188167662563476,0.27967846099672655,0.8278175477584622,4.440892098500626e-16,0.17827965897457626,0.0,0.0,True,-1,False
positive_binary,256,20260831,local,0.5,0.9926470588235294,0.9926470588235294,0.060873195610775546,0.5117556487806484,0.05446179511558394,0.7157138176572986,0.2760644789460289,0.8174972981613947,4.440892098500626e-16,0.16761462261663904,0.0,0.0,True,-1,False
positive_binary,256,20260831,local,0.55,0.9926470588235294,0.9926470588235294,0.060873195610775546,0.5037634489768529,0.04816911966799911,0.7236215030552826,0.2768034239071674,0.807477693816978,4.440892098500626e-16,0.1461113140672064,0.0,0.0,True,-1,False
positive_binary,256,20260831,local,0.6,0.9926470588235294,0.9926470588235294,0.060873195610775546,0.6164241569964677,0.06256574526389388,0.5695841458014955,0.20069247295691028,1.057438505122549,4.440892098500626e-16,0.10073742086514971,0.0,0.0,True,-1,False
positive_binary,256,20260831,local,0.65,0.9926470588235294,0.9926470588235294,0.060873195610775546,0.6752757118010769,0.06915579602528533,0.4942146926771655,0.12364957771858318,1.2856690166582432,4.440892098500626e-16,0.18798547475171085,0.0,0.0,True,-1,False
positive_binary,256,20260831,local,0.7,0.9926470588235294,0.9926470588235294,0.060873195610775546,0.7699250792846064,0.1285768158451495,0.35824182938918236,0.052559653059070496,1.5607374348055818,4.440892098500626e-16,0.17428839414339217,0.0,0.0,True,-1,False
positive_binary,256,20260832,global,0.0,0.9983455882352941,0.9983455882352941,0.06136779051706965,0.044209880083490964,0.011159472079531323,1.4815610257585974,0.3668240797811797,0.58158644571253,4.440892098500626e-16,nan,0.0,0.0,True,-1,False
positive_binary,256,20260832,global,0.1,0.9983455882352941,0.9983455882352941,0.06136779051706965,0.15458732498841957,0.015975047390568323,1.2699274577235884,0.3616399364262305,0.5968675089685813,4.440892098500626e-16,nan,0.0,0.0,True,-1,False
positive_binary,256,20260832,global,0.2,0.9983455882352941,0.9983455882352941,0.06136779051706965,0.18134605842995313,0.025039806705209607,1.205702560559812,0.35852590224235215,0.6013340957227795,4.440892098500626e-16,nan,0.0,0.0,True,-1,False
positive_binary,256,20260832,global,0.3,0.9983455882352941,0.9983455882352941,0.06136779051706965,0.3083844735540519,0.0258864646950447,1.0171346230056684,0.3352830057554354,0.6328399030357996,4.440892098500626e-16,nan,0.0,0.0,True,-1,False
positive_binary,256,20260832,global,0.4,0.9983455882352941,0.9983455882352941,0.06136779051706965,0.41979680435412753,0.043512623643437144,0.8447934809696404,0.29879232102525366,0.7404709261546232,4.440892098500626e-16,nan,0.0,0.0,True,-1,False
positive_binary,256,20260832,global,0.45,0.9983455882352941,0.9983455882352941,0.06136779051706965,0.40001535503503616,0.03383125564110798,0.8781543914343453,0.31145651482029335,0.6655970426204094,4.440892098500626e-16,nan,0.0,0.0,True,-1,False
positive_binary,256,20260832,global,0.5,0.9983455882352941,0.9983455882352941,0.06136779051706965,0.5985434738814481,0.05134699459090199,0.5956010403975843,0.2259575830502112,0.9891043404661701,4.440892098500626e-16,nan,0.0,0.0,True,-1,False
positive_binary,256,20260832,global,0.55,0.9983455882352941,0.9983455882352941,0.06136779051706965,0.5871267389221351,0.057730278169504746,0.6072469296589927,0.2210631501595038,0.913546147731333,4.440892098500626e-16,nan,0.0,0.0,True,-1,False
positive_binary,256,20260832,global,0.6,0.9983455882352941,0.9983455882352941,0.06136779051706965,0.5966454056423989,0.08249397909155426,0.6075307206992112,0.21488506888109837,1.0261349299037792,4.440892098500626e-16,nan,0.0,0.0,True,-1,False
positive_binary,256,20260832,global,0.65,0.9983455882352941,0.9983455882352941,0.06136779051706965,0.6877151400693878,0.09054692845523914,0.46941449185146933,0.1403557496209465,1.3094821809447685,4.440892098500626e-16,nan,0.0,0.0,True,-1,False
positive_binary,256,20260832,global,0.7,0.9983455882352941,0.9983455882352941,0.06136779051706965,0.819679730012031,0.10354616658892309,0.2945356289064708,0.03832130294179096,2.2431937737887866,4.440892098500626e-16,nan,0.0,0.0,True,-1,False
positive_binary,256,20260832,local,0.0,0.9983455882352941,0.9983455882352941,0.06136779051706965,0.0429926296394377,0.009624672659301147,1.4817632171781239,0.36519423426110853,0.578445525346628,4.440892098500626e-16,0.644088732923806,0.0,0.0,True,-1,False
positive_binary,256,20260832,local,0.1,0.9983455882352941,0.9983455882352941,0.06136779051706965,0.14844006100716625,0.016303128573889717,1.275519628971864,0.3580915193040968,0.5819931184856915,4.440892098500626e-16,0.21491395376442476,0.0,0.0,True,-1,False
positive_binary,256,20260832,local,0.2,0.9983455882352941,0.9983455882352941,0.06136779051706965,0.24875935148511194,0.027654625539182125,1.1079757385346147,0.3498122211762694,0.6158009302377803,4.440892098500626e-16,0.1908322742209019,0.0,0.0,True,-1,False
positive_binary,256,20260832,local,0.3,0.9983455882352941,0.9983455882352941,0.06136779051706965,0.3216429997651426,0.02766331112962103,0.9957468998458769,0.3341851761753194,0.643100713584913,4.440892098500626e-16,0.15427447396495073,0.0,0.0,True,-1,False
positive_binary,256,20260832,local,0.4,0.9983455882352941,0.9983455882352941,0.06136779051706965,0.4317318362795873,0.03272901504490529,0.8403984591318463,0.3138724382621789,0.7039708908137277,4.440892098500626e-16,0.1764465543819544,0.0,0.0,True,-1,False
positive_binary,256,20260832,local,0.45,0.9983455882352941,0.9983455882352941,0.06136779051706965,0.4438717041098124,0.04242913242720269,0.8253528943566777,0.3147155696138648,0.7533153774051132,4.440892098500626e-16,0.15614838555348506,0.0,0.0,True,-1,False
positive_binary,256,20260832,local,0.5,0.9983455882352941,0.9983455882352941,0.06136779051706965,0.501395903578241,0.047714138960899384,0.7355757573329176,0.28169148385476717,0.7840105472132236,4.440892098500626e-16,0.17986419302952725,0.0,0.0,True,-1,False
positive_binary,256,20260832,local,0.55,0.9983455882352941,0.9983455882352941,0.06136779051706965,0.5880904657233398,0.056783242306316074,0.6140855147218482,0.2328994149053184,0.8418646245161284,4.440892098500626e-16,0.17857126351990246,0.0,0.0,True,-1,False
positive_binary,256,20260832,local,0.6,0.9983455882352941,0.9983455882352941,0.06136779051706965,0.7337194702678059,0.09669332634739256,0.42439429400325973,0.08230617519528158,1.6863277859572348,4.440892098500626e-16,0.12056892197490189,0.0,0.0,True,-1,False
positive_binary,256,20260832,local,0.65,0.9983455882352941,0.9983455882352941,0.06136779051706965,0.6820435226549548,0.06850771303720234,0.4830724350544723,0.13050808959750687,1.3161882464727421,4.440892098500626e-16,0.14577984741320768,0.0,0.0,True,-1,False
positive_binary,256,20260832,local,0.7,0.9983455882352941,0.9983455882352941,0.06136779051706965,0.8226492008084093,0.1581646485652269,0.2881169771948897,0.03763026967314213,2.665129751792368,4.440892098500626e-16,0.04902616234743651,0.0,0.0,True,-1,False
biased_sign,256,20260830,global,0.0,1.0,0.7438112745098039,0.0396577697338052,0.04182925443297967,0.007201998878569753,1.4834321321593278,0.36663847487643175,0.5782815348135222,4.440892098500626e-16,nan,0.0,0.0,True,-1,False
biased_sign,256,20260830,global,0.1,1.0,0.7438112745098039,0.0396577697338052,0.16559498755015287,0.014341955206210752,1.2366409236035933,0.3535366823482934,0.5839173073541666,4.440892098500626e-16,nan,0.0,0.0,True,-1,False
biased_sign,256,20260830,global,0.2,1.0,0.7438112745098039,0.0396577697338052,0.275616517614563,0.023366896847458643,1.0449555782756528,0.338505506566587,0.6038916637615234,4.440892098500626e-16,nan,0.0,0.0,True,-1,False
biased_sign,256,20260830,global,0.3,1.0,0.7438112745098039,0.0396577697338052,0.3364383078786101,0.02333740811836809,0.9317931082736344,0.31994425735535514,0.6262146433040907,4.440892098500626e-16,nan,0.0,0.0,True,-1,False
biased_sign,256,20260830,global,0.4,1.0,0.7438112745098039,0.0396577697338052,0.3462896755173223,0.025522683611276985,0.9261065065881526,0.31807283196621744,0.6144817047972516,4.440892098500626e-16,nan,0.0,0.0,True,-1,False
biased_sign,256,20260830,global,0.45,1.0,0.7438112745098039,0.0396577697338052,0.5418583913117699,0.058003834514299135,0.6285615218588542,0.18210097260109828,0.7747393142869969,4.440892098500626e-16,nan,0.0,0.0,True,-1,False
biased_sign,256,20260830,global,0.5,1.0,0.7438112745098039,0.0396577697338052,0.4903856072462807,0.04424132001158219,0.6826902602251782,0.2099552962920634,0.7320720366932427,4.440892098500626e-16,nan,0.0,0.0,True,-1,False
biased_sign,256,20260830,global,0.55,1.0,0.7438112745098039,0.0396577697338052,0.4164720943257018,0.03556647586811015,0.8142673149325831,0.2944790553405203,0.6830683746342272,4.440892098500626e-16,nan,0.0,0.0,True,-1,False
biased_sign,256,20260830,global,0.6,1.0,0.7438112745098039,0.0396577697338052,0.5922956518219178,0.051209196973178855,0.5635354955636223,0.14985826349809758,0.8608865373491097,4.440892098500626e-16,nan,0.0,0.0,True,-1,False
biased_sign,256,20260830,global,0.65,1.0,0.7438112745098039,0.0396577697338052,0.5415364743256779,0.03499795276686062,0.6532011572893903,0.19738695610268653,0.7322884584018967,4.440892098500626e-16,nan,0.0,0.0,True,-1,False
biased_sign,256,20260830,global,0.7,1.0,0.7438112745098039,0.0396577697338052,0.6657013612708086,0.08722568593689606,0.46174080911599397,0.09830030020580377,1.0585228472689363,4.440892098500626e-16,nan,0.0,0.0,True,-1,False
biased_sign,256,20260830,local,0.0,1.0,0.7438112745098039,0.0396577697338052,0.04240670745960293,0.010517745463750113,1.4874123222829532,0.3634578739078349,0.576230333351148,4.440892098500626e-16,0.5532239526764063,0.0,0.0,True,-1,False
biased_sign,256,20260830,local,0.1,1.0,0.7438112745098039,0.0396577697338052,0.1673767836621165,0.012230133385004604,1.234546052079786,0.35490479917201834,0.5830751286482632,4.440892098500626e-16,0.21787920042086448,0.0,0.0,True,-1,False
biased_sign,256,20260830,local,0.2,1.0,0.7438112745098039,0.0396577697338052,0.2889558646766829,0.024959761718090015,1.007862526717288,0.33196271251771603,0.5945772178221458,4.440892098500626e-16,0.2162963940631752,0.0,0.0,True,-1,False
biased_sign,256,20260830,local,0.3,1.0,0.7438112745098039,0.0396577697338052,0.25623652320290025,0.02127019832889034,1.0743959836285348,0.3373389151291726,0.5933821141771153,4.440892098500626e-16,0.19170633294397332,0.0,0.0,True,-1,False
biased_sign,256,20260830,local,0.4,1.0,0.7438112745098039,0.0396577697338052,0.38221123007962043,0.028568968081047884,0.8556841651746357,0.3055396866309501,0.6343354430359811,4.440892098500626e-16,0.19285381051560954,0.0,0.0,True,-1,False
biased_sign,256,20260830,local,0.45,1.0,0.7438112745098039,0.0396577697338052,0.3911076859043717,0.025289428763515913,0.8408041190345493,0.27402150733524994,0.6545741255138974,4.440892098500626e-16,0.18422410007801926,0.0,0.0,True,-1,False
biased_sign,256,20260830,local,0.5,1.0,0.7438112745098039,0.0396577697338052,0.34562105894723344,0.03065488715517494,0.9203212883298867,0.3072778845662955,0.633508461719388,4.440892098500626e-16,0.2057149175866472,0.0,0.0,True,-1,False
biased_sign,256,20260830,local,0.55,1.0,0.7438112745098039,0.0396577697338052,0.5229642354264797,0.04111420860980637,0.6503610580254076,0.19217386207686749,0.7729718091832475,4.440892098500626e-16,0.10773578503217456,0.0,0.0,True,-1,False
biased_sign,256,20260830,local,0.6,1.0,0.7438112745098039,0.0396577697338052,0.5560391372166624,0.03943304276651184,0.6050696555048629,0.16758110099738766,0.7675293686697214,4.440892098500626e-16,0.18923960641589058,0.0,0.0,True,-1,False
biased_sign,256,20260830,local,0.65,1.0,0.7438112745098039,0.0396577697338052,0.49188372374812805,0.04497255001373612,0.7084064264944594,0.24618914238904482,0.7000311871849878,4.440892098500626e-16,0.17302312797589683,0.0,0.0,True,-1,False
biased_sign,256,20260830,local,0.7,1.0,0.7438112745098039,0.0396577697338052,0.5892505118103469,0.07839219465782424,0.5703401541998203,0.18267488891383515,0.8331815447053824,4.440892098500626e-16,0.15995828722187908,0.0,0.0,True,-1,False
biased_sign,256,20260831,global,0.0,1.0,0.7482230392156862,0.04268186368528184,0.041220866979293815,0.009708290029942874,1.4889688152901521,0.363909406711139,0.5754566404357815,4.440892098500626e-16,nan,0.0,0.0,True,-1,False
biased_sign,256,20260831,global,0.1,1.0,0.7482230392156862,0.04268186368528184,0.1975617654312643,0.01829283787893206,1.1790185117734688,0.3494770460195714,0.5865510615051153,4.440892098500626e-16,nan,0.0,0.0,True,-1,False
biased_sign,256,20260831,global,0.2,1.0,0.7482230392156862,0.04268186368528184,0.2600151618925196,0.019481750064046247,1.0601438761603652,0.3369235960299665,0.595767251347108,4.440892098500626e-16,nan,0.0,0.0,True,-1,False
biased_sign,256,20260831,global,0.3,1.0,0.7482230392156862,0.04268186368528184,0.27915951853422455,0.022214339394878185,1.027854521481991,0.33628265148813263,0.5984075944821742,4.440892098500626e-16,nan,0.0,0.0,True,-1,False
biased_sign,256,20260831,global,0.4,1.0,0.7482230392156862,0.04268186368528184,0.38689218816738813,0.02700464479847306,0.8460610029523787,0.2794764381346754,0.6345207301962814,4.440892098500626e-16,nan,0.0,0.0,True,-1,False
biased_sign,256,20260831,global,0.45,1.0,0.7482230392156862,0.04268186368528184,0.4515281592917164,0.0373271115683134,0.7595667817535063,0.25571746068141193,0.676481177108073,4.440892098500626e-16,nan,0.0,0.0,True,-1,False
biased_sign,256,20260831,global,0.5,1.0,0.7482230392156862,0.04268186368528184,0.43324688712208514,0.03427264251236236,0.780451061411966,0.27072581769827375,0.6542213004773163,4.440892098500626e-16,nan,0.0,0.0,True,-1,False
biased_sign,256,20260831,global,0.55,1.0,0.7482230392156862,0.04268186368528184,0.5009078523835423,0.04816170450969367,0.6741107915444491,0.21588791223256237,0.7748954875693328,4.440892098500626e-16,nan,0.0,0.0,True,-1,False
biased_sign,256,20260831,global,0.6,1.0,0.7482230392156862,0.04268186368528184,0.6199840204053585,0.055613381209604074,0.519982421365149,0.11982269897059289,0.8749658912353646,4.440892098500626e-16,nan,0.0,0.0,True,-1,False
biased_sign,256,20260831,global,0.65,1.0,0.7482230392156862,0.04268186368528184,0.47662856335192677,0.04262970736216173,0.723629514571938,0.2584082871929814,0.697941928845132,4.440892098500626e-16,nan,0.0,0.0,True,-1,False
biased_sign,256,20260831,global,0.7,1.0,0.7482230392156862,0.04268186368528184,0.6004955581850306,0.06176270853015357,0.5443877680947118,0.14068029815852717,0.9047580118858771,4.440892098500626e-16,nan,0.0,0.0,True,-1,False
biased_sign,256,20260831,local,0.0,1.0,0.7482230392156862,0.04268186368528184,0.04190369682808962,0.010227260146567904,1.4870823623642282,0.3666477611263038,0.5815357729422963,4.440892098500626e-16,0.7028656412759134,0.0,0.0,True,-1,False
biased_sign,256,20260831,local,0.1,1.0,0.7482230392156862,0.04268186368528184,0.13515635650007368,0.012414659883159436,1.2978136893183732,0.35862262122315675,0.5825767333615028,4.440892098500626e-16,0.20345996508682657,0.0,0.0,True,-1,False
biased_sign,256,20260831,local,0.2,1.0,0.7482230392156862,0.04268186368528184,0.1811803113858177,0.017451645378417476,1.2024769612770296,0.3499239555923671,0.5866857825258223,4.440892098500626e-16,0.1211604756999439,0.0,0.0,True,-1,False
biased_sign,256,20260831,local,0.3,1.0,0.7482230392156862,0.04268186368528184,0.27251667513875305,0.019927444122158543,1.0437006037490046,0.3333715742428108,0.6019529277003656,4.440892098500626e-16,0.18049047691905828,0.0,0.0,True,-1,False
biased_sign,256,20260831,local,0.4,1.0,0.7482230392156862,0.04268186368528184,0.3925538836484481,0.029810384790500747,0.8359611203673194,0.2977196565302987,0.6484736895058604,4.440892098500626e-16,0.18224375565607473,0.0,0.0,True,-1,False
biased_sign,256,20260831,local,0.45,1.0,0.7482230392156862,0.04268186368528184,0.46175128655042075,0.03747836919299183,0.7260381432719009,0.24736089970955022,0.6983359810440513,4.440892098500626e-16,0.14688124500891023,0.0,0.0,True,-1,False
biased_sign,256,20260831,local,0.5,1.0,0.7482230392156862,0.04268186368528184,0.5199357559267562,0.03931113617188003,0.646173896726866,0.17782415136874719,0.7350148275165421,4.440892098500626e-16,0.16992916717074713,0.0,0.0,True,-1,False
biased_sign,256,20260831,local,0.55,1.0,0.7482230392156862,0.04268186368528184,0.44923163285224066,0.04582048578821177,0.7575496676330924,0.2508159887954753,0.7001828913175834,4.440892098500626e-16,0.1974138771629234,0.0,0.0,True,-1,False
biased_sign,256,20260831,local,0.6,1.0,0.7482230392156862,0.04268186368528184,0.5532949948522924,0.04954329552134729,0.6162733656438807,0.16122978417999928,0.7941720278306267,4.440892098500626e-16,0.1453100150023389,0.0,0.0,True,-1,False
biased_sign,256,20260831,local,0.65,1.0,0.7482230392156862,0.04268186368528184,0.572894350411065,0.04645462971627049,0.5760313130177995,0.15651330591389284,0.8002321792391323,4.440892098500626e-16,0.10675970302270822,0.0,0.0,True,-1,False
biased_sign,256,20260831,local,0.7,1.0,0.7482230392156862,0.04268186368528184,0.5611653477752231,0.06427386639989419,0.6003575467731073,0.16630718983204873,0.8354441310986802,4.440892098500626e-16,0.19388093365726408,0.0,0.0,True,-1,False
biased_sign,256,20260832,global,0.0,1.0,0.7549632352941177,0.04056793673714734,0.044209880083490964,0.011159472079531323,1.4815610257585974,0.3668240797811797,0.58158644571253,4.440892098500626e-16,nan,0.0,0.0,True,-1,False
biased_sign,256,20260832,global,0.1,1.0,0.7549632352941177,0.04056793673714734,0.13532683031559928,0.014490497844572603,1.3007627346247101,0.35714853401047625,0.5852874117000328,4.440892098500626e-16,nan,0.0,0.0,True,-1,False
biased_sign,256,20260832,global,0.2,1.0,0.7549632352941177,0.04056793673714734,0.31810552731567376,0.022317607666873632,0.973202899963621,0.3294565830589113,0.5911346089151024,4.440892098500626e-16,nan,0.0,0.0,True,-1,False
biased_sign,256,20260832,global,0.3,1.0,0.7549632352941177,0.04056793673714734,0.2627072652301097,0.01887069783284604,1.0676209401068595,0.33645090879850975,0.5971671639755999,4.440892098500626e-16,nan,0.0,0.0,True,-1,False
biased_sign,256,20260832,global,0.4,1.0,0.7549632352941177,0.04056793673714734,0.48068343141821934,0.026658940839186192,0.699242790966616,0.19750576399774727,0.6964857118159136,4.440892098500626e-16,nan,0.0,0.0,True,-1,False
biased_sign,256,20260832,global,0.45,1.0,0.7549632352941177,0.04056793673714734,0.4237107954242873,0.03252314552842744,0.7825193772552302,0.26511746626828536,0.6699600818927252,4.440892098500626e-16,nan,0.0,0.0,True,-1,False
biased_sign,256,20260832,global,0.5,1.0,0.7549632352941177,0.04056793673714734,0.4373244284247615,0.02786744759677592,0.7918512928914091,0.2726775623239427,0.6595573941603494,4.440892098500626e-16,nan,0.0,0.0,True,-1,False
biased_sign,256,20260832,global,0.55,1.0,0.7549632352941177,0.04056793673714734,0.5003350514999936,0.03454890076569167,0.695040564085182,0.2121530884094494,0.7232447583785315,4.440892098500626e-16,nan,0.0,0.0,True,-1,False
biased_sign,256,20260832,global,0.6,1.0,0.7549632352941177,0.04056793673714734,0.5111623001348667,0.04414746209847748,0.6713014223661831,0.21502645354092137,0.7660915042476026,4.440892098500626e-16,nan,0.0,0.0,True,-1,False
biased_sign,256,20260832,global,0.65,1.0,0.7549632352941177,0.04056793673714734,0.6575338284629805,0.07753111603129337,0.46535382719671464,0.0840385744927333,1.0619252368273446,4.440892098500626e-16,nan,0.0,0.0,True,-1,False
biased_sign,256,20260832,global,0.7,1.0,0.7549632352941177,0.04056793673714734,0.6110812004730068,0.04119387685297462,0.532834271495915,0.13025444184786672,0.8935991164751211,4.440892098500626e-16,nan,0.0,0.0,True,-1,False
biased_sign,256,20260832,local,0.0,1.0,0.7549632352941177,0.04056793673714734,0.0429926296394377,0.009624672659301147,1.4817632171781239,0.36519423426110853,0.578445525346628,4.440892098500626e-16,0.644088732923806,0.0,0.0,True,-1,False
biased_sign,256,20260832,local,0.1,1.0,0.7549632352941177,0.04056793673714734,0.08545129170661764,0.01560225996340905,1.3933189697132446,0.359747673832762,0.5744401607483688,4.440892098500626e-16,0.23902014586982837,0.0,0.0,True,-1,False
biased_sign,256,20260832,local,0.2,1.0,0.7549632352941177,0.04056793673714734,0.1922450166501309,0.01671383208458965,1.1804664385861676,0.3504957204801169,0.5840781772699075,4.440892098500626e-16,0.1765947413221811,0.0,0.0,True,-1,False
biased_sign,256,20260832,local,0.3,1.0,0.7549632352941177,0.04056793673714734,0.28346062691969914,0.02647612915242425,1.020636229931152,0.3330389127970919,0.589315686949942,4.440892098500626e-16,0.1925588223411414,0.0,0.0,True,-1,False
biased_sign,256,20260832,local,0.4,1.0,0.7549632352941177,0.04056793673714734,0.3631575221705914,0.03018646682931443,0.8900195409772418,0.3125475602469383,0.6079931313252029,4.440892098500626e-16,0.1431892160329828,0.0,0.0,True,-1,False
biased_sign,256,20260832,local,0.45,1.0,0.7549632352941177,0.04056793673714734,0.389783129561479,0.0340743602717064,0.862038874473889,0.3083437857527309,0.6198716929942016,4.440892098500626e-16,0.1609277713134822,0.0,0.0,True,-1,False
biased_sign,256,20260832,local,0.5,1.0,0.7549632352941177,0.04056793673714734,0.4767738725418161,0.040739421960254,0.7275806722040208,0.23402601398860584,0.6665150736262229,4.440892098500626e-16,0.08516312665795918,0.0,0.0,True,-1,False
biased_sign,256,20260832,local,0.55,1.0,0.7549632352941177,0.04056793673714734,0.46512574071915175,0.042428383914871866,0.7361038829524102,0.2621707043967123,0.6834777606689044,4.440892098500626e-16,0.08162036768513059,0.0,0.0,True,-1,False
biased_sign,256,20260832,local,0.6,1.0,0.7549632352941177,0.04056793673714734,0.5359012043876024,0.04937424395421817,0.6414605068675087,0.18687112426148872,0.750876887463825,4.440892098500626e-16,0.18072252031810684,0.0,0.0,True,-1,False
biased_sign,256,20260832,local,0.65,1.0,0.7549632352941177,0.04056793673714734,0.6000339473800026,0.07114024318953699,0.5354465783101316,0.12760496329511223,0.8434294826410064,4.440892098500626e-16,0.18188952693415783,0.0,0.0,True,-1,False
biased_sign,256,20260832,local,0.7,1.0,0.7549632352941177,0.04056793673714734,0.584102526342239,0.04765369168914871,0.5833655320430924,0.13455765616321214,0.8297263269829898,4.440892098500626e-16,0.16185120803015826,0.0,0.0,True,-1,False
rademacher,256,20260830,global,0.0,1.0,0.005759803921568628,0.05830642298217708,0.04182925443297967,0.007201998878569753,1.4834321321593278,0.36663847487643175,0.5782815348135222,4.440892098500626e-16,nan,0.0,0.0,True,-1,False
rademacher,256,20260830,global,0.1,1.0,0.005759803921568628,0.05830642298217708,0.043281397777568544,0.010786209453616098,1.4746394176167008,0.36683954378814043,0.5837641779301981,4.440892098500626e-16,nan,0.0,0.0,True,-1,False
rademacher,256,20260830,global,0.2,1.0,0.005759803921568628,0.05830642298217708,0.046004227504450955,0.01067156529508753,1.402697043784093,0.36775798920987535,0.588579113863316,4.440892098500626e-16,nan,0.0,0.0,True,-1,False
rademacher,256,20260830,global,0.3,1.0,0.005759803921568628,0.05830642298217708,0.05124572101328365,0.00979696617463138,1.3880465140550984,0.3808074715632782,0.6305195366422658,4.440892098500626e-16,nan,0.0,0.0,True,-1,False
rademacher,256,20260830,global,0.4,1.0,0.005759803921568628,0.05830642298217708,0.05338530697417157,0.014414714661390094,1.3973987989797527,0.3712515816103576,0.6025688657914756,4.440892098500626e-16,nan,0.0,0.0,True,-1,False
rademacher,256,20260830,global,0.45,1.0,0.005759803921568628,0.05830642298217708,0.05007487766595745,0.012585862011585729,1.3489219217430268,0.3832918364961938,0.6634589998384777,4.440892098500626e-16,nan,0.0,0.0,True,-1,False
rademacher,256,20260830,global,0.5,1.0,0.005759803921568628,0.05830642298217708,0.05446079001623396,0.011046935270120814,1.3945667970652615,0.3884015419428638,0.6413253832107726,4.440892098500626e-16,nan,0.0,0.0,True,-1,False
rademacher,256,20260830,global,0.55,1.0,0.005759803921568628,0.05830642298217708,0.05418309289748554,0.012805645224900523,1.3840538558599662,0.3908768335098134,0.6470366401180558,4.440892098500626e-16,nan,0.0,0.0,True,-1,False
rademacher,256,20260830,global,0.6,1.0,0.005759803921568628,0.05830642298217708,0.05445571923441023,0.015868526496046552,1.3599313995998739,0.3832887323115334,0.6356882847644171,4.440892098500626e-16,nan,0.0,0.0,True,-1,False
rademacher,256,20260830,global,0.65,1.0,0.005759803921568628,0.05830642298217708,0.050746691973353394,0.012330795274299294,1.4064192491975618,0.39273950899579446,0.6502857835675894,4.440892098500626e-16,nan,0.0,0.0,True,-1,False
rademacher,256,20260830,global,0.7,1.0,0.005759803921568628,0.05830642298217708,0.055642949619952746,0.010559555841217514,1.3761775911543213,0.3879328611574524,0.6519702246904188,4.440892098500626e-16,nan,0.0,0.0,True,-1,False
rademacher,256,20260830,local,0.0,1.0,0.005759803921568628,0.05830642298217708,0.04240670745960293,0.010517745463750113,1.4874123222829532,0.3634578739078349,0.576230333351148,4.440892098500626e-16,0.5532239526764063,0.0,0.0,True,-1,False
rademacher,256,20260830,local,0.1,1.0,0.005759803921568628,0.05830642298217708,0.0457784438574563,0.011153926777637263,1.449483278084016,0.3678805318288954,0.5831395275893234,4.440892098500626e-16,0.18338526453905485,0.0,0.0,True,-1,False
rademacher,256,20260830,local,0.2,1.0,0.005759803921568628,0.05830642298217708,0.042879334971336745,0.008210057366084681,1.462167551880901,0.37127311702912474,0.5877055629282535,4.440892098500626e-16,0.17713535662780963,0.0,0.0,True,-1,False
rademacher,256,20260830,local,0.3,1.0,0.005759803921568628,0.05830642298217708,0.04920963882057958,0.013204514061589671,1.4259766031830785,0.36697322042151215,0.5970660427359817,4.440892098500626e-16,0.18784310969642368,0.0,0.0,True,-1,False
rademacher,256,20260830,local,0.4,1.0,0.005759803921568628,0.05830642298217708,0.04871021013036285,0.011280392346348348,1.4058861316936355,0.37996980773929206,0.6177536327384847,4.440892098500626e-16,0.1688983402429768,0.0,0.0,True,-1,False
rademacher,256,20260830,local,0.45,1.0,0.005759803921568628,0.05830642298217708,0.04907480756933882,0.012783446961934319,1.40270261309647,0.385726136727495,0.6429464744405458,4.440892098500626e-16,0.16182832165626349,0.0,0.0,True,-1,False
rademacher,256,20260830,local,0.5,1.0,0.005759803921568628,0.05830642298217708,0.05303933892846546,0.009301152708053156,1.3829596998099052,0.390945746136644,0.6720522153942694,4.440892098500626e-16,0.1618054545641848,0.0,0.0,True,-1,False
rademacher,256,20260830,local,0.55,1.0,0.005759803921568628,0.05830642298217708,0.05119286101917012,0.010426604028530682,1.4330875806500392,0.38534847569978303,0.6254922627945251,4.440892098500626e-16,0.16625346411585445,0.0,0.0,True,-1,False
rademacher,256,20260830,local,0.6,1.0,0.005759803921568628,0.05830642298217708,0.05089247338652667,0.00877268203033903,1.395813112221915,0.38320500586421513,0.6383016932622005,4.440892098500626e-16,0.1598095495532296,0.0,0.0,True,-1,False
rademacher,256,20260830,local,0.65,1.0,0.005759803921568628,0.05830642298217708,0.05037604988979937,0.009214485790533593,1.4076778612732403,0.3854713044059108,0.639382704246637,4.440892098500626e-16,0.15244342359007404,0.0,0.0,True,-1,False
rademacher,256,20260830,local,0.7,1.0,0.005759803921568628,0.05830642298217708,0.05192317315223325,0.01008180636039282,1.4017863524145435,0.40315144233728994,0.6812974287624239,4.440892098500626e-16,0.16706201971734888,0.0,0.0,True,-1,False
rademacher,256,20260831,global,0.0,1.0,0.0009191176470588235,0.06353002521603784,0.041220866979293815,0.009708290029942874,1.4889688152901521,0.363909406711139,0.5754566404357815,4.440892098500626e-16,nan,0.0,0.0,True,-1,False
rademacher,256,20260831,global,0.1,1.0,0.0009191176470588235,0.06353002521603784,0.042575952784187375,0.011320964551348192,1.4590321656200205,0.367235812673402,0.5872247556452831,4.440892098500626e-16,nan,0.0,0.0,True,-1,False
rademacher,256,20260831,global,0.2,1.0,0.0009191176470588235,0.06353002521603784,0.054277880318136316,0.012402971940966158,1.347337695762678,0.36731065933505885,0.5949988398879027,4.440892098500626e-16,nan,0.0,0.0,True,-1,False
rademacher,256,20260831,global,0.3,1.0,0.0009191176470588235,0.06353002521603784,0.05099778673604466,0.009740768072229058,1.3858288935360759,0.37135185955390504,0.606607775953673,4.440892098500626e-16,nan,0.0,0.0,True,-1,False
rademacher,256,20260831,global,0.4,1.0,0.0009191176470588235,0.06353002521603784,0.05280116384845936,0.012158986410558435,1.3912123110738157,0.3868237641433713,0.6326179054374071,4.440892098500626e-16,nan,0.0,0.0,True,-1,False
rademacher,256,20260831,global,0.45,1.0,0.0009191176470588235,0.06353002521603784,0.0482922169296607,0.006092861468167035,1.4193817343178168,0.37975955568295316,0.6148723998436182,4.440892098500626e-16,nan,0.0,0.0,True,-1,False
rademacher,256,20260831,global,0.5,1.0,0.0009191176470588235,0.06353002521603784,0.046328291827444155,0.010284210941535308,1.4380593529578654,0.37883531119729674,0.6098546610561014,4.440892098500626e-16,nan,0.0,0.0,True,-1,False
rademacher,256,20260831,global,0.55,1.0,0.0009191176470588235,0.06353002521603784,0.05339350618759847,0.014775191647620818,1.3865814487278643,0.38772093989775036,0.6443310745778394,4.440892098500626e-16,nan,0.0,0.0,True,-1,False
rademacher,256,20260831,global,0.6,1.0,0.0009191176470588235,0.06353002521603784,0.0544157472695989,0.013291460572885699,1.341575969427396,0.39668119544275926,0.6800446135114435,4.440892098500626e-16,nan,0.0,0.0,True,-1,False
rademacher,256,20260831,global,0.65,1.0,0.0009191176470588235,0.06353002521603784,0.05570717609040976,0.011601274401189644,1.3968501251498635,0.3917101677012358,0.6479744122815667,4.440892098500626e-16,nan,0.0,0.0,True,-1,False
rademacher,256,20260831,global,0.7,1.0,0.0009191176470588235,0.06353002521603784,0.0556784532944323,0.012673614272800721,1.4091229272684522,0.38391555473307887,0.646621854337148,4.440892098500626e-16,nan,0.0,0.0,True,-1,False
rademacher,256,20260831,local,0.0,1.0,0.0009191176470588235,0.06353002521603784,0.04190369682808962,0.010227260146567904,1.4870823623642282,0.3666477611263038,0.5815357729422963,4.440892098500626e-16,0.7028656412759134,0.0,0.0,True,-1,False
rademacher,256,20260831,local,0.1,1.0,0.0009191176470588235,0.06353002521603784,0.041924300391586025,0.009792628523660855,1.4642046565727886,0.3665964612710091,0.5773526012163928,4.440892098500626e-16,0.1666306424306448,0.0,0.0,True,-1,False
rademacher,256,20260831,local,0.2,1.0,0.0009191176470588235,0.06353002521603784,0.04415173835133996,0.011075874603844304,1.4246512720000484,0.36777350745437504,0.5934326482414571,4.440892098500626e-16,0.14749461165943553,0.0,0.0,True,-1,False
rademacher,256,20260831,local,0.3,1.0,0.0009191176470588235,0.06353002521603784,0.051151342367269856,0.010505095918810959,1.346575864146773,0.367644994553837,0.6049349602586416,4.440892098500626e-16,0.1417476234488931,0.0,0.0,True,-1,False
rademacher,256,20260831,local,0.4,1.0,0.0009191176470588235,0.06353002521603784,0.04951627085225196,0.012903753612582319,1.4063417754397058,0.3858940959242749,0.6331761622501489,4.440892098500626e-16,0.1374878001565717,0.0,0.0,True,-1,False
rademacher,256,20260831,local,0.45,1.0,0.0009191176470588235,0.06353002521603784,0.055278253416178626,0.012004652112216506,1.387007773883075,0.3769254238477487,0.6209390013373712,4.440892098500626e-16,0.13593421106660283,0.0,0.0,True,-1,False
rademacher,256,20260831,local,0.5,1.0,0.0009191176470588235,0.06353002521603784,0.05305048270814273,0.011038035202701083,1.400780309746099,0.39146877724813517,0.6371275173152553,4.440892098500626e-16,0.13247869188058445,0.0,0.0,True,-1,False
rademacher,256,20260831,local,0.55,1.0,0.0009191176470588235,0.06353002521603784,0.05501935364154195,0.018463293323192725,1.3842425644285594,0.3839789767530949,0.6287419429446199,4.440892098500626e-16,0.14903692472021143,0.0,0.0,True,-1,False
rademacher,256,20260831,local,0.6,1.0,0.0009191176470588235,0.06353002521603784,0.05275916826572913,0.011773042010201459,1.38165493103965,0.38403235847421746,0.6726232547110493,4.440892098500626e-16,0.1315370052642719,0.0,0.0,True,-1,False
rademacher,256,20260831,local,0.65,1.0,0.0009191176470588235,0.06353002521603784,0.053721697978203066,0.012836818857977815,1.4117585403127437,0.3913105531752131,0.6528035856976773,4.440892098500626e-16,0.1295890336119894,0.0,0.0,True,-1,False
rademacher,256,20260831,local,0.7,1.0,0.0009191176470588235,0.06353002521603784,0.05072127708968491,0.01252764296424453,1.4227233530777406,0.3905442493110677,0.641673167238599,4.440892098500626e-16,0.1357753633613747,0.0,0.0,True,-1,False
rademacher,256,20260832,global,0.0,1.0,-0.0011642156862745098,0.06354869777878289,0.044209880083490964,0.011159472079531323,1.4815610257585974,0.3668240797811797,0.58158644571253,4.440892098500626e-16,nan,0.0,0.0,True,-1,False
rademacher,256,20260832,global,0.1,1.0,-0.0011642156862745098,0.06354869777878289,0.044918324236249356,0.013067669788456257,1.447457093259826,0.3618473093770386,0.5812692584828566,4.440892098500626e-16,nan,0.0,0.0,True,-1,False
rademacher,256,20260832,global,0.2,1.0,-0.0011642156862745098,0.06354869777878289,0.04442749866417835,0.01022968949227321,1.424430570302527,0.37139684595066164,0.5961096747647987,4.440892098500626e-16,nan,0.0,0.0,True,-1,False
rademacher,256,20260832,global,0.3,1.0,-0.0011642156862745098,0.06354869777878289,0.054066511295278764,0.01209309068840213,1.3681011694574776,0.37268230833549243,0.6198103215938804,4.440892098500626e-16,nan,0.0,0.0,True,-1,False
rademacher,256,20260832,global,0.4,1.0,-0.0011642156862745098,0.06354869777878289,0.04889749940100128,0.01111118663557096,1.3854791248165643,0.3692394783267694,0.6057486556775211,4.440892098500626e-16,nan,0.0,0.0,True,-1,False
rademacher,256,20260832,global,0.45,1.0,-0.0011642156862745098,0.06354869777878289,0.05244833970517077,0.012698314378143121,1.4151522777379135,0.37075398925871084,0.6102150221434538,4.440892098500626e-16,nan,0.0,0.0,True,-1,False
rademacher,256,20260832,global,0.5,1.0,-0.0011642156862745098,0.06354869777878289,0.04959584330554782,0.01020407249246349,1.4213763885309452,0.3884364798087129,0.6431964667356724,4.440892098500626e-16,nan,0.0,0.0,True,-1,False
rademacher,256,20260832,global,0.55,1.0,-0.0011642156862745098,0.06354869777878289,0.049002375366483296,0.012700237271515175,1.405309025101056,0.3883826442606405,0.6328916818979404,4.440892098500626e-16,nan,0.0,0.0,True,-1,False
rademacher,256,20260832,global,0.6,1.0,-0.0011642156862745098,0.06354869777878289,0.057836432100281575,0.012074850285066382,1.3715235649938926,0.3934053126941526,0.6693870699585731,4.440892098500626e-16,nan,0.0,0.0,True,-1,False
rademacher,256,20260832,global,0.65,1.0,-0.0011642156862745098,0.06354869777878289,0.05523098783919787,0.014486927002419022,1.4216628520865215,0.3867539658441415,0.644443336841033,4.440892098500626e-16,nan,0.0,0.0,True,-1,False
rademacher,256,20260832,global,0.7,1.0,-0.0011642156862745098,0.06354869777878289,0.054057606556746345,0.011433361604562542,1.3914255642362132,0.4003653381982485,0.6658418614158244,4.440892098500626e-16,nan,0.0,0.0,True,-1,False
rademacher,256,20260832,local,0.0,1.0,-0.0011642156862745098,0.06354869777878289,0.0429926296394377,0.009624672659301147,1.4817632171781239,0.36519423426110853,0.578445525346628,4.440892098500626e-16,0.644088732923806,0.0,0.0,True,-1,False
rademacher,256,20260832,local,0.1,1.0,-0.0011642156862745098,0.06354869777878289,0.04572592935477435,0.009601366177748472,1.4608324622521374,0.36839300732256136,0.5833271606010805,4.440892098500626e-16,0.22032781169843152,0.0,0.0,True,-1,False
rademacher,256,20260832,local,0.2,1.0,-0.0011642156862745098,0.06354869777878289,0.046178286262930066,0.011409398861121944,1.4460187955196224,0.3715142426405062,0.5905055273544006,4.440892098500626e-16,0.21130420662790014,0.0,0.0,True,-1,False
rademacher,256,20260832,local,0.3,1.0,-0.0011642156862745098,0.06354869777878289,0.04660382549696923,0.012860819315667528,1.4420346355336136,0.3709822664765825,0.5922463206488165,4.440892098500626e-16,0.18771636035783815,0.0,0.0,True,-1,False
rademacher,256,20260832,local,0.4,1.0,-0.0011642156862745098,0.06354869777878289,0.05662826543051215,0.011399753266372652,1.3462416431101796,0.37320056117079115,0.6371715027372462,4.440892098500626e-16,0.1837459059753887,0.0,0.0,True,-1,False
rademacher,256,20260832,local,0.45,1.0,-0.0011642156862745098,0.06354869777878289,0.0522699211155273,0.01290927521344568,1.3914044774358676,0.38428549771204124,0.6320329853080866,4.440892098500626e-16,0.18233978510481738,0.0,0.0,True,-1,False
rademacher,256,20260832,local,0.5,1.0,-0.0011642156862745098,0.06354869777878289,0.0501896247198591,0.010666525154894914,1.3853840889230389,0.3809659555588753,0.6293017825496018,4.440892098500626e-16,0.1697401182171893,0.0,0.0,True,-1,False
rademacher,256,20260832,local,0.55,1.0,-0.0011642156862745098,0.06354869777878289,0.05211450514028554,0.01219520775328563,1.4078277235559862,0.39797849942414976,0.6715872090475308,4.440892098500626e-16,0.17211532719416642,0.0,0.0,True,-1,False
rademacher,256,20260832,local,0.6,1.0,-0.0011642156862745098,0.06354869777878289,0.052410294723218426,0.01007827788729889,1.3903935653043917,0.3848624926592773,0.6424237881079105,4.440892098500626e-16,0.16611524327479943,0.0,0.0,True,-1,False
rademacher,256,20260832,local,0.65,1.0,-0.0011642156862745098,0.06354869777878289,0.05609715535253183,0.012515254749011639,1.3553963362358634,0.394936553697166,0.6556710671374331,4.440892098500626e-16,0.1719200104344521,0.0,0.0,True,-1,False
rademacher,256,20260832,local,0.7,1.0,-0.0011642156862745098,0.06354869777878289,0.05691783305065658,0.013398106205557007,1.3994716083483354,0.3949694155032013,0.6699174626133024,4.440892098500626e-16,0.1667332232963968,0.0,0.0,True,-1,False
