stage,group,beta,gamma0,condition,seed,dtype,t,theoretical_scale,status,n,median,estimated_scale,ks,tail10,tail100,absolute_error,floored_error
B,wide,0.5,0.1,0,0,float64,0,0.1,記述的評価,4096,0.004112417578328173,0.10153043299017206,0.014352985738116164,0.056884765625,0.004638671875,0.0015304329901720537,0.015304329901720537
B,wide,0.5,0.1,0,0,float64,1,0.04995837495787998,記述的評価,4096,0.002212497135899804,0.05075346360612338,0.016838483613959787,0.060546875,0.007080078125,0.0007950886482434028,0.01591502223428492
B,wide,0.5,0.1,0,0,float64,2,0.02497399343895132,記述的評価,4096,0.0010541829808332318,0.025322593276452858,0.01562879581182408,0.059814453125,0.007080078125,0.0003485998375015384,0.013958514017939792
B,wide,0.5,0.1,0,0,float64,4,0.006243092761378258,記述的評価,4096,0.00026290340597894473,0.006334574041051257,0.015388096854109912,0.058837890625,0.005859375,9.14812796729992e-05,0.014653198850244749
B,wide,0.5,0.1,0,0,float64,8,0.0003901916143904286,記述的評価,4096,1.652995711608265e-05,0.0003954884106762694,0.01587660664185986,0.058837890625,0.005859375,5.296796285840825e-06,0.013574859352412458
B,wide,0.5,0.1,0,0,float64,16,1.5241859679289446e-06,記述的評価,4096,6.457014498665818e-08,1.5448766312446062e-06,0.015876607538070076,0.058837890625,0.005859375,2.069066331566163e-08,0.013574894239300724
B,wide,0.5,0.1,0,0,float64,32,2.325723217664416e-11,記述的評価,4096,9.852622220864595e-13,2.3572946643753338e-11,0.01587660753808373,0.058837890625,0.005859375,3.1571446710917904e-13,0.013574894239832722
B,wide,0.5,0.1,0,0,float64,64,5.414996337295547e-21,記述的評価,4096,2.293992373362322e-22,5.4885043398834154e-21,0.01587660753808373,0.058837890625,0.005859375,7.350800258786861e-23,7.350800258786861e-11
B,wide,0.5,0.1,0,0,float64,128,2.9354753964484406e-40,記述的評価,4096,1.243575757432304e-41,2.9753241644988592e-40,0.01587660753808373,0.058837890625,0.005859375,3.9848768050418614e-42,3.9848768050418615e-30
B,wide,0.5,0.1,0,0,float64,256,8.626586863757392e-79,記述的評価,4096,3.654540694203052e-80,8.743691868083629e-79,0.01587660753808373,0.058837890625,0.005859375,1.1710500432623685e-80,1.1710500432623685e-68
B,wide,0.5,0.1,0,0,float64,512,7.450065821057239e-156,記述的評価,4096,3.156122942658942e-157,7.551199676657884e-156,0.01587660753808373,0.058837890625,0.005859375,1.0113385560064456e-157,1.0113385560064456e-145
B,wide,0.5,0.1,0,0,float64,1024,5.55651293633137e-310,記述的評価,4096,2.353944029591e-311,5.63194201178435e-310,0.015876607538084397,0.058837890625,0.005859375,7.5429075453e-312,7.542907545297851e-300
B,wide,0.5,0.1,0,0,float64,2048,0.0,記述的評価,4096,0.0,0.0,,0.0,0.0,0.0,0.0
B,wide,0.5,0.1,0,0,float64,4096,0.0,記述的評価,4096,0.0,0.0,,0.0,0.0,0.0,0.0
B,wide,0.5,0.1,0,1,float64,0,0.1,記述的評価,4096,0.0024598427671988694,0.09778069559147456,0.017447719715103838,0.06298828125,0.0048828125,0.002219304408525441,0.02219304408525441
B,wide,0.5,0.1,0,1,float64,1,0.04995837495787998,記述的評価,4096,0.0014953822209687528,0.048860151766903476,0.018032425125044216,0.06591796875,0.0048828125,0.0010982231909765008,0.021982764489485804
B,wide,0.5,0.1,0,1,float64,2,0.02497399343895132,記述的評価,4096,0.0007744552981736476,0.024432778635078065,0.018239654651048043,0.0654296875,0.005615234375,0.0005412148038732544,0.021671135823601802
B,wide,0.5,0.1,0,1,float64,4,0.006243092761378258,記述的評価,4096,0.00015846293134623904,0.006107662646347028,0.017495699532583453,0.0654296875,0.005126953125,0.00013543011503122995,0.021692792371922356
B,wide,0.5,0.1,0,1,float64,8,0.0003901916143904286,記述的評価,4096,9.608767286983375e-06,0.000381738998837121,0.017250793052991376,0.0654296875,0.00537109375,8.452615553307592e-06,0.021662729903902656
B,wide,0.5,0.1,0,1,float64,16,1.5241859679289446e-06,記述的評価,4096,3.7534247215164904e-08,1.491167988630944e-06,0.017250790049691933,0.0654296875,0.00537109375,3.301797929800063e-08,0.02166269733008058
B,wide,0.5,0.1,0,1,float64,32,2.325723217664416e-11,記述的評価,4096,5.727271608759295e-13,2.275341779527766e-11,0.017250790049646136,0.0654296875,0.00537109375,5.038143813664995e-13,0.021662697329583785
B,wide,0.5,0.1,0,1,float64,64,5.414996337295547e-21,記述的評価,4096,1.33348433504796e-22,5.2976929105999086e-21,0.017250790049646136,0.0654296875,0.00537109375,1.1730342669563823e-22,1.1730342669563824e-10
B,wide,0.5,0.1,0,1,float64,128,2.9354753964484406e-40,記述的評価,4096,7.228833065171933e-42,2.871885081416738e-40,0.017250790049646136,0.0654296875,0.00537109375,6.359031503170254e-42,6.359031503170255e-30
B,wide,0.5,0.1,0,1,float64,256,8.626586863757392e-79,記述的評価,4096,2.124363107786742e-80,8.439711723540452e-79,0.017250790049646136,0.0654296875,0.00537109375,1.8687514021693983e-80,1.8687514021693984e-68
B,wide,0.5,0.1,0,1,float64,512,7.450065821057239e-156,記述的評価,4096,1.8346357871070572e-157,7.288677300090199e-156,0.017250790049646136,0.0654296875,0.00537109375,1.613885209670401e-157,1.613885209670401e-145
B,wide,0.5,0.1,0,1,float64,1024,5.55651293633137e-310,記述的評価,4096,1.36833388179e-311,5.4361438783837e-310,0.017250790049645692,0.0654296875,0.00537109375,1.203690579477e-311,1.2036905794768654e-299
B,wide,0.5,0.1,0,1,float64,2048,0.0,記述的評価,4096,0.0,0.0,,0.0,0.0,0.0,0.0
B,wide,0.5,0.1,0,1,float64,4096,0.0,記述的評価,4096,0.0,0.0,,0.0,0.0,0.0,0.0
B,wide,0.5,0.1,0,2,float64,0,0.1,記述的評価,4096,-0.004426426447278565,0.1010339191623052,0.018125985854306303,0.059814453125,0.008056640625,0.0010339191623051913,0.010339191623051913
B,wide,0.5,0.1,0,2,float64,1,0.04995837495787998,記述的評価,4096,-0.0015499802755346232,0.05030220019477137,0.014261000628958853,0.06103515625,0.00634765625,0.0003438252368913944,0.006882234203599982
B,wide,0.5,0.1,0,2,float64,2,0.02497399343895132,記述的評価,4096,-0.0006942009884419601,0.025164447891374737,0.013294747200179535,0.062255859375,0.006591796875,0.0001904544524234178,0.007626111254052413
B,wide,0.5,0.1,0,2,float64,4,0.006243092761378258,記述的評価,4096,-0.00017038864896021296,0.006292253304398697,0.01280968695159479,0.062744140625,0.007568359375,4.916054302043886e-05,0.007874389329045613
B,wide,0.5,0.1,0,2,float64,8,0.0003901916143904286,記述的評価,4096,-1.084689102513351e-05,0.0003930453530336565,0.013298182086388222,0.062744140625,0.00732421875,2.8537386432279433e-06,0.0073136852202376436
B,wide,0.5,0.1,0,2,float64,16,1.5241859679289446e-06,記述的評価,4096,-4.19402958308059e-08,1.535438653980509e-06,0.013054042300136903,0.062744140625,0.00732421875,1.1252686051564296e-08,0.0073827513757093455
B,wide,0.5,0.1,0,2,float64,32,2.325723217664416e-11,記述的評価,4096,-6.399581273011157e-13,2.3428934539503644e-11,0.013054042300149726,0.062744140625,0.00732421875,1.7170236285948542e-13,0.0073827513762328
B,wide,0.5,0.1,0,2,float64,64,5.414996337295547e-21,記述的評価,4096,-1.490018626910438e-22,5.454973908957011e-21,0.013054042300149726,0.062744140625,0.00732421875,3.997757166146427e-23,3.997757166146427e-11
B,wide,0.5,0.1,0,2,float64,128,2.9354753964484406e-40,記述的評価,4096,-8.077407161700826e-42,2.957147281471468e-40,0.013054042300149726,0.062744140625,0.00732421875,2.167188502302725e-42,2.167188502302725e-30
B,wide,0.5,0.1,0,2,float64,256,8.626586863757392e-79,記述的評価,4096,-2.373736621967702e-80,8.690274809797989e-79,0.013054042300149726,0.062744140625,0.00732421875,6.368794604059668e-81,6.368794604059668e-69
B,wide,0.5,0.1,0,2,float64,512,7.450065821057239e-156,記述的評価,4096,-2.0499989572713577e-157,7.505067804750674e-156,0.013054042300149726,0.062744140625,0.00732421875,5.500198369343528e-158,5.500198369343528e-146
B,wide,0.5,0.1,0,2,float64,1024,5.55651293633137e-310,記述的評価,4096,-1.5289590721934e-311,5.59753528985914e-310,0.013054042300148894,0.062744140625,0.00732421875,4.102235352777e-312,4.102235352777123e-300
B,wide,0.5,0.1,0,2,float64,2048,0.0,記述的評価,4096,0.0,0.0,,0.0,0.0,0.0,0.0
B,wide,0.5,0.1,0,2,float64,4096,0.0,記述的評価,4096,0.0,0.0,,0.0,0.0,0.0,0.0
B,wide,0.5,0.1,0,3,float64,0,0.1,記述的評価,4096,-0.0007605105577273778,0.09763367838501691,0.00909354544806662,0.064453125,0.005859375,0.002366321614983097,0.023663216149830968
B,wide,0.5,0.1,0,3,float64,1,0.04995837495787998,記述的評価,4096,-0.0004094646822340041,0.04875197074789479,0.009198847956327527,0.064208984375,0.006591796875,0.0012064042099851832,0.02414818758621163
B,wide,0.5,0.1,0,3,float64,2,0.02497399343895132,記述的評価,4096,-0.00027066281807355873,0.02435659932768181,0.010140718750664579,0.063232421875,0.00537109375,0.0006173941112695112,0.02472148127926457
B,wide,0.5,0.1,0,3,float64,4,0.006243092761378258,記述的評価,4096,-6.231245427300632e-05,0.006086553131701939,0.009885738426897883,0.064208984375,0.007080078125,0.0001565396296763187,0.025074051541364606
B,wide,0.5,0.1,0,3,float64,8,0.0003901916143904286,記述的評価,4096,-3.598847163781781e-06,0.00038078846004428095,0.009640878002744047,0.064208984375,0.00732421875,9.40315434614763e-06,0.02409881196662203
B,wide,0.5,0.1,0,3,float64,16,1.5241859679289446e-06,記述的評価,4096,-1.4057996733542878e-08,1.487454946013195e-06,0.009640875180051411,0.064208984375,0.00732421875,3.673102191574954e-08,0.024098779734640547
B,wide,0.5,0.1,0,3,float64,32,2.325723217664416e-11,記述的評価,4096,-2.145080067984448e-13,2.2696761261193246e-11,0.009640875180008335,0.064208984375,0.00732421875,5.604709154509128e-13,0.024098779734149107
B,wide,0.5,0.1,0,3,float64,64,5.414996337295547e-21,記述的評価,4096,-4.9944037291790545e-23,5.284501533301837e-21,0.009640875180008335,0.064208984375,0.00732421875,1.3049480399370956e-22,1.3049480399370956e-10
B,wide,0.5,0.1,0,3,float64,128,2.9354753964484406e-40,記述的評価,4096,-2.707471686722818e-42,2.8647340214544156e-40,0.009640875180008335,0.064208984375,0.00732421875,7.0741374994025e-42,7.0741374994025e-30
B,wide,0.5,0.1,0,3,float64,256,8.626586863757392e-79,記述的評価,4096,-7.956544181884907e-81,8.418696647070198e-79,0.009640875180008335,0.064208984375,0.00732421875,2.0789021668719354e-80,2.0789021668719353e-68
B,wide,0.5,0.1,0,3,float64,512,7.450065821057239e-156,記述的評価,4096,-6.871405667081408e-158,7.270528325830668e-156,0.009640875180008335,0.064208984375,0.00732421875,1.7953749522657112e-157,1.7953749522657112e-145
B,wide,0.5,0.1,0,3,float64,1024,5.55651293633137e-310,記述的評価,4096,-5.124928476735e-312,5.42260775498875e-310,0.009640875180008446,0.064208984375,0.00732421875,1.339051813426e-311,1.3390518134261835e-299
B,wide,0.5,0.1,0,3,float64,2048,0.0,記述的評価,4096,0.0,0.0,,0.0,0.0,0.0,0.0
B,wide,0.5,0.1,0,3,float64,4096,0.0,記述的評価,4096,0.0,0.0,,0.0,0.0,0.0,0.0
B,wide,0.5,0.1,0,4,float64,0,0.1,記述的評価,4096,0.002374037057600039,0.09923466065348133,0.010493223749579617,0.06787109375,0.005859375,0.0007653393465186786,0.007653393465186786
B,wide,0.5,0.1,0,4,float64,1,0.04995837495787998,記述的評価,4096,0.0010864060392111457,0.049495452841232364,0.009708677118965336,0.06640625,0.00634765625,0.00046292211664761274,0.009266156415974367
B,wide,0.5,0.1,0,4,float64,2,0.02497399343895132,記述的評価,4096,0.0005766811966423078,0.0247532300071962,0.010183936043950514,0.0654296875,0.0068359375,0.00022076343175512006,0.008839732912350365
B,wide,0.5,0.1,0,4,float64,4,0.006243092761378258,記述的評価,4096,0.00015752299903121705,0.006173342597767901,0.011156429793344913,0.064453125,0.004638671875,6.975016361035653e-05,0.011172373417523612
B,wide,0.5,0.1,0,4,float64,8,0.0003901916143904286,記述的評価,4096,9.633415646772193e-06,0.0003865162921999408,0.010912018990110517,0.064453125,0.004150390625,3.6753221904877982e-06,0.009419275184141308
B,wide,0.5,0.1,0,4,float64,16,1.5241859679289446e-06,記述的評価,4096,3.7630529870592176e-08,1.5098292914736417e-06,0.010912017930607198,0.064453125,0.004150390625,1.4356676455302857e-08,0.009419241980563979
B,wide,0.5,0.1,0,4,float64,32,2.325723217664416e-11,記述的評価,4096,5.741963176054716e-13,2.3038166678985965e-11,0.010912017930591045,0.064453125,0.004150390625,2.1906549765819395e-13,0.00941924198005764
B,wide,0.5,0.1,0,4,float64,64,5.414996337295547e-21,記述的評価,4096,1.3369049821176372e-22,5.363991176473434e-21,0.010912017930591045,0.064453125,0.004150390625,5.100516082211257e-23,5.1005160822112565e-11
B,wide,0.5,0.1,0,4,float64,128,2.9354753964484406e-40,記述的評価,4096,7.247376430093183e-42,2.907825443362787e-40,0.010912017930591045,0.064453125,0.004150390625,2.764995308565349e-42,2.764995308565349e-30
B,wide,0.5,0.1,0,4,float64,256,8.626586863757392e-79,記述的評価,4096,2.1298125129642835e-80,8.545330954625674e-79,0.010912017930591045,0.064453125,0.004150390625,8.125590913171739e-81,8.125590913171739e-69
B,wide,0.5,0.1,0,4,float64,512,7.450065821057239e-156,記述的評価,4096,1.8393419852708824e-157,7.379891848321344e-156,0.010912017930591045,0.064453125,0.004150390625,7.017397273589493e-158,7.017397273589492e-146
B,wide,0.5,0.1,0,4,float64,1024,5.55651293633137e-310,記述的評価,4096,1.3718439247355e-311,5.50417479641874e-310,0.01091201793058949,0.064453125,0.004150390625,5.233813991263e-312,5.233813991263197e-300
B,wide,0.5,0.1,0,4,float64,2048,0.0,記述的評価,4096,0.0,0.0,,0.0,0.0,0.0,0.0
B,wide,0.5,0.1,0,4,float64,4096,0.0,記述的評価,4096,0.0,0.0,,0.0,0.0,0.0,0.0
B,wide,0.5,1.0,1,0,float64,0,1.0,記述的評価,4096,0.013756017684102175,1.0123247639615314,0.011431142290320884,0.06201171875,0.004150390625,0.012324763961531371,0.012324763961531371
B,wide,0.5,1.0,1,0,float64,1,0.46211715726000974,記述的評価,4096,-0.004434594818506142,0.4839130251415855,0.01367994995112326,0.061767578125,0.009033203125,0.02179586788157578,0.04716524270773258
B,wide,0.5,1.0,1,0,float64,2,0.2270326087174543,記述的評価,4096,-0.002997173467872957,0.23311027839005263,0.013981734946344637,0.06689453125,0.00537109375,0.006077669672598346,0.026770029675173678
B,wide,0.5,1.0,1,0,float64,4,0.05645551423322024,記述的評価,4096,-0.0003639957549302422,0.05833537486671461,0.011521675442535961,0.06982421875,0.00732421875,0.001879860633494372,0.03329808715812213
B,wide,0.5,1.0,1,0,float64,8,0.003527225540767175,記述的評価,4096,-5.1339840412484603e-05,0.003626162926015865,0.01409169023846868,0.069091796875,0.0078125,9.893738524869005e-05,0.028049633941800916
B,wide,0.5,1.0,1,0,float64,16,1.3778205722357871e-05,記述的評価,4096,-2.0054625167006705e-07,1.416471978280039e-05,0.014092194616002418,0.069091796875,0.007568359375,3.8651406044251817e-07,0.028052568544198932
B,wide,0.5,1.0,1,0,float64,32,2.1023873477275458e-10,記述的評価,4096,-3.0600929515086048e-12,2.1613647130002725e-10,0.014092194623698762,0.069091796875,0.007568359375,5.8977365272726705e-12,0.02805256858897809
B,wide,0.5,1.0,1,0,float64,64,4.895001993811563e-20,記述的評価,4096,-7.124834115404181e-22,5.0323193729861465e-20,0.014092194623698762,0.069091796875,0.007568359375,1.3731737917458337e-21,1.3731737917458338e-09
B,wide,0.5,1.0,1,0,float64,128,2.6535858980056862e-39,記述的評価,4096,-3.862380313260025e-41,2.7280257984162358e-39,0.014092194623698762,0.069091796875,0.007568359375,7.443990041054953e-41,7.443990041054953e-29
B,wide,0.5,1.0,1,0,float64,256,7.798188081318427e-78,記述的評価,4096,-1.1350515597410942e-79,8.016947287339364e-78,0.014092194623698762,0.069091796875,0.007568359375,2.1875920602093663e-79,2.1875920602093664e-67
B,wide,0.5,1.0,1,0,float64,512,6.734646669459448e-155,記述的評価,4096,-9.802496588646941e-157,6.923570807076992e-155,0.014092194623698762,0.069091796875,0.007568359375,1.8892413761754402e-156,1.8892413761754403e-144
B,wide,0.5,1.0,1,0,float64,1024,5.02292895650712e-309,記述的評価,4096,-7.3110359574557e-311,5.163835015577103e-309,0.014092194623698762,0.069091796875,0.007568359375,1.4090605906998e-310,1.4090605906998018e-298
B,wide,0.5,1.0,1,0,float64,2048,0.0,記述的評価,4096,0.0,0.0,,0.0,0.0,0.0,0.0
B,wide,0.5,1.0,1,0,float64,4096,0.0,記述的評価,4096,0.0,0.0,,0.0,0.0,0.0,0.0
B,wide,0.5,1.0,1,1,float64,0,1.0,記述的評価,4096,0.04972402400213697,1.0062033129342294,0.021106101728457505,0.062744140625,0.007080078125,0.006203312934229377,0.006203312934229377
B,wide,0.5,1.0,1,1,float64,1,0.46211715726000974,記述的評価,4096,0.0156754133773942,0.4573349290227096,0.015819361119649322,0.0693359375,0.0068359375,0.0047822282373001235,0.010348519119382983
B,wide,0.5,1.0,1,1,float64,2,0.2270326087174543,記述的評価,4096,0.006453903341123644,0.22457327704911378,0.013848081295465664,0.06396484375,0.005126953125,0.002459331668340503,0.010832504115746565
B,wide,0.5,1.0,1,1,float64,4,0.05645551423322024,記述的評価,4096,0.00156497817078606,0.05587798273156115,0.013639239970510197,0.061767578125,0.00830078125,0.0005775315016590885,0.010229851051808334
B,wide,0.5,1.0,1,1,float64,8,0.003527225540767175,記述的評価,4096,9.610048677565797e-05,0.0034914518145759176,0.013365126586498743,0.061279296875,0.008544921875,3.577372619125753e-05,0.010142171453962852
B,wide,0.5,1.0,1,1,float64,16,1.3778205722357871e-05,記述的評価,4096,3.8207485271835896e-07,1.3644379335879989e-05,0.01360914969933591,0.061279296875,0.0087890625,1.3382638647788254e-07,0.009712903782581985
B,wide,0.5,1.0,1,1,float64,32,2.1023873477275458e-10,記述的評価,4096,5.829999583715288e-12,2.081967061792707e-10,0.013609149697542788,0.061279296875,0.0087890625,2.0420285934838733e-12,0.009712903741030815
B,wide,0.5,1.0,1,1,float64,64,4.895001993811563e-20,記述的評価,4096,1.3574025555782224e-21,4.8474573106335175e-20,0.013609149697542788,0.061279296875,0.0087890625,4.754468317804563e-22,4.754468317804563e-10
B,wide,0.5,1.0,1,1,float64,128,2.6535858980056862e-39,記述的評価,4096,7.358493998476422e-41,2.6278118736098002e-39,0.013609149697542788,0.061279296875,0.0087890625,2.5774024395886046e-41,2.5774024395886046e-29
B,wide,0.5,1.0,1,1,float64,256,7.798188081318427e-78,記述的評価,4096,2.1624670314421852e-79,7.722445031130128e-78,0.013609149697542788,0.061279296875,0.0087890625,7.574305018829967e-80,7.574305018829967e-68
B,wide,0.5,1.0,1,1,float64,512,6.734646669459448e-155,記述的評価,4096,1.867542977836943e-156,6.669233694629135e-155,0.013609149697542788,0.061279296875,0.0087890625,6.54129748303134e-157,6.54129748303134e-145
B,wide,0.5,1.0,1,1,float64,1024,5.02292895650712e-309,記述的評価,4096,1.39287718588683e-310,4.97414173105453e-309,0.0136091496975429,0.061279296875,0.0087890625,4.878722545259e-311,4.878722545259003e-299
B,wide,0.5,1.0,1,1,float64,2048,0.0,記述的評価,4096,0.0,0.0,,0.0,0.0,0.0,0.0
B,wide,0.5,1.0,1,1,float64,4096,0.0,記述的評価,4096,0.0,0.0,,0.0,0.0,0.0,0.0
B,wide,0.5,1.0,1,2,float64,0,1.0,記述的評価,4096,-0.028297013376627243,0.9950088518515778,0.01598682298464471,0.0595703125,0.004150390625,0.004991148148422164,0.004991148148422164
B,wide,0.5,1.0,1,2,float64,1,0.46211715726000974,記述的評価,4096,-0.01750799239296331,0.4560553284835266,0.021525633584420056,0.057373046875,0.003662109375,0.006061828776483147,0.013117515074369908
B,wide,0.5,1.0,1,2,float64,2,0.2270326087174543,記述的評価,4096,-0.007448540081249843,0.22328619713303602,0.020218433438003003,0.058349609375,0.0078125,0.003746411584418269,0.01650164531686608
B,wide,0.5,1.0,1,2,float64,4,0.05645551423322024,記述的評価,4096,-0.0024673183820621797,0.055750388652972556,0.02436093303475595,0.055908203125,0.00390625,0.0007051255802476841,0.012489932822766949
B,wide,0.5,1.0,1,2,float64,8,0.003527225540767175,記述的評価,4096,-0.00014407444870071857,0.003489487769619124,0.023611837976214356,0.055419921875,0.005126953125,3.773777114805116e-05,0.010698995772139695
B,wide,0.5,1.0,1,2,float64,16,1.3778205722357871e-05,記述的評価,4096,-5.775133200639186e-07,1.3627105587518147e-05,0.023855913232569637,0.055419921875,0.005126953125,1.5110013483972473e-07,0.010966604642470594
B,wide,0.5,1.0,1,2,float64,32,2.1023873477275458e-10,記述的評価,4096,-8.81215393163971e-12,2.0793312969665696e-10,0.023855913231572212,0.055419921875,0.005126953125,2.3056050760976233e-12,0.01096660460114419
B,wide,0.5,1.0,1,2,float64,64,4.895001993811563e-20,記述的評価,4096,-2.0517394718806514e-21,4.841320442423619e-20,0.023855913231572212,0.055419921875,0.005126953125,5.368155138794387e-22,5.368155138794387e-10
B,wide,0.5,1.0,1,2,float64,128,2.6535858980056862e-39,記述的評価,4096,-1.1122501963936319e-40,2.6244850706870857e-39,0.023855913231572212,0.055419921875,0.005126953125,2.9100827318600495e-41,2.9100827318600494e-29
B,wide,0.5,1.0,1,2,float64,256,7.798188081318427e-78,記述的評価,4096,-3.268609556404235e-79,7.712668436025253e-78,0.023855913231572212,0.055419921875,0.005126953125,8.551964529317445e-80,8.551964529317444e-68
B,wide,0.5,1.0,1,2,float64,512,6.734646669459448e-155,記述的評価,4096,-2.822826306989946e-156,6.660790462307074e-155,0.023855913231572212,0.055419921875,0.005126953125,7.385620715237438e-157,7.385620715237437e-145
B,wide,0.5,1.0,1,2,float64,1024,5.02292895650712e-309,記述的評価,4096,-2.1053600422527e-310,4.96784448070147e-309,0.0238559132315721,0.055419921875,0.005126953125,5.508447580565e-311,5.508447580565201e-299
B,wide,0.5,1.0,1,2,float64,2048,0.0,記述的評価,4096,0.0,0.0,,0.0,0.0,0.0,0.0
B,wide,0.5,1.0,1,2,float64,4096,0.0,記述的評価,4096,0.0,0.0,,0.0,0.0,0.0,0.0
B,wide,0.5,1.0,1,3,float64,0,1.0,記述的評価,4096,-0.005739887053374382,1.0266549755453687,0.012742070609970346,0.069091796875,0.00537109375,0.026654975545368664,0.026654975545368664
B,wide,0.5,1.0,1,3,float64,1,0.46211715726000974,記述的評価,4096,-0.000956229544902879,0.47631128345072005,0.011220749739260016,0.068115234375,0.007568359375,0.01419412619071031,0.030715427825424798
B,wide,0.5,1.0,1,3,float64,2,0.2270326087174543,記述的評価,4096,0.00018899612622743912,0.23460896693756872,0.012077277767349348,0.063232421875,0.007080078125,0.007576358220114432,0.03337123359906123
B,wide,0.5,1.0,1,3,float64,4,0.05645551423322024,記述的評価,4096,-0.000505321747422514,0.058300104795871194,0.008289422322222073,0.063232421875,0.008544921875,0.0018445905626509537,0.03267334622143141
B,wide,0.5,1.0,1,3,float64,8,0.003527225540767175,記述的評価,4096,-2.24215159869521e-05,0.003643241062736867,0.00869723129624933,0.063720703125,0.00537109375,0.00011601552196969199,0.032891438505647276
B,wide,0.5,1.0,1,3,float64,16,1.3778205722357871e-05,記述的評価,4096,-7.621480430595116e-08,1.4227843695726595e-05,0.009185939018381162,0.063720703125,0.00537109375,4.496379733687239e-07,0.03263400056794748
B,wide,0.5,1.0,1,3,float64,32,2.1023873477275458e-10,記述的評価,4096,-1.162945622344226e-12,2.1709966577219565e-10,0.009185939024888734,0.063720703125,0.00537109375,6.860930999441075e-12,0.032634000612955565
B,wide,0.5,1.0,1,3,float64,64,4.895001993811563e-20,記述的評価,4096,-2.7076937778485615e-22,5.0547454918780284e-20,0.009185939024888734,0.063720703125,0.00537109375,1.5974349806646526e-21,1.5974349806646526e-09
B,wide,0.5,1.0,1,3,float64,128,2.6535858980056862e-39,記述的評価,4096,-1.4678437381844466e-41,2.740183021827734e-39,0.009185939024888734,0.063720703125,0.00537109375,8.659712382204781e-41,8.659712382204781e-29
B,wide,0.5,1.0,1,3,float64,256,7.798188081318427e-78,記述的評価,4096,-4.3136050553142145e-80,8.052674155944116e-78,0.009185939024888734,0.063720703125,0.00537109375,2.5448607462568833e-79,2.5448607462568834e-67
B,wide,0.5,1.0,1,3,float64,512,6.734646669459448e-155,記述的評価,4096,-3.725302033780105e-157,6.954425132998627e-155,0.009185939024888734,0.063720703125,0.00537109375,2.1977846353917878e-156,2.197784635391788e-144
B,wide,0.5,1.0,1,3,float64,1024,5.02292895650712e-309,記述的評価,4096,-2.7784571894565e-311,5.186847223152604e-309,0.009185939024888734,0.063720703125,0.00537109375,1.6391826664548e-310,1.6391826664548134e-298
B,wide,0.5,1.0,1,3,float64,2048,0.0,記述的評価,4096,0.0,0.0,,0.0,0.0,0.0,0.0
B,wide,0.5,1.0,1,3,float64,4096,0.0,記述的評価,4096,0.0,0.0,,0.0,0.0,0.0,0.0
B,wide,0.5,1.0,1,4,float64,0,1.0,記述的評価,4096,0.024900466577316656,0.9891616556420935,0.011400593903307943,0.06787109375,0.007568359375,0.010838344357906537,0.010838344357906537
B,wide,0.5,1.0,1,4,float64,1,0.46211715726000974,記述的評価,4096,0.012276536426045707,0.4526629834734004,0.010634926393254696,0.0654296875,0.006103515625,0.009454173786609343,0.020458391639611776
B,wide,0.5,1.0,1,4,float64,2,0.2270326087174543,記述的評価,4096,0.0017065821930280901,0.22265993091634848,0.007172997409447879,0.06201171875,0.0068359375,0.004372677801105812,0.019260131070192123
B,wide,0.5,1.0,1,4,float64,4,0.05645551423322024,記述的評価,4096,0.0010015142528023541,0.05586158624384831,0.008015282058921436,0.0673828125,0.0068359375,0.0005939279893719326,0.010520283048319952
B,wide,0.5,1.0,1,4,float64,8,0.003527225540767175,記述的評価,4096,9.426920331278085e-05,0.0034832669120818407,0.009753625393996934,0.067626953125,0.009033203125,4.395862868533445e-05,0.012462664543921795
B,wide,0.5,1.0,1,4,float64,16,1.3778205722357871e-05,記述的評価,4096,3.682390758042739e-07,1.3606529751136632e-05,0.009754699201343975,0.067626953125,0.009033203125,1.7167597122123882e-07,0.012459965737241134
B,wide,0.5,1.0,1,4,float64,32,2.1023873477275458e-10,記述的評価,4096,5.618882382267447e-12,2.07619167349503e-10,0.009754699217729312,0.067626953125,0.009033203125,2.619567423251571e-12,0.012459965696059963
B,wide,0.5,1.0,1,4,float64,64,4.895001993811563e-20,記述的評価,4096,1.308248001678718e-21,4.834010436886526e-20,0.009754699217729312,0.067626953125,0.009033203125,6.09915569250372e-22,6.09915569250372e-10
B,wide,0.5,1.0,1,4,float64,128,2.6535858980056862e-39,記述的評価,4096,7.092026627849429e-41,2.620522308744987e-39,0.009754699217729312,0.067626953125,0.009033203125,3.306358926069932e-41,3.3063589260699324e-29
B,wide,0.5,1.0,1,4,float64,256,7.798188081318427e-78,記述的評価,4096,2.0841593092295604e-79,7.701022925333776e-78,0.009754699217729312,0.067626953125,0.009033203125,9.716515598465126e-80,9.716515598465127e-68
B,wide,0.5,1.0,1,4,float64,512,6.734646669459448e-155,記述的評価,4096,1.7999151090175688e-156,6.650733202982899e-155,0.009754699217729312,0.067626953125,0.009033203125,8.39134664765492e-157,8.391346647654921e-145
B,wide,0.5,1.0,1,4,float64,1024,5.02292895650712e-309,記述的評価,4096,1.34243801702886e-310,4.960343434015296e-309,0.009754699217729312,0.067626953125,0.009033203125,6.2585522491826e-311,6.258552249182624e-299
B,wide,0.5,1.0,1,4,float64,2048,0.0,記述的評価,4096,0.0,0.0,,0.0,0.0,0.0,0.0
B,wide,0.5,1.0,1,4,float64,4096,0.0,記述的評価,4096,0.0,0.0,,0.0,0.0,0.0,0.0
B,wide,0.5,10.0,2,0,float64,0,10.0,記述的評価,4096,-0.016829181548418316,9.48899729444597,0.01560121191134789,0.064697265625,0.00537109375,0.5110027055540307,0.051100270555403074
B,wide,0.5,10.0,2,0,float64,1,0.9999092042625951,記述的評価,4096,0.012805400832035685,0.9632091835290807,0.01170674912472125,0.055419921875,0.006591796875,0.036700020733514416,0.036703353241537215
B,wide,0.5,10.0,2,0,float64,2,0.46208145346007695,記述的評価,4096,0.004809611638415572,0.44730654842139145,0.01128915686850368,0.064208984375,0.007568359375,0.014774905038685504,0.03197467660311978
B,wide,0.5,10.0,2,0,float64,4,0.11302285825604029,記述的評価,4096,0.0022112776631198327,0.10740515956304647,0.014490041642290064,0.06005859375,0.00634765625,0.005617698692993819,0.049704093310643134
B,wide,0.5,10.0,2,0,float64,8,0.00705396018653731,記述的評価,4096,0.00010004401764848781,0.006707372989251284,0.011962997231575123,0.0595703125,0.00634765625,0.0003465871972860258,0.049133704773029155
B,wide,0.5,10.0,2,0,float64,16,2.755437964119039e-05,記述的評価,4096,3.9079694437423044e-07,2.620080680114841e-05,0.01196170457636403,0.0595703125,0.006591796875,1.3535728400419779e-06,0.049123691321235695
B,wide,0.5,10.0,2,0,float64,32,4.204464666574996e-10,記述的評価,4096,5.9630881404760286e-12,3.9979258427655493e-10,0.011961704556639474,0.0595703125,0.006591796875,2.0653882380944673e-11,0.04912369116843966
B,wide,0.5,10.0,2,0,float64,64,9.789282145386087e-20,記述的評価,4096,1.3883896499117903e-21,9.30839647251542e-20,0.011961704556639474,0.0595703125,0.006591796875,4.8088567287066656e-21,4.8088567287066655e-09
B,wide,0.5,10.0,2,0,float64,128,5.3067804845505775e-39,記述的評価,4096,7.52647537345376e-41,5.0460918389288123e-39,0.011961704556639474,0.0595703125,0.006591796875,2.6068864562176514e-40,2.6068864562176514e-28
B,wide,0.5,10.0,2,0,float64,256,1.5595226201607914e-77,記述的評価,4096,2.2118323207744903e-79,1.4829131125978168e-77,0.011961704556639474,0.0595703125,0.006591796875,7.660950756297454e-79,7.660950756297454e-67
B,wide,0.5,10.0,2,0,float64,512,1.3468300213191124e-154,記述的評価,4096,1.9101756737814222e-156,1.2806687592954493e-154,0.011961704556639474,0.0595703125,0.006591796875,6.616126202366308e-156,6.616126202366308e-144
B,wide,0.5,10.0,2,0,float64,1024,1.0045117206007577e-308,記述的評価,4096,1.4246741031512e-310,9.55166397062888e-309,0.011961704556639363,0.0595703125,0.006591796875,4.93453235378697e-310,4.93453235378697e-298
B,wide,0.5,10.0,2,0,float64,2048,0.0,記述的評価,4096,0.0,0.0,,0.0,0.0,0.0,0.0
B,wide,0.5,10.0,2,0,float64,4096,0.0,記述的評価,4096,0.0,0.0,,0.0,0.0,0.0,0.0
B,wide,0.5,10.0,2,1,float64,0,10.0,記述的評価,4096,-0.03851461528982697,9.645734548272628,0.014252460289600255,0.05517578125,0.0048828125,0.3542654517273718,0.035426545172737176
B,wide,0.5,10.0,2,1,float64,1,0.9999092042625951,記述的評価,4096,-0.02024180044168604,1.0174496935701673,0.01600905552396914,0.059814453125,0.009033203125,0.017540489307572238,0.017542082053847934
B,wide,0.5,10.0,2,1,float64,2,0.46208145346007695,記述的評価,4096,0.0021815216924085503,0.4603232971840667,0.010368410764727554,0.059326171875,0.005859375,0.0017581562760102254,0.0038048622441890045
B,wide,0.5,10.0,2,1,float64,4,0.11302285825604029,記述的評価,4096,0.002766024541288655,0.11162979792117816,0.012770977647294623,0.06640625,0.008056640625,0.0013930603348621257,0.012325474301015354
B,wide,0.5,10.0,2,1,float64,8,0.00705396018653731,記述的評価,4096,0.00019218428126586404,0.006948860664660843,0.013719816286244968,0.066162109375,0.007080078125,0.00010509952187646651,0.014899364200701336
B,wide,0.5,10.0,2,1,float64,16,2.755437964119039e-05,記述的評価,4096,7.282785611941257e-07,2.720118183232137e-05,0.013230469568673797,0.066162109375,0.007568359375,3.53197808869021e-07,0.012818209426897566
B,wide,0.5,10.0,2,1,float64,32,4.204464666574996e-10,記述的評価,4096,1.1112648944002816e-11,4.1505709586434066e-10,0.013230469552415802,0.066162109375,0.007568359375,5.389370793158937e-12,0.012818209262177435
B,wide,0.5,10.0,2,1,float64,64,9.789282145386087e-20,記述的評価,4096,2.5873652063316703e-21,9.663801078320031e-20,0.013230469552415802,0.066162109375,0.007568359375,1.2548106706605613e-21,1.2548106706605612e-09
B,wide,0.5,10.0,2,1,float64,128,5.3067804845505775e-39,記述的評価,4096,1.4026134888591012e-40,5.238757061791169e-39,0.013230469552415802,0.066162109375,0.007568359375,6.802342275940867e-41,6.802342275940867e-29
B,wide,0.5,10.0,2,1,float64,256,1.5595226201607914e-77,記述的評価,4096,4.1219105813525324e-79,1.539532332866471e-77,0.013230469552415802,0.066162109375,0.007568359375,1.9990287294320277e-79,1.9990287294320276e-67
B,wide,0.5,10.0,2,1,float64,512,1.3468300213191124e-154,記述的評価,4096,3.55975145495878e-156,1.3295660722652611e-154,0.013230469552415802,0.066162109375,0.007568359375,1.7263949053851278e-156,1.7263949053851278e-144
B,wide,0.5,10.0,2,1,float64,1024,1.0045117206007577e-308,記述的評価,4096,2.65498392694683e-310,9.91635679159787e-309,0.013230469552415802,0.066162109375,0.007568359375,1.2876041440971e-310,1.2876041440970797e-298
B,wide,0.5,10.0,2,1,float64,2048,0.0,記述的評価,4096,0.0,0.0,,0.0,0.0,0.0,0.0
B,wide,0.5,10.0,2,1,float64,4096,0.0,記述的評価,4096,0.0,0.0,,0.0,0.0,0.0,0.0
B,wide,0.5,10.0,2,2,float64,0,10.0,記述的評価,4096,-0.41061430433235824,10.046409739634193,0.014735390452023378,0.06396484375,0.0068359375,0.046409739634192704,0.00464097396341927
B,wide,0.5,10.0,2,2,float64,1,0.9999092042625951,記述的評価,4096,-0.023912486980806058,1.0007829231497993,0.01001276162847442,0.0654296875,0.00537109375,0.0008737188872042223,0.000873798224358346
B,wide,0.5,10.0,2,2,float64,2,0.46208145346007695,記述的評価,4096,-0.00954347192600138,0.46416750709284194,0.012742205157150188,0.064697265625,0.006103515625,0.0020860536327649837,0.004514471674083788
B,wide,0.5,10.0,2,2,float64,4,0.11302285825604029,記述的評価,4096,-0.005648808501100392,0.11497269601084519,0.017769672018658644,0.063232421875,0.004638671875,0.001949837754804895,0.01725171159968156
B,wide,0.5,10.0,2,2,float64,8,0.00705396018653731,記述的評価,4096,-0.00020075262585194303,0.00718588059545866,0.013227235334629162,0.064453125,0.006103515625,0.00013192040892135055,0.018701609511934097
B,wide,0.5,10.0,2,2,float64,16,2.755437964119039e-05,記述的評価,4096,-7.841899482480473e-07,2.8070007185687152e-05,0.013227612374850317,0.064453125,0.00634765625,5.156275444967625e-07,0.018713088489423407
B,wide,0.5,10.0,2,2,float64,32,4.204464666574996e-10,記述的評価,4096,-1.1965789005250562e-11,4.2831431866677175e-10,0.013227612380603548,0.064453125,0.00634765625,7.867852009272147e-12,0.018713088664582326
B,wide,0.5,10.0,2,2,float64,64,9.789282145386087e-20,記述的評価,4096,-2.7860023559188847e-21,9.972469850135309e-20,0.013227612380603548,0.064453125,0.00634765625,1.8318770474922255e-21,1.8318770474922256e-09
B,wide,0.5,10.0,2,2,float64,128,5.3067804845505775e-39,記述的評価,4096,-1.5102949034184942e-40,5.4060867382814476e-39,0.013227612380603548,0.064453125,0.00634765625,9.930625373087012e-41,9.930625373087013e-29
B,wide,0.5,10.0,2,2,float64,256,1.5595226201607914e-77,記述的評価,4096,-4.4383578176103306e-79,1.588706105226282e-77,0.013227612380603548,0.064453125,0.00634765625,2.9183485065490635e-79,2.9183485065490636e-67
B,wide,0.5,10.0,2,2,float64,512,1.3468300213191124e-154,記述的評価,4096,-3.833040622070394e-156,1.3720333709241782e-154,0.013227612380603548,0.064453125,0.00634765625,2.5203349605065856e-156,2.5203349605065857e-144
B,wide,0.5,10.0,2,2,float64,1024,1.0045117206007577e-308,記述的評価,4096,-2.85881229959326e-310,1.023309237492972e-308,0.013227612380603548,0.064453125,0.00634765625,1.87975168922143e-310,1.8797516892214256e-298
B,wide,0.5,10.0,2,2,float64,2048,0.0,記述的評価,4096,0.0,0.0,,0.0,0.0,0.0,0.0
B,wide,0.5,10.0,2,2,float64,4096,0.0,記述的評価,4096,0.0,0.0,,0.0,0.0,0.0,0.0
B,wide,0.5,10.0,2,3,float64,0,10.0,記述的評価,4096,-0.3022828235133726,9.525401951992471,0.01917443216411252,0.058837890625,0.006103515625,0.4745980480075289,0.04745980480075289
B,wide,0.5,10.0,2,3,float64,1,0.9999092042625951,記述的評価,4096,0.0424812601819585,0.9788575348259001,0.018934921653656622,0.06494140625,0.005615234375,0.02105166943669501,0.021053581012108018
B,wide,0.5,10.0,2,3,float64,2,0.46208145346007695,記述的評価,4096,0.009416732173540722,0.45532272421755193,0.011089087318269297,0.068115234375,0.0068359375,0.006758729242525019,0.01462670529603708
B,wide,0.5,10.0,2,3,float64,4,0.11302285825604029,記述的評価,4096,0.0019926289142110786,0.11302648382586136,0.0118723337813893,0.05859375,0.005615234375,3.6255698210724274e-06,3.2078199728935505e-05
B,wide,0.5,10.0,2,3,float64,8,0.00705396018653731,記述的評価,4096,0.00012851554827242735,0.007068391242136396,0.010981580943495994,0.059326171875,0.007568359375,1.4431055599086612e-05,0.0020458090515776805
B,wide,0.5,10.0,2,3,float64,16,2.755437964119039e-05,記述的評価,4096,5.020138613604761e-07,2.7611056825354572e-05,0.010978077955884902,0.0595703125,0.007568359375,5.6677184164182994e-08,0.002056921073971762
B,wide,0.5,10.0,2,3,float64,32,4.204464666574996e-10,記述的評価,4096,7.660123616950837e-12,4.213112919265349e-10,0.010978077902432215,0.0595703125,0.007568359375,8.648252690352961e-13,0.0020569212435308497
B,wide,0.5,10.0,2,3,float64,64,9.789282145386087e-20,記述的評価,4096,1.7835115122028712e-21,9.809417927789849e-20,0.010978077902432215,0.0595703125,0.007568359375,2.0135782403761895e-22,2.0135782403761896e-10
B,wide,0.5,10.0,2,3,float64,128,5.3067804845505775e-39,記述的評価,4096,9.6684352809163e-41,5.3176961140640045e-39,0.010978077902432215,0.0595703125,0.007568359375,1.091562951342702e-41,1.091562951342702e-29
B,wide,0.5,10.0,2,3,float64,256,1.5595226201607914e-77,記述的評価,4096,2.841297763502002e-79,1.562730435367967e-77,0.010978077902432215,0.0595703125,0.007568359375,3.2078152071756242e-80,3.2078152071756243e-68
B,wide,0.5,10.0,2,3,float64,512,1.3468300213191124e-154,記述的評価,4096,2.453792640081616e-156,1.3496003446013888e-154,0.010978077902432215,0.0595703125,0.007568359375,2.7703232822763897e-157,2.7703232822763898e-145
B,wide,0.5,10.0,2,3,float64,1024,1.0045117206007577e-308,記述的評価,4096,1.83012215934397e-310,1.0065779220982373e-308,0.010978077902432215,0.0595703125,0.007568359375,2.0662014974795e-311,2.0662014974795482e-299
B,wide,0.5,10.0,2,3,float64,2048,0.0,記述的評価,4096,0.0,0.0,,0.0,0.0,0.0,0.0
B,wide,0.5,10.0,2,3,float64,4096,0.0,記述的評価,4096,0.0,0.0,,0.0,0.0,0.0,0.0
B,wide,0.5,10.0,2,4,float64,0,10.0,記述的評価,4096,0.32461219583411216,10.132465243148047,0.01719927776454666,0.0634765625,0.007568359375,0.1324652431480473,0.01324652431480473
B,wide,0.5,10.0,2,4,float64,1,0.9999092042625951,記述的評価,4096,0.008689138324710568,1.0102693661333455,0.00781319261020852,0.067626953125,0.00634765625,0.010360161870750395,0.010361102614702624
B,wide,0.5,10.0,2,4,float64,2,0.46208145346007695,記述的評価,4096,0.01177806866081318,0.46938140594491573,0.014894418613906946,0.063232421875,0.005615234375,0.007299952484838779,0.015797977672933117
B,wide,0.5,10.0,2,4,float64,4,0.11302285825604029,記述的評価,4096,0.002196448140908049,0.1145888992921181,0.011003541956405738,0.06298828125,0.005615234375,0.0015660410360778115,0.013855967370159102
B,wide,0.5,10.0,2,4,float64,8,0.00705396018653731,記述的評価,4096,7.064570563816259e-05,0.007153817127486897,0.008331489870237463,0.060302734375,0.006103515625,9.985694094958707e-05,0.014156153183309282
B,wide,0.5,10.0,2,4,float64,16,2.755437964119039e-05,記述的評価,4096,2.7048073679420635e-07,2.7963995385655736e-05,0.008088358911162774,0.06005859375,0.00634765625,4.0961574446534614e-07,0.014865721885206998
B,wide,0.5,10.0,2,4,float64,32,4.204464666574996e-10,記述的評価,4096,4.1272085082124096e-12,4.266967069715191e-10,0.008088358926569228,0.06005859375,0.00634765625,6.2502403140195134e-12,0.014865722059001222
B,wide,0.5,10.0,2,4,float64,64,9.789282145386087e-20,記述的評価,4096,9.609406134608224e-22,9.93480689291654e-20,0.008088358926569228,0.06005859375,0.00634765625,1.4552474753045275e-21,1.4552474753045275e-09
B,wide,0.5,10.0,2,4,float64,128,5.3067804845505775e-39,記述的評価,4096,5.209269503718885e-41,5.385669608262038e-39,0.008088358926569228,0.06005859375,0.00634765625,7.888912371146071e-41,7.888912371146071e-29
B,wide,0.5,10.0,2,4,float64,256,1.5595226201607914e-77,記述的評価,4096,1.5308667183830926e-79,1.582706049976827e-77,0.008088358926569228,0.06005859375,0.00634765625,2.318342981603566e-79,2.318342981603566e-67
B,wide,0.5,10.0,2,4,float64,512,1.3468300213191124e-154,記述的評価,4096,1.3220823015340687e-156,1.366851622076761e-154,0.008088358926569228,0.06005859375,0.00634765625,2.0021600757648615e-156,2.0021600757648614e-144
B,wide,0.5,10.0,2,4,float64,1024,1.0045117206007577e-308,記述的評価,4096,9.8605402795306e-311,1.019444512644218e-308,0.008088358926569228,0.06005859375,0.00634765625,1.493279204346e-310,1.493279204346008e-298
B,wide,0.5,10.0,2,4,float64,2048,0.0,記述的評価,4096,0.0,0.0,,0.0,0.0,0.0,0.0
B,wide,0.5,10.0,2,4,float64,4096,0.0,記述的評価,4096,0.0,0.0,,0.0,0.0,0.0,0.0
B,wide,0.9,0.1,3,0,float64,0,0.1,記述的評価,4096,-0.0023945184161685657,0.09986255218371143,0.011513334854048485,0.057373046875,0.005859375,0.00013744781628857727,0.0013744781628857727
B,wide,0.9,0.1,3,0,float64,1,0.08975778474716012,記述的評価,4096,-0.0009625282570109821,0.09001755192663763,0.015013812282880568,0.05517578125,0.006103515625,0.00025976717947751027,0.0028940908045942963
B,wide,0.9,0.1,3,0,float64,2,0.08060674315739395,記述的評価,4096,-0.002430930796371418,0.08048493460185947,0.012584277866302895,0.05859375,0.007080078125,0.00012180855553448056,0.0015111459756739622
B,wide,0.9,0.1,3,0,float64,4,0.06508502540610224,記述的評価,4096,-0.0007227143459981513,0.06543310193296958,0.014921144044037937,0.05859375,0.005126953125,0.00034807652686734414,0.005348027825071867
B,wide,0.9,0.1,3,0,float64,8,0.04255659420519657,記述的評価,4096,-0.0007839373630047018,0.042464419241343886,0.012739982690789742,0.057373046875,0.005615234375,9.217496385268559e-05,0.0021659384538208685
B,wide,0.9,0.1,3,0,float64,16,0.018280924816008303,記述的評価,4096,-0.0004524827566249979,0.01806471816707391,0.012121041332646021,0.055419921875,0.0048828125,0.00021620664893439237,0.011826898863730558
B,wide,0.9,0.1,3,0,float64,32,0.003385939822164526,記述的評価,4096,-0.00011309455792565755,0.00335065819610006,0.013304191381805719,0.055419921875,0.006591796875,3.528162606446575e-05,0.010420039314789506
B,wide,0.9,0.1,3,0,float64,64,0.00011626057599394618,記述的評価,4096,-3.5384399365482343e-06,0.00011505938588373643,0.012814576716264736,0.055419921875,0.007568359375,1.2011901102097511e-06,0.010331878196374138
B,wide,0.9,0.1,3,0,float64,128,1.3707336237542437e-07,記述的評価,4096,-4.171885996988765e-09,1.3565714224942293e-07,0.012814575142302331,0.055419921875,0.007568359375,1.4162201260014398e-09,0.010331840566678558
B,wide,0.9,0.1,3,0,float64,256,1.9054355965938837e-13,記述的評価,4096,-5.799274159352913e-15,1.8857489397999006e-13,0.01281457514230011,0.055419921875,0.007568359375,1.968665679398311e-15,0.001968665679398311
B,wide,0.9,0.1,3,0,float64,512,3.681939861587996e-25,記述的評価,4096,-1.1206140335453024e-26,3.6438986459621646e-25,0.012814575142300222,0.055419921875,0.007568359375,3.804121562583128e-27,3.804121562583128e-15
B,wide,0.9,0.1,3,0,float64,1024,1.3748063318716144e-48,記述的評価,4096,-4.184281457106169e-50,1.3606020520407284e-48,0.012814575142300333,0.055419921875,0.007568359375,1.420427983088609e-50,1.420427983088609e-38
B,wide,0.9,0.1,3,0,float64,2048,1.9167752347540453e-95,記述的評価,4096,-5.833786829671557e-97,1.896971418626511e-95,0.012814575142300222,0.055419921875,0.007568359375,1.98038161275343e-97,1.98038161275343e-85
B,wide,0.9,0.1,3,0,float64,4096,3.725894223301694e-189,記述的評価,4096,-1.1339917302007405e-190,3.687398878218436e-189,0.01281457514230011,0.055419921875,0.007568359375,3.8495345083257875e-191,3.8495345083257875e-179
B,wide,0.9,0.1,3,1,float64,0,0.1,記述的評価,4096,-0.0023372878761993847,0.0959393238661572,0.020639248548726563,0.058837890625,0.005615234375,0.004060676133842811,0.04060676133842811
B,wide,0.9,0.1,3,1,float64,1,0.08975778474716012,記述的評価,4096,-0.0014592739133283401,0.08582545254760855,0.018747663968618822,0.059326171875,0.0048828125,0.003932332199551566,0.04381048630632546
B,wide,0.9,0.1,3,1,float64,2,0.08060674315739395,記述的評価,4096,-0.0017691450223691538,0.07734481152141762,0.01967802514832173,0.05908203125,0.005615234375,0.0032619316359763367,0.040467230261456405
B,wide,0.9,0.1,3,1,float64,4,0.06508502540610224,記述的評価,4096,-0.0009017040838009,0.06266302060799617,0.017430468169616575,0.062255859375,0.005615234375,0.0024220047981060727,0.03721293466498348
B,wide,0.9,0.1,3,1,float64,8,0.04255659420519657,記述的評価,4096,-0.0007489882648572603,0.04099835339658242,0.01926671888144149,0.061767578125,0.006591796875,0.0015582408086141503,0.03661573106862659
B,wide,0.9,0.1,3,1,float64,16,0.018280924816008303,記述的評価,4096,-0.0002905613571789978,0.01771093119159331,0.01776778036082738,0.065673828125,0.005859375,0.0005699936244149932,0.031179693049000413
B,wide,0.9,0.1,3,1,float64,32,0.003385939822164526,記述的評価,4096,-3.747542858899193e-05,0.0032703289506069216,0.015944121617034512,0.064697265625,0.008056640625,0.00011561087155760423,0.03414439642453474
B,wide,0.9,0.1,3,1,float64,64,0.00011626057599394618,記述的評価,4096,-9.694497932392911e-07,0.00011214521496626329,0.01520762737621828,0.064453125,0.007568359375,4.115361027682898e-06,0.03539773472219155
B,wide,0.9,0.1,3,1,float64,128,1.3707336237542437e-07,記述的評価,4096,-1.142999200115704e-09,1.3222128078064683e-07,0.015207622569178625,0.064453125,0.007568359375,4.8520815947775346e-09,0.0353976987993362
B,wide,0.9,0.1,3,1,float64,256,1.9054355965938837e-13,記述的評価,4096,-1.5888654987639886e-15,1.8379875612642134e-13,0.015207622569171964,0.064453125,0.007568359375,6.7448035329670286e-15,0.006744803532967029
B,wide,0.9,0.1,3,1,float64,512,3.681939861587996e-25,記述的評価,4096,-3.070220386907097e-27,3.5516076633704186e-25,0.015207622569172186,0.064453125,0.007568359375,1.3033219821757722e-26,1.3033219821757723e-14
B,wide,0.9,0.1,3,1,float64,1024,1.3748063318716144e-48,記述的評価,4096,-1.1463952663096258e-50,1.3261413514286718e-48,0.015207622569172297,0.064453125,0.007568359375,4.866498044294265e-50,4.866498044294266e-38
B,wide,0.9,0.1,3,1,float64,2048,1.9167752347540453e-95,記述的評価,4096,-1.5983211633235071e-97,1.8489258023282923e-95,0.015207622569171964,0.064453125,0.007568359375,6.784943242575291e-97,6.784943242575291e-85
B,wide,0.9,0.1,3,1,float64,4096,3.725894223301694e-189,記述的評価,4096,-3.106872147256256e-191,3.594006141827263e-189,0.015207622569171964,0.064453125,0.007568359375,1.3188808147443124e-190,1.3188808147443125e-178
B,wide,0.9,0.1,3,2,float64,0,0.1,記述的評価,4096,0.00020049067041571884,0.10054479425851734,0.01112391109098776,0.067626953125,0.006103515625,0.0005447942585173338,0.005447942585173338
B,wide,0.9,0.1,3,2,float64,1,0.08975778474716012,記述的評価,4096,8.455503360693179e-05,0.09042180528052987,0.011222190137564647,0.067138671875,0.0068359375,0.0006640205333697524,0.0073979157934906765
B,wide,0.9,0.1,3,2,float64,2,0.08060674315739395,記述的評価,4096,-0.0002284719548572568,0.08115221136965867,0.00875413110320844,0.06884765625,0.006591796875,0.0005454682122647131,0.006767029542424553
B,wide,0.9,0.1,3,2,float64,4,0.06508502540610224,記述的評価,4096,-0.001150356221498766,0.06565833093035775,0.01167721561025492,0.067138671875,0.006591796875,0.0005733055242555102,0.008808562655977056
B,wide,0.9,0.1,3,2,float64,8,0.04255659420519657,記述的評価,4096,2.359317596908801e-05,0.04302446261485853,0.009630934113361134,0.06689453125,0.005859375,0.00046786840966196036,0.010994028502516517
B,wide,0.9,0.1,3,2,float64,16,0.018280924816008303,記述的評価,4096,-0.0001289314105316056,0.018481859177457063,0.008104016815227988,0.065185546875,0.003662109375,0.00020093436144875965,0.010991476824673812
B,wide,0.9,0.1,3,2,float64,32,0.003385939822164526,記述的評価,4096,-1.988121517272238e-05,0.003425366397741852,0.00800039867670177,0.067138671875,0.006591796875,3.942657557732621e-05,0.011644204459641585
B,wide,0.9,0.1,3,2,float64,64,0.00011626057599394618,記述的評価,4096,-6.826580690815245e-07,0.00011761821520272758,0.008005389362246929,0.0673828125,0.00634765625,1.3576392087813992e-06,0.011677554469127117
B,wide,0.9,0.1,3,2,float64,128,1.3707336237542437e-07,記述的評価,4096,-8.048664637959621e-10,1.386740494270385e-07,0.008005395253291026,0.0673828125,0.00634765625,1.6006870516141297e-09,0.01167759383643101
B,wide,0.9,0.1,3,2,float64,256,1.9054355965938837e-13,記述的評価,4096,-1.1188324150254225e-15,1.927686499572489e-13,0.008005395253299241,0.0673828125,0.00634765625,2.2250902978605437e-15,0.002225090297860544
B,wide,0.9,0.1,3,2,float64,512,3.681939861587996e-25,記述的評価,4096,-2.1619590159241027e-27,3.724936059821992e-25,0.008005395253299241,0.0673828125,0.00634765625,4.299619823399618e-27,4.299619823399618e-15
B,wide,0.9,0.1,3,2,float64,1024,1.3748063318716144e-48,記述的評価,4096,-8.072578738582268e-51,1.390860761819042e-48,0.008005395253299574,0.0673828125,0.00634765625,1.60544299474275e-50,1.6054429947427499e-38
B,wide,0.9,0.1,3,2,float64,2048,1.9167752347540453e-95,記述的評価,4096,-1.1254908162702234e-97,1.9391585574213424e-95,0.008005395253299519,0.0673828125,0.00634765625,2.238332266729712e-97,2.238332266729712e-85
B,wide,0.9,0.1,3,2,float64,4096,3.725894223301694e-189,記述的評価,4096,-2.1877681090023193e-191,3.769403702719134e-189,0.008005395253299685,0.0673828125,0.00634765625,4.350947941744047e-191,4.3509479417440475e-179
B,wide,0.9,0.1,3,3,float64,0,0.1,記述的評価,4096,-0.0008974255020215939,0.09978320750469627,0.013177764142971504,0.067138671875,0.00732421875,0.0002167924953037359,0.002167924953037359
B,wide,0.9,0.1,3,3,float64,1,0.08975778474716012,記述的評価,4096,0.00020155132785958704,0.0896567445403926,0.011970941293400816,0.068115234375,0.00732421875,0.00010104020676751646,0.0011256985346968838
B,wide,0.9,0.1,3,3,float64,2,0.08060674315739395,記述的評価,4096,-0.00041542795825120083,0.08053282910486473,0.01199895815219676,0.066162109375,0.007080078125,7.391405252922534e-05,0.0009169710824924365
B,wide,0.9,0.1,3,3,float64,4,0.06508502540610224,記述的評価,4096,0.0010045317149961186,0.06492851565741023,0.009151884118827336,0.062744140625,0.006103515625,0.0001565097486920103,0.002404696744227379
B,wide,0.9,0.1,3,3,float64,8,0.04255659420519657,記述的評価,4096,0.0006904133631150336,0.04258224050806051,0.009394806175108461,0.056640625,0.00732421875,2.5646302863939485e-05,0.0006026399279105804
B,wide,0.9,0.1,3,3,float64,16,0.018280924816008303,記述的評価,4096,0.0002687104375051193,0.018277917679467924,0.008413011872236698,0.060302734375,0.005859375,3.007136540379013e-06,0.00016449586498740553
B,wide,0.9,0.1,3,3,float64,32,0.003385939822164526,記述的評価,4096,4.785750270369396e-05,0.0033853398592623867,0.007903820085975621,0.060791015625,0.006103515625,5.999629021390986e-07,0.00017719242917777582
B,wide,0.9,0.1,3,3,float64,64,0.00011626057599394618,記述的評価,4096,1.5903435394892847e-06,0.00011628004094323825,0.007658936988837239,0.060791015625,0.00634765625,1.9464949292067333e-08,0.00016742519229459945
B,wide,0.9,0.1,3,3,float64,128,1.3707336237542437e-07,記述的評価,4096,1.8750443872660263e-09,1.3709631717703535e-07,0.007658936112424297,0.060791015625,0.00634765625,2.295480161098231e-11,0.00016746362103610171
B,wide,0.9,0.1,3,3,float64,256,1.9054355965938837e-13,記述的評価,4096,2.6064701841230264e-15,1.9057546877386398e-13,0.0076589361124231314,0.060791015625,0.00634765625,3.190911447561134e-17,3.190911447561134e-05
B,wide,0.9,0.1,3,3,float64,512,3.681939861587996e-25,記述的評価,4096,5.036573519524009e-27,3.6825564525698506e-25,0.007658936112423187,0.060791015625,0.00634765625,6.165909818547985e-29,6.165909818547985e-17
B,wide,0.9,0.1,3,3,float64,1024,1.3748063318716144e-48,記述的評価,4096,1.8806154977751583e-50,1.375036561918247e-48,0.0076589361124232425,0.060791015625,0.00634765625,2.3023004663246807e-52,2.302300466324681e-40
B,wide,0.9,0.1,3,3,float64,2048,1.9167752347540453e-95,記述的評価,4096,2.6219818229399184e-97,1.917096224875673e-95,0.0076589361124231314,0.060791015625,0.00634765625,3.209901216276072e-99,3.209901216276072e-87
B,wide,0.9,0.1,3,3,float64,4096,3.725894223301694e-189,記述的評価,4096,5.096699263723234e-191,3.7265181750401255e-189,0.007658936112423076,0.060791015625,0.00634765625,6.239517384316802e-193,6.239517384316803e-181
B,wide,0.9,0.1,3,4,float64,0,0.1,記述的評価,4096,0.00010021311107158612,0.1018555511650189,0.007825677146858223,0.070068359375,0.00537109375,0.0018555511650188983,0.018555511650188983
B,wide,0.9,0.1,3,4,float64,1,0.08975778474716012,記述的評価,4096,-0.0002421968583585761,0.09164418208463218,0.008993786606800336,0.06884765625,0.006591796875,0.0018863973374720622,0.021016531800399037
B,wide,0.9,0.1,3,4,float64,2,0.08060674315739395,記述的評価,4096,-0.00017694685107168956,0.082520327677539,0.007868504245871044,0.068115234375,0.006103515625,0.001913584520145048,0.023739757310483986
B,wide,0.9,0.1,3,4,float64,4,0.06508502540610224,記述的評価,4096,-0.000638392668557416,0.06659766248045804,0.009546286215344701,0.064453125,0.005615234375,0.0015126370743557965,0.02324093852491567
B,wide,0.9,0.1,3,4,float64,8,0.04255659420519657,記述的評価,4096,-0.00026351142110477173,0.04349290304074044,0.009146372252353596,0.0615234375,0.0087890625,0.000936308835543867,0.022001498311383542
B,wide,0.9,0.1,3,4,float64,16,0.018280924816008303,記述的評価,4096,-0.0001134330353701577,0.018660841309010898,0.009069629409371505,0.056884765625,0.0068359375,0.0003799164930025946,0.020782126551382566
B,wide,0.9,0.1,3,4,float64,32,0.003385939822164526,記述的評価,4096,-3.215511198375802e-05,0.0034594806582248718,0.009946058172608296,0.05615234375,0.008056640625,7.354083606034593e-05,0.02171947521894632
B,wide,0.9,0.1,3,4,float64,64,0.00011626057599394618,記述的評価,4096,-7.217387358972165e-07,0.00011879196721993267,0.009218750792515329,0.05615234375,0.008544921875,2.5313912259864824e-06,0.021773427529881623
B,wide,0.9,0.1,3,4,float64,128,1.3707336237542437e-07,記述的評価,4096,-8.509432913138218e-10,1.4005792480136843e-07,0.009218756829707686,0.05615234375,0.008544921875,2.984562425944066e-09,0.021773467683456803
B,wide,0.9,0.1,3,4,float64,256,1.9054355965938837e-13,記述的評価,4096,-1.1828830998624854e-15,1.946923536979334e-13,0.009218756829715957,0.05615234375,0.008544921875,4.148794038545021e-15,0.004148794038545021
B,wide,0.9,0.1,3,4,float64,512,3.681939861587996e-25,記述的評価,4096,-2.285726394934529e-27,3.762108460176918e-25,0.00921875682971618,0.05615234375,0.008544921875,8.016859858892195e-27,8.016859858892195e-15
B,wide,0.9,0.1,3,4,float64,1024,1.3748063318716144e-48,記述的評価,4096,-8.534716043207617e-51,1.40474063310971e-48,0.009218756829716124,0.05615234375,0.008544921875,2.993430123809552e-50,2.993430123809552e-38
B,wide,0.9,0.1,3,4,float64,2048,1.9167752347540453e-95,記述的評価,4096,-1.1899226798735826e-97,1.9585100783845224e-95,0.009218756829716068,0.05615234375,0.008544921875,4.1734843630477126e-97,4.1734843630477126e-85
B,wide,0.9,0.1,3,4,float64,4096,3.725894223301694e-189,記述的評価,4096,-2.3130130015925263e-191,3.807019860764944e-189,0.00921875682971629,0.05615234375,0.008544921875,8.112563746324977e-191,8.112563746324977e-179
B,wide,0.9,1.0,4,0,float64,0,1.0,記述的評価,4096,-0.005544263354863326,1.0019633069339011,0.010967248682475228,0.05908203125,0.006103515625,0.001963306933901121,0.001963306933901121
B,wide,0.9,1.0,4,0,float64,1,0.7162978701990244,記述的評価,4096,-0.002934221166684233,0.7137126787961006,0.010551615112305957,0.0693359375,0.006103515625,0.002585191402923792,0.0036091010604366214
B,wide,0.9,1.0,4,0,float64,2,0.5680696145046881,記述的評価,4096,-0.004529446502439366,0.5631687487093779,0.009555477873708196,0.065673828125,0.00634765625,0.0049008657953101276,0.008627227491446267
B,wide,0.9,1.0,4,0,float64,4,0.4001567671802372,記述的評価,4096,0.0027331559337662173,0.39637478986497066,0.018522017709754146,0.064697265625,0.00634765625,0.003781977315266527,0.00945123917787716
B,wide,0.9,1.0,4,0,float64,8,0.23374099357398992,記述的評価,4096,0.002821494059454791,0.23021644023958998,0.018931081222981927,0.06494140625,0.006103515625,0.003524553334399938,0.015078884026751827
B,wide,0.9,1.0,4,0,float64,16,0.0947852310505868,記述的評価,4096,0.0005844096041557436,0.09427621914650147,0.014686771249682484,0.062255859375,0.005859375,0.0005090119040853242,0.005370160503313696
B,wide,0.9,1.0,4,0,float64,32,0.017351192511865052,記述的評価,4096,0.00023292916944780116,0.017228624902277327,0.0190014321784423,0.060302734375,0.005615234375,0.00012256760958772456,0.007063930015410219
B,wide,0.9,1.0,4,0,float64,64,0.0005955306567589541,記述的評価,4096,9.216697976230291e-06,0.0005917128095377874,0.019426513785454125,0.06103515625,0.00390625,3.817847221166738e-06,0.006410832385933815
B,wide,0.9,1.0,4,0,float64,128,7.021412826202464e-07,記述的評価,4096,1.0866657035018483e-08,6.976406734014985e-07,0.019426439197345324,0.06103515625,0.00390625,4.500609218747853e-09,0.006409834217342282
B,wide,0.9,1.0,4,0,float64,256,9.760357304707586e-13,記述的評価,4096,1.5105571769511366e-14,9.697795032495918e-13,0.01942643919724174,0.06103515625,0.00390625,6.256227221166805e-15,0.006256227221166805
B,wide,0.9,1.0,4,0,float64,512,1.8860279868700217e-24,記述的評価,4096,2.9189024771901725e-26,1.8739388601475344e-24,0.019426439197241685,0.06103515625,0.00390625,1.208912672248724e-26,1.2089126722487239e-14
B,wide,0.9,1.0,4,0,float64,1024,7.042274767947107e-48,記述的評価,4096,1.0898943922527948e-49,6.997134954181361e-48,0.019426439197241574,0.06103515625,0.00390625,4.513981376574627e-50,4.513981376574627e-38
B,wide,0.9,1.0,4,0,float64,2048,9.818443193491821e-95,記述的評価,4096,1.519546812621575e-96,9.75550860036276e-95,0.01942643919724163,0.06103515625,0.00390625,6.293459312906036e-97,6.293459312906036e-85
B,wide,0.9,1.0,4,0,float64,4096,1.9085430630128723e-188,記述的評価,4096,2.9537478304855644e-190,1.8963096183849496e-188,0.019426439197242074,0.06103515625,0.00390625,1.2233444627922703e-190,1.2233444627922703e-178
B,wide,0.9,1.0,4,1,float64,0,1.0,記述的評価,4096,-0.03169395354141,0.9848856535018259,0.014860068846073271,0.064453125,0.005126953125,0.015114346498174114,0.015114346498174114
B,wide,0.9,1.0,4,1,float64,1,0.7162978701990244,記述的評価,4096,0.014189055347173414,0.7101912156105615,0.013670199146060824,0.0625,0.0048828125,0.006106654588462823,0.008525300496518411
B,wide,0.9,1.0,4,1,float64,2,0.5680696145046881,記述的評価,4096,0.011669643670051712,0.57531715964667,0.015566458119973259,0.0595703125,0.00830078125,0.007247545141981893,0.012758198919513027
B,wide,0.9,1.0,4,1,float64,4,0.4001567671802372,記述的評価,4096,0.011675049070850704,0.4040921647794338,0.018075132679382877,0.06591796875,0.006103515625,0.003935397599196644,0.009834639626184496
B,wide,0.9,1.0,4,1,float64,8,0.23374099357398992,記述的評価,4096,0.002724755845754389,0.23696430035984656,0.01392486493044176,0.065185546875,0.006103515625,0.003223306785856639,0.013790079080999166
B,wide,0.9,1.0,4,1,float64,16,0.0947852310505868,記述的評価,4096,0.00045975534470080393,0.09486149675266245,0.008635542233094151,0.063232421875,0.005615234375,7.626570207565353e-05,0.0008046158798194055
B,wide,0.9,1.0,4,1,float64,32,0.017351192511865052,記述的評価,4096,6.730174999930143e-05,0.017481532701775312,0.008159223479783151,0.06982421875,0.004150390625,0.00013034018991026075,0.007511886564634207
B,wide,0.9,1.0,4,1,float64,64,0.0005955306567589541,記述的評価,4096,3.711674852388912e-06,0.0005993619249489287,0.009187937287564063,0.071533203125,0.006591796875,3.831268189974607e-06,0.0064333685369372074
B,wide,0.9,1.0,4,1,float64,128,7.021412826202464e-07,記述的評価,4096,4.376133160307907e-09,7.066591342443789e-07,0.00918799883548238,0.071533203125,0.006591796875,4.517851624132498e-09,0.0064343911061215606
B,wide,0.9,1.0,4,1,float64,256,9.760357304707586e-13,記述的評価,4096,6.083194980107074e-15,9.823159260955432e-13,0.009187998835567757,0.071533203125,0.006591796875,6.280195624784623e-15,0.006280195624784624
B,wide,0.9,1.0,4,1,float64,512,1.8860279868700217e-24,記述的評価,4096,1.1754770469863357e-26,1.8981634285773165e-24,0.009187998835567868,0.071533203125,0.006591796875,1.2135441707294876e-26,1.2135441707294877e-14
B,wide,0.9,1.0,4,1,float64,1024,7.042274767947107e-48,記述的評価,4096,4.389135477268686e-50,7.087587518090869e-48,0.009187998835567646,0.071533203125,0.006591796875,4.5312750143761085e-50,4.531275014376109e-38
B,wide,0.9,1.0,4,1,float64,2048,9.818443193491821e-95,記述的評価,4096,6.119397321480066e-97,9.881618897065964e-95,0.009187998835567535,0.071533203125,0.006591796875,6.317570357414299e-97,6.317570357414299e-85
B,wide,0.9,1.0,4,1,float64,4096,1.9085430630128723e-188,記述的評価,4096,1.1895096888141986e-190,1.920823375525894e-188,0.009187998835567868,0.071533203125,0.006591796875,1.228031251302168e-190,1.228031251302168e-178
B,wide,0.9,1.0,4,2,float64,0,1.0,記述的評価,4096,-0.0018557409230434909,0.9664814515103415,0.014783399344545145,0.06005859375,0.00439453125,0.03351854848965852,0.03351854848965852
B,wide,0.9,1.0,4,2,float64,1,0.7162978701990244,記述的評価,4096,0.012885402384645325,0.6951777817899142,0.019443352626728916,0.05859375,0.006591796875,0.02112008840911017,0.02948506380905743
B,wide,0.9,1.0,4,2,float64,2,0.5680696145046881,記述的評価,4096,0.009882790586967822,0.5396891710191578,0.018039245388791425,0.060546875,0.0078125,0.02838044348553026,0.049959446449667565
B,wide,0.9,1.0,4,2,float64,4,0.4001567671802372,記述的評価,4096,-0.001123399694692548,0.3717211028134814,0.01573312645541347,0.0615234375,0.00634765625,0.028435664366755764,0.07106131071362808
B,wide,0.9,1.0,4,2,float64,8,0.23374099357398992,記述的評価,4096,0.000648616610077827,0.22383064950490209,0.01273250627120176,0.05810546875,0.0068359375,0.009910344069087834,0.04239882751225984
B,wide,0.9,1.0,4,2,float64,16,0.0947852310505868,記述的評価,4096,0.001984094082975346,0.09256932043834654,0.01610301375343648,0.064453125,0.0078125,0.00221591061224026,0.023378226625386717
B,wide,0.9,1.0,4,2,float64,32,0.017351192511865052,記述的評価,4096,0.00032307537410751074,0.01697274292534913,0.014745595814160017,0.061767578125,0.006103515625,0.0003784495865159221,0.021811157144221157
B,wide,0.9,1.0,4,2,float64,64,0.0005955306567589541,記述的評価,4096,1.0698998839521888e-05,0.0005831667348886551,0.014479401993161944,0.060546875,0.005615234375,1.2363921870299e-05,0.020761184550241212
B,wide,0.9,1.0,4,2,float64,128,7.021412826202464e-07,記述的評価,4096,1.0711774606899827e-08,6.866703945453772e-07,0.014235235342140995,0.060546875,0.005615234375,1.54708880748692e-08,0.022033867624383283
B,wide,0.9,1.0,4,2,float64,256,9.760357304707586e-13,記述的評価,4096,1.4890272103179468e-14,9.545298883902046e-13,0.014235235342104802,0.060546875,0.005615234375,2.1505842080554038e-14,0.02150584208055404
B,wide,0.9,1.0,4,2,float64,512,1.8860279868700217e-24,記述的評価,4096,2.877299369477112e-26,1.8444714958739722e-24,0.014235235342104746,0.060546875,0.005615234375,4.155649099604945e-26,4.155649099604945e-14
B,wide,0.9,1.0,4,2,float64,1024,7.042274767947107e-48,記述的評価,4096,1.0743601309504424e-49,6.887106217945065e-48,0.01423523534210458,0.060546875,0.005615234375,1.5516855000204228e-49,1.5516855000204227e-37
B,wide,0.9,1.0,4,2,float64,2048,9.818443193491821e-95,記述的評価,4096,1.4978887167397967e-96,9.602104915902052e-95,0.014235235342104635,0.060546875,0.005615234375,2.1633827758976908e-96,2.1633827758976906e-84
B,wide,0.9,1.0,4,2,float64,4096,1.9085430630128723e-188,記述的評価,4096,2.9116480720629373e-190,1.8664904778095704e-188,0.01423523534210458,0.060546875,0.005615234375,4.2052585203301896e-190,4.20525852033019e-178
B,wide,0.9,1.0,4,3,float64,0,1.0,記述的評価,4096,-0.01597719251694832,1.0267013985763693,0.013597065791904006,0.068115234375,0.006103515625,0.02670139857636933,0.02670139857636933
B,wide,0.9,1.0,4,3,float64,1,0.7162978701990244,記述的評価,4096,-0.013380223025902284,0.7319734460270357,0.015530421548685003,0.0693359375,0.00537109375,0.01567557582801138,0.021884158085875502
B,wide,0.9,1.0,4,3,float64,2,0.5680696145046881,記述的評価,4096,-0.017548382871364773,0.5863445118436186,0.020648503837315313,0.0634765625,0.00537109375,0.018274897338930507,0.03217017223296616
B,wide,0.9,1.0,4,3,float64,4,0.4001567671802372,記述的評価,4096,-0.0007490358206496693,0.40474505469716027,0.00924633816783893,0.066162109375,0.005859375,0.004588287516923084,0.011466224972915287
B,wide,0.9,1.0,4,3,float64,8,0.23374099357398992,記述的評価,4096,-0.006078166738753327,0.2332926287582205,0.02207810154143741,0.0615234375,0.005615234375,0.0004483648157694309,0.001918212158311471
B,wide,0.9,1.0,4,3,float64,16,0.0947852310505868,記述的評価,4096,-0.0008104167390892239,0.09386101010033354,0.013416840003064978,0.06591796875,0.00732421875,0.0009242209502532545,0.009750685207065629
B,wide,0.9,1.0,4,3,float64,32,0.017351192511865052,記述的評価,4096,-0.00015017199336671812,0.01723683222705899,0.012361758959603342,0.07080078125,0.00634765625,0.00011436028480606153,0.0065909178707953325
B,wide,0.9,1.0,4,3,float64,64,0.0005955306567589541,記述的評価,4096,-6.6905637508512604e-06,0.0005901846023239973,0.014243076879886019,0.0693359375,0.0078125,5.346054434956799e-06,0.008976959245140352
B,wide,0.9,1.0,4,3,float64,128,7.021412826202464e-07,記述的評価,4096,-7.793356437704855e-09,6.948700254502084e-07,0.013998851507084464,0.0693359375,0.0078125,7.2712571700379916e-09,0.010355832009909971
B,wide,0.9,1.0,4,3,float64,256,9.760357304707586e-13,記述的評価,4096,-1.0833424172288123e-14,9.659280684116722e-13,0.013998851506966892,0.0693359375,0.0078125,1.0107662059086387e-14,0.010107662059086387
B,wide,0.9,1.0,4,3,float64,512,1.8860279868700217e-24,記述的評価,4096,-2.0933804516269963e-26,1.8664965978745957e-24,0.01399885150696667,0.0693359375,0.0078125,1.9531388995425986e-26,1.9531388995425985e-14
B,wide,0.9,1.0,4,3,float64,1024,7.042274767947107e-48,記述的評価,4096,-7.81651196951326e-50,6.969346153492285e-48,0.013998851506966559,0.0693359375,0.0078125,7.292861445482274e-50,7.292861445482274e-38
B,wide,0.9,1.0,4,3,float64,2048,9.818443193491821e-95,記述的評価,4096,-1.0897896102154945e-96,9.716765045194655e-95,0.013998851506966004,0.0693359375,0.0078125,1.0167814829716618e-96,1.0167814829716618e-84
B,wide,0.9,1.0,4,3,float64,4096,1.9085430630128723e-188,記述的評価,4096,-2.1183708656571524e-190,1.8887785116712542e-188,0.013998851506966226,0.0693359375,0.0078125,1.9764551341618042e-190,1.9764551341618043e-178
B,wide,0.9,1.0,4,4,float64,0,1.0,記述的評価,4096,0.021009182664242988,0.988316562435315,0.009108105394273425,0.05859375,0.005126953125,0.01168343756468504,0.01168343756468504
B,wide,0.9,1.0,4,4,float64,1,0.7162978701990244,記述的評価,4096,0.02150305721132348,0.6934635962387468,0.01099988935673546,0.057373046875,0.0048828125,0.022834273960277596,0.03187818212265948
B,wide,0.9,1.0,4,4,float64,2,0.5680696145046881,記述的評価,4096,0.02002639650234394,0.5831538120052988,0.013119443376426676,0.064697265625,0.005126953125,0.015084197500610741,0.02655343133211406
B,wide,0.9,1.0,4,4,float64,4,0.4001567671802372,記述的評価,4096,0.01656435022099592,0.40585406695335907,0.014492156658893474,0.0673828125,0.006103515625,0.005697299773121889,0.014237669434578703
B,wide,0.9,1.0,4,4,float64,8,0.23374099357398992,記述的評価,4096,0.012395349393646114,0.2351471064209139,0.018898956773112485,0.059326171875,0.006591796875,0.0014061128469239903,0.006015687815063942
B,wide,0.9,1.0,4,4,float64,16,0.0947852310505868,記述的評価,4096,0.0022301754131623525,0.09528851205051658,0.01189169964830411,0.06396484375,0.004638671875,0.0005032809999297866,0.005309698508422541
B,wide,0.9,1.0,4,4,float64,32,0.017351192511865052,記述的評価,4096,0.0006729565183440037,0.01716906892201116,0.013492249499898856,0.06494140625,0.00830078125,0.00018212358985389074,0.010496315439376942
B,wide,0.9,1.0,4,4,float64,64,0.0005955306567589541,記述的評価,4096,2.4786090115426253e-05,0.0005885762377710301,0.015196879094417193,0.06494140625,0.006591796875,6.954418987923988e-06,0.011677684278710182
B,wide,0.9,1.0,4,4,float64,128,7.021412826202464e-07,記述的評価,4096,2.994228424591909e-08,6.956536156961618e-07,0.015441014580164059,0.06494140625,0.0068359375,6.487666924084574e-09,0.00923983119162847
B,wide,0.9,1.0,4,4,float64,256,9.760357304707586e-13,記述的評価,4096,4.1622305936617896e-14,9.670173250855523e-13,0.015441014580156953,0.06494140625,0.0068359375,9.018405385206282e-15,0.009018405385206282
B,wide,0.9,1.0,4,4,float64,512,1.8860279868700217e-24,記述的評価,4096,8.042823784398279e-26,1.8686014066512503e-24,0.015441014580156953,0.06494140625,0.0068359375,1.7426580218771363e-26,1.7426580218771363e-14
B,wide,0.9,1.0,4,4,float64,1024,7.042274767947107e-48,記述的評価,4096,3.003124841954762e-49,6.977205337895896e-48,0.015441014580156953,0.06494140625,0.0068359375,6.506943005121152e-50,6.506943005121152e-38
B,wide,0.9,1.0,4,4,float64,2048,9.818443193491821e-95,記述的評価,4096,4.187000881860281e-96,9.727722435832869e-95,0.015441014580156953,0.06494140625,0.0068359375,9.072075765895157e-97,9.072075765895157e-85
B,wide,0.9,1.0,4,4,float64,4096,1.9085430630128723e-188,記述的評価,4096,8.138837624685893e-190,1.8909084472913087e-188,0.015441014580156953,0.06494140625,0.0068359375,1.7634615721563586e-190,1.7634615721563585e-178
B,wide,0.9,10.0,5,0,float64,0,10.0,記述的評価,4096,-0.22875779467869406,10.002061284237937,0.012587710343014147,0.061279296875,0.005615234375,0.0020612842379374996,0.00020612842379374996
B,wide,0.9,10.0,5,0,float64,1,0.999999969540041,記述的評価,4096,0.005675451224648995,0.9826413845925709,0.008312994441290966,0.060546875,0.006591796875,0.017358584947470113,0.017358585476211913
B,wide,0.9,10.0,5,0,float64,2,0.7162978568506896,記述的評価,4096,-0.005064132664810268,0.690405123080737,0.012040887250595933,0.05908203125,0.00537109375,0.025892733769952603,0.03614799838127936
B,wide,0.9,10.0,5,0,float64,4,0.4709284073279897,記述的評価,4096,0.009603594522961787,0.46855236242109055,0.01698227814053005,0.06298828125,0.0068359375,0.002376044906899133,0.00504544824632819
B,wide,0.9,10.0,5,0,float64,8,0.26460335854897554,記述的評価,4096,0.001154272977090433,0.26442751297341405,0.012972008301009752,0.060546875,0.006591796875,0.00017584557556149516,0.0006645629009616211
B,wide,0.9,10.0,5,0,float64,16,0.1056340312444838,記述的評価,4096,0.0007434434826163949,0.10442980200673187,0.013511192069661615,0.0654296875,0.007568359375,0.0012042292377519304,0.011400012132120682
B,wide,0.9,10.0,5,0,float64,32,0.019281037745553228,記述的評価,4096,0.0004957630896781244,0.019145167478180215,0.018277264531620263,0.066650390625,0.0068359375,0.00013587026737301236,0.007046833742356426
B,wide,0.9,10.0,5,0,float64,64,0.0006617008030846117,記述的評価,4096,1.3894481711946752e-05,0.0006574959688113531,0.017707318940409,0.06494140625,0.006591796875,4.204834273258606e-06,0.006354585416334962
B,wide,0.9,10.0,5,0,float64,128,7.801569749438006e-07,記述的評価,4096,1.5317565750135434e-08,7.746474063379884e-07,0.017463081938767888,0.06494140625,0.00634765625,5.509568605812227e-09,0.007062128241831222
B,wide,0.9,10.0,5,0,float64,256,1.0844841369807913e-12,記述的評価,4096,2.1292711091114928e-14,1.0768253709310575e-12,0.017463081938633995,0.06494140625,0.00634765625,7.658766049733802e-15,0.007062128240119622
B,wide,0.9,10.0,5,0,float64,512,2.09558663664479e-24,記述的評価,4096,4.1144650529147453e-26,2.0807873350785224e-24,0.017463081938633995,0.06494140625,0.00634765625,1.479930156626748e-26,1.479930156626748e-14
B,wide,0.9,10.0,5,0,float64,1024,7.82474968453785e-48,記述的評価,4096,1.5363077126881758e-49,7.769490298818796e-48,0.017463081938634106,0.06494140625,0.00634765625,5.525938571905417e-50,5.525938571905417e-38
B,wide,0.9,10.0,5,0,float64,2048,1.0909381245759572e-94,記述的評価,4096,2.1419428383294136e-96,1.0832337796381645e-94,0.017463081938634106,0.06494140625,0.00634765625,7.704344937792652e-97,7.704344937792652e-85
B,wide,0.9,10.0,5,0,float64,4096,2.1206033877303886e-188,記述的評価,4096,4.163582825608691e-190,2.1056274146598046e-188,0.01746308193863355,0.06494140625,0.00634765625,1.4975973070583949e-190,1.497597307058395e-178
B,wide,0.9,10.0,5,1,float64,0,10.0,記述的評価,4096,0.14592529383827718,9.86290649904808,0.01056371901577835,0.060302734375,0.005615234375,0.13709350095192008,0.013709350095192007
B,wide,0.9,10.0,5,1,float64,1,0.999999969540041,記述的評価,4096,-0.005407316812616652,1.0209897215246646,0.0090776471168586,0.063720703125,0.007568359375,0.020989751984623606,0.02098975262397061
B,wide,0.9,10.0,5,1,float64,2,0.7162978568506896,記述的評価,4096,0.008017587107891477,0.7289803271989106,0.014802665646728275,0.072265625,0.007568359375,0.012682470348221009,0.017705581870622066
B,wide,0.9,10.0,5,1,float64,4,0.4709284073279897,記述的評価,4096,-0.02010290244448313,0.47067672341182687,0.016952911096672574,0.0673828125,0.006591796875,0.0002516839161628148,0.0005344419921296516
B,wide,0.9,10.0,5,1,float64,8,0.26460335854897554,記述的評価,4096,-0.011195647225611827,0.26818815190417067,0.01885578029973095,0.057861328125,0.006591796875,0.003584793355195126,0.013547799902666826
B,wide,0.9,10.0,5,1,float64,16,0.1056340312444838,記述的評価,4096,-0.004924367562583011,0.10545231094699914,0.0164659266129637,0.06640625,0.005615234375,0.00018172029748465823,0.0017202817628352858
B,wide,0.9,10.0,5,1,float64,32,0.019281037745553228,記述的評価,4096,-0.0005062265263265102,0.019342173975813448,0.014238793255913651,0.065185546875,0.007568359375,6.113623026022044e-05,0.0031707956318025596
B,wide,0.9,10.0,5,1,float64,64,0.0006617008030846117,記述的評価,4096,-2.3808195530714232e-05,0.0006646903786776401,0.013694855001877504,0.065185546875,0.004638671875,2.989575593028435e-06,0.004518017174971084
B,wide,0.9,10.0,5,1,float64,128,7.801569749438006e-07,記述的評価,4096,-2.736135265127502e-08,7.843044808052575e-07,0.013206656161331876,0.065185546875,0.0048828125,4.147505861456909e-09,0.005316245313009832
B,wide,0.9,10.0,5,1,float64,256,1.0844841369807913e-12,記述的評価,4096,-3.8034592869990425e-14,1.0902495206929451e-12,0.013206656161446395,0.065185546875,0.0048828125,5.765383712153827e-15,0.005316245314758297
B,wide,0.9,10.0,5,1,float64,512,2.09558663664479e-24,記述的評価,4096,-7.349557437555108e-26,2.106727289283523e-24,0.01320665616144645,0.065185546875,0.0048828125,1.1140652638733179e-26,1.1140652638733179e-14
B,wide,0.9,10.0,5,1,float64,1024,7.82474968453785e-48,記述的評価,4096,-2.7442648390370535e-49,7.86634797338742e-48,0.013206656161446229,0.065185546875,0.0048828125,4.1598288849569183e-50,4.1598288849569184e-38
B,wide,0.9,10.0,5,1,float64,2048,1.0909381245759572e-94,記述的評価,4096,-3.826094453545002e-96,1.0967378192694237e-94,0.013206656161446229,0.065185546875,0.0048828125,5.79969469346647e-97,5.79969469346647e-85
B,wide,0.9,10.0,5,1,float64,4096,2.1206033877303886e-188,記述的評価,4096,-7.437295184012137e-190,2.1318770355548705e-188,0.013206656161446284,0.065185546875,0.0048828125,1.1273647824481895e-190,1.1273647824481895e-178
B,wide,0.9,10.0,5,2,float64,0,10.0,記述的評価,4096,0.1935046782759559,10.306171277388252,0.010939810881487322,0.06201171875,0.005126953125,0.3061712773882519,0.03061712773882519
B,wide,0.9,10.0,5,2,float64,1,0.999999969540041,記述的評価,4096,0.0013457054166333058,1.0290994998739824,0.010536630863357932,0.060791015625,0.005859375,0.029099530333941415,0.029099531220311944
B,wide,0.9,10.0,5,2,float64,2,0.7162978568506896,記述的評価,4096,-0.021524852539996538,0.7283154247587014,0.0147819058976707,0.06005859375,0.0078125,0.012017567908011784,0.01677733333008815
B,wide,0.9,10.0,5,2,float64,4,0.4709284073279897,記述的評価,4096,-0.016154142689727764,0.4881858334720408,0.01624826803409274,0.068603515625,0.004638671875,0.017257426144051125,0.03664554075632937
B,wide,0.9,10.0,5,2,float64,8,0.26460335854897554,記述的評価,4096,-0.007651514034474128,0.2628850775971714,0.016096340636601814,0.068115234375,0.00341796875,0.001718280951804152,0.006493798722838639
B,wide,0.9,10.0,5,2,float64,16,0.1056340312444838,記述的評価,4096,-0.0030769220112404324,0.1062937035932479,0.016166270801291294,0.06591796875,0.004150390625,0.000659672348764101,0.006244884730729701
B,wide,0.9,10.0,5,2,float64,32,0.019281037745553228,記述的評価,4096,-0.0004053284382218409,0.019558274028675278,0.013351620669085795,0.064208984375,0.005126953125,0.00027723628312205026,0.014378701332400486
B,wide,0.9,10.0,5,2,float64,64,0.0006617008030846117,記述的評価,4096,-1.222411996910317e-05,0.0006730043260093985,0.012554376528918776,0.062255859375,0.005126953125,1.1303522924786748e-05,0.017082528647530393
B,wide,0.9,10.0,5,2,float64,128,7.801569749438006e-07,記述的評価,4096,-1.4327207402658279e-08,7.945444944858352e-07,0.012310159405430121,0.062255859375,0.005126953125,1.4387519542034659e-08,0.018441826458157447
B,wide,0.9,10.0,5,2,float64,256,1.0844841369807913e-12,記述的評価,4096,-1.991602927929906e-14,1.1044840052335625e-12,0.012310159405323873,0.062255859375,0.005126953125,1.9999868252771193e-14,0.018441826459952577
B,wide,0.9,10.0,5,2,float64,512,2.09558663664479e-24,記述的評価,4096,-3.8484440103400715e-26,2.134233081729586e-24,0.012310159405323873,0.062255859375,0.005126953125,3.8646445084796143e-26,3.864644508479614e-14
B,wide,0.9,10.0,5,2,float64,1024,7.82474968453785e-48,記述的評価,4096,-1.4369776237972037e-49,7.969052360312647e-48,0.012310159405324206,0.062255859375,0.005126953125,1.4430267577479648e-49,1.443026757747965e-37
B,wide,0.9,10.0,5,2,float64,2048,1.0909381245759572e-94,記述的評価,4096,-2.0034553655571984e-96,1.1110570161479292e-94,0.012310159405324095,0.062255859375,0.005126953125,2.0118891571972047e-96,2.0118891571972047e-84
B,wide,0.9,10.0,5,2,float64,4096,2.1206033877303886e-188,記述的評価,4096,-3.894386069804465e-190,2.1597111873972973e-188,0.01231015940532365,0.062255859375,0.005126953125,3.910779966690874e-190,3.910779966690874e-178
B,wide,0.9,10.0,5,3,float64,0,10.0,記述的評価,4096,-0.1345919621521331,10.111393928938735,0.008708285192384035,0.064453125,0.0068359375,0.11139392893873534,0.011139392893873534
B,wide,0.9,10.0,5,3,float64,1,0.999999969540041,記述的評価,4096,-0.04811302375767172,0.9874377238113841,0.017282794307387106,0.068115234375,0.005126953125,0.01256224572865694,0.012562246111302442
B,wide,0.9,10.0,5,3,float64,2,0.7162978568506896,記述的評価,4096,-0.03448926221510781,0.7249606539712012,0.016063608536916185,0.06396484375,0.004638671875,0.008662797120511656,0.012093847604959948
B,wide,0.9,10.0,5,3,float64,4,0.4709284073279897,記述的評価,4096,-0.010217077764263737,0.4554591460862779,0.009887069917298597,0.054443359375,0.00390625,0.015469261241711774,0.032848435135784504
B,wide,0.9,10.0,5,3,float64,8,0.26460335854897554,記述的評価,4096,-0.01388508240464741,0.2562544444806786,0.017096398686869907,0.066650390625,0.005126953125,0.008348914068296964,0.03155256272664302
B,wide,0.9,10.0,5,3,float64,16,0.1056340312444838,記述的評価,4096,-0.003822984435397083,0.10159089768513388,0.019490054786798217,0.06103515625,0.005126953125,0.004043133559349918,0.03827491492767441
B,wide,0.9,10.0,5,3,float64,32,0.019281037745553228,記述的評価,4096,-0.0005465931987485764,0.01864154677451124,0.018267365190650198,0.0634765625,0.007568359375,0.0006394909710419894,0.03316683362592736
B,wide,0.9,10.0,5,3,float64,64,0.0006617008030846117,記述的評価,4096,-1.4738522852238424e-05,0.000636152836178304,0.017280894373903122,0.0625,0.006103515625,2.5547966906307737e-05,0.03860954495931134
B,wide,0.9,10.0,5,3,float64,128,7.801569749438006e-07,記述的評価,4096,-1.7376990488474988e-08,7.500363688800541e-07,0.017280594383685566,0.0625,0.006103515625,3.0120606063746464e-08,0.038608391684143095
B,wide,0.9,10.0,5,3,float64,256,1.0844841369807913e-12,記述的評価,4096,-2.41554855477528e-14,1.0426139486467351e-12,0.017280594383268566,0.0625,0.006103515625,4.187018833405616e-14,0.03860839168254037
B,wide,0.9,10.0,5,3,float64,512,2.09558663664479e-24,記述的評価,4096,-4.6676489760802915e-26,2.0146794069725108e-24,0.017280594383268344,0.0625,0.006103515625,8.090722967227912e-26,8.090722967227912e-14
B,wide,0.9,10.0,5,3,float64,1024,7.82474968453785e-48,記述的評価,4096,-1.7428620804527718e-49,7.522648683899374e-48,0.017280594383268122,0.0625,0.006103515625,3.021010006384767e-49,3.021010006384767e-37
B,wide,0.9,10.0,5,3,float64,2048,1.0909381245759572e-94,記述的評価,4096,-2.4299239798058708e-96,1.0488187581609117e-94,0.017280594383268344,0.0625,0.006103515625,4.211936641504551e-96,4.211936641504552e-84
B,wide,0.9,10.0,5,3,float64,4096,2.1206033877303886e-188,記述的評価,4096,-4.723370562841538e-190,2.0387303015335684e-188,0.017280594383268677,0.0625,0.006103515625,8.18730861968202e-190,8.18730861968202e-178
B,wide,0.9,10.0,5,4,float64,0,10.0,記述的評価,4096,-0.2954709630095582,10.222154508619347,0.011684637734824865,0.066650390625,0.0078125,0.22215450861934727,0.022215450861934726
B,wide,0.9,10.0,5,4,float64,1,0.999999969540041,記述的評価,4096,-0.06664404255663353,0.9635520016741319,0.023194343662730932,0.064453125,0.00537109375,0.03644796786590909,0.03644796897611273
B,wide,0.9,10.0,5,4,float64,2,0.7162978568506896,記述的評価,4096,-0.039391457387572354,0.7392841892175843,0.023323434378438868,0.067138671875,0.00927734375,0.022986332366894735,0.032090466482696985
B,wide,0.9,10.0,5,4,float64,4,0.4709284073279897,記述的評価,4096,-0.014762777373563171,0.4792412765135097,0.015750408835081497,0.05517578125,0.00439453125,0.008312869185519989,0.01765208693331232
B,wide,0.9,10.0,5,4,float64,8,0.26460335854897554,記述的評価,4096,-0.0021944623260279888,0.2636159941384256,0.008532984933521726,0.064208984375,0.007568359375,0.000987364410549918,0.0037314885796023117
B,wide,0.9,10.0,5,4,float64,16,0.1056340312444838,記述的評価,4096,-0.00015748707022121577,0.10368208761833034,0.009944273805265857,0.068115234375,0.009521484375,0.00195194362615346,0.018478359702431505
B,wide,0.9,10.0,5,4,float64,32,0.019281037745553228,記述的評価,4096,-0.0006249377660250003,0.018661304282892525,0.01521740101905783,0.06494140625,0.005615234375,0.0006197334626607022,0.03214212174879596
B,wide,0.9,10.0,5,4,float64,64,0.0006617008030846117,記述的評価,4096,-2.2536380353995365e-05,0.0006405084711458571,0.01607273799162523,0.065185546875,0.007080078125,2.119233193875465e-05,0.0320270609314113
B,wide,0.9,10.0,5,4,float64,128,7.801569749438006e-07,記述的評価,4096,-2.6570808427950213e-08,7.551717529154742e-07,0.016073461943481915,0.065185546875,0.007080078125,2.4985222028326416e-08,0.03202589072555078
B,wide,0.9,10.0,5,4,float64,256,1.0844841369807913e-12,記述的評価,4096,-3.693566957978968e-14,1.0497525665180154e-12,0.016073461944488332,0.065185546875,0.007080078125,3.47315704627759e-14,0.03202589072392405
B,wide,0.9,10.0,5,4,float64,512,2.09558663664479e-24,記述的評価,4096,-7.137208645801127e-26,2.028473608017087e-24,0.016073461944488332,0.065185546875,0.007080078125,6.711302862770306e-26,6.711302862770306e-14
B,wide,0.9,10.0,5,4,float64,1024,7.82474968453785e-48,記述的評価,4096,-2.664975531106109e-49,7.574155106198776e-48,0.0160734619444885,0.065185546875,0.007080078125,2.5059457833907385e-49,2.5059457833907385e-37
B,wide,0.9,10.0,5,4,float64,2048,1.0909381245759572e-94,記述的評価,4096,-3.715548132729094e-96,1.0559998594117224e-94,0.016073461944488554,0.065185546875,0.007080078125,3.493826516423481e-96,3.4938265164234808e-84
B,wide,0.9,10.0,5,4,float64,4096,2.1206033877303886e-188,記述的評価,4096,-7.22241140908267e-190,2.0526891753661504e-188,0.016073461944488554,0.065185546875,0.007080078125,6.791421236423813e-190,6.791421236423813e-178
B,wide,1.0,0.1,6,0,float64,0,0.1,記述的評価,4096,-0.003225110204633238,0.09906239180071837,0.014740261741471528,0.061767578125,0.006591796875,0.0009376081992816393,0.009376081992816393
B,wide,1.0,0.1,6,0,float64,1,0.09966799462495582,記述的評価,4096,-0.0029181073923689,0.09870613980199618,0.01384958489005117,0.065185546875,0.008056640625,0.000961854822959643,0.009650588702813176
B,wide,1.0,0.1,6,0,float64,2,0.09933927642943538,記述的評価,4096,-0.004258108014015607,0.09818571373417187,0.01710901576861029,0.066650390625,0.0087890625,0.0011535626952635103,0.011612352502717608
B,wide,1.0,0.1,6,0,float64,4,0.09869148716977952,記述的評価,4096,-0.002312151706930504,0.09786279140270365,0.011664149383949662,0.06201171875,0.0087890625,0.0008286957670758655,0.008396831285460878
B,wide,1.0,0.1,6,0,float64,8,0.09743306323410574,記述的評価,4096,-0.0027342712066836476,0.09586210528246368,0.013222314085785614,0.05859375,0.004638671875,0.0015709579516420547,0.016123458500606314
B,wide,1.0,0.1,6,0,float64,16,0.09505427794350066,記述的評価,4096,-0.0029182316441389395,0.09457332784748154,0.014617131691932295,0.063720703125,0.0087890625,0.0004809500960191171,0.005059741722566018
B,wide,1.0,0.1,6,0,float64,32,0.09077688566113973,記述的評価,4096,-0.002288596986302454,0.09125390397930581,0.01272205483656419,0.062255859375,0.007568359375,0.0004770183181660864,0.0052548433964428355
B,wide,1.0,0.1,6,0,float64,64,0.0837113975900024,記述的評価,4096,-0.004890553471620905,0.08242735357830548,0.021957726233496067,0.0625,0.007080078125,0.0012840440116969193,0.015338938886026577
B,wide,1.0,0.1,6,0,float64,128,0.07344307881912676,記述的評価,4096,-0.0027647697751679965,0.07176573581245756,0.016527781751906667,0.0615234375,0.005859375,0.0016773430066692047,0.022838680426240175
B,wide,1.0,0.1,6,0,float64,256,0.06077188074098574,記述的評価,4096,-0.0011953725219970683,0.05988619801637597,0.013714464999835196,0.060302734375,0.00634765625,0.0008856827246097668,0.014573890322476808
B,wide,1.0,0.1,6,0,float64,512,0.04759305187625156,記述的評価,4096,0.00019575077317529572,0.04809932462375569,0.009850010688208899,0.06494140625,0.005126953125,0.0005062727475041301,0.010637534840600439
B,wide,1.0,0.1,6,0,float64,1024,0.03573999421138929,記述的評価,4096,-0.00020879668441393828,0.035794331905870405,0.009500046514622773,0.063232421875,0.00537109375,5.433769448111303e-05,0.001520361031949949
B,wide,1.0,0.1,6,0,float64,2048,0.026121131896239175,記述的評価,4096,-0.0003921610137675417,0.025857476672651182,0.01448217602020696,0.06689453125,0.0078125,0.0002636552235879934,0.010093560441228564
B,wide,1.0,0.1,6,0,float64,4096,0.0187944657064536,記述的評価,4096,-0.00044058809140101106,0.01900672942321402,0.011119307306515669,0.0576171875,0.004638671875,0.0002122637167604191,0.011293947914014522
B,wide,1.0,0.1,6,1,float64,0,0.1,記述的評価,4096,0.0018046932606945862,0.10374539709434152,0.014283775962101508,0.061279296875,0.00634765625,0.0037453970943415182,0.03745397094341518
B,wide,1.0,0.1,6,1,float64,1,0.09966799462495582,記述的評価,4096,0.0001638189963391334,0.10346404567546141,0.010238664664795838,0.058349609375,0.005615234375,0.0037960510505055944,0.03808696126364223
B,wide,1.0,0.1,6,1,float64,2,0.09933927642943538,記述的評価,4096,0.0005564092043486406,0.1030994108219177,0.011807751669093203,0.0595703125,0.005615234375,0.0037601343924823227,0.03785143729281434
B,wide,1.0,0.1,6,1,float64,4,0.09869148716977952,記述的評価,4096,0.0021242828364418593,0.10228053999593945,0.01567534663433945,0.060791015625,0.0078125,0.0035890528261599275,0.03636638710272609
B,wide,1.0,0.1,6,1,float64,8,0.09743306323410574,記述的評価,4096,0.002124295617886339,0.10157736932664505,0.01605476888210078,0.064453125,0.005615234375,0.00414430609253931,0.04253490504123477
B,wide,1.0,0.1,6,1,float64,16,0.09505427794350066,記述的評価,4096,0.00180472464055288,0.09864654862122187,0.015062276990106982,0.061767578125,0.00634765625,0.003592270677721207,0.037791783341475885
B,wide,1.0,0.1,6,1,float64,32,0.09077688566113973,記述的評価,4096,0.0007018993631226862,0.0939325882815516,0.015553238129879077,0.064453125,0.005615234375,0.003155702620411871,0.03476328359833545
B,wide,1.0,0.1,6,1,float64,64,0.0837113975900024,記述的評価,4096,-0.0028182885418055886,0.08458817392745085,0.017885904362237193,0.0595703125,0.00537109375,0.0008767763374484538,0.010473798821788715
B,wide,1.0,0.1,6,1,float64,128,0.07344307881912676,記述的評価,4096,-0.0028097792105255225,0.07449112949124181,0.020328133191397146,0.06201171875,0.006591796875,0.0010480506721150529,0.01427024423494225
B,wide,1.0,0.1,6,1,float64,256,0.06077188074098574,記述的評価,4096,-0.0008850518443523476,0.061874957501692224,0.012220072760586786,0.067626953125,0.0078125,0.0011030767607064854,0.01815110454468046
B,wide,1.0,0.1,6,1,float64,512,0.04759305187625156,記述的評価,4096,0.00011774213719366964,0.04625809090327791,0.009529977711866588,0.068359375,0.008056640625,0.0013349609729736492,0.028049492947935555
B,wide,1.0,0.1,6,1,float64,1024,0.03573999421138929,記述的評価,4096,-0.0006846710096867772,0.03574527495368536,0.014251694849654828,0.058349609375,0.005126953125,5.2807422960682304e-06,0.00014775442505207266
B,wide,1.0,0.1,6,1,float64,2048,0.026121131896239175,記述的評価,4096,-0.00014909740479300678,0.025450290639054386,0.00748081536463735,0.06640625,0.005615234375,0.0006708412571847892,0.025681936749508718
B,wide,1.0,0.1,6,1,float64,4096,0.0187944657064536,記述的評価,4096,-0.00040708546442162253,0.018027881572021738,0.011447585790023251,0.0654296875,0.0078125,0.0007665841344318622,0.040787758822461995
B,wide,1.0,0.1,6,2,float64,0,0.1,記述的評価,4096,0.0017148489416754622,0.09936080963666147,0.01868435747307562,0.067626953125,0.00634765625,0.0006391903633385376,0.006391903633385376
B,wide,1.0,0.1,6,2,float64,1,0.09966799462495582,記述的評価,4096,0.0012980644954764865,0.09879732109569397,0.016687620646051338,0.071044921875,0.00830078125,0.000870673529261845,0.00873573841370174
B,wide,1.0,0.1,6,2,float64,2,0.09933927642943538,記述的評価,4096,0.000487007195470936,0.09894910083838301,0.012888194216991389,0.06591796875,0.0078125,0.0003901755910523663,0.00392770719776204
B,wide,1.0,0.1,6,2,float64,4,0.09869148716977952,記述的評価,4096,0.0004397602686846832,0.09764803238918116,0.01314738160400325,0.063232421875,0.00439453125,0.001043454780598363,0.010572895500128616
B,wide,1.0,0.1,6,2,float64,8,0.09743306323410574,記述的評価,4096,0.00102148152474382,0.09574753610930378,0.014616923686833094,0.062744140625,0.005859375,0.0016855271248019527,0.01729933421832463
B,wide,1.0,0.1,6,2,float64,16,0.09505427794350066,記述的評価,4096,-0.0002902088616648446,0.09283951358257682,0.01366340691451079,0.061279296875,0.006103515625,0.0022147643609238404,0.023299996684423556
B,wide,1.0,0.1,6,2,float64,32,0.09077688566113973,記述的評価,4096,-0.0020967331710941084,0.08826838978800106,0.013634036251166326,0.067138671875,0.00732421875,0.002508495873138672,0.027633641040546546
B,wide,1.0,0.1,6,2,float64,64,0.0837113975900024,記述的評価,4096,-0.00029020933801114293,0.08263413117754474,0.00984753819064732,0.060302734375,0.005126953125,0.0010772664124576586,0.012868814085912667
B,wide,1.0,0.1,6,2,float64,128,0.07344307881912676,記述的評価,4096,-0.00029020997314385243,0.0735712971424993,0.0080223196764182,0.073486328125,0.006591796875,0.00012821832337253647,0.001745819012957074
B,wide,1.0,0.1,6,2,float64,256,0.06077188074098574,記述的評価,4096,-0.0012893639708223348,0.061960800299771475,0.01290309494242875,0.05908203125,0.0048828125,0.0011889195587857365,0.01956364595417081
B,wide,1.0,0.1,6,2,float64,512,0.04759305187625156,記述的評価,4096,0.0005395615043075977,0.047129531293558444,0.009810684009432524,0.0673828125,0.0068359375,0.00046352058269311797,0.009739248995805834
B,wide,1.0,0.1,6,2,float64,1024,0.03573999421138929,記述的評価,4096,0.0010908451434259907,0.03605932449368181,0.014723401015054538,0.058837890625,0.005859375,0.00031933028229251537,0.008934816284630347
B,wide,1.0,0.1,6,2,float64,2048,0.026121131896239175,記述的評価,4096,-0.00011475817453782017,0.026148089245017547,0.008089331012088474,0.06884765625,0.0078125,2.695734877837183e-05,0.0010320130416038
B,wide,1.0,0.1,6,2,float64,4096,0.0187944657064536,記述的評価,4096,-0.00018579979952825908,0.01916865488708748,0.008884974528194256,0.06396484375,0.005859375,0.00037418918063387985,0.019909540738122268
B,wide,1.0,0.1,6,3,float64,0,0.1,記述的評価,4096,-0.004578445698858652,0.10009949808610577,0.021616896875604974,0.068359375,0.00732421875,9.949808610576483e-05,0.0009949808610576483
B,wide,1.0,0.1,6,3,float64,1,0.09966799462495582,記述的評価,4096,-0.0030659740214817087,0.10011873276687876,0.017155065854941642,0.063232421875,0.00732421875,0.0004507381419229378,0.004522396017086891
B,wide,1.0,0.1,6,3,float64,2,0.09933927642943538,記述的評価,4096,-0.003295850066190965,0.09996259037896489,0.017821131291704262,0.063720703125,0.007080078125,0.0006233139495295109,0.006274597238205932
B,wide,1.0,0.1,6,3,float64,4,0.09869148716977952,記述的評価,4096,-0.002944096257227042,0.099521494950631,0.016958787899960304,0.066162109375,0.005615234375,0.0008300077808514883,0.00841012537812528
B,wide,1.0,0.1,6,3,float64,8,0.09743306323410574,記述的評価,4096,-0.0032959217436630255,0.09900875480496996,0.017686411057635465,0.06689453125,0.007568359375,0.001575691570864221,0.01617204179528107
B,wide,1.0,0.1,6,3,float64,16,0.09505427794350066,記述的評価,4096,-0.0003558311842101667,0.09697560191282102,0.009268384822366915,0.068115234375,0.0068359375,0.0019213239693203626,0.020212914251606633
B,wide,1.0,0.1,6,3,float64,32,0.09077688566113973,記述的評価,4096,-2.1351189184437812e-05,0.09230924281775113,0.009127337797933843,0.060791015625,0.004638671875,0.0015323571566114025,0.016880477287263693
B,wide,1.0,0.1,6,3,float64,64,0.0837113975900024,記述的評価,4096,-0.0017111586191604136,0.08288220315793168,0.012843934488255604,0.06103515625,0.006103515625,0.0008291944320707179,0.009905394676742896
B,wide,1.0,0.1,6,3,float64,128,0.07344307881912676,記述的評価,4096,-0.002163496043529718,0.07501356876545459,0.01894028408303028,0.064453125,0.005126953125,0.00157048994632783,0.021383770555093173
B,wide,1.0,0.1,6,3,float64,256,0.06077188074098574,記述的評価,4096,-0.00015369568781242835,0.06215692110330824,0.013031805946297492,0.063720703125,0.005615234375,0.0013850403623225024,0.022790809588823607
B,wide,1.0,0.1,6,3,float64,512,0.04759305187625156,記述的評価,4096,0.0013934493900569006,0.047655093609693853,0.011648762267439716,0.060546875,0.00634765625,6.20417334422918e-05,0.001303588044818155
B,wide,1.0,0.1,6,3,float64,1024,0.03573999421138929,記述的評価,4096,0.001452893651170694,0.03545185834225535,0.016238339717353,0.060302734375,0.006103515625,0.0002881358691339403,0.008062001001727074
B,wide,1.0,0.1,6,3,float64,2048,0.026121131896239175,記述的評価,4096,0.0011612943364419323,0.025808364756191977,0.01815732505527068,0.062744140625,0.006103515625,0.00031276714004719805,0.011973720790109754
B,wide,1.0,0.1,6,3,float64,4096,0.0187944657064536,記述的評価,4096,0.00024676771702823036,0.018949632783925724,0.01040674661905433,0.062744140625,0.005859375,0.00015516707747212366,0.008255998329276407
B,wide,1.0,0.1,6,4,float64,0,0.1,記述的評価,4096,0.001763073252982095,0.10265546043539396,0.009377145407252208,0.06689453125,0.0068359375,0.0026554604353939554,0.026554604353939554
B,wide,1.0,0.1,6,4,float64,1,0.09966799462495582,記述的評価,4096,0.0025546235984748138,0.10226973357522026,0.012143540057841906,0.06640625,0.006103515625,0.002601738950264443,0.026104056372907043
B,wide,1.0,0.1,6,4,float64,2,0.09933927642943538,記述的評価,4096,0.0017630769120669065,0.10228925326153723,0.010831992462346896,0.06396484375,0.005615234375,0.0029499768321018527,0.02969597663817632
B,wide,1.0,0.1,6,4,float64,4,0.09869148716977952,記述的評価,4096,0.0014761057882901776,0.10168264366968498,0.008963772876391829,0.061767578125,0.00732421875,0.002991156499905459,0.030308151044068834
B,wide,1.0,0.1,6,4,float64,8,0.09743306323410574,記述的評価,4096,0.000957234799719607,0.10024724910675081,0.008776590429860232,0.067138671875,0.00634765625,0.002814185872645078,0.0288832741087421
B,wide,1.0,0.1,6,4,float64,16,0.09505427794350066,記述的評価,4096,0.0009079212572914296,0.09807264475553915,0.00974385056593463,0.062744140625,0.004150390625,0.0030183668120384866,0.03175413960676841
B,wide,1.0,0.1,6,4,float64,32,0.09077688566113973,記述的評価,4096,-0.0008578893521897215,0.09457646068175765,0.01421279598707026,0.06787109375,0.004638671875,0.0037995750206179235,0.04185619492170425
B,wide,1.0,0.1,6,4,float64,64,0.0837113975900024,記述的評価,4096,0.0012108495862500834,0.08599503892157995,0.011204205933121103,0.0654296875,0.006591796875,0.002283641331577546,0.027279933167073056
B,wide,1.0,0.1,6,4,float64,128,0.07344307881912676,記述的評価,4096,0.001581000942313447,0.0737049502776295,0.00801482983622881,0.05810546875,0.007080078125,0.00026187145850273263,0.0035656383516772384
B,wide,1.0,0.1,6,4,float64,256,0.06077188074098574,記述的評価,4096,0.002339408408729848,0.06295109611023911,0.01867048620070344,0.06494140625,0.007568359375,0.002179215369253369,0.03585894237075444
B,wide,1.0,0.1,6,4,float64,512,0.04759305187625156,記述的評価,4096,0.0012741626734304287,0.04797069690484647,0.009944194247322735,0.061767578125,0.007080078125,0.00037764502859490706,0.007934877334129271
B,wide,1.0,0.1,6,4,float64,1024,0.03573999421138929,記述的評価,4096,0.0013181966080188,0.03541157881413834,0.013403338281460231,0.057861328125,0.007080078125,0.0003284153972509529,0.009189016520497827
B,wide,1.0,0.1,6,4,float64,2048,0.026121131896239175,記述的評価,4096,0.001248611392084103,0.026303551048732714,0.017241503032248917,0.06640625,0.00732421875,0.00018241915249353827,0.0069835852909499035
B,wide,1.0,0.1,6,4,float64,4096,0.0187944657064536,記述的評価,4096,0.0010664223912327706,0.017948384627706565,0.019359956315490034,0.064453125,0.007080078125,0.0008460810787470352,0.04501756484923697
B,wide,1.0,1.0,7,0,float64,0,1.0,記述的評価,4096,0.011629063077751422,0.9796769932559815,0.010845143114751155,0.062744140625,0.005859375,0.020323006744018546,0.020323006744018546
B,wide,1.0,1.0,7,0,float64,1,0.7615941559557649,記述的評価,4096,0.0039020675887574555,0.7564246225958318,0.008548527427628683,0.06298828125,0.00439453125,0.005169533359933087,0.006787779711158059
B,wide,1.0,1.0,7,0,float64,2,0.6420149920119997,記述的評価,4096,-0.002234893306733942,0.6262827031471441,0.012005748920715265,0.061279296875,0.006103515625,0.01573228886485567,0.02450455061111972
B,wide,1.0,1.0,7,0,float64,4,0.5126146671514058,記述的評価,4096,-0.0015094785531791475,0.5127543956580339,0.013846676231782373,0.061279296875,0.006591796875,0.00013972850662813396,0.00027258000127972104
B,wide,1.0,1.0,7,0,float64,8,0.39142072274619333,記述的評価,4096,0.021092969165328143,0.39718178609100846,0.017920525086629557,0.061279296875,0.005615234375,0.005761063344815132,0.01471834016450566
B,wide,1.0,1.0,7,0,float64,16,0.28962926538567413,記述的評価,4096,0.00647188647890287,0.29601724643936544,0.009669306631400754,0.06640625,0.0078125,0.006387981053691316,0.022055716797765575
B,wide,1.0,1.0,7,0,float64,32,0.2101089594126972,記述的評価,4096,0.009582714231334728,0.2102460081962636,0.015747532183949753,0.06689453125,0.007080078125,0.00013704878356640693,0.0006522748194531531
B,wide,1.0,1.0,7,0,float64,64,0.15066627585378273,記述的評価,4096,0.007400924755203059,0.15207827238653726,0.017393525968766976,0.06005859375,0.00634765625,0.0014119965327545336,0.009371682712359835
B,wide,1.0,1.0,7,0,float64,128,0.10734286783392079,記述的評価,4096,0.0014757033355097336,0.11312889406529927,0.01334940298577414,0.0654296875,0.00732421875,0.0057860262313784855,0.053902288509102766
B,wide,1.0,1.0,7,0,float64,256,0.0762074983703411,記述的評価,4096,-0.0003267849924305366,0.07822745510722048,0.013634367004949466,0.06298828125,0.003662109375,0.0020199567368793803,0.026506010301809345
B,wide,1.0,1.0,7,0,float64,512,0.05400088741430396,記述的評価,4096,0.000211782159461609,0.05328341903127683,0.010812629243076799,0.060546875,0.004638671875,0.0007174683830271297,0.013286233196921205
B,wide,1.0,1.0,7,0,float64,1024,0.038226827737022365,記述的評価,4096,-0.00032679394519371174,0.0380842057110327,0.01602490476082663,0.059814453125,0.0078125,0.00014262202598966378,0.003730940662165789
B,wide,1.0,1.0,7,0,float64,2048,0.02704617193931085,記述的評価,4096,0.00027095448953355075,0.027180898520502064,0.012368392636983416,0.06298828125,0.00634765625,0.0001347265811912149,0.0049813549027762265
B,wide,1.0,1.0,7,0,float64,4096,0.019130339783990983,記述的評価,4096,0.0011722688418050282,0.018464926512724494,0.02008674520063436,0.0615234375,0.00732421875,0.0006654132712664886,0.034783139179960225
B,wide,1.0,1.0,7,1,float64,0,1.0,記述的評価,4096,-0.03908007175387677,1.0105973777273043,0.019496613379815342,0.06298828125,0.0048828125,0.010597377727304291,0.010597377727304291
B,wide,1.0,1.0,7,1,float64,1,0.7615941559557649,記述的評価,4096,0.02031902352765834,0.7708544142836009,0.015035004183564182,0.0654296875,0.006103515625,0.009260258327836057,0.012159045937287779
B,wide,1.0,1.0,7,1,float64,2,0.6420149920119997,記述的評価,4096,0.007172927547239983,0.6613022089655963,0.015391931092073152,0.06005859375,0.00439453125,0.019287216953596586,0.03004169247380456
B,wide,1.0,1.0,7,1,float64,4,0.5126146671514058,記述的評価,4096,-0.026427670406038745,0.5311935943516245,0.02078108704303072,0.059814453125,0.008056640625,0.018578927200218698,0.036243456129458014
B,wide,1.0,1.0,7,1,float64,8,0.39142072274619333,記述的評価,4096,-0.017301972857274087,0.39800700895657143,0.01500439176582924,0.0654296875,0.00537109375,0.006586286210378101,0.01682661603649638
B,wide,1.0,1.0,7,1,float64,16,0.28962926538567413,記述的評価,4096,-0.009038236581264895,0.2951041890613125,0.010939736537299516,0.05908203125,0.004638671875,0.005474923675638399,0.018903212934466132
B,wide,1.0,1.0,7,1,float64,32,0.2101089594126972,記述的評価,4096,-0.00993549397231191,0.20976347716069496,0.01693983792512732,0.068115234375,0.0068359375,0.0003454822520022327,0.0016443004285392445
B,wide,1.0,1.0,7,1,float64,64,0.15066627585378273,記述的評価,4096,-0.011650927385402264,0.14955897771130172,0.026427190542689882,0.073974609375,0.0068359375,0.0011072981424810058,0.007349343017913356
B,wide,1.0,1.0,7,1,float64,128,0.10734286783392079,記述的評価,4096,-0.0007235436133425268,0.11067854661950605,0.013698834754886091,0.0654296875,0.0048828125,0.003335678785585258,0.03107499224583946
B,wide,1.0,1.0,7,1,float64,256,0.0762074983703411,記述的評価,4096,-0.003166876462171831,0.07527379286418542,0.016958739260599653,0.06884765625,0.0078125,0.0009337055061556798,0.012252147441163938
B,wide,1.0,1.0,7,1,float64,512,0.05400088741430396,記述的評価,4096,0.0007644211231582798,0.053613296431443594,0.012154387082713103,0.066650390625,0.0078125,0.0003875909828603627,0.0071774928416768234
B,wide,1.0,1.0,7,1,float64,1024,0.038226827737022365,記述的評価,4096,0.00028215187277403535,0.03888937533041045,0.011984121042669216,0.060791015625,0.005615234375,0.0006625475933880881,0.017332005625630722
B,wide,1.0,1.0,7,1,float64,2048,0.02704617193931085,記述的評価,4096,-0.0005459134570982613,0.027462740049584065,0.01243235411386584,0.0615234375,0.007080078125,0.00041656811027321675,0.015402109814577743
B,wide,1.0,1.0,7,1,float64,4096,0.019130339783990983,記述的評価,4096,0.0001810154461495467,0.019688833669047716,0.010324559051813176,0.05859375,0.005859375,0.000558493885056733,0.029194143510409706
B,wide,1.0,1.0,7,2,float64,0,1.0,記述的評価,4096,0.01794200059192459,0.9789232208240153,0.00943437782943235,0.06103515625,0.005859375,0.021076779175984717,0.021076779175984717
B,wide,1.0,1.0,7,2,float64,1,0.7615941559557649,記述的評価,4096,0.015333049637287245,0.7276981692949491,0.012289693538107938,0.062744140625,0.0048828125,0.033895986660815725,0.0445066265224657
B,wide,1.0,1.0,7,2,float64,2,0.6420149920119997,記述的評価,4096,-0.002102311497910284,0.6358990604789837,0.012184190411339557,0.05712890625,0.00634765625,0.006115931533016039,0.009526150649300924
B,wide,1.0,1.0,7,2,float64,4,0.5126146671514058,記述的評価,4096,0.006764281722863103,0.50814048129917,0.010269781959010904,0.061767578125,0.006103515625,0.004474185852235801,0.008728165889397593
B,wide,1.0,1.0,7,2,float64,8,0.39142072274619333,記述的評価,4096,0.008851523653504514,0.3956640440791086,0.017177843874500054,0.060791015625,0.00537109375,0.004243321332915273,0.01084081931877364
B,wide,1.0,1.0,7,2,float64,16,0.28962926538567413,記述的評価,4096,-0.002671491142326569,0.29576430691868016,0.009344362069324985,0.066650390625,0.00634765625,0.006135041533006036,0.021182395103742483
B,wide,1.0,1.0,7,2,float64,32,0.2101089594126972,記述的評価,4096,-0.0036637267978663116,0.20918624912303607,0.018083607366528698,0.067626953125,0.0078125,0.0009227102896611217,0.004391579931861587
B,wide,1.0,1.0,7,2,float64,64,0.15066627585378273,記述的評価,4096,0.005612096883299217,0.15452399811811748,0.018299022087128858,0.05908203125,0.005859375,0.0038577222643347564,0.025604417727020507
B,wide,1.0,1.0,7,2,float64,128,0.10734286783392079,記述的評価,4096,0.0013286323396957543,0.10992372913586831,0.011451551670754512,0.063720703125,0.007080078125,0.0025808613019475263,0.024043155861464355
B,wide,1.0,1.0,7,2,float64,256,0.0762074983703411,記述的評価,4096,0.0029743917270556273,0.0757540751216276,0.01964205596600821,0.0654296875,0.005615234375,0.0004534232487135026,0.005949850846829118
B,wide,1.0,1.0,7,2,float64,512,0.05400088741430396,記述的評価,4096,0.00357146100699619,0.05539346469600129,0.03111139833475507,0.06396484375,0.006591796875,0.0013925772816973311,0.0257880443892198
B,wide,1.0,1.0,7,2,float64,1024,0.038226827737022365,記述的評価,4096,0.0012476217036951171,0.03849532181597458,0.01365268908373829,0.06396484375,0.00439453125,0.0002684940789522139,0.007023708082692397
B,wide,1.0,1.0,7,2,float64,2048,0.02704617193931085,記述的評価,4096,0.0006034714045439697,0.02711455950089363,0.010019020713593618,0.070556640625,0.006591796875,6.83875615827799e-05,0.0025285486514038057
B,wide,1.0,1.0,7,2,float64,4096,0.019130339783990983,記述的評価,4096,0.00035160759840276276,0.01858431575643558,0.009342959311169463,0.05908203125,0.005859375,0.0005460240275554015,0.028542306813198155
B,wide,1.0,1.0,7,3,float64,0,1.0,記述的評価,4096,0.05493608427760313,1.0019730535795122,0.02267806009298101,0.06201171875,0.006103515625,0.001973053579512163,0.001973053579512163
B,wide,1.0,1.0,7,3,float64,1,0.7615941559557649,記述的評価,4096,0.038682239820743106,0.7453430141632856,0.020832200538842716,0.05419921875,0.005615234375,0.016251141792479218,0.021338322603178066
B,wide,1.0,1.0,7,3,float64,2,0.6420149920119997,記述的評価,4096,0.02724848466125642,0.634393412849821,0.01843566068752689,0.06298828125,0.008056640625,0.00762157916217876,0.01187134141259478
B,wide,1.0,1.0,7,3,float64,4,0.5126146671514058,記述的評価,4096,0.021148974547972203,0.5160097150652024,0.020196110471995266,0.06298828125,0.005615234375,0.003395047913796634,0.006623001898605201
B,wide,1.0,1.0,7,3,float64,8,0.39142072274619333,記述的評価,4096,0.008129116554950327,0.406602406814078,0.013663264152261323,0.063720703125,0.00537109375,0.015181684067884671,0.038786101975824216
B,wide,1.0,1.0,7,3,float64,16,0.28962926538567413,記述的評価,4096,0.01268222822805469,0.2958114614113594,0.02473662430781748,0.06201171875,0.005126953125,0.00618219602568526,0.021345204937950477
B,wide,1.0,1.0,7,3,float64,32,0.2101089594126972,記述的評価,4096,0.006786947939906729,0.20921370542357537,0.01785427294510017,0.06640625,0.00732421875,0.0008952539891218247,0.004260903445642039
B,wide,1.0,1.0,7,3,float64,64,0.15066627585378273,記述的評価,4096,0.009070326869832853,0.15021592738700146,0.030039546202048906,0.06103515625,0.005615234375,0.0004503484667812696,0.0029890462495954953
B,wide,1.0,1.0,7,3,float64,128,0.10734286783392079,記述的評価,4096,0.005212706753169986,0.10749068497265199,0.023623490813429737,0.05712890625,0.006103515625,0.00014781713873120161,0.0013770559862430914
B,wide,1.0,1.0,7,3,float64,256,0.0762074983703411,記述的評価,4096,0.0007319859938321527,0.0744891189907427,0.01683258633044782,0.056640625,0.009033203125,0.0017183793795984004,0.02254869161624612
B,wide,1.0,1.0,7,3,float64,512,0.05400088741430396,記述的評価,4096,-0.00025078751347687315,0.05335253309069684,0.01655644746307522,0.066162109375,0.009521484375,0.0006483543236071171,0.012006364240513918
B,wide,1.0,1.0,7,3,float64,1024,0.038226827737022365,記述的評価,4096,-0.0020757327667052525,0.03766113048639468,0.019582866144393418,0.058349609375,0.005859375,0.0005656972506276822,0.014798435656741904
B,wide,1.0,1.0,7,3,float64,2048,0.02704617193931085,記述的評価,4096,-0.0017015113643444335,0.02570807967867855,0.022843540439687504,0.059326171875,0.007080078125,0.0013380922606322995,0.0494743678933513
B,wide,1.0,1.0,7,3,float64,4096,0.019130339783990983,記述的評価,4096,-0.0013466303174602481,0.019489882615222907,0.023754758311501256,0.06201171875,0.00537109375,0.00035954283123192446,0.01879437768966362
B,wide,1.0,1.0,7,4,float64,0,1.0,記述的評価,4096,0.005759525337673766,0.9893914507816628,0.008311645034762005,0.06787109375,0.003662109375,0.010608549218337204,0.010608549218337204
B,wide,1.0,1.0,7,4,float64,1,0.7615941559557649,記述的評価,4096,-0.00629352167579969,0.7482109797992259,0.014014916325490567,0.060546875,0.00732421875,0.013383176156538945,0.017572582525588958
B,wide,1.0,1.0,7,4,float64,2,0.6420149920119997,記述的評価,4096,0.009159310154543722,0.6289252959559641,0.006861739242272402,0.06591796875,0.005615234375,0.013089696056035605,0.020388458554548752
B,wide,1.0,1.0,7,4,float64,4,0.5126146671514058,記述的評価,4096,0.0034278364930590676,0.5150266739788287,0.00970056722437962,0.067626953125,0.00634765625,0.00241200682742293,0.004705302017256795
B,wide,1.0,1.0,7,4,float64,8,0.39142072274619333,記述的評価,4096,0.00499167274612906,0.40609219530669316,0.009585315827771779,0.059326171875,0.007080078125,0.014671472560499832,0.037482615783766694
B,wide,1.0,1.0,7,4,float64,16,0.28962926538567413,記述的評価,4096,0.006747687999549411,0.2884079609293578,0.008368696846852042,0.064697265625,0.0068359375,0.0012213044563163522,0.004216785395253643
B,wide,1.0,1.0,7,4,float64,32,0.2101089594126972,記述的評価,4096,-0.0003127845143943963,0.2120255125056313,0.013019084283670934,0.0693359375,0.007080078125,0.0019165530929340924,0.00912171046056912
B,wide,1.0,1.0,7,4,float64,64,0.15066627585378273,記述的評価,4096,0.005863191587364815,0.15647620136962642,0.014420259909587063,0.065185546875,0.007080078125,0.005809925515843695,0.03856155256324288
B,wide,1.0,1.0,7,4,float64,128,0.10734286783392079,記述的評価,4096,0.0021025466125332323,0.10762355283614237,0.01124163232314851,0.06591796875,0.00390625,0.00028068500222158677,0.002614845381771039
B,wide,1.0,1.0,7,4,float64,256,0.0762074983703411,記述的評価,4096,0.0030885999287068545,0.0750931239934105,0.01604377439729865,0.06884765625,0.005615234375,0.0011143743769305992,0.014622896706504384
B,wide,1.0,1.0,7,4,float64,512,0.05400088741430396,記述的評価,4096,0.0004847241796034019,0.05429756892823586,0.008988097327590372,0.0537109375,0.005615234375,0.000296681513931904,0.0054940118234671435
B,wide,1.0,1.0,7,4,float64,1024,0.038226827737022365,記述的評価,4096,0.001348755611593699,0.03762118686424934,0.01458414216407461,0.067626953125,0.008056640625,0.000605640872773025,0.015843346378084804
B,wide,1.0,1.0,7,4,float64,2048,0.02704617193931085,記述的評価,4096,0.001146794428187966,0.02678487141024096,0.019219202500020516,0.063720703125,0.005859375,0.0002613005290698876,0.009661275897240551
B,wide,1.0,1.0,7,4,float64,4096,0.019130339783990983,記述的評価,4096,0.0003191974809969857,0.018818134750704422,0.013394995402958298,0.065185546875,0.009521484375,0.00031220503328656043,0.016319889600070032
B,wide,1.0,10.0,8,0,float64,0,10.0,記述的評価,4096,0.3599148109138551,10.014212119857662,0.013433727342271107,0.072509765625,0.0068359375,0.014212119857662131,0.0014212119857662131
B,wide,1.0,10.0,8,0,float64,1,0.9999999958776927,記述的評価,4096,-0.018570689740729795,1.0075007608941107,0.011241802895001984,0.063232421875,0.00732421875,0.007500765016417943,0.007500765047338401
B,wide,1.0,10.0,8,0,float64,2,0.7615941542245016,記述的評価,4096,-0.0005374414900661606,0.7794022193209087,0.011201339435714885,0.063232421875,0.00341796875,0.01780806509640709,0.023382617891205153
B,wide,1.0,10.0,8,0,float64,4,0.5662699752701404,記述的評価,4096,0.014087196977574271,0.5513143690987554,0.016433767512013753,0.065185546875,0.00537109375,0.014955606171385027,0.02641073485178235
B,wide,1.0,10.0,8,0,float64,8,0.4134767096389462,記述的評価,4096,-0.0022474240572315607,0.4241793220547642,0.009200596011489703,0.060302734375,0.005615234375,0.010702612415817991,0.02588443838871521
B,wide,1.0,10.0,8,0,float64,16,0.2981615347474698,記述的評価,4096,0.005078717397935981,0.2916733365880604,0.012432464573865598,0.06396484375,0.00634765625,0.006488198159409431,0.02176068138670087
B,wide,1.0,10.0,8,0,float64,32,0.21328533546233355,記述的評価,4096,0.0012366881273626036,0.20959176727042728,0.008408784453715623,0.068115234375,0.0048828125,0.003693568191906277,0.017317497163599253
B,wide,1.0,10.0,8,0,float64,64,0.15182211785216243,記述的評価,4096,0.004160998755662766,0.15432997480124916,0.013306499733115706,0.068603515625,0.009033203125,0.0025078569490867286,0.01651838997219606
B,wide,1.0,10.0,8,0,float64,128,0.10775802758887958,記述的評価,4096,-0.0022213911652608047,0.10994860973033505,0.010324681977081474,0.065185546875,0.00830078125,0.002190582141455469,0.020328714161445292
B,wide,1.0,10.0,8,0,float64,256,0.07635554169556236,記述的評価,4096,-0.0011271876152891087,0.07554822108089154,0.008646940971224426,0.06298828125,0.0048828125,0.0008073206146708145,0.010573176441988814
B,wide,1.0,10.0,8,0,float64,512,0.05405347003374761,記述的評価,4096,-0.0007309558381243849,0.05224860022438302,0.0132914332860109,0.062744140625,0.00732421875,0.0018048698093645898,0.03339045223623464
B,wide,1.0,10.0,8,0,float64,1024,0.038245464244496985,記述的評価,4096,0.0011503343876653003,0.0380621800172674,0.01384195610422767,0.071044921875,0.007080078125,0.00018328422722958815,0.004792312784017527
B,wide,1.0,10.0,8,0,float64,2048,0.027052769552090704,記述的評価,4096,0.00039042208658693475,0.02717799998106602,0.008220996750200105,0.056640625,0.004638671875,0.00012523042897531755,0.004629116761379407
B,wide,1.0,10.0,8,0,float64,4096,0.019132674006053868,記述的評価,4096,-5.733025196899304e-05,0.01830733612433945,0.015656371397688718,0.06396484375,0.00537109375,0.0008253378817144191,0.04313761272748753
B,wide,1.0,10.0,8,1,float64,0,10.0,記述的評価,4096,-0.26852150536206193,10.054658491424947,0.013827677902260083,0.0625,0.007568359375,0.05465849142494683,0.005465849142494683
B,wide,1.0,10.0,8,1,float64,1,0.9999999958776927,記述的評価,4096,0.01503429278205326,0.948062355027669,0.017889098493053757,0.060546875,0.005615234375,0.051937640850023725,0.05193764106412664
B,wide,1.0,10.0,8,1,float64,2,0.7615941542245016,記述的評価,4096,0.012172654972475633,0.741380884749294,0.012147269389949533,0.059326171875,0.00390625,0.02021326947520763,0.02654073611658683
B,wide,1.0,10.0,8,1,float64,4,0.5662699752701404,記述的評価,4096,-0.007174049740116461,0.5584028182553129,0.007844112469976072,0.064208984375,0.0078125,0.007867157014827542,0.0138929439285113
B,wide,1.0,10.0,8,1,float64,8,0.4134767096389462,記述的評価,4096,0.002292762274267509,0.40191314610831236,0.011229888929185916,0.057861328125,0.00341796875,0.011563563530633869,0.02796666235622156
B,wide,1.0,10.0,8,1,float64,16,0.2981615347474698,記述的評価,4096,-0.0025986141361491197,0.3023553569080666,0.012581154115089921,0.065185546875,0.005859375,0.004193822160596772,0.014065604284431798
B,wide,1.0,10.0,8,1,float64,32,0.21328533546233355,記述的評価,4096,0.0006292276140690541,0.22016415668481043,0.012683657738840282,0.07080078125,0.004150390625,0.0068788212224768774,0.03225173079792767
B,wide,1.0,10.0,8,1,float64,64,0.15182211785216243,記述的評価,4096,0.004319821191236407,0.1521007632493029,0.017729261686261433,0.063720703125,0.007568359375,0.0002786453971404812,0.001835341260433566
B,wide,1.0,10.0,8,1,float64,128,0.10775802758887958,記述的評価,4096,-0.0003074826953407874,0.1079810382788054,0.010242271356583399,0.063232421875,0.005126953125,0.00022301068992582052,0.00206955059326675
B,wide,1.0,10.0,8,1,float64,256,0.07635554169556236,記述的評価,4096,-0.0014332338013547969,0.07530157240398641,0.011130852326552754,0.066650390625,0.007080078125,0.0010539692915759458,0.013803442005273607
B,wide,1.0,10.0,8,1,float64,512,0.05405347003374761,記述的評価,4096,-0.0004392181975560873,0.054030186891334805,0.00831840124657568,0.063232421875,0.00390625,2.3283142412802715e-05,0.0004307427885437545
B,wide,1.0,10.0,8,1,float64,1024,0.038245464244496985,記述的評価,4096,-0.002023196836376099,0.03930520625497398,0.021817746578464026,0.063232421875,0.00537109375,0.0010597420104769967,0.027708959255984964
B,wide,1.0,10.0,8,1,float64,2048,0.027052769552090704,記述的評価,4096,-3.33389599679809e-05,0.026909884125242034,0.008300984898726771,0.065185546875,0.00634765625,0.00014288542684866984,0.005281730085843551
B,wide,1.0,10.0,8,1,float64,4096,0.019132674006053868,記述的評価,4096,0.0006358912276138968,0.01858681033665114,0.025032549440130503,0.0576171875,0.005859375,0.0005458636694027283,0.028530443221371396
B,wide,1.0,10.0,8,2,float64,0,10.0,記述的評価,4096,-0.36547198701001704,10.287557993972863,0.013698544085796849,0.061767578125,0.004150390625,0.28755799397286275,0.028755799397286275
B,wide,1.0,10.0,8,2,float64,1,0.9999999958776927,記述的評価,4096,-0.012125622947607693,0.9638068413762985,0.016917634868676146,0.062255859375,0.006591796875,0.036193154501394265,0.03619315465059357
B,wide,1.0,10.0,8,2,float64,2,0.7615941542245016,記述的評価,4096,0.007884499351188075,0.7367476398337076,0.011507491439087636,0.062744140625,0.006591796875,0.024846514390793994,0.032624350190941426
B,wide,1.0,10.0,8,2,float64,4,0.5662699752701404,記述的評価,4096,0.004048434474236612,0.5680224546412983,0.012987023740746673,0.071044921875,0.006591796875,0.0017524793711578557,0.0030947771340372253
B,wide,1.0,10.0,8,2,float64,8,0.4134767096389462,記述的評価,4096,-7.318465848693112e-05,0.416776387195295,0.009182800988922546,0.063720703125,0.005126953125,0.0032996775563487457,0.007980322662502735
B,wide,1.0,10.0,8,2,float64,16,0.2981615347474698,記述的評価,4096,-0.0056467547763771,0.28901725423011704,0.009249658851138598,0.057373046875,0.00390625,0.009144280517352776,0.03066888062907777
B,wide,1.0,10.0,8,2,float64,32,0.21328533546233355,記述的評価,4096,-0.00560425753205992,0.20907302378035536,0.013507502692429063,0.05712890625,0.0048828125,0.0042123116819781925,0.019749654484436375
B,wide,1.0,10.0,8,2,float64,64,0.15182211785216243,記述的評価,4096,-0.005606136025521381,0.14705951967128217,0.017319313255435898,0.06005859375,0.0048828125,0.004762598180880262,0.031369593892227654
B,wide,1.0,10.0,8,2,float64,128,0.10775802758887958,記述的評価,4096,-0.0011459967991620619,0.11074494328487888,0.009864050913133915,0.0625,0.006103515625,0.0029869156959993065,0.027718730222077215
B,wide,1.0,10.0,8,2,float64,256,0.07635554169556236,記述的評価,4096,-0.003521198526613714,0.07481135221631739,0.021492875500521147,0.0615234375,0.0048828125,0.0015441894792449645,0.0202236726366478
B,wide,1.0,10.0,8,2,float64,512,0.05405347003374761,記述的評価,4096,0.0012904508206124136,0.05410001906719666,0.012662511703389057,0.054931640625,0.005859375,4.654903344904898e-05,0.0008611664231729559
B,wide,1.0,10.0,8,2,float64,1024,0.038245464244496985,記述的評価,4096,-0.00032997961482618697,0.038670518574584464,0.010038031120571556,0.068359375,0.00732421875,0.0004250543300874793,0.011113849406302839
B,wide,1.0,10.0,8,2,float64,2048,0.027052769552090704,記述的評価,4096,0.0001345169553688399,0.0274982077129607,0.014793035363461104,0.067138671875,0.009033203125,0.00044543816086999727,0.016465528973375398
B,wide,1.0,10.0,8,2,float64,4096,0.019132674006053868,記述的評価,4096,-0.00018983023062527866,0.01970788079671798,0.01085992780983891,0.0673828125,0.006103515625,0.0005752067906641123,0.030064108680370977
B,wide,1.0,10.0,8,3,float64,0,10.0,記述的評価,4096,0.18465952085605988,10.036077435586709,0.01181709340046877,0.069091796875,0.00634765625,0.03607743558670862,0.003607743558670862
B,wide,1.0,10.0,8,3,float64,1,0.9999999958776927,記述的評価,4096,-0.035718921955044294,1.0259670280580582,0.015814632475330992,0.06298828125,0.006103515625,0.025967032180365446,0.02596703228740953
B,wide,1.0,10.0,8,3,float64,2,0.7615941542245016,記述的評価,4096,-0.014528183335636496,0.7519753851118756,0.012346399192932234,0.0673828125,0.006591796875,0.009618769112626047,0.012629783276659238
B,wide,1.0,10.0,8,3,float64,4,0.5662699752701404,記述的評価,4096,-0.011036045770310664,0.5545622984393707,0.01157850259116966,0.055908203125,0.005859375,0.011707676830769786,0.020675079629967334
B,wide,1.0,10.0,8,3,float64,8,0.4134767096389462,記述的評価,4096,-0.00046576070114499586,0.4104181446254608,0.011240880659965369,0.06396484375,0.007568359375,0.003058565013485448,0.007397188141881633
B,wide,1.0,10.0,8,3,float64,16,0.2981615347474698,記述的評価,4096,-0.002569563776566337,0.2783859352846842,0.01751539747552927,0.06201171875,0.008544921875,0.01977559946278562,0.0663251196353504
B,wide,1.0,10.0,8,3,float64,32,0.21328533546233355,記述的評価,4096,-0.009439442777773342,0.20768937664476803,0.020013284173520773,0.05908203125,0.004638671875,0.005595958817565527,0.026236960011504308
B,wide,1.0,10.0,8,3,float64,64,0.15182211785216243,記述的評価,4096,-0.001976355981697685,0.15817848731999268,0.013880704492271745,0.06884765625,0.006103515625,0.006356369467830247,0.041867216435617076
B,wide,1.0,10.0,8,3,float64,128,0.10775802758887958,記述的評価,4096,-0.0022750343005559703,0.10893480762973054,0.01282202594538484,0.065673828125,0.008544921875,0.0011767800408509638,0.010920578885692273
B,wide,1.0,10.0,8,3,float64,256,0.07635554169556236,記述的評価,4096,-0.002292275548427033,0.07659311387219404,0.01605259060079034,0.060546875,0.003173828125,0.00023757217663168684,0.0031113940305592005
B,wide,1.0,10.0,8,3,float64,512,0.05405347003374761,記述的評価,4096,-0.002168309650607594,0.054175356470080635,0.015413819710209276,0.064453125,0.008544921875,0.00012188643633302687,0.0022549234352008964
B,wide,1.0,10.0,8,3,float64,1024,0.038245464244496985,記述的評価,4096,-0.0005440771161793058,0.03750504044672405,0.008324822910615648,0.059326171875,0.005126953125,0.000740423797772935,0.019359780627567415
B,wide,1.0,10.0,8,3,float64,2048,0.027052769552090704,記述的評価,4096,-0.0003056394811812561,0.026745191975064406,0.007444199306803567,0.068603515625,0.005615234375,0.0003075775770262981,0.011369541164132963
B,wide,1.0,10.0,8,3,float64,4096,0.019132674006053868,記述的評価,4096,0.0006094498092016575,0.01996076566301941,0.016731933268452348,0.065673828125,0.00732421875,0.0008280916569655405,0.04328154322304973
B,wide,1.0,10.0,8,4,float64,0,10.0,記述的評価,4096,0.032024860390297144,9.908064488292247,0.009091544988435507,0.064697265625,0.007568359375,0.09193551170775294,0.009193551170775294
B,wide,1.0,10.0,8,4,float64,1,0.9999999958776927,記述的評価,4096,-0.010863252462031278,1.0118985414063442,0.007370662693652386,0.068115234375,0.0087890625,0.011898545528651439,0.0118985455777009
B,wide,1.0,10.0,8,4,float64,2,0.7615941542245016,記述的評価,4096,-0.02121045240864377,0.787945739585778,0.01520259072930591,0.072998046875,0.006591796875,0.026351585361276353,0.03460056148685783
B,wide,1.0,10.0,8,4,float64,4,0.5662699752701404,記述的評価,4096,-0.006361424631652757,0.5830799860872362,0.014628543561345464,0.0673828125,0.008056640625,0.016810010817095766,0.029685506121133316
B,wide,1.0,10.0,8,4,float64,8,0.4134767096389462,記述的評価,4096,0.0045170577273221605,0.4169731791361618,0.01457992242501216,0.06494140625,0.005859375,0.0034964694972155486,0.008456267102127024
B,wide,1.0,10.0,8,4,float64,16,0.2981615347474698,記述的評価,4096,-0.001270172225166275,0.28889869505004506,0.010390586735637142,0.061767578125,0.0048828125,0.009262839697424752,0.031066514683961446
B,wide,1.0,10.0,8,4,float64,32,0.21328533546233355,記述的評価,4096,0.0009482429513705522,0.20977187306483636,0.007486090911167975,0.05859375,0.0078125,0.003513462397497197,0.016473061262656186
B,wide,1.0,10.0,8,4,float64,64,0.15182211785216243,記述的評価,4096,7.014015366414262e-05,0.15271303363127114,0.009409178328384726,0.064208984375,0.00634765625,0.0008909157791087141,0.005868155389429147
B,wide,1.0,10.0,8,4,float64,128,0.10775802758887958,記述的評価,4096,1.5004672414575301e-05,0.10988803994064064,0.013628287802506911,0.07421875,0.00732421875,0.0021300123517610653,0.019766623419347724
B,wide,1.0,10.0,8,4,float64,256,0.07635554169556236,記述的評価,4096,-0.0008816914517647213,0.07581136741282976,0.008443220106346239,0.058837890625,0.004150390625,0.0005441742827325957,0.007126847254941577
B,wide,1.0,10.0,8,4,float64,512,0.05405347003374761,記述的評価,4096,0.00010324714206958076,0.05538442654181435,0.01832671503210037,0.06884765625,0.007568359375,0.0013309565080667426,0.02462296143496017
B,wide,1.0,10.0,8,4,float64,1024,0.038245464244496985,記述的評価,4096,-0.0003891426390172275,0.03885915872310987,0.01625209661031407,0.05859375,0.006591796875,0.0006136944786128834,0.016046202882768926
B,wide,1.0,10.0,8,4,float64,2048,0.027052769552090704,記述的評価,4096,-0.0012773543169868336,0.026975913844566775,0.02030616339037461,0.0595703125,0.00732421875,7.6855707523929e-05,0.0028409552440071487
B,wide,1.0,10.0,8,4,float64,4096,0.019132674006053868,記述的評価,4096,0.0001436856614923766,0.019092780590239118,0.007705568311571431,0.06201171875,0.00439453125,3.9893415814749866e-05,0.0020850935839980852
B,wide,1.01,0.1,9,0,float64,0,0.1,記述的評価,4096,-0.0015501788636426682,0.09974728541576089,0.012334413445843628,0.061279296875,0.005859375,0.0002527145842391165,0.0025271458423911652
B,wide,1.01,0.1,9,0,float64,1,0.10065796191775937,記述的評価,4096,-0.00155112617259032,0.10017836445359654,0.012770097199659491,0.0654296875,0.007080078125,0.00047959746416283144,0.004764625222142658
B,wide,1.01,0.1,9,0,float64,2,0.10131572620743455,記述的評価,4096,-0.0023206094927311046,0.10142689421793352,0.014905297197717049,0.06640625,0.006103515625,0.00011116801049897151,0.0010972433861981636
B,wide,1.01,0.1,9,0,float64,4,0.10263030760753115,記述的評価,4096,-0.0023672625008825873,0.10166018140693439,0.014996295364296586,0.070068359375,0.005859375,0.0009701262005967631,0.00945262879174664
B,wide,1.01,0.1,9,0,float64,8,0.10525318060132045,記述的評価,4096,-0.0026756326873306536,0.10440464982587608,0.016109929902184295,0.06396484375,0.005615234375,0.0008485307754443755,0.00806180649930621
B,wide,1.01,0.1,9,0,float64,16,0.11045358364945955,記述的評価,4096,-0.0021562069174087227,0.109028156920561,0.014206587003883664,0.06787109375,0.007568359375,0.0014254267288985462,0.012905210331810912
B,wide,1.01,0.1,9,0,float64,32,0.12051334231847025,記述的評価,4096,0.0010799712330076794,0.11921473980797417,0.010513710589667713,0.068115234375,0.0078125,0.001298602510496072,0.010775591196071608
B,wide,1.01,0.1,9,0,float64,64,0.1381628362051083,記述的評価,4096,0.000707079428913847,0.1344879944873205,0.013226082594962829,0.0576171875,0.00537109375,0.0036748417177878134,0.026597903015919293
B,wide,1.01,0.1,9,0,float64,128,0.15995805656643805,記述的評価,4096,0.004446888587872207,0.1593711929146147,0.021343524482421106,0.06396484375,0.008056640625,0.0005868636518233383,0.003668859602452012
B,wide,1.01,0.1,9,0,float64,256,0.1706586514092087,記述的評価,4096,-0.004398148757649973,0.16605215107776566,0.012339107606850808,0.06201171875,0.006591796875,0.004606500331443025,0.02699248056518077
B,wide,1.01,0.1,9,0,float64,512,0.17165566999179754,記述的評価,4096,0.015656288673560073,0.16849571449165862,0.03435175559584358,0.06396484375,0.0048828125,0.0031599555001389223,0.018408686996997645
B,wide,1.01,0.1,9,0,float64,1024,0.17166177905666566,記述的評価,4096,-0.0013687800461286517,0.18387045980256875,0.01353744484978825,0.063232421875,0.006103515625,0.012208680745903089,0.07112055352678709
B,wide,1.01,0.1,9,0,float64,2048,0.17166177927933338,記述的評価,4096,0.00914809289598538,0.16981987750679925,0.018083240648640087,0.06396484375,0.00927734375,0.001841901772534127,0.010729830369152397
B,wide,1.01,0.1,9,0,float64,4096,0.17166177927933338,記述的評価,4096,0.0002655150447049915,0.17413818085787755,0.009957563458988128,0.06298828125,0.00830078125,0.002476401578544174,0.014426050976172724
B,wide,1.01,0.1,9,1,float64,0,0.1,記述的評価,4096,0.0012850427246939682,0.10173297638459325,0.011302357556737475,0.06298828125,0.009033203125,0.0017329763845932433,0.017329763845932433
B,wide,1.01,0.1,9,1,float64,1,0.10065796191775937,記述的評価,4096,0.0012978938809008198,0.10269403085187478,0.011837326162204231,0.063232421875,0.0068359375,0.002036068934115412,0.02022759943996226
B,wide,1.01,0.1,9,1,float64,2,0.10131572620743455,記述的評価,4096,0.0007843377993687129,0.10301103272051147,0.010206750088122996,0.06689453125,0.00634765625,0.0016953065130769218,0.016732905902544084
B,wide,1.01,0.1,9,1,float64,4,0.10263030760753115,記述的評価,4096,0.0023957451991465095,0.10476371705091081,0.013608043924859814,0.0615234375,0.007080078125,0.002133409443379655,0.020787323872574096
B,wide,1.01,0.1,9,1,float64,8,0.10525318060132045,記述的評価,4096,0.002287733116000087,0.1080743949445141,0.014690035483145514,0.064208984375,0.00439453125,0.0028212143431936426,0.026804076865666226
B,wide,1.01,0.1,9,1,float64,16,0.11045358364945955,記述的評価,4096,0.00017128819247349167,0.11397512866052095,0.008613356515186799,0.0615234375,0.006103515625,0.0035215450110614027,0.03188257813560433
B,wide,1.01,0.1,9,1,float64,32,0.12051334231847025,記述的評価,4096,0.0014283876204312447,0.12489694569909796,0.014025067341372877,0.068115234375,0.0068359375,0.00438360338062771,0.036374423746737834
B,wide,1.01,0.1,9,1,float64,64,0.1381628362051083,記述的評価,4096,-0.0017249501085135608,0.1383228923353424,0.01293644599792948,0.06396484375,0.00732421875,0.00016005613023409304,0.001158460079644596
B,wide,1.01,0.1,9,1,float64,128,0.15995805656643805,記述的評価,4096,0.0067819068538568,0.16481810965124982,0.01841205120971079,0.068603515625,0.00830078125,0.004860053084811772,0.030383296653727253
B,wide,1.01,0.1,9,1,float64,256,0.1706586514092087,記述的評価,4096,-0.0009280823783248293,0.16597976313304688,0.013169566061096538,0.061279296875,0.005615234375,0.004678888276161808,0.027416648599564268
B,wide,1.01,0.1,9,1,float64,512,0.17165566999179754,記述的評価,4096,-0.006547826418793821,0.1724202147733201,0.01451370753922443,0.061279296875,0.008056640625,0.000764544781522547,0.004453944233587392
B,wide,1.01,0.1,9,1,float64,1024,0.17166177905666566,記述的評価,4096,-0.0002317926564856082,0.17198792753390207,0.01175469863586498,0.05810546875,0.007080078125,0.0003261484772364154,0.0018999481365549263
B,wide,1.01,0.1,9,1,float64,2048,0.17166177927933338,記述的評価,4096,0.002982733818710519,0.16940103386373034,0.015691204791082047,0.06103515625,0.005859375,0.0022607454156030327,0.013169765716597155
B,wide,1.01,0.1,9,1,float64,4096,0.17166177927933338,記述的評価,4096,0.003699379176290622,0.18012431762185807,0.019044264571212666,0.06201171875,0.00537109375,0.008462538342524695,0.049297743376842146
B,wide,1.01,0.1,9,2,float64,0,0.1,記述的評価,4096,-0.004557791230983183,0.09606441679540184,0.01864134644372828,0.056640625,0.00634765625,0.003935583204598164,0.03935583204598164
B,wide,1.01,0.1,9,2,float64,1,0.10065796191775937,記述的評価,4096,-0.0039593328952816295,0.09742846510516878,0.016875361663060695,0.0556640625,0.00634765625,0.0032294968125905904,0.03208386848950099
B,wide,1.01,0.1,9,2,float64,2,0.10131572620743455,記述的評価,4096,-0.004243314018396281,0.09802863937581661,0.017549834307179935,0.059326171875,0.003662109375,0.003287086831617936,0.03244399418198839
B,wide,1.01,0.1,9,2,float64,4,0.10263030760753115,記述的評価,4096,-0.004742994092516625,0.09940887982950433,0.01865173969927658,0.062255859375,0.005126953125,0.0032214277780268225,0.03138865948201085
B,wide,1.01,0.1,9,2,float64,8,0.10525318060132045,記述的評価,4096,-0.003288392181537563,0.10210977527647963,0.01351935860250264,0.05908203125,0.004150390625,0.003143405324840823,0.029865181335920477
B,wide,1.01,0.1,9,2,float64,16,0.11045358364945955,記述的評価,4096,-0.0036354647937586883,0.10829984563388642,0.014678208517864832,0.0576171875,0.00439453125,0.0021537380155731284,0.019499032484163917
B,wide,1.01,0.1,9,2,float64,32,0.12051334231847025,記述的評価,4096,-0.005720769838845961,0.11923202190126159,0.019176729781028357,0.05810546875,0.0068359375,0.001281320417208659,0.01063218721311889
B,wide,1.01,0.1,9,2,float64,64,0.1381628362051083,記述的評価,4096,-0.0022527137603050636,0.14056889175517995,0.008874581815817129,0.059326171875,0.005859375,0.002406055550071645,0.01741463635343848
B,wide,1.01,0.1,9,2,float64,128,0.15995805656643805,記述的評価,4096,-0.0012043587723432547,0.15935086510374408,0.009285371490333205,0.060546875,0.006591796875,0.0006071914626939734,0.003795941734524503
B,wide,1.01,0.1,9,2,float64,256,0.1706586514092087,記述的評価,4096,0.002583946000419647,0.17421294352745614,0.010138616007045798,0.064453125,0.003662109375,0.003554292118247454,0.020826908503600573
B,wide,1.01,0.1,9,2,float64,512,0.17165566999179754,記述的評価,4096,0.0047163123954395035,0.168636222153723,0.013447312738136041,0.064697265625,0.005615234375,0.003019447838074535,0.01759014332715498
B,wide,1.01,0.1,9,2,float64,1024,0.17166177905666566,記述的評価,4096,-0.0018752186867462006,0.17444589492304569,0.011040828782861056,0.064208984375,0.004150390625,0.002784115866380027,0.01621861244640246
B,wide,1.01,0.1,9,2,float64,2048,0.17166177927933338,記述的評価,4096,-0.005642967033643717,0.1731340211550802,0.0184049279459651,0.060791015625,0.00634765625,0.0014722418757468214,0.008576410438756689
B,wide,1.01,0.1,9,2,float64,4096,0.17166177927933338,記述的評価,4096,0.004496528637118904,0.1694220457906606,0.02039904848046642,0.06884765625,0.005615234375,0.0022397334886727627,0.013047362657404353
B,wide,1.01,0.1,9,3,float64,0,0.1,記述的評価,4096,0.002283848960842393,0.09854903418533881,0.019310528859078135,0.0654296875,0.003662109375,0.0014509658146611981,0.014509658146611981
B,wide,1.01,0.1,9,3,float64,1,0.10065796191775937,記述的評価,4096,0.0021010575217646262,0.09963741779463317,0.018944838013070564,0.067626953125,0.00634765625,0.001020544123126202,0.010138732234217275
B,wide,1.01,0.1,9,3,float64,2,0.10131572620743455,記述的評価,4096,0.0010652453249834037,0.1007736776653326,0.015647432193314104,0.063720703125,0.006591796875,0.00054204854210195,0.005350092847305421
B,wide,1.01,0.1,9,3,float64,4,0.10263030760753115,記述的評価,4096,0.0007274704962606177,0.10177522099906197,0.01441751839607408,0.06201171875,0.008056640625,0.0008550866084691827,0.008331716316578936
B,wide,1.01,0.1,9,3,float64,8,0.10525318060132045,記述的評価,4096,-0.00015933905025421457,0.10492786751851221,0.013152801562039684,0.06005859375,0.00439453125,0.0003253130828082401,0.003090767242849086
B,wide,1.01,0.1,9,3,float64,16,0.11045358364945955,記述的評価,4096,0.0020086045506445263,0.1110485330164681,0.018082673828713314,0.0634765625,0.0048828125,0.000594949367008546,0.005386419773365652
B,wide,1.01,0.1,9,3,float64,32,0.12051334231847025,記述的評価,4096,0.002083808065531465,0.12077849953400947,0.018904406409733843,0.07080078125,0.00634765625,0.00026515721553922733,0.002200231197957477
B,wide,1.01,0.1,9,3,float64,64,0.1381628362051083,記述的評価,4096,0.0024061417689538772,0.13894655525868432,0.017207398057219048,0.061279296875,0.007080078125,0.0007837190535760208,0.005672430264912615
B,wide,1.01,0.1,9,3,float64,128,0.15995805656643805,記述的評価,4096,-0.004210669331153058,0.15253270472988967,0.017644766992153338,0.05712890625,0.005126953125,0.007425351836548383,0.046420617979090584
B,wide,1.01,0.1,9,3,float64,256,0.1706586514092087,記述的評価,4096,-0.0007413679623995651,0.17296457830466644,0.008556908740843028,0.068115234375,0.008056640625,0.0023059268954577494,0.013511924982511156
B,wide,1.01,0.1,9,3,float64,512,0.17165566999179754,記述的評価,4096,0.002842850356070881,0.18231499199357717,0.0156650520012922,0.06689453125,0.00537109375,0.01065932200177963,0.06209711571012469
B,wide,1.01,0.1,9,3,float64,1024,0.17166177905666566,記述的評価,4096,-0.005621510336464188,0.17243162835029333,0.015479700551934816,0.068603515625,0.007080078125,0.0007698492936276669,0.004484686677827912
B,wide,1.01,0.1,9,3,float64,2048,0.17166177927933338,記述的評価,4096,-0.0018181735340184436,0.1628523409593039,0.017166917768781598,0.060302734375,0.004638671875,0.008809438320029478,0.051318577478417525
B,wide,1.01,0.1,9,3,float64,4096,0.17166177927933338,記述的評価,4096,0.00406517933849186,0.1645448932942536,0.013742129139720283,0.06298828125,0.0048828125,0.007116885985079785,0.04145876860275907
B,wide,1.01,0.1,9,4,float64,0,0.1,記述的評価,4096,-0.001104927135768163,0.10231370733232714,0.00964465863775904,0.062744140625,0.008056640625,0.002313707332327136,0.023137073323271362
B,wide,1.01,0.1,9,4,float64,1,0.10065796191775937,記述的評価,4096,-0.0019863414445268185,0.10311711341039811,0.010344234949157816,0.06396484375,0.007568359375,0.002459151492638742,0.024430769765117474
B,wide,1.01,0.1,9,4,float64,2,0.10131572620743455,記述的評価,4096,-0.001233654627444578,0.10315767028701209,0.009864765543640075,0.060546875,0.00732421875,0.0018419440795775371,0.01818023863152624
B,wide,1.01,0.1,9,4,float64,4,0.10263030760753115,記述的評価,4096,-0.0019876216564930216,0.10466612145788223,0.010487063092565752,0.060791015625,0.004638671875,0.0020358138503510786,0.019836380673594393
B,wide,1.01,0.1,9,4,float64,8,0.10525318060132045,記述的評価,4096,-0.0023252296617845983,0.10820950585329672,0.01126205507654121,0.058837890625,0.0048828125,0.002956325251976269,0.028087752171350348
B,wide,1.01,0.1,9,4,float64,16,0.11045358364945955,記述的評価,4096,-0.0044434472565152705,0.11250378206774009,0.018671043793332842,0.061279296875,0.00732421875,0.0020501984182805383,0.018561628790489407
B,wide,1.01,0.1,9,4,float64,32,0.12051334231847025,記述的評価,4096,-0.0019772849680491263,0.12112374957813835,0.010911226280383546,0.060546875,0.005126953125,0.0006104072596680998,0.00506505958531155
B,wide,1.01,0.1,9,4,float64,64,0.1381628362051083,記述的評価,4096,-0.0007052026123501203,0.1332595825782406,0.011090570502918895,0.0654296875,0.00634765625,0.004903253626867693,0.035488947401084145
B,wide,1.01,0.1,9,4,float64,128,0.15995805656643805,記述的評価,4096,-0.0012443439348352307,0.15611068335282596,0.011991492693310069,0.065185546875,0.00634765625,0.0038473732136120875,0.0240523878333949
B,wide,1.01,0.1,9,4,float64,256,0.1706586514092087,記述的評価,4096,0.0015639683917862287,0.16940596884965725,0.008701745393675964,0.06591796875,0.005615234375,0.001252682559551438,0.007340281604286974
B,wide,1.01,0.1,9,4,float64,512,0.17165566999179754,記述的評価,4096,0.0021593676970448747,0.17252810037885014,0.00747448801680739,0.0576171875,0.00634765625,0.0008724303870525918,0.005082444332274491
B,wide,1.01,0.1,9,4,float64,1024,0.17166177905666566,記述的評価,4096,-0.0013754290022722172,0.17462741267962897,0.008127204749946548,0.064208984375,0.0078125,0.002965633622963315,0.017276027542417336
B,wide,1.01,0.1,9,4,float64,2048,0.17166177927933338,記述的評価,4096,-0.00020462721703391458,0.17458211329733117,0.008201167584874769,0.065673828125,0.005859375,0.0029203340179977944,0.017012138813065292
B,wide,1.01,0.1,9,4,float64,4096,0.17166177927933338,記述的評価,4096,0.002081485907707043,0.1681801676027604,0.008657097192776186,0.068359375,0.005615234375,0.0034816116765729876,0.02028181049497105
B,wide,1.01,1.0,10,0,float64,0,1.0,記述的評価,4096,-0.0466326511730423,1.027633815735395,0.01689560306034421,0.061767578125,0.00537109375,0.02763381573539503,0.02763381573539503
B,wide,1.01,1.0,10,0,float64,1,0.7657620182484389,記述的評価,4096,-0.024037328212771908,0.7561426147438821,0.012613323798402076,0.06103515625,0.007080078125,0.009619403504556812,0.012561870757914704
B,wide,1.01,1.0,10,0,float64,2,0.6489135126096535,記述的評価,4096,-0.011641283849417164,0.6514582795041346,0.009208826713120177,0.057373046875,0.005126953125,0.002544766894481132,0.0039215809888858135
B,wide,1.01,1.0,10,0,float64,4,0.5234272412840689,記述的評価,4096,-0.012009560275264848,0.5358401772317665,0.013993664602820977,0.064453125,0.006591796875,0.012412935947697545,0.023714730469981266
B,wide,1.01,1.0,10,0,float64,8,0.40768731087236626,記述的評価,4096,-0.014531590999500403,0.4186425455786802,0.016705464696036676,0.067138671875,0.007568359375,0.010955234706313932,0.02687165976020201
B,wide,1.01,1.0,10,0,float64,16,0.31349999227344266,記述的評価,4096,-0.008816457922500812,0.31277128584614877,0.011782532950856184,0.0615234375,0.003662109375,0.0007287064272938903,0.0023244224728984813
B,wide,1.01,1.0,10,0,float64,32,0.24473033441966635,記述的評価,4096,-0.006127612566826481,0.24272872891159358,0.009827849817851675,0.060546875,0.00537109375,0.002001605508072768,0.008178820630549182
B,wide,1.01,1.0,10,0,float64,64,0.2006238457365202,記述的評価,4096,-0.009621419364601636,0.20040820584720287,0.01708339289340649,0.064697265625,0.007568359375,0.0002156398893173317,0.0010748467537629205
B,wide,1.01,1.0,10,0,float64,128,0.17844852308947398,記述的評価,4096,-0.008718988539688569,0.18322207205637864,0.016372280661452243,0.0634765625,0.004150390625,0.004773548966904656,0.026750285652469095
B,wide,1.01,1.0,10,0,float64,256,0.17216146239095712,記述的評価,4096,-0.005363196818056705,0.17567039581490926,0.014958517078498601,0.0654296875,0.0078125,0.003508933423952143,0.020381642762674696
B,wide,1.01,1.0,10,0,float64,512,0.17166478278129924,記述的評価,4096,-0.0008569924023780834,0.17053033815130447,0.010678244897412481,0.06787109375,0.008544921875,0.001134444629994763,0.006608487842495012
B,wide,1.01,1.0,10,0,float64,1024,0.17166177938879562,記述的評価,4096,-0.001847237493033667,0.17160103323685968,0.012156077534117238,0.0673828125,0.007080078125,6.0746151935936465e-05,0.000353871153801528
B,wide,1.01,1.0,10,0,float64,2048,0.1716617792793352,記述的評価,4096,-0.005467536923962445,0.16998854530139074,0.013613186507646369,0.0595703125,0.006103515625,0.0016732339779444716,0.009747271553219285
B,wide,1.01,1.0,10,0,float64,4096,0.1716617792793352,記述的評価,4096,-0.0018426150697530177,0.17347584381058279,0.009197449590270135,0.065673828125,0.005859375,0.0018140645312475778,0.010567667065221643
B,wide,1.01,1.0,10,1,float64,0,1.0,記述的評価,4096,0.019209214674074986,0.9909039473417645,0.009160655016650976,0.067138671875,0.007568359375,0.009096052658235543,0.009096052658235543
B,wide,1.01,1.0,10,1,float64,1,0.7657620182484389,記述的評価,4096,-0.013237205706255398,0.7613537896977023,0.01646081430518387,0.05908203125,0.005615234375,0.004408228550736637,0.0057566560441581725
B,wide,1.01,1.0,10,1,float64,2,0.6489135126096535,記述的評価,4096,0.0014135917709793143,0.643003832343799,0.010134722123473328,0.0595703125,0.00390625,0.005909680265854478,0.009107038381876598
B,wide,1.01,1.0,10,1,float64,4,0.5234272412840689,記述的評価,4096,0.0048305456845166034,0.5206549999548645,0.010263992013092471,0.062255859375,0.00732421875,0.0027722413292043946,0.005296326042189831
B,wide,1.01,1.0,10,1,float64,8,0.40768731087236626,記述的評価,4096,-0.0077738042431089276,0.40338424379907256,0.008823771573656436,0.05859375,0.00634765625,0.004303067073293698,0.010554822184889756
B,wide,1.01,1.0,10,1,float64,16,0.31349999227344266,記述的評価,4096,-0.003116974973207522,0.3189069209338148,0.009464547370252374,0.0625,0.00634765625,0.005406928660372123,0.017246981797868953
B,wide,1.01,1.0,10,1,float64,32,0.24473033441966635,記述的評価,4096,0.0002528399818349486,0.23625730434125247,0.010505775617498825,0.060302734375,0.007080078125,0.008473030078413879,0.03462190373132998
B,wide,1.01,1.0,10,1,float64,64,0.2006238457365202,記述的評価,4096,-0.007035582325744207,0.20625910179838272,0.018757024613865747,0.062255859375,0.00537109375,0.00563525606186252,0.028088665338732048
B,wide,1.01,1.0,10,1,float64,128,0.17844852308947398,記述的評価,4096,0.0011434756482639691,0.18013267575610786,0.014401385327710292,0.061767578125,0.006103515625,0.0016841526666338813,0.00943775066039324
B,wide,1.01,1.0,10,1,float64,256,0.17216146239095712,記述的評価,4096,0.0058271003012180635,0.17569962778282294,0.012149463780512293,0.0634765625,0.00732421875,0.0035381653918658273,0.020551436673040664
B,wide,1.01,1.0,10,1,float64,512,0.17166478278129924,記述的評価,4096,0.009736414373132853,0.1676219412038383,0.018598199826658335,0.065185546875,0.007080078125,0.004042841577460932,0.023550791909436125
B,wide,1.01,1.0,10,1,float64,1024,0.17166177938879562,記述的評価,4096,-0.0005851024333362828,0.17799377745036019,0.009155718024323745,0.061767578125,0.005615234375,0.006331998061564564,0.03688647574381286
B,wide,1.01,1.0,10,1,float64,2048,0.1716617792793352,記述的評価,4096,0.0006880192102250921,0.175226734447983,0.015473334145155948,0.0654296875,0.004150390625,0.0035649551686477987,0.02076732038788177
B,wide,1.01,1.0,10,1,float64,4096,0.1716617792793352,記述的評価,4096,-0.00026473721235846374,0.17545405435709321,0.00605279158789318,0.062255859375,0.006103515625,0.003792275077758006,0.02209155173433836
B,wide,1.01,1.0,10,2,float64,0,1.0,記述的評価,4096,-0.029859489741572744,0.9827130190386268,0.01543000940909256,0.0595703125,0.005615234375,0.017286980961373155,0.017286980961373155
B,wide,1.01,1.0,10,2,float64,1,0.7657620182484389,記述的評価,4096,-0.014622481151799043,0.7269756887705234,0.014313975966837478,0.0576171875,0.005615234375,0.03878632947791549,0.05065063107547847
B,wide,1.01,1.0,10,2,float64,2,0.6489135126096535,記述的評価,4096,-0.027876158899188513,0.6399083437907858,0.018684300111042718,0.064208984375,0.007080078125,0.009005168818867704,0.01387730205008793
B,wide,1.01,1.0,10,2,float64,4,0.5234272412840689,記述的評価,4096,-0.011634013747192338,0.5300179653262398,0.013168233422207076,0.0654296875,0.0068359375,0.00659072404217087,0.012591480768181918
B,wide,1.01,1.0,10,2,float64,8,0.40768731087236626,記述的評価,4096,0.0009461575460945235,0.38105843341565926,0.015330391519856545,0.0634765625,0.004638671875,0.026628877456707,0.06531691506347531
B,wide,1.01,1.0,10,2,float64,16,0.31349999227344266,記述的評価,4096,-0.0006267078803956525,0.3074597329837572,0.013880272000935168,0.062255859375,0.005859375,0.00604025928968549,0.019267175242597846
B,wide,1.01,1.0,10,2,float64,32,0.24473033441966635,記述的評価,4096,-0.002804305959481866,0.24002747083083933,0.010398981442470978,0.0615234375,0.007568359375,0.0047028635888270165,0.019216512738312583
B,wide,1.01,1.0,10,2,float64,64,0.2006238457365202,記述的評価,4096,0.0011447759922751928,0.19706671566662545,0.012253516833674427,0.063720703125,0.007568359375,0.0035571300698947483,0.017730345347712735
B,wide,1.01,1.0,10,2,float64,128,0.17844852308947398,記述的評価,4096,-0.00040181825789879593,0.17432659992084287,0.007654124158429587,0.069091796875,0.004638671875,0.004121923168631109,0.023098667880621118
B,wide,1.01,1.0,10,2,float64,256,0.17216146239095712,記述的評価,4096,0.0040760043439343014,0.17138143002991496,0.016344329797229107,0.063232421875,0.004638671875,0.0007800323610421545,0.004530818629263259
B,wide,1.01,1.0,10,2,float64,512,0.17166478278129924,記述的評価,4096,-0.005316511330867535,0.17581886501394137,0.01411417505467355,0.071533203125,0.00830078125,0.004154082232642131,0.02419880283735557
B,wide,1.01,1.0,10,2,float64,1024,0.17166177938879562,記述的評価,4096,0.003595891532060409,0.17115982595351675,0.014083004816015654,0.056884765625,0.006103515625,0.0005019534352788679,0.0029240838412958364
B,wide,1.01,1.0,10,2,float64,2048,0.1716617792793352,記述的評価,4096,-0.0007001809055417285,0.17557585281534197,0.009078641841028745,0.06591796875,0.005615234375,0.003914073536006757,0.022801077516723237
B,wide,1.01,1.0,10,2,float64,4096,0.1716617792793352,記述的評価,4096,-0.0011631218929981043,0.1759004047729708,0.009304335244541662,0.070556640625,0.007568359375,0.0042386254936356005,0.024691725271810985
B,wide,1.01,1.0,10,3,float64,0,1.0,記述的評価,4096,0.0025548386265255903,0.9829049626842952,0.010583086205990133,0.060791015625,0.00634765625,0.01709503731570483,0.01709503731570483
B,wide,1.01,1.0,10,3,float64,1,0.7657620182484389,記述的評価,4096,0.02691883487261562,0.7665152112136682,0.017483427654784833,0.067138671875,0.006591796875,0.0007531929652292435,0.0009835862151429955
B,wide,1.01,1.0,10,3,float64,2,0.6489135126096535,記述的評価,4096,0.0026062028696347116,0.6317250117473647,0.013221565500054044,0.056640625,0.006591796875,0.017188500862288736,0.02648812288276124
B,wide,1.01,1.0,10,3,float64,4,0.5234272412840689,記述的評価,4096,-0.006886544291224516,0.5129718200342945,0.010634738200492433,0.059326171875,0.00390625,0.010455421249774388,0.019974927602402208
B,wide,1.01,1.0,10,3,float64,8,0.40768731087236626,記述的評価,4096,0.00010733228913839307,0.4055931003937129,0.00828593396753391,0.060546875,0.005126953125,0.00209421047865338,0.005136805641981361
B,wide,1.01,1.0,10,3,float64,16,0.31349999227344266,記述的評価,4096,-0.0019107700989438102,0.3197397854002122,0.01031175412393065,0.062255859375,0.006103515625,0.006239793126769533,0.019903646827930468
B,wide,1.01,1.0,10,3,float64,32,0.24473033441966635,記述的評価,4096,-0.0014291342741099577,0.24815227256758665,0.008030106355303657,0.0625,0.006103515625,0.0034219381479203004,0.013982484664333937
B,wide,1.01,1.0,10,3,float64,64,0.2006238457365202,記述的評価,4096,-7.083819714942449e-05,0.19502370292145144,0.014565990528514372,0.064697265625,0.008544921875,0.005600142815068765,0.027913645033120573
B,wide,1.01,1.0,10,3,float64,128,0.17844852308947398,記述的評価,4096,-0.0011332459718606802,0.1709433022283103,0.011774275223618513,0.063720703125,0.00634765625,0.007505220861163675,0.04205818423837872
B,wide,1.01,1.0,10,3,float64,256,0.17216146239095712,記述的評価,4096,-0.005975082999490329,0.1705921406028189,0.012670965813616986,0.06689453125,0.005615234375,0.001569321788138206,0.009115406934534935
B,wide,1.01,1.0,10,3,float64,512,0.17166478278129924,記述的評価,4096,-0.002880826191497212,0.17495570271257882,0.011752367055063218,0.0673828125,0.0068359375,0.0032909199312795845,0.01917061774675248
B,wide,1.01,1.0,10,3,float64,1024,0.17166177938879562,記述的評価,4096,-0.0012403507884358482,0.1693815438260916,0.01100201297510045,0.060546875,0.00634765625,0.002280235562704014,0.01328330377806188
B,wide,1.01,1.0,10,3,float64,2048,0.1716617792793352,記述的評価,4096,0.008384985729245465,0.16926076907587478,0.01944596793043818,0.0654296875,0.01025390625,0.002401010203460424,0.01398686541372381
B,wide,1.01,1.0,10,3,float64,4096,0.1716617792793352,記述的評価,4096,-0.0015718274505062814,0.17347046019278006,0.007190957143850429,0.06396484375,0.0068359375,0.0018086809134448545,0.010536305291940924
B,wide,1.01,1.0,10,4,float64,0,1.0,記述的評価,4096,-0.022288769079482882,0.9651024948862279,0.01069243103695805,0.057861328125,0.005859375,0.0348975051137721,0.0348975051137721
B,wide,1.01,1.0,10,4,float64,1,0.7657620182484389,記述的評価,4096,-0.02554780300332092,0.7581455866846898,0.01288530168836921,0.06884765625,0.00732421875,0.0076164315637491375,0.009946212246424203
B,wide,1.01,1.0,10,4,float64,2,0.6489135126096535,記述的評価,4096,-0.020979923374104138,0.6635140401205006,0.012396555062988979,0.067626953125,0.008056640625,0.014600527510847172,0.02249995912726501
B,wide,1.01,1.0,10,4,float64,4,0.5234272412840689,記述的評価,4096,-0.02182457994852885,0.5358060378129159,0.014924100596029222,0.0615234375,0.0048828125,0.012378796528846991,0.02364950761538393
B,wide,1.01,1.0,10,4,float64,8,0.40768731087236626,記述的評価,4096,-0.00939321539289301,0.43354288665449847,0.014957243586776192,0.067626953125,0.00634765625,0.025855575782132212,0.06342011412326433
B,wide,1.01,1.0,10,4,float64,16,0.31349999227344266,記述的評価,4096,-0.004276938104045629,0.321319874139728,0.010080024574644186,0.065185546875,0.00634765625,0.00781988186628535,0.0249438024211007
B,wide,1.01,1.0,10,4,float64,32,0.24473033441966635,記述的評価,4096,-0.004922655662798217,0.2349283751723641,0.009921542453843024,0.060546875,0.004638671875,0.009801959247302261,0.0400520812859012
B,wide,1.01,1.0,10,4,float64,64,0.2006238457365202,記述的評価,4096,0.00035846693169183164,0.19190666258460762,0.016814036475703897,0.064208984375,0.0048828125,0.008717183151912583,0.04345038407528526
B,wide,1.01,1.0,10,4,float64,128,0.17844852308947398,記述的評価,4096,-0.00945827238437404,0.1783843159275148,0.020361126916573213,0.0595703125,0.0068359375,6.420716195917886e-05,0.0003598077521044286
B,wide,1.01,1.0,10,4,float64,256,0.17216146239095712,記述的評価,4096,-0.008366910304651975,0.17204448497412106,0.02353670035527955,0.065673828125,0.00439453125,0.000116977416836056,0.0006794634246914965
B,wide,1.01,1.0,10,4,float64,512,0.17166478278129924,記述的評価,4096,-0.005489559812353212,0.1752390971757098,0.011959113943520006,0.058349609375,0.0048828125,0.003574314394410555,0.020821477396235823
B,wide,1.01,1.0,10,4,float64,1024,0.17166177938879562,記述的評価,4096,-0.0018224466205790722,0.17136116167151427,0.012255650468728896,0.060791015625,0.0048828125,0.00030061771728134845,0.0017512210251559922
B,wide,1.01,1.0,10,4,float64,2048,0.1716617792793352,記述的評価,4096,-0.003950425370993523,0.1796141524220911,0.020950817550342393,0.062744140625,0.005859375,0.007952373142755903,0.04632582265045424
B,wide,1.01,1.0,10,4,float64,4096,0.1716617792793352,記述的評価,4096,-0.003477820206083807,0.160931661795792,0.019080044975398835,0.058349609375,0.00439453125,0.010730117483543217,0.06250731833603287
B,wide,1.01,10.0,11,0,float64,0,10.0,記述的評価,4096,0.40071206808557713,10.027498393791092,0.018779858030391894,0.0595703125,0.006103515625,0.027498393791091758,0.002749839379109176
B,wide,1.01,10.0,11,0,float64,1,0.9999999966249403,記述的評価,4096,-0.0017237324554498358,0.9630084176086134,0.011673584589350305,0.060791015625,0.00732421875,0.03699157901632688,0.036991579141175665
B,wide,1.01,10.0,11,0,float64,2,0.765762016838526,記述的評価,4096,-0.02856291903099565,0.7386533512000305,0.02259996586954227,0.064697265625,0.006103515625,0.027108665638495455,0.035400901379797456
B,wide,1.01,10.0,11,0,float64,4,0.5752957589415675,記述的評価,4096,0.008302981682031915,0.5631356910180723,0.006214745074446304,0.068115234375,0.007568359375,0.012160067923495221,0.021137072079007477
B,wide,1.01,10.0,11,0,float64,8,0.42854888354064335,記述的評価,4096,0.007160480547302649,0.4304852746126372,0.011553068420848689,0.0703125,0.007568359375,0.001936391071993837,0.004518483529802944
B,wide,1.01,10.0,11,0,float64,16,0.32121008249022315,記述的評価,4096,0.0037994129648326446,0.3274500163687143,0.010058243898057428,0.071044921875,0.00830078125,0.006239933878491144,0.019426332542600285
B,wide,1.01,10.0,11,0,float64,32,0.24732640004788087,記述的評価,4096,0.00322397782885132,0.24814794015941616,0.008551873348766947,0.07275390625,0.00634765625,0.0008215401115352905,0.003321683861392255
B,wide,1.01,10.0,11,0,float64,64,0.201368790016487,記述的評価,4096,0.006508645871195925,0.20842150830496387,0.01633298513997994,0.065673828125,0.0048828125,0.007052718288476867,0.03502388968965562
B,wide,1.01,10.0,11,0,float64,128,0.17859378405200535,記述的評価,4096,-0.0030943960132973755,0.1832630132454327,0.012983630970772042,0.062744140625,0.0068359375,0.004669229193427354,0.0261444104463776
B,wide,1.01,10.0,11,0,float64,256,0.17217158154005913,記述的評価,4096,0.002085072819696649,0.17251762169806498,0.016004693571409656,0.057861328125,0.0048828125,0.0003460401580058503,0.0020098564171308216
B,wide,1.01,10.0,11,0,float64,512,0.17166484333614576,記述的評価,4096,0.00012142899606896837,0.17035730015127576,0.009104317125506634,0.06591796875,0.006103515625,0.0013075431848700025,0.0076168373177589715
B,wide,1.01,10.0,11,0,float64,1024,0.17166177939100247,記述的評価,4096,0.0026640603249183524,0.17485554605883322,0.011549496616986565,0.0712890625,0.00634765625,0.0031937666678307497,0.018604995702369776
B,wide,1.01,10.0,11,0,float64,2048,0.1716617792793352,記述的評価,4096,0.0018204985955461836,0.1759405000548822,0.011773982927855586,0.068359375,0.00634765625,0.004278720775547001,0.024925296670637954
B,wide,1.01,10.0,11,0,float64,4096,0.1716617792793352,記述的評価,4096,-0.002324778895864049,0.175093507554008,0.014415958834272824,0.072509765625,0.008056640625,0.0034317282746727795,0.01999121929808573
B,wide,1.01,10.0,11,1,float64,0,10.0,記述的評価,4096,-0.16041167576181953,9.766825829364835,0.017699278247292227,0.06982421875,0.007568359375,0.23317417063516466,0.023317417063516466
B,wide,1.01,10.0,11,1,float64,1,0.9999999966249403,記述的評価,4096,-0.007509646718020031,1.0170875979046543,0.01248567891625263,0.05908203125,0.0068359375,0.017087601279713982,0.017087601337385655
B,wide,1.01,10.0,11,1,float64,2,0.765762016838526,記述的評価,4096,-0.026492238897745442,0.7800476984420976,0.016403153887032285,0.069580078125,0.00634765625,0.014285681603571687,0.018655510836840146
B,wide,1.01,10.0,11,1,float64,4,0.5752957589415675,記述的評価,4096,0.005990041640838581,0.5756699616375232,0.01027395544719778,0.055908203125,0.0048828125,0.0003742026959556721,0.0006504527282525643
B,wide,1.01,10.0,11,1,float64,8,0.42854888354064335,記述的評価,4096,-0.010879824602100085,0.4268407120935135,0.014921436176950964,0.06591796875,0.00732421875,0.0017081714471298692,0.003985943057457218
B,wide,1.01,10.0,11,1,float64,16,0.32121008249022315,記述的評価,4096,0.0021459929597361337,0.31450895155311526,0.009335845538396281,0.0654296875,0.0078125,0.006701130937107891,0.020862143819261516
B,wide,1.01,10.0,11,1,float64,32,0.24732640004788087,記述的評価,4096,0.007565953475274143,0.24019021193345308,0.013357418714079528,0.062255859375,0.0068359375,0.007136188114427788,0.028853321412701055
B,wide,1.01,10.0,11,1,float64,64,0.201368790016487,記述的評価,4096,0.005787927258534687,0.20216754122878006,0.014973576906708752,0.060791015625,0.005615234375,0.0007987512122930585,0.003966608788917394
B,wide,1.01,10.0,11,1,float64,128,0.17859378405200535,記述的評価,4096,0.0017232515439764644,0.17891492143006898,0.00746018837223017,0.0625,0.007568359375,0.00032113737806363507,0.001798144206240246
B,wide,1.01,10.0,11,1,float64,256,0.17217158154005913,記述的評価,4096,-0.0051514194538946735,0.16725955322103986,0.020198149844485203,0.062255859375,0.00732421875,0.004912028319019268,0.028529843747043628
B,wide,1.01,10.0,11,1,float64,512,0.17166484333614576,記述的評価,4096,-0.006249348651600919,0.16888787213466805,0.015763536522816812,0.070068359375,0.0068359375,0.0027769712014777126,0.01617670308905349
B,wide,1.01,10.0,11,1,float64,1024,0.17166177939100247,記述的評価,4096,-0.001856023942720688,0.17097170692819189,0.007824992508023543,0.0595703125,0.008056640625,0.0006900724628105814,0.004019954035538508
B,wide,1.01,10.0,11,1,float64,2048,0.1716617792793352,記述的評価,4096,0.0020794702698351403,0.1619528666774936,0.013693547965386577,0.056640625,0.00927734375,0.009708912601841618,0.05655838266736634
B,wide,1.01,10.0,11,1,float64,4096,0.1716617792793352,記述的評価,4096,0.0049471600195948266,0.17513385006001836,0.016169584498399336,0.06982421875,0.005615234375,0.0034720707806831508,0.020226230878297332
B,wide,1.01,10.0,11,2,float64,0,10.0,記述的評価,4096,0.20089247768789859,9.920289901367507,0.007701207275489952,0.066162109375,0.006591796875,0.07971009863249279,0.007971009863249279
B,wide,1.01,10.0,11,2,float64,1,0.9999999966249403,記述的評価,4096,0.004404197116233688,1.0009712484418964,0.010061686776654866,0.064208984375,0.00537109375,0.0009712518169561202,0.0009712518202341531
B,wide,1.01,10.0,11,2,float64,2,0.765762016838526,記述的評価,4096,-0.044302004015015536,0.7760861304288195,0.02157523469861683,0.06640625,0.007080078125,0.010324113590293504,0.01348214375128836
B,wide,1.01,10.0,11,2,float64,4,0.5752957589415675,記述的評価,4096,0.012230856911468108,0.5891221912923168,0.014768840738741074,0.063720703125,0.00732421875,0.013826432350749318,0.024033607298248244
B,wide,1.01,10.0,11,2,float64,8,0.42854888354064335,記述的評価,4096,0.009667020773680843,0.4276664602094059,0.01386589135241656,0.06787109375,0.005859375,0.0008824233312374474,0.002059096091785195
B,wide,1.01,10.0,11,2,float64,16,0.32121008249022315,記述的評価,4096,0.005471029550990682,0.32834282102845935,0.013113637081959895,0.064453125,0.009033203125,0.007132738538236205,0.022205836388878946
B,wide,1.01,10.0,11,2,float64,32,0.24732640004788087,記述的評価,4096,-0.01002760441228601,0.25212456484861356,0.01996914166235486,0.0615234375,0.00634765625,0.004798164800732696,0.019400131970561174
B,wide,1.01,10.0,11,2,float64,64,0.201368790016487,記述的評価,4096,0.004834874035824659,0.20964097643070911,0.010266611380875146,0.0634765625,0.0078125,0.008272186414222116,0.04107978407947346
B,wide,1.01,10.0,11,2,float64,128,0.17859378405200535,記述的評価,4096,0.00041213829225442145,0.1773380258367359,0.005552210454434436,0.066162109375,0.004638671875,0.0012557582152694369,0.007031365743971068
B,wide,1.01,10.0,11,2,float64,256,0.17217158154005913,記述的評価,4096,-0.0020919076295698837,0.17272227200110835,0.01226601138783151,0.06640625,0.005615234375,0.0005506904610492191,0.003198498010666703
B,wide,1.01,10.0,11,2,float64,512,0.17166484333614576,記述的評価,4096,-0.00046305183277244293,0.16952207312328688,0.009479330646254391,0.060302734375,0.005859375,0.0021427702128588855,0.01248228915843308
B,wide,1.01,10.0,11,2,float64,1024,0.17166177939100247,記述的評価,4096,0.00463399016693969,0.17711584340965936,0.013162465261084777,0.06396484375,0.004638671875,0.00545406401865689,0.03177215125001064
B,wide,1.01,10.0,11,2,float64,2048,0.1716617792793352,記述的評価,4096,0.002789775116146786,0.17552839903325462,0.009258487002822113,0.067138671875,0.0068359375,0.0038666197539194147,0.02252463984791565
B,wide,1.01,10.0,11,2,float64,4096,0.1716617792793352,記述的評価,4096,3.617947047751647e-05,0.17418414297554116,0.008821924428111139,0.074462890625,0.006103515625,0.0025223636962059537,0.014693799090253272
B,wide,1.01,10.0,11,3,float64,0,10.0,記述的評価,4096,0.12887479896317464,9.741160445953081,0.014694505625105492,0.060791015625,0.006591796875,0.2588395540469186,0.02588395540469186
B,wide,1.01,10.0,11,3,float64,1,0.9999999966249403,記述的評価,4096,0.005914235699779873,1.0209876044978927,0.013037618723283462,0.070556640625,0.00732421875,0.020987607872952396,0.020987607943786825
B,wide,1.01,10.0,11,3,float64,2,0.765762016838526,記述的評価,4096,-0.05129443981601207,0.8075893681843571,0.030109432314647466,0.07177734375,0.007080078125,0.041827351345831154,0.054621867402769295
B,wide,1.01,10.0,11,3,float64,4,0.5752957589415675,記述的評価,4096,0.006350319897379908,0.5865327180747528,0.01268144044024222,0.069580078125,0.00634765625,0.011236959133185342,0.019532490824996113
B,wide,1.01,10.0,11,3,float64,8,0.42854888354064335,記述的評価,4096,0.01275134360357747,0.45178146277036973,0.02289863484875887,0.06982421875,0.005859375,0.02323257922972638,0.05421220337288083
B,wide,1.01,10.0,11,3,float64,16,0.32121008249022315,記述的評価,4096,0.010024354604085309,0.3340755351047344,0.017810555196442923,0.071533203125,0.00634765625,0.012865452614511275,0.040053078392714735
B,wide,1.01,10.0,11,3,float64,32,0.24732640004788087,記述的評価,4096,-0.002276833845647111,0.2366439054413404,0.020918622317379842,0.057861328125,0.005126953125,0.010682494606540471,0.043191889763779384
B,wide,1.01,10.0,11,3,float64,64,0.201368790016487,記述的評価,4096,-0.0004735605428204891,0.18894531721137717,0.02355659725136383,0.062744140625,0.007080078125,0.012423472805109831,0.061695125665167196
B,wide,1.01,10.0,11,3,float64,128,0.17859378405200535,記述的評価,4096,0.004548991946381314,0.176679926339051,0.010277934902282126,0.062255859375,0.005126953125,0.0019138577129543533,0.010716261616345226
B,wide,1.01,10.0,11,3,float64,256,0.17217158154005913,記述的評価,4096,-0.004437545065849582,0.17762678280421473,0.011959474993190944,0.070556640625,0.009033203125,0.005455201264155607,0.031684678826548074
B,wide,1.01,10.0,11,3,float64,512,0.17166484333614576,記述的評価,4096,0.004606333502549266,0.17028361482155085,0.01555336206369462,0.066162109375,0.0068359375,0.0013812285145949066,0.008046076807295084
B,wide,1.01,10.0,11,3,float64,1024,0.17166177939100247,記述的評価,4096,-0.004807093389294306,0.1743337008044789,0.015000394643752135,0.067138671875,0.005859375,0.0026719214134764413,0.015565033887889946
B,wide,1.01,10.0,11,3,float64,2048,0.1716617792793352,記述的評価,4096,-0.0042153713409129046,0.17781813827252696,0.013701853932483354,0.065185546875,0.006103515625,0.006156358993191752,0.03586330643336667
B,wide,1.01,10.0,11,3,float64,4096,0.1716617792793352,記述的評価,4096,0.00040775186641041654,0.17305419088777607,0.010533424496154242,0.063232421875,0.005615234375,0.0013924116084408633,0.008111366515519294
B,wide,1.01,10.0,11,4,float64,0,10.0,記述的評価,4096,0.0980022058799385,9.915546710042555,0.010017853284467915,0.058837890625,0.0068359375,0.08445328995744461,0.008445328995744461
B,wide,1.01,10.0,11,4,float64,1,0.9999999966249403,記述的評価,4096,0.021042991943111496,1.0228188398495037,0.01680224119912843,0.06689453125,0.00537109375,0.0228188432245634,0.022818843301578358
B,wide,1.01,10.0,11,4,float64,2,0.765762016838526,記述的評価,4096,0.06298634727757133,0.8098585847426314,0.02945870998963135,0.0673828125,0.0078125,0.04409656790410543,0.05758521176874192
B,wide,1.01,10.0,11,4,float64,4,0.5752957589415675,記述的評価,4096,0.004156439470281189,0.5840263628563322,0.009433466395087242,0.06689453125,0.006591796875,0.008730603914764767,0.015175853079166416
B,wide,1.01,10.0,11,4,float64,8,0.42854888354064335,記述的評価,4096,0.006580883542150652,0.4314976813587669,0.011912965080544125,0.068359375,0.0078125,0.002948797818123572,0.006880890212012207
B,wide,1.01,10.0,11,4,float64,16,0.32121008249022315,記述的評価,4096,0.010807467399816865,0.3250310311305261,0.015694068227821933,0.060302734375,0.005859375,0.003820948640302968,0.011895481644537943
B,wide,1.01,10.0,11,4,float64,32,0.24732640004788087,記述的評価,4096,0.010246875106712383,0.25520107956410437,0.016928740292973865,0.0625,0.00732421875,0.007874679516223504,0.03183921940682036
B,wide,1.01,10.0,11,4,float64,64,0.201368790016487,記述的評価,4096,0.005700824748020363,0.20052381502167238,0.015508236317588242,0.06884765625,0.005126953125,0.0008449749948146179,0.0041961566871680355
B,wide,1.01,10.0,11,4,float64,128,0.17859378405200535,記述的評価,4096,0.003123451705696562,0.18005601995260162,0.01653906691931284,0.0654296875,0.007568359375,0.0014622359005962704,0.008187496045049793
B,wide,1.01,10.0,11,4,float64,256,0.17217158154005913,記述的評価,4096,-0.0028040910523294206,0.1728825643419571,0.010636534690317667,0.066162109375,0.007080078125,0.0007109828018979636,0.004129501486472315
B,wide,1.01,10.0,11,4,float64,512,0.17166484333614576,記述的評価,4096,-0.0006313044461967815,0.18015467124786766,0.01277503213597242,0.06884765625,0.006591796875,0.008489827911721898,0.049455833510985876
B,wide,1.01,10.0,11,4,float64,1024,0.17166177939100247,記述的評価,4096,0.003279939317195593,0.1696379936298027,0.00902782029864091,0.060791015625,0.0068359375,0.00202378576119977,0.01178937890763729
B,wide,1.01,10.0,11,4,float64,2048,0.1716617792793352,記述的評価,4096,-0.0019906994993469625,0.17037028625478284,0.009045053634678668,0.0703125,0.00537109375,0.0012914930245523648,0.007523474532154263
B,wide,1.01,10.0,11,4,float64,4096,0.1716617792793352,記述的評価,4096,0.001710122011013432,0.1791466929650469,0.016012729520396562,0.06494140625,0.006591796875,0.007484913685711692,0.043602680323684216
B,wide,1.1,0.1,12,0,float64,0,0.1,記述的評価,4096,-0.003161797532478255,0.10355832023017736,0.012095295624887648,0.06591796875,0.007568359375,0.003558320230177353,0.03558320230177353
B,wide,1.1,0.1,12,0,float64,1,0.10955847021442955,記述的評価,4096,-0.0039242122365548415,0.1139185090997008,0.013696003817341929,0.064697265625,0.0068359375,0.004360038885271256,0.03979645641946004
B,wide,1.1,0.1,12,0,float64,2,0.11993424894205143,記述的評価,4096,-0.0050542505469546375,0.1250178033879694,0.015523392848939332,0.062255859375,0.006591796875,0.005083554445917959,0.04238617818313247
B,wide,1.1,0.1,12,0,float64,4,0.14329135800063927,記述的評価,4096,-0.005223245703398386,0.15056083215918387,0.014123466645246774,0.064697265625,0.00634765625,0.007269474158544592,0.050732118530917684
B,wide,1.1,0.1,12,0,float64,8,0.20089897055129585,記述的評価,4096,-0.008316712615492907,0.21018966296293137,0.013821257801258868,0.0693359375,0.00732421875,0.00929069241163552,0.04624559491838368
B,wide,1.1,0.1,12,0,float64,16,0.34449895969611044,記述的評価,4096,-0.0216257656273756,0.3516033797155146,0.021335425873842684,0.066650390625,0.00537109375,0.007104420019404145,0.02062247161985946
B,wide,1.1,0.1,12,0,float64,32,0.4908241645063606,記述的評価,4096,-0.021571690583016098,0.4919561957066093,0.017309717328647722,0.06787109375,0.00732421875,0.0011320312002486843,0.0023063884831082196
B,wide,1.1,0.1,12,0,float64,64,0.5029170419882725,記述的評価,4096,-0.009889198951606996,0.5006804486205846,0.013580129543763864,0.0615234375,0.004150390625,0.002236593367687889,0.004447241157001882
B,wide,1.1,0.1,12,0,float64,128,0.5029405748623706,記述的評価,4096,-0.006402812185606652,0.48073430008336304,0.014561881640353436,0.063232421875,0.00537109375,0.022206274779007606,0.04415287986077548
B,wide,1.1,0.1,12,0,float64,256,0.5029405749446414,記述的評価,4096,-0.009606113535728895,0.4853131294640214,0.01471765336082681,0.070068359375,0.007080078125,0.017627445480620008,0.03504876392715035
B,wide,1.1,0.1,12,0,float64,512,0.5029405749446414,記述的評価,4096,-0.006997865138696005,0.49080594990328286,0.009636371371114505,0.062255859375,0.006103515625,0.012134625041358538,0.024127353500349807
B,wide,1.1,0.1,12,0,float64,1024,0.5029405749446414,記述的評価,4096,-0.0006016612058193608,0.5313598614485986,0.01733529773711373,0.062744140625,0.006591796875,0.028419286503957197,0.056506251274487655
B,wide,1.1,0.1,12,0,float64,2048,0.5029405749446414,記述的評価,4096,-0.008923543497192639,0.5062842071877139,0.008552590257796866,0.064208984375,0.006591796875,0.0033436322430725474,0.006648165627600399
B,wide,1.1,0.1,12,0,float64,4096,0.5029405749446414,記述的評価,4096,0.005798704151279142,0.5161174503921564,0.009132929792430966,0.061279296875,0.006591796875,0.013176875447515002,0.026199666727953652
B,wide,1.1,0.1,12,1,float64,0,0.1,記述的評価,4096,0.0014909929738784067,0.09888604399349993,0.010854315622924826,0.06298828125,0.00830078125,0.0011139560065000775,0.011139560065000775
B,wide,1.1,0.1,12,1,float64,1,0.10955847021442955,記述的評価,4096,0.00193585533945755,0.10847094602619749,0.011576611003133008,0.061767578125,0.00634765625,0.0010875241882320613,0.00992642728675877
B,wide,1.1,0.1,12,1,float64,2,0.11993424894205143,記述的評価,4096,0.0029703873799379224,0.11870098047097513,0.013668804275105195,0.055908203125,0.006591796875,0.0012332684710762987,0.010282871506304895
B,wide,1.1,0.1,12,1,float64,4,0.14329135800063927,記述的評価,4096,0.0012749471822740316,0.1425460203523365,0.009034944492534502,0.06005859375,0.005859375,0.0007453376483027851,0.005201553385372061
B,wide,1.1,0.1,12,1,float64,8,0.20089897055129585,記述的評価,4096,0.0018666568443460774,0.20285288340927662,0.009940525662576305,0.057861328125,0.00634765625,0.001953912857980772,0.009725848035054397
B,wide,1.1,0.1,12,1,float64,16,0.34449895969611044,記述的評価,4096,0.00016913743728310602,0.34829290466503926,0.011152433295270159,0.068359375,0.007568359375,0.0037939449689288196,0.011012935923741354
B,wide,1.1,0.1,12,1,float64,32,0.4908241645063606,記述的評価,4096,-0.008662956349713799,0.5123495269379985,0.01360268240859941,0.065673828125,0.00634765625,0.021525362431637884,0.04385554744087775
B,wide,1.1,0.1,12,1,float64,64,0.5029170419882725,記述的評価,4096,0.007267614096566311,0.48708477272172507,0.01252567268964433,0.060546875,0.005859375,0.015832269266547405,0.031480876456194136
B,wide,1.1,0.1,12,1,float64,128,0.5029405748623706,記述的評価,4096,-0.004112983525314853,0.4977785104461724,0.008877711499761243,0.06298828125,0.0068359375,0.005162064416198264,0.010263766087297411
B,wide,1.1,0.1,12,1,float64,256,0.5029405749446414,記述的評価,4096,-0.008228962189355414,0.49673069353985333,0.010186798847045764,0.058349609375,0.005859375,0.006209881404788065,0.012347147385099294
B,wide,1.1,0.1,12,1,float64,512,0.5029405749446414,記述的評価,4096,-0.012014644202235084,0.5095864739895436,0.011401319543253519,0.065673828125,0.006591796875,0.006645899044902204,0.013214084080676364
B,wide,1.1,0.1,12,1,float64,1024,0.5029405749446414,記述的評価,4096,-0.010393369817293156,0.4876710182956256,0.01894430060848218,0.062744140625,0.00634765625,0.015269556649015803,0.03036055830392392
B,wide,1.1,0.1,12,1,float64,2048,0.5029405749446414,記述的評価,4096,0.0034354674937894466,0.48590179245104087,0.012510646004727066,0.056640625,0.00537109375,0.017038782493600524,0.03387832150045953
B,wide,1.1,0.1,12,1,float64,4096,0.5029405749446414,記述的評価,4096,-0.013400905771276832,0.5123832516904188,0.01624539742390635,0.06396484375,0.004638671875,0.009442676745777367,0.018774935282993864
B,wide,1.1,0.1,12,2,float64,0,0.1,記述的評価,4096,0.00013733287943669688,0.10017930344749643,0.009094281712300756,0.069580078125,0.006591796875,0.00017930344749642058,0.0017930344749642058
B,wide,1.1,0.1,12,2,float64,1,0.10955847021442955,記述的評価,4096,0.0007624290002135501,0.10970606601450308,0.01028145793719304,0.07177734375,0.0068359375,0.00014759580007353557,0.0013471874861401291
B,wide,1.1,0.1,12,2,float64,2,0.11993424894205143,記述的評価,4096,0.0008386720975371957,0.11971027409347468,0.00990506983406747,0.068603515625,0.009033203125,0.00022397484857675232,0.001867480311524443
B,wide,1.1,0.1,12,2,float64,4,0.14329135800063927,記述的評価,4096,-0.00045282662862843113,0.14073347225401078,0.00991692499249791,0.062255859375,0.006103515625,0.002557885746628491,0.017850942180456405
B,wide,1.1,0.1,12,2,float64,8,0.20089897055129585,記述的評価,4096,0.0011890181409143405,0.1997024296115316,0.01041213168783428,0.068359375,0.0087890625,0.0011965409397642623,0.005955933654019136
B,wide,1.1,0.1,12,2,float64,16,0.34449895969611044,記述的評価,4096,-0.00807542881681326,0.34942089372384727,0.013599451755057723,0.06005859375,0.00439453125,0.0049219340277368295,0.014287224646711758
B,wide,1.1,0.1,12,2,float64,32,0.4908241645063606,記述的評価,4096,0.034084042536676795,0.4833980906777193,0.02636094331155403,0.065673828125,0.007080078125,0.0074260738286413,0.015129804858140933
B,wide,1.1,0.1,12,2,float64,64,0.5029170419882725,記述的評価,4096,-0.0029696386931296294,0.5294653411815002,0.014346863220633443,0.06689453125,0.0078125,0.026548299193227765,0.05278862511453101
B,wide,1.1,0.1,12,2,float64,128,0.5029405748623706,記述的評価,4096,-0.013534091038509811,0.5011253305501705,0.0132736590747774,0.06689453125,0.0068359375,0.0018152443122001483,0.0036092620140995555
B,wide,1.1,0.1,12,2,float64,256,0.5029405749446414,記述的評価,4096,-0.00087280277513287,0.493223347788133,0.016766351519844624,0.06689453125,0.005615234375,0.009717227156508412,0.01932082564143485
B,wide,1.1,0.1,12,2,float64,512,0.5029405749446414,記述的評価,4096,0.004893908665590083,0.4905430627610473,0.016569348645216364,0.06298828125,0.007080078125,0.012397512183594084,0.024650053706561013
B,wide,1.1,0.1,12,2,float64,1024,0.5029405749446414,記述的評価,4096,0.019942070823883655,0.5127793957195164,0.016879096137647598,0.063232421875,0.006591796875,0.009838820774874968,0.019562591019740106
B,wide,1.1,0.1,12,2,float64,2048,0.5029405749446414,記述的評価,4096,0.0031286500564445254,0.5439088155284139,0.016311539673537268,0.060791015625,0.006591796875,0.040968240583772464,0.08145741788337883
B,wide,1.1,0.1,12,2,float64,4096,0.5029405749446414,記述的評価,4096,-0.005575779247920391,0.5015860986906889,0.01537637920076279,0.068603515625,0.0068359375,0.0013544762539524635,0.0026931139013819886
B,wide,1.1,0.1,12,3,float64,0,0.1,記述的評価,4096,0.00040172549832998873,0.09766602800275226,0.007019460966164404,0.06591796875,0.00634765625,0.002333971997247747,0.02333971997247747
B,wide,1.1,0.1,12,3,float64,1,0.10955847021442955,記述的評価,4096,-0.00024948859349673794,0.10660618799724793,0.006940778228059941,0.065185546875,0.006591796875,0.0029522822171816204,0.02694709237362814
B,wide,1.1,0.1,12,3,float64,2,0.11993424894205143,記述的評価,4096,-0.00045439605714081327,0.11713174900687988,0.007609839861842049,0.0654296875,0.00634765625,0.0028024999351715513,0.02336696948446839
B,wide,1.1,0.1,12,3,float64,4,0.14329135800063927,記述的評価,4096,-0.000549819330345494,0.14029348960990257,0.007961877727654776,0.064453125,0.00439453125,0.0029978683907367076,0.0209214877475258
B,wide,1.1,0.1,12,3,float64,8,0.20089897055129585,記述的評価,4096,-0.000670446692207264,0.19608424957703427,0.00938821402203227,0.06787109375,0.006591796875,0.004814720974261583,0.023965881761610283
B,wide,1.1,0.1,12,3,float64,16,0.34449895969611044,記述的評価,4096,0.0028443968892122567,0.3486225704178059,0.007672185766722572,0.06494140625,0.006591796875,0.004123610721695481,0.011969878589279347
B,wide,1.1,0.1,12,3,float64,32,0.4908241645063606,記述的評価,4096,0.004920563802667711,0.5059909540355239,0.011077580308593404,0.071044921875,0.006591796875,0.015166789529163227,0.030900657762881353
B,wide,1.1,0.1,12,3,float64,64,0.5029170419882725,記述的評価,4096,-0.002481791415994045,0.4971030462139968,0.016231817848472163,0.0703125,0.00634765625,0.00581399577427566,0.011560546350328762
B,wide,1.1,0.1,12,3,float64,128,0.5029405748623706,記述的評価,4096,0.01861170915428665,0.509309211130123,0.014043604798210874,0.060546875,0.00830078125,0.006368636267752303,0.012662800708602753
B,wide,1.1,0.1,12,3,float64,256,0.5029405749446414,記述的評価,4096,-0.00029397272268830756,0.5040269425282262,0.015327961697217729,0.0673828125,0.00927734375,0.001086367583584824,0.0021600316969940243
B,wide,1.1,0.1,12,3,float64,512,0.5029405749446414,記述的評価,4096,-0.018614506964986226,0.5133893602760893,0.016389288301710936,0.065673828125,0.005126953125,0.010448785331447885,0.02077538749502957
B,wide,1.1,0.1,12,3,float64,1024,0.5029405749446414,記述的評価,4096,-0.024186693997910153,0.5007742320400154,0.01722404730370969,0.06005859375,0.00634765625,0.0021663429046260285,0.00430735361700431
B,wide,1.1,0.1,12,3,float64,2048,0.5029405749446414,記述的評価,4096,0.0009611377324260551,0.5061856168698786,0.010261790033564977,0.068115234375,0.00732421875,0.0032450419252372242,0.006452137860609886
B,wide,1.1,0.1,12,3,float64,4096,0.5029405749446414,記述的評価,4096,0.014350021923369023,0.5057534215611947,0.014198977188397799,0.0673828125,0.0087890625,0.002812846616553344,0.005592801131352255
B,wide,1.1,0.1,12,4,float64,0,0.1,記述的評価,4096,-0.0038504054763948328,0.09945456492719648,0.020087478772470635,0.0615234375,0.005859375,0.000545435072803524,0.00545435072803524
B,wide,1.1,0.1,12,4,float64,1,0.10955847021442955,記述的評価,4096,-0.0020632056427593365,0.10945897285706453,0.015483035885786367,0.06591796875,0.005859375,9.949735736501653e-05,0.0009081667275043065
B,wide,1.1,0.1,12,4,float64,2,0.11993424894205143,記述的評価,4096,-0.0039366852978448535,0.11866790475003351,0.01976765365655586,0.06591796875,0.005859375,0.001266344192017918,0.010558653622200752
B,wide,1.1,0.1,12,4,float64,4,0.14329135800063927,記述的評価,4096,-0.0035031029113824913,0.1421367571909191,0.01679573936542167,0.065673828125,0.005126953125,0.0011546008097201854,0.008057714197356092
B,wide,1.1,0.1,12,4,float64,8,0.20089897055129585,記述的評価,4096,-0.0055822986632937145,0.19787508543613497,0.016919109551271738,0.061767578125,0.006103515625,0.0030238851151608848,0.015051770085545518
B,wide,1.1,0.1,12,4,float64,16,0.34449895969611044,記述的評価,4096,-0.0008076787250103372,0.34147120377686424,0.010535095769625025,0.064453125,0.005615234375,0.0030277559192462,0.00878886810548585
B,wide,1.1,0.1,12,4,float64,32,0.4908241645063606,記述的評価,4096,-0.00539085944403791,0.49339114222226543,0.011693111270624668,0.06201171875,0.00439453125,0.0025669777159048057,0.005229933449765064
B,wide,1.1,0.1,12,4,float64,64,0.5029170419882725,記述的評価,4096,0.009177844594880299,0.5037428869715046,0.011566169452621233,0.06201171875,0.006103515625,0.0008258449832321269,0.0016421097602244005
B,wide,1.1,0.1,12,4,float64,128,0.5029405748623706,記述的評価,4096,-0.006424739001915708,0.50633841679978,0.010367696330278564,0.057861328125,0.0068359375,0.0033978419374093294,0.006755951114779607
B,wide,1.1,0.1,12,4,float64,256,0.5029405749446414,記述的評価,4096,0.010968238642321982,0.4929897478118248,0.02041131955717257,0.068603515625,0.0068359375,0.009950827132816586,0.019785293986097408
B,wide,1.1,0.1,12,4,float64,512,0.5029405749446414,記述的評価,4096,0.005098759364974163,0.5178311694147464,0.010309821383027551,0.0615234375,0.00439453125,0.01489059447010499,0.029607065351098378
B,wide,1.1,0.1,12,4,float64,1024,0.5029405749446414,記述的評価,4096,-0.002701073695496655,0.512754270814456,0.010150571956053955,0.065185546875,0.007080078125,0.00981369586981462,0.019512635008409916
B,wide,1.1,0.1,12,4,float64,2048,0.5029405749446414,記述的評価,4096,0.012534592437795112,0.5220969206760055,0.014725903419223751,0.071533203125,0.00537109375,0.019156345731364155,0.038088686190158136
B,wide,1.1,0.1,12,4,float64,4096,0.5029405749446414,記述的評価,4096,0.0008640117758133715,0.5058993840763009,0.009624123179932942,0.06103515625,0.005859375,0.002958809131659468,0.0058830193447509055
B,wide,1.1,1.0,13,0,float64,0,1.0,記述的評価,4096,-0.011641013384488683,1.0293607659910764,0.007250934040609058,0.06298828125,0.00537109375,0.0293607659910764,0.0293607659910764
B,wide,1.1,1.0,13,0,float64,1,0.8004990217606297,記述的評価,4096,-0.02141668149473589,0.8030626190115131,0.011902257342104372,0.0634765625,0.005126953125,0.002563597250883398,0.0032024989177937826
B,wide,1.1,1.0,13,0,float64,2,0.7066942091576424,記述的評価,4096,-0.013821731938468862,0.7132843778637303,0.009553580132538486,0.061767578125,0.0078125,0.006590168706087973,0.009325346975664695
B,wide,1.1,1.0,13,0,float64,4,0.6146184170679442,記述的評価,4096,-0.009078399591712465,0.6118687187691193,0.01213311919096527,0.064208984375,0.007080078125,0.0027496982988248764,0.004473829977211545
B,wide,1.1,1.0,13,0,float64,8,0.5453736308529255,記述的評価,4096,-0.01191063926014245,0.5365672083824085,0.010295536620750556,0.0654296875,0.0078125,0.008806422470516995,0.016147503238732642
B,wide,1.1,1.0,13,0,float64,16,0.5109157182789641,記述的評価,4096,-0.0070423995069749685,0.49243225423185133,0.010169762088265366,0.0615234375,0.006591796875,0.018483464047112763,0.03617712938911902
B,wide,1.1,1.0,13,0,float64,32,0.5032774157688413,記述的評価,4096,-0.005453452965295372,0.5142055764996877,0.011249474171677987,0.058349609375,0.006103515625,0.010928160730846348,0.021713989915783792
B,wide,1.1,1.0,13,0,float64,64,0.5029412040762983,記述的評価,4096,0.006136925768038302,0.4842349036173089,0.014921246272404542,0.069580078125,0.00634765625,0.018706300458989356,0.03719381173659323
B,wide,1.1,1.0,13,0,float64,128,0.5029405749468411,記述的評価,4096,-0.00136204304546604,0.5167981819680798,0.011448236548863122,0.06689453125,0.0087890625,0.013857607021238727,0.02755316972130042
B,wide,1.1,1.0,13,0,float64,256,0.5029405749446421,記述的評価,4096,-0.01843170914246208,0.5139894513100467,0.013102254095565924,0.06494140625,0.00634765625,0.011048876365404636,0.021968552381403647
B,wide,1.1,1.0,13,0,float64,512,0.5029405749446421,記述的評価,4096,0.007575026563730247,0.48198089377960823,0.016073310816664743,0.06591796875,0.008056640625,0.020959681165033828,0.041674269703415416
B,wide,1.1,1.0,13,0,float64,1024,0.5029405749446421,記述的評価,4096,-0.0010923133219513442,0.5016564360757133,0.008682771144429724,0.068359375,0.007568359375,0.0012841388689287525,0.0025532616235428925
B,wide,1.1,1.0,13,0,float64,2048,0.5029405749446421,記述的評価,4096,6.354255986545682e-05,0.4988249740644709,0.007539637165289159,0.060546875,0.00732421875,0.004115600880171155,0.008183075864627055
B,wide,1.1,1.0,13,0,float64,4096,0.5029405749446421,記述的評価,4096,0.001987738954495763,0.4844386344018415,0.013407055067229612,0.060546875,0.005859375,0.018501940542800577,0.03678752811867895
B,wide,1.1,1.0,13,1,float64,0,1.0,記述的評価,4096,0.007146805813150426,1.0253006877507789,0.009410685592339263,0.06494140625,0.007080078125,0.025300687750778872,0.025300687750778872
B,wide,1.1,1.0,13,1,float64,1,0.8004990217606297,記述的評価,4096,0.013846028585300848,0.7976277838073568,0.008365851890101417,0.064208984375,0.0048828125,0.0028712379532729315,0.003586810071245168
B,wide,1.1,1.0,13,1,float64,2,0.7066942091576424,記述的評価,4096,0.03199867657076687,0.7062363010512793,0.018161891343946635,0.0673828125,0.00732421875,0.00045790810636303636,0.0006479579150773694
B,wide,1.1,1.0,13,1,float64,4,0.6146184170679442,記述的評価,4096,0.027704223745694923,0.6138611045656523,0.017485285933315442,0.064697265625,0.009033203125,0.0007573125022918292,0.001232166953122901
B,wide,1.1,1.0,13,1,float64,8,0.5453736308529255,記述的評価,4096,0.01692258870755594,0.5369693013978472,0.012909673303660552,0.06396484375,0.0048828125,0.008404329455078297,0.015410223339794638
B,wide,1.1,1.0,13,1,float64,16,0.5109157182789641,記述的評価,4096,0.013822510498750253,0.5314942762228343,0.016448516430532245,0.064697265625,0.00830078125,0.0205785579438702,0.04027779378796513
B,wide,1.1,1.0,13,1,float64,32,0.5032774157688413,記述的評価,4096,0.018310391528184703,0.49390049907605577,0.013449777196522239,0.068359375,0.007080078125,0.009376916692785564,0.018631705693490614
B,wide,1.1,1.0,13,1,float64,64,0.5029412040762983,記述的評価,4096,0.0012054175503969325,0.49292722376136944,0.010596261936292206,0.06005859375,0.006591796875,0.010013980314928839,0.01991083696019799
B,wide,1.1,1.0,13,1,float64,128,0.5029405749468411,記述的評価,4096,0.0020607561573217433,0.4916701310294159,0.012743657969091826,0.057373046875,0.00439453125,0.011270443917425155,0.02240909657888787
B,wide,1.1,1.0,13,1,float64,256,0.5029405749446421,記述的評価,4096,-0.010786073763811424,0.5148159714847008,0.016592676486464897,0.064697265625,0.0048828125,0.011875396540058758,0.023611927793588467
B,wide,1.1,1.0,13,1,float64,512,0.5029405749446421,記述的評価,4096,0.018106191182813765,0.5011813458303216,0.01554480862678248,0.0654296875,0.00634765625,0.0017592291143204708,0.0034978866330562146
B,wide,1.1,1.0,13,1,float64,1024,0.5029405749446421,記述的評価,4096,0.011200301076848485,0.5102180602775253,0.011667180332460836,0.06494140625,0.0087890625,0.0072774853328831934,0.014469871184451992
B,wide,1.1,1.0,13,1,float64,2048,0.5029405749446421,記述的評価,4096,0.014755572171294355,0.4852360771032103,0.015512059925948452,0.054931640625,0.0078125,0.017704497841431743,0.035201967634805466
B,wide,1.1,1.0,13,1,float64,4096,0.5029405749446421,記述的評価,4096,0.019383433278366682,0.5087049848616529,0.018676179529239778,0.0546875,0.00634765625,0.005764409917010882,0.011461413543032121
B,wide,1.1,1.0,13,2,float64,0,1.0,記述的評価,4096,-0.009763656646886418,1.0118730806851883,0.010644271271773198,0.0615234375,0.006591796875,0.01187308068518833,0.01187308068518833
B,wide,1.1,1.0,13,2,float64,1,0.8004990217606297,記述的評価,4096,0.002491285536388663,0.8033734173012532,0.009708629501750998,0.06884765625,0.0068359375,0.00287439554062352,0.0035907545949294614
B,wide,1.1,1.0,13,2,float64,2,0.7066942091576424,記述的評価,4096,0.0303946571964158,0.7164289794396315,0.022657549935424237,0.06103515625,0.007080078125,0.009734770281989102,0.01377508143669756
B,wide,1.1,1.0,13,2,float64,4,0.6146184170679442,記述的評価,4096,0.020640841394402826,0.6161428157413147,0.01873644912571959,0.05419921875,0.004638671875,0.0015243986733705084,0.002480235917177195
B,wide,1.1,1.0,13,2,float64,8,0.5453736308529255,記述的評価,4096,0.020345790088263163,0.566488026176869,0.014859916100077697,0.069091796875,0.005615234375,0.021114395323943547,0.03871546794611639
B,wide,1.1,1.0,13,2,float64,16,0.5109157182789641,記述的評価,4096,0.008135318303866358,0.5288702997457168,0.012297370665001583,0.062255859375,0.0068359375,0.01795458146675266,0.03514196338925184
B,wide,1.1,1.0,13,2,float64,32,0.5032774157688413,記述的評価,4096,-0.014220415528094266,0.49784584066941384,0.011114055319323857,0.060546875,0.00439453125,0.005431575099427488,0.01079240778394524
B,wide,1.1,1.0,13,2,float64,64,0.5029412040762983,記述的評価,4096,-0.006234392587163818,0.501191551737547,0.009754894526405211,0.06689453125,0.007568359375,0.0017496523387512397,0.0034788407165100956
B,wide,1.1,1.0,13,2,float64,128,0.5029405749468411,記述的評価,4096,-0.00448335882657728,0.4917304651268847,0.013248048524075628,0.055419921875,0.00390625,0.011210109819956404,0.022289133902432253
B,wide,1.1,1.0,13,2,float64,256,0.5029405749446421,記述的評価,4096,0.019509384027524463,0.48455115912296265,0.019853718725060532,0.058837890625,0.00830078125,0.01838941582167941,0.036563794487457106
B,wide,1.1,1.0,13,2,float64,512,0.5029405749446421,記述的評価,4096,0.014949577813941253,0.5160725774637147,0.018281487798211593,0.061279296875,0.006103515625,0.01313200251907265,0.02611044559393139
B,wide,1.1,1.0,13,2,float64,1024,0.5029405749446421,記述的評価,4096,0.011244727666029778,0.5201633732516773,0.018172107375316826,0.065673828125,0.00439453125,0.017222798307035214,0.03424420133319111
B,wide,1.1,1.0,13,2,float64,2048,0.5029405749446421,記述的評価,4096,0.0048445029978006135,0.4891951156175922,0.012296657992631521,0.05859375,0.00634765625,0.013745459327049847,0.027330185735288486
B,wide,1.1,1.0,13,2,float64,4096,0.5029405749446421,記述的評価,4096,-0.006784396890246814,0.5114960164498723,0.011914066552323743,0.06591796875,0.005126953125,0.008555441505230243,0.017010839712369455
B,wide,1.1,1.0,13,3,float64,0,1.0,記述的評価,4096,-0.0038944270949551746,0.995273860145053,0.010339191058696073,0.061279296875,0.003662109375,0.004726139854946965,0.004726139854946965
B,wide,1.1,1.0,13,3,float64,1,0.8004990217606297,記述的評価,4096,-0.004126111622943466,0.8350393561999312,0.011081547577137363,0.060791015625,0.00537109375,0.03454033443930149,0.04314850299670942
B,wide,1.1,1.0,13,3,float64,2,0.7066942091576424,記述的評価,4096,0.009169948357193938,0.7197509770482616,0.013145213638627862,0.071533203125,0.005126953125,0.01305676789061927,0.018475838235865176
B,wide,1.1,1.0,13,3,float64,4,0.6146184170679442,記述的評価,4096,0.0030358389386113166,0.6087075434429152,0.010916740539584635,0.068115234375,0.00537109375,0.005910873625028956,0.009617143679532023
B,wide,1.1,1.0,13,3,float64,8,0.5453736308529255,記述的評価,4096,0.0021182456360263778,0.5270960556424586,0.011673494182774857,0.06201171875,0.00537109375,0.0182775752104668,0.033513859446929944
B,wide,1.1,1.0,13,3,float64,16,0.5109157182789641,記述的評価,4096,0.023826790606786163,0.5139058797265017,0.018294723861432605,0.064453125,0.005859375,0.0029901614475376093,0.005852553250093897
B,wide,1.1,1.0,13,3,float64,32,0.5032774157688413,記述的評価,4096,0.005554021309431811,0.5058204939889495,0.0095047534029995,0.056640625,0.004150390625,0.0025430782201081303,0.005053034649335791
B,wide,1.1,1.0,13,3,float64,64,0.5029412040762983,記述的評価,4096,-0.0013997216374582056,0.49780376421614847,0.013340619769670437,0.063720703125,0.005126953125,0.005137439860149806,0.010214792143716336
B,wide,1.1,1.0,13,3,float64,128,0.5029405749468411,記述的評価,4096,-0.005490506206111072,0.5112046288378392,0.010386539157745678,0.059814453125,0.0078125,0.008264053890998158,0.016431471833171618
B,wide,1.1,1.0,13,3,float64,256,0.5029405749446421,記述的評価,4096,0.00023359668455872327,0.5103148807994965,0.01136124853019932,0.06689453125,0.00439453125,0.007374305854854435,0.014662380054872515
B,wide,1.1,1.0,13,3,float64,512,0.5029405749446421,記述的評価,4096,-2.8883817680703265e-05,0.5058172159766621,0.0076507896250326834,0.062744140625,0.006591796875,0.002876641032020011,0.005719643980477492
B,wide,1.1,1.0,13,3,float64,1024,0.5029405749446421,記述的評価,4096,0.022505616016217745,0.4931913385070654,0.01766169860042638,0.058349609375,0.005126953125,0.009749236437576636,0.019384469902134504
B,wide,1.1,1.0,13,3,float64,2048,0.5029405749446421,記述的評価,4096,0.008438532028372529,0.5074081940380737,0.01526205501096789,0.061279296875,0.0078125,0.0044676190934316296,0.008882995956179066
B,wide,1.1,1.0,13,3,float64,4096,0.5029405749446421,記述的評価,4096,0.008708274876422705,0.49818052830884907,0.013611655521943211,0.062744140625,0.00732421875,0.004760046635792992,0.009464431531134514
B,wide,1.1,1.0,13,4,float64,0,1.0,記述的評価,4096,0.008833032824393693,0.9917188232891365,0.008960126587791994,0.06201171875,0.006591796875,0.00828117671086348,0.00828117671086348
B,wide,1.1,1.0,13,4,float64,1,0.8004990217606297,記述的評価,4096,0.02975647243947313,0.7948048157877824,0.016875904895374272,0.057861328125,0.006591796875,0.0056942059728473104,0.007113320339009768
B,wide,1.1,1.0,13,4,float64,2,0.7066942091576424,記述的評価,4096,0.011691148129124982,0.7141886854073483,0.009026121583720181,0.060546875,0.007080078125,0.007494476249705895,0.010604977588027895
B,wide,1.1,1.0,13,4,float64,4,0.6146184170679442,記述的評価,4096,0.010381171589419657,0.6236357847094038,0.011983966184180184,0.060302734375,0.004638671875,0.009017367641459662,0.01467148948200623
B,wide,1.1,1.0,13,4,float64,8,0.5453736308529255,記述的評価,4096,0.003640673754565424,0.5310106972437694,0.008030196606076512,0.060302734375,0.005615234375,0.014362933609156081,0.02633595171569531
B,wide,1.1,1.0,13,4,float64,16,0.5109157182789641,記述的評価,4096,0.003431507497162742,0.5034838408501252,0.008004555076967623,0.06298828125,0.006591796875,0.0074318774288388845,0.014546190619997759
B,wide,1.1,1.0,13,4,float64,32,0.5032774157688413,記述的評価,4096,-0.008105385862516388,0.5188800870354711,0.011692336193184438,0.071044921875,0.00830078125,0.01560267126662973,0.031002128801655073
B,wide,1.1,1.0,13,4,float64,64,0.5029412040762983,記述的評価,4096,-0.0023385521888758436,0.5154847496298393,0.014779480755787167,0.068115234375,0.0068359375,0.01254354555354098,0.024940381603011538
B,wide,1.1,1.0,13,4,float64,128,0.5029405749468411,記述的評価,4096,0.00774380855942345,0.48638212130215785,0.01236891416381286,0.059326171875,0.00537109375,0.016558453644683224,0.03292328054151008
B,wide,1.1,1.0,13,4,float64,256,0.5029405749446421,記述的評価,4096,-0.013772818643650953,0.5139076218263613,0.013589914206035836,0.0634765625,0.005859375,0.010967046881719233,0.02180585028942308
B,wide,1.1,1.0,13,4,float64,512,0.5029405749446421,記述的評価,4096,-0.019380946045663656,0.4833680266379782,0.0201280808145593,0.058837890625,0.0068359375,0.019572548306663884,0.0389162244641292
B,wide,1.1,1.0,13,4,float64,1024,0.5029405749446421,記述的評価,4096,0.00010819677274206582,0.5112749649475135,0.007895308972035942,0.066162109375,0.008056640625,0.008334390002871395,0.016571321579669226
B,wide,1.1,1.0,13,4,float64,2048,0.5029405749446421,記述的評価,4096,-0.0028401571331275613,0.50920918338914,0.009412168564044143,0.0654296875,0.0078125,0.006268608444497947,0.012463914738213205
B,wide,1.1,1.0,13,4,float64,4096,0.5029405749446421,記述的評価,4096,-0.009951960997284123,0.5072328339659108,0.010911910498863753,0.063232421875,0.00634765625,0.0042922590212687295,0.008534326389834767
B,wide,1.1,10.0,14,0,float64,0,10.0,記述的評価,4096,0.03010200688770189,9.66883433065393,0.012646182687955143,0.05712890625,0.004150390625,0.3311656693460705,0.03311656693460705
B,wide,1.1,10.0,14,0,float64,1,0.9999999994421064,記述的評価,4096,0.02566280995113434,1.0085441434015479,0.012143486247604252,0.05615234375,0.00537109375,0.008544143959441475,0.008544143964208198
B,wide,1.1,10.0,14,0,float64,2,0.800499021540194,記述的評価,4096,0.019860251605665985,0.8031371612507674,0.012465367964115792,0.072265625,0.007568359375,0.0026381397105733617,0.0032956189071880054
B,wide,1.1,10.0,14,0,float64,4,0.651190893346382,記述的評価,4096,0.025924585210239773,0.6685755731216819,0.016190345282150798,0.06494140625,0.006103515625,0.017384679775299894,0.02669674891484181
B,wide,1.1,10.0,14,0,float64,8,0.5561568533710587,記述的評価,4096,0.0016377927048452333,0.5607722797921553,0.009149885522058643,0.06494140625,0.007568359375,0.00461542642109658,0.008298785483125645
B,wide,1.1,10.0,14,0,float64,16,0.5126983418448262,記述的評価,4096,0.0008530175573362354,0.511707158431572,0.00860981633933977,0.064697265625,0.005126953125,0.0009911834132542152,0.0019332682249130577
B,wide,1.1,10.0,14,0,float64,32,0.503350571719515,記述的評価,4096,-0.003096926176470776,0.4979164360598024,0.008845650457642962,0.0693359375,0.007080078125,0.0054341356597126245,0.01079592626893989
B,wide,1.1,10.0,14,0,float64,64,0.5029413405393353,記述的評価,4096,-0.006083243243948803,0.4938750141267983,0.011674243316476485,0.06396484375,0.005859375,0.009066326412536962,0.018026608039049995
B,wide,1.1,10.0,14,0,float64,128,0.5029405749473181,記述的評価,4096,-0.013990555043366562,0.5236028632877768,0.014462838239271636,0.06591796875,0.005615234375,0.02066228834045869,0.04108296162548233
B,wide,1.1,10.0,14,0,float64,256,0.5029405749446421,記述的評価,4096,-0.009239917435522103,0.5212444226180897,0.012971903826879738,0.067138671875,0.005859375,0.018303847673447615,0.03639365878456375
B,wide,1.1,10.0,14,0,float64,512,0.5029405749446421,記述的評価,4096,-0.0050261389169876615,0.4935048607552194,0.010691308339004113,0.055908203125,0.005126953125,0.009435714189422684,0.01876109158713484
B,wide,1.1,10.0,14,0,float64,1024,0.5029405749446421,記述的評価,4096,0.016443326520629718,0.5024377357290368,0.012154254537673992,0.059814453125,0.006591796875,0.000502839215605233,0.0009997984665694945
B,wide,1.1,10.0,14,0,float64,2048,0.5029405749446421,記述的評価,4096,0.013607661053472938,0.5011881680582463,0.010274773835299011,0.06103515625,0.005126953125,0.0017524068863957742,0.003484321953122711
B,wide,1.1,10.0,14,0,float64,4096,0.5029405749446421,記述的評価,4096,0.016177510899218872,0.5190958669337973,0.011452104953196873,0.0654296875,0.005615234375,0.016155291989155218,0.032121671612860836
B,wide,1.1,10.0,14,1,float64,0,10.0,記述的評価,4096,0.23341254690128413,10.323540472774534,0.009593888931061167,0.064697265625,0.007080078125,0.3235404727745337,0.03235404727745337
B,wide,1.1,10.0,14,1,float64,1,0.9999999994421064,記述的評価,4096,0.01024542597758269,0.9682666841142071,0.010348688872102607,0.066162109375,0.007080078125,0.03173331532789925,0.031733315345603065
B,wide,1.1,10.0,14,1,float64,2,0.800499021540194,記述的評価,4096,-0.008519034348755991,0.7921330997931437,0.008233938646239447,0.058349609375,0.004638671875,0.008365921747050309,0.010450883164046748
B,wide,1.1,10.0,14,1,float64,4,0.651190893346382,記述的評価,4096,-0.008799927070699761,0.638270676220667,0.00798884343902051,0.066650390625,0.004638671875,0.012920217125715006,0.019840905727842348
B,wide,1.1,10.0,14,1,float64,8,0.5561568533710587,記述的評価,4096,0.0037933049588850486,0.5652039936097731,0.011298154206892841,0.0615234375,0.003173828125,0.009047140238714446,0.016267245802828116
B,wide,1.1,10.0,14,1,float64,16,0.5126983418448262,記述的評価,4096,-0.00646632628234523,0.5038983607505831,0.01529307087869669,0.053955078125,0.004150390625,0.00879998109424307,0.017164052184328073
B,wide,1.1,10.0,14,1,float64,32,0.503350571719515,記述的評価,4096,0.008942656197670328,0.5034035146943505,0.009664291774837963,0.061279296875,0.005615234375,5.2942974835490375e-05,0.00010518111592608281
B,wide,1.1,10.0,14,1,float64,64,0.5029413405393353,記述的評価,4096,-0.00396998576519517,0.4854927803301051,0.010507975084784071,0.058349609375,0.005859375,0.017448560209230135,0.034693032373355824
B,wide,1.1,10.0,14,1,float64,128,0.5029405749473181,記述的評価,4096,-0.016398049545473293,0.5031493080564688,0.014989257356152752,0.06298828125,0.005126953125,0.00020873310915070498,0.00041502539176237527
B,wide,1.1,10.0,14,1,float64,256,0.5029405749446421,記述的評価,4096,0.0026226670375435086,0.47592841092831106,0.012442031167828715,0.064208984375,0.0068359375,0.027012164016330997,0.05370846052598597
B,wide,1.1,10.0,14,1,float64,512,0.5029405749446421,記述的評価,4096,0.009467548512696114,0.48965888447866895,0.013444799433551202,0.059326171875,0.005615234375,0.013281690465973106,0.026408071107476273
B,wide,1.1,10.0,14,1,float64,1024,0.5029405749446421,記述的評価,4096,-0.0018355219929079491,0.49000734470385354,0.01418437907127279,0.068359375,0.0078125,0.012933230240788518,0.025715225386641474
B,wide,1.1,10.0,14,1,float64,2048,0.5029405749446421,記述的評価,4096,0.025441908153441228,0.5107906836583228,0.02579240182948983,0.061279296875,0.007568359375,0.007850108713680748,0.015608421958289601
B,wide,1.1,10.0,14,1,float64,4096,0.5029405749446421,記述的評価,4096,-0.004777199087470723,0.5007226867036663,0.012975145182797743,0.06201171875,0.005859375,0.002217888240975796,0.0044098415428500985
B,wide,1.1,10.0,14,2,float64,0,10.0,記述的評価,4096,0.2601694534286543,9.788510555946324,0.015944850765449936,0.063232421875,0.005859375,0.21148944405367587,0.021148944405367586
B,wide,1.1,10.0,14,2,float64,1,0.9999999994421064,記述的評価,4096,-0.009696355569544669,0.9853714694794571,0.00845327509167837,0.0634765625,0.0068359375,0.014628529962649295,0.014628529970810458
B,wide,1.1,10.0,14,2,float64,2,0.800499021540194,記述的評価,4096,-0.0013049014851652997,0.8082159524372363,0.00911701460593084,0.064697265625,0.005615234375,0.0077169308970422845,0.009640150317978631
B,wide,1.1,10.0,14,2,float64,4,0.651190893346382,記述的評価,4096,-0.016581303936884867,0.6685196467882424,0.016108559100963316,0.0703125,0.005859375,0.017328753441860356,0.02661086575214563
B,wide,1.1,10.0,14,2,float64,8,0.5561568533710587,記述的評価,4096,0.01362645940585256,0.5420512932296869,0.010648336434960659,0.068115234375,0.006103515625,0.014105560141371765,0.025362557443773453
B,wide,1.1,10.0,14,2,float64,16,0.5126983418448262,記述的評価,4096,-0.0035406282386165402,0.523536441337408,0.007179501769489671,0.0654296875,0.00927734375,0.010838099492581743,0.02113933010507378
B,wide,1.1,10.0,14,2,float64,32,0.503350571719515,記述的評価,4096,0.013271153567317288,0.507325161181531,0.014742742091089833,0.058837890625,0.00439453125,0.003974589462016009,0.007896264920169382
B,wide,1.1,10.0,14,2,float64,64,0.5029413405393353,記述的評価,4096,0.0031091398143369697,0.5016433235956662,0.009953726230589488,0.0634765625,0.006591796875,0.0012980169436690447,0.002580851560695131
B,wide,1.1,10.0,14,2,float64,128,0.5029405749473181,記述的評価,4096,0.0014826735580534699,0.526206289566628,0.014368498393942497,0.06494140625,0.0078125,0.02326571461930982,0.046259370944066
B,wide,1.1,10.0,14,2,float64,256,0.5029405749446421,記述的評価,4096,-0.014240314252483174,0.5139116471637899,0.011771084058063597,0.064208984375,0.00634765625,0.010971072219147837,0.021813853893882806
B,wide,1.1,10.0,14,2,float64,512,0.5029405749446421,記述的評価,4096,-0.00289751058901048,0.5125222943835532,0.0119221515063343,0.0673828125,0.0048828125,0.009581719438911174,0.019051394769582508
B,wide,1.1,10.0,14,2,float64,1024,0.5029405749446421,記述的評価,4096,0.0024744233757822125,0.494636706386798,0.009537486277511775,0.06396484375,0.006103515625,0.00830386855784404,0.01651063559299831
B,wide,1.1,10.0,14,2,float64,2048,0.5029405749446421,記述的評価,4096,-0.006720222648914823,0.519738658703244,0.010656638443351074,0.061767578125,0.006103515625,0.016798083758601923,0.03339973864795232
B,wide,1.1,10.0,14,2,float64,4096,0.5029405749446421,記述的評価,4096,-0.003697035349393303,0.4945283766584065,0.010489467600564462,0.06396484375,0.005126953125,0.008412198286235573,0.016726028293027443
B,wide,1.1,10.0,14,3,float64,0,10.0,記述的評価,4096,-0.019960108224187246,10.10633389335476,0.008544241385353313,0.05859375,0.003173828125,0.10633389335476018,0.010633389335476019
B,wide,1.1,10.0,14,3,float64,1,0.9999999994421064,記述的評価,4096,-0.030214648050476245,0.9888923753921433,0.011796510768695034,0.0654296875,0.006103515625,0.011107624049963127,0.01110762405616
B,wide,1.1,10.0,14,3,float64,2,0.800499021540194,記述的評価,4096,-0.05408348284555784,0.8241926573817251,0.026021186060070756,0.058349609375,0.005859375,0.023693635841531058,0.029598581889511245
B,wide,1.1,10.0,14,3,float64,4,0.651190893346382,記述的評価,4096,-0.003051044968800069,0.6489636250301687,0.011559724486741474,0.060791015625,0.00634765625,0.0022272683162133378,0.003420300159247785
B,wide,1.1,10.0,14,3,float64,8,0.5561568533710587,記述的評価,4096,-0.013084804443389124,0.5727557961790577,0.012212577503599609,0.0673828125,0.006103515625,0.016598942807999006,0.02984579387521179
B,wide,1.1,10.0,14,3,float64,16,0.5126983418448262,記述的評価,4096,0.006265917119541304,0.5214197955720272,0.0075912410979559475,0.0615234375,0.005615234375,0.008721453727201012,0.017010887329611563
B,wide,1.1,10.0,14,3,float64,32,0.503350571719515,記述的評価,4096,-0.001172278205142908,0.4859212584251277,0.01256355823926436,0.06494140625,0.006591796875,0.01742931329438735,0.03462658885008595
B,wide,1.1,10.0,14,3,float64,64,0.5029413405393353,記述的評価,4096,0.02656576270173093,0.5084589530190223,0.018945247420527,0.05859375,0.00439453125,0.005517612479687073,0.010970687901237536
B,wide,1.1,10.0,14,3,float64,128,0.5029405749473181,記述的評価,4096,0.003055493025091985,0.514580252521462,0.007826040416702762,0.0634765625,0.006591796875,0.011639677574143859,0.02314324624805443
B,wide,1.1,10.0,14,3,float64,256,0.5029405749446421,記述的評価,4096,0.009085696157552047,0.5046251801023192,0.017762342700472278,0.066162109375,0.006103515625,0.0016846051576770993,0.0033495113371247117
B,wide,1.1,10.0,14,3,float64,512,0.5029405749446421,記述的評価,4096,-0.007418865193559446,0.49141421370455496,0.011899482764718305,0.054931640625,0.00390625,0.011526361240087102,0.02291793864783288
B,wide,1.1,10.0,14,3,float64,1024,0.5029405749446421,記述的評価,4096,-0.005215303970563469,0.4966542062889768,0.008279602167665323,0.060791015625,0.0029296875,0.0062863686556652865,0.012499227481014468
B,wide,1.1,10.0,14,3,float64,2048,0.5029405749446421,記述的評価,4096,-0.005749253685881297,0.47987265816581914,0.01858611674592936,0.06298828125,0.006103515625,0.023067916778822917,0.045866088218000645
B,wide,1.1,10.0,14,3,float64,4096,0.5029405749446421,記述的評価,4096,-0.014193711430611251,0.5164589946069835,0.014750161543171214,0.061767578125,0.006103515625,0.013518419662341463,0.026878761300635597
B,wide,1.1,10.0,14,4,float64,0,10.0,記述的評価,4096,-0.048037060036162205,10.146513566615504,0.011002285363201025,0.0615234375,0.0048828125,0.14651356661550352,0.014651356661550352
B,wide,1.1,10.0,14,4,float64,1,0.9999999994421064,記述的評価,4096,0.035941815906210775,1.0077489842133225,0.014107134051579318,0.06640625,0.006591796875,0.007748984771216105,0.007748984775539215
B,wide,1.1,10.0,14,4,float64,2,0.800499021540194,記述的評価,4096,0.0054292887270910445,0.7854888715377553,0.009461773893386982,0.06787109375,0.007568359375,0.015010150002438771,0.018750991067495133
B,wide,1.1,10.0,14,4,float64,4,0.651190893346382,記述的評価,4096,0.024424467798309486,0.6289028965989683,0.01798822499879793,0.057861328125,0.00634765625,0.022287996747413774,0.034226517869251474
B,wide,1.1,10.0,14,4,float64,8,0.5561568533710587,記述的評価,4096,0.006262014320542169,0.5543176591585391,0.010628848163357962,0.064208984375,0.006103515625,0.001839194212519546,0.0033069703292723175
B,wide,1.1,10.0,14,4,float64,16,0.5126983418448262,記述的評価,4096,0.01573304635322932,0.4956033432651329,0.016928982583302443,0.062255859375,0.00732421875,0.01709499857969332,0.033343190692173744
B,wide,1.1,10.0,14,4,float64,32,0.503350571719515,記述的評価,4096,0.009253150740172779,0.5220346821932316,0.01369485403699644,0.062744140625,0.00634765625,0.018684110473716542,0.03711947800096668
B,wide,1.1,10.0,14,4,float64,64,0.5029413405393353,記述的評価,4096,0.0060035835018283756,0.537670133368703,0.01694579226185866,0.06640625,0.007080078125,0.034728792829367694,0.06905137842143946
B,wide,1.1,10.0,14,4,float64,128,0.5029405749473181,記述的評価,4096,-0.006398166464068784,0.48059375922099645,0.01111653109382471,0.068115234375,0.006591796875,0.02234681572632169,0.04443231832838793
B,wide,1.1,10.0,14,4,float64,256,0.5029405749446421,記述的評価,4096,-0.020461903318953208,0.49764670425241686,0.015767316545994392,0.060546875,0.005859375,0.0052938706922252,0.010525837357242232
B,wide,1.1,10.0,14,4,float64,512,0.5029405749446421,記述的評価,4096,-0.0038952280292864974,0.49566549818691064,0.012808431730154557,0.06396484375,0.0068359375,0.007275076757731425,0.01446508219889036
B,wide,1.1,10.0,14,4,float64,1024,0.5029405749446421,記述的評価,4096,-0.004083329074504675,0.49745961249124115,0.006395775978461304,0.062255859375,0.006591796875,0.005480962453400906,0.010897833116773661
B,wide,1.1,10.0,14,4,float64,2048,0.5029405749446421,記述的評価,4096,0.01478168069356481,0.4878602165692677,0.01782621398162898,0.06103515625,0.005615234375,0.015080358375374359,0.029984374152024287
B,wide,1.1,10.0,14,4,float64,4096,0.5029405749446421,記述的評価,4096,0.00027875832266096635,0.49426652099136686,0.01455116766508735,0.06201171875,0.0078125,0.008674053953275196,0.017246677610431284
B,wide,1.5,0.1,15,0,float64,0,0.1,記述的評価,4096,-0.0014698872349699337,0.10407050109719876,0.015225732218615784,0.065185546875,0.005615234375,0.004070501097198753,0.04070501097198753
B,wide,1.5,0.1,15,0,float64,1,0.148885033623318,記述的評価,4096,0.0002404992728156874,0.15546806606266633,0.017200852857084836,0.065673828125,0.00634765625,0.006583032439348324,0.04421554187913557
B,wide,1.5,0.1,15,0,float64,2,0.21968732105866245,記述的評価,4096,-0.004494715118174837,0.22897758304539167,0.014116754809808674,0.07275390625,0.010498046875,0.00929026198672922,0.04228856695943991
B,wide,1.5,0.1,15,0,float64,4,0.4439573729100678,記述的評価,4096,-0.010881391037628849,0.45002254127985053,0.011805780791284248,0.059814453125,0.0068359375,0.006065168369782714,0.013661600729877576
B,wide,1.5,0.1,15,0,float64,8,0.8260055539730777,記述的評価,4096,0.012259287921675827,0.8225153041486858,0.007533681082746879,0.06494140625,0.0087890625,0.0034902498243919444,0.0042254556371974505
B,wide,1.5,0.1,15,0,float64,16,0.8585392180558586,記述的評価,4096,0.005365052680104607,0.837509231714612,0.013531277994063395,0.061767578125,0.006591796875,0.021029986341246643,0.024495079431395738
B,wide,1.5,0.1,15,0,float64,32,0.8585596366331361,記述的評価,4096,-4.766003817803044e-05,0.8035566692269611,0.01406240932198266,0.061279296875,0.00732421875,0.05500296740617494,0.06406423626187518
B,wide,1.5,0.1,15,0,float64,64,0.8585596366401104,記述的評価,4096,-0.043032120636861945,0.8699625168131577,0.019916822560222425,0.066162109375,0.006591796875,0.011402880173047358,0.013281407238839483
B,wide,1.5,0.1,15,0,float64,128,0.8585596366401104,記述的評価,4096,0.02278475436806892,0.8319991800826456,0.01375691994536199,0.05859375,0.005615234375,0.02656045655746475,0.03093606480431169
B,wide,1.5,0.1,15,0,float64,256,0.8585596366401104,記述的評価,4096,-0.00443829541118608,0.8356783185742513,0.013809236445191386,0.0634765625,0.00732421875,0.022881318065859024,0.02665081968609989
B,wide,1.5,0.1,15,0,float64,512,0.8585596366401104,記述的評価,4096,0.04887488994484548,0.8870559307207768,0.02550966451103509,0.06689453125,0.007080078125,0.02849629408066645,0.03319081501686234
B,wide,1.5,0.1,15,0,float64,1024,0.8585596366401104,記述的評価,4096,-0.014929902180680866,0.8922407258613891,0.014292938227553398,0.066162109375,0.005126953125,0.03368108922127877,0.03922976085049425
B,wide,1.5,0.1,15,0,float64,2048,0.8585596366401104,記述的評価,4096,0.009978648090838378,0.8525148106815292,0.008905185419182504,0.05859375,0.00732421875,0.006044825958581135,0.007040659379512614
B,wide,1.5,0.1,15,0,float64,4096,0.8585596366401104,記述的評価,4096,-0.0067022988970785145,0.8864218547719969,0.012398593543740954,0.0634765625,0.005859375,0.027862218131886496,0.03245228047398382
B,wide,1.5,0.1,15,1,float64,0,0.1,記述的評価,4096,-0.0022739816396409557,0.10253520743418328,0.011875466254887557,0.0625,0.005859375,0.0025352074341832703,0.025352074341832703
B,wide,1.5,0.1,15,1,float64,1,0.148885033623318,記述的評価,4096,-0.002506872609711061,0.1548902600130473,0.014604253179449134,0.06982421875,0.005615234375,0.006005226389729279,0.04033465448866148
B,wide,1.5,0.1,15,1,float64,2,0.21968732105866245,記述的評価,4096,-0.008060797968654432,0.22550351084152986,0.016606739228050005,0.070068359375,0.008544921875,0.005816189782867409,0.02647485414651822
B,wide,1.5,0.1,15,1,float64,4,0.4439573729100678,記述的評価,4096,-0.012221123716977957,0.45372934341952986,0.015196728468373055,0.069091796875,0.0068359375,0.009771970509462047,0.0220110558034173
B,wide,1.5,0.1,15,1,float64,8,0.8260055539730777,記述的評価,4096,-0.019242770716876433,0.8296943014391656,0.010298926113379181,0.0654296875,0.00537109375,0.0036887474660878272,0.004465765936251871
B,wide,1.5,0.1,15,1,float64,16,0.8585392180558586,記述的評価,4096,-0.004152192567510564,0.8310961901006166,0.012377840021605246,0.06298828125,0.0068359375,0.027443027955242005,0.03196479249647568
B,wide,1.5,0.1,15,1,float64,32,0.8585596366331361,記述的評価,4096,0.017934186200087365,0.8602328863763316,0.017440785774422263,0.061767578125,0.005615234375,0.001673249743195493,0.0019489033397344247
B,wide,1.5,0.1,15,1,float64,64,0.8585596366401104,記述的評価,4096,-0.021752883894137508,0.8494820900714091,0.009663418888665898,0.064697265625,0.00830078125,0.0090775465687013,0.010572994794194374
B,wide,1.5,0.1,15,1,float64,128,0.8585596366401104,記述的評価,4096,-0.007741457265789519,0.8284025926892542,0.01237428321670131,0.068115234375,0.006103515625,0.030157043950856166,0.03512515923631447
B,wide,1.5,0.1,15,1,float64,256,0.8585596366401104,記述的評価,4096,0.010712517768160401,0.8620516801486637,0.011733047144798836,0.063232421875,0.00537109375,0.0034920435085533663,0.004067327835511973
B,wide,1.5,0.1,15,1,float64,512,0.8585596366401104,記述的評価,4096,0.019208514582807718,0.8490490093255139,0.010115351465552813,0.062255859375,0.0068359375,0.00951062731459651,0.011077421892106906
B,wide,1.5,0.1,15,1,float64,1024,0.8585596366401104,記述的評価,4096,-0.008365466166493401,0.8546661846160268,0.010009815536724642,0.056640625,0.0048828125,0.0038934520240835324,0.0045348649737602135
B,wide,1.5,0.1,15,1,float64,2048,0.8585596366401104,記述的評価,4096,-0.0398279506927547,0.8256774796660498,0.023962608635545113,0.062744140625,0.00830078125,0.032882156974060606,0.03829921134278072
B,wide,1.5,0.1,15,1,float64,4096,0.8585596366401104,記述的評価,4096,0.03255762107688853,0.8780352977655468,0.01461223631890396,0.063232421875,0.006103515625,0.019475661125436416,0.02268410986760631
B,wide,1.5,0.1,15,2,float64,0,0.1,記述的評価,4096,-0.0030012735536459082,0.10222022342009932,0.016073752790408846,0.06005859375,0.0048828125,0.00222022342009931,0.0222022342009931
B,wide,1.5,0.1,15,2,float64,1,0.148885033623318,記述的評価,4096,-0.0026953900984920936,0.15274254631924808,0.01234800612306658,0.061279296875,0.005126953125,0.003857512695930071,0.02590933824611043
B,wide,1.5,0.1,15,2,float64,2,0.21968732105866245,記述的評価,4096,-0.004817927807774755,0.22359884064146074,0.013539052970184429,0.066650390625,0.00830078125,0.003911519582798284,0.017804940057299906
B,wide,1.5,0.1,15,2,float64,4,0.4439573729100678,記述的評価,4096,-0.004634336877959448,0.4512207762406819,0.010371466512154481,0.066162109375,0.008544921875,0.007263403330614093,0.016360587240625547
B,wide,1.5,0.1,15,2,float64,8,0.8260055539730777,記述的評価,4096,-0.04593255412503576,0.8489096716930253,0.022269599920377414,0.065673828125,0.007568359375,0.022904117719947603,0.027728769630880865
B,wide,1.5,0.1,15,2,float64,16,0.8585392180558586,記述的評価,4096,-0.01151352344934342,0.8386808055889636,0.01131272757093904,0.060302734375,0.005615234375,0.019858412466895015,0.02313046631913206
B,wide,1.5,0.1,15,2,float64,32,0.8585596366331361,記述的評価,4096,-0.030393065525212162,0.832906888436697,0.01898343567376548,0.0595703125,0.00439453125,0.025652748196439035,0.029878819247824127
B,wide,1.5,0.1,15,2,float64,64,0.8585596366401104,記述的評価,4096,0.005796634933319233,0.8358556773969139,0.011896831646096617,0.065185546875,0.006103515625,0.02270395924319646,0.02644424251301423
B,wide,1.5,0.1,15,2,float64,128,0.8585596366401104,記述的評価,4096,-0.003965937619645245,0.8608813619955449,0.011670760271595526,0.069580078125,0.00830078125,0.002321725355434512,0.0027042097675594886
B,wide,1.5,0.1,15,2,float64,256,0.8585596366401104,記述的評価,4096,0.03094721223115292,0.8260206012240252,0.017160299557253067,0.060546875,0.006103515625,0.03253903541608516,0.03789956344025618
B,wide,1.5,0.1,15,2,float64,512,0.8585596366401104,記述的評価,4096,-0.00047400860909487745,0.8643577522127657,0.011009101989099213,0.064697265625,0.007568359375,0.005798115572655305,0.006753305565756231
B,wide,1.5,0.1,15,2,float64,1024,0.8585596366401104,記述的評価,4096,-5.438698255677701e-05,0.8817384550356921,0.0088155666506331,0.058837890625,0.007080078125,0.02317881839558178,0.02699733065287093
B,wide,1.5,0.1,15,2,float64,2048,0.8585596366401104,記述的評価,4096,0.007855250350660828,0.9198249406871442,0.018044679572378763,0.0673828125,0.00634765625,0.061265304047033786,0.07135823934932417
B,wide,1.5,0.1,15,2,float64,4096,0.8585596366401104,記述的評価,4096,-0.03695869390324471,0.8480553909837957,0.020694355490458505,0.05810546875,0.0068359375,0.010504245656314692,0.012234730364709475
B,wide,1.5,0.1,15,3,float64,0,0.1,記述的評価,4096,-0.0037637198592978607,0.09862400531260485,0.013203625196383406,0.06640625,0.00537109375,0.00137599468739516,0.0137599468739516
B,wide,1.5,0.1,15,3,float64,1,0.148885033623318,記述的評価,4096,-0.005576641551704762,0.14732533093388844,0.012790479809637434,0.0654296875,0.007080078125,0.0015597026894295651,0.010475886336403986
B,wide,1.5,0.1,15,3,float64,2,0.21968732105866245,記述的評価,4096,-0.011981339414415272,0.21671364821301875,0.01979391335455538,0.064208984375,0.00830078125,0.0029736728456437045,0.013535932940115618
B,wide,1.5,0.1,15,3,float64,4,0.4439573729100678,記述的評価,4096,-0.01868469480339462,0.44477263578742193,0.0142373448491242,0.06201171875,0.005615234375,0.0008152628773541171,0.0018363539544578402
B,wide,1.5,0.1,15,3,float64,8,0.8260055539730777,記述的評価,4096,-0.006886233057941617,0.8371872279979833,0.011226837643563359,0.06396484375,0.0078125,0.011181674024905552,0.01353704460111899
B,wide,1.5,0.1,15,3,float64,16,0.8585392180558586,記述的評価,4096,-0.04264455077473388,0.8220920284303967,0.019610917221130064,0.061767578125,0.006591796875,0.036447189625461895,0.0424525622813081
B,wide,1.5,0.1,15,3,float64,32,0.8585596366331361,記述的評価,4096,-0.0390499512898235,0.8699102089864179,0.0221175367515406,0.070068359375,0.0068359375,0.011350572353281851,0.013220482152868746
B,wide,1.5,0.1,15,3,float64,64,0.8585596366401104,記述的評価,4096,-0.025905135775769125,0.87144051168569,0.011968881082913663,0.06591796875,0.007568359375,0.012880875045579665,0.015002889136493438
B,wide,1.5,0.1,15,3,float64,128,0.8585596366401104,記述的評価,4096,0.01324832756757844,0.8617131638908693,0.014653854228934948,0.065185546875,0.005859375,0.003153527250758903,0.0036730439170188866
B,wide,1.5,0.1,15,3,float64,256,0.8585596366401104,記述的評価,4096,-0.0010220894153435594,0.8741781924010851,0.010301674661642779,0.064697265625,0.006591796875,0.015618555760974706,0.01819157935504213
B,wide,1.5,0.1,15,3,float64,512,0.8585596366401104,記述的評価,4096,0.04342950186272655,0.8595729980367839,0.021337519630888924,0.065673828125,0.006591796875,0.0010133613966735178,0.0011803040271485498
B,wide,1.5,0.1,15,3,float64,1024,0.8585596366401104,記述的評価,4096,-0.012541095630036575,0.8763431310083314,0.0075481795314332745,0.062255859375,0.0078125,0.01778349436822102,0.02071317309746239
B,wide,1.5,0.1,15,3,float64,2048,0.8585596366401104,記述的評価,4096,-0.02870997019261498,0.873678879491471,0.020008052438153068,0.072021484375,0.006591796875,0.015119242851360681,0.017610008910421606
B,wide,1.5,0.1,15,3,float64,4096,0.8585596366401104,記述的評価,4096,0.021803149554474717,0.9068162106934821,0.019031305729556136,0.06689453125,0.005859375,0.04825657405337169,0.05620643225462951
B,wide,1.5,0.1,15,4,float64,0,0.1,記述的評価,4096,-0.0008016467537643862,0.10004649906141601,0.011687660828277435,0.06005859375,0.005615234375,4.6499061416002685e-05,0.00046499061416002685
B,wide,1.5,0.1,15,4,float64,1,0.148885033623318,記述的評価,4096,-0.0006340404567861847,0.1484139651586468,0.01285908206922809,0.059814453125,0.00537109375,0.00047106846467120933,0.0031639745997775813
B,wide,1.5,0.1,15,4,float64,2,0.21968732105866245,記述的評価,4096,-0.003496704643648163,0.21684072304546276,0.013424365159683094,0.0625,0.005859375,0.002846598013199697,0.012957497954283755
B,wide,1.5,0.1,15,4,float64,4,0.4439573729100678,記述的評価,4096,0.00037815413030093504,0.4354449747912219,0.00920685592899273,0.06298828125,0.006103515625,0.00851239811884591,0.01917390866390738
B,wide,1.5,0.1,15,4,float64,8,0.8260055539730777,記述的評価,4096,-0.010572832237470721,0.8091932296840236,0.010897151323697174,0.067626953125,0.006103515625,0.016812324289054104,0.020353766640172098
B,wide,1.5,0.1,15,4,float64,16,0.8585392180558586,記述的評価,4096,-0.002024881302907146,0.8417812755968465,0.011944722895966264,0.064453125,0.00537109375,0.016757942459012187,0.01951913448631985
B,wide,1.5,0.1,15,4,float64,32,0.8585596366331361,記述的評価,4096,0.01529078828104856,0.8559131758564251,0.00902284126361863,0.060791015625,0.0078125,0.002646460776710935,0.0030824425745066466
B,wide,1.5,0.1,15,4,float64,64,0.8585596366401104,記述的評価,4096,-0.0032962289407792566,0.8581686619361207,0.010129750527977877,0.063232421875,0.006591796875,0.00039097470398963274,0.0004553844454179959
B,wide,1.5,0.1,15,4,float64,128,0.8585596366401104,記述的評価,4096,0.014670062694571728,0.8702830342560499,0.012424431587987561,0.068359375,0.009033203125,0.011723397615939546,0.013654727191483078
B,wide,1.5,0.1,15,4,float64,256,0.8585596366401104,記述的評価,4096,-0.02895883372812229,0.8613132764847109,0.015942392201994116,0.061767578125,0.007080078125,0.0027536398446005306,0.0032072784779128825
B,wide,1.5,0.1,15,4,float64,512,0.8585596366401104,記述的評価,4096,0.007830605757548187,0.8728431720535927,0.011570397289278,0.0634765625,0.00537109375,0.014283535413482373,0.016636625813647145
B,wide,1.5,0.1,15,4,float64,1024,0.8585596366401104,記述的評価,4096,0.01151913066116648,0.8817413796845373,0.00892062221748724,0.0615234375,0.007568359375,0.023181743044426883,0.02700073711262083
B,wide,1.5,0.1,15,4,float64,2048,0.8585596366401104,記述的評価,4096,0.007083409454678398,0.8238778582587636,0.016084615670943603,0.056640625,0.005615234375,0.034681778381346784,0.040395304998346475
B,wide,1.5,0.1,15,4,float64,4096,0.8585596366401104,記述的評価,4096,-0.04937592531853442,0.8641600582412816,0.019490918331011742,0.06982421875,0.005615234375,0.005600421601171246,0.00652304320185369
B,wide,1.5,1.0,16,0,float64,0,1.0,記述的評価,4096,0.005515248777116199,1.0328890505787287,0.008092450038752586,0.064697265625,0.007080078125,0.03288905057872871,0.03288905057872871
B,wide,1.5,1.0,16,0,float64,1,0.9051482536448664,記述的評価,4096,-0.006958256758923583,0.9273042458859562,0.0134897768062332,0.063232421875,0.004638671875,0.022155992241089772,0.024477749530943296
B,wide,1.5,1.0,16,0,float64,2,0.8758637517042179,記述的評価,4096,-0.01501663521361997,0.8731688518070213,0.019857529220294046,0.067138671875,0.006591796875,0.002694899897196623,0.0030768483019796206
B,wide,1.5,1.0,16,0,float64,4,0.8611683936200021,記述的評価,4096,0.044997510122868324,0.8515021203111279,0.020933908978385096,0.0615234375,0.0068359375,0.009666273308874151,0.011224602970205473
B,wide,1.5,1.0,16,0,float64,8,0.8586223631488357,記述的評価,4096,-0.009974314859548927,0.8710137482091775,0.009060763324226784,0.060302734375,0.006591796875,0.012391385060341875,0.014431705476315346
B,wide,1.5,1.0,16,0,float64,16,0.8585596732941815,記述的評価,4096,0.01742188720050303,0.8475722827962435,0.011324132466730474,0.06396484375,0.0078125,0.010987390497937954,0.012797468643945004
B,wide,1.5,1.0,16,0,float64,32,0.8585596366401229,記述的評価,4096,0.01994260782286337,0.8749423195319698,0.010309014524297777,0.0712890625,0.0068359375,0.016382682891846856,0.01908158990091667
B,wide,1.5,1.0,16,0,float64,64,0.8585596366401104,記述的評価,4096,-0.01091769976357245,0.8237547592648058,0.012169848120989979,0.060302734375,0.0048828125,0.03480487737530458,0.04053868349962279
B,wide,1.5,1.0,16,0,float64,128,0.8585596366401104,記述的評価,4096,0.011738809638047767,0.876592061629557,0.008148525827913589,0.065673828125,0.00927734375,0.018032424989446683,0.02100311291131135
B,wide,1.5,1.0,16,0,float64,256,0.8585596366401104,記述的評価,4096,-0.023243157240726828,0.8833398841658632,0.019292388664569837,0.065673828125,0.007080078125,0.024780247525752808,0.02886258154730858
B,wide,1.5,1.0,16,0,float64,512,0.8585596366401104,記述的評価,4096,-0.012453574877673085,0.8383303114014271,0.012538457090418897,0.0712890625,0.0078125,0.02022932523868326,0.023561933703113224
B,wide,1.5,1.0,16,0,float64,1024,0.8585596366401104,記述的評価,4096,0.008039521675291806,0.8523276672328755,0.008948176548150222,0.06103515625,0.005859375,0.006231969407234916,0.007258633112107532
B,wide,1.5,1.0,16,0,float64,2048,0.8585596366401104,記述的評価,4096,0.014180841005637913,0.856974971482015,0.009031316663211442,0.06201171875,0.0068359375,0.0015846651580954108,0.0018457252012182214
B,wide,1.5,1.0,16,0,float64,4096,0.8585596366401104,記述的評価,4096,0.025731781205997853,0.8197405409262657,0.020618466869199048,0.061767578125,0.005859375,0.038819095713844676,0.04521421000614405
B,wide,1.5,1.0,16,1,float64,0,1.0,記述的評価,4096,-0.03276154708621343,1.0093919090555281,0.018400657613919735,0.058349609375,0.00634765625,0.009391909055528114,0.009391909055528114
B,wide,1.5,1.0,16,1,float64,1,0.9051482536448664,記述的評価,4096,0.013168539123399076,0.8712780042805184,0.009264146826107766,0.058349609375,0.005126953125,0.033870249364348015,0.037419559975903086
B,wide,1.5,1.0,16,1,float64,2,0.8758637517042179,記述的評価,4096,0.023569396664233765,0.8715980633983982,0.013952154857443055,0.064453125,0.004638671875,0.004265688305819748,0.00487026469301847
B,wide,1.5,1.0,16,1,float64,4,0.8611683936200021,記述的評価,4096,-0.0026148720933072424,0.8648813055685557,0.011963820418605442,0.0654296875,0.0078125,0.00371291194855361,0.004311481907674336
B,wide,1.5,1.0,16,1,float64,8,0.8586223631488357,記述的評価,4096,0.0030383231782394222,0.8755017018936293,0.012470181873327324,0.0673828125,0.006591796875,0.016879338744793637,0.019658629298789566
B,wide,1.5,1.0,16,1,float64,16,0.8585596732941815,記述的評価,4096,-0.001177729104228586,0.8763221711156726,0.013254611094958735,0.070068359375,0.008544921875,0.017762497821491086,0.020688716665830224
B,wide,1.5,1.0,16,1,float64,32,0.8585596366401229,記述的評価,4096,-0.01607178849689046,0.8757237459496252,0.015325312570416583,0.065185546875,0.006103515625,0.017164109309502296,0.01999174964324216
B,wide,1.5,1.0,16,1,float64,64,0.8585596366401104,記述的評価,4096,-0.012370612842584852,0.839970104628915,0.011298758883856785,0.062744140625,0.006591796875,0.018589532011195398,0.021651998554164185
B,wide,1.5,1.0,16,1,float64,128,0.8585596366401104,記述的評価,4096,-0.0240377591659636,0.8679555137922418,0.01558043310699575,0.056640625,0.004638671875,0.009395877152131415,0.010943767620967213
B,wide,1.5,1.0,16,1,float64,256,0.8585596366401104,記述的評価,4096,-0.015889295282801242,0.8780548366060836,0.01572731987768694,0.061767578125,0.00830078125,0.019495199965973264,0.02270686756515346
B,wide,1.5,1.0,16,1,float64,512,0.8585596366401104,記述的評価,4096,0.01715754711062719,0.8546985719214322,0.00762119645132997,0.065185546875,0.00732421875,0.0038610647186781977,0.004497142136553378
B,wide,1.5,1.0,16,1,float64,1024,0.8585596366401104,記述的評価,4096,-0.001200969711547595,0.8848988884104263,0.013158554819070079,0.0634765625,0.005126953125,0.02633925177031593,0.030678418418774063
B,wide,1.5,1.0,16,1,float64,2048,0.8585596366401104,記述的評価,4096,-0.009803401819742728,0.8659385375724465,0.01295528028972448,0.064208984375,0.005615234375,0.007378900932336174,0.008594511804925731
B,wide,1.5,1.0,16,1,float64,4096,0.8585596366401104,記述的評価,4096,0.011925480679726718,0.8512208054666397,0.016551627724665285,0.061279296875,0.005615234375,0.007338831173470672,0.00854784089570117
B,wide,1.5,1.0,16,2,float64,0,1.0,記述的評価,4096,0.022029664264097897,1.0449267703841487,0.014645070884717115,0.06494140625,0.0068359375,0.04492677038414872,0.04492677038414872
B,wide,1.5,1.0,16,2,float64,1,0.9051482536448664,記述的評価,4096,0.012993485418316754,0.9056432444160417,0.010873321636777566,0.06591796875,0.00439453125,0.0004949907711753188,0.0005468615436002683
B,wide,1.5,1.0,16,2,float64,2,0.8758637517042179,記述的評価,4096,0.009345030446944642,0.8827483922353816,0.008886516820009016,0.068603515625,0.008056640625,0.006884640531163666,0.0078604012527837
B,wide,1.5,1.0,16,2,float64,4,0.8611683936200021,記述的評価,4096,-0.01808996128442197,0.8982356243758032,0.015606842865635684,0.0673828125,0.00537109375,0.037067230755801095,0.04304295307446841
B,wide,1.5,1.0,16,2,float64,8,0.8586223631488357,記述的評価,4096,0.004220863529236892,0.8296606112875181,0.014473217323739296,0.057373046875,0.00439453125,0.028961751861317553,0.033730488634265
B,wide,1.5,1.0,16,2,float64,16,0.8585596732941815,記述的評価,4096,0.010522050439583491,0.8595934045963511,0.009257751261433356,0.067138671875,0.00537109375,0.0010337313021696604,0.0012040296491021621
B,wide,1.5,1.0,16,2,float64,32,0.8585596366401229,記述的評価,4096,-0.022083577663399096,0.8553836831748365,0.013800207109778029,0.064208984375,0.006103515625,0.0031759534652864296,0.0036991646587477235
B,wide,1.5,1.0,16,2,float64,64,0.8585596366401104,記述的評価,4096,-0.029020234222549582,0.8472568078871829,0.01607879497809428,0.060302734375,0.005859375,0.01130282875292743,0.013164873202238985
B,wide,1.5,1.0,16,2,float64,128,0.8585596366401104,記述的評価,4096,-0.0025167528812599423,0.8714090712341485,0.009865988033348594,0.06591796875,0.0078125,0.01284943459403809,0.014966269139233126
B,wide,1.5,1.0,16,2,float64,256,0.8585596366401104,記述的評価,4096,0.00021820561025681504,0.8617930198148784,0.010264633265078982,0.054931640625,0.003662109375,0.0032333831747680675,0.00376605542210393
B,wide,1.5,1.0,16,2,float64,512,0.8585596366401104,記述的評価,4096,0.0006687796390478355,0.8518037526342399,0.010578798673183454,0.066162109375,0.007080078125,0.0067558840058704606,0.007868858163783422
B,wide,1.5,1.0,16,2,float64,1024,0.8585596366401104,記述的評価,4096,0.009030464860238143,0.861323552251494,0.011352940222896013,0.05517578125,0.004150390625,0.0027639156113836716,0.003219247089462517
B,wide,1.5,1.0,16,2,float64,2048,0.8585596366401104,記述的評価,4096,-0.032483424632134814,0.8433090587153,0.016723189917461245,0.0595703125,0.006591796875,0.015250577924810327,0.017762980314905065
B,wide,1.5,1.0,16,2,float64,4096,0.8585596366401104,記述的評価,4096,-0.00518810923818809,0.8637739802804294,0.011893804960495191,0.0693359375,0.006103515625,0.00521434364031903,0.006073362196160137
B,wide,1.5,1.0,16,3,float64,0,1.0,記述的評価,4096,0.00018470395390448053,1.0004841591390063,0.010946036449637875,0.0595703125,0.0048828125,0.000484159139006346,0.000484159139006346
B,wide,1.5,1.0,16,3,float64,1,0.9051482536448664,記述的評価,4096,0.050157157102980236,0.8889528605994776,0.02044757576796319,0.064697265625,0.007568359375,0.01619539304538875,0.017892530842514326
B,wide,1.5,1.0,16,3,float64,2,0.8758637517042179,記述的評価,4096,0.04670056177763923,0.8682873171047819,0.020562297287528786,0.057373046875,0.0068359375,0.007576434599436022,0.008650243356565586
B,wide,1.5,1.0,16,3,float64,4,0.8611683936200021,記述的評価,4096,0.004575336263509507,0.8642192349306144,0.006500918382944643,0.063720703125,0.006591796875,0.0030508413106122845,0.0035426768251303176
B,wide,1.5,1.0,16,3,float64,8,0.8586223631488357,記述的評価,4096,-0.0038382943479897055,0.8512422566313469,0.009247535206027058,0.06494140625,0.005615234375,0.0073801065174887714,0.008595288026768394
B,wide,1.5,1.0,16,3,float64,16,0.8585596732941815,記述的評価,4096,-0.02413162264612422,0.8626436122715891,0.012298017675913375,0.064453125,0.00390625,0.004083938977407664,0.004756732821771284
B,wide,1.5,1.0,16,3,float64,32,0.8585596366401229,記述的評価,4096,0.008007616378049618,0.8436232136236474,0.012993184175234651,0.060546875,0.0068359375,0.014936423016475464,0.017397071070016156
B,wide,1.5,1.0,16,3,float64,64,0.8585596366401104,記述的評価,4096,-0.027246584987417985,0.8601546189701399,0.011351278693025546,0.0634765625,0.00537109375,0.0015949823300295263,0.001857742039063628
B,wide,1.5,1.0,16,3,float64,128,0.8585596366401104,記述的評価,4096,0.016347775291961724,0.8837424368901735,0.01591317230423228,0.073486328125,0.006591796875,0.025182800250063142,0.029331451392955742
B,wide,1.5,1.0,16,3,float64,256,0.8585596366401104,記述的評価,4096,-0.012763000519935005,0.8539594649816926,0.012280861660749598,0.056396484375,0.00537109375,0.004600171658417751,0.005358010628615241
B,wide,1.5,1.0,16,3,float64,512,0.8585596366401104,記述的評価,4096,0.03504416112140751,0.8725423076075607,0.018829791903553827,0.0634765625,0.005615234375,0.013982670967450317,0.016286196521152728
B,wide,1.5,1.0,16,3,float64,1024,0.8585596366401104,記述的評価,4096,-0.040578061565932716,0.8751660638640635,0.022112883810895323,0.06494140625,0.004150390625,0.016606427223953113,0.0193421941997422
B,wide,1.5,1.0,16,3,float64,2048,0.8585596366401104,記述的評価,4096,-0.0197325100709971,0.8425209492236911,0.017435969892327763,0.060546875,0.008056640625,0.01603868741641923,0.018680924110508004
B,wide,1.5,1.0,16,3,float64,4096,0.8585596366401104,記述的評価,4096,-0.004160093626790524,0.8468284671169823,0.011146114945457919,0.06103515625,0.005126953125,0.011731169523128027,0.013663779453966433
B,wide,1.5,1.0,16,4,float64,0,1.0,記述的評価,4096,-0.01248848164612964,1.0179738242368324,0.012257196888961819,0.069091796875,0.0068359375,0.01797382423683236,0.01797382423683236
B,wide,1.5,1.0,16,4,float64,1,0.9051482536448664,記述的評価,4096,-0.03916122088929864,0.8905534108564519,0.0160535446477022,0.061279296875,0.006591796875,0.014594842788414497,0.016124256694573222
B,wide,1.5,1.0,16,4,float64,2,0.8758637517042179,記述的評価,4096,0.010437795294101408,0.890064713790365,0.0144780768068411,0.068359375,0.00634765625,0.014200962086147073,0.016213665719714342
B,wide,1.5,1.0,16,4,float64,4,0.8611683936200021,記述的評価,4096,-0.023602802287998888,0.873090994096358,0.01370005386830253,0.060302734375,0.00732421875,0.01192260047635596,0.013844679582628656
B,wide,1.5,1.0,16,4,float64,8,0.8586223631488357,記述的評価,4096,-0.028512772160046114,0.8947239114823746,0.017176809586455954,0.066162109375,0.00537109375,0.03610154833353896,0.042045898037343606
B,wide,1.5,1.0,16,4,float64,16,0.8585596732941815,記述的評価,4096,-0.006511384494918499,0.8623472650755049,0.009219717718539133,0.06689453125,0.00537109375,0.003787591781323374,0.00441156497228769
B,wide,1.5,1.0,16,4,float64,32,0.8585596366401229,記述的評価,4096,-0.00405793663752068,0.8822212130553868,0.018594009680455825,0.068115234375,0.0048828125,0.023661576415263896,0.02755961893091181
B,wide,1.5,1.0,16,4,float64,64,0.8585596366401104,記述的評価,4096,-0.0017341074006034895,0.8330388269198865,0.013184659852952252,0.05859375,0.0068359375,0.025520809720223858,0.02972514503488315
B,wide,1.5,1.0,16,4,float64,128,0.8585596366401104,記述的評価,4096,-0.012516924855882247,0.8845966572052917,0.01274592714065581,0.063720703125,0.00732421875,0.026037020565181312,0.03032639720529451
B,wide,1.5,1.0,16,4,float64,256,0.8585596366401104,記述的評価,4096,-0.022892913327016262,0.8811856748336261,0.02060316062952905,0.064208984375,0.007080078125,0.02262603819351572,0.026353484636268854
B,wide,1.5,1.0,16,4,float64,512,0.8585596366401104,記述的評価,4096,-0.004835931137485346,0.8667805009536298,0.009295284879629884,0.058349609375,0.005615234375,0.008220864313519427,0.00957518145820479
B,wide,1.5,1.0,16,4,float64,1024,0.8585596366401104,記述的評価,4096,-0.008218011183557371,0.8218708917101211,0.018540891447229146,0.06005859375,0.0048828125,0.0366887449299893,0.042732902135449946
B,wide,1.5,1.0,16,4,float64,2048,0.8585596366401104,記述的評価,4096,0.03131947715329979,0.8641002052628368,0.01706431077761794,0.0625,0.007080078125,0.0055405686227264495,0.0064533299566806165
B,wide,1.5,1.0,16,4,float64,4096,0.8585596366401104,記述的評価,4096,0.007250658320731299,0.8487946248784433,0.0077057157929310005,0.062744140625,0.006103515625,0.009765011761667108,0.01137371400300337
B,wide,1.5,10.0,17,0,float64,0,10.0,記述的評価,4096,-0.08802404872940615,9.813141574149181,0.013582910349244859,0.067138671875,0.00634765625,0.18685842585081858,0.01868584258508186
B,wide,1.5,10.0,17,0,float64,1,0.9999999999998128,記述的評価,4096,0.03785976979435372,1.033566284544205,0.019832742730597486,0.066650390625,0.0078125,0.033566284544392255,0.033566284544398535
B,wide,1.5,10.0,17,0,float64,2,0.9051482536448157,記述的評価,4096,0.013639105474841047,0.8703778626079375,0.013303199391330622,0.06396484375,0.00634765625,0.03477039103687818,0.03841402874818144
B,wide,1.5,10.0,17,0,float64,4,0.8652326680943407,記述的評価,4096,0.008357301545693033,0.8417720724633253,0.014516462525607121,0.0654296875,0.003662109375,0.023460595631015435,0.027114782527440824
B,wide,1.5,10.0,17,0,float64,8,0.8587187471920722,記述的評価,4096,-0.04117919911225444,0.8658168824130642,0.016898211108552108,0.064208984375,0.007568359375,0.007098135220992008,0.008265960472159514
B,wide,1.5,10.0,17,0,float64,16,0.8585597295969064,記述的評価,4096,-0.008144874950723148,0.8312060279429206,0.01195667878816653,0.0634765625,0.005859375,0.027353701653985762,0.031859986802349
B,wide,1.5,10.0,17,0,float64,32,0.8585596366401421,記述的評価,4096,0.03104203402458104,0.8588925184622701,0.016964494797122587,0.067138671875,0.0078125,0.0003328818221279839,0.0003877212576993163
B,wide,1.5,10.0,17,0,float64,64,0.8585596366401104,記述的評価,4096,-0.016556828499012632,0.8176635379329826,0.010609095855551809,0.06396484375,0.00634765625,0.04089609870712774,0.04763338149364981
B,wide,1.5,10.0,17,0,float64,128,0.8585596366401104,記述的評価,4096,-0.012655511916256476,0.8697366683589354,0.014362032798830082,0.055419921875,0.006591796875,0.011177031718825003,0.013018352181760175
B,wide,1.5,10.0,17,0,float64,256,0.8585596366401104,記述的評価,4096,-0.023112590670140407,0.8556616352215061,0.011611742018755478,0.061767578125,0.0078125,0.0028980014186043013,0.0033754223875994776
B,wide,1.5,10.0,17,0,float64,512,0.8585596366401104,記述的評価,4096,-0.003753760072537691,0.8893578161096277,0.012047769727662416,0.063720703125,0.00732421875,0.03079817946951735,0.03587191635288497
B,wide,1.5,10.0,17,0,float64,1024,0.8585596366401104,記述的評価,4096,-0.004237917403853892,0.8281497376704308,0.010280562573978136,0.064453125,0.005859375,0.030409898969679605,0.0354196699587297
B,wide,1.5,10.0,17,0,float64,2048,0.8585596366401104,記述的評価,4096,-0.001965235154276326,0.8793925808117258,0.02054725393067114,0.069091796875,0.007080078125,0.02083294417161541,0.024264993697051856
B,wide,1.5,10.0,17,0,float64,4096,0.8585596366401104,記述的評価,4096,0.01474899209898392,0.854116378476413,0.010973536908941484,0.06103515625,0.003662109375,0.0044432581636973945,0.005175246976535786
B,wide,1.5,10.0,17,1,float64,0,10.0,記述的評価,4096,0.011884217781937647,9.877653350278436,0.007548829899629905,0.065673828125,0.008056640625,0.12234664972156395,0.012234664972156395
B,wide,1.5,10.0,17,1,float64,1,0.9999999999998128,記述的評価,4096,-0.0026531478282281144,0.9884436823706164,0.009620769657697537,0.05810546875,0.005126953125,0.0115563176291964,0.011556317629198563
B,wide,1.5,10.0,17,1,float64,2,0.9051482536448157,記述的評価,4096,-0.017829413476618663,0.8885009399144981,0.01075387423337959,0.064208984375,0.004638671875,0.01664731373031758,0.018391808925535488
B,wide,1.5,10.0,17,1,float64,4,0.8652326680943407,記述的評価,4096,0.025096865902511343,0.8595061329162086,0.01516956395678093,0.071533203125,0.007080078125,0.005726535178132153,0.006618491637335819
B,wide,1.5,10.0,17,1,float64,8,0.8587187471920722,記述的評価,4096,0.003970580934702435,0.8706695988015847,0.01591361471444841,0.064453125,0.007568359375,0.01195085160951248,0.013917073137847074
B,wide,1.5,10.0,17,1,float64,16,0.8585597295969064,記述的評価,4096,-0.016303942422122037,0.8770735667809296,0.013648057196536278,0.064697265625,0.0068359375,0.01851383718402322,0.0215638313163319
B,wide,1.5,10.0,17,1,float64,32,0.8585596366401421,記述的評価,4096,-0.025100067009613262,0.8810630638242476,0.013680624871964087,0.068115234375,0.009765625,0.022503427184105473,0.026210674510823283
B,wide,1.5,10.0,17,1,float64,64,0.8585596366401104,記述的評価,4096,-0.03041762826829263,0.8286229498631743,0.015969363818352234,0.05908203125,0.005615234375,0.02993668677693606,0.034868500101041755
B,wide,1.5,10.0,17,1,float64,128,0.8585596366401104,記述的評価,4096,-0.010406803654698865,0.8433385145491006,0.009685478356299071,0.06396484375,0.00634765625,0.015221122091009787,0.017728671884199177
B,wide,1.5,10.0,17,1,float64,256,0.8585596366401104,記述的評価,4096,0.01541443922869961,0.8553967832631848,0.00776376989129024,0.062255859375,0.006591796875,0.0031628533769255673,0.0036839064427755847
B,wide,1.5,10.0,17,1,float64,512,0.8585596366401104,記述的評価,4096,0.005858336151036489,0.8560640559212545,0.008286293847934945,0.064697265625,0.0078125,0.0024955807188559165,0.0029067063164326347
B,wide,1.5,10.0,17,1,float64,1024,0.8585596366401104,記述的評価,4096,0.014342762385643533,0.8431939159488132,0.01109324877164708,0.06396484375,0.006103515625,0.015365720691297158,0.0178970918682241
B,wide,1.5,10.0,17,1,float64,2048,0.8585596366401104,記述的評価,4096,-0.015276151953262634,0.8511938705829656,0.009403682366349808,0.06689453125,0.007080078125,0.007365766057144785,0.00857921307128995
B,wide,1.5,10.0,17,1,float64,4096,0.8585596366401104,記述的評価,4096,0.02659659063037214,0.8467073871308424,0.020669248041518096,0.06396484375,0.007568359375,0.011852249509267998,0.013804806333140263
B,wide,1.5,10.0,17,2,float64,0,10.0,記述的評価,4096,-0.37304093243849357,9.903159925109527,0.015625863591298916,0.061279296875,0.008056640625,0.09684007489047275,0.009684007489047275
B,wide,1.5,10.0,17,2,float64,1,0.9999999999998128,記述的評価,4096,0.031078489597876173,0.9932299057008445,0.016240718190914938,0.0654296875,0.0087890625,0.006770094298968354,0.006770094298969622
B,wide,1.5,10.0,17,2,float64,2,0.9051482536448157,記述的評価,4096,-0.012956675999986542,0.9336114377279556,0.01736716850807296,0.068603515625,0.00830078125,0.02846318408313997,0.031445880791931634
B,wide,1.5,10.0,17,2,float64,4,0.8652326680943407,記述的評価,4096,0.022774463012181393,0.8780455321785587,0.011145930847990482,0.065673828125,0.00537109375,0.012812864084218,0.014808576417298368
B,wide,1.5,10.0,17,2,float64,8,0.8587187471920722,記述的評価,4096,0.033310557952436426,0.8830678693619362,0.014545804468824697,0.063232421875,0.005859375,0.024349122169863957,0.028355177116469447
B,wide,1.5,10.0,17,2,float64,16,0.8585597295969064,記述的評価,4096,-0.0004509874766590704,0.8842593773849202,0.01611063925377254,0.064208984375,0.004150390625,0.025699647788013813,0.029933441905177396
B,wide,1.5,10.0,17,2,float64,32,0.8585596366401421,記述的評価,4096,-0.0076681956523389425,0.8861753574314615,0.012717308402937388,0.058349609375,0.00732421875,0.027615720791319354,0.03216517480298721
B,wide,1.5,10.0,17,2,float64,64,0.8585596366401104,記述的評価,4096,0.00558549330767686,0.8371541735677177,0.014893119171589753,0.0673828125,0.005615234375,0.02140546307239266,0.02493183019430177
B,wide,1.5,10.0,17,2,float64,128,0.8585596366401104,記述的評価,4096,-0.004221383916950941,0.8573904978095495,0.0110784721566336,0.057861328125,0.007080078125,0.0011691388305609118,0.0013617444620809603
B,wide,1.5,10.0,17,2,float64,256,0.8585596366401104,記述的評価,4096,-0.016115984027360156,0.8401156030890984,0.01249493200486207,0.06396484375,0.00830078125,0.018444033551011985,0.021482530466015053
B,wide,1.5,10.0,17,2,float64,512,0.8585596366401104,記述的評価,4096,-0.022988477939300443,0.8396639900831423,0.012526054490899996,0.05712890625,0.0068359375,0.01889564655696807,0.02200854285546703
B,wide,1.5,10.0,17,2,float64,1024,0.8585596366401104,記述的評価,4096,0.005051084389445242,0.8663765718894572,0.011982793168210881,0.064453125,0.008544921875,0.00781693524934679,0.009104708532464449
B,wide,1.5,10.0,17,2,float64,2048,0.8585596366401104,記述的評価,4096,0.008877682055010142,0.8627268840414424,0.009885121887296344,0.057373046875,0.0068359375,0.004167247401332008,0.004853765799706268
B,wide,1.5,10.0,17,2,float64,4096,0.8585596366401104,記述的評価,4096,0.02582256022652996,0.862188444069484,0.010158819321156143,0.067626953125,0.007568359375,0.0036288074293736594,0.0042266224435784615
B,wide,1.5,10.0,17,3,float64,0,10.0,記述的評価,4096,-0.19108748851498608,9.644129429639696,0.012277622290977286,0.061279296875,0.005859375,0.35587057036030423,0.03558705703603042
B,wide,1.5,10.0,17,3,float64,1,0.9999999999998128,記述的評価,4096,-0.0009022002632630552,1.0221099804053593,0.007297724768874692,0.061767578125,0.007080078125,0.02210998040554646,0.022109980405550598
B,wide,1.5,10.0,17,3,float64,2,0.9051482536448157,記述的評価,4096,-0.001683964340441527,0.8866893597173835,0.009967058997679468,0.061279296875,0.00537109375,0.018458893927432163,0.020393227135005354
B,wide,1.5,10.0,17,3,float64,4,0.8652326680943407,記述的評価,4096,0.00031989294009538213,0.8662324684260283,0.008569988736576994,0.05908203125,0.005126953125,0.0009998003316875614,0.0011555277193701014
B,wide,1.5,10.0,17,3,float64,8,0.8587187471920722,記述的評価,4096,0.03742394065782916,0.8896258856777602,0.029096236398809205,0.06591796875,0.0078125,0.030907138485688046,0.035992155274065483
B,wide,1.5,10.0,17,3,float64,16,0.8585597295969064,記述的評価,4096,0.004964819069353252,0.8913101029353971,0.01264334355583574,0.061279296875,0.0078125,0.032750373338490735,0.038145713349340325
B,wide,1.5,10.0,17,3,float64,32,0.8585596366401421,記述的評価,4096,-0.028317232406126623,0.8618147283071133,0.022681956644911683,0.0634765625,0.00634765625,0.0032550916669711327,0.0037913402028885226
B,wide,1.5,10.0,17,3,float64,64,0.8585596366401104,記述的評価,4096,-0.009648489895472328,0.8762826837760235,0.00910715630837755,0.066162109375,0.0048828125,0.017723047135913106,0.020642767700180416
B,wide,1.5,10.0,17,3,float64,128,0.8585596366401104,記述的評価,4096,0.029308323636332415,0.8628157117216679,0.018913327745558317,0.064697265625,0.007568359375,0.004256075081557564,0.004957227081176679
B,wide,1.5,10.0,17,3,float64,256,0.8585596366401104,記述的評価,4096,-0.005154183431749674,0.864066411518637,0.006336294568741241,0.06787109375,0.0048828125,0.005506774878526577,0.006413968981906493
B,wide,1.5,10.0,17,3,float64,512,0.8585596366401104,記述的評価,4096,0.011045512214464658,0.8342361717468673,0.015473631240743635,0.060302734375,0.00634765625,0.024323464893243107,0.028330547879505053
B,wide,1.5,10.0,17,3,float64,1024,0.8585596366401104,記述的評価,4096,-0.009920695527566848,0.8427728419953087,0.007390086229712711,0.064453125,0.0048828125,0.015786794644801705,0.01838753415730303
B,wide,1.5,10.0,17,3,float64,2048,0.8585596366401104,記述的評価,4096,0.02022251139543762,0.871945065462189,0.010182814663558415,0.05517578125,0.005859375,0.013385428822078604,0.015590563836032611
B,wide,1.5,10.0,17,3,float64,4096,0.8585596366401104,記述的評価,4096,-0.023179631159531512,0.8775843846376192,0.010610532194771705,0.06103515625,0.007568359375,0.019024747997508862,0.022158912655107294
B,wide,1.5,10.0,17,4,float64,0,10.0,記述的評価,4096,0.2792504196058435,9.88748057769418,0.016089337701076067,0.060302734375,0.005615234375,0.11251942230581946,0.011251942230581947
B,wide,1.5,10.0,17,4,float64,1,0.9999999999998128,記述的評価,4096,-0.05358981273023197,1.0168958129403467,0.027320576831535548,0.064208984375,0.00634765625,0.016895812940533883,0.016895812940537047
B,wide,1.5,10.0,17,4,float64,2,0.9051482536448157,記述的評価,4096,0.009604381985171696,0.9481141469616977,0.014549745126324953,0.07080078125,0.00537109375,0.04296589331688205,0.04746834912829879
B,wide,1.5,10.0,17,4,float64,4,0.8652326680943407,記述的評価,4096,-0.046219344922138736,0.8570098906917908,0.02312517426980465,0.060791015625,0.0068359375,0.008222777402549952,0.009503544775604082
B,wide,1.5,10.0,17,4,float64,8,0.8587187471920722,記述的評価,4096,0.027226579976919282,0.8287429623565246,0.01595868439668119,0.06201171875,0.005615234375,0.029975784835547636,0.034907570067109366
B,wide,1.5,10.0,17,4,float64,16,0.8585597295969064,記述的評価,4096,-0.03842124616823651,0.8249616974212113,0.02157062203816973,0.052490234375,0.00732421875,0.033598032175695125,0.039133016629453836
B,wide,1.5,10.0,17,4,float64,32,0.8585596366401421,記述的評価,4096,-0.011416272107271199,0.8646216491226425,0.009595860529363953,0.06005859375,0.00537109375,0.0060620124825003785,0.007060677236380749
B,wide,1.5,10.0,17,4,float64,64,0.8585596366401104,記述的評価,4096,0.02985492050339751,0.8449827438538614,0.014497391954129246,0.066650390625,0.005126953125,0.013576892786248962,0.01581356985215472
B,wide,1.5,10.0,17,4,float64,128,0.8585596366401104,記述的評価,4096,-0.0023122061198414465,0.8337866506680511,0.012585108439884973,0.060546875,0.00634765625,0.024772985972059236,0.02885412371469722
B,wide,1.5,10.0,17,4,float64,256,0.8585596366401104,記述的評価,4096,-0.006376290489768201,0.8614638337834899,0.011620440796417997,0.066162109375,0.00634765625,0.0029041971433795277,0.00338263880508618
B,wide,1.5,10.0,17,4,float64,512,0.8585596366401104,記述的評価,4096,-0.008686636473789734,0.856515729958325,0.00832053630494356,0.05615234375,0.004638671875,0.0020439066817853346,0.0023806228415115863
B,wide,1.5,10.0,17,4,float64,1024,0.8585596366401104,記述的評価,4096,-0.01944747489724378,0.8524281482238698,0.012373382760550666,0.063232421875,0.006103515625,0.00613148841624056,0.007141598736501921
B,wide,1.5,10.0,17,4,float64,2048,0.8585596366401104,記述的評価,4096,0.012879471877038758,0.8336155572526254,0.013892970418462047,0.060546875,0.008544921875,0.024944079387484996,0.029053403308244522
B,wide,1.5,10.0,17,4,float64,4096,0.8585596366401104,記述的評価,4096,-0.005848732144066842,0.8397993248491705,0.01069573826019965,0.058837890625,0.007080078125,0.018760311790939843,0.02185091284323183
B,wide,2.0,0.1,18,0,float64,0,0.1,記述的評価,4096,-0.0028688482769194277,0.09767865959079709,0.021400945349697276,0.060546875,0.006103515625,0.0023213404092029127,0.023213404092029127
B,wide,2.0,0.1,18,0,float64,1,0.197375320224904,記述的評価,4096,-0.004186314042424227,0.19163928185188422,0.018231642853012153,0.060546875,0.00537109375,0.005736038373019781,0.029061578552393053
B,wide,2.0,0.1,18,0,float64,2,0.3754484717826344,記述的評価,4096,-0.008205841055037048,0.36426299078886276,0.01788711763507811,0.0615234375,0.005859375,0.011185480993771646,0.029792319943833655
B,wide,2.0,0.1,18,0,float64,4,0.8541678543670506,記述的評価,4096,0.03958940675493142,0.8474612830085534,0.019863873484501138,0.062744140625,0.00634765625,0.006706571358497171,0.007851584819317307
B,wide,2.0,0.1,18,0,float64,8,0.9574021935757017,記述的評価,4096,0.001688778653803603,0.9877810378436911,0.011404680645382803,0.064697265625,0.007080078125,0.030378844267989424,0.03173049369620791
B,wide,2.0,0.1,18,0,float64,16,0.9575040240174795,記述的評価,4096,0.0367784452172569,0.9794111869262332,0.017683846480128662,0.06884765625,0.004638671875,0.02190716290875372,0.022879447354002762
B,wide,2.0,0.1,18,0,float64,32,0.9575040240772688,記述的評価,4096,-0.0023667435321397673,0.9837178643874501,0.00941889737800028,0.06005859375,0.00634765625,0.02621384031018137,0.027377263855828934
B,wide,2.0,0.1,18,0,float64,64,0.9575040240772688,記述的評価,4096,-0.037095127973703096,0.980112114822458,0.01745111672894506,0.068115234375,0.00732421875,0.022608090745189213,0.02361148379191019
B,wide,2.0,0.1,18,0,float64,128,0.9575040240772688,記述的評価,4096,-0.01890618224797694,0.9664914360857829,0.010225144401750041,0.0654296875,0.007080078125,0.008987412008514162,0.009386291631698558
B,wide,2.0,0.1,18,0,float64,256,0.9575040240772688,記述的評価,4096,-0.0015422374793067747,0.9207633952810772,0.009039588395606701,0.06298828125,0.006103515625,0.036740628796191555,0.03837125262381838
B,wide,2.0,0.1,18,0,float64,512,0.9575040240772688,記述的評価,4096,0.005728189432486449,0.9447652973537962,0.007665424004510757,0.061767578125,0.005126953125,0.012738726723472538,0.013304097322983727
B,wide,2.0,0.1,18,0,float64,1024,0.9575040240772688,記述的評価,4096,-0.0016278073895701045,0.941922716627958,0.01394181289285401,0.067138671875,0.0087890625,0.015581307449310744,0.01627283756256398
B,wide,2.0,0.1,18,0,float64,2048,0.9575040240772688,記述的評価,4096,0.0009944081457738852,0.9358034475424319,0.016742205533342824,0.06640625,0.007568359375,0.021700576534836813,0.02266369225523549
B,wide,2.0,0.1,18,0,float64,4096,0.9575040240772688,記述的評価,4096,-0.01970399288042623,0.9628087391950821,0.010249838186103755,0.0712890625,0.0078125,0.0053047151178133856,0.005540149163263783
B,wide,2.0,0.1,18,1,float64,0,0.1,記述的評価,4096,0.0021113479653483455,0.10100016065253656,0.016157041932945593,0.062744140625,0.004638671875,0.0010001606525365525,0.010001606525365525
B,wide,2.0,0.1,18,1,float64,1,0.197375320224904,記述的評価,4096,4.8950790906134656e-05,0.19540945293617643,0.010487950581965944,0.062255859375,0.007080078125,0.0019658672887275797,0.009960046101445335
B,wide,2.0,0.1,18,1,float64,2,0.3754484717826344,記述的評価,4096,0.001340357990525194,0.3675606107895577,0.012192426742965057,0.063232421875,0.006103515625,0.0078878609930767,0.02100917059436953
B,wide,2.0,0.1,18,1,float64,4,0.8541678543670506,記述的評価,4096,0.00441256630751165,0.819603538929482,0.011818107188521498,0.061279296875,0.0068359375,0.03456431543756855,0.04046548375808541
B,wide,2.0,0.1,18,1,float64,8,0.9574021935757017,記述的評価,4096,0.01539015516666718,0.9415233497394004,0.01148928278273198,0.060302734375,0.006103515625,0.015878843836301226,0.01658534306987222
B,wide,2.0,0.1,18,1,float64,16,0.9575040240174795,記述的評価,4096,-0.01691867463044458,0.98762839662486,0.009442095407657614,0.06494140625,0.007080078125,0.030124372607380545,0.03146135353142977
B,wide,2.0,0.1,18,1,float64,32,0.9575040240772688,記述的評価,4096,-0.03086148954263965,0.9349725653029812,0.019293332829665166,0.058349609375,0.005615234375,0.022531458774287527,0.023531450738288783
B,wide,2.0,0.1,18,1,float64,64,0.9575040240772688,記述的評価,4096,0.0170773489392341,0.9669648542332485,0.01015997496622456,0.064697265625,0.005859375,0.00946083015597976,0.009880721039367966
B,wide,2.0,0.1,18,1,float64,128,0.9575040240772688,記述的評価,4096,0.05780394462300002,0.9481862618655426,0.02264441534921957,0.069580078125,0.005615234375,0.0093177622117262,0.00973130344878245
B,wide,2.0,0.1,18,1,float64,256,0.9575040240772688,記述的評価,4096,0.05695880146155853,0.9678353814423413,0.01948630608504487,0.072265625,0.00927734375,0.010331357365072513,0.010789884016444398
B,wide,2.0,0.1,18,1,float64,512,0.9575040240772688,記述的評価,4096,0.01888362790327695,0.9562747528425997,0.018250676070383998,0.067626953125,0.005859375,0.0012292712346690937,0.0012838287921073989
B,wide,2.0,0.1,18,1,float64,1024,0.9575040240772688,記述的評価,4096,0.023443363164948536,0.9475518337528182,0.016662307869240667,0.06494140625,0.00830078125,0.009952190324450605,0.010393888771424612
B,wide,2.0,0.1,18,1,float64,2048,0.9575040240772688,記述的評価,4096,-0.002764372188618727,0.970949645938829,0.01304055298440876,0.059814453125,0.00439453125,0.013445621861560286,0.014042365904955455
B,wide,2.0,0.1,18,1,float64,4096,0.9575040240772688,記述的評価,4096,0.022014345172458406,0.9328366885009713,0.013274241585429503,0.065185546875,0.006591796875,0.02466733557629741,0.025762122096634452
B,wide,2.0,0.1,18,2,float64,0,0.1,記述的評価,4096,0.0033068393855068805,0.10239540155348881,0.01225093668726518,0.063232421875,0.004638671875,0.002395401553488802,0.023954015534888018
B,wide,2.0,0.1,18,2,float64,1,0.197375320224904,記述的評価,4096,0.0034377674503274125,0.20356689936438466,0.009113504407088968,0.06298828125,0.007568359375,0.006191579139480652,0.03136957109138827
B,wide,2.0,0.1,18,2,float64,2,0.3754484717826344,記述的評価,4096,0.013312038160006584,0.387795264045522,0.012898193128973168,0.060791015625,0.0048828125,0.012346792262887596,0.0328854508430008
B,wide,2.0,0.1,18,2,float64,4,0.8541678543670506,記述的評価,4096,0.019926949290503617,0.8378201676773412,0.015231473567429488,0.061767578125,0.006103515625,0.016347686689709318,0.019138728536937467
B,wide,2.0,0.1,18,2,float64,8,0.9574021935757017,記述的評価,4096,0.021035342530967407,0.9534572310421066,0.00888226054951391,0.061767578125,0.0068359375,0.003944962533595109,0.004120486207433345
B,wide,2.0,0.1,18,2,float64,16,0.9575040240174795,記述的評価,4096,0.007245623776215229,0.9787394164589938,0.014046563016137936,0.06103515625,0.007568359375,0.02123539244151429,0.02217786234716297
B,wide,2.0,0.1,18,2,float64,32,0.9575040240772688,記述的評価,4096,-0.0216348952891586,0.9771497192084785,0.010896804278530792,0.057373046875,0.004638671875,0.01964569513120973,0.02051761103577812
B,wide,2.0,0.1,18,2,float64,64,0.9575040240772688,記述的評価,4096,-0.01141218088342933,0.9440474415461682,0.009032651530004099,0.0654296875,0.0068359375,0.013456582531100603,0.014053813031301352
B,wide,2.0,0.1,18,2,float64,128,0.9575040240772688,記述的評価,4096,-0.00717003490004633,0.9620154442828384,0.010941254954523583,0.069091796875,0.0048828125,0.004511420205569605,0.004711646209442501
B,wide,2.0,0.1,18,2,float64,256,0.9575040240772688,記述的評価,4096,-0.01041046971638548,0.9661720295190208,0.010316759659329433,0.06396484375,0.008056640625,0.008668005441752058,0.009052709151906986
B,wide,2.0,0.1,18,2,float64,512,0.9575040240772688,記述的評価,4096,-0.0038099766929700486,0.9380401433618257,0.00840421899133359,0.060546875,0.006591796875,0.019463880715443027,0.020327727326472655
B,wide,2.0,0.1,18,2,float64,1024,0.9575040240772688,記述的評価,4096,0.015389933470548116,0.9282243503473198,0.011962797716411733,0.0556640625,0.006103515625,0.029279673729948996,0.030579165197937783
B,wide,2.0,0.1,18,2,float64,2048,0.9575040240772688,記述的評価,4096,0.01857467302448155,0.9145674310956944,0.014698585122947971,0.059326171875,0.003662109375,0.04293659298157437,0.04484220630085777
B,wide,2.0,0.1,18,2,float64,4096,0.9575040240772688,記述的評価,4096,0.009106504723937365,0.9698496285491107,0.011772284316587167,0.065673828125,0.007080078125,0.012345604471841964,0.012893527506309151
B,wide,2.0,0.1,18,3,float64,0,0.1,記述的評価,4096,0.0021154825839634897,0.09970615928639025,0.009606433071881804,0.05859375,0.0048828125,0.00029384071360975816,0.0029384071360975816
B,wide,2.0,0.1,18,3,float64,1,0.197375320224904,記述的評価,4096,0.005320630799342246,0.19599309248784325,0.012090473479383412,0.0634765625,0.00732421875,0.0013822277370607594,0.007003042404114897
B,wide,2.0,0.1,18,3,float64,2,0.3754484717826344,記述的評価,4096,0.01567479213559514,0.3723297873364637,0.01831640876237567,0.06298828125,0.00732421875,0.003118684446170694,0.008306557838318367
B,wide,2.0,0.1,18,3,float64,4,0.8541678543670506,記述的評価,4096,-0.005892544801548266,0.9027950965196371,0.013702840649264136,0.059326171875,0.00634765625,0.048627242152586514,0.05692937506834641
B,wide,2.0,0.1,18,3,float64,8,0.9574021935757017,記述的評価,4096,-0.02054469975761812,0.9620718637232957,0.008402547569161256,0.0654296875,0.007080078125,0.004669670147594007,0.004877438321040129
B,wide,2.0,0.1,18,3,float64,16,0.9575040240174795,記述的評価,4096,-0.012726545220959201,0.9388384787188944,0.0110046243339178,0.064208984375,0.005615234375,0.018665545298585107,0.019493960161408537
B,wide,2.0,0.1,18,3,float64,32,0.9575040240772688,記述的評価,4096,-0.0036283768052405895,0.8861647533329258,0.021070751698443746,0.06103515625,0.00634765625,0.07133927074434299,0.07450545266699166
B,wide,2.0,0.1,18,3,float64,64,0.9575040240772688,記述的評価,4096,0.002854224292733527,0.9198663944327554,0.01504736981976712,0.0625,0.00830078125,0.03763762964451334,0.03930806419407387
B,wide,2.0,0.1,18,3,float64,128,0.9575040240772688,記述的評価,4096,-0.009008376392769704,0.9531161771159985,0.008538907127149886,0.05859375,0.005859375,0.004387846961270259,0.0045825885332427254
B,wide,2.0,0.1,18,3,float64,256,0.9575040240772688,記述的評価,4096,0.006171140411215287,0.9582801121838695,0.013823170816246733,0.061279296875,0.006591796875,0.0007760881066007919,0.0008105324751493295
B,wide,2.0,0.1,18,3,float64,512,0.9575040240772688,記述的評価,4096,-0.00975089038685803,0.9829455856314154,0.012890647916341424,0.064697265625,0.005859375,0.025441561554146674,0.026570709797971135
B,wide,2.0,0.1,18,3,float64,1024,0.9575040240772688,記述的評価,4096,-0.014251943715635408,0.9733070013750533,0.01109757826713631,0.07080078125,0.008056640625,0.01580297729778457,0.01650434556973653
B,wide,2.0,0.1,18,3,float64,2048,0.9575040240772688,記述的評価,4096,-0.015135025387774902,0.9358979275720315,0.012284143075277365,0.0546875,0.007568359375,0.02160609650523726,0.022565019009772525
B,wide,2.0,0.1,18,3,float64,4096,0.9575040240772688,記述的評価,4096,-0.005975955066908239,0.9562667779968974,0.011004143422643553,0.061767578125,0.002685546875,0.0012372460803713459,0.0012921575776808458
B,wide,2.0,0.1,18,4,float64,0,0.1,記述的評価,4096,0.004628163284951502,0.10118025913259013,0.017145240324593747,0.058837890625,0.005859375,0.0011802591325901224,0.011802591325901224
B,wide,2.0,0.1,18,4,float64,1,0.197375320224904,記述的評価,4096,0.014617706284392809,0.2005664525877846,0.025789094445977434,0.056396484375,0.006591796875,0.0031911323628806,0.016167838812088504
B,wide,2.0,0.1,18,4,float64,2,0.3754484717826344,記述的評価,4096,0.025745980856839643,0.3910625593702519,0.023613986097771655,0.067138671875,0.005859375,0.015614087587617509,0.041587830983787495
B,wide,2.0,0.1,18,4,float64,4,0.8541678543670506,記述的評価,4096,0.006308155686117637,0.8489248303678332,0.010036660713793555,0.062255859375,0.004638671875,0.005243023999217389,0.006138165903120456
B,wide,2.0,0.1,18,4,float64,8,0.9574021935757017,記述的評価,4096,-0.004769166938373478,0.9214652133675396,0.012826247731488438,0.062255859375,0.0048828125,0.03593698020816205,0.037535928420995957
B,wide,2.0,0.1,18,4,float64,16,0.9575040240174795,記述的評価,4096,-0.01159860204295414,0.9429148913595753,0.011829203836666413,0.065185546875,0.008056640625,0.01458913265790418,0.01523662803701998
B,wide,2.0,0.1,18,4,float64,32,0.9575040240772688,記述的評価,4096,0.019461858371834048,0.9861890311900661,0.01606628207306593,0.054931640625,0.00537109375,0.02868500711279731,0.02995810606690723
B,wide,2.0,0.1,18,4,float64,64,0.9575040240772688,記述的評価,4096,0.015737401891453416,0.9613025319023788,0.008251748985038165,0.071044921875,0.005126953125,0.0037985078251100424,0.003967093327644867
B,wide,2.0,0.1,18,4,float64,128,0.9575040240772688,記述的評価,4096,0.02013176271755805,0.9525822535935263,0.015032290787529656,0.06005859375,0.007080078125,0.004921770483742427,0.005140208667514957
B,wide,2.0,0.1,18,4,float64,256,0.9575040240772688,記述的評価,4096,-0.042591194024804324,0.9625418594562135,0.018160024851190615,0.063720703125,0.00634765625,0.005037835378944755,0.005261424758814602
B,wide,2.0,0.1,18,4,float64,512,0.9575040240772688,記述的評価,4096,-0.029197369061421157,0.9700984652522712,0.015624344678929925,0.062744140625,0.006103515625,0.012594441175002413,0.0131534080884302
B,wide,2.0,0.1,18,4,float64,1024,0.9575040240772688,記述的評価,4096,0.016844185349888345,0.9565411002073009,0.009563209115593496,0.06884765625,0.00732421875,0.0009629238699678799,0.0010056603896739069
B,wide,2.0,0.1,18,4,float64,2048,0.9575040240772688,記述的評価,4096,0.004425992638385896,0.9577045424615589,0.008525630897611158,0.057373046875,0.005126953125,0.00020051838429013813,0.0002094177979913708
B,wide,2.0,0.1,18,4,float64,4096,0.9575040240772688,記述的評価,4096,0.06720009398690796,0.968498443753184,0.024334934135286646,0.068115234375,0.0078125,0.01099441967591519,0.011482374381152429
B,wide,2.0,1.0,19,0,float64,0,1.0,記述的評価,4096,-0.04025345938217555,1.0366968625090611,0.014997203084896105,0.064453125,0.005615234375,0.03669686250906112,0.03669686250906112
B,wide,2.0,1.0,19,0,float64,1,0.9640275800758169,記述的評価,4096,-0.046108760235389186,0.967518890171024,0.020029007143753774,0.059326171875,0.0068359375,0.0034913100952070897,0.0036215873563830115
B,wide,2.0,1.0,19,0,float64,2,0.9585759101766381,記述的評価,4096,-0.039839741981311454,0.9434292882705305,0.018639329045951225,0.0625,0.00537109375,0.015146621906107605,0.015801171034348773
B,wide,2.0,1.0,19,0,float64,4,0.9575336226217068,記述的評価,4096,-0.030071101364897428,0.9773315185356011,0.01809043065253546,0.066162109375,0.0068359375,0.019797895913894248,0.020675927660574495
B,wide,2.0,1.0,19,0,float64,8,0.9575040467530738,記述的評価,4096,-0.01402213522139167,0.9339547853789355,0.013577436344420879,0.072265625,0.0087890625,0.023549261374138264,0.024594424905037788
B,wide,2.0,1.0,19,0,float64,16,0.9575040240772821,記述的評価,4096,-0.006762637827707614,0.9599678003949983,0.009990617158808945,0.060791015625,0.005859375,0.0024637763177162153,0.0025731237214282024
B,wide,2.0,1.0,19,0,float64,32,0.9575040240772688,記述的評価,4096,0.0068703145042237675,0.9683429066252907,0.01143439371613153,0.057861328125,0.00537109375,0.0108388825480219,0.011319934199197917
B,wide,2.0,1.0,19,0,float64,64,0.9575040240772688,記述的評価,4096,0.01959544666970925,0.9669755818564687,0.013307076953808061,0.057861328125,0.007568359375,0.009471557779199946,0.009891924776324083
B,wide,2.0,1.0,19,0,float64,128,0.9575040240772688,記述的評価,4096,0.05581672164782063,0.9607950767544932,0.01940942248764399,0.06591796875,0.004150390625,0.003291052677224404,0.0034371162882536593
B,wide,2.0,1.0,19,0,float64,256,0.9575040240772688,記述的評価,4096,0.042057128818424695,0.9942959617889864,0.017916843137722016,0.067626953125,0.00732421875,0.036791937711717626,0.03842483873336556
B,wide,2.0,1.0,19,0,float64,512,0.9575040240772688,記述的評価,4096,0.05230596471926953,0.9381663482325104,0.02110149615396184,0.067138671875,0.00830078125,0.019337675844758317,0.020195921226956435
B,wide,2.0,1.0,19,0,float64,1024,0.9575040240772688,記述的評価,4096,0.017730600409958518,0.936140590459041,0.011093546376145402,0.05810546875,0.006103515625,0.02136343361822779,0.0223115862503193
B,wide,2.0,1.0,19,0,float64,2048,0.9575040240772688,記述的評価,4096,-0.015272833186565927,0.9568125565803158,0.011628931432400957,0.06640625,0.0068359375,0.0006914674969529244,0.0007221562307472081
B,wide,2.0,1.0,19,0,float64,4096,0.9575040240772688,記述的評価,4096,-0.015021358729839092,0.9799614270722397,0.010228685995915143,0.05712890625,0.0048828125,0.0224574029949709,0.02345410821287434
B,wide,2.0,1.0,19,1,float64,0,1.0,記述的評価,4096,0.012403634434880621,1.0058777912662047,0.013988600919089489,0.056884765625,0.00537109375,0.0058777912662046905,0.0058777912662046905
B,wide,2.0,1.0,19,1,float64,1,0.9640275800758169,記述的評価,4096,0.018858906287700997,0.9605547365033963,0.019093886106924696,0.06640625,0.006591796875,0.003472843572420614,0.0036024317604559496
B,wide,2.0,1.0,19,1,float64,2,0.9585759101766381,記述的評価,4096,0.022778669851042693,0.9550551464779238,0.016083898171676436,0.0654296875,0.006591796875,0.0035207636987143465,0.0036729106806633292
B,wide,2.0,1.0,19,1,float64,4,0.9575336226217068,記述的評価,4096,0.027376850487620355,0.9556672666846658,0.01242204864545371,0.063232421875,0.006591796875,0.0018663559370409866,0.0019491283574261794
B,wide,2.0,1.0,19,1,float64,8,0.9575040467530738,記述的評価,4096,0.0060410273747866765,0.9112130860006358,0.012675038034630326,0.062255859375,0.008056640625,0.04629096075243799,0.04834544659044741
B,wide,2.0,1.0,19,1,float64,16,0.9575040240772821,記述的評価,4096,0.01702130472119095,0.9678614787202893,0.013195198093132299,0.06787109375,0.00634765625,0.010357454643007191,0.010817139544649287
B,wide,2.0,1.0,19,1,float64,32,0.9575040240772688,記述的評価,4096,-0.006848632596105195,0.9482614828426759,0.010600933902509935,0.06494140625,0.007568359375,0.009242541234592894,0.009652744011702491
B,wide,2.0,1.0,19,1,float64,64,0.9575040240772688,記述的評価,4096,0.009413373658990712,0.9168543083935637,0.014605477712719639,0.05859375,0.006103515625,0.04064971568370501,0.04245383273754749
B,wide,2.0,1.0,19,1,float64,128,0.9575040240772688,記述的評価,4096,-0.014169790055186598,0.9510586361756717,0.012584071733984126,0.06005859375,0.004150390625,0.006445387901597099,0.00673144732504745
B,wide,2.0,1.0,19,1,float64,256,0.9575040240772688,記述的評価,4096,-0.06236429443390215,0.9777725123639222,0.021894353376944675,0.0703125,0.009033203125,0.020268488286653397,0.021168045018072706
B,wide,2.0,1.0,19,1,float64,512,0.9575040240772688,記述的評価,4096,0.029224259899388316,0.9897829210692826,0.01420310240283884,0.06640625,0.005126953125,0.032278896992013806,0.03371150008807583
B,wide,2.0,1.0,19,1,float64,1024,0.9575040240772688,記述的評価,4096,-0.020336304448086866,0.9488164173026055,0.009993966021940914,0.0615234375,0.005859375,0.008687606774663292,0.009073180431837245
B,wide,2.0,1.0,19,1,float64,2048,0.9575040240772688,記述的評価,4096,0.016984363658587832,0.980708168466722,0.010216564896384506,0.063720703125,0.007080078125,0.023204144389453285,0.024233991509137257
B,wide,2.0,1.0,19,1,float64,4096,0.9575040240772688,記述的評価,4096,-0.03865863704814623,0.9344413524623788,0.02171273286015074,0.054931640625,0.0078125,0.02306267161488995,0.024086239885117013
B,wide,2.0,1.0,19,2,float64,0,1.0,記述的評価,4096,0.02295199978910395,1.0393614261282484,0.01569417098955328,0.062255859375,0.007080078125,0.039361426128248445,0.039361426128248445
B,wide,2.0,1.0,19,2,float64,1,0.9640275800758169,記述的評価,4096,0.004587663986069731,0.9336334258080295,0.013525969210901101,0.060546875,0.008544921875,0.030394154267787354,0.031528303646039854
B,wide,2.0,1.0,19,2,float64,2,0.9585759101766381,記述的評価,4096,0.007764551442324466,0.9135279641472762,0.014527056213338274,0.0556640625,0.00537109375,0.04504794602936191,0.04699465691878368
B,wide,2.0,1.0,19,2,float64,4,0.9575336226217068,記述的評価,4096,-0.0014419525131061756,0.9748206483143989,0.010948584059040367,0.059326171875,0.005615234375,0.017287025692692026,0.018053700971210302
B,wide,2.0,1.0,19,2,float64,8,0.9575040467530738,記述的評価,4096,0.003001439614086744,1.01595749649373,0.01940548530355035,0.0673828125,0.006591796875,0.05845344974065614,0.06104773127473834
B,wide,2.0,1.0,19,2,float64,16,0.9575040240772821,記述的評価,4096,-0.01784937638483651,0.9805838375822452,0.00951608501605794,0.062744140625,0.00537109375,0.02307981350496313,0.02410414256713381
B,wide,2.0,1.0,19,2,float64,32,0.9575040240772688,記述的評価,4096,-0.012564580867211357,0.9239702855110781,0.01567318678351448,0.06591796875,0.007080078125,0.033533738566190685,0.035022034083362324
B,wide,2.0,1.0,19,2,float64,64,0.9575040240772688,記述的評価,4096,-0.002454720520343131,0.9081387310675713,0.018378829868630042,0.060302734375,0.00634765625,0.0493652930096975,0.05155622511066733
B,wide,2.0,1.0,19,2,float64,128,0.9575040240772688,記述的評価,4096,0.027074079480833506,0.9346582794721388,0.014693844170148573,0.057861328125,0.005859375,0.022845744605130003,0.023859685213486262
B,wide,2.0,1.0,19,2,float64,256,0.9575040240772688,記述的評価,4096,0.009564364489131609,0.949519878015397,0.006238963970802036,0.063720703125,0.005859375,0.00798414606187181,0.00833849870194123
B,wide,2.0,1.0,19,2,float64,512,0.9575040240772688,記述的評価,4096,0.0030492156892512274,0.964035154398898,0.007495939513915917,0.06201171875,0.006591796875,0.006531130321629219,0.006820995168060171
B,wide,2.0,1.0,19,2,float64,1024,0.9575040240772688,記述的評価,4096,-0.036905932420841246,0.9084559007039307,0.01487163964780236,0.0615234375,0.006591796875,0.04904812337333808,0.051224978840799094
B,wide,2.0,1.0,19,2,float64,2048,0.9575040240772688,記述的評価,4096,-0.039687132002731815,0.9340883221238501,0.017070503962416828,0.0625,0.0068359375,0.02341570195341869,0.024454938428048932
B,wide,2.0,1.0,19,2,float64,4096,0.9575040240772688,記述的評価,4096,0.031119742521367684,0.9496576432770409,0.018213661193665964,0.063720703125,0.0078125,0.007846380800227815,0.008194619137803881
B,wide,2.0,1.0,19,3,float64,0,1.0,記述的評価,4096,-0.03395845812571556,0.9708257792979973,0.013980294953385597,0.063232421875,0.007080078125,0.029174220702002707,0.029174220702002707
B,wide,2.0,1.0,19,3,float64,1,0.9640275800758169,記述的評価,4096,0.022506231313463968,0.9651166158297975,0.015282525527821167,0.06005859375,0.00439453125,0.0010890357539805606,0.00112967281900266
B,wide,2.0,1.0,19,3,float64,2,0.9585759101766381,記述的評価,4096,-0.05123839899503853,0.9766847218986049,0.020623785965543484,0.066162109375,0.006591796875,0.018108811721966767,0.018891369509410925
B,wide,2.0,1.0,19,3,float64,4,0.9575336226217068,記述的評価,4096,0.01776776980691679,0.990038149931088,0.01016197175457001,0.0615234375,0.006103515625,0.03250452730938114,0.033946094989734596
B,wide,2.0,1.0,19,3,float64,8,0.9575040467530738,記述的評価,4096,-0.001961290371764103,0.9365730246536392,0.011432226935490841,0.062744140625,0.00732421875,0.020931022099434538,0.02185998291120783
B,wide,2.0,1.0,19,3,float64,16,0.9575040240772821,記述的評価,4096,0.026547912995033944,0.9355115749149601,0.014288292761568733,0.0634765625,0.006103515625,0.021992449162322014,0.022968518783527285
B,wide,2.0,1.0,19,3,float64,32,0.9575040240772688,記述的評価,4096,-0.025516170381087444,0.9623807931605779,0.013232093169587067,0.065185546875,0.006103515625,0.00487676908330914,0.005093210013408356
B,wide,2.0,1.0,19,3,float64,64,0.9575040240772688,記述的評価,4096,-0.036555157912131195,0.9961210296458182,0.014081428345098845,0.07080078125,0.00634765625,0.03861700556854941,0.04033090681343507
B,wide,2.0,1.0,19,3,float64,128,0.9575040240772688,記述的評価,4096,0.012338605250026394,0.9569397466147073,0.01709777764899667,0.056640625,0.00634765625,0.000564277462561491,0.0005893212439553726
B,wide,2.0,1.0,19,3,float64,256,0.9575040240772688,記述的評価,4096,0.010334530662997424,0.9878600203138368,0.0110561214387348,0.064697265625,0.00830078125,0.03035599623656804,0.031703257086383135
B,wide,2.0,1.0,19,3,float64,512,0.9575040240772688,記述的評価,4096,0.0029902997381911394,0.9566088635650646,0.00938555929224194,0.060791015625,0.00390625,0.0008951605122041739,0.0009348895562781846
B,wide,2.0,1.0,19,3,float64,1024,0.9575040240772688,記述的評価,4096,0.02960579986394253,0.9612413252199272,0.020751923634743763,0.0673828125,0.00537109375,0.003737301142658467,0.0039031701681463363
B,wide,2.0,1.0,19,3,float64,2048,0.9575040240772688,記述的評価,4096,-0.006484484364082232,0.9236805793137203,0.015966727690768234,0.0615234375,0.006591796875,0.03382344476354848,0.035324598030951976
B,wide,2.0,1.0,19,3,float64,4096,0.9575040240772688,記述的評価,4096,0.010366311388280612,0.9459230554656631,0.011920539148768061,0.060791015625,0.005615234375,0.011580968611605624,0.012094955551509058
B,wide,2.0,1.0,19,4,float64,0,1.0,記述的評価,4096,-0.02455404802391392,1.0358146359828355,0.016441365187847445,0.070068359375,0.007080078125,0.03581463598283552,0.03581463598283552
B,wide,2.0,1.0,19,4,float64,1,0.9640275800758169,記述的評価,4096,0.03622320659733988,0.9474005225260034,0.01694533513981844,0.06787109375,0.00634765625,0.01662705754981353,0.01724749155880569
B,wide,2.0,1.0,19,4,float64,2,0.9585759101766381,記述的評価,4096,0.00810375199889468,0.9685361768772645,0.01628862715760193,0.060302734375,0.0048828125,0.00996026670062633,0.010390691644640786
B,wide,2.0,1.0,19,4,float64,4,0.9575336226217068,記述的評価,4096,-0.0034200406661760545,0.9462281779796227,0.010239487654588153,0.066650390625,0.007080078125,0.011305444642084161,0.011806838292664955
B,wide,2.0,1.0,19,4,float64,8,0.9575040467530738,記述的評価,4096,0.01803383719913089,0.9654705578618359,0.010696898413296019,0.0625,0.0048828125,0.00796651110876212,0.008320080876709409
B,wide,2.0,1.0,19,4,float64,16,0.9575040240772821,記述的評価,4096,0.005437664051604967,0.9750073008335389,0.007107971318254025,0.064208984375,0.006591796875,0.017503276756256847,0.018280107776177997
B,wide,2.0,1.0,19,4,float64,32,0.9575040240772688,記述的評価,4096,0.023937974706931132,0.9794576161563597,0.014610240838413446,0.066650390625,0.00830078125,0.021953592079090978,0.02292793714391676
B,wide,2.0,1.0,19,4,float64,64,0.9575040240772688,記述的評価,4096,-0.006202931995175142,0.9474777520610105,0.012345854981414384,0.05615234375,0.006103515625,0.010026272016258275,0.01047125835937915
B,wide,2.0,1.0,19,4,float64,128,0.9575040240772688,記述的評価,4096,-0.006955477057013007,0.9856020733892558,0.009992263665637935,0.067138671875,0.0078125,0.028098049311987006,0.029345097885165178
B,wide,2.0,1.0,19,4,float64,256,0.9575040240772688,記述的評価,4096,-0.010366573230471281,0.9855698277870555,0.010648169913770156,0.06640625,0.005859375,0.02806580370978673,0.02931142115755941
B,wide,2.0,1.0,19,4,float64,512,0.9575040240772688,記述的評価,4096,-0.032144959293705685,0.9661735934917199,0.0175598883252594,0.06005859375,0.004638671875,0.008669569414451184,0.009054342536895245
B,wide,2.0,1.0,19,4,float64,1024,0.9575040240772688,記述的評価,4096,0.00896224538502169,0.9611623538004661,0.010587414559849517,0.060546875,0.007080078125,0.003658329723197351,0.0038206938364805563
B,wide,2.0,1.0,19,4,float64,2048,0.9575040240772688,記述的評価,4096,0.012088340533215816,0.9660023124529201,0.0077600896819911,0.06689453125,0.004638671875,0.008498288375651364,0.008875459697248822
B,wide,2.0,1.0,19,4,float64,4096,0.9575040240772688,記述的評価,4096,-0.01904009959917765,0.9182242630188816,0.015664611098490377,0.0625,0.005126953125,0.03927976105838715,0.041023076739797965
B,wide,2.0,10.0,20,0,float64,0,10.0,記述的評価,4096,-0.42138000538714443,9.961406888171904,0.014201331681765461,0.068115234375,0.007080078125,0.03859311182809577,0.003859311182809577
B,wide,2.0,10.0,20,0,float64,1,1.0,記述的評価,4096,-0.04101674821136411,1.009167861816123,0.014571903497551109,0.0537109375,0.005126953125,0.009167861816123057,0.009167861816123057
B,wide,2.0,10.0,20,0,float64,2,0.9640275800758169,記述的評価,4096,0.004418549284338146,0.9613023371207408,0.007664209294018343,0.061767578125,0.004638671875,0.002725242955076146,0.00282693463485953
B,wide,2.0,10.0,20,0,float64,4,0.9576819904265463,記述的評価,4096,-0.03796247394477266,0.9477836175423564,0.016891128228753716,0.06005859375,0.005615234375,0.009898372884189932,0.010335761748825674
B,wide,2.0,10.0,20,0,float64,8,0.9575041603730335,記述的評価,4096,0.016790247327158864,0.9567594158770873,0.012944317942884975,0.06591796875,0.00634765625,0.0007447444959461924,0.0007777976605929815
B,wide,2.0,10.0,20,0,float64,16,0.9575040240773487,記述的評価,4096,-0.020948801556005703,0.9745882136786531,0.01178160408501222,0.061767578125,0.0068359375,0.017084189601304423,0.017842420680964505
B,wide,2.0,10.0,20,0,float64,32,0.9575040240772688,記述的評価,4096,0.026254428529547298,0.9320772058053921,0.01739892311010749,0.0634765625,0.004638671875,0.02542681827187665,0.02655531217884966
B,wide,2.0,10.0,20,0,float64,64,0.9575040240772688,記述的評価,4096,-0.025154258601802915,0.9569412276040008,0.014022726254916962,0.06201171875,0.00830078125,0.0005627964732679569,0.0005877745253450134
B,wide,2.0,10.0,20,0,float64,128,0.9575040240772688,記述的評価,4096,0.04492874568608335,1.0089677788338676,0.016441667314188058,0.06787109375,0.005859375,0.05146375475659881,0.05374782085766543
B,wide,2.0,10.0,20,0,float64,256,0.9575040240772688,記述的評価,4096,0.041900784320173155,0.9499038108410816,0.017335123270568964,0.05908203125,0.0068359375,0.007600213236187203,0.007937526156625197
B,wide,2.0,10.0,20,0,float64,512,0.9575040240772688,記述的評価,4096,-0.014056755233228267,0.9784336657808148,0.01775549424483397,0.0634765625,0.0078125,0.020929641703546054,0.02185854176823498
B,wide,2.0,10.0,20,0,float64,1024,0.9575040240772688,記述的評価,4096,0.019685217991540396,0.9699237100446351,0.009027612157141318,0.0673828125,0.005126953125,0.012419685967366312,0.012970896889268913
B,wide,2.0,10.0,20,0,float64,2048,0.9575040240772688,記述的評価,4096,0.0019512690115420697,0.9792616746902111,0.008153052254784354,0.06005859375,0.006591796875,0.021757650612942325,0.02272329939700235
B,wide,2.0,10.0,20,0,float64,4096,0.9575040240772688,記述的評価,4096,0.0007139544634245517,0.9573189919182963,0.0079359642647574,0.06396484375,0.006591796875,0.0001850321589724757,0.00019324426249883205
B,wide,2.0,10.0,20,1,float64,0,10.0,記述的評価,4096,0.015917652571763932,10.08196239948574,0.01083838920103275,0.066650390625,0.0078125,0.08196239948573947,0.008196239948573946
B,wide,2.0,10.0,20,1,float64,1,1.0,記述的評価,4096,0.009279600181655244,0.9738078148994974,0.011373525578823485,0.0654296875,0.0078125,0.026192185100502585,0.026192185100502585
B,wide,2.0,10.0,20,1,float64,2,0.9640275800758169,記述的評価,4096,-0.009397424258239643,0.9915311632377444,0.010448416696942242,0.0673828125,0.0068359375,0.02750358316192747,0.02852987168662169
B,wide,2.0,10.0,20,1,float64,4,0.9576819904265463,記述的評価,4096,0.006376744934502921,0.9359325473593908,0.013615964350049303,0.0703125,0.008544921875,0.02174944306715554,0.022710506498580446
B,wide,2.0,10.0,20,1,float64,8,0.9575041603730335,記述的評価,4096,0.07631577954850384,0.9644343428395872,0.033195854327155105,0.067626953125,0.0068359375,0.006930182466553636,0.0072377570284955315
B,wide,2.0,10.0,20,1,float64,16,0.9575040240773487,記述的評価,4096,-0.04355911807463113,0.976400023516564,0.021315839355577293,0.068603515625,0.0087890625,0.018895999439215272,0.019734642324269566
B,wide,2.0,10.0,20,1,float64,32,0.9575040240772688,記述的評価,4096,-0.025415876859075474,0.9378939846797576,0.0100450357081171,0.064697265625,0.0068359375,0.01961003939751116,0.020480372828102774
B,wide,2.0,10.0,20,1,float64,64,0.9575040240772688,記述的評価,4096,-0.016325989490253656,0.8992082575379896,0.022465695887311954,0.05322265625,0.00439453125,0.05829576653927915,0.0608830512179391
B,wide,2.0,10.0,20,1,float64,128,0.9575040240772688,記述的評価,4096,-0.029087474838454596,0.9490782277132362,0.014651637521982619,0.0615234375,0.003662109375,0.008425796364032512,0.008799750342722911
B,wide,2.0,10.0,20,1,float64,256,0.9575040240772688,記述的評価,4096,-0.06707142134991607,0.93689676251075,0.023947532271810068,0.060791015625,0.0068359375,0.02060726156651871,0.021521853745082267
B,wide,2.0,10.0,20,1,float64,512,0.9575040240772688,記述的評価,4096,-0.0303292469458329,0.9670281335155717,0.015801781774087087,0.065673828125,0.006103515625,0.009524109438302952,0.009946808784935587
B,wide,2.0,10.0,20,1,float64,1024,0.9575040240772688,記述的評価,4096,-0.019823239740991393,0.9401808673316268,0.017824395322300846,0.06005859375,0.00634765625,0.017323156745642,0.018091993673171294
B,wide,2.0,10.0,20,1,float64,2048,0.9575040240772688,記述的評価,4096,0.009960121809801138,0.9608973953989419,0.010062612914695457,0.065673828125,0.007080078125,0.0033933713216731665,0.003543976042234709
B,wide,2.0,10.0,20,1,float64,4096,0.9575040240772688,記述的評価,4096,0.013112818485948839,0.9337212138865363,0.010554491463323934,0.0556640625,0.008056640625,0.023782810190732473,0.024838339675545055
B,wide,2.0,10.0,20,2,float64,0,10.0,記述的評価,4096,-0.011508555218988959,9.829137447240686,0.008687532830552125,0.06201171875,0.0068359375,0.1708625527593135,0.01708625527593135
B,wide,2.0,10.0,20,2,float64,1,1.0,記述的評価,4096,0.025336173381924953,1.0352237922114296,0.01813017832771968,0.07080078125,0.008056640625,0.03522379221142957,0.03522379221142957
B,wide,2.0,10.0,20,2,float64,2,0.9640275800758169,記述的評価,4096,-0.031966999469808896,0.9801741531031044,0.012209590077236654,0.06103515625,0.006591796875,0.016146573027287503,0.016749077890507696
B,wide,2.0,10.0,20,2,float64,4,0.9576819904265463,記述的評価,4096,0.000879849207816175,0.9341576931087973,0.01190416424243973,0.059814453125,0.005859375,0.023524297317749077,0.02456378793055457
B,wide,2.0,10.0,20,2,float64,8,0.9575041603730335,記述的評価,4096,0.015454440847870687,0.9638198854417112,0.008108028218711705,0.064697265625,0.005126953125,0.006315725068677613,0.006596028852989081
B,wide,2.0,10.0,20,2,float64,16,0.9575040240773487,記述的評価,4096,0.020668559727386206,0.9478618588248353,0.010433410212025762,0.063720703125,0.00830078125,0.00964216525251338,0.010070104156277123
B,wide,2.0,10.0,20,2,float64,32,0.9575040240772688,記述的評価,4096,0.033516513276155235,0.9753798440934206,0.015074628344524499,0.06396484375,0.00537109375,0.017875820016151844,0.018669185263611277
B,wide,2.0,10.0,20,2,float64,64,0.9575040240772688,記述的評価,4096,-0.012729455561508937,0.9563185700711746,0.009198433815944318,0.060791015625,0.0068359375,0.0011854540060941554,0.0012380668658145415
B,wide,2.0,10.0,20,2,float64,128,0.9575040240772688,記述的評価,4096,0.03800785545478273,0.997529397459954,0.01380327144234772,0.061767578125,0.006103515625,0.04002537338268519,0.04180178085544549
B,wide,2.0,10.0,20,2,float64,256,0.9575040240772688,記述的評価,4096,0.009140146627980121,0.951062284996774,0.01181626976015182,0.063232421875,0.005615234375,0.006441739080494724,0.006727636561843721
B,wide,2.0,10.0,20,2,float64,512,0.9575040240772688,記述的評価,4096,0.013583375605517294,0.9395775596118054,0.011538830446998438,0.064208984375,0.00537109375,0.01792646446546331,0.018722077416581884
B,wide,2.0,10.0,20,2,float64,1024,0.9575040240772688,記述的評価,4096,0.010539338409523657,0.9359653374982271,0.012430261417324784,0.065673828125,0.005615234375,0.021538686579041677,0.022494617293956715
B,wide,2.0,10.0,20,2,float64,2048,0.9575040240772688,記述的評価,4096,0.014161745717024277,1.0047856503846218,0.013641640368777352,0.06298828125,0.00537109375,0.047281626307353,0.04938008104239305
B,wide,2.0,10.0,20,2,float64,4096,0.9575040240772688,記述的評価,4096,-0.028575937106391953,0.9456448158311602,0.012161571769393587,0.061279296875,0.007080078125,0.011859208246108532,0.012385544026864075
B,wide,2.0,10.0,20,3,float64,0,10.0,記述的評価,4096,-0.162475207125085,9.30660558809532,0.02062883690883488,0.056884765625,0.004150390625,0.6933944119046807,0.06933944119046806
B,wide,2.0,10.0,20,3,float64,1,1.0,記述的評価,4096,0.01692632560968373,0.9778849390998208,0.013143193239490147,0.063720703125,0.0068359375,0.02211506090017923,0.02211506090017923
B,wide,2.0,10.0,20,3,float64,2,0.9640275800758169,記述的評価,4096,0.0030025130586952787,0.9388050481298211,0.011261942012430914,0.05908203125,0.006591796875,0.025222531945995774,0.026163703681602268
B,wide,2.0,10.0,20,3,float64,4,0.9576819904265463,記述的評価,4096,0.010184557858397093,0.9839704723533963,0.0063550305722652745,0.06201171875,0.006103515625,0.02628848192684996,0.027450116207303026
B,wide,2.0,10.0,20,3,float64,8,0.9575041603730335,記述的評価,4096,0.01637565236130608,0.9719430887734962,0.011528714666824813,0.06103515625,0.00732421875,0.01443892840046268,0.015079755261676802
B,wide,2.0,10.0,20,3,float64,16,0.9575040240773487,記述的評価,4096,-0.006407214423874745,0.9663566526600419,0.012139093192130745,0.065185546875,0.00830078125,0.0088526285826932,0.009245526243321638
B,wide,2.0,10.0,20,3,float64,32,0.9575040240772688,記述的評価,4096,-0.0002802477705984725,0.9639717499902949,0.011920533761743124,0.065185546875,0.009033203125,0.006467725913026134,0.006754776742853878
B,wide,2.0,10.0,20,3,float64,64,0.9575040240772688,記述的評価,4096,0.01540816714924204,0.9544991438490733,0.01590718575268457,0.060791015625,0.0048828125,0.00300488022819545,0.0031382429239304815
B,wide,2.0,10.0,20,3,float64,128,0.9575040240772688,記述的評価,4096,0.0547849249433492,0.9389687141221714,0.02331759558384927,0.06640625,0.0068359375,0.018535309955097334,0.019357944707291977
B,wide,2.0,10.0,20,3,float64,256,0.9575040240772688,記述的評価,4096,0.060733362771654545,1.003351593479392,0.024779870719301766,0.0654296875,0.006591796875,0.0458475694021232,0.04788237777518039
B,wide,2.0,10.0,20,3,float64,512,0.9575040240772688,記述的評価,4096,0.026722860467566785,0.9665093080786864,0.012806227021048666,0.061279296875,0.00634765625,0.009005284001417646,0.009404956819994457
B,wide,2.0,10.0,20,3,float64,1024,0.9575040240772688,記述的評価,4096,0.0056729567338868764,0.961447282516035,0.009905160774774047,0.06103515625,0.005126953125,0.003943258438766195,0.0041182682679232075
B,wide,2.0,10.0,20,3,float64,2048,0.9575040240772688,記述的評価,4096,0.022342810761619217,0.9584751161163674,0.010294141519180622,0.064697265625,0.006591796875,0.00097109203909862,0.0010141910787627715
B,wide,2.0,10.0,20,3,float64,4096,0.9575040240772688,記述的評価,4096,0.023146652236795937,0.9255703024402452,0.015341841207489937,0.060546875,0.0068359375,0.03193372163702357,0.03335100514882701
B,wide,2.0,10.0,20,4,float64,0,10.0,記述的評価,4096,-0.281927790777565,10.00350057300859,0.013694399618826514,0.070068359375,0.008056640625,0.003500573008590635,0.0003500573008590635
B,wide,2.0,10.0,20,4,float64,1,1.0,記述的評価,4096,-0.014157268698115472,0.9865534102144057,0.009792830869411018,0.05859375,0.00537109375,0.01344658978559432,0.01344658978559432
B,wide,2.0,10.0,20,4,float64,2,0.9640275800758169,記述的評価,4096,-0.022519062493034484,0.9773537187376957,0.014475943000891611,0.06396484375,0.007568359375,0.013326138661878817,0.013823399804423406
B,wide,2.0,10.0,20,4,float64,4,0.9576819904265463,記述的評価,4096,-0.03170709685158636,0.9863785733520352,0.014459559622598372,0.054931640625,0.005615234375,0.028696582925488823,0.029964626266708348
B,wide,2.0,10.0,20,4,float64,8,0.9575041603730335,記述的評価,4096,-0.010699995737727366,0.9459154008517958,0.013045381896680142,0.06884765625,0.0068359375,0.011588759521237724,0.012103090514742896
B,wide,2.0,10.0,20,4,float64,16,0.9575040240773487,記述的評価,4096,-0.01834982531355196,0.9824571366879236,0.013070750464599046,0.060791015625,0.005615234375,0.024953112610574868,0.026060582496893105
B,wide,2.0,10.0,20,4,float64,32,0.9575040240772688,記述的評価,4096,-0.005816599100434012,0.9167330731522723,0.009159320945187788,0.064697265625,0.0078125,0.040770950924996496,0.042580448645410975
B,wide,2.0,10.0,20,4,float64,64,0.9575040240772688,記述的評価,4096,0.009623088285139199,0.9376768223389585,0.00946869432380082,0.062255859375,0.008544921875,0.019827201738310207,0.020707173275242748
B,wide,2.0,10.0,20,4,float64,128,0.9575040240772688,記述的評価,4096,-0.010078431250599044,0.9496454388453621,0.010001958306146363,0.05908203125,0.00634765625,0.007858585231906634,0.0082073652269815
B,wide,2.0,10.0,20,4,float64,256,0.9575040240772688,記述的評価,4096,0.02765090130393438,0.9582716751302142,0.009747628962739618,0.06591796875,0.00537109375,0.0007676510529454061,0.0008017209678937685
B,wide,2.0,10.0,20,4,float64,512,0.9575040240772688,記述的評価,4096,0.033514567970574116,0.9654926010873996,0.01788854035723264,0.062744140625,0.004638671875,0.007988577010130893,0.00834312630469554
B,wide,2.0,10.0,20,4,float64,1024,0.9575040240772688,記述的評価,4096,0.03591620716370766,0.9282128839361566,0.020573676141135644,0.061279296875,0.005126953125,0.029291140141112115,0.030591140511748258
B,wide,2.0,10.0,20,4,float64,2048,0.9575040240772688,記述的評価,4096,0.011288271510060033,0.9103128074061015,0.012052605330912458,0.06298828125,0.005859375,0.04719121667116721,0.04928565884268176
B,wide,2.0,10.0,20,4,float64,4096,0.9575040240772688,記述的評価,4096,0.036594004165806104,0.9492967232549707,0.01732665211361789,0.06494140625,0.0068359375,0.008207300822298036,0.008571557524478584
B,long,0.9999,1.0,21,0,float64,0,1.0,記述的評価,512,0.23823640549401873,0.9394302063517563,0.07574674816249038,0.064453125,0.00390625,0.060569793648243664,0.060569793648243664
B,long,0.9999,1.0,21,0,float64,1,0.7615521553229998,記述的評価,512,0.09888918426835187,0.6773273181729732,0.059392946092695964,0.0546875,0.001953125,0.0842248371500266,0.11059628229179395
B,long,0.9999,1.0,21,0,float64,2,0.6419455327565515,記述的評価,512,0.054775353928997586,0.5858213805654651,0.04361645798238134,0.060546875,0.005859375,0.05612415219108646,0.08742821521023143
B,long,0.9999,1.0,21,0,float64,4,0.512505976356934,記述的評価,512,0.04753803799771665,0.5094950493323482,0.052601522004905865,0.056640625,0.0078125,0.003010927024585719,0.005874911051746963
B,long,0.9999,1.0,21,0,float64,8,0.39125771545768695,記述的評価,512,0.015508045625290713,0.4282797223999722,0.03032010966519616,0.060546875,0.0078125,0.037022006942285246,0.09462307190281859
B,long,0.9999,1.0,21,0,float64,16,0.28939142641625737,記述的評価,512,0.001179450324372475,0.304837350139901,0.023547198823861082,0.076171875,0.001953125,0.015445923723643618,0.05337381246888211
B,long,0.9999,1.0,21,0,float64,32,0.2097673415694666,記述的評価,512,-0.006808420624909918,0.1963211426804516,0.04659863917168783,0.046875,0.0078125,0.01344619888901502,0.06410053532838511
B,long,0.9999,1.0,21,0,float64,64,0.1501796492935044,記述的評価,512,0.006318595605860211,0.14678026794430837,0.02500209720596991,0.060546875,0.009765625,0.00339938134919604,0.022635432731317948
B,long,0.9999,1.0,21,0,float64,128,0.10665264840424364,記述的評価,512,0.0005221002008302081,0.09672539150763351,0.04161963574624594,0.06640625,0.0078125,0.009927256896610129,0.09308026612694158
B,long,0.9999,1.0,21,0,float64,256,0.07523090913528023,記述的評価,512,0.006696274523663653,0.07211034805709308,0.039158029167507935,0.05078125,0.00390625,0.003120561078187145,0.04147977359379975
B,long,0.9999,1.0,21,0,float64,512,0.05262189179948834,記述的評価,512,0.0009355695059935341,0.05660055953655323,0.02969144540107277,0.060546875,0.0078125,0.0039786677370648865,0.07560860320691801
B,long,0.9999,1.0,21,0,float64,1024,0.036285050333211256,記述的評価,512,0.0048615237247033585,0.03750246280284868,0.055751492595426555,0.080078125,0.005859375,0.0012174124696374203,0.03355135127160449
B,long,0.9999,1.0,21,0,float64,2048,0.024326953579636563,記述的評価,512,0.002445270649601568,0.02536396364162158,0.038478355930300245,0.0703125,0.005859375,0.0010370100619850157,0.042628028149528305
B,long,0.9999,1.0,21,0,float64,4096,0.015370996816372433,記述的評価,512,0.0007840146925018911,0.015407381237933622,0.026286513743139728,0.056640625,0.00390625,3.638442156118915e-05,0.002367082759553645
B,long,0.9999,1.0,21,0,float64,8192,0.00850294028249779,記述的評価,512,0.0005007846429915565,0.00831029310820915,0.024029908954408374,0.056640625,0.00390625,0.00019264717428863973,0.022656536196682363
B,long,0.9999,1.0,21,0,float64,16384,0.0034296326027933137,記述的評価,512,0.00019476193533714362,0.0033632640687420827,0.023347492250374358,0.0625,0.005859375,6.6368534051231e-05,0.019351499632111087
B,long,0.9999,1.0,21,0,float64,32768,0.0006540686398313346,記述的評価,512,4.3115096975322734e-05,0.0006146739075283897,0.029549116284409038,0.0625,0.0078125,3.939473230294484e-05,0.060230272335184284
B,long,0.9999,1.0,21,0,float64,65536,2.4668745253722353e-05,記述的評価,512,1.428173123185156e-06,2.3074551342497532e-05,0.025535941341701562,0.056640625,0.0078125,1.5941939112248207e-06,0.0646240372109833
B,long,0.9999,1.0,21,0,float64,131072,3.514082749755828e-08,記述的評価,512,2.2289234834179967e-09,3.279384543850425e-08,0.02748891385131519,0.056640625,0.005859375,2.346982059054034e-09,0.06678789960814414
B,long,0.9999,1.0,21,0,float64,200000,3.565802572602576e-11,記述的評価,512,2.2617284956857424e-12,3.327650108372125e-11,0.027488913851078545,0.056640625,0.005859375,2.3815246423045146e-12,0.06678789960506167
B,long,0.9999,1.0,21,1,float64,0,1.0,記述的評価,512,-0.07197842132889548,0.9072128535004562,0.050858696495439504,0.0546875,0.00390625,0.09278714649954378,0.09278714649954378
B,long,0.9999,1.0,21,1,float64,1,0.7615521553229998,記述的評価,512,-0.09309483725588788,0.7091045742452775,0.05804840049238791,0.0546875,0.00390625,0.052447581077722294,0.06886932262108499
B,long,0.9999,1.0,21,1,float64,2,0.6419455327565515,記述的評価,512,-0.07221655078858932,0.5969630150719597,0.05340122448260687,0.0546875,0.009765625,0.04498251768459183,0.07007217184210984
B,long,0.9999,1.0,21,1,float64,4,0.512505976356934,記述的評価,512,-0.0309576287994913,0.47510786337369054,0.04315852800675035,0.05078125,0.001953125,0.037398112983243414,0.07297107684300945
B,long,0.9999,1.0,21,1,float64,8,0.39125771545768695,記述的評価,512,-0.001433705319763378,0.3685784010089198,0.027227857293459334,0.0625,0.0078125,0.02267931444876714,0.057965155836574994
B,long,0.9999,1.0,21,1,float64,16,0.28939142641625737,記述的評価,512,-0.012178857743554124,0.2854767968460167,0.03186742176788776,0.072265625,0.013671875,0.003914629570240691,0.013527109696090068
B,long,0.9999,1.0,21,1,float64,32,0.2097673415694666,記述的評価,512,0.00382834335949341,0.19873242674770347,0.027968408824220192,0.068359375,0.001953125,0.011034914821763137,0.052605494922138826
B,long,0.9999,1.0,21,1,float64,64,0.1501796492935044,記述的評価,512,-0.0074929919787060555,0.14824388848769515,0.02602158254497222,0.0625,0.01171875,0.0019357608058092612,0.012889634613715848
B,long,0.9999,1.0,21,1,float64,128,0.10665264840424364,記述的評価,512,-0.008945281096564513,0.10665826931449338,0.04007118777431884,0.0625,0.009765625,5.620910249734545e-06,5.270295987803049e-05
B,long,0.9999,1.0,21,1,float64,256,0.07523090913528023,記述的評価,512,-0.0011700050845158967,0.07426898705428875,0.023840782991546627,0.05078125,0.009765625,0.0009619220809914814,0.012786261551907515
B,long,0.9999,1.0,21,1,float64,512,0.05262189179948834,記述的評価,512,-0.0018407004100717246,0.04598111773518753,0.029625282152692223,0.056640625,0.005859375,0.00664077406430081,0.12619793468476898
B,long,0.9999,1.0,21,1,float64,1024,0.036285050333211256,記述的評価,512,-0.0014591417015234454,0.038942829881063845,0.04333747253515463,0.068359375,0.005859375,0.0026577795478525887,0.07324723332187184
B,long,0.9999,1.0,21,1,float64,2048,0.024326953579636563,記述的評価,512,0.00035157423908771084,0.026766220422478816,0.036368194676184684,0.072265625,0.01171875,0.0024392668428422533,0.10027013184602357
B,long,0.9999,1.0,21,1,float64,4096,0.015370996816372433,記述的評価,512,3.9142591109549857e-07,0.016370338518265262,0.037037618700957675,0.05859375,0.005859375,0.0009993417018928294,0.06501476214141035
B,long,0.9999,1.0,21,1,float64,8192,0.00850294028249779,記述的評価,512,0.00015306143450691695,0.008319751623917003,0.03351691978643523,0.072265625,0.013671875,0.0001831886585807862,0.021544154433009076
B,long,0.9999,1.0,21,1,float64,16384,0.0034296326027933137,記述的評価,512,7.729390209867216e-05,0.003411872068151891,0.029870785329962846,0.0625,0.009765625,1.7760534641422625e-05,0.005178553127514971
B,long,0.9999,1.0,21,1,float64,32768,0.0006540686398313346,記述的評価,512,5.025141512509067e-05,0.0006554579577645466,0.03097007949890085,0.0625,0.00390625,1.3893179332120616e-06,0.002124116413180009
B,long,0.9999,1.0,21,1,float64,65536,2.4668745253722353e-05,記述的評価,512,2.3047713528320707e-06,2.4875524334233693e-05,0.03482232291975268,0.064453125,0.001953125,2.0677908051134087e-07,0.00838222935072627
B,long,0.9999,1.0,21,1,float64,131072,3.514082749755828e-08,記述的評価,512,3.2831688256590574e-09,3.54354585867953e-08,0.034822245903156634,0.064453125,0.001953125,2.9463108923702054e-10,0.008384295710096542
B,long,0.9999,1.0,21,1,float64,200000,3.565802572602576e-11,記述的評価,512,3.3314900867539526e-12,3.5956993158281295e-11,0.03482224590302907,0.064453125,0.001953125,2.9896743225553317e-13,0.00838429571375079
B,long,0.9999,1.0,21,2,float64,0,1.0,記述的評価,512,0.0263753392885573,1.0408406894558084,0.037352816962422986,0.0703125,0.01171875,0.04084068945580843,0.04084068945580843
B,long,0.9999,1.0,21,2,float64,1,0.7615521553229998,記述的評価,512,0.022816446487895735,0.7608385386400809,0.026937611414361795,0.0625,0.005859375,0.0007136166829189161,0.0009370555620268022
B,long,0.9999,1.0,21,2,float64,2,0.6419455327565515,記述的評価,512,0.09011969384616278,0.6792201172870316,0.054098856012501306,0.0625,0.005859375,0.03727458453048005,0.0580650267483299
B,long,0.9999,1.0,21,2,float64,4,0.512505976356934,記述的評価,512,0.07858295851355485,0.5215924490128045,0.0501948649110151,0.072265625,0.009765625,0.009086472655870592,0.017729495996242458
B,long,0.9999,1.0,21,2,float64,8,0.39125771545768695,記述的評価,512,0.05617487235892397,0.37420457325032125,0.053565507682601265,0.05859375,0.0078125,0.0170531422073657,0.04358544645545766
B,long,0.9999,1.0,21,2,float64,16,0.28939142641625737,記述的評価,512,0.015349619079596168,0.2708997909491502,0.035748656499684284,0.060546875,0.005859375,0.018491635467107193,0.06389835281612329
B,long,0.9999,1.0,21,2,float64,32,0.2097673415694666,記述的評価,512,-0.0013055539113881842,0.1968794621388003,0.02094665883234048,0.0703125,0.005859375,0.0128878794306663,0.06143892244731693
B,long,0.9999,1.0,21,2,float64,64,0.1501796492935044,記述的評価,512,0.0008864501523181879,0.14978911299640807,0.03152091501524579,0.048828125,0.005859375,0.0003905362970963444,0.0026004608409565377
B,long,0.9999,1.0,21,2,float64,128,0.10665264840424364,記述的評価,512,-0.0002490415501367587,0.10908557422671078,0.02345120192192479,0.064453125,0.005859375,0.0024329258224671385,0.022811677523896668
B,long,0.9999,1.0,21,2,float64,256,0.07523090913528023,記述的評価,512,0.0016582836096637834,0.07572590133337873,0.02811810300305334,0.0625,0.00390625,0.0004949921980984956,0.0065796386590038485
B,long,0.9999,1.0,21,2,float64,512,0.05262189179948834,記述的評価,512,-0.0014915309430413013,0.0473090348983728,0.041216616659699334,0.068359375,0.009765625,0.005312856901115541,0.10096286392286641
B,long,0.9999,1.0,21,2,float64,1024,0.036285050333211256,記述的評価,512,0.00022576676713098137,0.03531292487734279,0.025787837065642027,0.052734375,0.00390625,0.0009721254558684653,0.0267913492455236
B,long,0.9999,1.0,21,2,float64,2048,0.024326953579636563,記述的評価,512,-0.00023163128831909586,0.023267351062912042,0.03914427995045722,0.04296875,0.00390625,0.0010596025167245206,0.04355672868186361
B,long,0.9999,1.0,21,2,float64,4096,0.015370996816372433,記述的評価,512,0.0009081361790898143,0.014249556210845424,0.037613041970665395,0.06640625,0.0078125,0.0011214406055270083,0.07295822248382126
B,long,0.9999,1.0,21,2,float64,8192,0.00850294028249779,記述的評価,512,0.0006416394897160445,0.007967457722815707,0.038052424603349566,0.06640625,0.01171875,0.0005354825596820822,0.06297616376117615
B,long,0.9999,1.0,21,2,float64,16384,0.0034296326027933137,記述的評価,512,0.00038630721890784033,0.0032256810854724314,0.05840687770473241,0.056640625,0.0,0.00020395151732088227,0.05946745349772189
B,long,0.9999,1.0,21,2,float64,32768,0.0006540686398313346,記述的評価,512,5.16983173653773e-05,0.0006207747140019726,0.041518461284142216,0.07421875,0.001953125,3.3293925829361954e-05,0.0509028010239835
B,long,0.9999,1.0,21,2,float64,65536,2.4668745253722353e-05,記述的評価,512,2.075135680566042e-06,2.332082427852265e-05,0.04537567640974721,0.07421875,0.00390625,1.347920975199704e-06,0.054640840518482045
B,long,0.9999,1.0,21,2,float64,131072,3.514082749755828e-08,記述的評価,512,2.956050610099215e-09,3.322076727165104e-08,0.045375606483348874,0.07421875,0.00390625,1.92006022590724e-09,0.0546390157158551
B,long,0.9999,1.0,21,2,float64,200000,3.565802572602576e-11,記述的評価,512,2.999557386913156e-12,3.370970629809894e-11,0.04537560648322958,0.07421875,0.00390625,1.9483194279268223e-12,0.05463901571266186
B,long,0.9999,1.0,21,3,float64,0,1.0,記述的評価,512,0.05208184257355483,1.0453966525106684,0.05881217140836881,0.083984375,0.009765625,0.04539665251066838,0.04539665251066838
B,long,0.9999,1.0,21,3,float64,1,0.7615521553229998,記述的評価,512,-0.006787417450319908,0.7681143408789557,0.03828906617168093,0.052734375,0.009765625,0.006562185555955891,0.008616856390055974
B,long,0.9999,1.0,21,3,float64,2,0.6419455327565515,記述的評価,512,-0.029859835942367775,0.6653615974996201,0.027505633761974124,0.072265625,0.00390625,0.023416064743068565,0.03647671577761219
B,long,0.9999,1.0,21,3,float64,4,0.512505976356934,記述的評価,512,-0.05735295845479958,0.4823780654118016,0.061359604390929356,0.05859375,0.0078125,0.03012791094513234,0.058785482189479495
B,long,0.9999,1.0,21,3,float64,8,0.39125771545768695,記述的評価,512,-0.027794476764954786,0.41233224805148805,0.039570769555355545,0.048828125,0.00390625,0.0210745325938011,0.053863557857634706
B,long,0.9999,1.0,21,3,float64,16,0.28939142641625737,記述的評価,512,-0.01717501426577883,0.2841649404533486,0.03234560570707734,0.076171875,0.0078125,0.005226485962908756,0.018060265390831023
B,long,0.9999,1.0,21,3,float64,32,0.2097673415694666,記述的評価,512,-0.021790535034952506,0.19049755024547926,0.055179523563099186,0.048828125,0.0078125,0.019269791323987345,0.09186268548674893
B,long,0.9999,1.0,21,3,float64,64,0.1501796492935044,記述的評価,512,-0.022768067990222244,0.14724514183761575,0.08407823848179952,0.060546875,0.005859375,0.002934507455888663,0.019539980747681682
B,long,0.9999,1.0,21,3,float64,128,0.10665264840424364,記述的評価,512,-0.007023226961090919,0.09331730453002082,0.05822799816928892,0.05078125,0.005859375,0.013335343874222819,0.12503528110880194
B,long,0.9999,1.0,21,3,float64,256,0.07523090913528023,記述的評価,512,-0.006556645398503174,0.06474070875237066,0.06233670735379049,0.046875,0.001953125,0.01049020038290957,0.1394400320757269
B,long,0.9999,1.0,21,3,float64,512,0.05262189179948834,記述的評価,512,-0.00013499157948033784,0.049669587583644245,0.025949552033969203,0.072265625,0.009765625,0.0029523042158440954,0.056104106387767715
B,long,0.9999,1.0,21,3,float64,1024,0.036285050333211256,記述的評価,512,0.0020086629577692893,0.0346228514339645,0.0404376159501692,0.06640625,0.001953125,0.001662198899246757,0.045809469298857965
B,long,0.9999,1.0,21,3,float64,2048,0.024326953579636563,記述的評価,512,0.0005641892906805782,0.024502675435562886,0.030776030536029786,0.072265625,0.0078125,0.00017572185592632308,0.007223339961211383
B,long,0.9999,1.0,21,3,float64,4096,0.015370996816372433,記述的評価,512,-0.0007901855905955412,0.015473716773862379,0.02953883381437694,0.064453125,0.00390625,0.00010271995748994608,0.006682712820585183
B,long,0.9999,1.0,21,3,float64,8192,0.00850294028249779,記述的評価,512,-0.000401838516532509,0.008623468027645468,0.028689184233935516,0.076171875,0.005859375,0.00012052774514767842,0.014174831428108381
B,long,0.9999,1.0,21,3,float64,16384,0.0034296326027933137,記述的評価,512,-0.00015372715658743243,0.0035717961477242685,0.03704121847982178,0.064453125,0.0078125,0.0001421635449309548,0.04145153764142773
B,long,0.9999,1.0,21,3,float64,32768,0.0006540686398313346,記述的評価,512,-5.416834617673541e-06,0.000711979411650233,0.02782181753562385,0.048828125,0.001953125,5.791077181889839e-05,0.08853928822184765
B,long,0.9999,1.0,21,3,float64,65536,2.4668745253722353e-05,記述的評価,512,-4.4094839383875106e-07,2.631728478957008e-05,0.029927854303410828,0.05078125,0.00390625,1.6485395358477262e-06,0.06682705256761984
B,long,0.9999,1.0,21,3,float64,131072,3.514082749755828e-08,記述的評価,512,-6.281351970906478e-10,3.7489267659048836e-08,0.029928207493579995,0.05078125,0.00390625,2.348440161490554e-09,0.06682939272428154
B,long,0.9999,1.0,21,3,float64,200000,3.565802572602576e-11,記述的評価,512,-6.373800110107527e-13,3.8041029931192156e-11,0.029928207494216486,0.05078125,0.00390625,2.383004205166394e-12,0.06682939272846808
B,long,0.9999,1.0,21,4,float64,0,1.0,記述的評価,512,-0.09070690242844633,1.0616701708852332,0.03859902480863392,0.072265625,0.009765625,0.06167017088523319,0.06167017088523319
B,long,0.9999,1.0,21,4,float64,1,0.7615521553229998,記述的評価,512,-0.07014823189582126,0.7938182438636352,0.038993963910452956,0.06640625,0.00390625,0.032266088540635396,0.04236884934945823
B,long,0.9999,1.0,21,4,float64,2,0.6419455327565515,記述的評価,512,-0.014543831890970482,0.6535888100333305,0.022192690888528988,0.05859375,0.001953125,0.01164327727677894,0.018137484697154958
B,long,0.9999,1.0,21,4,float64,4,0.512505976356934,記述的評価,512,-0.056899693547925345,0.45648242434727926,0.04132266704716403,0.0625,0.013671875,0.0560235520096547,0.10931297310499495
B,long,0.9999,1.0,21,4,float64,8,0.39125771545768695,記述的評価,512,-0.027311100938942307,0.39105744387863417,0.028485260665652656,0.064453125,0.009765625,0.0002002715790527798,0.0005118661463800283
B,long,0.9999,1.0,21,4,float64,16,0.28939142641625737,記述的評価,512,-0.010121357680439215,0.2924309846939702,0.043149120931296636,0.046875,0.0,0.0030395582777128505,0.010503276877804887
B,long,0.9999,1.0,21,4,float64,32,0.2097673415694666,記述的評価,512,-0.03146748610684562,0.22230061443873034,0.055516066972043865,0.099609375,0.0078125,0.012533272869263729,0.059748446900697395
B,long,0.9999,1.0,21,4,float64,64,0.1501796492935044,記述的評価,512,-0.00900559756656807,0.1338893051605139,0.030569568328828955,0.048828125,0.00390625,0.01629034413299052,0.10847238097588972
B,long,0.9999,1.0,21,4,float64,128,0.10665264840424364,記述的評価,512,-0.009478299667839946,0.10340660845879626,0.03587268982217928,0.06640625,0.013671875,0.0032460399454473793,0.03043562437515824
B,long,0.9999,1.0,21,4,float64,256,0.07523090913528023,記述的評価,512,-0.004879866769452019,0.07044901354330824,0.03187476889896468,0.07421875,0.009765625,0.0047818955919719935,0.06356291113501218
B,long,0.9999,1.0,21,4,float64,512,0.05262189179948834,記述的評価,512,-0.00047632565605895086,0.05547794688775212,0.028039030531998854,0.064453125,0.0078125,0.0028560550882637814,0.05427503631276806
B,long,0.9999,1.0,21,4,float64,1024,0.036285050333211256,記述的評価,512,-0.0004525791643058959,0.03793982287066964,0.037681987968519515,0.0546875,0.0,0.0016547725374583822,0.04560480204002334
B,long,0.9999,1.0,21,4,float64,2048,0.024326953579636563,記述的評価,512,-0.0021775468686723864,0.026226443117139626,0.03148644538906287,0.072265625,0.009765625,0.0018994895375030636,0.07808168545580138
B,long,0.9999,1.0,21,4,float64,4096,0.015370996816372433,記述的評価,512,-0.001349184485018033,0.01414004452390097,0.03559565821503957,0.05078125,0.00390625,0.0012309522924714624,0.08008278885077331
B,long,0.9999,1.0,21,4,float64,8192,0.00850294028249779,記述的評価,512,-1.639747727958838e-05,0.007983453117303385,0.03517546240915409,0.046875,0.009765625,0.0005194871651944041,0.06109500336768232
B,long,0.9999,1.0,21,4,float64,16384,0.0034296326027933137,記述的評価,512,-9.206197154286136e-05,0.003391402929620576,0.025497574871903406,0.0546875,0.00390625,3.8229673172737906e-05,0.011146871283414204
B,long,0.9999,1.0,21,4,float64,32768,0.0006540686398313346,記述的評価,512,1.561466063612272e-05,0.0006547707891926093,0.018532332305665866,0.05078125,0.00390625,7.021493612747532e-07,0.0010735102075155557
B,long,0.9999,1.0,21,4,float64,65536,2.4668745253722353e-05,記述的評価,512,1.1797260521977955e-06,2.5091619383694623e-05,0.020134924850806257,0.0546875,0.0078125,4.2287412997227044e-07,0.017142101295503122
B,long,0.9999,1.0,21,4,float64,131072,3.514082749755828e-08,記述的評価,512,1.6805310284527355e-09,3.574328896687504e-08,0.020132942621918504,0.0546875,0.0078125,6.024614693167552e-10,0.017144202690122096
B,long,0.9999,1.0,21,4,float64,200000,3.565802572602576e-11,記述的評価,512,1.7052648703341708e-12,3.6269354146734845e-11,0.02013294261792309,0.0546875,0.0078125,6.113284207090833e-13,0.017144202693838217
B,long,1.0,1.0,22,0,float64,0,1.0,記述的評価,512,-0.10469798424435582,1.0122895603358577,0.051481424161141154,0.0390625,0.00390625,0.012289560335857708,0.012289560335857708
B,long,1.0,1.0,22,0,float64,1,0.7615941559557649,記述的評価,512,-0.0045877436387117615,0.778849491496062,0.04322724691709923,0.072265625,0.01171875,0.017255335540297123,0.022656864427540793
B,long,1.0,1.0,22,0,float64,2,0.6420149920119997,記述的評価,512,-0.0069886008471905636,0.7255234509988292,0.0468370401562298,0.056640625,0.009765625,0.08350845898682946,0.13007244383051514
B,long,1.0,1.0,22,0,float64,4,0.5126146671514058,記述的評価,512,-0.04186232299973848,0.5648061783359541,0.039228673717649376,0.056640625,0.00390625,0.052191511184548345,0.101814314979663
B,long,1.0,1.0,22,0,float64,8,0.39142072274619333,記述的評価,512,-0.01678396852136434,0.41002402013998346,0.025274701958346024,0.068359375,0.005859375,0.01860329739379013,0.047527625168310154
B,long,1.0,1.0,22,0,float64,16,0.28962926538567413,記述的評価,512,-0.0010075037593001287,0.3053835961771385,0.043337719906448635,0.052734375,0.005859375,0.015754330791464377,0.05439481666497239
B,long,1.0,1.0,22,0,float64,32,0.2101089594126972,記述的評価,512,-0.009748639235662923,0.20196094499766565,0.038651522686590334,0.07421875,0.0078125,0.008148014415031546,0.038779947498703136
B,long,1.0,1.0,22,0,float64,64,0.15066627585378273,記述的評価,512,-0.010997130028209068,0.14472633503752722,0.04034374904087612,0.05859375,0.0,0.005939940816255512,0.03942448821141669
B,long,1.0,1.0,22,0,float64,128,0.10734286783392079,記述的評価,512,-0.0058898004048645826,0.10429777988038882,0.033731857377917396,0.048828125,0.0,0.0030450879535319636,0.02836786472151346
B,long,1.0,1.0,22,0,float64,256,0.0762074983703411,記述的評価,512,-0.005147289518798297,0.08080816242289335,0.041368429766910575,0.072265625,0.001953125,0.004600664052552245,0.060370228008202916
B,long,1.0,1.0,22,0,float64,512,0.05400088741430396,記述的評価,512,-0.0052580790173848875,0.056298916621117634,0.049084140857752034,0.064453125,0.001953125,0.0022980292068136773,0.042555397084177674
B,long,1.0,1.0,22,0,float64,1024,0.038226827737022365,記述的評価,512,-0.0035360314621015534,0.03769799191619139,0.04128721497191146,0.072265625,0.005859375,0.0005288358208309779,0.013834153973462068
B,long,1.0,1.0,22,0,float64,2048,0.02704617193931085,記述的評価,512,-0.0020606568568438777,0.02604851304223975,0.034245391374862155,0.048828125,0.001953125,0.0009976588970711,0.03688724967473237
B,long,1.0,1.0,22,0,float64,4096,0.019130339783990983,記述的評価,512,0.0003302417618614833,0.020168026290960248,0.03520400201719576,0.0546875,0.005859375,0.0010376865069692646,0.054242973135147414
B,long,1.0,1.0,22,0,float64,8192,0.013529333620581587,記述的評価,512,0.0004015714177368318,0.013658203902293959,0.028245208498832164,0.0703125,0.005859375,0.00012887028171237186,0.00952524975186709
B,long,1.0,1.0,22,0,float64,16384,0.009567470977814557,記述的評価,512,0.0004017483882333317,0.009011225842957656,0.03932136547211995,0.068359375,0.00390625,0.0005562451348569003,0.05813920273672576
B,long,1.0,1.0,22,0,float64,32768,0.006765512786023478,記述的評価,512,-0.00022921245369463157,0.007099535970662793,0.022862251681700196,0.076171875,0.009765625,0.00033402318463931525,0.04937145124156094
B,long,1.0,1.0,22,0,float64,65536,0.004784046013247806,記述的評価,512,5.2426519184580645e-06,0.004762347643993496,0.02524515741311517,0.076171875,0.005859375,2.169836925430997e-05,0.004535568678525173
B,long,1.0,1.0,22,0,float64,131072,0.0033828702131429166,記述的評価,512,4.819084604091243e-05,0.003282416744387723,0.032281400782546155,0.06640625,0.0078125,0.00010045346875519343,0.0296947451205541
B,long,1.0,1.0,22,0,float64,200000,0.0027385903251161262,記述的評価,512,-0.00013704039699874085,0.0027091644912796524,0.028588490967826452,0.060546875,0.00390625,2.942583383647385e-05,0.010744883441164603
B,long,1.0,1.0,22,1,float64,0,1.0,記述的評価,512,0.042340765385628656,0.9173291798208297,0.03245408946636197,0.06640625,0.00390625,0.08267082017917027,0.08267082017917027
B,long,1.0,1.0,22,1,float64,1,0.7615941559557649,記述的評価,512,0.04792865769806337,0.7079406505668766,0.029814707561284792,0.0703125,0.001953125,0.053653505388888245,0.0704489457663388
B,long,1.0,1.0,22,1,float64,2,0.6420149920119997,記述的評価,512,0.04724373631311009,0.6074680641181711,0.03300045096265175,0.05078125,0.001953125,0.03454692789382863,0.05381015758769527
B,long,1.0,1.0,22,1,float64,4,0.5126146671514058,記述的評価,512,0.03958419206704231,0.5283995893434895,0.03483716708092205,0.080078125,0.009765625,0.015784922192083717,0.03079295853901403
B,long,1.0,1.0,22,1,float64,8,0.39142072274619333,記述的評価,512,0.01937502382677335,0.36669999769968864,0.02347845303826801,0.076171875,0.005859375,0.024720725046504688,0.06315640335305958
B,long,1.0,1.0,22,1,float64,16,0.28962926538567413,記述的評価,512,0.008313488913936056,0.3228181657230993,0.02977777436609419,0.0546875,0.005859375,0.033188900337425165,0.11459097647894935
B,long,1.0,1.0,22,1,float64,32,0.2101089594126972,記述的評価,512,0.008316770945461056,0.19640673610189685,0.022704313483920213,0.06640625,0.0078125,0.013702223310800343,0.06521484542639783
B,long,1.0,1.0,22,1,float64,64,0.15066627585378273,記述的評価,512,0.015637831083880206,0.15228607975403016,0.04096514004126839,0.041015625,0.001953125,0.0016198039002474351,0.010750938729111537
B,long,1.0,1.0,22,1,float64,128,0.10734286783392079,記述的評価,512,0.016637547812452066,0.11268716992023262,0.06685711161435204,0.05859375,0.015625,0.005344302086311828,0.049787211709123036
B,long,1.0,1.0,22,1,float64,256,0.0762074983703411,記述的評価,512,-0.0029003871312156242,0.0740584017671354,0.02541759521547371,0.0625,0.0078125,0.002149096603205697,0.02820059245038931
B,long,1.0,1.0,22,1,float64,512,0.05400088741430396,記述的評価,512,0.003254291244169676,0.04891043994687258,0.036111885585114134,0.060546875,0.0078125,0.005090447467431376,0.09426599656366016
B,long,1.0,1.0,22,1,float64,1024,0.038226827737022365,記述的評価,512,-0.0018438965476302704,0.03640150918388137,0.030780629257170955,0.078125,0.0078125,0.0018253185531409977,0.047749673755251
B,long,1.0,1.0,22,1,float64,2048,0.02704617193931085,記述的評価,512,0.0015054504339779948,0.028671528863274016,0.02722892525746784,0.05078125,0.005859375,0.0016253569239631678,0.06009563673596104
B,long,1.0,1.0,22,1,float64,4096,0.019130339783990983,記述的評価,512,0.0005462592512819707,0.018527920602545878,0.0452306995710684,0.072265625,0.009765625,0.0006024191814451053,0.03149024995098275
B,long,1.0,1.0,22,1,float64,8192,0.013529333620581587,記述的評価,512,0.001176233402691681,0.013404860796075318,0.03564108291407453,0.06640625,0.00390625,0.00012447282450626929,0.009200218428859954
B,long,1.0,1.0,22,1,float64,16384,0.009567470977814557,記述的評価,512,0.00032966077438209356,0.008985056735153927,0.02890823824263883,0.052734375,0.005859375,0.0005824142426606293,0.060874419583937626
B,long,1.0,1.0,22,1,float64,32768,0.006765512786023478,記述的評価,512,0.0002550905308949711,0.006685128318954974,0.02979297645242268,0.04296875,0.001953125,8.038446706850385e-05,0.011881503976249362
B,long,1.0,1.0,22,1,float64,65536,0.004784046013247806,記述的評価,512,0.00027335265218982665,0.004594156798850795,0.0353472913204258,0.060546875,0.009765625,0.00018988921439701094,0.039692179772346806
B,long,1.0,1.0,22,1,float64,131072,0.0033828702131429166,記述的評価,512,5.994632360539047e-05,0.003697709988469513,0.03154555684345295,0.044921875,0.009765625,0.00031483977532659625,0.0930688307530689
B,long,1.0,1.0,22,1,float64,200000,0.0027385903251161262,記述的評価,512,-7.248867797632545e-05,0.002910074611791314,0.0217975250287471,0.064453125,0.01171875,0.0001714842866751879,0.06261772164404193
B,long,1.0,1.0,22,2,float64,0,1.0,記述的評価,512,-0.05145389165386016,1.0345346416772165,0.03543026400764521,0.041015625,0.001953125,0.03453464167721654,0.03453464167721654
B,long,1.0,1.0,22,2,float64,1,0.7615941559557649,記述的評価,512,-0.07749916543467734,0.8172877072441315,0.04726932215181806,0.046875,0.00390625,0.055693551288366616,0.07312759801639211
B,long,1.0,1.0,22,2,float64,2,0.6420149920119997,記述的評価,512,-0.03949023437102077,0.7129979045010811,0.029580857657330983,0.076171875,0.01171875,0.0709829124890814,0.11056270238585748
B,long,1.0,1.0,22,2,float64,4,0.5126146671514058,記述的評価,512,-0.06480853038629816,0.547319436538684,0.05781848052188532,0.060546875,0.013671875,0.03470476938727818,0.06770147561350948
B,long,1.0,1.0,22,2,float64,8,0.39142072274619333,記述的評価,512,-0.030134080351088718,0.3715019928310827,0.028043167736837626,0.0703125,0.009765625,0.019918729915110622,0.05088828658677433
B,long,1.0,1.0,22,2,float64,16,0.28962926538567413,記述的評価,512,-0.03199715527890511,0.2634996463765854,0.04205478758640707,0.0625,0.005859375,0.026129619009088723,0.09021746809423481
B,long,1.0,1.0,22,2,float64,32,0.2101089594126972,記述的評価,512,-0.02313428392224665,0.21484359569234282,0.03634083347878414,0.0625,0.01171875,0.0047346362796456265,0.02253419508087624
B,long,1.0,1.0,22,2,float64,64,0.15066627585378273,記述的評価,512,-0.01046245630280189,0.1730270589895896,0.03542228274122161,0.068359375,0.009765625,0.02236078313580686,0.14841266241628853
B,long,1.0,1.0,22,2,float64,128,0.10734286783392079,記述的評価,512,-0.012317347751726035,0.12145611858774824,0.05304462938071852,0.068359375,0.009765625,0.014113250753827453,0.13147823454524482
B,long,1.0,1.0,22,2,float64,256,0.0762074983703411,記述的評価,512,0.0004762508791291212,0.08512180971363703,0.03572779634204576,0.076171875,0.01171875,0.008914311343295928,0.11697420245939018
B,long,1.0,1.0,22,2,float64,512,0.05400088741430396,記述的評価,512,-0.0018081509099984738,0.0559409184130998,0.02936529710705832,0.07421875,0.0078125,0.00194003099879584,0.03592590958573687
B,long,1.0,1.0,22,2,float64,1024,0.038226827737022365,記述的評価,512,0.00045210346530910215,0.03619257643040881,0.023380283072319763,0.05078125,0.001953125,0.002034251306613555,0.05321527908640453
B,long,1.0,1.0,22,2,float64,2048,0.02704617193931085,記述的評価,512,-0.0008104333465367577,0.02814296510859874,0.03153886120301819,0.0546875,0.00390625,0.0010967931692878914,0.04055262133765161
B,long,1.0,1.0,22,2,float64,4096,0.019130339783990983,記述的評価,512,-0.001220764493421882,0.021113090108423556,0.03788942994140854,0.0703125,0.00390625,0.001982750324432573,0.1036442816395669
B,long,1.0,1.0,22,2,float64,8192,0.013529333620581587,記述的評価,512,-0.0012122665563352366,0.01413773462028103,0.0455839668945176,0.0625,0.0,0.0006084009996994433,0.04496902927827201
B,long,1.0,1.0,22,2,float64,16384,0.009567470977814557,記述的評価,512,-0.0008593287224550803,0.01051297594606218,0.043455204595516106,0.0625,0.00390625,0.0009455049682476242,0.09882496329908916
B,long,1.0,1.0,22,2,float64,32768,0.006765512786023478,記述的評価,512,-0.0003300149206577176,0.007004719762434825,0.026866947958818166,0.072265625,0.001953125,0.00023920697641134723,0.03535681388490057
B,long,1.0,1.0,22,2,float64,65536,0.004784046013247806,記述的評価,512,-0.000469788916312568,0.005176371253309182,0.036594977486480884,0.0703125,0.0078125,0.00039232524006137595,0.08200699553786966
B,long,1.0,1.0,22,2,float64,131072,0.0033828702131429166,記述的評価,512,-2.680031926904534e-05,0.003736843206234933,0.03679954203347835,0.060546875,0.005859375,0.0003539729930920163,0.10463688252560872
B,long,1.0,1.0,22,2,float64,200000,0.0027385903251161262,記述的評価,512,-9.980231073903088e-05,0.002998982901766733,0.038249909781378766,0.06640625,0.01171875,0.00026039257665060695,0.09508270523798237
B,long,1.0,1.0,22,3,float64,0,1.0,記述的評価,512,0.08776220941576565,0.9047599891061381,0.046020545462036655,0.05078125,0.00390625,0.09524001089386191,0.09524001089386191
B,long,1.0,1.0,22,3,float64,1,0.7615941559557649,記述的評価,512,0.013462002638386875,0.7258017103769459,0.03467325787735376,0.056640625,0.0078125,0.035792445578819,0.04699674399930388
B,long,1.0,1.0,22,3,float64,2,0.6420149920119997,記述的評価,512,0.056055717423356924,0.6159405676924972,0.0481449348585028,0.05859375,0.0078125,0.026074424319502576,0.040613419692565725
B,long,1.0,1.0,22,3,float64,4,0.5126146671514058,記述的評価,512,-0.002544459097566898,0.5426574140244323,0.030184887551519046,0.0390625,0.005859375,0.03004274687302655,0.05860688114909737
B,long,1.0,1.0,22,3,float64,8,0.39142072274619333,記述的評価,512,-0.014678427383664417,0.44440303244351753,0.03950374738488116,0.083984375,0.0078125,0.052982309697324204,0.13535897978421346
B,long,1.0,1.0,22,3,float64,16,0.28962926538567413,記述的評価,512,-0.00989215194774819,0.2608617665837527,0.04312512775594346,0.05078125,0.00390625,0.02876749880192142,0.09932524865404828
B,long,1.0,1.0,22,3,float64,32,0.2101089594126972,記述的評価,512,-0.011485461292753327,0.1983641087621617,0.03056022094491051,0.05859375,0.00390625,0.011744850650535488,0.05589885687580883
B,long,1.0,1.0,22,3,float64,64,0.15066627585378273,記述的評価,512,-0.01107178037038449,0.16069350994366294,0.041631839931268566,0.0546875,0.005859375,0.01002723408988021,0.06655261127985504
B,long,1.0,1.0,22,3,float64,128,0.10734286783392079,記述的評価,512,-0.006700359045197486,0.1095225257283973,0.03716841715841501,0.072265625,0.015625,0.0021796578944765083,0.020305567928824493
B,long,1.0,1.0,22,3,float64,256,0.0762074983703411,記述的評価,512,0.0007841467558730781,0.07583431538837396,0.03886478260288284,0.07421875,0.009765625,0.00037318298196714617,0.0048969325846862305
B,long,1.0,1.0,22,3,float64,512,0.05400088741430396,記述的評価,512,-0.001806773588459233,0.05983657901318175,0.03454939528983847,0.0625,0.01171875,0.005835691598877792,0.10806658701930909
B,long,1.0,1.0,22,3,float64,1024,0.038226827737022365,記述的評価,512,-0.0033341558985552555,0.037810114113521566,0.03867881719277233,0.064453125,0.00390625,0.0004167136235007987,0.010901077807646984
B,long,1.0,1.0,22,3,float64,2048,0.02704617193931085,記述的評価,512,-0.0016001432192469774,0.02718188159475913,0.027022817171282854,0.064453125,0.00390625,0.0001357096554482802,0.005017702902754605
B,long,1.0,1.0,22,3,float64,4096,0.019130339783990983,記述的評価,512,-0.00117484727177353,0.020057041120285654,0.02894185197495175,0.068359375,0.009765625,0.0009267013362946712,0.04844144676772397
B,long,1.0,1.0,22,3,float64,8192,0.013529333620581587,記述的評価,512,0.00044563134028962676,0.012797596336941455,0.0357676935626865,0.080078125,0.0078125,0.0007317372836401319,0.054085242049687635
B,long,1.0,1.0,22,3,float64,16384,0.009567470977814557,記述的評価,512,0.0007015455884095945,0.009577674509715188,0.03328620270212457,0.06640625,0.001953125,1.0203531900631474e-05,0.001066481615077991
B,long,1.0,1.0,22,3,float64,32768,0.006765512786023478,記述的評価,512,0.0008132457461124069,0.007006272764589917,0.05170764702847941,0.072265625,0.0078125,0.00024075997856643893,0.03558636073585028
B,long,1.0,1.0,22,3,float64,65536,0.004784046013247806,記述的評価,512,0.0003015637024938873,0.004389016767053482,0.03154754978201135,0.0546875,0.001953125,0.0003950292461943235,0.0825722087748368
B,long,1.0,1.0,22,3,float64,131072,0.0033828702131429166,記述的評価,512,0.000378969817493893,0.0035056131236178107,0.051202044167669714,0.0625,0.005859375,0.00012274291047489417,0.036283659360628454
B,long,1.0,1.0,22,3,float64,200000,0.0027385903251161262,記述的評価,512,0.00028939966710332996,0.0026782900230285416,0.04336207670183423,0.0625,0.005859375,6.030030208758466e-05,0.02201873771865739
B,long,1.0,1.0,22,4,float64,0,1.0,記述的評価,512,0.05057091567035139,0.9176827577651763,0.03950970385396746,0.060546875,0.00390625,0.08231724223482373,0.08231724223482373
B,long,1.0,1.0,22,4,float64,1,0.7615941559557649,記述的評価,512,0.03938220281156969,0.7166892883744294,0.028555820668818677,0.046875,0.001953125,0.044904867581335495,0.05896167562496852
B,long,1.0,1.0,22,4,float64,2,0.6420149920119997,記述的評価,512,0.10358936106166816,0.606760046454299,0.057862071761279554,0.06640625,0.0,0.0352549455577007,0.05491296308707034
B,long,1.0,1.0,22,4,float64,4,0.5126146671514058,記述的評価,512,-0.043611989981135524,0.49979077748900047,0.03240908134807985,0.05078125,0.005859375,0.01282388966240533,0.0250166264919175
B,long,1.0,1.0,22,4,float64,8,0.39142072274619333,記述的評価,512,0.016042745075827893,0.40619903003966873,0.03379114572710096,0.05859375,0.001953125,0.014778307293475401,0.03775555670581604
B,long,1.0,1.0,22,4,float64,16,0.28962926538567413,記述的評価,512,-0.011227822755293486,0.2851851905263557,0.030939648882230164,0.072265625,0.005859375,0.004444074859318414,0.015344011777955607
B,long,1.0,1.0,22,4,float64,32,0.2101089594126972,記述的評価,512,-0.021819942940170374,0.21718549057979514,0.04616848584513278,0.0390625,0.005859375,0.007076531167097944,0.033680292296332695
B,long,1.0,1.0,22,4,float64,64,0.15066627585378273,記述的評価,512,0.005085724640812129,0.1641434927863538,0.03688894852609903,0.091796875,0.005859375,0.013477216932571062,0.0894507868877725
B,long,1.0,1.0,22,4,float64,128,0.10734286783392079,記述的評価,512,-0.0070688454514689185,0.11485160068074773,0.03897618161285643,0.05859375,0.005859375,0.007508732846826946,0.06995092453132834
B,long,1.0,1.0,22,4,float64,256,0.0762074983703411,記述的評価,512,-0.0009061651073956035,0.07789981791540172,0.02041714244762488,0.064453125,0.005859375,0.0016923195450606193,0.02220673268707173
B,long,1.0,1.0,22,4,float64,512,0.05400088741430396,記述的評価,512,0.0008234369267188042,0.05492357482750569,0.02227115825315451,0.06640625,0.0078125,0.0009226874132017351,0.017086523155123746
B,long,1.0,1.0,22,4,float64,1024,0.038226827737022365,記述的評価,512,0.0008235334697662307,0.03769858268289346,0.0264044817771123,0.05078125,0.00390625,0.0005282450541289063,0.01381869973001462
B,long,1.0,1.0,22,4,float64,2048,0.02704617193931085,記述的評価,512,0.0009078397504747951,0.026132047773978886,0.029452567056020895,0.04296875,0.005859375,0.0009141241653319622,0.033798652444537204
B,long,1.0,1.0,22,4,float64,4096,0.019130339783990983,記述的評価,512,0.0002519802294831432,0.018760307531913878,0.034257560420024924,0.0546875,0.001953125,0.000370032252077105,0.019342691047587273
B,long,1.0,1.0,22,4,float64,8192,0.013529333620581587,記述的評価,512,0.00048738319095262197,0.014539996932553423,0.02641967024420505,0.06640625,0.00390625,0.0010106633119718357,0.07470163278658142
B,long,1.0,1.0,22,4,float64,16384,0.009567470977814557,記述的評価,512,-0.0003019314992385056,0.009766338800511492,0.04075170114331955,0.0625,0.00390625,0.00019886782269693502,0.02078582973056076
B,long,1.0,1.0,22,4,float64,32768,0.006765512786023478,記述的評価,512,-0.00025294428629217487,0.0071587244742814995,0.04434506723039977,0.08203125,0.015625,0.00039321168825802184,0.058120012583574965
B,long,1.0,1.0,22,4,float64,65536,0.004784046013247806,記述的評価,512,-1.2126196203543877e-05,0.005138694103281006,0.03359984837358582,0.068359375,0.005859375,0.00035464809003320046,0.07413141283572981
B,long,1.0,1.0,22,4,float64,131072,0.0033828702131429166,記述的評価,512,-0.00012339102906220488,0.003965306363936489,0.046389716205968656,0.076171875,0.0078125,0.000582436150793572,0.17217218341121318
B,long,1.0,1.0,22,4,float64,200000,0.0027385903251161262,記述的評価,512,-5.935728948713634e-05,0.0028097085491722027,0.02912843047020719,0.064453125,0.00390625,7.111822405607643e-05,0.025968916710118282
B,long,1.0001,1.0,23,0,float64,0,1.0,記述的評価,512,-0.14275402746555504,1.1186397480737589,0.0475103632190767,0.087890625,0.01953125,0.11863974807375888,0.11863974807375888
B,long,1.0001,1.0,23,0,float64,1,0.7616361501915299,記述的評価,512,-0.077995555141389,0.779500240702329,0.03519999476846092,0.072265625,0.009765625,0.01786409051079918,0.023454887883547635
B,long,1.0001,1.0,23,0,float64,2,0.6420844419071079,記述的評価,512,-0.024737312461515462,0.7053312031542276,0.029176038374742808,0.04296875,0.00390625,0.0632467612471197,0.09850224848816658
B,long,1.0001,1.0,23,0,float64,4,0.5127233470429173,記述的評価,512,0.000985823785322738,0.5186138636524795,0.035559704740121933,0.05859375,0.01171875,0.005890516609562191,0.011488684187164831
B,long,1.0001,1.0,23,0,float64,8,0.39158372476231157,記述的評価,512,0.017702077517460717,0.41490662412195634,0.024910134951614205,0.076171875,0.00390625,0.023322899359644766,0.05956044106225711
B,long,1.0001,1.0,23,0,float64,16,0.2898671287182144,記述的評価,512,0.012924581769815584,0.27981594910450375,0.02462057253064709,0.052734375,0.005859375,0.010051179613710659,0.03467512738735412
B,long,1.0001,1.0,23,0,float64,32,0.21045070389568593,記述的評価,512,0.015050222451295888,0.2120460708490377,0.04314530825976315,0.064453125,0.001953125,0.0015953669533517734,0.007580715691702075
B,long,1.0001,1.0,23,0,float64,64,0.15115334329333072,記述的評価,512,-0.004824181290388113,0.1489044702194385,0.024904350774247352,0.078125,0.0078125,0.0022488730738922103,0.014878090189034122
B,long,1.0001,1.0,23,0,float64,128,0.10803445103827664,記述的評価,512,-0.0058972777256457755,0.11177052031058121,0.032843696789822685,0.052734375,0.00390625,0.0037360692723045763,0.03458220258814372
B,long,1.0001,1.0,23,0,float64,256,0.07718810861511088,記述的評価,512,-0.007436081224452813,0.07484996177731149,0.06248702552214036,0.05859375,0.0078125,0.0023381468377993986,0.030291542049025757
B,long,1.0001,1.0,23,0,float64,512,0.05539148404195874,記述的評価,512,0.0007380583391743498,0.06441653549652765,0.03812815582374962,0.068359375,0.0078125,0.00902505145456891,0.16293211150891865
B,long,1.0001,1.0,23,0,float64,1024,0.04020172689662663,記述的評価,512,0.00032416955852681976,0.04001028508708618,0.024848029590786358,0.07421875,0.005859375,0.0001914418095404491,0.004762029502680722
B,long,1.0001,1.0,23,0,float64,2048,0.029859406157849093,記述的評価,512,0.003535925564074201,0.02910974562871626,0.046761516304199446,0.044921875,0.001953125,0.000749660529132834,0.025106344217625105
B,long,1.0001,1.0,23,0,float64,4096,0.02315497207460904,記述的評価,512,0.0026436799757081353,0.023797263218802437,0.05109217179860981,0.0546875,0.005859375,0.0006422911441933965,0.02773880020774075
B,long,1.0001,1.0,23,0,float64,8192,0.019293270011718197,記述的評価,512,0.0016773683940850875,0.018676232884335592,0.031150265327513194,0.0546875,0.001953125,0.0006170371273826053,0.03198198786456801
B,long,1.0001,1.0,23,0,float64,16384,0.017655224650514258,記述的評価,512,0.0024033028905413424,0.017633809093874016,0.045313015755131136,0.0625,0.00390625,2.1415556640241168e-05,0.0012129869239368403
B,long,1.0001,1.0,23,0,float64,32768,0.017331297014292382,記述的評価,512,0.0005681267790926447,0.01701470467518519,0.02051036486731017,0.0703125,0.005859375,0.0003165923391071912,0.018267088657364247
B,long,1.0001,1.0,23,0,float64,65536,0.017318966965552317,記述的評価,512,0.00022490373399780558,0.018873276978596414,0.02905005935117705,0.0625,0.013671875,0.0015543100130440968,0.08974611569706453
B,long,1.0001,1.0,23,0,float64,131072,0.017318949386979223,記述的評価,512,-0.000597377945391256,0.01654036229065369,0.03007207913833576,0.056640625,0.009765625,0.0007785870963255316,0.04495579257890152
B,long,1.0001,1.0,23,0,float64,200000,0.01731894938696,記述的評価,512,0.0024094665242297923,0.015815859298722902,0.04702240667271951,0.07421875,0.01171875,0.0015030900882370968,0.08678875690743817
B,long,1.0001,1.0,23,1,float64,0,1.0,記述的評価,512,-0.1376417729864483,0.9058473834520084,0.06181198402092858,0.060546875,0.00390625,0.09415261654799156,0.09415261654799156
B,long,1.0001,1.0,23,1,float64,1,0.7616361501915299,記述的評価,512,-0.060272017476039844,0.7851570728548877,0.04816192301623401,0.076171875,0.005859375,0.023520922663357813,0.03088209856825069
B,long,1.0001,1.0,23,1,float64,2,0.6420844419071079,記述的評価,512,-0.04876258424229654,0.6413031051347422,0.04712981850278042,0.06640625,0.001953125,0.0007813367723656928,0.0012168754160200176
B,long,1.0001,1.0,23,1,float64,4,0.5127233470429173,記述的評価,512,-0.0481494957411135,0.5118675649079754,0.037153733645455045,0.076171875,0.00390625,0.0008557821349419736,0.0016690914113383268
B,long,1.0001,1.0,23,1,float64,8,0.39158372476231157,記述的評価,512,-0.04831839186986209,0.4388488212754836,0.049376552362698,0.0625,0.005859375,0.04726509651317201,0.12070240289445527
B,long,1.0001,1.0,23,1,float64,16,0.2898671287182144,記述的評価,512,-0.00722168814174674,0.3096407025149635,0.03607958725199778,0.068359375,0.001953125,0.0197735737967491,0.06821599221749419
B,long,1.0001,1.0,23,1,float64,32,0.21045070389568593,記述的評価,512,-0.01163685391021034,0.23680398162893748,0.043047177242698687,0.080078125,0.01171875,0.02635327773325155,0.12522304390254774
B,long,1.0001,1.0,23,1,float64,64,0.15115334329333072,記述的評価,512,-0.0037208904559119945,0.14980620772081565,0.023929241976933358,0.0625,0.001953125,0.0013471355725150624,0.008912376948889503
B,long,1.0001,1.0,23,1,float64,128,0.10803445103827664,記述的評価,512,-0.0009133589426247637,0.10366807868940137,0.025015802653107877,0.060546875,0.00390625,0.004366372348875269,0.04041648110312758
B,long,1.0001,1.0,23,1,float64,256,0.07718810861511088,記述的評価,512,0.0011943821384739486,0.08281597939927568,0.028879902202206487,0.080078125,0.0078125,0.005627870784164796,0.07291111137633245
B,long,1.0001,1.0,23,1,float64,512,0.05539148404195874,記述的評価,512,0.005851293851669499,0.05483159614489627,0.041397761142692446,0.056640625,0.005859375,0.0005598878970624679,0.010107833482821222
B,long,1.0001,1.0,23,1,float64,1024,0.04020172689662663,記述的評価,512,-0.0009079357932443562,0.041086614406527174,0.01767183284018059,0.064453125,0.005859375,0.0008848875099005463,0.022011181563814815
B,long,1.0001,1.0,23,1,float64,2048,0.029859406157849093,記述的評価,512,-0.0029735528452726014,0.03080258977528609,0.03691146055519734,0.068359375,0.00390625,0.0009431836174369976,0.031587487455408236
B,long,1.0001,1.0,23,1,float64,4096,0.02315497207460904,記述的評価,512,-0.0007182839587464766,0.02180735746588482,0.035218766404299995,0.064453125,0.00390625,0.0013476146087242208,0.05819979416869906
B,long,1.0001,1.0,23,1,float64,8192,0.019293270011718197,記述的評価,512,-0.001581495083882052,0.020361962361041715,0.0388966616163367,0.076171875,0.005859375,0.0010686923493235176,0.05539197599341239
B,long,1.0001,1.0,23,1,float64,16384,0.017655224650514258,記述的評価,512,-0.00019528906091631802,0.018343817537894828,0.036604129604529745,0.0546875,0.005859375,0.0006885928873805701,0.03900221611513241
B,long,1.0001,1.0,23,1,float64,32768,0.017331297014292382,記述的評価,512,0.0012647624654556348,0.017746557448392854,0.051349874375865745,0.068359375,0.005859375,0.0004152604341004715,0.023960147573376875
B,long,1.0001,1.0,23,1,float64,65536,0.017318966965552317,記述的評価,512,-0.0010080229646642052,0.01577742292220955,0.03887570321122347,0.060546875,0.013671875,0.0015415440433427657,0.08900900650765832
B,long,1.0001,1.0,23,1,float64,131072,0.017318949386979223,記述的評価,512,-0.0007667816046940054,0.016448100168146913,0.0302814930557862,0.076171875,0.00390625,0.0008708492188323098,0.05028302810833513
B,long,1.0001,1.0,23,1,float64,200000,0.01731894938696,記述的評価,512,-0.0014474204131932748,0.01603465688663842,0.03738548124445207,0.0625,0.005859375,0.0012842925003215787,0.07415533538590767
B,long,1.0001,1.0,23,2,float64,0,1.0,記述的評価,512,0.03594759072578077,1.0356829824423275,0.038980822537957205,0.083984375,0.009765625,0.03568298244232748,0.03568298244232748
B,long,1.0001,1.0,23,2,float64,1,0.7616361501915299,記述的評価,512,0.04758376918638529,0.7805510729678773,0.04207093681246343,0.068359375,0.001953125,0.01891492277634743,0.024834591650607533
B,long,1.0001,1.0,23,2,float64,2,0.6420844419071079,記述的評価,512,-0.0067291591637208305,0.6537294028879651,0.027308565158637332,0.05859375,0.001953125,0.01164496098085721,0.01813618306381876
B,long,1.0001,1.0,23,2,float64,4,0.5127233470429173,記述的評価,512,-0.025875758535130213,0.5163400615579625,0.03269538030141006,0.052734375,0.005859375,0.003616714515045194,0.007053929835464384
B,long,1.0001,1.0,23,2,float64,8,0.39158372476231157,記述的評価,512,-0.03656903471219684,0.410975445438598,0.042105588543051686,0.0859375,0.01171875,0.019391720676286417,0.04952126314252986
B,long,1.0001,1.0,23,2,float64,16,0.2898671287182144,記述的評価,512,-0.01998959267289252,0.274453039117007,0.03735804765440587,0.060546875,0.005859375,0.015414089601207381,0.05317639730095689
B,long,1.0001,1.0,23,2,float64,32,0.21045070389568593,記述的評価,512,-8.447138361388081e-05,0.1987060584285475,0.03411788160233953,0.068359375,0.00390625,0.011744645467138437,0.05580710945476288
B,long,1.0001,1.0,23,2,float64,64,0.15115334329333072,記述的評価,512,0.004666278339741382,0.13141174533832728,0.03787969583574913,0.056640625,0.005859375,0.019741597955003437,0.13060642606291917
B,long,1.0001,1.0,23,2,float64,128,0.10803445103827664,記述的評価,512,-0.004474374372601647,0.0956100617462365,0.03262535222470608,0.064453125,0.001953125,0.012424389292040136,0.11500395635497951
B,long,1.0001,1.0,23,2,float64,256,0.07718810861511088,記述的評価,512,-0.010570422952611517,0.07682521085538707,0.05193057883042401,0.07421875,0.0078125,0.00036289775972381255,0.004701472367114967
B,long,1.0001,1.0,23,2,float64,512,0.05539148404195874,記述的評価,512,0.0034723077212959435,0.051331576438157965,0.032005744395185665,0.056640625,0.0078125,0.004059907603800775,0.07329479745885518
B,long,1.0001,1.0,23,2,float64,1024,0.04020172689662663,記述的評価,512,0.0007093740822216679,0.03501136451819398,0.045698557327816136,0.064453125,0.005859375,0.00519036237843265,0.12910794582976434
B,long,1.0001,1.0,23,2,float64,2048,0.029859406157849093,記述的評価,512,0.0019024693367451152,0.029799423146236723,0.03664805147189032,0.05859375,0.0078125,5.998301161237035e-05,0.002008848109546302
B,long,1.0001,1.0,23,2,float64,4096,0.02315497207460904,記述的評価,512,-0.00021105699289386459,0.022081005168564784,0.03005061577765694,0.064453125,0.005859375,0.001073966906044256,0.04638169731251509
B,long,1.0001,1.0,23,2,float64,8192,0.019293270011718197,記述的評価,512,0.0004379515424775089,0.01958474089002152,0.044028135795540435,0.064453125,0.001953125,0.00029147087830332444,0.015107386053597608
B,long,1.0001,1.0,23,2,float64,16384,0.017655224650514258,記述的評価,512,0.0018127991696575353,0.014179786685111342,0.05818907564795456,0.0390625,0.00390625,0.0034754379654029152,0.19685039608384045
B,long,1.0001,1.0,23,2,float64,32768,0.017331297014292382,記述的評価,512,0.002146876428417665,0.017184997201320943,0.05581513569023011,0.072265625,0.017578125,0.0001462998129714392,0.00844136551642915
B,long,1.0001,1.0,23,2,float64,65536,0.017318966965552317,記述的評価,512,0.0006806174227396445,0.020312604151313474,0.04056445761744509,0.080078125,0.0078125,0.002993637185761157,0.1728531032893328
B,long,1.0001,1.0,23,2,float64,131072,0.017318949386979223,記述的評価,512,0.00019289490815798662,0.018490524140161765,0.03426462995636759,0.060546875,0.005859375,0.0011715747531825423,0.06764698752820184
B,long,1.0001,1.0,23,2,float64,200000,0.01731894938696,記述的評価,512,0.0007860907642871778,0.01929140197741885,0.03163473215244461,0.080078125,0.001953125,0.0019724525904588515,0.11388985246091055
B,long,1.0001,1.0,23,3,float64,0,1.0,記述的評価,512,-0.13192138932470518,0.9481416239230871,0.04815401628888616,0.068359375,0.005859375,0.051858376076912904,0.051858376076912904
B,long,1.0001,1.0,23,3,float64,1,0.7616361501915299,記述的評価,512,-0.010801490963764615,0.7625355748939739,0.024803401991721152,0.072265625,0.009765625,0.0008994247024440849,0.001180911255614515
B,long,1.0001,1.0,23,3,float64,2,0.6420844419071079,記述的評価,512,-0.018088956709569524,0.6903666192095075,0.030400353409035574,0.0625,0.01171875,0.04828217730239959,0.07519599316095048
B,long,1.0001,1.0,23,3,float64,4,0.5127233470429173,記述的評価,512,-0.008464044250873413,0.5320906647163978,0.02497426834366001,0.0703125,0.00390625,0.019367317673480433,0.037773426517788936
B,long,1.0001,1.0,23,3,float64,8,0.39158372476231157,記述的評価,512,0.037002799125453664,0.4269217467989998,0.05587965246853366,0.072265625,0.00390625,0.03533802203668823,0.09024384774453574
B,long,1.0001,1.0,23,3,float64,16,0.2898671287182144,記述的評価,512,0.01570553694120675,0.29361589876534244,0.040836992770619585,0.041015625,0.01171875,0.003748770047128036,0.012932718738081854
B,long,1.0001,1.0,23,3,float64,32,0.21045070389568593,記述的評価,512,-0.00913668319099135,0.1876734009546865,0.039196004245447114,0.078125,0.013671875,0.022777302940999444,0.10823106085826859
B,long,1.0001,1.0,23,3,float64,64,0.15115334329333072,記述的評価,512,0.003023568490238575,0.1401498225618928,0.02450032430679694,0.060546875,0.005859375,0.011003520731437927,0.07279707144872284
B,long,1.0001,1.0,23,3,float64,128,0.10803445103827664,記述的評価,512,0.004248808243046452,0.10115906385538692,0.023202461583233358,0.083984375,0.00390625,0.006875387182889714,0.06364069162024771
B,long,1.0001,1.0,23,3,float64,256,0.07718810861511088,記述的評価,512,0.0039839231963849815,0.08068034090912271,0.02944733247817266,0.072265625,0.009765625,0.0034922322940118267,0.045243138569768804
B,long,1.0001,1.0,23,3,float64,512,0.05539148404195874,記述的評価,512,-0.0017515715458393537,0.058496362524261464,0.03522803608157132,0.052734375,0.001953125,0.003104878482302724,0.05605335433784001
B,long,1.0001,1.0,23,3,float64,1024,0.04020172689662663,記述的評価,512,0.004853387409165945,0.03951658494206117,0.04501409335810269,0.0703125,0.005859375,0.0006851419545654547,0.01704260009345384
B,long,1.0001,1.0,23,3,float64,2048,0.029859406157849093,記述的評価,512,0.0012181681632611936,0.02828873601436742,0.04796787772688521,0.05859375,0.009765625,0.0015706701434816742,0.052602189580679075
B,long,1.0001,1.0,23,3,float64,4096,0.02315497207460904,記述的評価,512,-0.0017402515784321136,0.025338850660451294,0.048119279326396036,0.064453125,0.00390625,0.0021838785858422534,0.09431575122636493
B,long,1.0001,1.0,23,3,float64,8192,0.019293270011718197,記述的評価,512,-0.000968585416185541,0.020146278727176895,0.0419718570696318,0.0625,0.00390625,0.0008530087154586981,0.04421275993860057
B,long,1.0001,1.0,23,3,float64,16384,0.017655224650514258,記述的評価,512,-0.0001979627721240626,0.016787029294185702,0.04908091238860646,0.064453125,0.013671875,0.0008681953563285556,0.04917498210951776
B,long,1.0001,1.0,23,3,float64,32768,0.017331297014292382,記述的評価,512,0.00036504640210897855,0.015353143881725154,0.04230645577475978,0.0703125,0.005859375,0.001978153132567228,0.11413762806880115
B,long,1.0001,1.0,23,3,float64,65536,0.017318966965552317,記述的評価,512,-0.0014367931911299615,0.018735456046707382,0.0557653513291505,0.05078125,0.00390625,0.0014164890811550652,0.08178831243067113
B,long,1.0001,1.0,23,3,float64,131072,0.017318949386979223,記述的評価,512,-0.000513960546617143,0.018757513942118595,0.028459948201501883,0.0703125,0.0078125,0.0014385645551393718,0.08306303823607898
B,long,1.0001,1.0,23,3,float64,200000,0.01731894938696,記述的評価,512,-0.0007607985313377403,0.017084924501562227,0.018956035815124894,0.06640625,0.00390625,0.0002340248853977718,0.01351264907408164
B,long,1.0001,1.0,23,4,float64,0,1.0,記述的評価,512,-0.011019481802826192,0.9704186722014636,0.026942337600306177,0.068359375,0.01171875,0.029581327798536394,0.029581327798536394
B,long,1.0001,1.0,23,4,float64,1,0.7616361501915299,記述的評価,512,-0.011021029940524611,0.790066581753919,0.037850724413624914,0.08203125,0.0078125,0.028430431562389114,0.03732810155510563
B,long,1.0001,1.0,23,4,float64,2,0.6420844419071079,記述的評価,512,-0.03874201628188595,0.6859784500903897,0.025469884773923535,0.060546875,0.005859375,0.04389400818328182,0.06836173767566865
B,long,1.0001,1.0,23,4,float64,4,0.5127233470429173,記述的評価,512,-0.012003818249657752,0.5363084705152896,0.021251797464935718,0.0625,0.00390625,0.023585123472372294,0.04599970648576319
B,long,1.0001,1.0,23,4,float64,8,0.39158372476231157,記述的評価,512,-0.01098868762194035,0.3846491339519291,0.024394972031371642,0.0546875,0.00390625,0.006934590810382446,0.01770908843208867
B,long,1.0001,1.0,23,4,float64,16,0.2898671287182144,記述的評価,512,-0.019656760396327855,0.28547990632313036,0.02963078332882635,0.064453125,0.001953125,0.004387222395084045,0.015135287724704207
B,long,1.0001,1.0,23,4,float64,32,0.21045070389568593,記述的評価,512,-0.014243854996818912,0.22040435647227202,0.02993777426385924,0.064453125,0.00390625,0.009953652576586092,0.047296836704902714
B,long,1.0001,1.0,23,4,float64,64,0.15115334329333072,記述的評価,512,0.0012193965941848612,0.14346584313039745,0.039825562160056505,0.068359375,0.0,0.007687500162933264,0.05085894890207471
B,long,1.0001,1.0,23,4,float64,128,0.10803445103827664,記述的評価,512,-0.009263834968263558,0.11177659757047984,0.034522129160367676,0.0703125,0.001953125,0.0037421465322032,0.034638455568931026
B,long,1.0001,1.0,23,4,float64,256,0.07718810861511088,記述的評価,512,-0.00516623132580939,0.07554295458947198,0.030730536919490625,0.0703125,0.005859375,0.0016451540256389036,0.021313568309365684
B,long,1.0001,1.0,23,4,float64,512,0.05539148404195874,記述的評価,512,-0.0024694582506386165,0.05975256981238401,0.028273392082585724,0.0546875,0.005859375,0.004361085770425273,0.07873206226288819
B,long,1.0001,1.0,23,4,float64,1024,0.04020172689662663,記述的評価,512,-0.0026020684909219592,0.04126358008665301,0.029253777670720904,0.060546875,0.0078125,0.001061853190026385,0.026413123813233165
B,long,1.0001,1.0,23,4,float64,2048,0.029859406157849093,記述的評価,512,-0.002283096688442407,0.03393820117138377,0.03790973663463293,0.064453125,0.009765625,0.0040787950135346765,0.13660000443319234
B,long,1.0001,1.0,23,4,float64,4096,0.02315497207460904,記述的評価,512,-0.0032985354727237156,0.02486753913147205,0.057304418996625306,0.07421875,0.0078125,0.001712567056863009,0.07396109359773109
B,long,1.0001,1.0,23,4,float64,8192,0.019293270011718197,記述的評価,512,-0.0012553278184791433,0.021567744416106472,0.03794830069160071,0.08203125,0.005859375,0.002274474404388275,0.11788952329008107
B,long,1.0001,1.0,23,4,float64,16384,0.017655224650514258,記述的評価,512,-0.0012814996011099628,0.01661445504243684,0.039808412272759774,0.0546875,0.005859375,0.0010407696080774187,0.058949666666920794
B,long,1.0001,1.0,23,4,float64,32768,0.017331297014292382,記述的評価,512,0.0004384830176903286,0.016893516213717447,0.0329135918806121,0.0625,0.00390625,0.00043778080057493493,0.025259552139341664
B,long,1.0001,1.0,23,4,float64,65536,0.017318966965552317,記述的評価,512,-0.001260386549990893,0.017673735759315308,0.03530883869224111,0.05078125,0.00390625,0.0003547687937629912,0.020484408479364363
B,long,1.0001,1.0,23,4,float64,131072,0.017318949386979223,記述的評価,512,0.0012588763181907367,0.01570929335818217,0.04405636655474421,0.044921875,0.013671875,0.0016096560287970525,0.09294189808114044
B,long,1.0001,1.0,23,4,float64,200000,0.01731894938696,記述的評価,512,0.0009358380036271376,0.013944051623216804,0.041252647410543464,0.06640625,0.0078125,0.0033748977637431954,0.19486734953358464
