stage,beta,gamma0,condition,seed,dtype,start,stop,status,n,median,estimated_scale,ks,tail10,tail100,theoretical_scale,lyapunov,theoretical_lyapunov,log_sensitivity
C,1.0001,0.017318949386946766,0,0,float64,0,200000,記述的評価,200000,0.008775251676624313,0.015424973944714874,0.23347235523224152,0.061265,0.00627,0.017318949386946766,0.034084572227804255,0.03444136656343561,6816.914445560851
C,1.0001,0.017318949386946766,0,0,float64,0,50000,記述的評価,50000,0.0076417994071587185,0.013124031437315692,0.31159235523224155,0.06592,0.00628,0.017318949386946766,0.036409176399696055,0.03444136656343561,1820.4588199848026
C,1.0001,0.017318949386946766,0,0,float64,50000,100000,記述的評価,50000,0.009640029754516478,0.020393847299083667,0.1676668582751848,0.07784,0.00756,0.017318949386946766,0.04030978581748357,0.03444136656343561,2015.4892908741783
C,1.0001,0.017318949386946766,0,0,float64,100000,150000,記述的評価,50000,0.0088462310384434,0.008212375746333073,0.37709971427290495,0.05588,0.00512,0.017318949386946766,0.028425404549651007,0.03444136656343561,1421.2702274825504
C,1.0001,0.017318949386946766,0,0,float64,150000,200000,記述的評価,50000,0.009059899871278525,0.013904577640193204,0.25409864509629315,0.04542,0.00612,0.017318949386946766,0.031193922144386373,0.03444136656343561,1559.6961072193187
C,1.0001,0.017318949386946766,0,0,float32,0,200000,記述的評価,200000,0.0027594079729169607,0.01733639626763761,0.11630815942295708,0.06423,0.006745,0.017318949386946766,0.03576125566194075,0.03444136656343561,7152.25113238815
C,1.0001,0.017318949386946766,0,0,float32,0,50000,記述的評価,50000,-0.007669449783861637,0.021857807645574212,0.1524533098279256,0.07418,0.00734,0.017318949386946766,0.039518587462482435,0.03444136656343561,1975.9293731241219
C,1.0001,0.017318949386946766,0,0,float32,50000,100000,記述的評価,50000,0.005736344726756215,0.01628242648439482,0.19476381829580153,0.04748,0.00514,0.017318949386946766,0.026615495598270623,0.03444136656343561,1330.7747799135311
C,1.0001,0.017318949386946766,0,0,float32,100000,150000,記述的評価,50000,0.0005399775400292128,0.018851749366149306,0.1154039449204527,0.074,0.00754,0.017318949386946766,0.040248754959899394,0.03444136656343561,2012.4377479949696
C,1.0001,0.017318949386946766,0,0,float32,150000,200000,記述的評価,50000,0.0034050075337290764,0.006717885727994144,0.2955163275527418,0.06126,0.00696,0.017318949386946766,0.036662184627110524,0.03444136656343561,1833.1092313555262
C,1.0001,0.017318949386946766,0,1,float64,0,200000,記述的評価,200000,-0.0036206068610784075,0.011232795704535274,0.2431704301604783,0.063035,0.006155,0.017318949386946766,0.03318875590366878,0.03444136656343561,6637.751180733756
C,1.0001,0.017318949386946766,0,1,float64,0,50000,記述的評価,50000,-0.0015403508725414525,0.016822461310584656,0.2711304301604783,0.09758,0.00866,0.017318949386946766,0.04788217540741286,0.03444136656343561,2394.108770370643
C,1.0001,0.017318949386946766,0,1,float64,50000,100000,記述的評価,50000,-0.003915638298438377,0.014958173509917301,0.12370646080682274,0.04906,0.00534,0.017318949386946766,0.027910064595701625,0.03444136656343561,1395.5032297850812
C,1.0001,0.017318949386946766,0,1,float64,100000,150000,記述的評価,50000,-0.00529914536012737,0.004387907457135076,0.5108437752632562,0.01568,0.00178,0.017318949386946766,0.010302158781489615,0.03444136656343561,515.1079390744808
C,1.0001,0.017318949386946766,0,1,float64,150000,200000,記述的評価,50000,-0.004783749679425377,0.023804584033367757,0.1420246677310777,0.08982,0.00884,0.017318949386946766,0.046660624830071065,0.03444136656343561,2333.0312415035532
C,1.0001,0.017318949386946766,0,1,float32,0,200000,記述的評価,200000,-0.002105194260366261,0.015046676620841026,0.054163180411351486,0.05334,0.005555,0.017318949386946766,0.030363800236885945,0.03444136656343561,6072.760047377189
C,1.0001,0.017318949386946766,0,1,float32,0,50000,記述的評価,50000,0.014741978608071804,0.033854187931865454,0.2438085773378209,0.1183,0.0121,0.017318949386946766,0.06627536022693585,0.03444136656343561,3313.7680113467923
C,1.0001,0.017318949386946766,0,1,float32,50000,100000,記述的評価,50000,0.005952003179118037,0.00716467852180358,0.4105833553804097,0.02182,0.00214,0.017318949386946766,0.01178261320908067,0.03444136656343561,589.1306604540335
C,1.0001,0.017318949386946766,0,1,float32,100000,150000,記述的評価,50000,-0.006071006180718541,0.005649739323416725,0.4186031804113516,0.03014,0.00336,0.017318949386946766,0.018948694992889,0.03444136656343561,947.43474964445
C,1.0001,0.017318949386946766,0,1,float32,150000,200000,記述的評価,50000,-0.008843012154102325,0.013121415162459016,0.2967049120639387,0.0431,0.00462,0.017318949386946766,0.02444853251863826,0.03444136656343561,1222.426625931913
C,1.0001,0.017318949386946766,0,2,float64,0,200000,記述的評価,200000,-0.00803914008241775,0.026643276478442803,0.18009929544497205,0.076525,0.007375,0.017318949386946766,0.04001936132963182,0.03444136656343561,8003.872265926364
C,1.0001,0.017318949386946766,0,2,float64,0,50000,記述的評価,50000,-0.01024257569814254,0.03856962487986462,0.25548546716639675,0.09726,0.00928,0.017318949386946766,0.05103463214705901,0.03444136656343561,2551.7316073529505
C,1.0001,0.017318949386946766,0,2,float64,50000,100000,記述的評価,50000,-0.018253001056891587,0.03121309955353105,0.3886494903804616,0.09238,0.00836,0.017318949386946766,0.046138228329135035,0.03444136656343561,2306.911416456752
C,1.0001,0.017318949386946766,0,2,float64,100000,150000,記述的評価,50000,-0.0009849156264139655,0.0016097420198968482,0.26761581226863534,0.02442,0.00252,0.017318949386946766,0.013213900954921719,0.03444136656343561,660.695047746086
C,1.0001,0.017318949386946766,0,2,float64,150000,200000,記述的評価,50000,-0.014299260403204492,0.02123951102944909,0.3094436233699977,0.09204,0.00934,0.017318949386946766,0.04969068388741155,0.03444136656343561,2484.5341943705776
C,1.0001,0.017318949386946766,0,2,float32,0,200000,記述的評価,200000,0.0017178028356283903,0.01305168797262013,0.08635527517573505,0.05135,0.005315,0.017318949386946766,0.02873266688443271,0.03444136656343561,5746.533376886542
C,1.0001,0.017318949386946766,0,2,float32,0,50000,記述的評価,50000,0.002908858936280012,0.01833622343838215,0.13728542996159077,0.05086,0.00478,0.017318949386946766,0.026540649698776727,0.03444136656343561,1327.0324849388364
C,1.0001,0.017318949386946766,0,2,float32,50000,100000,記述的評価,50000,0.008350517600774765,0.005641188123263419,0.4571231804113515,0.01442,0.00164,0.017318949386946766,0.009643086621055473,0.03444136656343561,482.1543310527736
C,1.0001,0.017318949386946766,0,2,float32,100000,150000,記述的評価,50000,-0.0016879847971722484,0.006109319521783618,0.294063159422957,0.04772,0.00538,0.017318949386946766,0.027132795623415883,0.03444136656343561,1356.639781170794
C,1.0001,0.017318949386946766,0,2,float32,150000,200000,記述的評価,50000,-0.005175827303901315,0.01840534887742251,0.20308553099767468,0.0924,0.00946,0.017318949386946766,0.051614135594482774,0.03444136656343561,2580.706779724139
C,1.0001,0.017318949386946766,0,3,float64,0,200000,記述的評価,200000,-0.0034299188041461625,0.013715791395157792,0.1122998180572623,0.05992,0.006115,0.017318949386946766,0.032892586055816145,0.03444136656343561,6578.517211163229
C,1.0001,0.017318949386946766,0,3,float64,0,50000,記述的評価,50000,-0.010477220688928784,0.02546668056261421,0.2959711254214514,0.07916,0.0077,0.017318949386946766,0.042524854675884745,0.03444136656343561,2126.242733794237
C,1.0001,0.017318949386946766,0,3,float64,50000,100000,記述的評価,50000,0.0015170762738375922,0.017304008221641735,0.18099692298748193,0.09276,0.0094,0.017318949386946766,0.04914710760040525,0.03444136656343561,2457.3553800202626
C,1.0001,0.017318949386946766,0,3,float64,100000,150000,記述的評価,50000,0.0014786203882396175,0.009165917173846367,0.14650676015515418,0.05002,0.00576,0.017318949386946766,0.030251323737440886,0.03444136656343561,1512.5661868720442
C,1.0001,0.017318949386946766,0,3,float64,150000,200000,記述的評価,50000,0.0029561177118275204,0.010540467313467604,0.11668423217831997,0.01774,0.0016,0.017318949386946766,0.009647058209533694,0.03444136656343561,482.3529104766847
C,1.0001,0.017318949386946766,0,3,float32,0,200000,記述的評価,200000,0.002176490263082087,0.014513427740894258,0.07569527517573504,0.05686,0.00602,0.017318949386946766,0.03242382133891024,0.03444136656343561,6484.764267782048
C,1.0001,0.017318949386946766,0,3,float32,0,50000,記述的評価,50000,0.0024593929992988706,0.02062366669997573,0.10450542996159079,0.0675,0.00702,0.017318949386946766,0.037136487778582236,0.03444136656343561,1856.8243889291118
C,1.0001,0.017318949386946766,0,3,float32,50000,100000,記述的評価,50000,0.008346403017640114,0.00716273149009794,0.44726318041135155,0.01982,0.00222,0.017318949386946766,0.013784563170691242,0.03444136656343561,689.2281585345621
C,1.0001,0.017318949386946766,0,3,float32,100000,150000,記述的評価,50000,-0.0008515737426932901,0.013533434830605984,0.1579431594229571,0.04772,0.00538,0.017318949386946766,0.027159415677299317,0.03444136656343561,1357.9707838649658
C,1.0001,0.017318949386946766,0,3,float32,150000,200000,記述的評価,50000,-0.005175827303901315,0.01840534887742251,0.25129935289839045,0.0924,0.00946,0.017318949386946766,0.05161481872906814,0.03444136656343561,2580.740936453407
C,1.0001,0.017318949386946766,0,4,float64,0,200000,記述的評価,200000,0.0039686200379425865,0.022899145159088957,0.08304270591664398,0.085445,0.00877,0.017318949386946766,0.047416232208204394,0.03444136656343561,9483.246441640878
C,1.0001,0.017318949386946766,0,4,float64,0,50000,記述的評価,50000,0.007960406132994462,0.03166158123321637,0.14177267662543797,0.08878,0.00882,0.017318949386946766,0.04797751229078908,0.03444136656343561,2398.875614539454
C,1.0001,0.017318949386946766,0,4,float64,50000,100000,記述的評価,50000,-0.0017954765130429968,0.008492581187572405,0.1496208415869984,0.02974,0.0028,0.017318949386946766,0.016066868531972596,0.03444136656343561,803.3434265986298
C,1.0001,0.017318949386946766,0,4,float64,100000,150000,記述的評価,50000,0.006685762451356679,0.028958314474455488,0.14931148340371786,0.1396,0.01394,0.017318949386946766,0.0747447604008064,0.03444136656343561,3737.2380200403195
C,1.0001,0.017318949386946766,0,4,float64,150000,200000,記述的評価,50000,0.007913566318076461,0.02318658296379381,0.14501115545984056,0.08366,0.00952,0.017318949386946766,0.050875787609249504,0.03444136656343561,2543.789380462475
C,1.0001,0.017318949386946766,0,4,float32,0,200000,記述的評価,200000,-0.0014894044143147767,0.018666190328076482,0.0728331594229571,0.061875,0.00636,0.017318949386946766,0.03489951412120703,0.03444136656343561,6979.902824241406
C,1.0001,0.017318949386946766,0,4,float32,0,50000,記述的評価,50000,-0.011244074441492558,0.018367060692980886,0.2699323200708128,0.04952,0.00494,0.017318949386946766,0.028792342862266933,0.03444136656343561,1439.6171431133466
C,1.0001,0.017318949386946766,0,4,float32,50000,100000,記述的評価,50000,0.01462186360731721,0.018524237617384642,0.27274417180875443,0.0765,0.00782,0.017318949386946766,0.04394606135437392,0.03444136656343561,2197.303067718696
C,1.0001,0.017318949386946766,0,4,float32,100000,150000,記述的評価,50000,0.0041254060342907906,0.022863429505378008,0.1304069455522182,0.06718,0.00716,0.017318949386946766,0.037699646962726006,0.03444136656343561,1884.9823481363003
C,1.0001,0.017318949386946766,0,4,float32,150000,200000,記述的評価,50000,-0.0012133935815654695,0.013958974624983966,0.22850315942295707,0.0543,0.00552,0.017318949386946766,0.029160005305461232,0.03444136656343561,1458.0002652730616
C,1.0001,0.017318949386946766,0,5,float64,0,200000,記述的評価,200000,0.002164931597391406,0.009372369375049695,0.18509337899206307,0.052665,0.00541,0.017318949386946766,0.029049444701338002,0.03444136656343561,5809.8889402676
C,1.0001,0.017318949386946766,0,5,float64,0,50000,記述的評価,50000,0.007314258086005708,0.01632210459739581,0.14038754269116882,0.05268,0.00514,0.017318949386946766,0.02669822377758802,0.03444136656343561,1334.911188879401
C,1.0001,0.017318949386946766,0,5,float64,50000,100000,記述的評価,50000,0.0024239319798580825,0.00444205352001551,0.27812475217802773,0.05592,0.00602,0.017318949386946766,0.032303379453010324,0.03444136656343561,1615.1689726505163
C,1.0001,0.017318949386946766,0,5,float64,100000,150000,記述的評価,50000,-0.003663401680146154,0.016470217506652937,0.21406472773043572,0.07794,0.00824,0.017318949386946766,0.043901278370691,0.03444136656343561,2195.06391853455
C,1.0001,0.017318949386946766,0,5,float64,150000,200000,記述的評価,50000,0.004369189259130095,0.003736338291777581,0.46747619405434904,0.02412,0.00224,0.017318949386946766,0.013294897204062725,0.03444136656343561,664.7448602031362
C,1.0001,0.017318949386946766,0,5,float32,0,200000,記述的評価,200000,0.001412523037288338,0.011306141503155231,0.1273318078483756,0.04901,0.004995,0.017318949386946766,0.02689264989452741,0.03444136656343561,5378.5299789054825
C,1.0001,0.017318949386946766,0,5,float32,0,50000,記述的評価,50000,0.0038942787796258926,0.004475036010262556,0.37205238370555316,0.02204,0.0024,0.017318949386946766,0.012771388320546423,0.03444136656343561,638.5694160273212
C,1.0001,0.017318949386946766,0,5,float32,50000,100000,記述的評価,50000,0.007739691063761711,0.0208496933337301,0.1486530817258198,0.0759,0.00772,0.017318949386946766,0.04059599029431257,0.03444136656343561,2029.7995147156287
C,1.0001,0.017318949386946766,0,5,float32,100000,150000,記述的評価,50000,0.003262236132286489,0.006493543682154268,0.3990148223730645,0.05332,0.00594,0.017318949386946766,0.03197985104900216,0.03444136656343561,1598.992552450108
C,1.0001,0.017318949386946766,0,5,float32,150000,200000,記述的評価,50000,-0.004818529589101672,0.006168056235765107,0.4149789357313175,0.04478,0.00392,0.017318949386946766,0.022223369914248527,0.03444136656343561,1111.1684957124264
C,1.0001,0.017318949386946766,0,6,float64,0,200000,記述的評価,200000,0.004904079905768766,0.011557716618684474,0.16601962985002777,0.052125,0.005375,0.017318949386946766,0.028483332139666962,0.03444136656343561,5696.666427933393
C,1.0001,0.017318949386946766,0,6,float64,0,50000,記述的評価,50000,0.003665054883298434,0.0030716175688425256,0.4748346298500278,0.02016,0.00196,0.017318949386946766,0.01020933446985698,0.03444136656343561,510.466723492849
C,1.0001,0.017318949386946766,0,6,float64,50000,100000,記述的評価,50000,-0.0027023473151028994,0.01584002109581622,0.09984316411201216,0.06708,0.00662,0.017318949386946766,0.034558593971738265,0.03444136656343561,1727.9296985869132
C,1.0001,0.017318949386946766,0,6,float64,100000,150000,記述的評価,50000,0.005568525477417692,0.013422727471541142,0.14709255972865815,0.0521,0.00586,0.017318949386946766,0.03147511648843541,0.03444136656343561,1573.7558244217703
C,1.0001,0.017318949386946766,0,6,float64,150000,200000,記述的評価,50000,0.014459929561860315,0.018577570273928274,0.2634937160669571,0.06916,0.00706,0.017318949386946766,0.03769028362863722,0.03444136656343561,1884.5141814318608
C,1.0001,0.017318949386946766,0,6,float32,0,200000,記述的評価,200000,0.0026361558120697737,0.011550237191841006,0.2081646303662879,0.04457,0.004465,0.017318949386946766,0.024473363477607972,0.03444136656343561,4894.6726955215945
C,1.0001,0.017318949386946766,0,6,float32,0,50000,記述的評価,50000,0.0026801637141034007,0.0050871873390860856,0.3972146303662879,0.01702,0.00142,0.017318949386946766,0.008383903401327183,0.03444136656343561,419.19517006635914
C,1.0001,0.017318949386946766,0,6,float32,50000,100000,記述的評価,50000,-0.004878639476373792,0.010754438932053745,0.1639053685177574,0.0189,0.00198,0.017318949386946766,0.011617930069582082,0.03444136656343561,580.8965034791041
C,1.0001,0.017318949386946766,0,6,float32,100000,150000,記述的評価,50000,0.006686426233500242,0.03190947696566582,0.1665370548747246,0.10746,0.0111,0.017318949386946766,0.05884637171624413,0.03444136656343561,2942.3185858122065
C,1.0001,0.017318949386946766,0,6,float32,150000,200000,記述的評価,50000,0.0038071954622864723,0.005650240171235055,0.45294315942295704,0.0349,0.00336,0.017318949386946766,0.01904524872327849,0.03444136656343561,952.2624361639246
C,1.0001,0.017318949386946766,0,7,float64,0,200000,記述的評価,200000,0.0051366919913155545,0.022526119427245916,0.09973864181655573,0.06998,0.006665,0.017318949386946766,0.03677078076751615,0.03444136656343561,7354.15615350323
C,1.0001,0.017318949386946766,0,7,float64,0,50000,記述的評価,50000,0.009123172365857954,0.006840615373536368,0.3932077866378544,0.0489,0.00422,0.017318949386946766,0.024238926651484805,0.03444136656343561,1211.9463325742402
C,1.0001,0.017318949386946766,0,7,float64,50000,100000,記述的評価,50000,0.0059505927869653325,0.019975100409622838,0.16815730721287903,0.07748,0.00708,0.017318949386946766,0.038367112790253684,0.03444136656343561,1918.3556395126843
C,1.0001,0.017318949386946766,0,7,float64,100000,150000,記述的評価,50000,0.011719887813328249,0.03381048476567467,0.2168160610306631,0.09712,0.01046,0.017318949386946766,0.05475526858965065,0.03444136656343561,2737.7634294825325
C,1.0001,0.017318949386946766,0,7,float64,150000,200000,記述的評価,50000,-0.019560154744768028,0.011886847621722096,0.48174181331462923,0.05642,0.0049,0.017318949386946766,0.029721815038675433,0.03444136656343561,1486.0907519337716
C,1.0001,0.017318949386946766,0,7,float32,0,200000,記述的評価,200000,-0.001683686627075076,0.014190441812388599,0.12757652804148079,0.063115,0.00636,0.017318949386946766,0.035229308398687875,0.03444136656343561,7045.861679737574
C,1.0001,0.017318949386946766,0,7,float32,0,50000,記述的評価,50000,-0.0120770875364542,0.020064721815288067,0.26820218158022013,0.05486,0.00594,0.017318949386946766,0.03227994916243536,0.03444136656343561,1613.997458121768
C,1.0001,0.017318949386946766,0,7,float32,50000,100000,記述的評価,50000,-0.0030301869846880436,0.006093639116443228,0.3312467153492945,0.0702,0.0073,0.017318949386946766,0.04143108306112709,0.03444136656343561,2071.5541530563546
C,1.0001,0.017318949386946766,0,7,float32,100000,150000,記述的評価,50000,0.002207297249697149,0.003944934280298185,0.2692867153492945,0.0637,0.0061,0.017318949386946766,0.03360056205236575,0.03444136656343561,1680.0281026182874
C,1.0001,0.017318949386946766,0,7,float32,150000,200000,記述的評価,50000,-0.001598745642695576,0.009408159006852657,0.20554671534929447,0.0637,0.0061,0.017318949386946766,0.03360563931882328,0.03444136656343561,1680.2819659411641
C,1.0001,0.017318949386946766,0,8,float64,0,200000,記述的評価,200000,-0.0045264719139799505,0.0062559781358031,0.3668582241069427,0.031425,0.00322,0.017318949386946766,0.016638317178294493,0.03444136656343561,3327.6634356588984
C,1.0001,0.017318949386946766,0,8,float64,0,50000,記述的評価,50000,-0.0018968350980249336,0.008261742488561185,0.2934518416033288,0.05184,0.00486,0.017318949386946766,0.024492689130219427,0.03444136656343561,1224.6344565109714
C,1.0001,0.017318949386946766,0,8,float64,50000,100000,記述的評価,50000,-0.005924121836878224,0.004018134970547588,0.5243076685302178,0.0048,0.0006,0.017318949386946766,0.0028773665819672406,0.03444136656343561,143.86832909836204
C,1.0001,0.017318949386946766,0,8,float64,100000,150000,記述的評価,50000,-0.008789166334977807,0.00976840074499356,0.37256712278793136,0.04654,0.00496,0.017318949386946766,0.026332578851023768,0.03444136656343561,1316.6289425511884
C,1.0001,0.017318949386946766,0,8,float64,150000,200000,記述的評価,50000,-0.0015326600677686149,0.003153019403997496,0.4334782241069427,0.02252,0.00246,0.017318949386946766,0.012850634149967536,0.03444136656343561,642.5317074983768
C,1.0001,0.017318949386946766,0,8,float32,0,200000,記述的評価,200000,-0.003376989159733057,0.012155492091551423,0.13468318041135152,0.049005,0.00528,0.017318949386946766,0.028429494103663265,0.03444136656343561,5685.898820732653
C,1.0001,0.017318949386946766,0,8,float32,0,50000,記述的評価,50000,-0.003738745697773993,0.01763023983221501,0.187784584413831,0.08834,0.01052,0.017318949386946766,0.05372596903178667,0.03444136656343561,2686.2984515893336
C,1.0001,0.017318949386946766,0,8,float32,50000,100000,記述的評価,50000,0.00503854313865304,0.00620682691805996,0.4232389357313175,0.03734,0.0029,0.017318949386946766,0.017689269696864653,0.03444136656343561,884.4634848432327
C,1.0001,0.017318949386946766,0,8,float32,100000,150000,記述的評価,50000,-0.0058474126271903515,0.005605782629572786,0.2975854299615908,0.04008,0.00426,0.017318949386946766,0.02377029738359316,0.03444136656343561,1188.514869179658
C,1.0001,0.017318949386946766,0,8,float32,150000,200000,記述的評価,50000,-0.010614979080855846,0.008434916060650721,0.4412831804113515,0.03026,0.00344,0.017318949386946766,0.018532440302408585,0.03444136656343561,926.6220151204293
C,1.0001,0.017318949386946766,0,9,float64,0,200000,記述的評価,200000,-0.003118166106521908,0.009767423586987919,0.16694159575275647,0.05061,0.00509,0.017318949386946766,0.027784708756991627,0.03444136656343561,5556.941751398325
C,1.0001,0.017318949386946766,0,9,float64,0,50000,記述的評価,50000,-0.004213803399046143,0.01269204091296719,0.23629672071486074,0.03288,0.00386,0.017318949386946766,0.019656870369036916,0.03444136656343561,982.8435184518457
C,1.0001,0.017318949386946766,0,9,float64,50000,100000,記述的評価,50000,-0.007869976107765355,0.02051717052039301,0.28655952755299297,0.0704,0.00772,0.017318949386946766,0.04174493257400955,0.03444136656343561,2087.2466287004772
C,1.0001,0.017318949386946766,0,9,float64,100000,150000,記述的評価,50000,0.0014529158439338132,0.0024339282219538543,0.43087542029782533,0.02988,0.0019,0.017318949386946766,0.012580288746856213,0.03444136656343561,629.0144373428107
C,1.0001,0.017318949386946766,0,9,float64,150000,200000,記述的評価,50000,-0.005297298784788434,0.006133153242174717,0.3287487094705473,0.06928,0.00688,0.017318949386946766,0.037156743338063854,0.03444136656343561,1857.8371669031928
C,1.0001,0.017318949386946766,0,9,float32,0,200000,記述的評価,200000,0.0013542290544137359,0.014913585619069636,0.08473680784837562,0.06227,0.006415,0.017318949386946766,0.03450424517328837,0.03444136656343561,6900.849034657675
C,1.0001,0.017318949386946766,0,9,float32,0,50000,記述的評価,50000,0.006724985782057047,0.031145462533459067,0.1584239449204527,0.10252,0.0107,0.017318949386946766,0.05629416585042774,0.03444136656343561,2814.708292521387
C,1.0001,0.017318949386946766,0,9,float32,50000,100000,記述的評価,50000,0.0033923013834282756,0.006155253111501224,0.43082315942295707,0.0462,0.00474,0.017318949386946766,0.026323813768384944,0.03444136656343561,1316.1906884192472
C,1.0001,0.017318949386946766,0,9,float32,100000,150000,記述的評価,50000,-0.002720785792917013,0.005195678233576473,0.30569893573131746,0.05682,0.00592,0.017318949386946766,0.0312163469889965,0.03444136656343561,1560.817349449825
C,1.0001,0.017318949386946766,0,9,float32,150000,200000,記述的評価,50000,0.002778047462925315,0.01617997616995126,0.12832542996159074,0.04354,0.0043,0.017318949386946766,0.024182654085344285,0.03444136656343561,1209.1327042672142
C,1.0001,0.017318949386946766,0,10,float64,0,200000,記述的評価,200000,-0.00432368385188483,0.0150650668754433,0.11265266605437413,0.06112,0.006095,0.017318949386946766,0.03236657328468028,0.03444136656343561,6473.314656936056
C,1.0001,0.017318949386946766,0,10,float64,0,50000,記述的評価,50000,-0.00730259803686442,0.00667790961697534,0.4480776660543741,0.03638,0.00358,0.017318949386946766,0.018765075400205052,0.03444136656343561,938.2537700102525
C,1.0001,0.017318949386946766,0,10,float64,50000,100000,記述的評価,50000,-0.006577429381508597,0.02205721680930775,0.12271641559312452,0.05528,0.00518,0.017318949386946766,0.027915487051091308,0.03444136656343561,1395.7743525545654
C,1.0001,0.017318949386946766,0,10,float64,100000,150000,記述的評価,50000,0.005491962243921875,0.015154643849758627,0.2637397272184556,0.08732,0.00876,0.017318949386946766,0.04544597913029602,0.03444136656343561,2272.298956514801
C,1.0001,0.017318949386946766,0,10,float64,150000,200000,記述的評価,50000,-0.005370485870432137,0.012137263648672365,0.1594802737648207,0.0655,0.00686,0.017318949386946766,0.03733975155712875,0.03444136656343561,1866.9875778564374
C,1.0001,0.017318949386946766,0,10,float32,0,200000,記述的評価,200000,-0.0025454674614593387,0.011122182302642614,0.16830652804148072,0.060515,0.00616,0.017318949386946766,0.034312217691555014,0.03444136656343561,6862.443538311002
C,1.0001,0.017318949386946766,0,10,float32,0,50000,記述的評価,50000,-0.010351722128689289,0.007654436980374157,0.3972448900381601,0.03964,0.00448,0.017318949386946766,0.024869180731718617,0.03444136656343561,1243.4590365859308
C,1.0001,0.017318949386946766,0,10,float32,50000,100000,記述的評価,50000,-0.0025800400180742145,0.013023411556787323,0.2999067153492945,0.07502,0.00796,0.017318949386946766,0.04516569859627999,0.03444136656343561,2258.2849298139995
C,1.0001,0.017318949386946766,0,10,float32,100000,150000,記述的評価,50000,0.0015050586662255228,0.00921984005253762,0.19356671534929448,0.0637,0.0061,0.017318949386946766,0.03360614806971387,0.03444136656343561,1680.3074034856936
C,1.0001,0.017318949386946766,0,10,float32,150000,200000,記述的評価,50000,-0.0010923355584964156,0.008424869767623022,0.18811542058155442,0.0637,0.0061,0.017318949386946766,0.033607843368507556,0.03444136656343561,1680.3921684253778
C,1.0001,0.017318949386946766,0,11,float64,0,200000,記述的評価,200000,-0.002508575595682277,0.026423613411985444,0.07706699187216404,0.08489,0.00871,0.017318949386946766,0.046720519072957344,0.03444136656343561,9344.103814591468
C,1.0001,0.017318949386946766,0,11,float64,0,50000,記述的評価,50000,0.014126914539212339,0.030468312201194635,0.2991177069350301,0.07714,0.00808,0.017318949386946766,0.042005405866940654,0.03444136656343561,2100.2702933470327
C,1.0001,0.017318949386946766,0,11,float64,50000,100000,記述的評価,50000,0.009499331103080174,0.03167219141730826,0.29346209941047907,0.12508,0.01278,0.017318949386946766,0.06758531889203875,0.03444136656343561,3379.265944601938
C,1.0001,0.017318949386946766,0,11,float64,100000,150000,記述的評価,50000,-0.007554276321799908,0.016579827355799007,0.2520801545975486,0.03814,0.00348,0.017318949386946766,0.020771534323313443,0.03444136656343561,1038.5767161656722
C,1.0001,0.017318949386946766,0,11,float64,150000,200000,記述的評価,50000,-0.014338811592548349,0.031397384734062374,0.3066068103383788,0.0992,0.0105,0.017318949386946766,0.05651981720953645,0.03444136656343561,2825.9908604768225
C,1.0001,0.017318949386946766,0,11,float32,0,200000,記述的評価,200000,0.0005543844890780747,0.013125558500178158,0.060132556103490886,0.051495,0.005755,0.017318949386946766,0.03031210066957935,0.03444136656343561,6062.42013391587
C,1.0001,0.017318949386946766,0,11,float32,0,50000,記述的評価,50000,0.011951854452490807,0.01958280472899787,0.29023771084907285,0.07768,0.00846,0.017318949386946766,0.04377723380332022,0.03444136656343561,2188.861690166011
C,1.0001,0.017318949386946766,0,11,float32,50000,100000,記述的評価,50000,-0.006076528923586011,0.004529569181613624,0.45974318041135154,0.01382,0.00178,0.017318949386946766,0.010703155656706211,0.03444136656343561,535.1577828353105
C,1.0001,0.017318949386946766,0,11,float32,100000,150000,記述的評価,50000,-0.009026853367686272,0.016938251559622586,0.2005503173906037,0.05372,0.00582,0.017318949386946766,0.030251459496327078,0.03444136656343561,1512.572974816354
C,1.0001,0.017318949386946766,0,11,float32,150000,200000,記述的評価,50000,0.0034050075337290764,0.006717885727994144,0.3937852495455902,0.06076,0.00696,0.017318949386946766,0.03651655372196386,0.03444136656343561,1825.8276860981928
C,1.0001,0.017318949386946766,0,12,float64,0,200000,記述的評価,200000,-0.0073888913531635235,0.016581396619063674,0.17842875487151688,0.084975,0.008545,0.017318949386946766,0.04638829579854403,0.03444136656343561,9277.659159708806
C,1.0001,0.017318949386946766,0,12,float64,0,50000,記述的評価,50000,-0.016558539104120765,0.029727093444606188,0.34802400332488337,0.1165,0.0113,0.017318949386946766,0.06382541845246721,0.03444136656343561,3191.2709226233605
C,1.0001,0.017318949386946766,0,12,float64,50000,100000,記述的評価,50000,0.00272381929727206,0.017644700826939475,0.11424652696152893,0.05522,0.00536,0.017318949386946766,0.028900266814360247,0.03444136656343561,1445.0133407180124
C,1.0001,0.017318949386946766,0,12,float64,100000,150000,記述的評価,50000,-0.0036394491806017457,0.018446818128505384,0.10222949322676411,0.12122,0.0115,0.017318949386946766,0.06180680609034969,0.03444136656343561,3090.3403045174846
C,1.0001,0.017318949386946766,0,12,float64,150000,200000,記述的評価,50000,-0.009879190340925057,0.01064853315988721,0.4793887548715169,0.04696,0.00602,0.017318949386946766,0.031020691836998963,0.03444136656343561,1551.0345918499481
C,1.0001,0.017318949386946766,0,12,float32,0,200000,記述的評価,200000,0.0007940897194202989,0.01617874251678586,0.05815027517573501,0.06379,0.00653,0.017318949386946766,0.03509969923096509,0.03444136656343561,7019.939846193019
C,1.0001,0.017318949386946766,0,12,float32,0,50000,記述的評価,50000,0.005059886258095503,0.024170376360416412,0.1398269455522182,0.07182,0.00764,0.017318949386946766,0.04051256704780788,0.03444136656343561,2025.628352390394
C,1.0001,0.017318949386946766,0,12,float32,50000,100000,記述的評価,50000,-0.0014585255412384868,0.006283646143856458,0.265083159422957,0.0543,0.00552,0.017318949386946766,0.02915079788739623,0.03444136656343561,1457.5398943698115
C,1.0001,0.017318949386946766,0,12,float32,100000,150000,記述的評価,50000,-0.005175827303901315,0.01840534887742251,0.20674833758714672,0.0924,0.00946,0.017318949386946766,0.051614407307358404,0.03444136656343561,2580.7203653679203
C,1.0001,0.017318949386946766,0,12,float32,150000,200000,記述的評価,50000,0.00743325799703598,0.008722671918803826,0.39377359592245476,0.03664,0.0035,0.017318949386946766,0.019121024681297838,0.03444136656343561,956.0512340648919
C,1.0001,0.017318949386946766,0,13,float64,0,200000,記述的評価,200000,-0.006834813979269553,0.021518149955654153,0.15067813109994582,0.066035,0.00647,0.017318949386946766,0.03561321640972662,0.03444136656343561,7122.643281945323
C,1.0001,0.017318949386946766,0,13,float64,0,50000,記述的評価,50000,-0.008097497353569579,0.008732821350786572,0.42871313109994585,0.02868,0.00284,0.017318949386946766,0.01593276817811787,0.03444136656343561,796.6384089058935
C,1.0001,0.017318949386946766,0,13,float64,50000,100000,記述的評価,50000,0.021100759048710355,0.03814453646440668,0.29747557079708364,0.12606,0.01254,0.017318949386946766,0.068293737554558,0.03444136656343561,3414.6868777279005
C,1.0001,0.017318949386946766,0,13,float64,100000,150000,記述的評価,50000,-0.010400433577484325,0.012976924435305756,0.25586269762731995,0.03766,0.00392,0.017318949386946766,0.02120625736252557,0.03444136656343561,1060.3128681262785
C,1.0001,0.017318949386946766,0,13,float64,150000,200000,記述的評価,50000,-0.007974545691297512,0.025814626004292955,0.1657782751368031,0.07174,0.00658,0.017318949386946766,0.037020102543705004,0.03444136656343561,1851.00512718525
C,1.0001,0.017318949386946766,0,13,float32,0,200000,記述的評価,200000,-0.0039539646822959185,0.015659319353289902,0.1546267153492945,0.07015,0.00695,0.017318949386946766,0.038557610390352194,0.03444136656343561,7711.522078070439
C,1.0001,0.017318949386946766,0,13,float32,0,50000,記述的評価,50000,-0.0034677046351134777,0.008661621221108362,0.3219590547298118,0.04184,0.00422,0.017318949386946766,0.022526944975056955,0.03444136656343561,1126.3472487528477
C,1.0001,0.017318949386946766,0,13,float32,50000,100000,記述的評価,50000,0.006114627467468381,0.02412460488267243,0.11473130686865396,0.07364,0.00726,0.017318949386946766,0.04021953560961902,0.03444136656343561,2010.9767804809512
C,1.0001,0.017318949386946766,0,13,float32,100000,150000,記述的評価,50000,-0.011033166199922562,0.024835226475261152,0.24544671534929452,0.10142,0.01022,0.017318949386946766,0.057874584368896025,0.03444136656343561,2893.729218444801
C,1.0001,0.017318949386946766,0,13,float32,150000,200000,記述的評価,50000,-0.003146492992527783,0.006909493698913138,0.24662479006965354,0.0637,0.0061,0.017318949386946766,0.03360937660783681,0.03444136656343561,1680.4688303918406
C,1.0001,0.017318949386946766,0,14,float64,0,200000,記述的評価,200000,-0.005089223463510869,0.018697872655010307,0.19999004595155373,0.060925,0.006395,0.017318949386946766,0.03455410729371455,0.03444136656343561,6910.821458742911
C,1.0001,0.017318949386946766,0,14,float64,0,50000,記述的評価,50000,-0.02441842701933384,0.034603114901102,0.3464345399098714,0.1005,0.01064,0.017318949386946766,0.0576137963563204,0.03444136656343561,2880.68981781602
C,1.0001,0.017318949386946766,0,14,float64,50000,100000,記述的評価,50000,-0.005767989186644002,0.007783548637150492,0.41179243731363674,0.03016,0.00314,0.017318949386946766,0.01725545180452592,0.03444136656343561,862.772590226296
C,1.0001,0.017318949386946766,0,14,float64,100000,150000,記述的評価,50000,0.008993303305069152,0.02370665410450606,0.2415649258672215,0.07592,0.00794,0.017318949386946766,0.043324553748322614,0.03444136656343561,2166.2276874161307
C,1.0001,0.017318949386946766,0,14,float64,150000,200000,記述的評価,50000,-0.005105717756969082,0.006645830316976057,0.3750526037368523,0.03712,0.00386,0.017318949386946766,0.020022627265689305,0.03444136656343561,1001.1313632844652
C,1.0001,0.017318949386946766,0,14,float32,0,200000,記述的評価,200000,0.0008032152836676687,0.011824100278317928,0.075456172413919,0.041345,0.00394,0.017318949386946766,0.022280806628116333,0.03444136656343561,4456.161325623267
C,1.0001,0.017318949386946766,0,14,float32,0,50000,記述的評価,50000,0.0047499199863523245,0.009707530756713822,0.3106603509592013,0.03854,0.00314,0.017318949386946766,0.018171370074913984,0.03444136656343561,908.5685037456992
C,1.0001,0.017318949386946766,0,14,float32,50000,100000,記述的評価,50000,0.003803085652180016,0.006787954815081321,0.3703989357313175,0.05852,0.00528,0.017318949386946766,0.030283836017770183,0.03444136656343561,1514.191800888509
C,1.0001,0.017318949386946766,0,14,float32,100000,150000,記述的評価,50000,-0.004365779925137758,0.01291668985504657,0.21510542996159082,0.04008,0.00426,0.017318949386946766,0.023772398376252907,0.03444136656343561,1188.6199188126454
C,1.0001,0.017318949386946766,0,14,float32,150000,200000,記述的評価,50000,-0.009366369340568781,0.00723201988148503,0.4419631804113515,0.02824,0.00308,0.017318949386946766,0.016895622043528246,0.03444136656343561,844.7811021764123
C,1.0001,0.017318949386946766,0,15,float64,0,200000,記述的評価,200000,-0.009451126639686967,0.022591650522904447,0.18618596064325932,0.077355,0.00782,0.017318949386946766,0.042307887034173576,0.03444136656343561,8461.577406834715
C,1.0001,0.017318949386946766,0,15,float64,0,50000,記述的評価,50000,-0.011380135406062813,0.03406706823609079,0.18708493176617846,0.09872,0.00962,0.017318949386946766,0.05243956859897057,0.03444136656343561,2621.9784299485286
C,1.0001,0.017318949386946766,0,15,float64,50000,100000,記述的評価,50000,-0.008154435042983507,0.019297919674165463,0.18876610073468048,0.0623,0.0068,0.017318949386946766,0.035375492578058096,0.03444136656343561,1768.7746289029049
C,1.0001,0.017318949386946766,0,15,float64,100000,150000,記述的評価,50000,-0.010464712284605765,0.0067802597960602215,0.40153577361179554,0.04904,0.00494,0.017318949386946766,0.026040789992552087,0.03444136656343561,1302.0394996276043
C,1.0001,0.017318949386946766,0,15,float64,150000,200000,記述的評価,50000,0.0028037653282687895,0.02694177142403902,0.19042618005033662,0.09936,0.00992,0.017318949386946766,0.055375696967113565,0.03444136656343561,2768.784848355678
C,1.0001,0.017318949386946766,0,15,float32,0,200000,記述的評価,200000,-0.0010505502577871084,0.011972892214544117,0.14551652804148074,0.06851,0.00675,0.017318949386946766,0.037529375787539614,0.03444136656343561,7505.875157507922
C,1.0001,0.017318949386946766,0,15,float32,0,50000,記述的評価,50000,-0.0024818151723593473,0.0150708471192047,0.29230671534929453,0.08294,0.0087,0.017318949386946766,0.049292124729818095,0.03444136656343561,2464.606236490905
C,1.0001,0.017318949386946766,0,15,float32,50000,100000,記述的評価,50000,0.0011158428969793022,0.008468855987302959,0.18646270065631732,0.0637,0.0061,0.017318949386946766,0.03360776719379419,0.03444136656343561,1680.3883596897097
C,1.0001,0.017318949386946766,0,15,float32,100000,150000,記述的評価,50000,-0.0008104976150207222,0.00790672400034964,0.20781716953624688,0.0637,0.0061,0.017318949386946766,0.033608599302258374,0.03444136656343561,1680.4299651129186
C,1.0001,0.017318949386946766,0,15,float32,150000,200000,記述的評価,50000,-0.003146492992527783,0.007509159913752228,0.2231794861918629,0.0637,0.0061,0.017318949386946766,0.03360901192428776,0.03444136656343561,1680.4505962143878
C,1.0001,0.017318949386946766,0,16,float64,0,200000,記述的評価,200000,-0.0019426145184595887,0.015210915036455863,0.05261977572636667,0.059285,0.005865,0.017318949386946766,0.031113107641494466,0.03444136656343561,6222.621528298893
C,1.0001,0.017318949386946766,0,16,float64,0,50000,記述的評価,50000,-0.006541715569952387,0.017823643042783437,0.1154941241828703,0.0797,0.0075,0.017318949386946766,0.04103979179417012,0.03444136656343561,2051.9895897085057
C,1.0001,0.017318949386946766,0,16,float64,50000,100000,記述的評価,50000,0.002368198305290871,0.012144182304434342,0.23480682996593705,0.03768,0.00352,0.017318949386946766,0.019000734717132855,0.03444136656343561,950.0367358566427
C,1.0001,0.017318949386946766,0,16,float64,100000,150000,記述的評価,50000,-0.0019958670490324267,0.01103561387106832,0.12870845436480338,0.06072,0.00654,0.017318949386946766,0.033214309921134375,0.03444136656343561,1660.7154960567188
C,1.0001,0.017318949386946766,0,16,float64,150000,200000,記述的評価,50000,-0.011092414209014155,0.019852709406261784,0.30528380029489655,0.05904,0.0059,0.017318949386946766,0.031197594133540542,0.03444136656343561,1559.8797066770271
C,1.0001,0.017318949386946766,0,16,float32,0,200000,記述的評価,200000,0.001316565671004355,0.012904821778647602,0.08333527517573502,0.05387,0.005755,0.017318949386946766,0.030932668062256034,0.03444136656343561,6186.533612451207
C,1.0001,0.017318949386946766,0,16,float32,0,50000,記述的評価,50000,0.0027236141031607985,0.019348115427419543,0.12446542996159077,0.06318,0.0069,0.017318949386946766,0.03738072441097708,0.03444136656343561,1869.036220548854
C,1.0001,0.017318949386946766,0,16,float32,50000,100000,記述的評価,50000,0.008410205598920584,0.005711516248993576,0.45786318041135154,0.01218,0.00128,0.017318949386946766,0.007622652511734797,0.03444136656343561,381.13262558673983
C,1.0001,0.017318949386946766,0,16,float32,100000,150000,記述的評価,50000,-0.001881343254353851,0.006082018619053997,0.31552315942295706,0.04772,0.00538,0.017318949386946766,0.02711338414055356,0.03444136656343561,1355.6692070276779
C,1.0001,0.017318949386946766,0,16,float32,150000,200000,記述的評価,50000,-0.005175827303901315,0.01840534887742251,0.20047755826965352,0.0924,0.00946,0.017318949386946766,0.05161391118575868,0.03444136656343561,2580.695559287934
C,1.0001,0.017318949386946766,0,17,float64,0,200000,記述的評価,200000,-0.006129725375978022,0.013697569944728524,0.12175530485410718,0.04754,0.004875,0.017318949386946766,0.02600265865861536,0.03444136656343561,5200.531731723072
C,1.0001,0.017318949386946766,0,17,float64,0,50000,記述的評価,50000,0.005245774901441373,0.022105730985989436,0.10450848117155159,0.06144,0.0062,0.017318949386946766,0.033735118717401244,0.03444136656343561,1686.755935870062
C,1.0001,0.017318949386946766,0,17,float64,50000,100000,記述的評価,50000,0.0015148876108499179,0.007191951314523237,0.2418641758584672,0.011,0.00084,0.017318949386946766,0.005019879132082964,0.03444136656343561,250.9939566041482
C,1.0001,0.017318949386946766,0,17,float64,100000,150000,記述的評価,50000,-0.011989923018785403,0.019062088912825077,0.33106432725993773,0.09066,0.01004,0.017318949386946766,0.05176702589879269,0.03444136656343561,2588.3512949396345
C,1.0001,0.017318949386946766,0,17,float64,150000,200000,記述的評価,50000,-0.007336030599918132,0.006545601200225149,0.36878370488068174,0.02706,0.00242,0.017318949386946766,0.013488610886184535,0.03444136656343561,674.4305443092268
C,1.0001,0.017318949386946766,0,17,float32,0,200000,記述的評価,200000,0.002493988024070859,0.016580577474087477,0.11935637841063917,0.0659,0.006765,0.017318949386946766,0.03630712768203362,0.03444136656343561,7261.425536406724
C,1.0001,0.017318949386946766,0,17,float32,0,50000,記述的評価,50000,0.005316384136676788,0.015139383380301297,0.21564436253308233,0.04972,0.00492,0.017318949386946766,0.026787396185697376,0.03444136656343561,1339.3698092848688
C,1.0001,0.017318949386946766,0,17,float32,50000,100000,記述的評価,50000,-0.008355868048965931,0.027662495151162148,0.2097490676423539,0.0885,0.00894,0.017318949386946766,0.04819916294817207,0.03444136656343561,2409.9581474086035
C,1.0001,0.017318949386946766,0,17,float32,100000,150000,記述的評価,50000,0.0022896655136719346,0.005658352834871039,0.35424315942295703,0.03298,0.00374,0.017318949386946766,0.018628817777467273,0.03444136656343561,931.4408888733637
C,1.0001,0.017318949386946766,0,17,float32,150000,200000,記述的評価,50000,0.005175827303901315,0.01840534887742251,0.19313137841063915,0.0924,0.00946,0.017318949386946766,0.05161313381679776,0.03444136656343561,2580.656690839888
C,1.0001,0.017318949386946766,0,18,float64,0,200000,記述的評価,200000,-0.001198416042059609,0.01266890060295767,0.10244101043529241,0.0583,0.00589,0.017318949386946766,0.03091052520796974,0.03444136656343561,6182.105041593948
C,1.0001,0.017318949386946766,0,18,float64,0,50000,記述的評価,50000,-0.008132237529730553,0.005941352877933089,0.3499831692876939,0.03458,0.00362,0.017318949386946766,0.0183327124413713,0.03444136656343561,916.635622068565
C,1.0001,0.017318949386946766,0,18,float64,50000,100000,記述的評価,50000,-0.0015357458425101687,0.017783098051004875,0.25485272275386933,0.06826,0.0068,0.017318949386946766,0.03530365911903922,0.03444136656343561,1765.1829559519608
C,1.0001,0.017318949386946766,0,18,float64,100000,150000,記述的評価,50000,-0.002482700241848784,0.018590751006322417,0.08576745886067919,0.08924,0.00916,0.017318949386946766,0.04791910697810308,0.03444136656343561,2395.955348905154
C,1.0001,0.017318949386946766,0,18,float64,150000,200000,記述的評価,50000,0.0031199220249941532,0.0063799483639763645,0.38608741414966974,0.04112,0.00398,0.017318949386946766,0.022086622293365384,0.03444136656343561,1104.3311146682693
C,1.0001,0.017318949386946766,0,18,float32,0,200000,記述的評価,200000,-0.0014679122250527143,0.013156615663319826,0.1177799063946876,0.058705,0.00606,0.017318949386946766,0.032480129037632664,0.03444136656343561,6496.025807526533
C,1.0001,0.017318949386946766,0,18,float32,0,50000,記述的評価,50000,-0.00848448183387518,0.009919827920384705,0.3081631733480294,0.07262,0.00748,0.017318949386946766,0.040433304085515466,0.03444136656343561,2021.6652042757732
C,1.0001,0.017318949386946766,0,18,float32,50000,100000,記述的評価,50000,0.0024078162387013435,0.005457424827909563,0.36412315942295703,0.03166,0.00358,0.017318949386946766,0.01784277472053071,0.03444136656343561,892.1387360265355
C,1.0001,0.017318949386946766,0,18,float32,100000,150000,記述的評価,50000,-0.0006202681979630142,0.01840534887742251,0.19070559502152978,0.0924,0.00946,0.017318949386946766,0.05161282758404791,0.03444136656343561,2580.6413792023955
C,1.0001,0.017318949386946766,0,18,float32,150000,200000,記述的評価,50000,-0.007541686063632369,0.008846029959386215,0.3178958686153214,0.03814,0.00372,0.017318949386946766,0.020031609760436577,0.03444136656343561,1001.5804880218288
C,1.0001,0.017318949386946766,0,19,float64,0,200000,記述的評価,200000,0.0005585725960550781,0.010935189254435266,0.10054150374883974,0.02529,0.002295,0.017318949386946766,0.013175186726826223,0.03444136656343561,2635.0373453652446
C,1.0001,0.017318949386946766,0,19,float64,0,50000,記述的評価,50000,0.0014304108153520962,0.0029702665162738527,0.4508648445101698,0.00298,0.00024,0.017318949386946766,0.0013594837803147957,0.03444136656343561,67.97418901573978
C,1.0001,0.017318949386946766,0,19,float64,50000,100000,記述的評価,50000,-0.0037950974623125735,0.008423994316274795,0.17874288724770848,0.00962,0.00096,0.017318949386946766,0.005959723284338619,0.03444136656343561,297.98616421693094
C,1.0001,0.017318949386946766,0,19,float64,100000,150000,記述的評価,50000,0.00782095250159764,0.02275982973808713,0.2473729223013424,0.0459,0.00384,0.017318949386946766,0.022620675085253603,0.03444136656343561,1131.03375426268
C,1.0001,0.017318949386946766,0,19,float64,150000,200000,記述的評価,50000,-0.012691007729570747,0.010136428339783496,0.39611228042385616,0.04266,0.00414,0.017318949386946766,0.02276086475739788,0.03444136656343561,1138.043237869894
C,1.0001,0.017318949386946766,0,19,float32,0,200000,記述的評価,200000,-0.0007232924399431795,0.007986250857356936,0.14817057260280342,0.051645,0.00496,0.017318949386946766,0.027933256857208003,0.03444136656343561,5586.6513714416005
C,1.0001,0.017318949386946766,0,19,float32,0,50000,記述的評価,50000,0.0017241043969988823,0.0029454191826516762,0.2670052120795552,0.05808,0.00592,0.017318949386946766,0.03422271318070582,0.03444136656343561,1711.1356590352912
C,1.0001,0.017318949386946766,0,19,float32,50000,100000,記述的評価,50000,-0.0031141649233177304,0.005984730516502168,0.31339604087460166,0.06032,0.00572,0.017318949386946766,0.0316115480790834,0.03444136656343561,1580.57740395417
C,1.0001,0.017318949386946766,0,19,float32,100000,150000,記述的評価,50000,0.003489504801109433,0.006523857678985223,0.35850671534929446,0.03874,0.00356,0.017318949386946766,0.019797343497501983,0.03444136656343561,989.8671748750991
C,1.0001,0.017318949386946766,0,19,float32,150000,200000,記述的評価,50000,-0.004021836677566171,0.007329850079258904,0.3856267153492945,0.04944,0.00464,0.017318949386946766,0.026101422671540805,0.03444136656343561,1305.0711335770402
C,1.0002,0.024490489234231166,1,0,float64,0,200000,記述的評価,200000,0.00635688916472123,0.026515490461420543,0.10483390228891204,0.067025,0.00675,0.024490489234231166,0.05229042097857032,0.048590790661474544,10458.084195714064
C,1.0002,0.024490489234231166,1,0,float64,0,50000,記述的評価,50000,0.013391966181026019,0.040309991184410365,0.20593181424761553,0.08754,0.00918,0.024490489234231166,0.07086553757454736,0.048590790661474544,3543.276878727368
C,1.0002,0.024490489234231166,1,0,float64,50000,100000,記述的評価,50000,0.0044345042225942925,0.012821660561484384,0.21472390228891203,0.03232,0.00318,0.024490489234231166,0.02605983841876293,0.048590790661474544,1302.9919209381464
C,1.0002,0.024490489234231166,1,0,float64,100000,150000,記述的評価,50000,0.011566899407064587,0.031870631996241454,0.15718556714189724,0.07908,0.00786,0.024490489234231166,0.06011711579136874,0.048590790661474544,3005.855789568437
C,1.0002,0.024490489234231166,1,0,float64,150000,200000,記述的評価,50000,-0.0010505117963490519,0.022828742082924472,0.11150863682743134,0.06916,0.00678,0.024490489234231166,0.05211919212960232,0.048590790661474544,2605.959606480116
C,1.0002,0.024490489234231166,1,1,float64,0,200000,記述的評価,200000,0.0076846321296681844,0.029935362774816898,0.09856530098064742,0.070095,0.00721,0.024490489234231166,0.05505981549584833,0.048590790661474544,11011.963099169667
C,1.0002,0.024490489234231166,1,1,float64,0,50000,記述的評価,50000,-0.0010597600806685602,0.020297474173501622,0.09676349165374615,0.05306,0.00598,0.024490489234231166,0.04391993558336091,0.048590790661474544,2195.9967791680456
C,1.0002,0.024490489234231166,1,1,float64,50000,100000,記述的評価,50000,-0.013474975014974935,0.048170274255153696,0.16140771743164262,0.1083,0.01072,0.024490489234231166,0.08356027889309244,0.048590790661474544,4178.013944654622
C,1.0002,0.024490489234231166,1,1,float64,100000,150000,記述的評価,50000,0.005904642752358322,0.014466504600222248,0.14638730402507377,0.03786,0.00398,0.024490489234231166,0.030901552415172794,0.048590790661474544,1545.0776207586398
C,1.0002,0.024490489234231166,1,1,float64,150000,200000,記述的評価,50000,0.015691100250634228,0.04070437485208484,0.21948083943301822,0.08116,0.00816,0.024490489234231166,0.061857495091767224,0.048590790661474544,3092.874754588361
C,1.0002,0.024490489234231166,1,2,float64,0,200000,記述的評価,200000,-0.009740734082170417,0.017698398008894948,0.25952108656593126,0.05716,0.005955,0.024490489234231166,0.04443105457635107,0.048590790661474544,8886.210915270214
C,1.0002,0.024490489234231166,1,2,float64,0,50000,記述的評価,50000,-0.0032075120823929206,0.025765341372274993,0.1202260865659312,0.07394,0.0079,0.024490489234231166,0.05744106027083487,0.048590790661474544,2872.0530135417434
C,1.0002,0.024490489234231166,1,2,float64,50000,100000,記述的評価,50000,-0.014908393633220558,0.012408227905040158,0.42215884710606605,0.06382,0.0067,0.024490489234231166,0.049752843689457246,0.048590790661474544,2487.6421844728625
C,1.0002,0.024490489234231166,1,2,float64,100000,150000,記述的評価,50000,-0.006189234950014454,0.03400429155035106,0.10899087419726988,0.06784,0.0071,0.024490489234231166,0.05370129026649268,0.048590790661474544,2685.064513324634
C,1.0002,0.024490489234231166,1,2,float64,150000,200000,記述的評価,50000,-0.010947291900922477,0.00958868484651543,0.4621630607455748,0.02304,0.00212,0.024490489234231166,0.01682902407861951,0.048590790661474544,841.4512039309756
C,1.0002,0.024490489234231166,1,3,float64,0,200000,記述的評価,200000,-0.0052828586751046645,0.020411490321931035,0.12644674352440993,0.051725,0.005115,0.024490489234231166,0.03973444058902055,0.048590790661474544,7946.88811780411
C,1.0002,0.024490489234231166,1,3,float64,0,50000,記述的評価,50000,0.0018849413449935834,0.011885504464073497,0.21603770375305997,0.01462,0.00166,0.024490489234231166,0.01257838312752605,0.048590790661474544,628.9191563763026
C,1.0002,0.024490489234231166,1,3,float64,50000,100000,記述的評価,50000,-0.011742423834039815,0.011592034796390187,0.37624901261301413,0.05568,0.00548,0.024490489234231166,0.04276651673427622,0.048590790661474544,2138.325836713811
C,1.0002,0.024490489234231166,1,3,float64,100000,150000,記述的評価,50000,-0.0039525071992497895,0.021080356495305343,0.14817174352440993,0.06512,0.00648,0.024490489234231166,0.05029913301471127,0.048590790661474544,2514.9566507355635
C,1.0002,0.024490489234231166,1,3,float64,150000,200000,記述的評価,50000,-0.006392988770348905,0.03448846947763128,0.10151897418312505,0.07148,0.00684,0.024490489234231166,0.05329372947956865,0.048590790661474544,2664.6864739784323
C,1.0002,0.024490489234231166,1,4,float64,0,200000,記述的評価,200000,0.0028414645930458,0.01984887590605574,0.0992765897749684,0.055625,0.005605,0.024490489234231166,0.043148422591703435,0.048590790661474544,8629.684518340688
C,1.0002,0.024490489234231166,1,4,float64,0,50000,記述的評価,50000,-0.004740685136076911,0.008919151636251899,0.30934816487933514,0.03148,0.00308,0.024490489234231166,0.02384007662814875,0.048590790661474544,1192.0038314074375
C,1.0002,0.024490489234231166,1,4,float64,50000,100000,記述的評価,50000,0.01246815479512705,0.013525338702127156,0.35306330170810163,0.0769,0.00802,0.024490489234231166,0.06065289635985052,0.048590790661474544,3032.644817992526
C,1.0002,0.024490489234231166,1,4,float64,100000,150000,記述的評価,50000,0.02205944399217205,0.01816689568346349,0.3571521418278945,0.07404,0.0071,0.024490489234231166,0.055550004309057884,0.048590790661474544,2777.5002154528943
C,1.0002,0.024490489234231166,1,4,float64,150000,200000,記述的評価,50000,-0.002768227356790098,0.00844035407773016,0.2620395155806399,0.04008,0.00422,0.024490489234231166,0.032550713069756564,0.048590790661474544,1627.5356534878283
C,1.0002,0.024490489234231166,1,5,float64,0,200000,記述的評価,200000,0.005512452192064001,0.031001078942508135,0.0966717897078393,0.083095,0.008625,0.024490489234231166,0.06484641828018778,0.048590790661474544,12969.283656037556
C,1.0002,0.024490489234231166,1,5,float64,0,50000,記述的評価,50000,0.007491083330413634,0.031963364475635,0.10618148501409447,0.07952,0.00762,0.024490489234231166,0.060369334919792135,0.048590790661474544,3018.466745989607
C,1.0002,0.024490489234231166,1,5,float64,50000,100000,記述的評価,50000,0.010538063257795539,0.03599556088202238,0.15709859476130417,0.0935,0.00986,0.024490489234231166,0.07392290201226896,0.048590790661474544,3696.1451006134484
C,1.0002,0.024490489234231166,1,5,float64,100000,150000,記述的評価,50000,-0.0073611167453293685,0.03390414012916766,0.10627374995522343,0.10208,0.01102,0.024490489234231166,0.0806022047068047,0.048590790661474544,4030.110235340235
C,1.0002,0.024490489234231166,1,5,float64,150000,200000,記述的評価,50000,0.0063611069216153535,0.02044508927843425,0.15910942659395821,0.05728,0.006,0.024490489234231166,0.04449123148188543,0.048590790661474544,2224.5615740942712
C,1.0002,0.024490489234231166,1,6,float64,0,200000,記述的評価,200000,-0.006499726118741503,0.024997300942768946,0.09078100467965272,0.06554,0.00689,0.024490489234231166,0.052151259192699646,0.048590790661474544,10430.251838539929
C,1.0002,0.024490489234231166,1,6,float64,0,50000,記述的評価,50000,-0.013480145074308543,0.026651227049468332,0.17818441856631506,0.06858,0.00744,0.024490489234231166,0.055368063732629015,0.048590790661474544,2768.403186631451
C,1.0002,0.024490489234231166,1,6,float64,50000,100000,記述的評価,50000,-0.0064329632869490165,0.014442153514065586,0.16896100467965264,0.0456,0.005,0.024490489234231166,0.03903100342206208,0.048590790661474544,1951.550171103104
C,1.0002,0.024490489234231166,1,6,float64,100000,150000,記述的評価,50000,0.011612658826034884,0.04141946775134463,0.20475362602425096,0.1017,0.01018,0.024490489234231166,0.07787039277534671,0.048590790661474544,3893.5196387673354
C,1.0002,0.024490489234231166,1,6,float64,150000,200000,記述的評価,50000,-0.00949658344231535,0.020846628401148294,0.21513696059645293,0.04628,0.00494,0.024490489234231166,0.03633557684076073,0.048590790661474544,1816.7788420380368
C,1.0002,0.024490489234231166,1,7,float64,0,200000,記述的評価,200000,-0.011510631293790178,0.02778432038339271,0.16340918837515367,0.060965,0.005895,0.024490489234231166,0.046423038637672005,0.048590790661474544,9284.607727534401
C,1.0002,0.024490489234231166,1,7,float64,0,50000,記述的評価,50000,-0.006693527311977067,0.03108964421923316,0.13514946422458313,0.06334,0.00598,0.024490489234231166,0.046096096353711626,0.048590790661474544,2304.8048176855814
C,1.0002,0.024490489234231166,1,7,float64,50000,100000,記述的評価,50000,-0.01310795060459399,0.024547060863962314,0.2014821036256989,0.04548,0.00484,0.024490489234231166,0.03819284181414756,0.048590790661474544,1909.642090707378
C,1.0002,0.024490489234231166,1,7,float64,100000,150000,記述的評価,50000,-0.013901185517920881,0.025121960444980686,0.23527819893770613,0.07682,0.00762,0.024490489234231166,0.05908071106189007,0.048590790661474544,2954.0355530945035
C,1.0002,0.024490489234231166,1,7,float64,150000,200000,記述的評価,50000,-0.008283424981141594,0.031094511544470526,0.2012395102535764,0.05822,0.00514,0.024490489234231166,0.04232250532093871,0.048590790661474544,2116.1252660469354
C,1.0002,0.024490489234231166,1,8,float64,0,200000,記述的評価,200000,-0.004615014887358871,0.02729057114840272,0.06837881704166815,0.07124,0.006995,0.024490489234231166,0.053721044493139,0.048590790661474544,10744.2088986278
C,1.0002,0.024490489234231166,1,8,float64,0,50000,記述的評価,50000,0.007961631368822325,0.01937894419780621,0.15952102567939347,0.063,0.0066,0.024490489234231166,0.05034564216286216,0.048590790661474544,2517.282108143108
C,1.0002,0.024490489234231166,1,8,float64,50000,100000,記述的評価,50000,-0.014058072362276759,0.02106553401853775,0.2753588170416682,0.09408,0.00938,0.024490489234231166,0.0708531658154577,0.048590790661474544,3542.658290772885
C,1.0002,0.024490489234231166,1,8,float64,100000,150000,記述的評価,50000,-0.006534170809115416,0.02115557816386601,0.1110082949905406,0.03978,0.0036,0.024490489234231166,0.02939935350568533,0.048590790661474544,1469.9676752842665
C,1.0002,0.024490489234231166,1,8,float64,150000,200000,記述的評価,50000,0.016848985342953572,0.03628626751795304,0.200119554747352,0.0881,0.0084,0.024490489234231166,0.06428601648855078,0.048590790661474544,3214.3008244275393
C,1.0002,0.024490489234231166,1,9,float64,0,200000,記述的評価,200000,-0.007683900244338245,0.02821430344990576,0.111416086256445,0.06852,0.00667,0.024490489234231166,0.05141957128965935,0.048590790661474544,10283.91425793187
C,1.0002,0.024490489234231166,1,9,float64,0,50000,記述的評価,50000,-0.0021900724771453895,0.03214164424503719,0.1332904153208735,0.07298,0.00634,0.024490489234231166,0.05067442278586237,0.048590790661474544,2533.7211392931185
C,1.0002,0.024490489234231166,1,9,float64,50000,100000,記述的評価,50000,-0.01058558058098635,0.0267755255853855,0.2406427900122401,0.07056,0.0071,0.024490489234231166,0.05473764074375183,0.048590790661474544,2736.8820371875913
C,1.0002,0.024490489234231166,1,9,float64,100000,150000,記述的評価,50000,0.009920203384880404,0.023960080692089804,0.20488444879107764,0.0616,0.00634,0.024490489234231166,0.0474455023109889,0.048590790661474544,2372.275115549445
C,1.0002,0.024490489234231166,1,9,float64,150000,200000,記述的評価,50000,-0.018288541035585113,0.015340989817784768,0.34763823624823337,0.06894,0.0069,0.024490489234231166,0.052820719318034365,0.048590790661474544,2641.035965901718
C,1.0002,0.024490489234231166,1,10,float64,0,200000,記述的評価,200000,0.0037222176333820346,0.027050680791571583,0.10445335395830152,0.06512,0.00633,0.024490489234231166,0.04856968902285301,0.048590790661474544,9713.937804570602
C,1.0002,0.024490489234231166,1,10,float64,0,50000,記述的評価,50000,-0.014237814686896003,0.020979155159971088,0.26428430338125286,0.07276,0.00746,0.024490489234231166,0.05654964474379899,0.048590790661474544,2827.4822371899495
C,1.0002,0.024490489234231166,1,10,float64,50000,100000,記述的評価,50000,0.006477720099390306,0.03411072921054556,0.1667552039786961,0.0747,0.00718,0.024490489234231166,0.055575140171866995,0.048590790661474544,2778.75700859335
C,1.0002,0.024490489234231166,1,10,float64,100000,150000,記述的評価,50000,0.018656454600697772,0.04877905921086695,0.20754449400597486,0.08522,0.00794,0.024490489234231166,0.06118771008594421,0.048590790661474544,3059.3855042972104
C,1.0002,0.024490489234231166,1,10,float64,150000,200000,記述的評価,50000,0.005389653077357025,0.006406406423460214,0.4199533539583015,0.0278,0.00274,0.024490489234231166,0.020966261089801857,0.048590790661474544,1048.3130544900928
C,1.0002,0.024490489234231166,1,11,float64,0,200000,記述的評価,200000,-0.0010524184454919461,0.028313465686868673,0.05106941393765296,0.069745,0.007055,0.024490489234231166,0.05361152937443219,0.048590790661474544,10722.305874886439
C,1.0002,0.024490489234231166,1,11,float64,0,50000,記述的評価,50000,-0.011038473797013653,0.029164993934331467,0.17051684140281287,0.07138,0.0073,0.024490489234231166,0.05555794191462822,0.048590790661474544,2777.897095731411
C,1.0002,0.024490489234231166,1,11,float64,50000,100000,記述的評価,50000,-0.0037718385173889928,0.016404689039620633,0.20258525102237895,0.03548,0.0032,0.024490489234231166,0.02512257115668397,0.048590790661474544,1256.1285578341985
C,1.0002,0.024490489234231166,1,11,float64,100000,150000,記述的評価,50000,0.01710298659835635,0.03241951241665629,0.2422620119074509,0.08314,0.00852,0.024490489234231166,0.06535965574183267,0.048590790661474544,3267.9827870916333
C,1.0002,0.024490489234231166,1,11,float64,150000,200000,記述的評価,50000,0.007570524786810744,0.03217364857387366,0.10465749694166115,0.08898,0.0092,0.024490489234231166,0.06840594868458397,0.048590790661474544,3420.2974342291986
C,1.0002,0.024490489234231166,1,12,float64,0,200000,記述的評価,200000,-0.004549126492356215,0.02364313548881393,0.125706061140331,0.06181,0.006015,0.024490489234231166,0.046479620365187276,0.048590790661474544,9295.924073037455
C,1.0002,0.024490489234231166,1,12,float64,0,50000,記述的評価,50000,0.001092081414153337,0.015233523977125274,0.09713679874747616,0.0339,0.00302,0.024490489234231166,0.024365121867667604,0.048590790661474544,1218.2560933833802
C,1.0002,0.024490489234231166,1,12,float64,50000,100000,記述的評価,50000,-0.003628047001951063,0.017567361047173113,0.18849606114033102,0.04046,0.00388,0.024490489234231166,0.030732673908383405,0.048590790661474544,1536.6336954191702
C,1.0002,0.024490489234231166,1,12,float64,100000,150000,記述的評価,50000,-0.014712931251683659,0.029164936386827052,0.20750821289939098,0.08506,0.00836,0.024490489234231166,0.06432272471243762,0.048590790661474544,3216.136235621881
C,1.0002,0.024490489234231166,1,12,float64,150000,200000,記述的評価,50000,-0.009791783583780064,0.03416702824420661,0.2177715463726792,0.08782,0.0088,0.024490489234231166,0.06649796097226045,0.048590790661474544,3324.8980486130226
C,1.0002,0.024490489234231166,1,13,float64,0,200000,記述的評価,200000,0.007077503051170296,0.019681624910469056,0.19673138619284675,0.04864,0.00481,0.024490489234231166,0.036912331773147296,0.048590790661474544,7382.466354629459
C,1.0002,0.024490489234231166,1,13,float64,0,50000,記述的評価,50000,0.015165147423527139,0.014215743029260566,0.30386966517001884,0.0502,0.0047,0.024490489234231166,0.0364374726207332,0.048590790661474544,1821.87363103666
C,1.0002,0.024490489234231166,1,13,float64,50000,100000,記述的評価,50000,-0.008969878729045994,0.02476260185005678,0.11443317185897789,0.04824,0.00486,0.024490489234231166,0.036549434702841194,0.048590790661474544,1827.4717351420597
C,1.0002,0.024490489234231166,1,13,float64,100000,150000,記述的評価,50000,0.0017778729849720868,0.015433038467769843,0.1430463861928467,0.05752,0.00584,0.024490489234231166,0.04402914804573817,0.048590790661474544,2201.4574022869083
C,1.0002,0.024490489234231166,1,13,float64,150000,200000,記述的評価,50000,0.01251430543303864,0.01251434533314972,0.35945827185504187,0.0386,0.00384,0.024490489234231166,0.030633271723276616,0.048590790661474544,1531.6635861638308
C,1.0002,0.024490489234231166,1,14,float64,0,200000,記述的評価,200000,-0.004636839673838737,0.03374404052818028,0.09793330895453489,0.073905,0.00721,0.024490489234231166,0.05544007345868921,0.048590790661474544,11088.014691737842
C,1.0002,0.024490489234231166,1,14,float64,0,50000,記述的評価,50000,0.0013349998389035095,0.02857533676377417,0.10716194416362945,0.08224,0.00808,0.024490489234231166,0.06168093590584228,0.048590790661474544,3084.046795292114
C,1.0002,0.024490489234231166,1,14,float64,50000,100000,記述的評価,50000,0.013697056369465228,0.03181134861278018,0.19895402290186898,0.07018,0.00686,0.024490489234231166,0.054303167045200836,0.048590790661474544,2715.1583522600417
C,1.0002,0.024490489234231166,1,14,float64,100000,150000,記述的評価,50000,-0.0062904603031728075,0.033668209536853934,0.17921874849654568,0.0719,0.00722,0.024490489234231166,0.05353545358052701,0.048590790661474544,2676.7726790263505
C,1.0002,0.024490489234231166,1,14,float64,150000,200000,記述的評価,50000,-0.020314584717923558,0.027387260160847936,0.2539385460393111,0.0713,0.00668,0.024490489234231166,0.05224073730318671,0.048590790661474544,2612.0368651593353
C,1.0002,0.024490489234231166,1,15,float64,0,200000,記述的評価,200000,-0.0029143759393984846,0.026319535991787837,0.040102412038838575,0.064085,0.006515,0.024490489234231166,0.049799999637206875,0.048590790661474544,9959.999927441375
C,1.0002,0.024490489234231166,1,15,float64,0,50000,記述的評価,50000,0.003345306625351663,0.01957440406781998,0.10322698279560821,0.0536,0.0058,0.024490489234231166,0.0423680328865231,0.048590790661474544,2118.401644326155
C,1.0002,0.024490489234231166,1,15,float64,50000,100000,記述的評価,50000,-0.010345923283673862,0.03645867455530533,0.1473274448490307,0.07884,0.00792,0.024490489234231166,0.06178451433814931,0.048590790661474544,3089.2257169074655
C,1.0002,0.024490489234231166,1,15,float64,100000,150000,記述的評価,50000,-0.006928037368361701,0.02149781811820954,0.1475235618473527,0.06896,0.00664,0.024490489234231166,0.05107563360886548,0.048590790661474544,2553.781680443274
C,1.0002,0.024490489234231166,1,15,float64,150000,200000,記述的評価,50000,0.0014917235560113892,0.028082664712746102,0.07261121817080868,0.05494,0.0057,0.024490489234231166,0.043971817715289525,0.048590790661474544,2198.5908857644763
C,1.0002,0.024490489234231166,1,16,float64,0,200000,記述的評価,200000,-0.007839350164468325,0.03377065354713043,0.10006807744380519,0.07563,0.00735,0.024490489234231166,0.05686024340723813,0.048590790661474544,11372.048681447626
C,1.0002,0.024490489234231166,1,16,float64,0,50000,記述的評価,50000,-0.018566167106673324,0.03443910410986932,0.28757673264037215,0.05834,0.00522,0.024490489234231166,0.043688540719291825,0.048590790661474544,2184.427035964591
C,1.0002,0.024490489234231166,1,16,float64,50000,100000,記述的評価,50000,-0.009423592865110225,0.0364401225457638,0.12543260026988134,0.07762,0.00756,0.024490489234231166,0.05839846849615896,0.048590790661474544,2919.9234248079483
C,1.0002,0.024490489234231166,1,16,float64,100000,150000,記述的評価,50000,-0.0006621164656843308,0.026575197880886917,0.135953948800492,0.08978,0.00994,0.024490489234231166,0.07238248481607643,0.048590790661474544,3619.1242408038215
C,1.0002,0.024490489234231166,1,16,float64,150000,200000,記述的評価,50000,-0.00781019437148295,0.0346396596678314,0.15546616347406728,0.07678,0.00668,0.024490489234231166,0.05297147959742528,0.048590790661474544,2648.573979871264
C,1.0002,0.024490489234231166,1,17,float64,0,200000,記述的評価,200000,0.006620332054589317,0.01977224987767634,0.1344755067330275,0.052095,0.005015,0.024490489234231166,0.03884460893216918,0.048590790661474544,7768.921786433836
C,1.0002,0.024490489234231166,1,17,float64,0,50000,記述的評価,50000,0.010533005585162559,0.02371766880654525,0.2373008337213035,0.06038,0.006,0.024490489234231166,0.046321045635721085,0.048590790661474544,2316.052281786054
C,1.0002,0.024490489234231166,1,17,float64,50000,100000,記述的評価,50000,-0.0029320157759353312,0.014638878674332691,0.2159897624445195,0.03536,0.00306,0.024490489234231166,0.024991096570775743,0.048590790661474544,1249.5548285387872
C,1.0002,0.024490489234231166,1,17,float64,100000,150000,記述的評価,50000,0.006148524562283601,0.015927664410305874,0.2272466971533098,0.05956,0.0059,0.024490489234231166,0.04572548057444607,0.048590790661474544,2286.2740287223037
C,1.0002,0.024490489234231166,1,17,float64,150000,200000,記述的評価,50000,0.01095496206014944,0.01573197119806824,0.28787322100946544,0.05308,0.0051,0.024490489234231166,0.03834081294773381,0.048590790661474544,1917.0406473866904
C,1.0002,0.024490489234231166,1,18,float64,0,200000,記述的評価,200000,0.009076664481272687,0.02755829459448539,0.11479278552564837,0.063495,0.006385,0.024490489234231166,0.04825349374342113,0.048590790661474544,9650.698748684226
C,1.0002,0.024490489234231166,1,18,float64,0,50000,記述的評価,50000,-0.013973105336351278,0.011445031747390333,0.37735619175111995,0.04594,0.00462,0.024490489234231166,0.03538823666650846,0.048590790661474544,1769.4118333254232
C,1.0002,0.024490489234231166,1,18,float64,50000,100000,記述的評価,50000,0.021812785702792,0.017481541839687958,0.4010374360845782,0.0625,0.006,0.024490489234231166,0.0463881912388534,0.048590790661474544,2319.40956194267
C,1.0002,0.024490489234231166,1,18,float64,100000,150000,記述的評価,50000,0.01712931194816435,0.036315322133695954,0.24817355847277534,0.0722,0.00752,0.024490489234231166,0.056661652309966865,0.048590790661474544,2833.0826154983433
C,1.0002,0.024490489234231166,1,18,float64,150000,200000,記述的評価,50000,0.005117450385557866,0.02228947233322613,0.21025682145531366,0.07334,0.0074,0.024490489234231166,0.054575894758355774,0.048590790661474544,2728.7947379177886
C,1.0002,0.024490489234231166,1,19,float64,0,200000,記述的評価,200000,-0.003263559015912336,0.026277158852120112,0.06426750992983143,0.060715,0.005765,0.024490489234231166,0.04518240756738241,0.048590790661474544,9036.481513476483
C,1.0002,0.024490489234231166,1,19,float64,0,50000,記述的評価,50000,0.007774440164235329,0.033020632602276175,0.09989943082804131,0.07056,0.00638,0.024490489234231166,0.05026731546280938,0.048590790661474544,2513.365773140469
C,1.0002,0.024490489234231166,1,19,float64,50000,100000,記述的評価,50000,0.01189489408928222,0.029219957062205745,0.14911297014404268,0.06692,0.00668,0.024490489234231166,0.0517025638897304,0.048590790661474544,2585.12819448652
C,1.0002,0.024490489234231166,1,19,float64,100000,150000,記述的評価,50000,-0.008237232709799331,0.008961622809017562,0.28596522368707367,0.03992,0.00362,0.024490489234231166,0.02956379890951503,0.048590790661474544,1478.1899454757515
C,1.0002,0.024490489234231166,1,19,float64,150000,200000,記述的評価,50000,0.010878466738858943,0.0272321108785023,0.1927552378237825,0.06546,0.00638,0.024490489234231166,0.04919595200747477,0.048590790661474544,2459.7976003737385
C,1.0005,0.038712413809077896,2,0,float64,0,200000,記述的評価,200000,-0.004294976937363724,0.04257742108913887,0.045095453443363576,0.07143,0.00712,0.038712413809077896,0.08609520470107744,0.07646363999007622,17219.040940215487
C,1.0005,0.038712413809077896,2,0,float64,0,50000,記述的評価,50000,0.006062893107377483,0.05049900249679046,0.051439927372436633,0.07562,0.00714,0.038712413809077896,0.08982567751555902,0.07646363999007622,4491.283875777951
C,1.0005,0.038712413809077896,2,0,float64,50000,100000,記述的評価,50000,0.0032041611756144658,0.042019905190406,0.030054204998539114,0.0697,0.00698,0.038712413809077896,0.08351350617762038,0.07646363999007622,4175.675308881019
C,1.0005,0.038712413809077896,2,0,float64,100000,150000,記述的評価,50000,0.016059783074752247,0.04527734832921553,0.1783072619190471,0.07408,0.00754,0.038712413809077896,0.09124479671569488,0.07646363999007622,4562.239835784744
C,1.0005,0.038712413809077896,2,0,float64,150000,200000,記述的評価,50000,-0.01977935314970916,0.02210418199296267,0.3181783155765391,0.06632,0.00682,0.038712413809077896,0.0797968383954354,0.07646363999007622,3989.84191977177
C,1.0005,0.038712413809077896,2,1,float64,0,200000,記述的評価,200000,-0.002904571662961805,0.03637180382298678,0.029710317928901553,0.05663,0.005775,0.038712413809077896,0.06905284613465944,0.07646363999007622,13810.569226931888
C,1.0005,0.038712413809077896,2,1,float64,0,50000,記述的評価,50000,0.009292131567633675,0.03799896291509204,0.14845418501985158,0.05996,0.006,0.038712413809077896,0.07200242066006006,0.07646363999007622,3600.121033003003
C,1.0005,0.038712413809077896,2,1,float64,50000,100000,記述的評価,50000,-0.012214689902247403,0.04534041930744418,0.10592656922589838,0.06372,0.00634,0.038712413809077896,0.0770966864583345,0.07646363999007622,3854.8343229167253
C,1.0005,0.038712413809077896,2,1,float64,100000,150000,記述的評価,50000,-0.015885593589037843,0.028408019210041484,0.24663524241680296,0.04982,0.00502,0.038712413809077896,0.06075564983286018,0.07646363999007622,3037.782491643009
C,1.0005,0.038712413809077896,2,1,float64,150000,200000,記述的評価,50000,0.010650582434405045,0.03021838302117605,0.12035342494468254,0.05302,0.00574,0.038712413809077896,0.06635662758738292,0.07646363999007622,3317.8313793691464
C,1.0005,0.038712413809077896,2,2,float64,0,200000,記述的評価,200000,0.0029368129831004513,0.028190815953270977,0.07925513290604663,0.0533,0.005235,0.038712413809077896,0.06403025509719283,0.07646363999007622,12806.051019438566
C,1.0005,0.038712413809077896,2,2,float64,0,50000,記述的評価,50000,0.0067392346139998486,0.030888459500103535,0.08454243394067959,0.04406,0.0048,0.038712413809077896,0.0550282559428,0.07646363999007622,2751.4127971400003
C,1.0005,0.038712413809077896,2,2,float64,50000,100000,記述的評価,50000,0.007042458172397388,0.029271190207586305,0.22814966519302982,0.0658,0.0066,0.038712413809077896,0.07887079629443768,0.07646363999007622,3943.539814721884
C,1.0005,0.038712413809077896,2,2,float64,100000,150000,記述的評価,50000,-0.0017648991937488949,0.017958253198972242,0.20312706137030678,0.03688,0.00344,0.038712413809077896,0.04368919040632372,0.07646363999007622,2184.459520316186
C,1.0005,0.038712413809077896,2,2,float64,150000,200000,記述的評価,50000,0.008282971623481038,0.034864935005803795,0.10612438817872333,0.06646,0.0061,0.038712413809077896,0.07853277774520995,0.07646363999007622,3926.6388872604975
C,1.0005,0.038712413809077896,2,3,float64,0,200000,記述的評価,200000,-0.011095074991586996,0.03784368670431325,0.11123973307630125,0.061775,0.006245,0.038712413809077896,0.07482118082151275,0.07646363999007622,14964.23616430255
C,1.0005,0.038712413809077896,2,3,float64,0,50000,記述的評価,50000,0.004500245766222052,0.03084483530993676,0.05771271959701685,0.04592,0.00448,0.038712413809077896,0.05492466269287473,0.07646363999007622,2746.2331346437363
C,1.0005,0.038712413809077896,2,3,float64,50000,100000,記述的評価,50000,-0.009218863235796935,0.027056060379145985,0.20380597982890952,0.04582,0.00484,0.038712413809077896,0.05596284291828696,0.07646363999007622,2798.142145914348
C,1.0005,0.038712413809077896,2,3,float64,100000,150000,記述的評価,50000,-0.009179135444704528,0.0525071397902552,0.10345292335909723,0.0819,0.00842,0.038712413809077896,0.10153864103998402,0.07646363999007622,5076.932051999201
C,1.0005,0.038712413809077896,2,3,float64,150000,200000,記述的評価,50000,-0.019232805574034118,0.04281256159176971,0.22049043009014213,0.07346,0.00724,0.038712413809077896,0.08685857663490526,0.07646363999007622,4342.928831745263
C,1.0005,0.038712413809077896,2,4,float64,0,200000,記述的評価,200000,-6.474843837306954e-05,0.03705717954466932,0.06487202021342342,0.070495,0.007205,0.038712413809077896,0.08576521479147259,0.07646363999007622,17153.042958294518
C,1.0005,0.038712413809077896,2,4,float64,0,50000,記述的評価,50000,-6.097868759252522e-05,0.020534916820330505,0.14318598249317926,0.05932,0.00614,0.038712413809077896,0.07125126953169887,0.07646363999007622,3562.5634765849436
C,1.0005,0.038712413809077896,2,4,float64,50000,100000,記述的評価,50000,0.014533898852616377,0.04136518882492106,0.12693832954773193,0.08752,0.00922,0.038712413809077896,0.10870979153866202,0.07646363999007622,5435.489576933101
C,1.0005,0.038712413809077896,2,4,float64,100000,150000,記述的評価,50000,0.009822379867520728,0.047047042216796335,0.08408849235880728,0.0711,0.0071,0.038712413809077896,0.08557325811405543,0.07646363999007622,4278.662905702771
C,1.0005,0.038712413809077896,2,4,float64,150000,200000,記述的評価,50000,-0.007353996378215131,0.03618469214808899,0.14584925862311254,0.06404,0.00636,0.038712413809077896,0.07752653998147402,0.07646363999007622,3876.326999073701
C,1.0005,0.038712413809077896,2,5,float64,0,200000,記述的評価,200000,-0.009253719381672947,0.03320171759798039,0.1507907725312695,0.06041,0.00602,0.038712413809077896,0.07290465524666111,0.07646363999007622,14580.931049332223
C,1.0005,0.038712413809077896,2,5,float64,0,50000,記述的評価,50000,-0.018238867785425945,0.0223499315773241,0.3302591218828197,0.0503,0.0048,0.038712413809077896,0.06088388941645981,0.07646363999007622,3044.1944708229903
C,1.0005,0.038712413809077896,2,5,float64,50000,100000,記述的評価,50000,-0.004410788738228011,0.03636438264614516,0.11720576370563274,0.05954,0.00592,0.038712413809077896,0.07089804413567966,0.07646363999007622,3544.902206783983
C,1.0005,0.038712413809077896,2,5,float64,100000,150000,記述的評価,50000,-0.011941984224467678,0.04026399901515714,0.12884819478003956,0.08158,0.00812,0.038712413809077896,0.09694441721229032,0.07646363999007622,4847.220860614516
C,1.0005,0.038712413809077896,2,5,float64,150000,200000,記述的評価,50000,-0.0007917210638452453,0.033467085365552124,0.10097049318806017,0.05022,0.00524,0.038712413809077896,0.06289227022221472,0.07646363999007622,3144.613511110736
C,1.0005,0.038712413809077896,2,6,float64,0,200000,記述的評価,200000,0.008907513594282608,0.04741181078239477,0.07998648560520039,0.073465,0.007225,0.038712413809077896,0.08792166816297496,0.07646363999007622,17584.333632594993
C,1.0005,0.038712413809077896,2,6,float64,0,50000,記述的評価,50000,-0.015333528376633286,0.05780388446503713,0.12187417087461339,0.09226,0.00928,0.038712413809077896,0.11141339307516608,0.07646363999007622,5570.669653758304
C,1.0005,0.038712413809077896,2,6,float64,50000,100000,記述的評価,50000,0.0044466349979404565,0.043107119133739394,0.05946786375436186,0.05974,0.00568,0.038712413809077896,0.07117733190564395,0.07646363999007622,3558.8665952821975
C,1.0005,0.038712413809077896,2,6,float64,100000,150000,記述的評価,50000,0.011516818590583244,0.0388020187099169,0.10789314832396996,0.07184,0.00692,0.038712413809077896,0.08465120074206502,0.07646363999007622,4232.560037103251
C,1.0005,0.038712413809077896,2,6,float64,150000,200000,記述的評価,50000,0.021143698058685545,0.04276165916197021,0.201328063237668,0.07002,0.00702,0.038712413809077896,0.08444474692902468,0.07646363999007622,4222.237346451234
C,1.0005,0.038712413809077896,2,7,float64,0,200000,記述的評価,200000,0.011606070231394556,0.03813096750606371,0.11397533899748657,0.06235,0.006325,0.038712413809077896,0.07495430594708366,0.07646363999007622,14990.861189416733
C,1.0005,0.038712413809077896,2,7,float64,0,50000,記述的評価,50000,0.01554022711398405,0.03680306981600139,0.14410663132119628,0.06824,0.00692,0.038712413809077896,0.08160444216191332,0.07646363999007622,4080.222108095666
C,1.0005,0.038712413809077896,2,7,float64,50000,100000,記述的評価,50000,0.017949868839258636,0.028590180518370832,0.22879923049461953,0.05316,0.00504,0.038712413809077896,0.06291302999576265,0.07646363999007622,3145.6514997881322
C,1.0005,0.038712413809077896,2,7,float64,100000,150000,記述的評価,50000,0.008415086048396782,0.03632357112996535,0.10967314636001407,0.05856,0.00572,0.038712413809077896,0.07047326298383472,0.07646363999007622,3523.6631491917356
C,1.0005,0.038712413809077896,2,7,float64,150000,200000,記述的評価,50000,-0.010995500110741258,0.04661478796981317,0.0889566420652168,0.06944,0.00762,0.038712413809077896,0.08482648864682403,0.07646363999007622,4241.324432341202
C,1.0005,0.038712413809077896,2,8,float64,0,200000,記述的評価,200000,0.0018511270095081618,0.03255464190591661,0.062396900497669106,0.06498,0.006585,0.038712413809077896,0.0783120913812565,0.07646363999007622,15662.4182762513
C,1.0005,0.038712413809077896,2,8,float64,0,50000,記述的評価,50000,-0.004868696427964111,0.04298394771378007,0.08471535949913095,0.0762,0.00742,0.038712413809077896,0.09022227777762735,0.07646363999007622,4511.1138888813675
C,1.0005,0.038712413809077896,2,8,float64,50000,100000,記述的評価,50000,-0.0008497514680570039,0.016291899926022122,0.12695471237455624,0.04666,0.00434,0.038712413809077896,0.055180192327590964,0.07646363999007622,2759.0096163795483
C,1.0005,0.038712413809077896,2,8,float64,100000,150000,記述的評価,50000,0.012278868865555407,0.05571920365496306,0.17695556820996344,0.08522,0.00914,0.038712413809077896,0.10381756113167688,0.07646363999007622,5190.878056583844
C,1.0005,0.038712413809077896,2,8,float64,150000,200000,記述的評価,50000,0.0018164807698454937,0.025964468132046677,0.07947725572804987,0.05184,0.00544,0.038712413809077896,0.06402833428813073,0.07646363999007622,3201.4167144065364
C,1.0005,0.038712413809077896,2,9,float64,0,200000,記述的評価,200000,0.004000503553604033,0.034446275929895104,0.1005980130628416,0.05806,0.005505,0.038712413809077896,0.06983531973036522,0.07646363999007622,13967.063946073044
C,1.0005,0.038712413809077896,2,9,float64,0,50000,記述的評価,50000,0.003926381967708566,0.019442044885171185,0.2317130130628416,0.0426,0.00412,0.038712413809077896,0.051872438932095546,0.07646363999007622,2593.6219466047773
C,1.0005,0.038712413809077896,2,9,float64,50000,100000,記述的評価,50000,-0.005309564111248233,0.04676539970128762,0.09857726180532,0.07576,0.00708,0.038712413809077896,0.08965905251765992,0.07646363999007622,4482.952625882996
C,1.0005,0.038712413809077896,2,9,float64,100000,150000,記述的評価,50000,0.00934047579635594,0.03601533702520014,0.19889510857159615,0.05698,0.00554,0.038712413809077896,0.06871801819540987,0.07646363999007622,3435.9009097704934
C,1.0005,0.038712413809077896,2,9,float64,150000,200000,記述的評価,50000,0.004548724084187765,0.032740356943275574,0.11547933561808199,0.0569,0.00528,0.038712413809077896,0.06909176927629548,0.07646363999007622,3454.5884638147745
C,1.0005,0.038712413809077896,2,10,float64,0,200000,記述的評価,200000,0.00556263355523059,0.03629551334807092,0.045774759374168306,0.05488,0.005555,0.038712413809077896,0.06669034986211372,0.07646363999007622,13338.069972422743
C,1.0005,0.038712413809077896,2,10,float64,0,50000,記述的評価,50000,0.008186223430518828,0.04110390143048703,0.07490648730896543,0.06522,0.00658,0.038712413809077896,0.07997227801458684,0.07646363999007622,3998.613900729342
C,1.0005,0.038712413809077896,2,10,float64,50000,100000,記述的評価,50000,-0.00706740920333191,0.03661016133001688,0.07551074492077148,0.05742,0.00538,0.038712413809077896,0.06694121818159679,0.07646363999007622,3347.06090907984
C,1.0005,0.038712413809077896,2,10,float64,100000,150000,記述的評価,50000,0.010883414628287433,0.02466801794001744,0.17126357630565037,0.05006,0.0054,0.038712413809077896,0.061135906194134906,0.07646363999007622,3056.7953097067452
C,1.0005,0.038712413809077896,2,10,float64,150000,200000,記述的評価,50000,-0.011149031214827177,0.03794120959856297,0.09236712833538102,0.04682,0.00486,0.038712413809077896,0.05871199705813628,0.07646363999007622,2935.5998529068142
C,1.0005,0.038712413809077896,2,11,float64,0,200000,記述的評価,200000,0.0011045479778763127,0.03665378764420653,0.03667242885153155,0.06274,0.006245,0.038712413809077896,0.07626914958327405,0.07646363999007622,15253.82991665481
C,1.0005,0.038712413809077896,2,11,float64,0,50000,記述的評価,50000,0.025127258887897925,0.025951105967657418,0.307940449321866,0.07262,0.00732,0.038712413809077896,0.08903933416626499,0.07646363999007622,4451.966708313249
C,1.0005,0.038712413809077896,2,11,float64,50000,100000,記述的評価,50000,-0.009636904683361518,0.03196508470403003,0.20522530535582084,0.05212,0.00538,0.038712413809077896,0.06339312106312962,0.07646363999007622,3169.6560531564814
C,1.0005,0.038712413809077896,2,11,float64,100000,150000,記述的評価,50000,-0.005617268766918978,0.021872853719534863,0.16021803397332368,0.04364,0.0038,0.038712413809077896,0.050959158177910205,0.07646363999007622,2547.95790889551
C,1.0005,0.038712413809077896,2,11,float64,150000,200000,記述的評価,50000,0.002577550527073311,0.05063585905935654,0.05559926941309401,0.08258,0.00848,0.038712413809077896,0.10168498492579128,0.07646363999007622,5084.249246289564
C,1.0005,0.038712413809077896,2,12,float64,0,200000,記述的評価,200000,-0.005810328790429101,0.04304888318625687,0.04869362685383427,0.069785,0.00681,0.038712413809077896,0.08218395574991218,0.07646363999007622,16436.791149982437
C,1.0005,0.038712413809077896,2,12,float64,0,50000,記述的評価,50000,0.006866898825575631,0.026890776974822814,0.24446330269142735,0.06522,0.00642,0.038712413809077896,0.07641399839731884,0.07646363999007622,3820.6999198659423
C,1.0005,0.038712413809077896,2,12,float64,50000,100000,記述的評価,50000,-0.014639339440746937,0.05222341679752306,0.1354965653780712,0.07924,0.0078,0.038712413809077896,0.09335049192550073,0.07646363999007622,4667.524596275036
C,1.0005,0.038712413809077896,2,12,float64,100000,150000,記述的評価,50000,-0.015480538643840542,0.040907919155020955,0.15378165465705246,0.0648,0.00638,0.038712413809077896,0.07741420924010371,0.07646363999007622,3870.710462005186
C,1.0005,0.038712413809077896,2,12,float64,150000,200000,記述的評価,50000,-0.009883311579393237,0.04074072645706593,0.13228055296980423,0.06988,0.00664,0.038712413809077896,0.08155712343672546,0.07646363999007622,4077.856171836273
C,1.0005,0.038712413809077896,2,13,float64,0,200000,記述的評価,200000,-0.007054230015624164,0.0488843192137151,0.061083009152818835,0.075895,0.00781,0.038712413809077896,0.09228096156523383,0.07646363999007622,18456.192313046766
C,1.0005,0.038712413809077896,2,13,float64,0,50000,記述的評価,50000,-0.0062853604042386714,0.03603448753388626,0.06852141733576084,0.05988,0.00576,0.038712413809077896,0.07293888451967517,0.07646363999007622,3646.9442259837588
C,1.0005,0.038712413809077896,2,13,float64,50000,100000,記述的評価,50000,0.004968858520754467,0.05093082509055398,0.07716015033808593,0.08738,0.00944,0.038712413809077896,0.1066084720290961,0.07646363999007622,5330.423601454805
C,1.0005,0.038712413809077896,2,13,float64,100000,150000,記述的評価,50000,-0.019807944665619096,0.06071086805538955,0.1567722291019441,0.0839,0.0085,0.038712413809077896,0.10187283526989549,0.07646363999007622,5093.641763494775
C,1.0005,0.038712413809077896,2,13,float64,150000,200000,記述的評価,50000,-0.006221101001414421,0.051068219312328786,0.06106708074192513,0.07242,0.00754,0.038712413809077896,0.0877036544422686,0.07646363999007622,4385.18272211343
C,1.0005,0.038712413809077896,2,14,float64,0,200000,記述的評価,200000,0.006525643126254276,0.04087470655507178,0.07383132232014328,0.06635,0.00678,0.038712413809077896,0.08060259229229344,0.07646363999007622,16120.518458458688
C,1.0005,0.038712413809077896,2,14,float64,0,50000,記述的評価,50000,0.007352799933686859,0.028236747071752305,0.1147395846930454,0.0503,0.00526,0.038712413809077896,0.06254008855368048,0.07646363999007622,3127.0044276840244
C,1.0005,0.038712413809077896,2,14,float64,50000,100000,記述的評価,50000,0.016019241596642895,0.05665697794827492,0.13504391294018137,0.0794,0.00806,0.038712413809077896,0.09484553879679908,0.07646363999007622,4742.276939839954
C,1.0005,0.038712413809077896,2,14,float64,100000,150000,記述的評価,50000,-0.0032359950049275065,0.05407185151153016,0.07268910448762911,0.07828,0.00768,0.038712413809077896,0.095413110893151,0.07646363999007622,4770.65554465755
C,1.0005,0.038712413809077896,2,14,float64,150000,200000,記述的評価,50000,0.004381778899421504,0.031875686518877414,0.13338632232014325,0.05742,0.00612,0.038712413809077896,0.06961163092554319,0.07646363999007622,3480.5815462771593
C,1.0005,0.038712413809077896,2,15,float64,0,200000,記述的評価,200000,0.00015548684082841404,0.043792426591603414,0.053769406139501486,0.073765,0.00736,0.038712413809077896,0.08849744849180574,0.07646363999007622,17699.489698361147
C,1.0005,0.038712413809077896,2,15,float64,0,50000,記述的評価,50000,0.010792290495590353,0.045614053559339715,0.09563005843914041,0.06926,0.0073,0.038712413809077896,0.08417607348619746,0.07646363999007622,4208.803674309873
C,1.0005,0.038712413809077896,2,15,float64,50000,100000,記述的評価,50000,0.005279480082434347,0.056091845300211926,0.1109159930445861,0.09948,0.00996,0.038712413809077896,0.11888605943715727,0.07646363999007622,5944.302971857864
C,1.0005,0.038712413809077896,2,15,float64,100000,150000,記述的評価,50000,-0.011535825195876804,0.044674414070693544,0.1221717291465595,0.07814,0.00754,0.038712413809077896,0.09228199743981919,0.07646363999007622,4614.099871990959
C,1.0005,0.038712413809077896,2,15,float64,150000,200000,記述的評価,50000,0.00016767767722468483,0.03185493950673486,0.09464828334292641,0.04818,0.00464,0.038712413809077896,0.0586456636040491,0.07646363999007622,2932.2831802024552
C,1.0005,0.038712413809077896,2,16,float64,0,200000,記述的評価,200000,-0.010010586781513882,0.042078150110611334,0.10296195702597927,0.06828,0.006585,0.038712413809077896,0.08044822023703377,0.07646363999007622,16089.644047406753
C,1.0005,0.038712413809077896,2,16,float64,0,50000,記述的評価,50000,0.005762538294672052,0.04648389365482959,0.0481200240138987,0.07212,0.00704,0.038712413809077896,0.08542175434454596,0.07646363999007622,4271.0877172272985
C,1.0005,0.038712413809077896,2,16,float64,50000,100000,記述的評価,50000,-0.01745411455919886,0.044121591281669884,0.20666974979078773,0.07234,0.00674,0.038712413809077896,0.08411600194934919,0.07646363999007622,4205.80009746746
C,1.0005,0.038712413809077896,2,16,float64,100000,150000,記述的評価,50000,-0.005359306777228566,0.03455500458000939,0.08336436168074263,0.0623,0.00614,0.038712413809077896,0.0736807647112045,0.07646363999007622,3684.0382355602246
C,1.0005,0.038712413809077896,2,16,float64,150000,200000,記述的評価,50000,-0.013442319038980993,0.04291632877232225,0.1284987757428699,0.06636,0.00642,0.038712413809077896,0.07857435994303541,0.07646363999007622,3928.7179971517708
C,1.0005,0.038712413809077896,2,17,float64,0,200000,記述的評価,200000,-0.002187965533949126,0.03364650709650094,0.05389113773165333,0.06184,0.00628,0.038712413809077896,0.07409309375697504,0.07646363999007622,14818.618751395008
C,1.0005,0.038712413809077896,2,17,float64,0,50000,記述的評価,50000,-0.003181297110927567,0.034972219325297524,0.05194585822032577,0.07038,0.00756,0.038712413809077896,0.08506796736955595,0.07646363999007622,4253.398368477798
C,1.0005,0.038712413809077896,2,17,float64,50000,100000,記述的評価,50000,0.001907199893121029,0.025798786340420037,0.07980558880080407,0.05,0.0049,0.038712413809077896,0.05983449049992847,0.07646363999007622,2991.7245249964235
C,1.0005,0.038712413809077896,2,17,float64,100000,150000,記述的評価,50000,-0.02452354780358565,0.045420166862866485,0.18255746679544282,0.081,0.00828,0.038712413809077896,0.09659853017064426,0.07646363999007622,4829.926508532213
C,1.0005,0.038712413809077896,2,17,float64,150000,200000,記述的評価,50000,0.0032561612843343734,0.021832119523278404,0.12346103713273537,0.04598,0.00438,0.038712413809077896,0.05487138698777144,0.07646363999007622,2743.569349388572
C,1.0005,0.038712413809077896,2,18,float64,0,200000,記述的評価,200000,0.00013024340848456214,0.04453419410957854,0.026538951168903535,0.070065,0.00689,0.038712413809077896,0.08342062519197069,0.07646363999007622,16684.125038394137
C,1.0005,0.038712413809077896,2,18,float64,0,50000,記述的評価,50000,0.00023728649388789636,0.043995490355446774,0.08075620081179624,0.07738,0.00794,0.038712413809077896,0.094125217585547,0.07646363999007622,4706.26087927735
C,1.0005,0.038712413809077896,2,18,float64,50000,100000,記述的評価,50000,-0.004562520802937484,0.04169248000535939,0.09301165369546094,0.06204,0.00544,0.038712413809077896,0.07223976507711204,0.07646363999007622,3611.988253855602
C,1.0005,0.038712413809077896,2,18,float64,100000,150000,記述的評価,50000,0.013730361256309439,0.051036002105628135,0.13542939618774652,0.08104,0.00856,0.038712413809077896,0.09748281299979472,0.07646363999007622,4874.140649989736
C,1.0005,0.038712413809077896,2,18,float64,150000,200000,記述的評価,50000,-0.004946536185074394,0.04181248530255256,0.08229542357769615,0.0598,0.00562,0.038712413809077896,0.06983470510542907,0.07646363999007622,3491.7352552714533
C,1.0005,0.038712413809077896,2,19,float64,0,200000,記述的評価,200000,-0.0027745751339181566,0.03917726388820161,0.03198143574115975,0.063795,0.006705,0.038712413809077896,0.07831903864911595,0.07646363999007622,15663.807729823191
C,1.0005,0.038712413809077896,2,19,float64,0,50000,記述的評価,50000,-0.006133518576385182,0.033576502433973476,0.08831754683247689,0.05374,0.00554,0.038712413809077896,0.06654462755953458,0.07646363999007622,3327.231377976729
C,1.0005,0.038712413809077896,2,19,float64,50000,100000,記述的評価,50000,-0.0027675426731187426,0.038550321658053416,0.06184682149106968,0.05278,0.00548,0.038712413809077896,0.06478800174561866,0.07646363999007622,3239.400087280933
C,1.0005,0.038712413809077896,2,19,float64,100000,150000,記述的評価,50000,0.009300208217337649,0.041973158785382235,0.11098949137581088,0.07208,0.00768,0.038712413809077896,0.0883661434978503,0.07646363999007622,4418.307174892515
C,1.0005,0.038712413809077896,2,19,float64,150000,200000,記述的評価,50000,-0.007578715041631102,0.042358942560507484,0.06275687231705801,0.07658,0.00812,0.038712413809077896,0.09357738179346028,0.07646363999007622,4678.869089673014
C,1.001,0.054723010317845995,3,0,float64,0,200000,記述的評価,200000,-0.005409714158995953,0.054737590647840145,0.03138242972145705,0.06379,0.00623,0.054723010317845995,0.10721157547972542,0.1075558663213407,21442.315095945083
C,1.001,0.054723010317845995,3,0,float64,0,50000,記述的評価,50000,0.012002389205276194,0.05189401390882359,0.10396696220835933,0.06524,0.00652,0.054723010317845995,0.11112071636898456,0.1075558663213407,5556.035818449228
C,1.001,0.054723010317845995,3,0,float64,50000,100000,記述的評価,50000,-0.01425219896785494,0.07049606617720329,0.08945780787233115,0.07816,0.00772,0.054723010317845995,0.1315171034982465,0.1075558663213407,6575.855174912324
C,1.001,0.054723010317845995,3,0,float64,100000,150000,記述的評価,50000,-0.009292153752381255,0.04532659963806168,0.07055576518277873,0.05332,0.00532,0.054723010317845995,0.08861619746399563,0.1075558663213407,4430.809873199782
C,1.001,0.054723010317845995,3,0,float64,150000,200000,記述的評価,50000,-0.005269985096880356,0.05082304619586078,0.07871160114116194,0.05844,0.00536,0.054723010317845995,0.09759228458767506,0.1075558663213407,4879.614229383753
C,1.001,0.054723010317845995,3,1,float64,0,200000,記述的評価,200000,-0.0067211219333137865,0.053896382040820125,0.04161156491368967,0.061965,0.00615,0.054723010317845995,0.10497624528015738,0.1075558663213407,20995.249056031476
C,1.001,0.054723010317845995,3,1,float64,0,50000,記述的評価,50000,-0.011619115470944151,0.044391053891570234,0.10791213603593885,0.05694,0.00566,0.054723010317845995,0.0964342291918426,0.1075558663213407,4821.711459592129
C,1.001,0.054723010317845995,3,1,float64,50000,100000,記述的評価,50000,0.006704644964517651,0.045241906451006765,0.06517153973740569,0.05064,0.005,0.054723010317845995,0.08695991166509666,0.1075558663213407,4347.995583254833
C,1.001,0.054723010317845995,3,1,float64,100000,150000,記述的評価,50000,-0.014991713588862397,0.06399766473016097,0.10718589646591586,0.06946,0.00674,0.054723010317845995,0.1173097239863777,0.1075558663213407,5865.486199318885
C,1.001,0.054723010317845995,3,1,float64,150000,200000,記述的評価,50000,-0.003562967514711994,0.06432161568683889,0.04473018774829518,0.07082,0.0072,0.054723010317845995,0.11920111627731256,0.1075558663213407,5960.055813865628
C,1.001,0.054723010317845995,3,2,float64,0,200000,記述的評価,200000,-0.004670304864608907,0.054215936386985394,0.034702349611690664,0.059565,0.006145,0.054723010317845995,0.10211501313852939,0.1075558663213407,20423.00262770588
C,1.001,0.054723010317845995,3,2,float64,0,50000,記述的評価,50000,-0.009722751127658403,0.05176897152545631,0.10067466356542287,0.06124,0.00606,0.054723010317845995,0.1054362269534253,0.1075558663213407,5271.811347671265
C,1.001,0.054723010317845995,3,2,float64,50000,100000,記述的評価,50000,-0.011980280636772877,0.0441625951327204,0.09039322543287853,0.05182,0.00524,0.054723010317845995,0.08734686215994196,0.1075558663213407,4367.343107997098
C,1.001,0.054723010317845995,3,2,float64,100000,150000,記述的評価,50000,0.007530832358750067,0.05183081856141219,0.07566939086309249,0.05748,0.00614,0.054723010317845995,0.09820702476553611,0.1075558663213407,4910.351238276806
C,1.001,0.054723010317845995,3,2,float64,150000,200000,記述的評価,50000,-0.004882291719624484,0.06544632168388033,0.054129766850605,0.06772,0.00714,0.054723010317845995,0.11746993867521426,0.1075558663213407,5873.496933760713
C,1.001,0.054723010317845995,3,3,float64,0,200000,記述的評価,200000,0.0008086797825870222,0.05851969120895967,0.022538398739335386,0.064915,0.00641,0.054723010317845995,0.10923552061228783,0.1075558663213407,21847.104122457567
C,1.001,0.054723010317845995,3,3,float64,0,50000,記述的評価,50000,0.01711325483915553,0.09189943013752128,0.12916103811945212,0.09364,0.00944,0.054723010317845995,0.15724818189419162,0.1075558663213407,7862.409094709581
C,1.001,0.054723010317845995,3,3,float64,50000,100000,記述的評価,50000,-0.00030207003844997436,0.031104277299049958,0.09947779813500168,0.03862,0.00364,0.054723010317845995,0.06566761481241803,0.1075558663213407,3283.3807406209016
C,1.001,0.054723010317845995,3,3,float64,100000,150000,記述的評価,50000,0.00781701893458252,0.05826832343757715,0.05140457799344911,0.06036,0.00568,0.054723010317845995,0.10147074781971954,0.1075558663213407,5073.537390985977
C,1.001,0.054723010317845995,3,3,float64,150000,200000,記述的評価,50000,-0.0033258967945623665,0.054027542823631085,0.03475360811878858,0.06704,0.00688,0.054723010317845995,0.11255553792282215,0.1075558663213407,5627.7768961411075
C,1.001,0.054723010317845995,3,4,float64,0,200000,記述的評価,200000,-0.0049604679162492445,0.05491560700146648,0.04303564014520456,0.065115,0.006485,0.054723010317845995,0.10909173705241056,0.1075558663213407,21818.34741048211
C,1.001,0.054723010317845995,3,4,float64,0,50000,記述的評価,50000,0.010200397889210013,0.04269877005559285,0.08108729323008124,0.06172,0.00566,0.054723010317845995,0.10104087116713505,0.1075558663213407,5052.043558356752
C,1.001,0.054723010317845995,3,4,float64,50000,100000,記述的評価,50000,-0.008024996983051282,0.05622777829631241,0.07346564014520451,0.06404,0.0067,0.054723010317845995,0.10909038827317524,0.1075558663213407,5454.5194136587625
C,1.001,0.054723010317845995,3,4,float64,100000,150000,記述的評価,50000,-0.003032053066839898,0.04742038908071516,0.07850650330864889,0.0608,0.0065,0.054723010317845995,0.10216967215466478,0.1075558663213407,5108.483607733239
C,1.001,0.054723010317845995,3,4,float64,150000,200000,記述的評価,50000,-0.017028242385933583,0.07287939621848921,0.09733502792984355,0.0739,0.00708,0.054723010317845995,0.12406601661466703,0.1075558663213407,6203.300830733351
C,1.001,0.054723010317845995,3,5,float64,0,200000,記述的評価,200000,-0.004543822821535739,0.04914194283674143,0.05469870403677579,0.05903,0.005785,0.054723010317845995,0.09997121072911455,0.1075558663213407,19994.24214582291
C,1.001,0.054723010317845995,3,5,float64,0,50000,記述的評価,50000,-0.008811417534169062,0.05741533349791024,0.05966271145176266,0.06976,0.00654,0.054723010317845995,0.11731236762846682,0.1075558663213407,5865.618381423341
C,1.001,0.054723010317845995,3,5,float64,50000,100000,記述的評価,50000,-0.004678150740452707,0.035432983907336076,0.1419374695472574,0.04566,0.0046,0.054723010317845995,0.07872480319080982,0.1075558663213407,3936.2401595404913
C,1.001,0.054723010317845995,3,5,float64,100000,150000,記述的評価,50000,0.012252204019953913,0.06261193554413777,0.08872127538122321,0.06464,0.00634,0.054723010317845995,0.10958180616597302,0.1075558663213407,5479.090308298651
C,1.001,0.054723010317845995,3,5,float64,150000,200000,記述的評価,50000,-0.01163114298225802,0.04160187338905281,0.12513099239740127,0.05606,0.00566,0.054723010317845995,0.09426586593120846,0.1075558663213407,4713.293296560423
C,1.001,0.054723010317845995,3,6,float64,0,200000,記述的評価,200000,0.0012116260407942848,0.04896688598685337,0.02269996268054053,0.064005,0.00643,0.054723010317845995,0.10752981499069895,0.1075558663213407,21505.962998139792
C,1.001,0.054723010317845995,3,6,float64,0,50000,記述的評価,50000,-0.0053504246275428834,0.06581460716507236,0.038206899842273156,0.08148,0.00798,0.054723010317845995,0.13437465121223338,0.1075558663213407,6718.732560611669
C,1.001,0.054723010317845995,3,6,float64,50000,100000,記述的評価,50000,0.013170897638178709,0.05174349293429363,0.1270754808198089,0.07372,0.00748,0.054723010317845995,0.12337762048872468,0.1075558663213407,6168.881024436234
C,1.001,0.054723010317845995,3,6,float64,100000,150000,記述的評価,50000,-0.011502423997909877,0.040205423058008755,0.11575025379680265,0.04496,0.00476,0.054723010317845995,0.07796510498287822,0.1075558663213407,3898.255249143911
C,1.001,0.054723010317845995,3,6,float64,150000,200000,記述的評価,50000,0.0014350062682902298,0.04020463777498903,0.05749949629642409,0.05586,0.0055,0.054723010317845995,0.09440188327895961,0.1075558663213407,4720.094163947981
C,1.001,0.054723010317845995,3,7,float64,0,200000,記述的評価,200000,-0.009196011212119465,0.04905285935103203,0.0777206163560984,0.06026,0.006015,0.054723010317845995,0.10185690205281513,0.1075558663213407,20371.380410563026
C,1.001,0.054723010317845995,3,7,float64,0,50000,記述的評価,50000,-0.0032734304134234586,0.04892482940750302,0.042461063684683276,0.05358,0.00476,0.054723010317845995,0.08835674174717664,0.1075558663213407,4417.837087358832
C,1.001,0.054723010317845995,3,7,float64,50000,100000,記述的評価,50000,-0.01212941733509142,0.04910621492194069,0.09302214797549313,0.06994,0.0075,0.054723010317845995,0.11827986459803089,0.1075558663213407,5913.9932299015445
C,1.001,0.054723010317845995,3,7,float64,100000,150000,記述的評価,50000,-0.015773175393333047,0.06561543458917576,0.10058591716654919,0.07128,0.00708,0.054723010317845995,0.12074939399249007,0.1075558663213407,6037.469699624504
C,1.001,0.054723010317845995,3,7,float64,150000,200000,記述的評価,50000,-0.008742467973183739,0.03198012798163005,0.15871805523506233,0.04624,0.00472,0.054723010317845995,0.08004160787356293,0.1075558663213407,4002.0803936781467
C,1.001,0.054723010317845995,3,8,float64,0,200000,記述的評価,200000,-0.0018720092902769349,0.055400601391531135,0.01906671854562275,0.066815,0.00667,0.054723010317845995,0.11302844594017221,0.1075558663213407,22605.68918803444
C,1.001,0.054723010317845995,3,8,float64,0,50000,記述的評価,50000,0.020361149167142253,0.047501339939515455,0.1741416492541833,0.06242,0.00598,0.054723010317845995,0.10649504320190287,0.1075558663213407,5324.752160095143
C,1.001,0.054723010317845995,3,8,float64,50000,100000,記述的評価,50000,-0.006234666366109302,0.05331388172530799,0.060318886827271156,0.06346,0.00632,0.054723010317845995,0.10657625150023013,0.1075558663213407,5328.812575011507
C,1.001,0.054723010317845995,3,8,float64,100000,150000,記述的評価,50000,-0.02199644559670727,0.05038368172051197,0.1736686201455797,0.06,0.00588,0.054723010317845995,0.10145374062737908,0.1075558663213407,5072.687031368954
C,1.001,0.054723010317845995,3,8,float64,150000,200000,記述的評価,50000,0.007677590105802507,0.06476005724321371,0.045958045783415225,0.08138,0.0085,0.054723010317845995,0.13758874843117674,0.1075558663213407,6879.437421558838
C,1.001,0.054723010317845995,3,9,float64,0,200000,記述的評価,200000,0.008552293774671569,0.0573815954028085,0.06087320413980235,0.06347,0.006355,0.054723010317845995,0.10760394975468476,0.1075558663213407,21520.789950936953
C,1.001,0.054723010317845995,3,9,float64,0,50000,記述的評価,50000,0.008110979387625799,0.05388112077175179,0.08975415255907787,0.05874,0.00594,0.054723010317845995,0.0991428223864404,0.1075558663213407,4957.14111932202
C,1.001,0.054723010317845995,3,9,float64,50000,100000,記述的評価,50000,0.00623530294808677,0.06435923655364652,0.05606920941586391,0.06612,0.00684,0.054723010317845995,0.11303256604027714,0.1075558663213407,5651.628302013857
C,1.001,0.054723010317845995,3,9,float64,100000,150000,記述的評価,50000,0.011380899687564712,0.05831346837477629,0.094218670768343,0.06814,0.00648,0.054723010317845995,0.11468378552232224,0.1075558663213407,5734.189276116112
C,1.001,0.054723010317845995,3,9,float64,150000,200000,記述的評価,50000,0.00691313968123602,0.053632036813921556,0.05055820413980233,0.06088,0.00616,0.054723010317845995,0.10355662506969933,0.1075558663213407,5177.8312534849665
C,1.001,0.054723010317845995,3,10,float64,0,200000,記述的評価,200000,-0.004656007507208881,0.055441700312126904,0.027938863326168517,0.064025,0.00667,0.054723010317845995,0.11011529399390674,0.1075558663213407,22023.05879878135
C,1.001,0.054723010317845995,3,10,float64,0,50000,記述的評価,50000,0.0043043766243474665,0.059482140921789314,0.03071042029393245,0.07082,0.00752,0.054723010317845995,0.12155522241626089,0.1075558663213407,6077.761120813045
C,1.001,0.054723010317845995,3,10,float64,50000,100000,記述的評価,50000,0.0009585409966589597,0.05934061451206385,0.024273016988960866,0.0658,0.00684,0.054723010317845995,0.11354684472473321,0.1075558663213407,5677.342236236661
C,1.001,0.054723010317845995,3,10,float64,100000,150000,記述的評価,50000,-0.016178790955737144,0.04349686806863225,0.12550948467516188,0.05266,0.0053,0.054723010317845995,0.09151485190239195,0.1075558663213407,4575.742595119597
C,1.001,0.054723010317845995,3,10,float64,150000,200000,記述的評価,50000,0.010240434793710888,0.058069906569552854,0.06806593961401841,0.06682,0.00702,0.054723010317845995,0.11384425693224104,0.1075558663213407,5692.212846612052
C,1.001,0.054723010317845995,3,11,float64,0,200000,記述的評価,200000,0.0019426822862362025,0.0575220979781481,0.024412972415722045,0.068385,0.00703,0.054723010317845995,0.11627577642043134,0.1075558663213407,23255.155284086268
C,1.001,0.054723010317845995,3,11,float64,0,50000,記述的評価,50000,0.011397448502333412,0.06537218610976825,0.07141439741765099,0.07214,0.00752,0.054723010317845995,0.12336539246233466,0.1075558663213407,6168.269623116733
C,1.001,0.054723010317845995,3,11,float64,50000,100000,記述的評価,50000,-0.002095835564345467,0.04560932114699685,0.06005991139100275,0.06118,0.00636,0.054723010317845995,0.10489380039346166,0.1075558663213407,5244.690019673083
C,1.001,0.054723010317845995,3,11,float64,100000,150000,記述的評価,50000,0.0002557413844204333,0.05944045180696399,0.03373730577268175,0.0723,0.00752,0.054723010317845995,0.12258296050624468,0.1075558663213407,6129.148025312234
C,1.001,0.054723010317845995,3,11,float64,150000,200000,記述的評価,50000,0.011768455371449656,0.05950928984626078,0.0904467091979243,0.06792,0.00672,0.054723010317845995,0.11426095231968428,0.1075558663213407,5713.047615984214
C,1.001,0.054723010317845995,3,12,float64,0,200000,記述的評価,200000,-0.006990503648287584,0.05704185160210875,0.04234637632385657,0.063775,0.00635,0.054723010317845995,0.10873612257539436,0.1075558663213407,21747.224515078873
C,1.001,0.054723010317845995,3,12,float64,0,50000,記述的評価,50000,-0.009700120124932515,0.0518841246024163,0.061227582628823884,0.06374,0.00638,0.054723010317845995,0.10902820490942276,0.1075558663213407,5451.410245471138
C,1.001,0.054723010317845995,3,12,float64,50000,100000,記述的評価,50000,-0.010929572773827667,0.055258657464638455,0.09047232979782022,0.05612,0.0054,0.054723010317845995,0.09674526639161608,0.1075558663213407,4837.263319580804
C,1.001,0.054723010317845995,3,12,float64,100000,150000,記述的評価,50000,0.009349389706259554,0.05324440955745564,0.05423258348683668,0.06328,0.00612,0.054723010317845995,0.10473510870814996,0.1075558663213407,5236.755435407498
C,1.001,0.054723010317845995,3,12,float64,150000,200000,記述的評価,50000,-0.004676960209290354,0.06678731035704055,0.05832202581366136,0.07196,0.0075,0.054723010317845995,0.12443591029238871,0.1075558663213407,6221.795514619435
C,1.001,0.054723010317845995,3,13,float64,0,200000,記述的評価,200000,-0.016515218582628555,0.06504260712101625,0.09393237094577367,0.07236,0.00714,0.054723010317845995,0.12157436476852525,0.1075558663213407,24314.87295370505
C,1.001,0.054723010317845995,3,13,float64,0,50000,記述的評価,50000,0.013934269611829576,0.07635094157105843,0.08487437453956742,0.08594,0.00814,0.054723010317845995,0.14282801948385676,0.1075558663213407,7141.400974192838
C,1.001,0.054723010317845995,3,13,float64,50000,100000,記述的評価,50000,-0.023810866222257143,0.06236844204247735,0.14306588224257555,0.06608,0.0063,0.054723010317845995,0.10987903513054167,0.1075558663213407,5493.9517565270835
C,1.001,0.054723010317845995,3,13,float64,100000,150000,記述的評価,50000,-0.022642929754619654,0.05949024457333332,0.19558604681233555,0.0647,0.0064,0.054723010317845995,0.10825128696819908,0.1075558663213407,5412.564348409954
C,1.001,0.054723010317845995,3,13,float64,150000,200000,記述的評価,50000,-0.01087754416490128,0.05990354973299859,0.08609810835006276,0.07272,0.00772,0.054723010317845995,0.12533911749150345,0.1075558663213407,6266.955874575172
C,1.001,0.054723010317845995,3,14,float64,0,200000,記述的評価,200000,0.0021469947706001255,0.04890010947915557,0.030406255965711226,0.05957,0.006075,0.054723010317845995,0.10213984323461137,0.1075558663213407,20427.968646922272
C,1.001,0.054723010317845995,3,14,float64,0,50000,記述的評価,50000,0.00014039786619916936,0.03983996021124702,0.06728203159579127,0.05394,0.00572,0.054723010317845995,0.09509729435269731,0.1075558663213407,4754.864717634866
C,1.001,0.054723010317845995,3,14,float64,50000,100000,記述的評価,50000,0.0032277776354257687,0.046541244521667996,0.06640419669890685,0.0502,0.00476,0.054723010317845995,0.08570647821945869,0.1075558663213407,4285.323910972935
C,1.001,0.054723010317845995,3,14,float64,100000,150000,記述的評価,50000,0.004963568819307519,0.046693888000828486,0.04082381757588277,0.05396,0.00548,0.054723010317845995,0.09217782883740545,0.1075558663213407,4608.8914418702725
C,1.001,0.054723010317845995,3,14,float64,150000,200000,記述的評価,50000,0.002957202824741238,0.06519183449467666,0.03325996511943438,0.08018,0.00834,0.054723010317845995,0.13557777152888398,0.1075558663213407,6778.888576444198
C,1.001,0.054723010317845995,3,15,float64,0,200000,記述的評価,200000,-0.009268386681580632,0.057487859027124624,0.05366087228797345,0.06608,0.00647,0.054723010317845995,0.11092556792670759,0.1075558663213407,22185.113585341518
C,1.001,0.054723010317845995,3,15,float64,0,50000,記述的評価,50000,-0.011316351555455741,0.044686645522624746,0.08919868889666127,0.04936,0.00496,0.054723010317845995,0.08499252554088679,0.1075558663213407,4249.62627704434
C,1.001,0.054723010317845995,3,15,float64,50000,100000,記述的評価,50000,-0.012914179407231142,0.06963888490445147,0.07755560339175349,0.07524,0.00718,0.054723010317845995,0.12385832282537267,0.1075558663213407,6192.9161412686335
C,1.001,0.054723010317845995,3,15,float64,100000,150000,記述的評価,50000,-0.017601972902664794,0.065950448697101,0.1002657597671428,0.07842,0.00764,0.054723010317845995,0.1306564054655944,0.1075558663213407,6532.82027327972
C,1.001,0.054723010317845995,3,15,float64,150000,200000,記述的評価,50000,-0.0003626121768380523,0.05064215162890361,0.03983034395221313,0.0613,0.0061,0.054723010317845995,0.10419501787497643,0.1075558663213407,5209.750893748821
C,1.001,0.054723010317845995,3,16,float64,0,200000,記述的評価,200000,-0.0003120732035937619,0.053531397289459756,0.01823785999878008,0.067365,0.006805,0.054723010317845995,0.11514921954900638,0.1075558663213407,23029.843909801275
C,1.001,0.054723010317845995,3,16,float64,0,50000,記述的評価,50000,-0.003772615871561368,0.04777537227641301,0.05543605301440191,0.06196,0.00636,0.054723010317845995,0.10668648344498977,0.1075558663213407,5334.324172249489
C,1.001,0.054723010317845995,3,16,float64,50000,100000,記述的評価,50000,-0.017639925615311303,0.05791839714036619,0.11234426658510965,0.07412,0.00742,0.054723010317845995,0.12628593630666005,0.1075558663213407,6314.296815333002
C,1.001,0.054723010317845995,3,16,float64,100000,150000,記述的評価,50000,-0.0010511111060043732,0.05860832480993411,0.027117875222737342,0.06512,0.00628,0.054723010317845995,0.1099961546492851,0.1075558663213407,5499.8077324642545
C,1.001,0.054723010317845995,3,16,float64,150000,200000,記述的評価,50000,0.005477044689128744,0.04797997921189542,0.14183134210409376,0.06826,0.00716,0.054723010317845995,0.11762830379509051,0.1075558663213407,5881.415189754525
C,1.001,0.054723010317845995,3,17,float64,0,200000,記述的評価,200000,-0.004717263546830643,0.05566725628921613,0.049875722865516336,0.070425,0.00701,0.054723010317845995,0.11829236531700445,0.1075558663213407,23658.47306340089
C,1.001,0.054723010317845995,3,17,float64,0,50000,記述的評価,50000,-0.01511042337982792,0.06033805956230403,0.09404558950573216,0.0733,0.00738,0.054723010317845995,0.12255731479854493,0.1075558663213407,6127.865739927246
C,1.001,0.054723010317845995,3,17,float64,50000,100000,記述的評価,50000,0.005218754946323043,0.07063964743200193,0.048580472163689103,0.0864,0.00834,0.054723010317845995,0.1428741991932131,0.1075558663213407,7143.709959660655
C,1.001,0.054723010317845995,3,17,float64,100000,150000,記述的評価,50000,-0.0058348432731143846,0.05080311323246279,0.07420061309226439,0.05958,0.00616,0.054723010317845995,0.10212768214500187,0.1075558663213407,5106.384107250094
C,1.001,0.054723010317845995,3,17,float64,150000,200000,記述的評価,50000,-0.0008391165599351638,0.04159497345188537,0.10976938225328303,0.06242,0.00616,0.054723010317845995,0.10561026513125786,0.1075558663213407,5280.513256562893
C,1.001,0.054723010317845995,3,18,float64,0,200000,記述的評価,200000,0.00656954433961965,0.05483385851041311,0.05752930649570387,0.063725,0.006595,0.054723010317845995,0.10903118049921436,0.1075558663213407,21806.23609984287
C,1.001,0.054723010317845995,3,18,float64,0,50000,記述的評価,50000,0.006061395478084963,0.05600138733232336,0.042823696669703426,0.06554,0.00704,0.054723010317845995,0.11466563334662065,0.1075558663213407,5733.281667331033
C,1.001,0.054723010317845995,3,18,float64,50000,100000,記述的評価,50000,0.012328200067805446,0.04781738278467777,0.10307430649570387,0.05446,0.00524,0.054723010317845995,0.09153966167030943,0.1075558663213407,4576.983083515472
C,1.001,0.054723010317845995,3,18,float64,100000,150000,記述的評価,50000,0.007047563041641646,0.055737946481123166,0.07086765013986313,0.064,0.00654,0.054723010317845995,0.10761158353710114,0.1075558663213407,5380.579176855057
C,1.001,0.054723010317845995,3,18,float64,150000,200000,記述的評価,50000,0.0033769842171004682,0.061676596265336565,0.04843093261506226,0.0709,0.00756,0.054723010317845995,0.12230784344282622,0.1075558663213407,6115.392172141311
C,1.001,0.054723010317845995,3,19,float64,0,200000,記述的評価,200000,-0.008112059158355566,0.05702203936098717,0.06706079389559388,0.07006,0.006955,0.054723010317845995,0.11815058952226148,0.1075558663213407,23630.117904452298
C,1.001,0.054723010317845995,3,19,float64,0,50000,記述的評価,50000,-0.0050997161799923325,0.0638229446384024,0.060572162171371735,0.0752,0.0072,0.054723010317845995,0.12592195934921724,0.1075558663213407,6296.0979674608625
C,1.001,0.054723010317845995,3,19,float64,50000,100000,記述的評価,50000,-0.013050412905778545,0.05388021865845297,0.12165792255669988,0.06342,0.00636,0.054723010317845995,0.10750818966597793,0.1075558663213407,5375.409483298897
C,1.001,0.054723010317845995,3,19,float64,100000,150000,記述的評価,50000,0.0035217236810299625,0.06234228913358621,0.02979986213082908,0.07812,0.00804,0.054723010317845995,0.13217203652075704,0.1075558663213407,6608.601826037851
C,1.001,0.054723010317845995,3,19,float64,150000,200000,記述的評価,50000,-0.009076866095764465,0.04981553465626962,0.09823447297799348,0.0635,0.00622,0.054723010317845995,0.10700017255309392,0.1075558663213407,5350.008627654696
C,1.002,0.07732051980933523,4,0,float64,0,200000,記述的評価,200000,-0.0013997683814529172,0.07638461628915905,0.00908960528537539,0.061545,0.00624,0.07732051980933523,0.14736363097626579,0.15095191902001961,29472.726195253155
C,1.002,0.07732051980933523,4,0,float64,0,50000,記述的評価,50000,-0.01721449000703703,0.07994034297113234,0.0844857218989411,0.06786,0.00702,0.07732051980933523,0.16198517689153064,0.15095191902001961,8099.258844576531
C,1.002,0.07732051980933523,4,0,float64,50000,100000,記述的評価,50000,0.007859365365473365,0.059961466834545625,0.08711652149092275,0.05066,0.00476,0.07732051980933523,0.12072510330655717,0.15095191902001961,6036.255165327859
C,1.002,0.07732051980933523,4,0,float64,100000,150000,記述的評価,50000,0.0033488849720695085,0.08182057618707117,0.040491300931356,0.0637,0.00684,0.07732051980933523,0.15369721868057432,0.15095191902001961,7684.860934028716
C,1.002,0.07732051980933523,4,0,float64,150000,200000,記述的評価,50000,-0.005924940411290023,0.08259871312592257,0.032544977553969345,0.06396,0.00634,0.07732051980933523,0.15304702502640127,0.15095191902001961,7652.351251320063
C,1.002,0.07732051980933523,4,1,float64,0,200000,記述的評価,200000,0.002377743483213151,0.08116196773487268,0.01936131412592268,0.065075,0.00651,0.07732051980933523,0.15475504151941277,0.15095191902001961,30951.008303882554
C,1.002,0.07732051980933523,4,1,float64,0,50000,記述的評価,50000,0.0034753199084219403,0.0733699793105416,0.017168006196331742,0.06396,0.00634,0.07732051980933523,0.15186609457973355,0.15095191902001961,7593.304728986677
C,1.002,0.07732051980933523,4,1,float64,50000,100000,記述的評価,50000,-0.008499075429989622,0.06819706571844308,0.04297310831272022,0.05846,0.00586,0.07732051980933523,0.13840904974273818,0.15095191902001961,6920.4524871369085
C,1.002,0.07732051980933523,4,1,float64,100000,150000,記述的評価,50000,-0.0069339009133613655,0.08336305424588003,0.03480359185553017,0.06276,0.00664,0.07732051980933523,0.15032517900681655,0.15095191902001961,7516.258950340827
C,1.002,0.07732051980933523,4,1,float64,150000,200000,記述的評価,50000,0.014389927117060101,0.09902589366901518,0.0761388686227602,0.07512,0.0072,0.07732051980933523,0.17841984274836276,0.15095191902001961,8920.992137418138
C,1.002,0.07732051980933523,4,2,float64,0,200000,記述的評価,200000,-0.002011725489769402,0.08053807417847675,0.021609034007087136,0.06626,0.006465,0.07732051980933523,0.15626783365773447,0.15095191902001961,31253.566731546896
C,1.002,0.07732051980933523,4,2,float64,0,50000,記述的評価,50000,-0.008542772842788262,0.07346095303041691,0.056614467655156486,0.0607,0.00574,0.07732051980933523,0.14272465744642437,0.15095191902001961,7136.232872321219
C,1.002,0.07732051980933523,4,2,float64,50000,100000,記述的評価,50000,0.00604620906748834,0.08119653869543456,0.030697707704203325,0.06598,0.00606,0.07732051980933523,0.15460460354910752,0.15095191902001961,7730.230177455376
C,1.002,0.07732051980933523,4,2,float64,100000,150000,記述的評価,50000,-0.004809370159061835,0.09212931414507183,0.047705414501165555,0.07698,0.00782,0.07732051980933523,0.1819266583005717,0.15095191902001961,9096.332915028584
C,1.002,0.07732051980933523,4,2,float64,150000,200000,記述的評価,50000,-0.0023423617826585806,0.07594950070027838,0.06401901379099306,0.06138,0.00624,0.07732051980933523,0.1458154153348345,0.15095191902001961,7290.770766741724
C,1.002,0.07732051980933523,4,3,float64,0,200000,記述的評価,200000,-0.006943382158332064,0.07975210202712127,0.03356776604410949,0.06502,0.006555,0.07732051980933523,0.15457768051417922,0.15095191902001961,30915.536102835846
C,1.002,0.07732051980933523,4,3,float64,0,50000,記述的評価,50000,-0.01382823959013181,0.07436189126358773,0.08966278101938463,0.0622,0.00624,0.07732051980933523,0.146984370440855,0.15095191902001961,7349.21852204275
C,1.002,0.07732051980933523,4,3,float64,50000,100000,記述的評価,50000,0.008241833214736653,0.08137982316725897,0.0497427415651327,0.07158,0.00774,0.07732051980933523,0.17068389223524522,0.15095191902001961,8534.194611762261
C,1.002,0.07732051980933523,4,3,float64,100000,150000,記述的評価,50000,-0.007389949734097788,0.08767569757746102,0.034237568532754004,0.06282,0.0065,0.07732051980933523,0.15132140883517578,0.15095191902001961,7566.0704417587895
C,1.002,0.07732051980933523,4,3,float64,150000,200000,記述的評価,50000,-0.01215342229143345,0.07568520416299125,0.053560580530059854,0.06348,0.00574,0.07732051980933523,0.14932105054544104,0.15095191902001961,7466.0525272720515
C,1.002,0.07732051980933523,4,4,float64,0,200000,記述的評価,200000,-0.009141377364871524,0.08615896145739192,0.041850389571726876,0.068635,0.006685,0.07732051980933523,0.1618751715904083,0.15095191902001961,32375.03431808166
C,1.002,0.07732051980933523,4,4,float64,0,50000,記述的評価,50000,-0.0139037642771246,0.08503469340055084,0.057415841123703126,0.06972,0.0069,0.07732051980933523,0.16351831011503073,0.15095191902001961,8175.915505751536
C,1.002,0.07732051980933523,4,4,float64,50000,100000,記述的評価,50000,-0.016708552629998145,0.0816914205856526,0.11901538957172692,0.06852,0.00644,0.07732051980933523,0.1599153689647307,0.15095191902001961,7995.768448236535
C,1.002,0.07732051980933523,4,4,float64,100000,150000,記述的評価,50000,-0.005095827390026348,0.08218465297714025,0.02851574375663285,0.06018,0.00602,0.07732051980933523,0.1443957444379452,0.15095191902001961,7219.787221897261
C,1.002,0.07732051980933523,4,4,float64,150000,200000,記述的評価,50000,0.003852126233539815,0.09565694074412734,0.04295594420156523,0.07612,0.00738,0.07732051980933523,0.17967126284392668,0.15095191902001961,8983.563142196334
C,1.002,0.07732051980933523,4,5,float64,0,200000,記述的評価,200000,0.0005757863805922742,0.07613788895895493,0.01110559387173371,0.06245,0.006265,0.07732051980933523,0.14904393916757402,0.15095191902001961,29808.787833514805
C,1.002,0.07732051980933523,4,5,float64,0,50000,記述的評価,50000,-0.002439592406966769,0.07743625322878206,0.02813558099630664,0.05878,0.00574,0.07732051980933523,0.14122257940448957,0.15095191902001961,7061.1289702244785
C,1.002,0.07732051980933523,4,5,float64,50000,100000,記述的評価,50000,0.003808659296643463,0.0703487937302156,0.06422071554680425,0.05998,0.00578,0.07732051980933523,0.14390348897192146,0.15095191902001961,7195.174448596073
C,1.002,0.07732051980933523,4,5,float64,100000,150000,記述的評価,50000,-0.0013681042944768494,0.07403967290317676,0.018621999868958516,0.06728,0.00664,0.07732051980933523,0.15743666217402533,0.15095191902001961,7871.833108701266
C,1.002,0.07732051980933523,4,5,float64,150000,200000,記述的評価,50000,-0.011347040463085052,0.08152778945243194,0.05568793983639564,0.06376,0.0069,0.07732051980933523,0.1536130261198598,0.15095191902001961,7680.65130599299
C,1.002,0.07732051980933523,4,6,float64,0,200000,記述的評価,200000,0.0026381347813897622,0.07917574875182185,0.01311935613204207,0.064375,0.00653,0.07732051980933523,0.15429503947594336,0.15095191902001961,30859.007895188675
C,1.002,0.07732051980933523,4,6,float64,0,50000,記述的評価,50000,-0.00440838254876851,0.0994047638413625,0.06539672104239064,0.0788,0.00766,0.07732051980933523,0.1858695511384226,0.15095191902001961,9293.47755692113
C,1.002,0.07732051980933523,4,6,float64,50000,100000,記述的評価,50000,-0.005088337866836406,0.07226963060305186,0.02650978732185466,0.05768,0.00592,0.07732051980933523,0.14088208417629608,0.15095191902001961,7044.104208814804
C,1.002,0.07732051980933523,4,6,float64,100000,150000,記述的評価,50000,0.0010336394277608155,0.0699424015246818,0.04101401507000635,0.05884,0.00636,0.07732051980933523,0.14347157438454883,0.15095191902001961,7173.578719227442
C,1.002,0.07732051980933523,4,6,float64,150000,200000,記述的評価,50000,0.013506312260366228,0.07603911589620381,0.0620569589551388,0.06218,0.00618,0.07732051980933523,0.14695694820450594,0.15095191902001961,7347.847410225297
C,1.002,0.07732051980933523,4,7,float64,0,200000,記述的評価,200000,0.011536464836669844,0.07964474856490524,0.054739785038109,0.064595,0.006545,0.07732051980933523,0.1546487853270095,0.15095191902001961,30929.7570654019
C,1.002,0.07732051980933523,4,7,float64,0,50000,記述的評価,50000,0.005273603727813516,0.08057080498744293,0.05868478503810898,0.06484,0.00654,0.07732051980933523,0.15475333382549775,0.15095191902001961,7737.666691274888
C,1.002,0.07732051980933523,4,7,float64,50000,100000,記述的評価,50000,-0.012201293006498286,0.07012918177926067,0.05095362237730966,0.05924,0.00594,0.07732051980933523,0.14128001623690647,0.15095191902001961,7064.000811845323
C,1.002,0.07732051980933523,4,7,float64,100000,150000,記述的評価,50000,0.018629740089315297,0.07954218551708363,0.0824202287066007,0.06632,0.00666,0.07732051980933523,0.15900504580261618,0.15095191902001961,7950.252290130808
C,1.002,0.07732051980933523,4,7,float64,150000,200000,記述的評価,50000,0.02075104689354486,0.08923833712360543,0.12456754327378722,0.06798,0.00704,0.07732051980933523,0.1635567454430176,0.15095191902001961,8177.83727215088
C,1.002,0.07732051980933523,4,8,float64,0,200000,記述的評価,200000,-0.008208905597133657,0.08324021193571818,0.046123232743329245,0.06649,0.00673,0.07732051980933523,0.15817065456174817,0.15095191902001961,31634.130912349632
C,1.002,0.07732051980933523,4,8,float64,0,50000,記述的評価,50000,-0.02539292662559308,0.06980565078086934,0.12430664700165606,0.06078,0.00592,0.07732051980933523,0.14475674871987532,0.15095191902001961,7237.837435993765
C,1.002,0.07732051980933523,4,8,float64,50000,100000,記述的評価,50000,0.00500029586356647,0.07872732334887746,0.06464358826736055,0.06372,0.00614,0.07732051980933523,0.14978608691228884,0.15095191902001961,7489.304345614441
C,1.002,0.07732051980933523,4,8,float64,100000,150000,記述的評価,50000,0.012893872600588609,0.08467554513077881,0.058399352617971634,0.06904,0.0072,0.07732051980933523,0.16525911203027419,0.15095191902001961,8262.95560151371
C,1.002,0.07732051980933523,4,8,float64,150000,200000,記述的評価,50000,-0.027459353522288014,0.09385002087940109,0.11582955558318808,0.07242,0.00766,0.07732051980933523,0.17288067058455425,0.15095191902001961,8644.033529227712
C,1.002,0.07732051980933523,4,9,float64,0,200000,記述的評価,200000,0.010764290478165864,0.07538638129104797,0.05806323416176773,0.06182,0.00623,0.07732051980933523,0.1481238040680053,0.15095191902001961,29624.76081360106
C,1.002,0.07732051980933523,4,9,float64,0,50000,記述的評価,50000,0.008484835591059944,0.07302682913818326,0.05030616808852001,0.05554,0.00544,0.07732051980933523,0.13332814866971085,0.15095191902001961,6666.407433485543
C,1.002,0.07732051980933523,4,9,float64,50000,100000,記述的評価,50000,0.011818663101723826,0.08174098152405845,0.07752290447051291,0.0664,0.00676,0.07732051980933523,0.15910246745917397,0.15095191902001961,7955.123372958698
C,1.002,0.07732051980933523,4,9,float64,100000,150000,記述的評価,50000,0.0066931765770908425,0.0709396391549891,0.04102895180876487,0.06246,0.00686,0.07732051980933523,0.15048913134217634,0.15095191902001961,7524.456567108818
C,1.002,0.07732051980933523,4,9,float64,150000,200000,記述的評価,50000,0.016058359427783407,0.07565383998953512,0.07507413994490275,0.06288,0.00586,0.07732051980933523,0.1495754688009599,0.15095191902001961,7478.773440047995
C,1.002,0.07732051980933523,4,10,float64,0,200000,記述的評価,200000,0.003975398611332798,0.07356248871208937,0.019997068837149135,0.06122,0.005985,0.07732051980933523,0.14497440798512312,0.15095191902001961,28994.881597024625
C,1.002,0.07732051980933523,4,10,float64,0,50000,記述的評価,50000,0.013473579511341,0.07330714488237158,0.06280959028814143,0.06144,0.00566,0.07732051980933523,0.14369345113239115,0.15095191902001961,7184.672556619558
C,1.002,0.07732051980933523,4,10,float64,50000,100000,記述的評価,50000,0.012835879279244834,0.0857598244085231,0.06528747194688961,0.07292,0.00718,0.07732051980933523,0.17199703497361307,0.15095191902001961,8599.851748680654
C,1.002,0.07732051980933523,4,10,float64,100000,150000,記述的評価,50000,-0.009303426076284066,0.06976366078478984,0.06605834287890106,0.05532,0.0053,0.07732051980933523,0.13181766530559033,0.15095191902001961,6590.883265279517
C,1.002,0.07732051980933523,4,10,float64,150000,200000,記述的評価,50000,0.004039556257514652,0.06632520927530226,0.035210802956155085,0.0552,0.0058,0.07732051980933523,0.13238948052889793,0.15095191902001961,6619.4740264448965
C,1.002,0.07732051980933523,4,11,float64,0,200000,記述的評価,200000,0.00204557062663882,0.07950673080153467,0.011682927119010311,0.066105,0.006985,0.07732051980933523,0.1577188401549995,0.15095191902001961,31543.7680309999
C,1.002,0.07732051980933523,4,11,float64,0,50000,記述的評価,50000,-0.009662949709814898,0.07511832610211039,0.050294446455638686,0.06492,0.00678,0.07732051980933523,0.15526867256300203,0.15095191902001961,7763.433628150101
C,1.002,0.07732051980933523,4,11,float64,50000,100000,記述的評価,50000,0.02246679983309942,0.0867110042458687,0.10196009994884647,0.06588,0.00696,0.07732051980933523,0.15693067292136018,0.15095191902001961,7846.533646068009
C,1.002,0.07732051980933523,4,11,float64,100000,150000,記述的評価,50000,-0.0052396484603302465,0.0666680992951675,0.029776274957739823,0.06102,0.00632,0.07732051980933523,0.14329324084974793,0.15095191902001961,7164.662042487396
C,1.002,0.07732051980933523,4,11,float64,150000,200000,記述的評価,50000,0.0006589110308898851,0.08737806031011267,0.040050514968759554,0.0726,0.00788,0.07732051980933523,0.1753827742858879,0.15095191902001961,8769.138714294395
C,1.002,0.07732051980933523,4,12,float64,0,200000,記述的評価,200000,0.0028550495503231483,0.08162793812644897,0.02387377370607202,0.06644,0.00682,0.07732051980933523,0.15862100337922794,0.15095191902001961,31724.200675845586
C,1.002,0.07732051980933523,4,12,float64,0,50000,記述的評価,50000,-0.003745187765779744,0.08201457702256075,0.027530641729947236,0.06672,0.00698,0.07732051980933523,0.15824532404141944,0.15095191902001961,7912.266202070972
C,1.002,0.07732051980933523,4,12,float64,50000,100000,記述的評価,50000,-0.006314067735101639,0.06349863036037731,0.11492808494731421,0.0541,0.00556,0.07732051980933523,0.13046388975861128,0.15095191902001961,6523.194487930565
C,1.002,0.07732051980933523,4,12,float64,100000,150000,記述的評価,50000,0.019261281624233954,0.07825695177951311,0.09542176602447539,0.064,0.00624,0.07732051980933523,0.15208067963034153,0.15095191902001961,7604.033981517076
C,1.002,0.07732051980933523,4,12,float64,150000,200000,記述的評価,50000,0.019888602076248554,0.10165422338284162,0.08262303680528194,0.08094,0.0085,0.07732051980933523,0.19369412008653966,0.15095191902001961,9684.706004326983
C,1.002,0.07732051980933523,4,13,float64,0,200000,記述的評価,200000,0.0068975558447552385,0.07776623500492776,0.035431528413247926,0.062865,0.006395,0.07732051980933523,0.15051484709436883,0.15095191902001961,30102.969418873767
C,1.002,0.07732051980933523,4,13,float64,0,50000,記述的評価,50000,0.00851128058880693,0.07945326409120745,0.05089216130701524,0.06694,0.00644,0.07732051980933523,0.15809097023391,0.15095191902001961,7904.548511695501
C,1.002,0.07732051980933523,4,13,float64,50000,100000,記述的評価,50000,0.01134968566510948,0.0808063101828618,0.07268838794323967,0.06572,0.00656,0.07732051980933523,0.15710431269689,0.15095191902001961,7855.215634844499
C,1.002,0.07732051980933523,4,13,float64,100000,150000,記述的評価,50000,-0.008222278705879202,0.07150072701555144,0.05401735146734021,0.05436,0.00582,0.07732051980933523,0.13308358604347081,0.15095191902001961,6654.17930217354
C,1.002,0.07732051980933523,4,13,float64,150000,200000,記述的評価,50000,0.00896005183519474,0.0795772629403338,0.05015210653262442,0.06444,0.00676,0.07732051980933523,0.15378051940320445,0.15095191902001961,7689.025970160223
C,1.002,0.07732051980933523,4,14,float64,0,200000,記述的評価,200000,0.0041265741677675265,0.07447298795160257,0.026559780331183558,0.063725,0.00647,0.07732051980933523,0.15131746296798773,0.15095191902001961,30263.492593597544
C,1.002,0.07732051980933523,4,14,float64,0,50000,記述的評価,50000,-0.01697614327945972,0.07856320320578705,0.08674006298803771,0.06496,0.00636,0.07732051980933523,0.15326243193372888,0.15095191902001961,7663.121596686444
C,1.002,0.07732051980933523,4,14,float64,50000,100000,記述的評価,50000,0.015846835207195282,0.07891227627629878,0.08452836150984183,0.06934,0.00712,0.07732051980933523,0.16605983300704835,0.15095191902001961,8302.991650352418
C,1.002,0.07732051980933523,4,14,float64,100000,150000,記述的評価,50000,0.005648706009462703,0.06965114183838672,0.04339115560735901,0.06502,0.00668,0.07732051980933523,0.15312041305740332,0.15095191902001961,7656.020652870166
C,1.002,0.07732051980933523,4,14,float64,150000,200000,記述的評価,50000,0.009080158288096878,0.06907088466678563,0.05457875107855076,0.05558,0.00572,0.07732051980933523,0.13282717387377038,0.15095191902001961,6641.3586936885185
C,1.002,0.07732051980933523,4,15,float64,0,200000,記述的評価,200000,0.0004282693756015737,0.06856174576259416,0.03150296578380002,0.05781,0.005785,0.07732051980933523,0.13861748836112756,0.15095191902001961,27723.497672225512
C,1.002,0.07732051980933523,4,15,float64,0,50000,記述的評価,50000,0.012960829100742106,0.065536383805678,0.11440027222775939,0.05548,0.0056,0.07732051980933523,0.13398967583732752,0.15095191902001961,6699.483791866375
C,1.002,0.07732051980933523,4,15,float64,50000,100000,記述的評価,50000,-0.003643590255770943,0.07003695021040679,0.03864838532773357,0.0536,0.00514,0.07732051980933523,0.12891316898972843,0.15095191902001961,6445.658449486422
C,1.002,0.07732051980933523,4,15,float64,100000,150000,記述的評価,50000,0.0029591785071526903,0.06007268752832423,0.07622675638292181,0.05758,0.00576,0.07732051980933523,0.13595030205191225,0.15095191902001961,6797.515102595612
C,1.002,0.07732051980933523,4,15,float64,150000,200000,記述的評価,50000,-0.015155304646835314,0.07926644645743693,0.1271942917983524,0.06458,0.00664,0.07732051980933523,0.15561680656554205,0.15095191902001961,7780.840328277102
C,1.002,0.07732051980933523,4,16,float64,0,200000,記述的評価,200000,0.009180635982022463,0.0843790966487376,0.04423659187011231,0.067905,0.00666,0.07732051980933523,0.16014612286078383,0.15095191902001961,32029.224572156767
C,1.002,0.07732051980933523,4,16,float64,0,50000,記述的評価,50000,0.014717423045529286,0.08965002598021082,0.06196917700391924,0.07196,0.00726,0.07732051980933523,0.16938004756860056,0.15095191902001961,8469.002378430028
C,1.002,0.07732051980933523,4,16,float64,50000,100000,記述的評価,50000,-0.015701447004930074,0.08883626619222976,0.06764597256290955,0.07,0.0066,0.07732051980933523,0.16442019425224422,0.15095191902001961,8221.009712612211
C,1.002,0.07732051980933523,4,16,float64,100000,150000,記述的評価,50000,0.017638871438092583,0.07172634290735347,0.07469869925789624,0.05998,0.0063,0.07732051980933523,0.14312196172626998,0.15095191902001961,7156.098086313499
C,1.002,0.07732051980933523,4,16,float64,150000,200000,記述的評価,50000,0.013991048310936186,0.08627895303588831,0.05735852696051069,0.06968,0.00648,0.07732051980933523,0.16366228789602064,0.15095191902001961,8183.114394801031
C,1.002,0.07732051980933523,4,17,float64,0,200000,記述的評価,200000,0.007784839636002964,0.08335618147655782,0.04412656758934819,0.065215,0.00655,0.07732051980933523,0.1555746722537883,0.15095191902001961,31114.934450757657
C,1.002,0.07732051980933523,4,17,float64,0,50000,記述的評価,50000,0.02087850620572357,0.08596335569750446,0.08475297526489411,0.06248,0.00594,0.07732051980933523,0.1488969563948203,0.15095191902001961,7444.847819741015
C,1.002,0.07732051980933523,4,17,float64,50000,100000,記述的評価,50000,0.018201414536974235,0.07984420190001085,0.10047818375799683,0.06954,0.00724,0.07732051980933523,0.1661289234594272,0.15095191902001961,8306.44617297136
C,1.002,0.07732051980933523,4,17,float64,100000,150000,記述的評価,50000,0.004952222105663144,0.07769444818025742,0.040204180070188,0.06328,0.00612,0.07732051980933523,0.14924880395343285,0.15095191902001961,7462.440197671643
C,1.002,0.07732051980933523,4,17,float64,150000,200000,記述的評価,50000,-0.008373852819118599,0.08631423105975368,0.06097658897710412,0.06556,0.0069,0.07732051980933523,0.15802400520747287,0.15095191902001961,7901.200260373644
C,1.002,0.07732051980933523,4,18,float64,0,200000,記述的評価,200000,-0.01586501531819741,0.07621182193135187,0.0842566587944999,0.061255,0.006075,0.07732051980933523,0.14658880278297268,0.15095191902001961,29317.760556594538
C,1.002,0.07732051980933523,4,18,float64,0,50000,記述的評価,50000,-0.015493293681910181,0.058986297425546196,0.13270647252650025,0.04854,0.00468,0.07732051980933523,0.11730014308412157,0.15095191902001961,5865.007154206079
C,1.002,0.07732051980933523,4,18,float64,50000,100000,記述的評価,50000,-0.01584584218309789,0.08804383008987823,0.11697665879449987,0.07048,0.00762,0.07732051980933523,0.16811208418101975,0.15095191902001961,8405.604209050987
C,1.002,0.07732051980933523,4,18,float64,100000,150000,記述的評価,50000,0.0054475155319949845,0.08081271543463296,0.04433137881558458,0.06492,0.00664,0.07732051980933523,0.15734521367772483,0.15095191902001961,7867.260683886242
C,1.002,0.07732051980933523,4,18,float64,150000,200000,記述的評価,50000,-0.02907387415667132,0.07858521962049132,0.14929368905121776,0.06108,0.00536,0.07732051980933523,0.14359777018902467,0.15095191902001961,7179.888509451233
C,1.002,0.07732051980933523,4,19,float64,0,200000,記述的評価,200000,0.0016206860652417869,0.07102746327998323,0.02075457212061127,0.056995,0.005885,0.07732051980933523,0.13733305815319577,0.15095191902001961,27466.611630639152
C,1.002,0.07732051980933523,4,19,float64,0,50000,記述的評価,50000,-0.010768694249722568,0.06948662024066485,0.045752343438789644,0.05492,0.0058,0.07732051980933523,0.13490834114470837,0.15095191902001961,6745.417057235419
C,1.002,0.07732051980933523,4,19,float64,50000,100000,記述的評価,50000,-0.008221079147248374,0.0573362931811211,0.06714020363114204,0.051,0.0056,0.07732051980933523,0.12436985698067143,0.15095191902001961,6218.4928490335715
C,1.002,0.07732051980933523,4,19,float64,100000,150000,記述的評価,50000,-0.005107673698895723,0.0750381660874348,0.028930445142758665,0.0571,0.00564,0.07732051980933523,0.136423446473539,0.15095191902001961,6821.172323676949
C,1.002,0.07732051980933523,4,19,float64,150000,200000,記述的評価,50000,0.01379039023203641,0.08244232047379899,0.0857795075063168,0.06496,0.0065,0.07732051980933523,0.15363058801386423,0.15095191902001961,7681.529400693211
C,1.005,0.12192611348882824,5,0,float64,0,200000,記述的評価,200000,-0.00943969755693533,0.12282316330766274,0.038862288652290355,0.063655,0.00629,0.12192611348882824,0.23494191036067766,0.23508144636430392,46988.38207213553
C,1.005,0.12192611348882824,5,0,float64,0,50000,記述的評価,50000,-0.003520630689593358,0.11686242790595007,0.02276795216486538,0.06328,0.0061,0.12192611348882824,0.23208007934249078,0.23508144636430392,11604.00396712454
C,1.005,0.12192611348882824,5,0,float64,50000,100000,記述的評価,50000,-0.01412981884504064,0.14097113533922961,0.039057378859039815,0.0672,0.00606,0.12192611348882824,0.24747715691390443,0.23508144636430392,12373.857845695222
C,1.005,0.12192611348882824,5,0,float64,100000,150000,記述的評価,50000,-0.004903679566097806,0.12560744195656925,0.016090792140205035,0.06536,0.00664,0.12192611348882824,0.24066193380676387,0.23508144636430392,12033.096690338194
C,1.005,0.12192611348882824,5,0,float64,150000,200000,記述的評価,50000,-0.014776342824991606,0.10744005094645806,0.08643728865229039,0.05878,0.00636,0.12192611348882824,0.21954847137955133,0.23508144636430392,10977.423568977567
C,1.005,0.12192611348882824,5,1,float64,0,200000,記述的評価,200000,-0.0030786634390792917,0.11647939096443388,0.017886583603031636,0.06167,0.006395,0.12192611348882824,0.22973859884111392,0.23508144636430392,45947.719768222785
C,1.005,0.12192611348882824,5,1,float64,0,50000,記述的評価,50000,0.011231505166049698,0.11712169194134855,0.039203200159673546,0.05886,0.00598,0.12192611348882824,0.22023344937662573,0.23508144636430392,11011.672468831286
C,1.005,0.12192611348882824,5,1,float64,50000,100000,記述的評価,50000,-0.009942021092782213,0.1227092336055364,0.03297499765468659,0.06428,0.00672,0.12192611348882824,0.24171862876526617,0.23508144636430392,12085.93143826331
C,1.005,0.12192611348882824,5,1,float64,100000,150000,記述的評価,50000,0.003663047458191408,0.11396590099666172,0.024188504733114125,0.06342,0.0069,0.12192611348882824,0.23370105353450168,0.23508144636430392,11685.052676725085
C,1.005,0.12192611348882824,5,1,float64,150000,200000,記述的評価,50000,-0.014539648117609154,0.1115566650091959,0.058005891858597836,0.06012,0.00598,0.12192611348882824,0.22330126368806194,0.23508144636430392,11165.063184403098
C,1.005,0.12192611348882824,5,2,float64,0,200000,記述的評価,200000,0.0045830055067549716,0.12592724620324966,0.012274809029048872,0.065605,0.006625,0.12192611348882824,0.24280763498628916,0.23508144636430392,48561.52699725783
C,1.005,0.12192611348882824,5,2,float64,0,50000,記述的評価,50000,-0.0014499263096552795,0.12007543112046837,0.018811047475771336,0.0644,0.00634,0.12192611348882824,0.23652506351157904,0.23508144636430392,11826.253175578951
C,1.005,0.12192611348882824,5,2,float64,50000,100000,記述的評価,50000,-0.00352517693317652,0.13828902213959235,0.026212124253990554,0.06928,0.00644,0.12192611348882824,0.2527199064873027,0.23508144636430392,12635.995324365134
C,1.005,0.12192611348882824,5,2,float64,100000,150000,記述的評価,50000,0.01460443662283508,0.12783731083730954,0.06198350142914527,0.06566,0.007,0.12192611348882824,0.24543073636962381,0.23508144636430392,12271.53681848119
C,1.005,0.12192611348882824,5,2,float64,150000,200000,記述的評価,50000,0.0051044405750764535,0.11775426316888532,0.014030597965321856,0.06308,0.00672,0.12192611348882824,0.23655483357665086,0.23508144636430392,11827.741678832543
C,1.005,0.12192611348882824,5,3,float64,0,200000,記述的評価,200000,0.0002956884466739236,0.11302994702142358,0.013951182206690449,0.059345,0.005915,0.12192611348882824,0.2196850015541376,0.23508144636430392,43937.00031082752
C,1.005,0.12192611348882824,5,3,float64,0,50000,記述的評価,50000,0.004044837930269184,0.11093013287177494,0.02864542336781417,0.0588,0.00572,0.12192611348882824,0.21714324853835773,0.23508144636430392,10857.162426917886
C,1.005,0.12192611348882824,5,3,float64,50000,100000,記述的評価,50000,-0.013397705827808287,0.11547436844115737,0.04286946517037732,0.06166,0.00636,0.12192611348882824,0.22717032718128,0.23508144636430392,11358.516359064
C,1.005,0.12192611348882824,5,3,float64,100000,150000,記述的評価,50000,0.011215228456302458,0.12485087266171209,0.03329151811039399,0.06118,0.00602,0.12192611348882824,0.22777861442144168,0.23508144636430392,11388.930721072084
C,1.005,0.12192611348882824,5,3,float64,150000,200000,記述的評価,50000,0.0006155041658702956,0.09934884470816885,0.04254053903590038,0.05574,0.00556,0.12192611348882824,0.20664781607547103,0.23508144636430392,10332.390803773551
C,1.005,0.12192611348882824,5,4,float64,0,200000,記述的評価,200000,-0.0036589992523880822,0.12836098713052232,0.009990597879693641,0.06822,0.006755,0.12192611348882824,0.2500264679997678,0.23508144636430392,50005.29359995356
C,1.005,0.12192611348882824,5,4,float64,0,50000,記述的評価,50000,-0.0002924867110665381,0.12686879581525998,0.013621385228986399,0.06828,0.00666,0.12192611348882824,0.2500135498648883,0.23508144636430392,12500.677493244415
C,1.005,0.12192611348882824,5,4,float64,50000,100000,記述的評価,50000,-0.008764256186807477,0.1338617641799934,0.027798178514961136,0.07122,0.00748,0.12192611348882824,0.2601691062184433,0.23508144636430392,13008.455310922165
C,1.005,0.12192611348882824,5,4,float64,100000,150000,記述的評価,50000,-0.008363108765199488,0.1175529612631959,0.03715287158126307,0.06122,0.00612,0.12192611348882824,0.2267967267029997,0.23508144636430392,11339.836335149985
C,1.005,0.12192611348882824,5,4,float64,150000,200000,記述的評価,50000,0.010416947617971871,0.1358684986379075,0.028121174963289364,0.07216,0.00676,0.12192611348882824,0.26312648921274,0.23508144636430392,13156.324460637
C,1.005,0.12192611348882824,5,5,float64,0,200000,記述的評価,200000,0.0012197185012389955,0.11807320054053719,0.008523045381019778,0.061355,0.00633,0.12192611348882824,0.22889361704763994,0.23508144636430392,45778.723409527985
C,1.005,0.12192611348882824,5,5,float64,0,50000,記述的評価,50000,0.0024899853473497975,0.10628808099995582,0.031433855276079004,0.05652,0.00588,0.12192611348882824,0.21347238815806588,0.23508144636430392,10673.619407903294
C,1.005,0.12192611348882824,5,5,float64,50000,100000,記述的評価,50000,-0.001069780707933725,0.12219649345106481,0.010780252947028945,0.0654,0.00738,0.12192611348882824,0.2430420968582623,0.23508144636430392,12152.104842913115
C,1.005,0.12192611348882824,5,5,float64,100000,150000,記述的評価,50000,0.010824861387484619,0.1252402148943218,0.02869527597129029,0.06346,0.00626,0.12192611348882824,0.23650026694901943,0.23508144636430392,11825.013347450971
C,1.005,0.12192611348882824,5,5,float64,150000,200000,記述的評価,50000,-0.004342534881182396,0.11862868732121289,0.02296195135143364,0.06004,0.0058,0.12192611348882824,0.22255971622521226,0.23508144636430392,11127.985811260613
C,1.005,0.12192611348882824,5,6,float64,0,200000,記述的評価,200000,0.0021181842594796703,0.1314526338825592,0.024862537104556992,0.06714,0.0068,0.12192611348882824,0.24800328301064462,0.23508144636430392,49600.656602128925
C,1.005,0.12192611348882824,5,6,float64,0,50000,記述的評価,50000,-0.007686523247309628,0.1356609331016161,0.02188316019098191,0.0696,0.00734,0.12192611348882824,0.25817719631453306,0.23508144636430392,12908.859815726653
C,1.005,0.12192611348882824,5,6,float64,50000,100000,記述的評価,50000,0.0026798492594104703,0.12437865242331171,0.02447950682996547,0.06354,0.00666,0.12192611348882824,0.2355404132106472,0.23508144636430392,11777.02066053236
C,1.005,0.12192611348882824,5,6,float64,100000,150000,記述的評価,50000,-0.003450747608069382,0.12232137284433327,0.01689655671561907,0.0629,0.00552,0.12192611348882824,0.2303960800851999,0.23508144636430392,11519.804004259995
C,1.005,0.12192611348882824,5,6,float64,150000,200000,記述的評価,50000,0.0203697509893715,0.14394505056756227,0.057618853280330895,0.07252,0.00768,0.12192611348882824,0.2678994424321983,0.23508144636430392,13394.972121609915
C,1.005,0.12192611348882824,5,7,float64,0,200000,記述的評価,200000,0.01001237087632982,0.13076053226667417,0.02628593753170161,0.066115,0.006575,0.12192611348882824,0.24458170819095565,0.23508144636430392,48916.34163819113
C,1.005,0.12192611348882824,5,7,float64,0,50000,記述的評価,50000,-0.0007820872653388528,0.13178125929941245,0.01780581265455139,0.06744,0.00682,0.12192611348882824,0.24944386471749297,0.23508144636430392,12472.193235874649
C,1.005,0.12192611348882824,5,7,float64,50000,100000,記述的評価,50000,0.022352411273800332,0.13668155753179984,0.06583697227389151,0.06956,0.0069,0.12192611348882824,0.2557131187711499,0.23508144636430392,12785.655938557495
C,1.005,0.12192611348882824,5,7,float64,100000,150000,記述的評価,50000,-0.008415547642110385,0.11759733787904178,0.023608313386968727,0.0578,0.00566,0.12192611348882824,0.21724688678714857,0.23508144636430392,10862.344339357429
C,1.005,0.12192611348882824,5,7,float64,150000,200000,記述的評価,50000,0.017792833394735606,0.13712285635577937,0.05320006908696018,0.06966,0.00692,0.12192611348882824,0.2559229624880314,0.23508144636430392,12796.148124401572
C,1.005,0.12192611348882824,5,8,float64,0,200000,記述的評価,200000,-0.0040498141076148195,0.11612724879273706,0.023713892755415578,0.059825,0.006065,0.12192611348882824,0.22175071052950196,0.23508144636430392,44350.14210590039
C,1.005,0.12192611348882824,5,8,float64,0,50000,記述的評価,50000,0.0022242791625267638,0.10730138710029388,0.03485571165843959,0.05618,0.00558,0.12192611348882824,0.2090655834043885,0.23508144636430392,10453.279170219424
C,1.005,0.12192611348882824,5,8,float64,50000,100000,記述的評価,50000,-0.017247285766671547,0.1305669857000192,0.05120225674915296,0.067,0.00704,0.12192611348882824,0.24702712983137828,0.23508144636430392,12351.356491568915
C,1.005,0.12192611348882824,5,8,float64,100000,150000,記述的評価,50000,-0.010787380445369327,0.11899911407182512,0.03047555124188467,0.0616,0.00626,0.12192611348882824,0.2277058427199924,0.23508144636430392,11385.29213599962
C,1.005,0.12192611348882824,5,8,float64,150000,200000,記述的評価,50000,0.002392574102759412,0.10720221876772296,0.03673914765627634,0.05452,0.00538,0.12192611348882824,0.2032042861622484,0.23508144636430392,10160.21430811242
C,1.005,0.12192611348882824,5,9,float64,0,200000,記述的評価,200000,-0.006374340502680303,0.12217844003351955,0.02367861669805943,0.063745,0.006355,0.12192611348882824,0.23570180626457343,0.23508144636430392,47140.361252914685
C,1.005,0.12192611348882824,5,9,float64,0,50000,記述的評価,50000,-0.007719093097761489,0.10934956295331014,0.04044762044513733,0.06138,0.0065,0.12192611348882824,0.228751517596339,0.23508144636430392,11437.57587981695
C,1.005,0.12192611348882824,5,9,float64,50000,100000,記述的評価,50000,-0.004225414467491062,0.13739958029596394,0.024359059865095067,0.06756,0.00662,0.12192611348882824,0.2508794758906635,0.23508144636430392,12543.973794533176
C,1.005,0.12192611348882824,5,9,float64,100000,150000,記述的評価,50000,-0.0046508279278775645,0.12921752677677117,0.017893648009733976,0.06388,0.00592,0.12192611348882824,0.23603117009417948,0.23508144636430392,11801.558504708973
C,1.005,0.12192611348882824,5,9,float64,150000,200000,記述的評価,50000,-0.009691375397756576,0.1128252482524863,0.03149496579933231,0.06216,0.00638,0.12192611348882824,0.22714506147711166,0.23508144636430392,11357.253073855583
C,1.005,0.12192611348882824,5,10,float64,0,200000,記述的評価,200000,-0.0006879763250476458,0.117778518473129,0.017178598910924603,0.0628,0.006465,0.12192611348882824,0.23353789920258353,0.23508144636430392,46707.57984051671
C,1.005,0.12192611348882824,5,10,float64,0,50000,記述的評価,50000,-0.002011982287749894,0.11945000741335128,0.021382456758645918,0.06388,0.00678,0.12192611348882824,0.23642887953577596,0.23508144636430392,11821.443976788798
C,1.005,0.12192611348882824,5,10,float64,50000,100000,記述的評価,50000,0.0005182329282132961,0.11065111596315003,0.03627475674748104,0.05904,0.00596,0.12192611348882824,0.22095096880899157,0.23508144636430392,11047.548440449578
C,1.005,0.12192611348882824,5,10,float64,100000,150000,記述的評価,50000,0.011025760717004895,0.12967558511821575,0.03295373335834817,0.06778,0.00678,0.12192611348882824,0.250336213275553,0.23508144636430392,12516.810663777651
C,1.005,0.12192611348882824,5,10,float64,150000,200000,記述的評価,50000,-0.006979146747470907,0.11127177520299308,0.03273452442157243,0.0605,0.00634,0.12192611348882824,0.22643553519001347,0.23508144636430392,11321.776759500674
C,1.005,0.12192611348882824,5,11,float64,0,200000,記述的評価,200000,0.005026584161005997,0.12088818258251655,0.020365566859378403,0.063055,0.006235,0.12192611348882824,0.23322058979675633,0.23508144636430392,46644.117959351264
C,1.005,0.12192611348882824,5,11,float64,0,50000,記述的評価,50000,0.0024837161287978,0.1256506678981933,0.03504902416262479,0.06416,0.0063,0.12192611348882824,0.2365055428413595,0.23508144636430392,11825.277142067975
C,1.005,0.12192611348882824,5,11,float64,50000,100000,記述的評価,50000,0.0038208562519615537,0.11222737695896404,0.023630714244669893,0.0612,0.00566,0.12192611348882824,0.22578351656554366,0.23508144636430392,11289.175828277183
C,1.005,0.12192611348882824,5,11,float64,100000,150000,記述的評価,50000,0.002531707545067573,0.12074999409812462,0.026640215726761285,0.0612,0.00608,0.12192611348882824,0.22569219241815944,0.23508144636430392,11284.609620907971
C,1.005,0.12192611348882824,5,11,float64,150000,200000,記述的評価,50000,0.012847114758667563,0.12528029145612202,0.04389827352484116,0.06566,0.0069,0.12192611348882824,0.24490110736196288,0.23508144636430392,12245.055368098145
C,1.005,0.12192611348882824,5,12,float64,0,200000,記述的評価,200000,-0.010280869754840844,0.12209290181026371,0.031912019414233606,0.065045,0.006895,0.12192611348882824,0.2423861988543977,0.23508144636430392,48477.23977087954
C,1.005,0.12192611348882824,5,12,float64,0,50000,記述的評価,50000,-0.014628764020238669,0.11477989706616377,0.06913055156248676,0.06048,0.00652,0.12192611348882824,0.22753169776756832,0.23508144636430392,11376.584888378417
C,1.005,0.12192611348882824,5,12,float64,50000,100000,記述的評価,50000,-0.011213766833486459,0.13549533851403353,0.042912702971331484,0.06852,0.00772,0.12192611348882824,0.2589025806813128,0.23508144636430392,12945.129034065638
C,1.005,0.12192611348882824,5,12,float64,100000,150000,記述的評価,50000,-0.017681121221404646,0.10255887960153949,0.09035413943646042,0.05614,0.00616,0.12192611348882824,0.21115697335908193,0.23508144636430392,10557.848667954097
C,1.005,0.12192611348882824,5,12,float64,150000,200000,記述的評価,50000,0.019792320591255,0.13621340596924897,0.055296906452225125,0.07504,0.00718,0.12192611348882824,0.2719535436096282,0.23508144636430392,13597.677180481409
C,1.005,0.12192611348882824,5,13,float64,0,200000,記述的評価,200000,-0.004164912777996822,0.1228181834974407,0.012093453334330762,0.064105,0.006445,0.12192611348882824,0.23741296457445674,0.23508144636430392,47482.59291489135
C,1.005,0.12192611348882824,5,13,float64,0,50000,記述的評価,50000,-0.015392571620427726,0.1176445223986682,0.06508523275813066,0.06262,0.00668,0.12192611348882824,0.2342831071817006,0.23508144636430392,11714.155359085029
C,1.005,0.12192611348882824,5,13,float64,50000,100000,記述的評価,50000,0.018837973660932546,0.11675203988528811,0.05874508681189489,0.06244,0.00666,0.12192611348882824,0.23318034353736236,0.23508144636430392,11659.017176868118
C,1.005,0.12192611348882824,5,13,float64,100000,150000,記述的評価,50000,-0.004246247150331037,0.13477750768638988,0.021769517370316516,0.07014,0.00662,0.12192611348882824,0.2571111534864796,0.23508144636430392,12855.55767432398
C,1.005,0.12192611348882824,5,13,float64,150000,200000,記述的評価,50000,-0.005572116985719121,0.12096566747035993,0.021728557269101945,0.06122,0.00582,0.12192611348882824,0.22507725409228452,0.23508144636430392,11253.862704614226
C,1.005,0.12192611348882824,5,14,float64,0,200000,記述的評価,200000,-0.0024032432553266385,0.12756529706819297,0.011715752706242144,0.067275,0.006415,0.12192611348882824,0.24589013703114884,0.23508144636430392,49178.02740622977
C,1.005,0.12192611348882824,5,14,float64,0,50000,記述的評価,50000,0.02007979391296171,0.11415944681238684,0.07395478232186231,0.06082,0.00594,0.12192611348882824,0.2250620588558143,0.23508144636430392,11253.102942790714
C,1.005,0.12192611348882824,5,14,float64,50000,100000,記述的評価,50000,0.011651052094905566,0.13675045957155701,0.0388605024248776,0.07114,0.00668,0.12192611348882824,0.25864554104501725,0.23508144636430392,12932.277052250864
C,1.005,0.12192611348882824,5,14,float64,100000,150000,記述的評価,50000,-0.033011045426562996,0.12791835602438362,0.11286215613389228,0.06956,0.00654,0.12192611348882824,0.2529001745532435,0.23508144636430392,12645.008727662174
C,1.005,0.12192611348882824,5,14,float64,150000,200000,記述的評価,50000,-0.0037091199817801384,0.12690232915382008,0.023224116320632704,0.06758,0.0065,0.12192611348882824,0.24695277367052032,0.23508144636430392,12347.638683526016
C,1.005,0.12192611348882824,5,15,float64,0,200000,記述的評価,200000,-0.007546342579566554,0.12619042159452004,0.02201972009024289,0.06516,0.006465,0.12192611348882824,0.2409302500777792,0.23508144636430392,48186.05001555584
C,1.005,0.12192611348882824,5,15,float64,0,50000,記述的評価,50000,-0.018947089035831158,0.12940333780026322,0.055992510345405255,0.06566,0.0064,0.12192611348882824,0.2428646090955871,0.23508144636430392,12143.230454779356
C,1.005,0.12192611348882824,5,15,float64,50000,100000,記述的評価,50000,0.003339969523983395,0.12248571517730569,0.014167739356651166,0.06352,0.0058,0.12192611348882824,0.232687568236499,0.23508144636430392,11634.37841182495
C,1.005,0.12192611348882824,5,15,float64,100000,150000,記述的評価,50000,-0.000775855203473335,0.12241362338744342,0.007898915506480697,0.0633,0.0062,0.12192611348882824,0.2345225121766102,0.23508144636430392,11726.125608830509
C,1.005,0.12192611348882824,5,15,float64,150000,200000,記述的評価,50000,-0.00954638165543063,0.13021225563072084,0.026169579881978267,0.06816,0.00746,0.12192611348882824,0.25364631080242067,0.23508144636430392,12682.315540121033
C,1.005,0.12192611348882824,5,16,float64,0,200000,記述的評価,200000,0.005717228423010218,0.11914592774989913,0.017784431641851672,0.06178,0.006295,0.12192611348882824,0.22940137777361178,0.23508144636430392,45880.27555472236
C,1.005,0.12192611348882824,5,16,float64,0,50000,記述的評価,50000,0.00895029314843183,0.11678104210518739,0.044752543735922634,0.06158,0.00642,0.12192611348882824,0.227541818619277,0.23508144636430392,11377.09093096385
C,1.005,0.12192611348882824,5,16,float64,50000,100000,記述的評価,50000,-0.0015931632875974787,0.11341675046946145,0.01783178397911178,0.0569,0.00572,0.12192611348882824,0.21445093801544218,0.23508144636430392,10722.54690077211
C,1.005,0.12192611348882824,5,16,float64,100000,150000,記述的評価,50000,0.014011856006201525,0.12586761344269748,0.03776770791689715,0.06766,0.00688,0.12192611348882824,0.24929674383115255,0.23508144636430392,12464.837191557628
C,1.005,0.12192611348882824,5,16,float64,150000,200000,記述的評価,50000,-0.0016953470198529915,0.12076581770882616,0.0086972996608633,0.06098,0.00616,0.12192611348882824,0.22631601062857587,0.23508144636430392,11315.800531428793
C,1.005,0.12192611348882824,5,17,float64,0,200000,記述的評価,200000,-0.00800878789197792,0.11631091915171654,0.021031794228477174,0.062985,0.00643,0.12192611348882824,0.23321697061746596,0.23508144636430392,46643.39412349319
C,1.005,0.12192611348882824,5,17,float64,0,50000,記述的評価,50000,0.0231263128698476,0.12766852486948088,0.06228433859172555,0.06786,0.00762,0.12192611348882824,0.2524503869208766,0.23508144636430392,12622.519346043831
C,1.005,0.12192611348882824,5,17,float64,50000,100000,記述的評価,50000,-0.011628973744720134,0.11827644104743112,0.03684962049252222,0.06478,0.00654,0.12192611348882824,0.23839823935055995,0.23508144636430392,11919.911967527998
C,1.005,0.12192611348882824,5,17,float64,100000,150000,記述的評価,50000,-0.007236463312640123,0.10702436201726609,0.03368727403947769,0.0587,0.00592,0.12192611348882824,0.22077197517191235,0.23508144636430392,11038.598758595617
C,1.005,0.12192611348882824,5,17,float64,150000,200000,記述的評価,50000,-0.01881223881111841,0.11156011607609632,0.054979923365698125,0.0606,0.00564,0.12192611348882824,0.22124728102651509,0.23508144636430392,11062.364051325754
C,1.005,0.12192611348882824,5,18,float64,0,200000,記述的評価,200000,-0.00936344194363668,0.12145107697128713,0.026929108884021336,0.062655,0.006235,0.12192611348882824,0.23233963451944772,0.23508144636430392,46467.92690388954
C,1.005,0.12192611348882824,5,18,float64,0,50000,記述的評価,50000,-0.017314233286177417,0.13458096612843534,0.04841258756141864,0.06818,0.00654,0.12192611348882824,0.2507738367286016,0.23508144636430392,12538.69183643008
C,1.005,0.12192611348882824,5,18,float64,50000,100000,記述的評価,50000,0.017622276884306134,0.13307632636619565,0.056339158014434676,0.06528,0.00688,0.12192611348882824,0.24491681568420595,0.23508144636430392,12245.840784210297
C,1.005,0.12192611348882824,5,18,float64,100000,150000,記述的評価,50000,-0.010744507108273094,0.11039440241143399,0.053291366839300136,0.06092,0.00618,0.12192611348882824,0.2244902689275317,0.23508144636430392,11224.513446376586
C,1.005,0.12192611348882824,5,18,float64,150000,200000,記述的評価,50000,-0.011073989108361416,0.10507475766366044,0.05838222606541632,0.05624,0.00534,0.12192611348882824,0.2091776167374516,0.23508144636430392,10458.88083687258
C,1.005,0.12192611348882824,5,19,float64,0,200000,記述的評価,200000,-0.0035988274940808064,0.12203908139586328,0.010523363597791546,0.063285,0.006125,0.12192611348882824,0.23387863790913227,0.23508144636430392,46775.72758182645
C,1.005,0.12192611348882824,5,19,float64,0,50000,記述的評価,50000,-0.005193220291765612,0.11905676893751188,0.016089369284469912,0.062,0.0066,0.12192611348882824,0.2329472761245468,0.23508144636430392,11647.36380622734
C,1.005,0.12192611348882824,5,19,float64,50000,100000,記述的評価,50000,0.006123717618270255,0.13626903050962752,0.034923650753525104,0.07014,0.00672,0.12192611348882824,0.2559214524934891,0.23508144636430392,12796.072624674453
C,1.005,0.12192611348882824,5,19,float64,100000,150000,記述的評価,50000,-0.009473122318959058,0.11681117743414586,0.02511885439806799,0.05876,0.00548,0.12192611348882824,0.21789119645038588,0.23508144636430392,10894.559822519293
C,1.005,0.12192611348882824,5,19,float64,150000,200000,記述的評価,50000,-0.0008772538044714956,0.1162128173490803,0.020683995947396394,0.06224,0.0057,0.12192611348882824,0.2287546265681069,0.23508144636430392,11437.731328405345
C,1.01,0.17166177927933182,6,0,float64,0,200000,記述的評価,200000,-0.003808033655175764,0.1781196774123279,0.014555906489887416,0.06492,0.00618,0.17166177927933182,0.33173277745265384,0.32679646140062063,66346.55549053077
C,1.01,0.17166177927933182,6,0,float64,0,50000,記述的評価,50000,0.014155564718131428,0.17109848993975396,0.029341284005498902,0.06278,0.00546,0.17166177927933182,0.3169469279424887,0.32679646140062063,15847.346397124435
C,1.01,0.17166177927933182,6,0,float64,50000,100000,記述的評価,50000,0.002023638097686249,0.17913310340159322,0.009221676376796495,0.06588,0.0066,0.17166177927933182,0.3410679539235467,0.32679646140062063,17053.397696177337
C,1.01,0.17166177927933182,6,0,float64,100000,150000,記述的評価,50000,-0.0247229678620684,0.1730894596455056,0.04920303868484205,0.06066,0.006,0.17166177927933182,0.3176664880658445,0.32679646140062063,15883.324403292225
C,1.01,0.17166177927933182,6,0,float64,150000,200000,記述的評価,50000,-0.0057898522524500095,0.18970312312849555,0.02184266733681295,0.07036,0.00666,0.17166177927933182,0.3512497398787352,0.32679646140062063,17562.48699393676
C,1.01,0.17166177927933182,6,0,float32,0,200000,記述的評価,200000,-0.0012005864409729838,0.19699640572071075,0.05834361481328465,0.06907,0.00601,0.17166177927933182,0.36134802600844634,0.32679646140062063,72269.60520168926
C,1.01,0.17166177927933182,6,0,float32,0,50000,記述的評価,50000,0.008883851580321789,0.19619322568178177,0.05567889222678679,0.06956,0.00602,0.17166177927933182,0.3603034794871168,0.32679646140062063,18015.17397435584
C,1.01,0.17166177927933182,6,0,float32,50000,100000,記述的評価,50000,-0.0013800536980852485,0.1940852701663971,0.057332252052334276,0.0682,0.0059,0.17166177927933182,0.35782997508295894,0.32679646140062063,17891.498754147946
C,1.01,0.17166177927933182,6,0,float32,100000,150000,記述的評価,50000,-0.0013328325585462153,0.1979389190673828,0.06211861481328462,0.0692,0.00602,0.17166177927933182,0.36310454770253514,0.32679646140062063,18155.227385126756
C,1.01,0.17166177927933182,6,0,float32,150000,200000,記述的評価,50000,-0.001464960747398436,0.19955381751060486,0.05825861481328465,0.06932,0.0061,0.17166177927933182,0.3641541017611741,0.32679646140062063,18207.705088058705
C,1.01,0.17166177927933182,6,1,float64,0,200000,記述的評価,200000,0.007849956060382426,0.17518353586843619,0.015813043795390336,0.064695,0.006345,0.17166177927933182,0.33281565724541834,0.32679646140062063,66563.13144908367
C,1.01,0.17166177927933182,6,1,float64,0,50000,記述的評価,50000,-0.0033765766383147483,0.1691630669055168,0.012577042430278351,0.06448,0.00608,0.17166177927933182,0.32673872410062615,0.32679646140062063,16336.936205031307
C,1.01,0.17166177927933182,6,1,float64,50000,100000,記述的評価,50000,0.009238877654714954,0.1834816338157415,0.027800469782531034,0.06664,0.00618,0.17166177927933182,0.34068079487175923,0.32679646140062063,17034.03974358796
C,1.01,0.17166177927933182,6,1,float64,100000,150000,記述的評価,50000,-0.006700152115779538,0.17277218829708207,0.016946637653409313,0.06542,0.00688,0.17166177927933182,0.33875224669133863,0.32679646140062063,16937.612334566933
C,1.01,0.17166177927933182,6,1,float64,150000,200000,記述的評価,50000,0.02643649801091348,0.17398595519463378,0.06106709709019653,0.06224,0.00624,0.17166177927933182,0.32509086331794934,0.32679646140062063,16254.543165897467
C,1.01,0.17166177927933182,6,1,float32,0,200000,記述的評価,200000,0.0013130696024745703,0.1914464458823204,0.047171845008735225,0.067535,0.00598,0.17166177927933182,0.3516919819048321,0.32679646140062063,70338.39638096641
C,1.01,0.17166177927933182,6,1,float32,0,50000,記述的評価,50000,0.002735198359005153,0.1749087255448103,0.013250902888586158,0.0636,0.00592,0.17166177927933182,0.3239466241393449,0.32679646140062063,16197.331206967245
C,1.01,0.17166177927933182,6,1,float32,50000,100000,記述的評価,50000,0.0011087177554145455,0.19868402928113937,0.06277889222678673,0.06944,0.00606,0.17166177927933182,0.36302667659519444,0.32679646140062063,18151.333829759722
C,1.01,0.17166177927933182,6,1,float32,100000,150000,記述的評価,50000,0.001339463982731104,0.197947658598423,0.05951861481328463,0.06902,0.00604,0.17166177927933182,0.3624150457148952,0.32679646140062063,18120.75228574476
C,1.01,0.17166177927933182,6,1,float32,150000,200000,記述的評価,50000,0.0014008249272592366,0.19370978325605392,0.056892252052334225,0.06808,0.0059,0.17166177927933182,0.35737958116989377,0.32679646140062063,17868.97905849469
C,1.01,0.17166177927933182,6,2,float64,0,200000,記述的評価,200000,-0.002035139619928191,0.17014099710402522,0.010305810573961738,0.062615,0.006325,0.17166177927933182,0.32484455087482,0.32679646140062063,64968.910174963996
C,1.01,0.17166177927933182,6,2,float64,0,50000,記述的評価,50000,0.020227466249059023,0.1827699784728406,0.041503566204823816,0.06648,0.0066,0.17166177927933182,0.34054702152634714,0.32679646140062063,17027.351076317358
C,1.01,0.17166177927933182,6,2,float64,50000,100000,記述的評価,50000,0.0006967202534844329,0.17344942466351682,0.01378125833335242,0.06278,0.00614,0.17166177927933182,0.3246472655105762,0.32679646140062063,16232.36327552881
C,1.01,0.17166177927933182,6,2,float64,100000,150000,記述的評価,50000,-0.012149651651220759,0.15261696145038767,0.04245549971923146,0.05918,0.00618,0.17166177927933182,0.3077323442545268,0.32679646140062063,15386.61721272634
C,1.01,0.17166177927933182,6,2,float64,150000,200000,記述的評価,50000,-0.004877877551781642,0.1709557456730483,0.030148091611563843,0.06202,0.00638,0.17166177927933182,0.32645157220783005,0.32679646140062063,16322.578610391502
C,1.01,0.17166177927933182,6,2,float32,0,200000,記述的評価,200000,-0.007417201995849609,0.15016869455575943,0.024447978374903645,0.0489,0.006595,0.17166177927933182,0.2936626591308471,0.32679646140062063,58732.53182616942
C,1.01,0.17166177927933182,6,2,float32,0,50000,記述的評価,50000,0.007953350432217121,0.15172319114208221,0.02458855516004199,0.0495,0.0067,0.17166177927933182,0.2967235851794927,0.32679646140062063,14836.179258974635
C,1.01,0.17166177927933182,6,2,float32,50000,100000,記述的評価,50000,-0.00896462146192789,0.15011711604893208,0.028648555160041944,0.04884,0.0066,0.17166177927933182,0.2934733162808604,0.32679646140062063,14673.665814043019
C,1.01,0.17166177927933182,6,2,float32,100000,150000,記述的評価,50000,0.009145315736532211,0.14955587685108185,0.029448555160042023,0.04864,0.00652,0.17166177927933182,0.2923040247936304,0.32679646140062063,14615.201239681519
C,1.01,0.17166177927933182,6,2,float32,150000,200000,記述的評価,50000,-0.00896462146192789,0.15008601546287537,0.028748555160041933,0.04862,0.00656,0.17166177927933182,0.2921497102694049,0.32679646140062063,14607.485513470245
C,1.01,0.17166177927933182,6,3,float64,0,200000,記述的評価,200000,0.0013944668219443594,0.16257876916506322,0.013356930807815082,0.060325,0.00542,0.17166177927933182,0.30698303943853444,0.32679646140062063,61396.607887706894
C,1.01,0.17166177927933182,6,3,float64,0,50000,記述的評価,50000,-0.00010211153316397274,0.16116090636078073,0.023473076109558733,0.06258,0.00542,0.17166177927933182,0.312103461795271,0.32679646140062063,15605.17308976355
C,1.01,0.17166177927933182,6,3,float64,50000,100000,記述的評価,50000,0.0015374044915517707,0.16486792843783435,0.013493009292526559,0.06196,0.00608,0.17166177927933182,0.31665527722651915,0.32679646140062063,15832.763861325959
C,1.01,0.17166177927933182,6,3,float64,100000,150000,記述的評価,50000,0.01057317823077114,0.16321504527181946,0.043227332233612026,0.05918,0.00504,0.17166177927933182,0.3023080906008483,0.32679646140062063,15115.404530042413
C,1.01,0.17166177927933182,6,3,float64,150000,200000,記述的評価,50000,-0.011921619224618034,0.16092263094408782,0.030331617614966278,0.05758,0.00514,0.17166177927933182,0.29686532813149946,0.32679646140062063,14843.266406574974
C,1.01,0.17166177927933182,6,3,float32,0,200000,記述的評価,200000,-0.0013262011343613267,0.19699329882860184,0.059142252052334254,0.068805,0.005985,0.17166177927933182,0.3607205579727079,0.32679646140062063,72144.11159454158
C,1.01,0.17166177927933182,6,3,float32,0,50000,記述的評価,50000,-0.0011652758112177253,0.19682113826274872,0.059572252052334185,0.06888,0.006,0.17166177927933182,0.359788418676419,0.32679646140062063,17989.420933820948
C,1.01,0.17166177927933182,6,3,float32,50000,100000,記述的評価,50000,-0.0015093539841473103,0.1937408745288849,0.0560986148132846,0.06814,0.00592,0.17166177927933182,0.35787086587384837,0.32679646140062063,17893.54329369242
C,1.01,0.17166177927933182,6,3,float32,100000,150000,記述的評価,50000,-0.0011769291013479233,0.19708526134490967,0.06315225205233421,0.06884,0.00594,0.17166177927933182,0.3613601849211693,0.32679646140062063,18068.009246058464
C,1.01,0.17166177927933182,6,3,float32,150000,200000,記述的評価,50000,-0.001464960747398436,0.19852446019649506,0.05775861481328459,0.06936,0.00608,0.17166177927933182,0.3638627624193951,0.32679646140062063,18193.138120969754
C,1.01,0.17166177927933182,6,4,float64,0,200000,記述的評価,200000,-0.0065400347552073985,0.1715752571919693,0.01506328934515816,0.064375,0.00623,0.17166177927933182,0.3291132992640829,0.32679646140062063,65822.65985281658
C,1.01,0.17166177927933182,6,4,float64,0,50000,記述的評価,50000,-0.018326180005351134,0.17315672223467826,0.0451500440962721,0.0645,0.00606,0.17166177927933182,0.3288984479321652,0.32679646140062063,16444.92239660826
C,1.01,0.17166177927933182,6,4,float64,50000,100000,記述的評価,50000,-0.0274066561039798,0.1744282251335862,0.05353387103334484,0.06472,0.0066,0.17166177927933182,0.33340352642051196,0.32679646140062063,16670.1763210256
C,1.01,0.17166177927933182,6,4,float64,100000,150000,記述的評価,50000,0.007119383119789583,0.1706548184514756,0.01911927368901012,0.06582,0.00658,0.17166177927933182,0.33387209174696725,0.32679646140062063,16693.604587348364
C,1.01,0.17166177927933182,6,4,float64,150000,200000,記述的評価,50000,0.010784150770695016,0.1673025352165935,0.026779093752020366,0.06246,0.00568,0.17166177927933182,0.3202791309566871,0.32679646140062063,16013.956547834354
C,1.01,0.17166177927933182,6,4,float32,0,200000,記述的評価,200000,-0.001436093240045011,0.19700972735881805,0.05875361481328467,0.06882,0.00601,0.17166177927933182,0.3613027424293508,0.32679646140062063,72260.54848587015
C,1.01,0.17166177927933182,6,4,float32,0,50000,記述的評価,50000,-0.001586352358572185,0.19715753942728043,0.05721861481328461,0.06878,0.00606,0.17166177927933182,0.3611039743846808,0.32679646140062063,18055.19871923404
C,1.01,0.17166177927933182,6,4,float32,50000,100000,記述的評価,50000,-0.0015706446720287204,0.1947009041905403,0.056218614813284606,0.0683,0.00596,0.17166177927933182,0.3588006829495929,0.32679646140062063,17940.034147479644
C,1.01,0.17166177927933182,6,4,float32,100000,150000,記述的評価,50000,-0.0011769291013479233,0.19645757973194122,0.061752252052334256,0.06876,0.00594,0.17166177927933182,0.3607935570856302,0.32679646140062063,18039.677854281512
C,1.01,0.17166177927933182,6,4,float32,150000,200000,記述的評価,50000,-0.0014218735741451383,0.19872717559337616,0.059838614813284674,0.06944,0.00608,0.17166177927933182,0.36451275529749894,0.32679646140062063,18225.637764874948
C,1.01,0.17166177927933182,6,5,float64,0,200000,記述的評価,200000,0.0011707827946017453,0.17038950261503397,0.005925089505254111,0.06298,0.00638,0.17166177927933182,0.32492682591084626,0.32679646140062063,64985.36518216925
C,1.01,0.17166177927933182,6,5,float64,0,50000,記述的評価,50000,-0.000676868577984287,0.18087136173773033,0.016901552631842287,0.066,0.00642,0.17166177927933182,0.33809215410063376,0.32679646140062063,16904.60770503169
C,1.01,0.17166177927933182,6,5,float64,50000,100000,記述的評価,50000,0.008555819678329109,0.16062823652674443,0.029925653292272092,0.06138,0.00634,0.17166177927933182,0.3174309397419445,0.32679646140062063,15871.546987097225
C,1.01,0.17166177927933182,6,5,float64,100000,150000,記述的評価,50000,-0.0037165856240917797,0.1710475467087319,0.013253550871545672,0.06066,0.00606,0.17166177927933182,0.3142619728223385,0.32679646140062063,15713.098641116923
C,1.01,0.17166177927933182,6,5,float64,150000,200000,記述的評価,50000,0.007252460843945973,0.1694202456335185,0.01571799495981896,0.06388,0.0067,0.17166177927933182,0.3299222369784683,0.32679646140062063,16496.111848923414
C,1.01,0.17166177927933182,6,5,float32,0,200000,記述的評価,200000,-0.007242192281410098,0.1949883997440338,0.0535318450087352,0.06882,0.006055,0.17166177927933182,0.3584306405706799,0.32679646140062063,71686.12811413598
C,1.01,0.17166177927933182,6,5,float32,0,50000,記述的評価,50000,-0.02522963657975197,0.18855912052094936,0.047794770900142725,0.0685,0.00618,0.17166177927933182,0.34833945084452267,0.32679646140062063,17416.972542226133
C,1.01,0.17166177927933182,6,5,float32,50000,100000,記述的評価,50000,0.0013065689126960933,0.1980731040239334,0.06217861481328463,0.06934,0.00604,0.17166177927933182,0.3639046844881017,0.32679646140062063,18195.234224405085
C,1.01,0.17166177927933182,6,5,float32,100000,150000,記述的評価,50000,0.001436093240045011,0.19893360882997513,0.05837861481328466,0.06924,0.00606,0.17166177927933182,0.36343710805772267,0.32679646140062063,18171.855402886133
C,1.01,0.17166177927933182,6,5,float32,150000,200000,記述的評価,50000,0.0014796113828197122,0.1937246471643448,0.05589861481328462,0.0682,0.00594,0.17166177927933182,0.3580413188923728,0.32679646140062063,17902.06594461864
C,1.01,0.17166177927933182,6,6,float64,0,200000,記述的評価,200000,0.004386321274816986,0.1727435154118776,0.013085371553330394,0.06314,0.006325,0.17166177927933182,0.32796684949255434,0.32679646140062063,65593.36989851086
C,1.01,0.17166177927933182,6,6,float64,0,50000,記述的評価,50000,0.0024623084548555706,0.17755784192239027,0.009295853145164568,0.06268,0.00624,0.17166177927933182,0.3273003802470742,0.32679646140062063,16365.01901235371
C,1.01,0.17166177927933182,6,6,float64,50000,100000,記述的評価,50000,0.0033703044507685884,0.1828866258115474,0.016565589451561835,0.0672,0.0068,0.17166177927933182,0.3474826248668048,0.32679646140062063,17374.13124334024
C,1.01,0.17166177927933182,6,6,float64,100000,150000,記述的評価,50000,0.005678377547301484,0.162554869513573,0.018139343428884902,0.05856,0.00654,0.17166177927933182,0.3110831435407097,0.32679646140062063,15554.157177035486
C,1.01,0.17166177927933182,6,6,float64,150000,200000,記述的評価,50000,0.009400351041931643,0.16769509650997455,0.028524529082319172,0.06412,0.00572,0.17166177927933182,0.32600124931562857,0.32679646140062063,16300.062465781428
C,1.01,0.17166177927933182,6,6,float32,0,200000,記述的評価,200000,0.005292045185342431,0.19040081463754177,0.05002188826401477,0.06786,0.006095,0.17166177927933182,0.3531765314574114,0.32679646140062063,70635.30629148228
C,1.01,0.17166177927933182,6,6,float32,0,50000,記述的評価,50000,0.0227268161252141,0.1704937443137169,0.047376062498162286,0.06466,0.00626,0.17166177927933182,0.3270849497062246,0.32679646140062063,16354.247485311229
C,1.01,0.17166177927933182,6,6,float32,50000,100000,記述的評価,50000,-0.0014218735741451383,0.19743481278419495,0.06097861481328459,0.06926,0.00608,0.17166177927933182,0.3632308290972147,0.32679646140062063,18161.541454860737
C,1.01,0.17166177927933182,6,6,float32,100000,150000,記述的評価,50000,-0.0014504551654681563,0.19916611164808273,0.05773861481328468,0.06922,0.00608,0.17166177927933182,0.3635844845435447,0.32679646140062063,18179.224227177234
C,1.01,0.17166177927933182,6,6,float32,150000,200000,記述的評価,50000,-0.0015628685941919684,0.1947009041905403,0.056418614813284584,0.0683,0.00596,0.17166177927933182,0.35880586248266133,0.32679646140062063,17940.293124133066
C,1.01,0.17166177927933182,6,7,float64,0,200000,記述的評価,200000,0.005795756500574647,0.17791814180540216,0.010872275153582023,0.0645,0.00656,0.17166177927933182,0.33408570626574524,0.32679646140062063,66817.14125314905
C,1.01,0.17166177927933182,6,7,float64,0,50000,記述的評価,50000,-0.006877684593395822,0.17853687691021186,0.017411678877744752,0.0639,0.00652,0.17166177927933182,0.33037431837835807,0.32679646140062063,16518.715918917904
C,1.01,0.17166177927933182,6,7,float64,50000,100000,記述的評価,50000,0.011295404808952848,0.17327069662749092,0.027087618610323494,0.06218,0.00586,0.17166177927933182,0.32029307869399715,0.32679646140062063,16014.653934699856
C,1.01,0.17166177927933182,6,7,float64,100000,150000,記述的評価,50000,0.011437307669816339,0.17804793395103286,0.027769603183631864,0.06638,0.00676,0.17166177927933182,0.3431500793146352,0.32679646140062063,17157.50396573176
C,1.01,0.17166177927933182,6,7,float64,150000,200000,記述的評価,50000,-0.0023248936315881973,0.1816703693859879,0.01757005042411297,0.06554,0.0071,0.17166177927933182,0.34252534867599055,0.32679646140062063,17126.267433799527
C,1.01,0.17166177927933182,6,7,float32,0,200000,記述的評価,200000,-0.0010392891126684844,0.19096788950264454,0.05069684500873517,0.0677,0.005985,0.17166177927933182,0.3525627708702643,0.32679646140062063,70512.55417405286
C,1.01,0.17166177927933182,6,7,float32,0,50000,記述的評価,50000,0.014874294865876436,0.17392903752624989,0.03487434576831416,0.06432,0.00592,0.17166177927933182,0.3261237358375612,0.32679646140062063,16306.18679187806
C,1.01,0.17166177927933182,6,7,float32,50000,100000,記述的評価,50000,-0.0014504551654681563,0.19912810623645782,0.05913861481328464,0.0694,0.00608,0.17166177927933182,0.36437925929055903,0.32679646140062063,18218.962964527953
C,1.01,0.17166177927933182,6,7,float32,100000,150000,記述的評価,50000,-0.001339463982731104,0.197947658598423,0.05951861481328469,0.06902,0.00604,0.17166177927933182,0.36244915450991555,0.32679646140062063,18122.457725495777
C,1.01,0.17166177927933182,6,7,float32,150000,200000,記述的評価,50000,-0.0014077946543693542,0.19370978325605392,0.05671225205233421,0.06806,0.0059,0.17166177927933182,0.35729893384302086,0.32679646140062063,17864.946692151043
C,1.01,0.17166177927933182,6,8,float64,0,200000,記述的評価,200000,0.00467684301803108,0.16457565948715452,0.020840319165139842,0.06118,0.006145,0.17166177927933182,0.3170244300057178,0.32679646140062063,63404.88600114355
C,1.01,0.17166177927933182,6,8,float64,0,50000,記述的評価,50000,0.004423266224208279,0.16478885441350366,0.012543202446602675,0.06046,0.00564,0.17166177927933182,0.3097505038722929,0.32679646140062063,15487.525193614645
C,1.01,0.17166177927933182,6,8,float64,50000,100000,記述的評価,50000,0.01633639918974208,0.16932669749852636,0.04465232059359725,0.0635,0.00652,0.17166177927933182,0.3306128168929541,0.32679646140062063,16530.640844647703
C,1.01,0.17166177927933182,6,8,float64,100000,150000,記述的評価,50000,0.0014212059594464397,0.16583323451586968,0.01573641516721397,0.06266,0.00618,0.17166177927933182,0.32207863486053984,0.32679646140062063,16103.931743026993
C,1.01,0.17166177927933182,6,8,float64,150000,200000,記述的評価,50000,0.0029637359246074317,0.15752296076912475,0.020857403382305684,0.0581,0.00624,0.17166177927933182,0.30565576439708436,0.32679646140062063,15282.788219854217
C,1.01,0.17166177927933182,6,8,float32,0,200000,記述的評価,200000,-0.0009741842513903975,0.19633197784423828,0.057816845008735185,0.06913,0.006035,0.17166177927933182,0.3601332696308204,0.32679646140062063,72026.65392616407
C,1.01,0.17166177927933182,6,8,float32,0,50000,記述的評価,50000,0.023801537230610847,0.19515239633619785,0.05611845764154644,0.07022,0.0062,0.17166177927933182,0.3578044461853159,0.32679646140062063,17890.222309265795
C,1.01,0.17166177927933182,6,8,float32,50000,100000,記述的評価,50000,-0.0015244486276060343,0.19441138952970505,0.0566586148132846,0.0681,0.00592,0.17166177927933182,0.3576128897718357,0.32679646140062063,17880.644488591784
C,1.01,0.17166177927933182,6,8,float32,100000,150000,記述的評価,50000,-0.0012247193371877074,0.19621053338050842,0.06215225205233421,0.069,0.00596,0.17166177927933182,0.3616142908841173,0.32679646140062063,18080.714544205865
C,1.01,0.17166177927933182,6,8,float32,150000,200000,記述的評価,50000,-0.0013800536980852485,0.1989162713289261,0.0590986148132846,0.0692,0.00606,0.17166177927933182,0.3635014516820124,0.32679646140062063,18175.07258410062
C,1.01,0.17166177927933182,6,9,float64,0,200000,記述的評価,200000,0.00320682113618895,0.16134730847043155,0.011808323305447677,0.0623,0.006165,0.17166177927933182,0.3188359899188286,0.32679646140062063,63767.19798376572
C,1.01,0.17166177927933182,6,9,float64,0,50000,記述的評価,50000,0.003927892650415606,0.1561677645462739,0.02210937863661966,0.0618,0.00584,0.17166177927933182,0.3138834048028548,0.32679646140062063,15694.170240142741
C,1.01,0.17166177927933182,6,9,float64,50000,100000,記述的評価,50000,0.005471817475530968,0.16954204816610538,0.018107056658531295,0.06582,0.0065,0.17166177927933182,0.3328111592795541,0.32679646140062063,16640.557963977706
C,1.01,0.17166177927933182,6,9,float64,100000,150000,記述的評価,50000,0.0025904132539931843,0.16942290023808165,0.02005789393753321,0.06528,0.00648,0.17166177927933182,0.33343067233627616,0.32679646140062063,16671.53361681381
C,1.01,0.17166177927933182,6,9,float64,150000,200000,記述的評価,50000,-0.004358196384473454,0.15108579947791603,0.024990343769144996,0.0563,0.00584,0.17166177927933182,0.2952187232566293,0.32679646140062063,14760.936162831464
C,1.01,0.17166177927933182,6,9,float32,0,200000,記述的評価,200000,0.0009937661234289408,0.19647976756095886,0.05757688826401475,0.06908,0.00605,0.17166177927933182,0.35984927279223555,0.32679646140062063,71969.85455844711
C,1.01,0.17166177927933182,6,9,float32,0,50000,記述的評価,50000,-0.0227268161252141,0.1915747970342636,0.052837826822590916,0.06916,0.00614,0.17166177927933182,0.35188429839474933,0.32679646140062063,17594.214919737467
C,1.01,0.17166177927933182,6,9,float32,50000,100000,記述的評価,50000,0.0011769291013479233,0.19622790068387985,0.06181225205233426,0.06874,0.00594,0.17166177927933182,0.3606878678879078,0.32679646140062063,18034.39339439539
C,1.01,0.17166177927933182,6,9,float32,100000,150000,記述的評価,50000,0.001464960747398436,0.19912810623645782,0.059058614813284616,0.0694,0.00608,0.17166177927933182,0.3643859992923045,0.32679646140062063,18219.299964615224
C,1.01,0.17166177927933182,6,9,float32,150000,200000,記述的評価,50000,0.001339463982731104,0.197947658598423,0.05951861481328463,0.06902,0.00604,0.17166177927933182,0.36243892559398105,0.32679646140062063,18121.946279699052
C,1.01,0.17166177927933182,6,10,float64,0,200000,記述的評価,200000,-0.0008207754233955965,0.16946778377342675,0.008920663683343377,0.06195,0.006245,0.17166177927933182,0.32142476130393527,0.32679646140062063,64284.95226078705
C,1.01,0.17166177927933182,6,10,float64,0,50000,記述的評価,50000,-0.0017391457033237132,0.18086924730962697,0.013651759245979667,0.0636,0.00632,0.17166177927933182,0.3327800532836757,0.32679646140062063,16639.002664183787
C,1.01,0.17166177927933182,6,10,float64,50000,100000,記述的評価,50000,0.016103723646501762,0.16107756058698702,0.04774066192047205,0.0594,0.00632,0.17166177927933182,0.30950756164543164,0.32679646140062063,15475.378082271582
C,1.01,0.17166177927933182,6,10,float64,100000,150000,記述的評価,50000,-0.022278218766628236,0.16792905900549415,0.05454993893614091,0.06408,0.00648,0.17166177927933182,0.3262298058638107,0.32679646140062063,16311.490293190533
C,1.01,0.17166177927933182,6,10,float64,150000,200000,記述的評価,50000,0.008294228353988263,0.1679602116820782,0.01550929880002977,0.06072,0.00586,0.17166177927933182,0.3171816244228232,0.32679646140062063,15859.081221141161
C,1.01,0.17166177927933182,6,10,float32,0,200000,記述的評価,200000,-0.013328076340258121,0.19622790068387985,0.05894184500873523,0.069365,0.006155,0.17166177927933182,0.36143724538355476,0.32679646140062063,72287.44907671095
C,1.01,0.17166177927933182,6,10,float32,0,50000,記述的評価,50000,-0.0342057291418314,0.19473562575876713,0.06725845764154653,0.07096,0.00664,0.17166177927933182,0.3616421570553458,0.32679646140062063,18082.10785276729
C,1.01,0.17166177927933182,6,10,float32,50000,100000,記述的評価,50000,0.0015706446720287204,0.1947009041905403,0.05617861481328462,0.0683,0.00596,0.17166177927933182,0.35879995184877633,0.32679646140062063,17939.997592438816
C,1.01,0.17166177927933182,6,10,float32,100000,150000,記述的評価,50000,0.0011769291013479233,0.19645757973194122,0.061752252052334256,0.06876,0.00594,0.17166177927933182,0.36078283996096944,0.32679646140062063,18039.14199804847
C,1.01,0.17166177927933182,6,10,float32,150000,200000,記述的評価,50000,0.0014218735741451383,0.19872717559337616,0.05987861481328466,0.06944,0.00608,0.17166177927933182,0.3645240326691272,0.32679646140062063,18226.20163345636
C,1.01,0.17166177927933182,6,11,float64,0,200000,記述的評価,200000,-0.0010016731272948314,0.16682902954651674,0.01114487347817128,0.061395,0.006215,0.17166177927933182,0.3179629808883287,0.32679646140062063,63592.596177665735
C,1.01,0.17166177927933182,6,11,float64,0,50000,記述的評価,50000,0.00971560735071781,0.1673083637156568,0.019739178541651747,0.06096,0.00628,0.17166177927933182,0.3164291123301243,0.32679646140062063,15821.455616506215
C,1.01,0.17166177927933182,6,11,float64,50000,100000,記述的評価,50000,1.8159118074746073e-05,0.14747031085701756,0.02725827891471222,0.05552,0.00562,0.17166177927933182,0.28911142170286014,0.32679646140062063,14455.571085143007
C,1.01,0.17166177927933182,6,11,float64,100000,150000,記述的評価,50000,-0.0043676004228970985,0.16491125961099778,0.01589574809829386,0.06146,0.00624,0.17166177927933182,0.3204986235906065,0.32679646140062063,16024.931179530324
C,1.01,0.17166177927933182,6,11,float64,150000,200000,記述的評価,50000,-0.012974308147424958,0.187734114339134,0.03470995417488082,0.06764,0.00672,0.17166177927933182,0.3458127659297238,0.32679646140062063,17290.63829648619
C,1.01,0.17166177927933182,6,11,float32,0,200000,記述的評価,200000,-0.00106545421294868,0.19261972233653069,0.053031888264014726,0.068035,0.006015,0.17166177927933182,0.3550118369419287,0.32679646140062063,71002.36738838574
C,1.01,0.17166177927933182,6,11,float32,0,50000,記述的評価,50000,0.013722456526011229,0.1774063427001238,0.03632187999804981,0.06492,0.006,0.17166177927933182,0.33228772286828245,0.32679646140062063,16614.38614341412
C,1.01,0.17166177927933182,6,11,float32,50000,100000,記述的評価,50000,-0.0011769291013479233,0.1962813213467598,0.061752252052334256,0.0688,0.00594,0.17166177927933182,0.36092281963671424,0.32679646140062063,18046.140981835713
C,1.01,0.17166177927933182,6,11,float32,100000,150000,記述的評価,50000,-0.001436093240045011,0.19872717559337616,0.05941861481328459,0.0694,0.00608,0.17166177927933182,0.36436913279675565,0.32679646140062063,18218.456639837783
C,1.01,0.17166177927933182,6,11,float32,150000,200000,記述的評価,50000,-0.001339463982731104,0.19807878136634827,0.05951861481328469,0.06902,0.00604,0.17166177927933182,0.36246767246596195,0.32679646140062063,18123.383623298098
C,1.01,0.17166177927933182,6,12,float64,0,200000,記述的評価,200000,0.00604719916680331,0.17121624698799312,0.012046968094763133,0.06328,0.006075,0.17166177927933182,0.3246758883035883,0.32679646140062063,64935.17766071766
C,1.01,0.17166177927933182,6,12,float64,0,50000,記述的評価,50000,0.02310016531345581,0.16753842818120906,0.04466918040953505,0.06274,0.00618,0.17166177927933182,0.32484702426739065,0.32679646140062063,16242.351213369531
C,1.01,0.17166177927933182,6,12,float64,50000,100000,記述的評価,50000,0.004389452609912657,0.17594659371047586,0.017398453868562147,0.06602,0.0067,0.17166177927933182,0.339656134686978,0.32679646140062063,16982.8067343489
C,1.01,0.17166177927933182,6,12,float64,100000,150000,記述的評価,50000,0.015165756869758068,0.17167110241984085,0.03395359870403175,0.06262,0.00574,0.17166177927933182,0.31735533017951534,0.32679646140062063,15867.766508975767
C,1.01,0.17166177927933182,6,12,float64,150000,200000,記述的評価,50000,-0.017462527600427914,0.168762870718199,0.035743095469758734,0.06174,0.00568,0.17166177927933182,0.3168450640804692,0.32679646140062063,15842.25320402346
C,1.01,0.17166177927933182,6,12,float32,0,200000,記述的評価,200000,-0.0029686359921470284,0.1951148435473442,0.057401845008735186,0.06846,0.00599,0.17166177927933182,0.35782762217550845,0.32679646140062063,71565.52443510169
C,1.01,0.17166177927933182,6,12,float32,0,50000,記述的評価,50000,-0.02296697534620762,0.18669768422842026,0.05356992496473145,0.06686,0.00594,0.17166177927933182,0.3449138860685,0.32679646140062063,17245.694303425
C,1.01,0.17166177927933182,6,12,float32,50000,100000,記述的評価,50000,0.0013262011343613267,0.1957499012351036,0.058532252052334255,0.06836,0.0059,0.17166177927933182,0.3588878953428252,0.32679646140062063,17944.39476714126
C,1.01,0.17166177927933182,6,12,float32,100000,150000,記述的評価,50000,0.0012744504492729902,0.19776457361876965,0.06279861481328464,0.06932,0.00602,0.17166177927933182,0.3634831625165079,0.32679646140062063,18174.158125825397
C,1.01,0.17166177927933182,6,12,float32,150000,200000,記述的評価,50000,0.0014218735741451383,0.19893771409988403,0.058478614813284646,0.0693,0.0061,0.17166177927933182,0.36402554477420046,0.32679646140062063,18201.277238710023
C,1.01,0.17166177927933182,6,13,float64,0,200000,記述的評価,200000,-0.001136997126642459,0.17183845081682986,0.006011425698446093,0.06297,0.00627,0.17166177927933182,0.3259816358008221,0.32679646140062063,65196.32716016442
C,1.01,0.17166177927933182,6,13,float64,0,50000,記述的評価,50000,0.021871301896718195,0.1802716554547299,0.04221475284331899,0.06616,0.00626,0.17166177927933182,0.33918380280374005,0.32679646140062063,16959.190140187
C,1.01,0.17166177927933182,6,13,float64,50000,100000,記述的評価,50000,-0.009003356390622441,0.16084660950283985,0.03937106801621293,0.06024,0.0062,0.17166177927933182,0.31476625958587756,0.32679646140062063,15738.312979293878
C,1.01,0.17166177927933182,6,13,float64,100000,150000,記述的評価,50000,0.008341508183745707,0.17067628076729358,0.01773284823433685,0.06246,0.00624,0.17166177927933182,0.32221644639214636,0.32679646140062063,16110.822319607318
C,1.01,0.17166177927933182,6,13,float64,150000,200000,記述的評価,50000,-0.004863400699229229,0.17550027477328206,0.028706425698446114,0.06302,0.00638,0.17166177927933182,0.3277600344215246,0.32679646140062063,16388.00172107623
C,1.01,0.17166177927933182,6,13,float32,0,200000,記述的評価,200000,0.0010444598738104105,0.1959773376584053,0.05715725205233424,0.068635,0.006015,0.17166177927933182,0.35911334044691984,0.32679646140062063,71822.66808938397
C,1.01,0.17166177927933182,6,13,float32,0,50000,記述的評価,50000,-0.01885276660323143,0.18886541947722435,0.04853338524762496,0.0674,0.00602,0.17166177927933182,0.3492046447481045,0.32679646140062063,17460.232237405224
C,1.01,0.17166177927933182,6,13,float32,50000,100000,記述的評価,50000,0.001212592818774283,0.19619322568178177,0.060832252052334224,0.06852,0.00594,0.17166177927933182,0.3597663894471058,0.32679646140062063,17988.31947235529
C,1.01,0.17166177927933182,6,13,float32,100000,150000,記述的評価,50000,0.0013732212828472257,0.19881472177803516,0.060798614813284635,0.06964,0.00606,0.17166177927933182,0.3653136181404009,0.32679646140062063,18265.680907020047
C,1.01,0.17166177927933182,6,13,float32,150000,200000,記述的評価,50000,0.0014077946543693542,0.19851123541593552,0.05885861481328464,0.06898,0.00604,0.17166177927933182,0.36216870945206814,0.32679646140062063,18108.435472603407
C,1.01,0.17166177927933182,6,14,float64,0,200000,記述的評価,200000,-0.0018023449707411726,0.16881818859455244,0.005822570091502666,0.062035,0.00618,0.17166177927933182,0.32142511853603617,0.32679646140062063,64285.023707207234
C,1.01,0.17166177927933182,6,14,float64,0,50000,記述的評価,50000,-0.01215088415561223,0.16853339956322244,0.0257905737952005,0.06098,0.00634,0.17166177927933182,0.3167656808137997,0.32679646140062063,15838.284040689985
C,1.01,0.17166177927933182,6,14,float64,50000,100000,記述的評価,50000,0.011038110361186959,0.16319150653477732,0.028322922609017864,0.06118,0.00608,0.17166177927933182,0.319215451209557,0.32679646140062063,15960.772560477852
C,1.01,0.17166177927933182,6,14,float64,100000,150000,記述的評価,50000,0.009727532632502646,0.16876698237645926,0.018253457583911947,0.06196,0.00548,0.17166177927933182,0.3188477756856878,0.32679646140062063,15942.38878428439
C,1.01,0.17166177927933182,6,14,float64,150000,200000,記述的評価,50000,-0.014789848513788546,0.17477884968633023,0.03161028032599966,0.06402,0.00682,0.17166177927933182,0.3308715664351002,0.32679646140062063,16543.57832175501
C,1.01,0.17166177927933182,6,14,float32,0,200000,記述的評価,200000,-0.0012618314940482378,0.19114965945482254,0.049196845008735224,0.06729,0.005995,0.17166177927933182,0.35193793852749705,0.32679646140062063,70387.5877054994
C,1.01,0.17166177927933182,6,14,float32,0,50000,記述的評価,50000,0.006628663977608085,0.17168512381613255,0.019648990547677492,0.0622,0.00596,0.17166177927933182,0.32146511939170525,0.32679646140062063,16073.255969585263
C,1.01,0.17166177927933182,6,14,float32,50000,100000,記述的評価,50000,-0.001339463982731104,0.19507341086864471,0.0580322520523342,0.06836,0.0059,0.17166177927933182,0.3588021077309297,0.32679646140062063,17940.105386546486
C,1.01,0.17166177927933182,6,14,float32,100000,150000,記述的評価,50000,-0.0012555844732560217,0.19776814430952072,0.06329861481328469,0.06932,0.00602,0.17166177927933182,0.36354642713347896,0.32679646140062063,18177.321356673947
C,1.01,0.17166177927933182,6,14,float32,150000,200000,記述的評価,50000,-0.001436093240045011,0.19923183508217335,0.0583186148132846,0.06928,0.0061,0.17166177927933182,0.36393809985387376,0.32679646140062063,18196.90499269369
C,1.01,0.17166177927933182,6,15,float64,0,200000,記述的評価,200000,0.0032428513023885614,0.1720327593200094,0.014621686921807209,0.065865,0.006595,0.17166177927933182,0.3347556298148917,0.32679646140062063,66951.12596297835
C,1.01,0.17166177927933182,6,15,float64,0,50000,記述的評価,50000,0.0064925045558499,0.1719970530402909,0.018840098291237894,0.06558,0.00654,0.17166177927933182,0.3342582388420977,0.32679646140062063,16712.911942104885
C,1.01,0.17166177927933182,6,15,float64,50000,100000,記述的評価,50000,-0.0003165586090973184,0.17022395000478024,0.024342328611218655,0.06582,0.00656,0.17166177927933182,0.3316766445150051,0.32679646140062063,16583.832225750255
C,1.01,0.17166177927933182,6,15,float64,100000,150000,記述的評価,50000,0.01640848588092391,0.1719508311562815,0.054101782120406616,0.06552,0.0066,0.17166177927933182,0.3354109136974298,0.32679646140062063,16770.54568487149
C,1.01,0.17166177927933182,6,15,float64,150000,200000,記述的評価,50000,-0.015090723574080162,0.17298083635556724,0.02888113974567491,0.06654,0.00668,0.17166177927933182,0.3376767222050346,0.32679646140062063,16883.83611025173
C,1.01,0.17166177927933182,6,15,float32,0,200000,記述的評価,200000,-0.001023879274725914,0.1919487565755844,0.05455184500873522,0.067675,0.00599,0.17166177927933182,0.35395883861022914,0.32679646140062063,70791.76772204583
C,1.01,0.17166177927933182,6,15,float32,0,50000,記述的評価,50000,0.02183384634554386,0.1801136303693056,0.04301949813555728,0.0644,0.006,0.17166177927933182,0.33284647419981017,0.32679646140062063,16642.32370999051
C,1.01,0.17166177927933182,6,15,float32,50000,100000,記述的評価,50000,-0.0013732212828472257,0.19765911996364594,0.05943861481328461,0.0689,0.00604,0.17166177927933182,0.3620572816926121,0.32679646140062063,18102.864084630604
C,1.01,0.17166177927933182,6,15,float32,100000,150000,記述的評価,50000,-0.0013800536980852485,0.1940852701663971,0.057332252052334276,0.0682,0.0059,0.17166177927933182,0.3578276554121255,0.32679646140062063,17891.382770606277
C,1.01,0.17166177927933182,6,15,float32,150000,200000,記述的評価,50000,-0.0013596241478808224,0.1979389190673828,0.06211861481328462,0.0692,0.00602,0.17166177927933182,0.36310394313636857,0.32679646140062063,18155.197156818427
C,1.01,0.17166177927933182,6,16,float64,0,200000,記述的評価,200000,-0.004237941078410544,0.16933811728854029,0.014088723339833797,0.061625,0.00638,0.17166177927933182,0.3193768411473015,0.32679646140062063,63875.368229460306
C,1.01,0.17166177927933182,6,16,float64,0,50000,記述的評価,50000,-0.0019001391986041803,0.1624988380490353,0.027493676188451,0.05984,0.0057,0.17166177927933182,0.309042140004811,0.32679646140062063,15452.10700024055
C,1.01,0.17166177927933182,6,16,float64,50000,100000,記述的評価,50000,-0.010318930871815008,0.18705310235989242,0.026889545422188132,0.06682,0.00678,0.17166177927933182,0.34216651989055624,0.32679646140062063,17108.32599452781
C,1.01,0.17166177927933182,6,16,float64,100000,150000,記述的評価,50000,-0.00412312852815477,0.1652841510407824,0.029498026306212455,0.05916,0.00638,0.17166177927933182,0.3140138998291217,0.32679646140062063,15700.694991456085
C,1.01,0.17166177927933182,6,16,float64,150000,200000,記述的評価,50000,-0.004674009995020722,0.1610025244390843,0.023292727019587456,0.06068,0.00666,0.17166177927933182,0.31228480486471716,0.32679646140062063,15614.240243235858
C,1.01,0.17166177927933182,6,16,float32,0,200000,記述的評価,200000,-0.001464960747398436,0.1965491771697998,0.05752225205233419,0.068795,0.00601,0.17166177927933182,0.3609026177842677,0.32679646140062063,72180.52355685354
C,1.01,0.17166177927933182,6,16,float32,0,50000,記述的評価,50000,-0.0017523362766951323,0.19437339715659618,0.05165225205233426,0.06836,0.006,0.17166177927933182,0.35773724224988357,0.32679646140062063,17886.86211249418
C,1.01,0.17166177927933182,6,16,float32,50000,100000,記述的評価,50000,-0.001287195598706603,0.19604885019361973,0.061612252052334227,0.06882,0.00594,0.17166177927933182,0.36077927873997956,0.32679646140062063,18038.963936998978
C,1.01,0.17166177927933182,6,16,float32,100000,150000,記述的評価,50000,-0.001339463982731104,0.19913135468959808,0.05995861481328468,0.06926,0.00606,0.17166177927933182,0.36391737474346997,0.32679646140062063,18195.8687371735
C,1.01,0.17166177927933182,6,16,float32,150000,200000,記述的評価,50000,-0.0015396942617371678,0.19592810422182083,0.0568786148132846,0.06874,0.00604,0.17166177927933182,0.36117657540373754,0.32679646140062063,18058.828770186876
C,1.01,0.17166177927933182,6,17,float64,0,200000,記述的評価,200000,0.010424943101068614,0.170784940538326,0.022916640265059685,0.06235,0.00628,0.17166177927933182,0.32330133674945705,0.32679646140062063,64660.26734989141
C,1.01,0.17166177927933182,6,17,float64,0,50000,記述的評価,50000,0.0061819188015528066,0.17528245358450073,0.020213218571030422,0.06492,0.00654,0.17166177927933182,0.33277294906943927,0.32679646140062063,16638.647453471964
C,1.01,0.17166177927933182,6,17,float64,50000,100000,記述的評価,50000,0.0005508559429405898,0.16439066637430788,0.014929290481993374,0.06006,0.00604,0.17166177927933182,0.3143604683621519,0.32679646140062063,15718.023418107596
C,1.01,0.17166177927933182,6,17,float64,100000,150000,記述的評価,50000,0.016258039273420004,0.17253762953108437,0.03692379095934084,0.06292,0.00622,0.17166177927933182,0.3266709993803082,0.32679646140062063,16333.549969015408
C,1.01,0.17166177927933182,6,17,float64,150000,200000,記述的評価,50000,0.015621179147029079,0.17106617854477854,0.03636775930100572,0.0615,0.00632,0.17166177927933182,0.31940093018592886,0.32679646140062063,15970.046509296444
C,1.01,0.17166177927933182,6,17,float32,0,200000,記述的評価,200000,-0.0014796113828197122,0.19785741716623306,0.058372252052334206,0.06901,0.00604,0.17166177927933182,0.3621561595711313,0.32679646140062063,72431.23191422626
C,1.01,0.17166177927933182,6,17,float32,0,50000,記述的評価,50000,-0.0019165236735716462,0.19673950225114822,0.054092252052334255,0.06894,0.0061,0.17166177927933182,0.36138936527125987,0.32679646140062063,18069.468263562994
C,1.01,0.17166177927933182,6,17,float32,50000,100000,記述的評価,50000,-0.0012065896298736334,0.19708526134490967,0.06257225205233419,0.0691,0.00596,0.17166177927933182,0.36209840805589794,0.32679646140062063,18104.920402794898
C,1.01,0.17166177927933182,6,17,float32,100000,150000,記述的評価,50000,-0.001436093240045011,0.19845161586999893,0.05811861481328462,0.0691,0.00606,0.17166177927933182,0.3631064065018777,0.32679646140062063,18155.320325093886
C,1.01,0.17166177927933182,6,17,float32,150000,200000,記述的評価,50000,-0.0014504551654681563,0.1976204849779606,0.058718614813284664,0.0689,0.00604,0.17166177927933182,0.36203045845548937,0.32679646140062063,18101.522922774468
C,1.01,0.17166177927933182,6,18,float64,0,200000,記述的評価,200000,0.003737334095794187,0.17590225983944457,0.009233130515896248,0.064895,0.00647,0.17166177927933182,0.33343609229669163,0.32679646140062063,66687.21845933833
C,1.01,0.17166177927933182,6,18,float64,0,50000,記述的評価,50000,-0.0048470588396648225,0.18855382029911866,0.022946946289353787,0.0696,0.00668,0.17166177927933182,0.35082014952470236,0.32679646140062063,17541.007476235118
C,1.01,0.17166177927933182,6,18,float64,50000,100000,記述的評価,50000,0.00121598644554509,0.17341964478074973,0.014423386718228959,0.0636,0.00658,0.17166177927933182,0.32951481032957053,0.32679646140062063,16475.740516478527
C,1.01,0.17166177927933182,6,18,float64,100000,150000,記述的評価,50000,0.0041541512547058025,0.17792430372920537,0.013299007655275752,0.0663,0.00646,0.17166177927933182,0.3406621167052613,0.32679646140062063,17033.105835263064
C,1.01,0.17166177927933182,6,18,float64,150000,200000,記述的評価,50000,0.014622545139903657,0.16402761775894703,0.035963130515896224,0.06008,0.00616,0.17166177927933182,0.31274729262723255,0.32679646140062063,15637.364631361628
C,1.01,0.17166177927933182,6,18,float32,0,200000,記述的評価,200000,0.007424602983519435,0.19442067109048367,0.05338684500873525,0.068625,0.006,0.17166177927933182,0.3572731370835122,0.32679646140062063,71454.62741670244
C,1.01,0.17166177927933182,6,18,float32,0,50000,記述的評価,50000,0.025887958705425262,0.1871257070451975,0.04872390770546936,0.06814,0.006,0.17166177927933182,0.34516963113449917,0.32679646140062063,17258.481556724957
C,1.01,0.17166177927933182,6,18,float32,50000,100000,記述的評価,50000,-0.001339463982731104,0.19898922741413116,0.0598786148132846,0.06924,0.00606,0.17166177927933182,0.36382742260879314,0.32679646140062063,18191.371130439657
C,1.01,0.17166177927933182,6,18,float32,100000,150000,記述的評価,50000,-0.0015396942617371678,0.19609644263982773,0.05695861481328468,0.06876,0.00604,0.17166177927933182,0.3612799598431729,0.32679646140062063,18063.997992158646
C,1.01,0.17166177927933182,6,18,float32,150000,200000,記述的評価,50000,-0.001339463982731104,0.19567705690860748,0.0582522520523342,0.06836,0.0059,0.17166177927933182,0.35881553474758354,0.32679646140062063,17940.776737379176
C,1.01,0.17166177927933182,6,19,float64,0,200000,記述的評価,200000,0.007029698570849875,0.17252424346764678,0.014645166011653,0.064435,0.006285,0.17166177927933182,0.32973796931355936,0.32679646140062063,65947.59386271187
C,1.01,0.17166177927933182,6,19,float64,0,50000,記述的評価,50000,0.008216493812114766,0.16766150959937406,0.019522002065916144,0.0623,0.00624,0.17166177927933182,0.32086461201382727,0.32679646140062063,16043.230600691364
C,1.01,0.17166177927933182,6,19,float64,50000,100000,記述的評価,50000,0.007143882506321524,0.16695198412272058,0.023883207013098595,0.06478,0.00588,0.17166177927933182,0.3260994670665203,0.32679646140062063,16304.973353326017
C,1.01,0.17166177927933182,6,19,float64,100000,150000,記述的評価,50000,0.00855562352415316,0.17675738505937638,0.016372670865982153,0.06576,0.00634,0.17166177927933182,0.33377458267907095,0.32679646140062063,16688.729133953548
C,1.01,0.17166177927933182,6,19,float64,150000,200000,記述的評価,50000,0.0034226577219869246,0.17962738626756922,0.02342912683517151,0.0649,0.00668,0.17166177927933182,0.3382132154948187,0.32679646140062063,16910.660774740936
C,1.01,0.17166177927933182,6,19,float32,0,200000,記述的評価,200000,-0.00118869892321527,0.19179029017686844,0.05186184500873525,0.067325,0.00596,0.17166177927933182,0.35240370880964883,0.32679646140062063,70480.74176192976
C,1.01,0.17166177927933182,6,19,float32,0,50000,記述的評価,50000,0.014885266777127981,0.17700111865997314,0.034558457641546414,0.06308,0.00584,0.17166177927933182,0.3264632089805779,0.32679646140062063,16323.160449028894
C,1.01,0.17166177927933182,6,19,float32,50000,100000,記述的評価,50000,-0.001393855200149119,0.19891216605901718,0.05897861481328459,0.06914,0.00606,0.17166177927933182,0.3632948253565824,0.32679646140062063,18164.741267829122
C,1.01,0.17166177927933182,6,19,float32,100000,150000,記述的評価,50000,-0.0014944087015464902,0.19730406627058983,0.05785861481328469,0.06886,0.00604,0.17166177927933182,0.36183969557859147,0.32679646140062063,18091.984778929575
C,1.01,0.17166177927933182,6,19,float32,150000,200000,記述的評価,50000,-0.0013800536980852485,0.19427724927663803,0.057332252052334276,0.06822,0.0059,0.17166177927933182,0.3580171053228435,0.32679646140062063,17900.855266142175
C,1.02,0.24062696159732128,7,0,float64,0,200000,記述的評価,200000,0.007003355080734721,0.2531082308171332,0.011315649930852767,0.06566,0.006845,0.24062696159732128,0.46702144616100644,0.4510363593532758,93404.28923220129
C,1.02,0.24062696159732128,7,0,float64,0,50000,記述的評価,50000,0.013739499181159048,0.2508969334899006,0.02196038108900583,0.0655,0.00718,0.24062696159732128,0.46860851293166217,0.4510363593532758,23430.42564658311
C,1.02,0.24062696159732128,7,0,float64,50000,100000,記述的評価,50000,-0.010937265074766564,0.2727626811605509,0.02407598222259094,0.07018,0.00738,0.24062696159732128,0.4917428477929706,0.4510363593532758,24587.142389648532
C,1.02,0.24062696159732128,7,0,float64,100000,150000,記述的評価,50000,0.0032738071773475595,0.23729196957877924,0.009186383557697186,0.06196,0.00596,0.24062696159732128,0.4430025009582495,0.4510363593532758,22150.125047912476
C,1.02,0.24062696159732128,7,0,float64,150000,200000,記述的評価,50000,0.015891838454156045,0.2521941008559451,0.021189026533836364,0.065,0.00686,0.24062696159732128,0.46473192296114363,0.4510363593532758,23236.596148057182
C,1.02,0.24062696159732128,7,1,float64,0,200000,記述的評価,200000,-0.008772810021733086,0.23885760485216972,0.012037338407923537,0.063035,0.006285,0.24062696159732128,0.4479927630840547,0.4510363593532758,89598.55261681095
C,1.02,0.24062696159732128,7,1,float64,0,50000,記述的評価,50000,-0.018577610215348334,0.24299755886609176,0.033012578531115055,0.063,0.00624,0.24062696159732128,0.450098316083041,0.4510363593532758,22504.91580415205
C,1.02,0.24062696159732128,7,1,float64,50000,100000,記述的評価,50000,0.0008319402145644065,0.2390565776667501,0.008467193639759119,0.06416,0.00622,0.24062696159732128,0.45118347655559254,0.4510363593532758,22559.17382777963
C,1.02,0.24062696159732128,7,1,float64,100000,150000,記述的評価,50000,0.005562728097790645,0.2358729443851511,0.011952885637565969,0.06242,0.00638,0.24062696159732128,0.44733322090465377,0.4510363593532758,22366.66104523269
C,1.02,0.24062696159732128,7,1,float64,150000,200000,記述的評価,50000,-0.017292862077793514,0.23718308058677456,0.024058520384162896,0.06256,0.0063,0.24062696159732128,0.4433560387929315,0.4510363593532758,22167.801939646575
C,1.02,0.24062696159732128,7,2,float64,0,200000,記述的評価,200000,-0.0028036482929034478,0.24603883520582415,0.00977157075483559,0.06517,0.006335,0.24062696159732128,0.4612715899332658,0.4510363593532758,92254.31798665316
C,1.02,0.24062696159732128,7,2,float64,0,50000,記述的評価,50000,0.001508454319968867,0.2460438229822217,0.009058399222337865,0.06574,0.00592,0.24062696159732128,0.45887071790277784,0.4510363593532758,22943.53589513889
C,1.02,0.24062696159732128,7,2,float64,50000,100000,記述的評価,50000,0.0005419351010472846,0.24528537059314634,0.006084838119122582,0.06446,0.00588,0.24062696159732128,0.45868644194418345,0.4510363593532758,22934.322097209173
C,1.02,0.24062696159732128,7,2,float64,100000,150000,記述的評価,50000,-0.016240347565937355,0.25902533447734477,0.02556124114813041,0.068,0.00716,0.24062696159732128,0.48359860652327413,0.4510363593532758,24179.930326163707
C,1.02,0.24062696159732128,7,2,float64,150000,200000,記述的評価,50000,-0.0012076940600581972,0.2344346083652319,0.013583437599666959,0.06248,0.00638,0.24062696159732128,0.44393059336282736,0.4510363593532758,22196.529668141367
C,1.02,0.24062696159732128,7,3,float64,0,200000,記述的評価,200000,-0.0025255530330710258,0.24306444673877292,0.005354098725021572,0.06441,0.00644,0.24062696159732128,0.45839919403698776,0.4510363593532758,91679.83880739755
C,1.02,0.24062696159732128,7,3,float64,0,50000,記述的評価,50000,-0.004375423505000916,0.23198879071999298,0.014266398112184664,0.06334,0.00622,0.24062696159732128,0.4510252056133012,0.4510363593532758,22551.26028066506
C,1.02,0.24062696159732128,7,3,float64,50000,100000,記述的評価,50000,0.0035642484015192136,0.24922441098249887,0.011034979688433671,0.06634,0.00696,0.24062696159732128,0.4727515600950076,0.4510363593532758,23637.57800475038
C,1.02,0.24062696159732128,7,3,float64,100000,150000,記述的評価,50000,0.00066338870464829,0.23915349762201388,0.00742086832799585,0.06194,0.00584,0.24062696159732128,0.44143131866151236,0.4510363593532758,22071.565933075617
C,1.02,0.24062696159732128,7,3,float64,150000,200000,記述的評価,50000,-0.01084089192019139,0.25224312767549295,0.019442938079721972,0.06602,0.00674,0.24062696159732128,0.4683886917781305,0.4510363593532758,23419.434588906523
C,1.02,0.24062696159732128,7,4,float64,0,200000,記述的評価,200000,-0.003135771607212334,0.24733242768565955,0.007653029173132597,0.06506,0.00642,0.24062696159732128,0.45794243498100456,0.4510363593532758,91588.48699620091
C,1.02,0.24062696159732128,7,4,float64,0,50000,記述的評価,50000,0.019166279701652477,0.2581259218612544,0.030867180179643627,0.0665,0.00618,0.24062696159732128,0.47089558849864893,0.4510363593532758,23544.779424932447
C,1.02,0.24062696159732128,7,4,float64,50000,100000,記述的評価,50000,-0.005187364066631941,0.2416106590346494,0.010099693467905901,0.06396,0.00674,0.24062696159732128,0.4539128756710996,0.4510363593532758,22695.64378355498
C,1.02,0.24062696159732128,7,4,float64,100000,150000,記述的評価,50000,-0.02051557779521979,0.2376606398157982,0.03590611290337614,0.06332,0.00674,0.24062696159732128,0.44425545628320773,0.4510363593532758,22212.772814160387
C,1.02,0.24062696159732128,7,4,float64,150000,200000,記述的評価,50000,0.016371619669810936,0.25189323011518405,0.021717635046275774,0.06646,0.00602,0.24062696159732128,0.4627058194710616,0.4510363593532758,23135.29097355308
C,1.02,0.24062696159732128,7,5,float64,0,200000,記述的評価,200000,0.008746404528375605,0.23779934094169675,0.013050366905435817,0.061885,0.006155,0.24062696159732128,0.4427186000336874,0.4510363593532758,88543.72000673748
C,1.02,0.24062696159732128,7,5,float64,0,50000,記述的評価,50000,0.018488765256644616,0.2501736503078533,0.027111463613919473,0.06662,0.0072,0.24062696159732128,0.4759218549210433,0.4510363593532758,23796.092746052163
C,1.02,0.24062696159732128,7,5,float64,50000,100000,記述的評価,50000,0.012149173834277292,0.2287289408270618,0.02666451925689073,0.05888,0.00558,0.24062696159732128,0.42502412366304126,0.4510363593532758,21251.206183152062
C,1.02,0.24062696159732128,7,5,float64,100000,150000,記述的評価,50000,0.006322430222657382,0.232859683758589,0.009182940286602825,0.0608,0.00608,0.24062696159732128,0.4315781268815665,0.4510363593532758,21578.906344078325
C,1.02,0.24062696159732128,7,5,float64,150000,200000,記述的評価,50000,-0.003590437051458036,0.23912872268570234,0.02203488913038487,0.06124,0.00576,0.24062696159732128,0.43835029466909836,0.4510363593532758,21917.51473345492
C,1.02,0.24062696159732128,7,6,float64,0,200000,記述的評価,200000,0.006421167607830189,0.25034858895317025,0.009274120564150001,0.06549,0.006755,0.24062696159732128,0.46577915327362707,0.4510363593532758,93155.83065472542
C,1.02,0.24062696159732128,7,6,float64,0,50000,記述的評価,50000,0.007533180931601845,0.27197427836603305,0.02812628532427658,0.07016,0.00734,0.24062696159732128,0.49796814971252584,0.4510363593532758,24898.407485626292
C,1.02,0.24062696159732128,7,6,float64,50000,100000,記述的評価,50000,0.01581422584776042,0.23900690124968066,0.021976270153461763,0.06232,0.0066,0.24062696159732128,0.44908190453310004,0.4510363593532758,22454.095226655
C,1.02,0.24062696159732128,7,6,float64,100000,150000,記述的評価,50000,0.018874174477524618,0.23860347923201852,0.035444241661560516,0.06208,0.00626,0.24062696159732128,0.44293528969388174,0.4510363593532758,22146.764484694086
C,1.02,0.24062696159732128,7,6,float64,150000,200000,記述的評価,50000,-0.019245307346247242,0.25156091819812654,0.036394556854031646,0.0674,0.00682,0.24062696159732128,0.4731312691550011,0.4510363593532758,23656.563457750053
C,1.02,0.24062696159732128,7,7,float64,0,200000,記述的評価,200000,0.0008228574373094064,0.2400125200038778,0.003955744132179806,0.062735,0.00638,0.24062696159732128,0.44749346270516427,0.4510363593532758,89498.69254103285
C,1.02,0.24062696159732128,7,7,float64,0,50000,記述的評価,50000,-0.012240535626109003,0.2456847424835157,0.017398742434845182,0.06464,0.00634,0.24062696159732128,0.4571186917148831,0.4510363593532758,22855.934585744155
C,1.02,0.24062696159732128,7,7,float64,50000,100000,記述的評価,50000,0.018325077114669217,0.2364771207196187,0.028028788099527635,0.06168,0.00638,0.24062696159732128,0.4411495662421415,0.4510363593532758,22057.478312107076
C,1.02,0.24062696159732128,7,7,float64,100000,150000,記述的評価,50000,-0.016853999537395463,0.23955836881893988,0.02862594882064662,0.06222,0.00702,0.24062696159732128,0.4495370588099686,0.4510363593532758,22476.85294049843
C,1.02,0.24062696159732128,7,7,float64,150000,200000,記述的評価,50000,0.021146768875375574,0.23792536861794628,0.028239708078866,0.0624,0.00578,0.24062696159732128,0.44216853405366363,0.4510363593532758,22108.42670268318
C,1.02,0.24062696159732128,7,8,float64,0,200000,記述的評価,200000,0.0031175105801904386,0.2319669013040217,0.008048022993390469,0.06138,0.00634,0.24062696159732128,0.43847922957232516,0.4510363593532758,87695.84591446503
C,1.02,0.24062696159732128,7,8,float64,0,50000,記述的評価,50000,-0.00612394595676559,0.2045726265351335,0.032481895403987826,0.05576,0.00584,0.24062696159732128,0.4020768196848521,0.4510363593532758,20103.840984242604
C,1.02,0.24062696159732128,7,8,float64,50000,100000,記述的評価,50000,0.010593416969045394,0.23396087250074643,0.014734611566129485,0.06338,0.0066,0.24062696159732128,0.44855822132929357,0.4510363593532758,22427.91106646468
C,1.02,0.24062696159732128,7,8,float64,100000,150000,記述的評価,50000,0.012150054032405898,0.2480356431009365,0.01623967706587892,0.06472,0.00644,0.24062696159732128,0.45831727504579045,0.4510363593532758,22915.863752289522
C,1.02,0.24062696159732128,7,8,float64,150000,200000,記述的評価,50000,0.012452288103836702,0.24136834493211717,0.016601174519542627,0.06166,0.00648,0.24062696159732128,0.4449646022293643,0.4510363593532758,22248.230111468216
C,1.02,0.24062696159732128,7,9,float64,0,200000,記述的評価,200000,0.0020464866876152422,0.2390844323186639,0.006781847483233627,0.06291,0.00631,0.24062696159732128,0.44826672750851365,0.4510363593532758,89653.34550170273
C,1.02,0.24062696159732128,7,9,float64,0,50000,記述的評価,50000,-0.017230985923742205,0.24116738585600467,0.0328851882092977,0.06264,0.00632,0.24062696159732128,0.44685908092284354,0.4510363593532758,22342.95404614218
C,1.02,0.24062696159732128,7,9,float64,50000,100000,記述的評価,50000,0.008326532517245381,0.2376682343239444,0.021965262142521536,0.06328,0.00636,0.24062696159732128,0.4469446864372432,0.4510363593532758,22347.23432186216
C,1.02,0.24062696159732128,7,9,float64,100000,150000,記述的評価,50000,0.00301912392779363,0.23921981518545837,0.008411676447630634,0.06224,0.0065,0.24062696159732128,0.4485615548016214,0.4510363593532758,22428.07774008107
C,1.02,0.24062696159732128,7,9,float64,150000,200000,記述的評価,50000,0.01885927419304171,0.23790946160533466,0.0302162761552231,0.06348,0.00606,0.24062696159732128,0.4507015878723462,0.4510363593532758,22535.07939361731
C,1.02,0.24062696159732128,7,10,float64,0,200000,記述的評価,200000,-0.00583517050527825,0.24375159806829555,0.01036135632624463,0.06297,0.00607,0.24062696159732128,0.44894065997168536,0.4510363593532758,89788.13199433708
C,1.02,0.24062696159732128,7,10,float64,0,50000,記述的評価,50000,-0.01045132955984078,0.23517768227500813,0.024968312632279166,0.0615,0.00602,0.24062696159732128,0.4379013538599947,0.4510363593532758,21895.067692999735
C,1.02,0.24062696159732128,7,10,float64,50000,100000,記述的評価,50000,0.009849665659194687,0.2571721728736457,0.016745099708897815,0.06508,0.00656,0.24062696159732128,0.46415911170329754,0.4510363593532758,23207.955585164877
C,1.02,0.24062696159732128,7,10,float64,100000,150000,記述的評価,50000,-0.002302627198520612,0.22980146442523236,0.011621337782205088,0.06098,0.00588,0.24062696159732128,0.4367270001126163,0.4510363593532758,21836.350005630815
C,1.02,0.24062696159732128,7,10,float64,150000,200000,記述的評価,50000,-0.019184970976750586,0.2520186411207536,0.027061332823972106,0.06432,0.00582,0.24062696159732128,0.456975174210833,0.4510363593532758,22848.75871054165
C,1.02,0.24062696159732128,7,11,float64,0,200000,記述的評価,200000,0.005346900426533019,0.23679987418240114,0.007670297884153299,0.062825,0.00614,0.24062696159732128,0.44589566013819154,0.4510363593532758,89179.1320276383
C,1.02,0.24062696159732128,7,11,float64,0,50000,記述的評価,50000,0.010627842399743103,0.24221051514690142,0.020340151781996163,0.06586,0.00666,0.24062696159732128,0.46445709388741335,0.4510363593532758,23222.854694370668
C,1.02,0.24062696159732128,7,11,float64,50000,100000,記述的評価,50000,-0.006825909630823641,0.22870795625093235,0.016675250569704536,0.06168,0.0058,0.24062696159732128,0.4358518854520098,0.4510363593532758,21792.59427260049
C,1.02,0.24062696159732128,7,11,float64,100000,150000,記述的評価,50000,0.015185340711769527,0.239452976122497,0.022988409010522792,0.06214,0.00574,0.24062696159732128,0.4409692724808388,0.4510363593532758,22048.46362404194
C,1.02,0.24062696159732128,7,11,float64,150000,200000,記述的評価,50000,-0.0020178493681204243,0.23602377944125374,0.010532253559404348,0.06162,0.00636,0.24062696159732128,0.4423043887325038,0.4510363593532758,22115.21943662519
C,1.02,0.24062696159732128,7,12,float64,0,200000,記述的評価,200000,-0.016778435328137567,0.2356517012526103,0.02440387313824699,0.06276,0.006395,0.24062696159732128,0.446009169811905,0.4510363593532758,89201.833962381
C,1.02,0.24062696159732128,7,12,float64,0,50000,記述的評価,50000,-0.024733134736240045,0.2286506478994102,0.03732458703077113,0.06096,0.00596,0.24062696159732128,0.432698578975263,0.4510363593532758,21634.92894876315
C,1.02,0.24062696159732128,7,12,float64,50000,100000,記述的評価,50000,-0.02174056367039098,0.235023263232004,0.04291535937870372,0.0638,0.00654,0.24062696159732128,0.4517659931211616,0.4510363593532758,22588.29965605808
C,1.02,0.24062696159732128,7,12,float64,100000,150000,記述的評価,50000,-0.016372153247744985,0.2578725512133181,0.025514432932904396,0.06694,0.00692,0.24062696159732128,0.4761895461288081,0.4510363593532758,23809.477306440403
C,1.02,0.24062696159732128,7,12,float64,150000,200000,記述的評価,50000,-0.0022483434208816627,0.22123992531360281,0.02043070382192158,0.05934,0.00616,0.24062696159732128,0.42338256102238747,0.4510363593532758,21169.128051119373
C,1.02,0.24062696159732128,7,13,float64,0,200000,記述的評価,200000,-0.002681154519825168,0.2348248056735967,0.006509466760878491,0.06154,0.005805,0.24062696159732128,0.43840116818359276,0.4510363593532758,87680.23363671855
C,1.02,0.24062696159732128,7,13,float64,0,50000,記述的評価,50000,0.021807165740087703,0.2312156322302789,0.03317468554232794,0.06224,0.006,0.24062696159732128,0.44037407267174844,0.4510363593532758,22018.70363358742
C,1.02,0.24062696159732128,7,13,float64,50000,100000,記述的評価,50000,-0.008808489071687318,0.23394036057668532,0.015172361247447197,0.06074,0.0059,0.24062696159732128,0.43556440675900476,0.4510363593532758,21778.22033795024
C,1.02,0.24062696159732128,7,13,float64,100000,150000,記述的評価,50000,0.0007362775837268507,0.2294186234910076,0.01347823563205347,0.0596,0.0052,0.24062696159732128,0.4268574114960217,0.4510363593532758,21342.870574801083
C,1.02,0.24062696159732128,7,13,float64,150000,200000,記述的評価,50000,-0.018973783169017436,0.245309189853797,0.028344776205615874,0.06358,0.00612,0.24062696159732128,0.45080878180759604,0.4510363593532758,22540.4390903798
C,1.02,0.24062696159732128,7,14,float64,0,200000,記述的評価,200000,-0.006691641417800566,0.23917906687445656,0.011029411096012631,0.06188,0.00657,0.24062696159732128,0.44520787383923205,0.4510363593532758,89041.57476784641
C,1.02,0.24062696159732128,7,14,float64,0,50000,記述的評価,50000,-0.02926617973517044,0.24788529538969545,0.050570622695984335,0.06444,0.0081,0.24062696159732128,0.4662625623096263,0.4510363593532758,23313.128115481315
C,1.02,0.24062696159732128,7,14,float64,50000,100000,記述的評価,50000,-0.0024587358280510315,0.2271804420727625,0.014419495748253408,0.06034,0.00548,0.24062696159732128,0.4285768227628804,0.4510363593532758,21428.84113814402
C,1.02,0.24062696159732128,7,14,float64,100000,150000,記述的評価,50000,0.01201012727884055,0.23663908839000888,0.02241189300643992,0.0601,0.00628,0.24062696159732128,0.4342794211880122,0.4510363593532758,21713.97105940061
C,1.02,0.24062696159732128,7,14,float64,150000,200000,記述的評価,50000,-0.006525841575140608,0.24396231514185465,0.011480896971331755,0.06264,0.00642,0.24062696159732128,0.4517126890964093,0.4510363593532758,22585.634454820465
C,1.02,0.24062696159732128,7,15,float64,0,200000,記述的評価,200000,-0.008403641207098203,0.24301895622111896,0.01343696312972431,0.06407,0.006425,0.24062696159732128,0.45536412295007556,0.4510363593532758,91072.82459001511
C,1.02,0.24062696159732128,7,15,float64,0,50000,記述的評価,50000,0.0027157121407281326,0.23516569240364682,0.012136552792058164,0.06184,0.00574,0.24062696159732128,0.4383714142489382,0.4510363593532758,21918.57071244691
C,1.02,0.24062696159732128,7,15,float64,50000,100000,記述的評価,50000,-0.009976671458072198,0.25119411320843293,0.016606989143244766,0.06532,0.00658,0.24062696159732128,0.4648221981898761,0.4510363593532758,23241.109909493804
C,1.02,0.24062696159732128,7,15,float64,100000,150000,記述的評価,50000,-0.01682832074752963,0.24031732028379643,0.03187405992867176,0.06328,0.00666,0.24062696159732128,0.45351962216728847,0.4510363593532758,22675.981108364424
C,1.02,0.24062696159732128,7,15,float64,150000,200000,記述的評価,50000,-0.014640215312090196,0.24560222943199927,0.021622100617516904,0.06584,0.00672,0.24062696159732128,0.46474325719419973,0.4510363593532758,23237.162859709988
C,1.02,0.24062696159732128,7,16,float64,0,200000,記述的評価,200000,0.002763678920664964,0.2372220418530434,0.010875603395242628,0.06272,0.00626,0.24062696159732128,0.44660107275080846,0.4510363593532758,89320.21455016169
C,1.02,0.24062696159732128,7,16,float64,0,50000,記述的評価,50000,0.01133820433266872,0.24263176452197854,0.01705819467518699,0.06494,0.00676,0.24062696159732128,0.4628916461424517,0.4510363593532758,23144.582307122586
C,1.02,0.24062696159732128,7,16,float64,50000,100000,記述的評価,50000,-0.0019168236280783949,0.23612296757241802,0.02124245058033014,0.0614,0.00636,0.24062696159732128,0.43832736947682766,0.4510363593532758,21916.368473841383
C,1.02,0.24062696159732128,7,16,float64,100000,150000,記述的評価,50000,0.002497909382443075,0.22937736198470976,0.020699804698851354,0.06146,0.00554,0.24062696159732128,0.438495604049588,0.4510363593532758,21924.7802024794
C,1.02,0.24062696159732128,7,16,float64,150000,200000,記述的評価,50000,0.0105039165703689,0.23937870022576307,0.018184539911770936,0.06308,0.00638,0.24062696159732128,0.44668967133436605,0.4510363593532758,22334.483566718303
C,1.02,0.24062696159732128,7,17,float64,0,200000,記述的評価,200000,-0.003414035059571912,0.23945802469994815,0.007510797495902222,0.063435,0.0062,0.24062696159732128,0.4494349630490952,0.4510363593532758,89886.99260981903
C,1.02,0.24062696159732128,7,17,float64,0,50000,記述的評価,50000,0.013059615629962681,0.24511730757216943,0.02028807772379282,0.06324,0.00618,0.24062696159732128,0.452537072943143,0.4510363593532758,22626.85364715715
C,1.02,0.24062696159732128,7,17,float64,50000,100000,記述的評価,50000,-0.01267301013708855,0.22760982663058987,0.027810676059736694,0.06074,0.0061,0.24062696159732128,0.4308334285027954,0.4510363593532758,21541.671425139768
C,1.02,0.24062696159732128,7,17,float64,100000,150000,記述的評価,50000,-7.729555901680046e-05,0.23502604690523182,0.01195810343107545,0.06458,0.00602,0.24062696159732128,0.4532062835220741,0.4510363593532758,22660.314176103704
C,1.02,0.24062696159732128,7,17,float64,150000,200000,記述的評価,50000,-0.014040161124647725,0.24976804331927716,0.02237580223012625,0.06518,0.0065,0.24062696159732128,0.46116306722836875,0.4510363593532758,23058.153361418437
C,1.02,0.24062696159732128,7,18,float64,0,200000,記述的評価,200000,-0.010608762956289718,0.24826836084689619,0.015486325354849895,0.06518,0.00628,0.24062696159732128,0.46173829177460973,0.4510363593532758,92347.65835492195
C,1.02,0.24062696159732128,7,18,float64,0,50000,記述的評価,50000,-0.0023546536632533203,0.2334773857023661,0.015515195597242126,0.06224,0.00586,0.24062696159732128,0.4386360896918471,0.4510363593532758,21931.804484592354
C,1.02,0.24062696159732128,7,18,float64,50000,100000,記述的評価,50000,-0.013176346583093735,0.25731903048986327,0.019711460721794638,0.06776,0.00674,0.24062696159732128,0.47840069457514495,0.4510363593532758,23920.034728757248
C,1.02,0.24062696159732128,7,18,float64,100000,150000,記述的評価,50000,-0.012136908141202052,0.26097643392404135,0.023799624257822394,0.06774,0.00658,0.24062696159732128,0.4779846150699102,0.4510363593532758,23899.23075349551
C,1.02,0.24062696159732128,7,18,float64,150000,200000,記述的評価,50000,-0.014344430660509904,0.24132403637991479,0.024458693373316076,0.06298,0.00594,0.24062696159732128,0.4519317677615366,0.4510363593532758,22596.58838807683
C,1.02,0.24062696159732128,7,19,float64,0,200000,記述的評価,200000,-0.008178782638020275,0.25030102818760325,0.015404363628981677,0.064975,0.00656,0.24062696159732128,0.4617980574468131,0.4510363593532758,92359.61148936262
C,1.02,0.24062696159732128,7,19,float64,0,50000,記述的評価,50000,0.010939348794702155,0.2441691958693119,0.020741139925107677,0.06466,0.00668,0.24062696159732128,0.4612691777138075,0.4510363593532758,23063.458885690376
C,1.02,0.24062696159732128,7,19,float64,50000,100000,記述的評価,50000,-0.024400168077620195,0.26336686105113505,0.0328645304017236,0.06748,0.00672,0.24062696159732128,0.4804453328842199,0.4510363593532758,24022.266644210995
C,1.02,0.24062696159732128,7,19,float64,100000,150000,記述的評価,50000,-0.020334064387167273,0.2531935252589061,0.02760094865266105,0.06564,0.00674,0.24062696159732128,0.4641643403446955,0.4510363593532758,23208.217017234776
C,1.02,0.24062696159732128,7,19,float64,150000,200000,記述的評価,50000,-0.005126988412960591,0.24004983467276259,0.021049441478315223,0.06212,0.0061,0.24062696159732128,0.44131337884453026,0.4510363593532758,22065.66894222651
C,1.05,0.37070573256992756,8,0,float64,0,200000,記述的評価,200000,-0.0033257176453571676,0.3735514467477642,0.0036022765649796895,0.06457,0.006095,0.37070573256992756,0.6840087618512296,0.6794416451037585,136801.75237024593
C,1.05,0.37070573256992756,8,0,float64,0,50000,記述的評価,50000,0.0011429618669119874,0.38272354060538305,0.007993614078169009,0.06664,0.006,0.37070573256992756,0.6936036751603951,0.6794416451037585,34680.18375801975
C,1.05,0.37070573256992756,8,0,float64,50000,100000,記述的評価,50000,-0.01187572664318321,0.3685781461667622,0.014100432879114444,0.06404,0.0062,0.37070573256992756,0.6815339500811071,0.6794416451037585,34076.69750405535
C,1.05,0.37070573256992756,8,0,float64,100000,150000,記述的評価,50000,0.011556576285607889,0.3697199984506181,0.014167583828376185,0.06488,0.00626,0.37070573256992756,0.6824532250011959,0.6794416451037585,34122.66125005979
C,1.05,0.37070573256992756,8,0,float64,150000,200000,記述的評価,50000,-0.013432216858748087,0.3726654087488229,0.014560131755621042,0.06272,0.00592,0.37070573256992756,0.6784441971622203,0.6794416451037585,33922.20985811101
C,1.05,0.37070573256992756,8,1,float64,0,200000,記述的評価,200000,0.003020587986412134,0.3744839525728423,0.00341094287211563,0.06479,0.00662,0.37070573256992756,0.6878245741537719,0.6794416451037585,137564.91483075437
C,1.05,0.37070573256992756,8,1,float64,0,50000,記述的評価,50000,-0.003835884223345588,0.361069503231732,0.007427029885422209,0.0627,0.00754,0.37070573256992756,0.67727098010106,0.6794416451037585,33863.549005053
C,1.05,0.37070573256992756,8,1,float64,50000,100000,記述的評価,50000,-0.011314281456552307,0.3693088870207403,0.01237169563914331,0.06452,0.0061,0.37070573256992756,0.6803257793684258,0.6794416451037585,34016.288968421286
C,1.05,0.37070573256992756,8,1,float64,100000,150000,記述的評価,50000,0.018806023259016147,0.3822338247439556,0.018393624210951198,0.06512,0.00626,0.37070573256992756,0.6944136605258358,0.6794416451037585,34720.68302629179
C,1.05,0.37070573256992756,8,1,float64,150000,200000,記述的評価,50000,0.002432276044984965,0.3842819206099599,0.0116093997354072,0.06682,0.00658,0.37070573256992756,0.699287876619766,0.6794416451037585,34964.3938309883
C,1.05,0.37070573256992756,8,2,float64,0,200000,記述的評価,200000,-0.012200700653308263,0.37821711132489266,0.010640975170565614,0.063385,0.006605,0.37070573256992756,0.6854148887699968,0.6794416451037585,137082.97775399935
C,1.05,0.37070573256992756,8,2,float64,0,50000,記述的評価,50000,-0.0011286295705250499,0.36557394470207494,0.0066605083730909564,0.06164,0.00634,0.37070573256992756,0.6662008141550737,0.6794416451037585,33310.04070775369
C,1.05,0.37070573256992756,8,2,float64,50000,100000,記述的評価,50000,0.0007014479103916577,0.3780909160606353,0.01116887667820976,0.06312,0.00676,0.37070573256992756,0.6842683804995723,0.6794416451037585,34213.41902497861
C,1.05,0.37070573256992756,8,2,float64,100000,150000,記述的評価,50000,-0.0012535211289259561,0.3710524000225066,0.00473060287844107,0.06322,0.00632,0.37070573256992756,0.6823437596107973,0.6794416451037585,34117.187980539864
C,1.05,0.37070573256992756,8,2,float64,150000,200000,記述的評価,50000,-0.04032333257317903,0.397577037763692,0.03614029654270323,0.06556,0.007,0.37070573256992756,0.7088466008145436,0.6794416451037585,35442.33004072718
C,1.05,0.37070573256992756,8,3,float64,0,200000,記述的評価,200000,0.0018479362863171945,0.36585640213182413,0.006082278315093725,0.06309,0.00637,0.37070573256992756,0.6764289712090606,0.6794416451037585,135285.79424181214
C,1.05,0.37070573256992756,8,3,float64,0,50000,記述的評価,50000,0.003173829422848987,0.35978803514836777,0.012604302363645126,0.06254,0.00664,0.37070573256992756,0.6737239903448928,0.6794416451037585,33686.19951724464
C,1.05,0.37070573256992756,8,3,float64,50000,100000,記述的評価,50000,0.00027399144840707174,0.3703963375435638,0.003682415440141029,0.06414,0.0065,0.37070573256992756,0.6830453435281696,0.6794416451037585,34152.26717640848
C,1.05,0.37070573256992756,8,3,float64,100000,150000,記述的評価,50000,0.00623736949463354,0.3680121244245519,0.01074582437144167,0.06356,0.00662,0.37070573256992756,0.6804694849417571,0.6794416451037585,34023.474247087855
C,1.05,0.37070573256992756,8,3,float64,150000,200000,記述的評価,50000,-0.0006052943254188602,0.36524700756496886,0.008241470501847314,0.06212,0.00572,0.37070573256992756,0.6684770660214241,0.6794416451037585,33423.853301071205
C,1.05,0.37070573256992756,8,4,float64,0,200000,記述的評価,200000,-0.0005158786151083271,0.3662656347923869,0.0024632389534285093,0.062775,0.00625,0.37070573256992756,0.6727949110482827,0.6794416451037585,134558.98220965653
C,1.05,0.37070573256992756,8,4,float64,0,50000,記述的評価,50000,0.01188179229182288,0.3578931866899931,0.015578758050644348,0.06248,0.00604,0.37070573256992756,0.6671976064003171,0.6794416451037585,33359.88032001586
C,1.05,0.37070573256992756,8,4,float64,50000,100000,記述的評価,50000,-0.012970243179132805,0.36996975197648907,0.013924282381949316,0.06332,0.00626,0.37070573256992756,0.6754471329461905,0.6794416451037585,33772.35664730953
C,1.05,0.37070573256992756,8,4,float64,100000,150000,記述的評価,50000,-0.02027080051162204,0.3648272736862219,0.0180822669837441,0.06226,0.00652,0.37070573256992756,0.672392851131645,0.6794416451037585,33619.64255658225
C,1.05,0.37070573256992756,8,4,float64,150000,200000,記述的評価,50000,0.008909035062921605,0.37205851973264503,0.010518177887028468,0.06304,0.00618,0.37070573256992756,0.6761420537149773,0.6794416451037585,33807.10268574886
C,1.05,0.37070573256992756,8,5,float64,0,200000,記述的評価,200000,0.006093969398600343,0.37404836868561187,0.006918763178203724,0.06555,0.00653,0.37070573256992756,0.6916986677577714,0.6794416451037585,138339.7335515543
C,1.05,0.37070573256992756,8,5,float64,0,50000,記述的評価,50000,-0.006512085450442209,0.37834927267370444,0.008105748340171304,0.06584,0.00678,0.37070573256992756,0.6985952655219512,0.6794416451037585,34929.76327609756
C,1.05,0.37070573256992756,8,5,float64,50000,100000,記述的評価,50000,0.0165077672517542,0.3735542300786846,0.018230588574483952,0.06518,0.0063,0.37070573256992756,0.6887722183996878,0.6794416451037585,34438.61091998439
C,1.05,0.37070573256992756,8,5,float64,100000,150000,記述的評価,50000,0.008611112444470001,0.37662599057168783,0.007993504171448285,0.06574,0.00622,0.37070573256992756,0.6933776180882829,0.6794416451037585,34668.880904414145
C,1.05,0.37070573256992756,8,5,float64,150000,200000,記述的評価,50000,0.003333693726737146,0.3660769414182423,0.009940553657437179,0.06544,0.00682,0.37070573256992756,0.6860495690211634,0.6794416451037585,34302.478451058174
C,1.05,0.37070573256992756,8,6,float64,0,200000,記述的評価,200000,0.005906382397160952,0.3612188114643283,0.007627077624946965,0.063075,0.00613,0.37070573256992756,0.6704402969630898,0.6794416451037585,134088.05939261796
C,1.05,0.37070573256992756,8,6,float64,0,50000,記述的評価,50000,0.020883415437514465,0.36117672866511796,0.018958664603441255,0.06264,0.00648,0.37070573256992756,0.6691204006021759,0.6794416451037585,33456.0200301088
C,1.05,0.37070573256992756,8,6,float64,50000,100000,記述的評価,50000,0.00445468689632556,0.35935305353657887,0.011878400077108553,0.06376,0.00606,0.37070573256992756,0.6737039412155668,0.6794416451037585,33685.19706077834
C,1.05,0.37070573256992756,8,6,float64,100000,150000,記述的評価,50000,0.0026289537189217328,0.35656841161010744,0.008891028531984535,0.06204,0.00578,0.37070573256992756,0.6593382480823273,0.6794416451037585,32966.91240411637
C,1.05,0.37070573256992756,8,6,float64,150000,200000,記述的評価,50000,-0.0006187779279625225,0.36790341164165385,0.005714005485479734,0.06386,0.0062,0.37070573256992756,0.6795985979522892,0.6794416451037585,33979.92989761446
C,1.05,0.37070573256992756,8,7,float64,0,200000,記述的評価,200000,-0.005703457041405557,0.3604845557322194,0.012415347714916147,0.061855,0.006155,0.37070573256992756,0.6666592396221241,0.6794416451037585,133331.84792442483
C,1.05,0.37070573256992756,8,7,float64,0,50000,記述的評価,50000,0.017817201906521616,0.36437656792859563,0.019121961153004297,0.06188,0.00622,0.37070573256992756,0.6701982371349812,0.6794416451037585,33509.91185674906
C,1.05,0.37070573256992756,8,7,float64,50000,100000,記述的評価,50000,-0.022001378342449807,0.3612827947119723,0.027297193972133926,0.06342,0.00638,0.37070573256992756,0.6725955321472521,0.6794416451037585,33629.776607362604
C,1.05,0.37070573256992756,8,7,float64,100000,150000,記述的評価,50000,-0.011310314938063233,0.3491774165761634,0.028696655174537566,0.05976,0.0062,0.37070573256992756,0.6500977303420152,0.6794416451037585,32504.88651710076
C,1.05,0.37070573256992756,8,7,float64,150000,200000,記述的評価,50000,-0.0030558256180435303,0.36781025088217606,0.005748795628418901,0.06236,0.00582,0.37070573256992756,0.6737454588642476,0.6794416451037585,33687.27294321238
C,1.05,0.37070573256992756,8,8,float64,0,200000,記述的評価,200000,-0.006147101417662441,0.37186518190939993,0.005468453156679931,0.06447,0.006645,0.37070573256992756,0.6838401596411187,0.6794416451037585,136768.03192822373
C,1.05,0.37070573256992756,8,8,float64,0,50000,記述的評価,50000,-0.004091314358017326,0.3811481284073327,0.0076002731876751994,0.06348,0.00646,0.37070573256992756,0.6853891507520721,0.6794416451037585,34269.4575376036
C,1.05,0.37070573256992756,8,8,float64,50000,100000,記述的評価,50000,0.003593348484861387,0.3828653680857421,0.011377346589228843,0.06694,0.0075,0.37070573256992756,0.704525792470098,0.6794416451037585,35226.2896235049
C,1.05,0.37070573256992756,8,8,float64,100000,150000,記述的評価,50000,-0.011643630063385646,0.37105093043879167,0.013016254840956143,0.06508,0.00678,0.37070573256992756,0.6872946342211519,0.6794416451037585,34364.7317110576
C,1.05,0.37070573256992756,8,8,float64,150000,200000,記述的評価,50000,-0.009856425670928811,0.35240107007155197,0.01933011483752367,0.06238,0.00584,0.37070573256992756,0.6581510611211527,0.6794416451037585,32907.55305605764
C,1.05,0.37070573256992756,8,9,float64,0,200000,記述的評価,200000,-0.00030404195929660137,0.36663354418085936,0.002188442847143701,0.06349,0.006565,0.37070573256992756,0.6770870676726889,0.6794416451037585,135417.41353453777
C,1.05,0.37070573256992756,8,9,float64,0,50000,記述的評価,50000,0.006040946848612507,0.3665558917780974,0.006637574075683994,0.06346,0.00634,0.37070573256992756,0.6772544048451773,0.6794416451037585,33862.72024225887
C,1.05,0.37070573256992756,8,9,float64,50000,100000,記述的評価,50000,-0.016492222438675513,0.36668075546050116,0.016574825844880903,0.06382,0.00652,0.37070573256992756,0.6768337993182332,0.6794416451037585,33841.68996591166
C,1.05,0.37070573256992756,8,9,float64,100000,150000,記述的評価,50000,-0.00032952308112052433,0.3708374161094103,0.003808210411961166,0.06356,0.00652,0.37070573256992756,0.6785121973443182,0.6794416451037585,33925.60986721591
C,1.05,0.37070573256992756,8,9,float64,150000,200000,記述的評価,50000,0.01060931333441925,0.3625382179312409,0.012396066987637011,0.06312,0.00688,0.37070573256992756,0.6757478691830268,0.6794416451037585,33787.39345915134
C,1.05,0.37070573256992756,8,10,float64,0,200000,記述的評価,200000,0.003861137752159946,0.37974813328736123,0.008199121254109265,0.06381,0.00624,0.37070573256992756,0.6862154244605461,0.6794416451037585,137243.0848921092
C,1.05,0.37070573256992756,8,10,float64,0,50000,記述的評価,50000,0.0033055975557854684,0.37367042290279123,0.0058461298189544375,0.06224,0.0061,0.37070573256992756,0.6758429307727328,0.6794416451037585,33792.14653863664
C,1.05,0.37070573256992756,8,10,float64,50000,100000,記述的評価,50000,0.011693878288204061,0.3824981453945111,0.014707004773674925,0.06362,0.00638,0.37070573256992756,0.6890390552678318,0.6794416451037585,34451.95276339159
C,1.05,0.37070573256992756,8,10,float64,100000,150000,記述的評価,50000,-0.0002382291243932926,0.37475324437915286,0.008921156624304039,0.06224,0.00602,0.37070573256992756,0.6747771778046201,0.6794416451037585,33738.85889023101
C,1.05,0.37070573256992756,8,10,float64,150000,200000,記述的評価,50000,0.0006849899163874347,0.3881876623626803,0.01012344426450107,0.06714,0.00646,0.37070573256992756,0.7052025339969994,0.6794416451037585,35260.12669984997
C,1.05,0.37070573256992756,8,11,float64,0,200000,記述的評価,200000,0.003981874232110902,0.37407322530901077,0.004118498287893679,0.063395,0.006615,0.37070573256992756,0.6815642892594036,0.6794416451037585,136312.85785188072
C,1.05,0.37070573256992756,8,11,float64,0,50000,記述的評価,50000,0.0034650209137939243,0.3691851647264477,0.0054336689403490235,0.06224,0.00656,0.37070573256992756,0.67396750938174,0.6794416451037585,33698.375469087
C,1.05,0.37070573256992756,8,11,float64,50000,100000,記述的評価,50000,0.024896633677650028,0.368408506657488,0.02600264741092584,0.06338,0.007,0.37070573256992756,0.6823784660343272,0.6794416451037585,34118.92330171636
C,1.05,0.37070573256992756,8,11,float64,100000,150000,記述的評価,50000,-0.00043084831298248737,0.37434439216615956,0.006172115588057081,0.06366,0.00672,0.37070573256992756,0.6822071905912576,0.6794416451037585,34110.35952956288
C,1.05,0.37070573256992756,8,11,float64,150000,200000,記述的評価,50000,-0.022163193064914252,0.384248443062399,0.020263484020348277,0.0643,0.00618,0.37070573256992756,0.6877039910302902,0.6794416451037585,34385.19955151451
C,1.05,0.37070573256992756,8,12,float64,0,200000,記述的評価,200000,0.005701005952757833,0.3720073168321072,0.004941586984671342,0.06346,0.00624,0.37070573256992756,0.6788016501220272,0.6794416451037585,135760.33002440544
C,1.05,0.37070573256992756,8,12,float64,0,50000,記述的評価,50000,0.009915719456585231,0.3770006421283129,0.009552178715679205,0.06296,0.00634,0.37070573256992756,0.6814227925600008,0.6794416451037585,34071.13962800004
C,1.05,0.37070573256992756,8,12,float64,50000,100000,記述的評価,50000,0.017912481351216265,0.3771170524628349,0.017923346263442774,0.06554,0.00638,0.37070573256992756,0.6891296933979284,0.6794416451037585,34456.48466989642
C,1.05,0.37070573256992756,8,12,float64,100000,150000,記述的評価,50000,-0.015759548435381528,0.3663482933073764,0.014440602690299342,0.06392,0.00626,0.37070573256992756,0.6795786495119888,0.6794416451037585,33978.93247559944
C,1.05,0.37070573256992756,8,12,float64,150000,200000,記述的評価,50000,0.0067623977942747136,0.36734054986164477,0.0071265135448803085,0.06142,0.00598,0.37070573256992756,0.6650754650181919,0.6794416451037585,33253.773250909595
C,1.05,0.37070573256992756,8,13,float64,0,200000,記述的評価,200000,0.003397920376105969,0.3697807582341418,0.0036980057462615568,0.06357,0.00657,0.37070573256992756,0.6805167542523095,0.6794416451037585,136103.3508504619
C,1.05,0.37070573256992756,8,13,float64,0,50000,記述的評価,50000,0.0018563393667128153,0.36192818404098,0.008356449474635541,0.06386,0.00614,0.37070573256992756,0.6762113892246339,0.6794416451037585,33810.569461231695
C,1.05,0.37070573256992756,8,13,float64,50000,100000,記述的評価,50000,0.016517095912605865,0.37697775030141933,0.016109239865102265,0.06308,0.00676,0.37070573256992756,0.6837628917318619,0.6794416451037585,34188.144586593095
C,1.05,0.37070573256992756,8,13,float64,100000,150000,記述的評価,50000,-0.011834487824199335,0.368187077413405,0.017821373057744783,0.06468,0.0069,0.37070573256992756,0.6826120815728027,0.6794416451037585,34130.604078640135
C,1.05,0.37070573256992756,8,13,float64,150000,200000,記述的評価,50000,0.010299089030125018,0.37174634814706475,0.01022769620602243,0.06266,0.00648,0.37070573256992756,0.67948065447994,0.6794416451037585,33974.032723997
C,1.05,0.37070573256992756,8,14,float64,0,200000,記述的評価,200000,-0.0023231625613809523,0.36392242783881545,0.003915605270299605,0.063275,0.00627,0.37070573256992756,0.6727584831781396,0.6794416451037585,134551.69663562792
C,1.05,0.37070573256992756,8,14,float64,0,50000,記述的評価,50000,-0.0013559768171216983,0.3526827027300645,0.014327099818772338,0.06268,0.0062,0.37070573256992756,0.6623794725722683,0.6794416451037585,33118.973628613414
C,1.05,0.37070573256992756,8,14,float64,50000,100000,記述的評価,50000,-0.01485013253634106,0.3760479592366771,0.013418873454299374,0.06594,0.0062,0.37070573256992756,0.6868807346234755,0.6794416451037585,34344.03673117378
C,1.05,0.37070573256992756,8,14,float64,100000,150000,記述的評価,50000,-0.0026630069426673035,0.3623089741096239,0.009903550264957317,0.06182,0.00604,0.37070573256992756,0.6652980955999358,0.6794416451037585,33264.90477999679
C,1.05,0.37070573256992756,8,14,float64,150000,200000,記述的評価,50000,0.008872762397218133,0.3639283521097345,0.011854520924608591,0.06266,0.00664,0.37070573256992756,0.6764756299168784,0.6794416451037585,33823.78149584392
C,1.05,0.37070573256992756,8,15,float64,0,200000,記述的評価,200000,0.007441312067544626,0.37268189575091404,0.007031162889855613,0.06334,0.00625,0.37070573256992756,0.6791665991167806,0.6794416451037585,135833.3198233561
C,1.05,0.37070573256992756,8,15,float64,0,50000,記述的評価,50000,0.0039930729164344815,0.3722937720015387,0.003762463912165448,0.0631,0.00622,0.37070573256992756,0.6762493144412519,0.6794416451037585,33812.465722062596
C,1.05,0.37070573256992756,8,15,float64,50000,100000,記述的評価,50000,0.02607683064201341,0.36843954936378076,0.028594481205223843,0.06138,0.00634,0.37070573256992756,0.670616563952983,0.6794416451037585,33530.82819764915
C,1.05,0.37070573256992756,8,15,float64,100000,150000,記述的評価,50000,0.001412429350252291,0.37456609615693903,0.007177216844371059,0.06484,0.00646,0.37070573256992756,0.6872701768500052,0.6794416451037585,34363.50884250026
C,1.05,0.37070573256992756,8,15,float64,150000,200000,記述的評価,50000,-0.003435620069919881,0.3752241844506373,0.0070196836905034865,0.06404,0.00598,0.37070573256992756,0.6825303412228823,0.6794416451037585,34126.51706114411
C,1.05,0.37070573256992756,8,16,float64,0,200000,記述的評価,200000,-0.0036173136617932847,0.36729551014069806,0.00564169900325584,0.06322,0.006415,0.37070573256992756,0.6764318610403072,0.6794416451037585,135286.37220806142
C,1.05,0.37070573256992756,8,16,float64,0,50000,記述的評価,50000,-0.010120302033157936,0.3519303559927167,0.019504666708923035,0.06134,0.00604,0.37070573256992756,0.6569580841347052,0.6794416451037585,32847.904206735264
C,1.05,0.37070573256992756,8,16,float64,50000,100000,記述的評価,50000,-0.022580695237403713,0.3773403203805833,0.022552241902195513,0.0638,0.0069,0.37070573256992756,0.6876793505724607,0.6794416451037585,34383.967528623034
C,1.05,0.37070573256992756,8,16,float64,100000,150000,記述的評価,50000,0.008795550173115323,0.3736049088387305,0.00789948714689881,0.06524,0.00676,0.37070573256992756,0.6904100652661388,0.6794416451037585,34520.50326330694
C,1.05,0.37070573256992756,8,16,float64,150000,200000,記述的評価,50000,0.015786636807188486,0.36658524261643954,0.014499593047561876,0.0625,0.00596,0.37070573256992756,0.670679944187924,0.6794416451037585,33533.9972093962
C,1.05,0.37070573256992756,8,17,float64,0,200000,記述的評価,200000,-0.005488730175640591,0.37838801029674796,0.009299949105715577,0.064345,0.006625,0.37070573256992756,0.6876500905142586,0.6794416451037585,137530.01810285173
C,1.05,0.37070573256992756,8,17,float64,0,50000,記述的評価,50000,-0.009229612568967788,0.381785429505324,0.010073446297208355,0.06454,0.0071,0.37070573256992756,0.6926309661677041,0.6794416451037585,34631.54830838521
C,1.05,0.37070573256992756,8,17,float64,50000,100000,記述的評価,50000,0.01469999908269921,0.37528241577979266,0.012858576223800933,0.06304,0.00654,0.37070573256992756,0.6816402430609689,0.6794416451037585,34082.01215304845
C,1.05,0.37070573256992756,8,17,float64,100000,150000,記述的評価,50000,-0.011492638822752872,0.3672518627850937,0.013762875732933333,0.0635,0.0065,0.37070573256992756,0.6769007777787865,0.6794416451037585,33845.03888893933
C,1.05,0.37070573256992756,8,17,float64,150000,200000,記述的評価,50000,-0.016541490729909826,0.38903934793215983,0.021779208964618046,0.0663,0.00636,0.37070573256992756,0.6994283750495738,0.6794416451037585,34971.41875247869
C,1.05,0.37070573256992756,8,18,float64,0,200000,記述的評価,200000,-0.00432736919737187,0.3613687804548451,0.008847718887645128,0.06211,0.006325,0.37070573256992756,0.6671383407481551,0.6794416451037585,133427.66814963103
C,1.05,0.37070573256992756,8,18,float64,0,50000,記述的評価,50000,-0.015754651018299006,0.36726045332901835,0.01734618922649067,0.06404,0.00672,0.37070573256992756,0.6794268824774491,0.6794416451037585,33971.344123872455
C,1.05,0.37070573256992756,8,18,float64,50000,100000,記述的評価,50000,-0.0032710610760976885,0.3526679176197176,0.01133502177384671,0.06122,0.00628,0.37070573256992756,0.6585436739711054,0.6794416451037585,32927.183698555265
C,1.05,0.37070573256992756,8,18,float64,100000,150000,記述的評価,50000,-0.003362155304582509,0.3621265077143445,0.01299621987404287,0.06128,0.00616,0.37070573256992756,0.6658976272895129,0.6794416451037585,33294.881364475645
C,1.05,0.37070573256992756,8,18,float64,150000,200000,記述的評価,50000,0.0036231475277663547,0.36355893053985794,0.01449414618909689,0.0619,0.00614,0.37070573256992756,0.6646851792545536,0.6794416451037585,33234.25896272768
C,1.05,0.37070573256992756,8,19,float64,0,200000,記述的評価,200000,-0.0015362379822861714,0.36417069957298415,0.0034452067540392817,0.062775,0.00633,0.37070573256992756,0.6721755956262736,0.6794416451037585,134435.1191252547
C,1.05,0.37070573256992756,8,19,float64,0,50000,記述的評価,50000,0.016803350200772817,0.36451547981302546,0.014672904118497643,0.06464,0.00652,0.37070573256992756,0.6786634303956851,0.6794416451037585,33933.17151978426
C,1.05,0.37070573256992756,8,19,float64,50000,100000,記述的評価,50000,-0.007375734501653892,0.37927850217464054,0.013326091874567791,0.06516,0.00632,0.37070573256992756,0.6890426601045591,0.6794416451037585,34452.13300522795
C,1.05,0.37070573256992756,8,19,float64,100000,150000,記述的評価,50000,-0.0035254033764828053,0.36347290372788243,0.005739834729070248,0.0614,0.00606,0.37070573256992756,0.6668472449228989,0.6794416451037585,33342.36224614495
C,1.05,0.37070573256992756,8,19,float64,150000,200000,記述的評価,50000,-0.005112764280071716,0.34866524020224066,0.01556303360141964,0.0599,0.00642,0.37070573256992756,0.6541490470819512,0.6794416451037585,32707.45235409756
C,1.1,0.5029405749446393,9,0,float64,0,200000,記述的評価,200000,-0.001659236377686809,0.49606290727661145,0.0027128315465042574,0.06223,0.006155,0.5029405749446393,0.9017490222950543,0.9101573245261001,180349.80445901086
C,1.1,0.5029405749446393,9,0,float64,0,50000,記述的評価,50000,-0.012127731911918366,0.4988400370720092,0.011114169971526922,0.06158,0.00564,0.5029405749446393,0.8975587656798742,0.9101573245261001,44877.93828399371
C,1.1,0.5029405749446393,9,0,float64,50000,100000,記述的評価,50000,-0.003247855641644781,0.4969739137153816,0.004233810157065032,0.06208,0.00678,0.5029405749446393,0.906426050602568,0.9101573245261001,45321.3025301284
C,1.1,0.5029405749446393,9,0,float64,100000,150000,記述的評価,50000,0.0009555280380661392,0.49994143549698666,0.0031173794578643332,0.06234,0.00588,0.5029405749446393,0.9061962342096954,0.9101573245261001,45309.81171048477
C,1.1,0.5029405749446393,9,0,float64,150000,200000,記述的評価,50000,0.007575764923934937,0.4889188032071428,0.008624096152745953,0.06292,0.00632,0.5029405749446393,0.8968150386880795,0.9101573245261001,44840.751934403976
C,1.1,0.5029405749446393,9,1,float64,0,200000,記述的評価,200000,0.0016909062673381445,0.501659167824881,0.0022958192868040017,0.063565,0.006155,0.5029405749446393,0.9088029104890921,0.9101573245261001,181760.58209781843
C,1.1,0.5029405749446393,9,1,float64,0,50000,記述的評価,50000,0.005438613247943895,0.5034179233131822,0.006144309307476503,0.063,0.00612,0.5029405749446393,0.905810719954025,0.9101573245261001,45290.53599770125
C,1.1,0.5029405749446393,9,1,float64,50000,100000,記述的評価,50000,0.0002214358339087921,0.49275662791247365,0.010023449431547204,0.06368,0.0058,0.5029405749446393,0.9027662861121586,0.9101573245261001,45138.31430560793
C,1.1,0.5029405749446393,9,1,float64,100000,150000,記述的評価,50000,0.00108321610352433,0.49822863144076357,0.003901224699784711,0.06304,0.00654,0.5029405749446393,0.9052871627747663,0.9101573245261001,45264.35813873832
C,1.1,0.5029405749446393,9,1,float64,150000,200000,記述的評価,50000,0.002805073446595724,0.512017564584353,0.0076123248192958015,0.06454,0.00616,0.5029405749446393,0.9213474731154194,0.9101573245261001,46067.37365577097
C,1.1,0.5029405749446393,9,2,float64,0,200000,記述的評価,200000,-0.0033528101058230286,0.49969179981646383,0.002645224732176099,0.06288,0.00601,0.5029405749446393,0.9047019533940452,0.9101573245261001,180940.39067880905
C,1.1,0.5029405749446393,9,2,float64,0,50000,記述的評価,50000,-0.01807356019320341,0.4893622409681687,0.018583906748100176,0.06396,0.0064,0.5029405749446393,0.9026333763440941,0.9101573245261001,45131.66881720471
C,1.1,0.5029405749446393,9,2,float64,50000,100000,記述的評価,50000,-0.017839649746527114,0.504376575532212,0.011326653622725391,0.06236,0.00616,0.5029405749446393,0.9088857955668258,0.9101573245261001,45444.28977834129
C,1.1,0.5029405749446393,9,2,float64,100000,150000,記述的評価,50000,0.010358422231812815,0.5080787738296441,0.007860351841719737,0.06252,0.0051,0.5029405749446393,0.9006078095733963,0.9101573245261001,45030.39047866981
C,1.1,0.5029405749446393,9,2,float64,150000,200000,記述的評価,50000,0.019300788498021807,0.4970756544136959,0.01319270461310973,0.06268,0.00638,0.5029405749446393,0.906680832091864,0.9101573245261001,45334.0416045932
C,1.1,0.5029405749446393,9,3,float64,0,200000,記述的評価,200000,0.005192656644799409,0.5059451376206768,0.0034519632625097385,0.063955,0.006345,0.5029405749446393,0.9116977628878754,0.9101573245261001,182339.5525775751
C,1.1,0.5029405749446393,9,3,float64,0,50000,記述的評価,50000,0.0034459417590141797,0.5147270181971793,0.008018259606940803,0.06318,0.00596,0.5029405749446393,0.9107089134363664,0.9101573245261001,45535.44567181832
C,1.1,0.5029405749446393,9,3,float64,50000,100000,記述的評価,50000,0.0073709641484785106,0.4964627558675836,0.005706653176642318,0.0634,0.00624,0.5029405749446393,0.9001145123601386,0.9101573245261001,45005.72561800693
C,1.1,0.5029405749446393,9,3,float64,100000,150000,記述的評価,50000,0.01738889738624249,0.5094638359581489,0.012415160101912626,0.065,0.00636,0.5029405749446393,0.9206875049571581,0.9101573245261001,46034.375247857904
C,1.1,0.5029405749446393,9,3,float64,150000,200000,記述的評価,50000,-0.01046279763693549,0.5025835727902978,0.007467707241233912,0.06424,0.00682,0.5029405749446393,0.9152801207978386,0.9101573245261001,45764.00603989193
C,1.1,0.5029405749446393,9,4,float64,0,200000,記述的評価,200000,-0.00695391449107075,0.49971709080962673,0.004965410698462458,0.063555,0.006275,0.5029405749446393,0.9075163626466436,0.9101573245261001,181503.2725293287
C,1.1,0.5029405749446393,9,4,float64,0,50000,記述的評価,50000,-0.00958076335757476,0.49955769198662403,0.0066378909076458825,0.06358,0.0062,0.5029405749446393,0.9043363597679538,0.9101573245261001,45216.81798839769
C,1.1,0.5029405749446393,9,4,float64,50000,100000,記述的評価,50000,-0.015246587947249254,0.4899153442498381,0.011400196868744383,0.0621,0.00606,0.5029405749446393,0.895094577975705,0.9101573245261001,44754.72889878525
C,1.1,0.5029405749446393,9,4,float64,100000,150000,記述的評価,50000,-0.008131107037322824,0.5135721027878235,0.006317811973091836,0.06588,0.0066,0.5029405749446393,0.9295015707599864,0.9101573245261001,46475.07853799932
C,1.1,0.5029405749446393,9,4,float64,150000,200000,記述的評価,50000,0.00444161128187035,0.4940135493505483,0.009727985454921984,0.06266,0.00624,0.5029405749446393,0.9011329420829276,0.9101573245261001,45056.64710414638
C,1.1,0.5029405749446393,9,5,float64,0,200000,記述的評価,200000,-0.006894685288111294,0.5173138276789676,0.004857211562778296,0.065465,0.006565,0.5029405749446393,0.9266212614349414,0.9101573245261001,185324.25228698828
C,1.1,0.5029405749446393,9,5,float64,0,50000,記述的評価,50000,0.005278165221041041,0.5160724847052798,0.007607976510389913,0.0652,0.00616,0.5029405749446393,0.9245765911873909,0.9101573245261001,46228.829559369544
C,1.1,0.5029405749446393,9,5,float64,50000,100000,記述的評価,50000,-0.011887943812837622,0.5037705387464382,0.009193335792998247,0.06492,0.00636,0.5029405749446393,0.911562972370451,0.9101573245261001,45578.14861852255
C,1.1,0.5029405749446393,9,5,float64,100000,150000,記述的評価,50000,-0.001091476724075491,0.5155627609849535,0.005086006516297981,0.06478,0.00616,0.5029405749446393,0.9216707233494555,0.9101573245261001,46083.536167472776
C,1.1,0.5029405749446393,9,5,float64,150000,200000,記述的評価,50000,-0.018624459621606523,0.5330596107783234,0.014079771398074425,0.06696,0.00758,0.5029405749446393,0.9486747588324681,0.9101573245261001,47433.7379416234
C,1.1,0.5029405749446393,9,6,float64,0,200000,記述的評価,200000,0.008306171912376894,0.5099548507663056,0.005735878082993917,0.064115,0.0063,0.5029405749446393,0.9181528381288494,0.9101573245261001,183630.56762576988
C,1.1,0.5029405749446393,9,6,float64,0,50000,記述的評価,50000,-0.002304513395139897,0.49453460688918144,0.008370251785397187,0.06254,0.0061,0.5029405749446393,0.9005003741271488,0.9101573245261001,45025.01870635744
C,1.1,0.5029405749446393,9,6,float64,50000,100000,記述的評価,50000,0.02802328678569118,0.5248213711801035,0.017872988545027613,0.06682,0.00652,0.5029405749446393,0.9381317058953514,0.9101573245261001,46906.585294767574
C,1.1,0.5029405749446393,9,6,float64,100000,150000,記述的評価,50000,0.006061109425713869,0.5016388502851306,0.007545818212279232,0.0625,0.00608,0.5029405749446393,0.9084767968801479,0.9101573245261001,45423.839844007394
C,1.1,0.5029405749446393,9,6,float64,150000,200000,記述的評価,50000,0.003192751294758004,0.5175084785254689,0.00768918766979243,0.0646,0.0065,0.5029405749446393,0.9255024756127495,0.9101573245261001,46275.12378063747
C,1.1,0.5029405749446393,9,7,float64,0,200000,記述的評価,200000,-0.007460869486386976,0.5060189965673322,0.005897227936125959,0.06333,0.006395,0.5029405749446393,0.9112567370415287,0.9101573245261001,182251.34740830574
C,1.1,0.5029405749446393,9,7,float64,0,50000,記述的評価,50000,-0.01458294246827242,0.5060083675522051,0.010130807915593176,0.0632,0.00576,0.5029405749446393,0.9066238042485836,0.9101573245261001,45331.19021242918
C,1.1,0.5029405749446393,9,7,float64,50000,100000,記述的評価,50000,-0.011215171537527902,0.4944089162913375,0.009811287916478562,0.06298,0.00636,0.5029405749446393,0.9018748933774483,0.9101573245261001,45093.744668872416
C,1.1,0.5029405749446393,9,7,float64,100000,150000,記述的評価,50000,-0.01384711496813678,0.5083348074670555,0.008920697702655633,0.06312,0.00664,0.5029405749446393,0.9136901920447045,0.9101573245261001,45684.50960223522
C,1.1,0.5029405749446393,9,7,float64,150000,200000,記述的評価,50000,0.01666057449664724,0.5149334064480806,0.010910182802021162,0.06402,0.00682,0.5029405749446393,0.9228380584953785,0.9101573245261001,46141.902924768925
C,1.1,0.5029405749446393,9,8,float64,0,200000,記述的評価,200000,0.0020390146142532355,0.5012969892981074,0.0034431603227261798,0.063585,0.00612,0.5029405749446393,0.9071501798740231,0.9101573245261001,181430.03597480463
C,1.1,0.5029405749446393,9,8,float64,0,50000,記述的評価,50000,-0.007399650165608456,0.4995318168309141,0.005242718701065074,0.06346,0.00612,0.5029405749446393,0.9065905450908137,0.9101573245261001,45329.527254540684
C,1.1,0.5029405749446393,9,8,float64,50000,100000,記述的評価,50000,0.023384287304403305,0.49277919282875704,0.014992817416246362,0.06274,0.00616,0.5029405749446393,0.9012372571749295,0.9101573245261001,45061.86285874648
C,1.1,0.5029405749446393,9,8,float64,100000,150000,記述的評価,50000,-0.0172702791133063,0.5027023496472182,0.013167201935756379,0.0633,0.00606,0.5029405749446393,0.9047221255433627,0.9101573245261001,45236.10627716814
C,1.1,0.5029405749446393,9,8,float64,150000,200000,記述的評価,50000,0.016454485444933407,0.5103120367369923,0.01102974809647056,0.06484,0.00614,0.5029405749446393,0.9160507916869872,0.9101573245261001,45802.53958434936
C,1.1,0.5029405749446393,9,9,float64,0,200000,記述的評価,200000,-0.003723030342018434,0.49902426587729265,0.0033685561466695324,0.063455,0.006325,0.5029405749446393,0.9084877600710894,0.9101573245261001,181697.5520142179
C,1.1,0.5029405749446393,9,9,float64,0,50000,記述的評価,50000,-0.01614015851535288,0.5031841041260121,0.011179115796249806,0.06384,0.00654,0.5029405749446393,0.911995231617978,0.9101573245261001,45599.7615808989
C,1.1,0.5029405749446393,9,9,float64,50000,100000,記述的評価,50000,-0.0006471167445802712,0.4775788507605936,0.009737588022051935,0.06158,0.00634,0.5029405749446393,0.8831759866780499,0.9101573245261001,44158.79933390249
C,1.1,0.5029405749446393,9,9,float64,100000,150000,記述的評価,50000,-0.00022692862646111746,0.5118957432501743,0.00626456989503299,0.06414,0.00642,0.5029405749446393,0.9239374482576536,0.9101573245261001,46196.87241288268
C,1.1,0.5029405749446393,9,9,float64,150000,200000,記述的評価,50000,0.0010262335071402893,0.503499254447521,0.005242262832896749,0.06426,0.006,0.5029405749446393,0.9148423737306765,0.9101573245261001,45742.118686533824
C,1.1,0.5029405749446393,9,10,float64,0,200000,記述的評価,200000,0.0020397195029575317,0.5033458377623643,0.0018602792211247499,0.06403,0.00644,0.5029405749446393,0.9137691977442404,0.9101573245261001,182753.83954884807
C,1.1,0.5029405749446393,9,10,float64,0,50000,記述的評価,50000,0.017345710405824846,0.5140985654147778,0.012394810851945937,0.0651,0.0066,0.5029405749446393,0.9238125451367845,0.9101573245261001,46190.62725683922
C,1.1,0.5029405749446393,9,10,float64,50000,100000,記述的評価,50000,-0.008647081234047858,0.49958639259192805,0.007551249204472921,0.0641,0.00606,0.5029405749446393,0.9076443606523894,0.9101573245261001,45382.21803261947
C,1.1,0.5029405749446393,9,10,float64,100000,150000,記述的評価,50000,-0.009563992474614135,0.5021691535297528,0.00820122652077282,0.06316,0.0063,0.5029405749446393,0.9118950847438959,0.9101573245261001,45594.75423719479
C,1.1,0.5029405749446393,9,10,float64,150000,200000,記述的評価,50000,0.014896246151853965,0.4970445188361605,0.010526940945092211,0.06376,0.0068,0.5029405749446393,0.9117248004438913,0.9101573245261001,45586.240022194565
C,1.1,0.5029405749446393,9,11,float64,0,200000,記述的評価,200000,0.0061419667428478765,0.5028238007968135,0.004516100829371206,0.063405,0.006405,0.5029405749446393,0.9112392448017218,0.9101573245261001,182247.84896034436
C,1.1,0.5029405749446393,9,11,float64,0,50000,記述的評価,50000,-0.00777723286658624,0.48734012460100073,0.007808484794678994,0.06266,0.00714,0.5029405749446393,0.9004632166470259,0.9101573245261001,45023.16083235129
C,1.1,0.5029405749446393,9,11,float64,50000,100000,記述的評価,50000,0.013833164291157753,0.5030180945370766,0.009333867375941884,0.06378,0.00572,0.5029405749446393,0.9087029302152484,0.9101573245261001,45435.14651076242
C,1.1,0.5029405749446393,9,11,float64,100000,150000,記述的評価,50000,0.011023304198713049,0.5174990684604169,0.009189422228360111,0.06374,0.00658,0.5029405749446393,0.9228335063961409,0.9101573245261001,46141.675319807044
C,1.1,0.5029405749446393,9,11,float64,150000,200000,記述的評価,50000,0.0072877824286943,0.5028450613184305,0.007590534386143544,0.06344,0.00618,0.5029405749446393,0.9129573259484722,0.9101573245261001,45647.866297423614
C,1.1,0.5029405749446393,9,12,float64,0,200000,記述的評価,200000,0.0029524003342955804,0.5110396445450229,0.004395538544486155,0.064065,0.006815,0.5029405749446393,0.9195270689223561,0.9101573245261001,183905.41378447122
C,1.1,0.5029405749446393,9,12,float64,0,50000,記述的評価,50000,0.018195219438566817,0.5077819035303658,0.011755375729423367,0.0638,0.0066,0.5029405749446393,0.9164636579951341,0.9101573245261001,45823.182899756706
C,1.1,0.5029405749446393,9,12,float64,50000,100000,記述的評価,50000,0.008307377640390537,0.5046525148806916,0.006725553822826802,0.06294,0.00676,0.5029405749446393,0.9105295059455755,0.9101573245261001,45526.475297278776
C,1.1,0.5029405749446393,9,12,float64,100000,150000,記述的評価,50000,-0.007754257321608789,0.5145709395699971,0.008034231234416433,0.066,0.00748,0.5029405749446393,0.9345367120963798,0.9101573245261001,46726.83560481899
C,1.1,0.5029405749446393,9,12,float64,150000,200000,記述的評価,50000,-0.008825178358871753,0.5174102383438675,0.009302892862913192,0.06352,0.00642,0.5029405749446393,0.9165783996523347,0.9101573245261001,45828.91998261673
C,1.1,0.5029405749446393,9,13,float64,0,200000,記述的評価,200000,-0.007888079041980387,0.49942733859662125,0.006028416870173747,0.063055,0.006375,0.5029405749446393,0.9089011971195161,0.9101573245261001,181780.23942390323
C,1.1,0.5029405749446393,9,13,float64,0,50000,記述的評価,50000,0.00261487525334204,0.5095308169387331,0.005011084816026412,0.06476,0.00598,0.5029405749446393,0.9252667392625783,0.9101573245261001,46263.33696312892
C,1.1,0.5029405749446393,9,13,float64,50000,100000,記述的評価,50000,-0.010515413031650916,0.5103168736240635,0.012823416870173854,0.06526,0.00672,0.5029405749446393,0.9206386544299673,0.9101573245261001,46031.932721498364
C,1.1,0.5029405749446393,9,13,float64,100000,150000,記述的評価,50000,0.008570938584383118,0.4908160264092212,0.009771328148086345,0.06206,0.00654,0.5029405749446393,0.8970886953568592,0.9101573245261001,44854.43476784296
C,1.1,0.5029405749446393,9,13,float64,150000,200000,記述的評価,50000,-0.026399519528645346,0.4870302952467894,0.021728403205059643,0.06014,0.00626,0.5029405749446393,0.89261069942866,0.9101573245261001,44630.534971433
C,1.1,0.5029405749446393,9,14,float64,0,200000,記述的評価,200000,-0.0040737924942786325,0.5070580937716653,0.00532835071781429,0.06369,0.00636,0.5029405749446393,0.9097127685699007,0.9101573245261001,181942.55371398013
C,1.1,0.5029405749446393,9,14,float64,0,50000,記述的評価,50000,-0.006522785568661712,0.519678654818172,0.007990900716222216,0.06388,0.00584,0.5029405749446393,0.9176446068804139,0.9101573245261001,45882.230344020696
C,1.1,0.5029405749446393,9,14,float64,50000,100000,記述的評価,50000,-0.0015179685399926953,0.4857814922881085,0.007003952507162126,0.061,0.0063,0.5029405749446393,0.8844085139578597,0.9101573245261001,44220.425697892984
C,1.1,0.5029405749446393,9,14,float64,100000,150000,記述的評価,50000,0.01995486582108022,0.5052403510457197,0.01374405106670995,0.06456,0.00632,0.5029405749446393,0.9106749713156504,0.9101573245261001,45533.748565782524
C,1.1,0.5029405749446393,9,14,float64,150000,200000,記述的評価,50000,-0.029750125784703006,0.5164597610405043,0.019218208441135753,0.06532,0.00698,0.5029405749446393,0.9261229821256783,0.9101573245261001,46306.14910628392
C,1.1,0.5029405749446393,9,15,float64,0,200000,記述的評価,200000,0.007230619666156084,0.5076290429072392,0.004999069431239511,0.06324,0.00607,0.5029405749446393,0.9138461570435222,0.9101573245261001,182769.23140870445
C,1.1,0.5029405749446393,9,15,float64,0,50000,記述的評価,50000,0.0330224944784481,0.5174598894997429,0.02168452214508859,0.06506,0.0065,0.5029405749446393,0.9298802684750392,0.9101573245261001,46494.01342375196
C,1.1,0.5029405749446393,9,15,float64,50000,100000,記述的評価,50000,0.010712533736962961,0.5057134560563094,0.010437003937694922,0.06286,0.00572,0.5029405749446393,0.9083171630741487,0.9101573245261001,45415.858153707435
C,1.1,0.5029405749446393,9,15,float64,100000,150000,記述的評価,50000,-0.005350523033259645,0.49232774966692905,0.01032858572563744,0.06218,0.00616,0.5029405749446393,0.9035793741628255,0.9101573245261001,45178.96870814128
C,1.1,0.5029405749446393,9,15,float64,150000,200000,記述的評価,50000,-0.009632645578133023,0.5126944367573687,0.00815606496128446,0.06286,0.0059,0.5029405749446393,0.9136078224620757,0.9101573245261001,45680.391123103786
C,1.1,0.5029405749446393,9,16,float64,0,200000,記述的評価,200000,-0.004312541569592708,0.4962233807606655,0.003567453967552092,0.06294,0.0065,0.5029405749446393,0.906504228736663,0.9101573245261001,181300.8457473326
C,1.1,0.5029405749446393,9,16,float64,0,50000,記述的評価,50000,-0.014698587326058835,0.494508158719775,0.012139255014627592,0.06198,0.00642,0.5029405749446393,0.8983116891355484,0.9101573245261001,44915.58445677742
C,1.1,0.5029405749446393,9,16,float64,50000,100000,記述的評価,50000,-0.02060690156957958,0.5006492291824249,0.01589679861351656,0.06464,0.00654,0.5029405749446393,0.9185192844556188,0.9101573245261001,45925.96422278094
C,1.1,0.5029405749446393,9,16,float64,100000,150000,記述的評価,50000,0.021571751367841223,0.4952947916119681,0.015459329713211845,0.06236,0.00668,0.5029405749446393,0.9044447032999361,0.9101573245261001,45222.235164996804
C,1.1,0.5029405749446393,9,16,float64,150000,200000,記述的評価,50000,0.0002661572789812748,0.4946709241791202,0.003857652101375786,0.06278,0.00636,0.5029405749446393,0.9047412380555495,0.9101573245261001,45237.061902777474
C,1.1,0.5029405749446393,9,17,float64,0,200000,記述的評価,200000,0.004919286283056821,0.4888069922317728,0.006260958757928536,0.062555,0.00643,0.5029405749446393,0.8968381836912674,0.9101573245261001,179367.6367382535
C,1.1,0.5029405749446393,9,17,float64,0,50000,記述的評価,50000,0.005823523679623496,0.49089645138935,0.005626698662495266,0.06172,0.0065,0.5029405749446393,0.8968513667756066,0.9101573245261001,44842.56833878033
C,1.1,0.5029405749446393,9,17,float64,50000,100000,記述的評価,50000,-0.0028354743575381624,0.4940778489951815,0.005871523172467308,0.06404,0.00612,0.5029405749446393,0.9044849639474937,0.9101573245261001,45224.24819737468
C,1.1,0.5029405749446393,9,17,float64,100000,150000,記述的評価,50000,0.00464202292832399,0.4843536447711996,0.007893033480976808,0.06222,0.00684,0.5029405749446393,0.8946731242131941,0.9101573245261001,44733.656210659705
C,1.1,0.5029405749446393,9,17,float64,150000,200000,記述的評価,50000,0.010454875514496899,0.48546023477501066,0.010593272104102769,0.06224,0.00626,0.5029405749446393,0.8913432798287761,0.9101573245261001,44567.16399143881
C,1.1,0.5029405749446393,9,18,float64,0,200000,記述的評価,200000,0.0053428268105067955,0.4954434687237069,0.005738420749675899,0.06289,0.006095,0.5029405749446393,0.9029882844996613,0.9101573245261001,180597.65689993225
C,1.1,0.5029405749446393,9,18,float64,0,50000,記述的評価,50000,0.0014311214893928512,0.4803343446555942,0.01028912767021567,0.0617,0.00544,0.5029405749446393,0.8859192629545226,0.9101573245261001,44295.96314772613
C,1.1,0.5029405749446393,9,18,float64,50000,100000,記述的評価,50000,0.02983406206069666,0.5004953684941333,0.023793350229764698,0.0621,0.00618,0.5029405749446393,0.9030956157652623,0.9101573245261001,45154.78078826312
C,1.1,0.5029405749446393,9,18,float64,100000,150000,記述的評価,50000,-0.023902930425900012,0.506113302133907,0.01579760933028046,0.06408,0.00638,0.5029405749446393,0.9141664748906303,0.9101573245261001,45708.32374453152
C,1.1,0.5029405749446393,9,18,float64,150000,200000,記述的評価,50000,0.006419872283551651,0.49434277092958767,0.007411780751460484,0.06368,0.00638,0.5029405749446393,0.9087717843882298,0.9101573245261001,45438.58921941149
C,1.1,0.5029405749446393,9,19,float64,0,200000,記述的評価,200000,-0.005881912963542403,0.5079632659932836,0.004094349002086162,0.0632,0.00664,0.5029405749446393,0.9153011196682953,0.9101573245261001,183060.22393365906
C,1.1,0.5029405749446393,9,19,float64,0,50000,記述的評価,50000,0.01790023443692897,0.4895656549172592,0.015214358881584622,0.06104,0.00652,0.5029405749446393,0.8941542335339451,0.9101573245261001,44707.711676697254
C,1.1,0.5029405749446393,9,19,float64,50000,100000,記述的評価,50000,-0.013284842640126644,0.5087671307798232,0.01032889952097188,0.06484,0.00654,0.5029405749446393,0.9164532402813943,0.9101573245261001,45822.66201406971
C,1.1,0.5029405749446393,9,19,float64,100000,150000,記述的評価,50000,-0.022475630773445936,0.5144962114432976,0.015021864845840838,0.0627,0.00668,0.5029405749446393,0.920206936682186,0.9101573245261001,46010.3468341093
C,1.1,0.5029405749446393,9,19,float64,150000,200000,記述的評価,50000,-0.009141609797952309,0.5204587928399715,0.012480195765643576,0.06422,0.00682,0.5029405749446393,0.9303900681756556,0.9101573245261001,46519.50340878278
C,1.5,0.8585596366401104,10,0,float64,0,200000,記述的評価,200000,-0.00262642246646284,0.8658394908223392,0.003041039096316922,0.064115,0.00631,0.8585596366401104,1.6514315245213456,1.6450687057641085,330286.3049042691
C,1.5,0.8585596366401104,10,0,float64,0,50000,記述的評価,50000,0.012304858795577196,0.867228276009752,0.005180418385332453,0.0629,0.00596,0.8585596366401104,1.6451746185634375,1.6450687057641085,82258.73092817188
C,1.5,0.8585596366401104,10,0,float64,50000,100000,記述的評価,50000,-0.016677276406882012,0.8673293382126017,0.006402520930198552,0.06358,0.00596,0.8585596366401104,1.6521912509359729,1.6450687057641085,82609.56254679864
C,1.5,0.8585596366401104,10,0,float64,100000,150000,記述的評価,50000,-0.0007007114065363692,0.8697158706927971,0.00454629166294962,0.06462,0.0071,0.8585596366401104,1.6560785715061446,1.6450687057641085,82803.92857530723
C,1.5,0.8585596366401104,10,0,float64,150000,200000,記述的評価,50000,-0.005180951904889536,0.8589828786265072,0.0037448284942505905,0.06536,0.00622,0.8585596366401104,1.6522816570798275,1.6450687057641085,82614.08285399138
C,1.5,0.8585596366401104,10,1,float64,0,200000,記述的評価,200000,-6.737847322766039e-05,0.8571823545601197,0.0013084931375900166,0.06407,0.006645,0.8585596366401104,1.6488956250112998,1.6450687057641085,329779.12500225997
C,1.5,0.8585596366401104,10,1,float64,0,50000,記述的評価,50000,-0.009726006102231104,0.8675948810465534,0.004110847355993319,0.06366,0.0071,0.8585596366401104,1.656069899230927,1.6450687057641085,82803.49496154636
C,1.5,0.8585596366401104,10,1,float64,50000,100000,記述的評価,50000,-0.0023490870125227863,0.8617292864747566,0.0029229830809732738,0.06574,0.00626,0.8585596366401104,1.6568191341522605,1.6450687057641085,82840.95670761302
C,1.5,0.8585596366401104,10,1,float64,100000,150000,記述的評価,50000,-0.00025789129142124803,0.8560901754356238,0.0015675380667120598,0.0638,0.00668,0.8585596366401104,1.6486679973653795,1.6450687057641085,82433.39986826897
C,1.5,0.8585596366401104,10,1,float64,150000,200000,記述的評価,50000,0.012468073641731258,0.8442851522486282,0.006063972621090208,0.06308,0.00654,0.8585596366401104,1.6340254692966318,1.6450687057641085,81701.2734648316
C,1.5,0.8585596366401104,10,2,float64,0,200000,記述的評価,200000,-0.009791505789266242,0.8506685177391824,0.003949180199502966,0.06388,0.00619,0.8585596366401104,1.6411733123866858,1.6450687057641085,328234.6624773372
C,1.5,0.8585596366401104,10,2,float64,0,50000,記述的評価,50000,-0.022451812525110068,0.8420122541344232,0.01018546503888329,0.06324,0.00592,0.8585596366401104,1.6338216762534072,1.6450687057641085,81691.08381267036
C,1.5,0.8585596366401104,10,2,float64,50000,100000,記述的評価,50000,-0.004322870620480801,0.8570545459286589,0.0026077666224358365,0.06572,0.00668,0.8585596366401104,1.6523565990952798,1.6450687057641085,82617.82995476399
C,1.5,0.8585596366401104,10,2,float64,100000,150000,記述的評価,50000,-0.01614196347711213,0.8484765903257881,0.006188243554472284,0.06356,0.00612,0.8585596366401104,1.6366301014627525,1.6450687057641085,81831.50507313763
C,1.5,0.8585596366401104,10,2,float64,150000,200000,記述的評価,50000,0.005761503079585643,0.856671648126093,0.002617119177821481,0.063,0.00604,0.8585596366401104,1.641884872735303,1.6450687057641085,82094.24363676515
C,1.5,0.8585596366401104,10,3,float64,0,200000,記述的評価,200000,-0.004478466691875224,0.8606599820695058,0.0019342004580895078,0.06327,0.006355,0.8585596366401104,1.6436520150765703,1.6450687057641085,328730.4030153141
C,1.5,0.8585596366401104,10,3,float64,0,50000,記述的評価,50000,-0.021370432783811014,0.8617044357838385,0.008863994459881896,0.06254,0.0064,0.8585596366401104,1.641502489374734,1.6450687057641085,82075.1244687367
C,1.5,0.8585596366401104,10,3,float64,50000,100000,記述的評価,50000,0.0021842584856567038,0.8586281973166197,0.00315434652774893,0.06372,0.00614,0.8585596366401104,1.6381253863382956,1.6450687057641085,81906.26931691478
C,1.5,0.8585596366401104,10,3,float64,100000,150000,記述的評価,50000,-0.013366965001563912,0.8591882074477969,0.005879869858059439,0.0628,0.00622,0.8585596366401104,1.6435853090688517,1.6450687057641085,82179.26545344258
C,1.5,0.8585596366401104,10,3,float64,150000,200000,記述的評価,50000,0.01871236562417103,0.8636356399853439,0.007264249741842144,0.06402,0.00666,0.8585596366401104,1.6513948755244003,1.6450687057641085,82569.74377622001
C,1.5,0.8585596366401104,10,4,float64,0,200000,記述的評価,200000,0.006867963853823113,0.8638801222215854,0.002636662890939223,0.063395,0.00647,0.8585596366401104,1.6511558507002229,1.6450687057641085,330231.1701400446
C,1.5,0.8585596366401104,10,4,float64,0,50000,記述的評価,50000,-0.010067480189325764,0.8677976685575624,0.00423041528116147,0.06226,0.00676,0.8585596366401104,1.6526456624466461,1.6450687057641085,82632.2831223323
C,1.5,0.8585596366401104,10,4,float64,50000,100000,記述的評価,50000,0.019965033912582163,0.8592740041124344,0.007682558221584201,0.06288,0.00616,0.8585596366401104,1.6476341491186375,1.6450687057641085,82381.70745593187
C,1.5,0.8585596366401104,10,4,float64,100000,150000,記述的評価,50000,0.00635933252188633,0.8672651682060796,0.0032144253948627743,0.06444,0.00674,0.8585596366401104,1.6561472280012435,1.6450687057641085,82807.36140006217
C,1.5,0.8585596366401104,10,4,float64,150000,200000,記述的評価,50000,0.00779120598655318,0.8609392897593651,0.0049206614553435335,0.064,0.00622,0.8585596366401104,1.6481963632343655,1.6450687057641085,82409.81816171827
C,1.5,0.8585596366401104,10,5,float64,0,200000,記述的評価,200000,0.00029055974574456947,0.854326778253161,0.0014660545634000988,0.06466,0.00643,0.8585596366401104,1.6449753041878952,1.6450687057641085,328995.060837579
C,1.5,0.8585596366401104,10,5,float64,0,50000,記述的評価,50000,-0.0018068846626872154,0.8463917435993044,0.0039980175182456335,0.06542,0.00656,0.8585596366401104,1.6432831367601703,1.6450687057641085,82164.15683800852
C,1.5,0.8585596366401104,10,5,float64,50000,100000,記述的評価,50000,-0.018965005186609568,0.8576594449567696,0.007296826548031099,0.0651,0.00622,0.8585596366401104,1.6474447467551543,1.6450687057641085,82372.23733775772
C,1.5,0.8585596366401104,10,5,float64,100000,150000,記述的評価,50000,0.010223014963458121,0.8581554289744378,0.00404401080784933,0.06412,0.00652,0.8585596366401104,1.642242358734006,1.6450687057641085,82112.1179367003
C,1.5,0.8585596366401104,10,5,float64,150000,200000,記述的評価,50000,0.010335986759100586,0.8556171770265341,0.005050107146792049,0.064,0.00642,0.8585596366401104,1.6469309745022482,1.6450687057641085,82346.54872511241
C,1.5,0.8585596366401104,10,6,float64,0,200000,記述的評価,200000,-0.006817705793333162,0.8497625989548141,0.0038165592443087926,0.063145,0.00627,0.8585596366401104,1.638542519507962,1.6450687057641085,327708.5039015924
C,1.5,0.8585596366401104,10,6,float64,0,50000,記述的評価,50000,-0.01262340953742298,0.8523937776344568,0.0055053292212400295,0.06104,0.00584,0.8585596366401104,1.6303715161262857,1.6450687057641085,81518.57580631429
C,1.5,0.8585596366401104,10,6,float64,50000,100000,記述的評価,50000,-0.00019543336658066771,0.8458439201514238,0.004742637673124106,0.064,0.00642,0.8585596366401104,1.6391090044924657,1.6450687057641085,81955.45022462329
C,1.5,0.8585596366401104,10,6,float64,100000,150000,記述的評価,50000,-0.01505381788552922,0.8493616417279626,0.006243833941626087,0.06466,0.0066,0.8585596366401104,1.6449956107570687,1.6450687057641085,82249.78053785344
C,1.5,0.8585596366401104,10,6,float64,150000,200000,記述的評価,50000,0.0021205727136623244,0.8521214603417606,0.00516172879504595,0.06288,0.00622,0.8585596366401104,1.6396939466560276,1.6450687057641085,81984.69733280138
C,1.5,0.8585596366401104,10,7,float64,0,200000,記述的評価,200000,-0.012029512084300198,0.8605558944509928,0.004635725719299988,0.064075,0.00638,0.8585596366401104,1.6486283046379941,1.6450687057641085,329725.66092759883
C,1.5,0.8585596366401104,10,7,float64,0,50000,記述的評価,50000,0.003338335110401849,0.8657318768701056,0.002792482023509235,0.06362,0.00614,0.8585596366401104,1.652205287646328,1.6450687057641085,82610.2643823164
C,1.5,0.8585596366401104,10,7,float64,50000,100000,記述的評価,50000,-0.02509115914084428,0.8572612889805543,0.010446782408505384,0.06484,0.00634,0.8585596366401104,1.6493193628605822,1.6450687057641085,82465.96814302911
C,1.5,0.8585596366401104,10,7,float64,100000,150000,記述的評価,50000,-0.023569667669008233,0.8572522532534463,0.008917083924947444,0.06302,0.00654,0.8585596366401104,1.6434302118829012,1.6450687057641085,82171.51059414506
C,1.5,0.8585596366401104,10,7,float64,150000,200000,記述的評価,50000,-0.0024643493538706587,0.860879942619895,0.0024252270792550767,0.06482,0.0065,0.8585596366401104,1.649558356162164,1.6450687057641085,82477.9178081082
C,1.5,0.8585596366401104,10,8,float64,0,200000,記述的評価,200000,-6.481277018444312e-05,0.8570746200617918,0.001504915407630314,0.06345,0.006075,0.8585596366401104,1.6439567762158696,1.6450687057641085,328791.3552431739
C,1.5,0.8585596366401104,10,8,float64,0,50000,記述的評価,50000,-0.0160865336314219,0.8577912293623828,0.006198790527412457,0.0645,0.00668,0.8585596366401104,1.6511235152551498,1.6450687057641085,82556.17576275748
C,1.5,0.8585596366401104,10,8,float64,50000,100000,記述的評価,50000,0.004556159784245761,0.8568322669409647,0.004595085339197169,0.06192,0.00532,0.8585596366401104,1.6347225082331978,1.6450687057641085,81736.12541165989
C,1.5,0.8585596366401104,10,8,float64,100000,150000,記述的評価,50000,-0.0003508092343639963,0.8530119865490675,0.004513993091432522,0.06424,0.0063,0.8585596366401104,1.6422208075940454,1.6450687057641085,82111.04037970227
C,1.5,0.8585596366401104,10,8,float64,150000,200000,記述的評価,50000,0.008552427666262196,0.8603253555862749,0.003434987887919738,0.06314,0.006,0.8585596366401104,1.6477602737810864,1.6450687057641085,82388.01368905432
C,1.5,0.8585596366401104,10,9,float64,0,200000,記述的評価,200000,-0.0026629239468209938,0.8530187140512473,0.0020426594375957396,0.062275,0.006395,0.8585596366401104,1.6365482957411348,1.6450687057641085,327309.65914822696
C,1.5,0.8585596366401104,10,9,float64,0,50000,記述的評価,50000,-0.0015682748213978713,0.8517702953010114,0.0034232465996945627,0.06104,0.00634,0.8585596366401104,1.6314925419123663,1.6450687057641085,81574.62709561831
C,1.5,0.8585596366401104,10,9,float64,50000,100000,記述的評価,50000,-0.0012863208999405206,0.8515494666132436,0.0034602517828753454,0.06248,0.00604,0.8585596366401104,1.6375458008662773,1.6450687057641085,81877.29004331387
C,1.5,0.8585596366401104,10,9,float64,100000,150000,記述的評価,50000,-0.0017533866548646217,0.8544636000166947,0.002877926669501929,0.06294,0.0064,0.8585596366401104,1.6376220532149655,1.6450687057641085,81881.10266074828
C,1.5,0.8585596366401104,10,9,float64,150000,200000,記述的評価,50000,-0.007231725884800763,0.8545077853714839,0.0040591201974032876,0.06264,0.0068,0.8585596366401104,1.6395327869709295,1.6450687057641085,81976.63934854648
C,1.5,0.8585596366401104,10,10,float64,0,200000,記述的評価,200000,0.0033158828450012313,0.8626268263992655,0.001751269170742975,0.06315,0.006225,0.8585596366401104,1.6459635404410304,1.6450687057641085,329192.70808820607
C,1.5,0.8585596366401104,10,10,float64,0,50000,記述的評価,50000,-0.017746926889835587,0.8692971434854966,0.009417357182349428,0.06366,0.0065,0.8585596366401104,1.6549510876949536,1.6450687057641085,82747.55438474768
C,1.5,0.8585596366401104,10,10,float64,50000,100000,記述的評価,50000,0.016724066716391903,0.8601899438489199,0.006234512949635951,0.0651,0.00636,0.8585596366401104,1.6499661972939434,1.6450687057641085,82498.30986469718
C,1.5,0.8585596366401104,10,10,float64,100000,150000,記述的評価,50000,0.017520166831114112,0.8549763834769782,0.007044338238125947,0.05996,0.00564,0.8585596366401104,1.6281122685411265,1.6450687057641085,81405.61342705632
C,1.5,0.8585596366401104,10,10,float64,150000,200000,記述的評価,50000,-0.002791873244392705,0.8652493546189101,0.0023643184962913733,0.06388,0.0064,0.8585596366401104,1.650824608234098,1.6450687057641085,82541.2304117049
C,1.5,0.8585596366401104,10,11,float64,0,200000,記述的評価,200000,-0.0031068866274576888,0.8584261767946614,0.0017183760560497419,0.06332,0.006355,0.8585596366401104,1.644585250291013,1.6450687057641085,328917.0500582026
C,1.5,0.8585596366401104,10,11,float64,0,50000,記述的評価,50000,-0.004974920454819738,0.8476437110434176,0.0037202892676794774,0.06262,0.006,0.8585596366401104,1.6343598885999788,1.6450687057641085,81717.99442999894
C,1.5,0.8585596366401104,10,11,float64,50000,100000,記述的評価,50000,0.004310803859504584,0.8627210456210361,0.0038317535897193222,0.0621,0.00608,0.8585596366401104,1.640071326548775,1.6450687057641085,82003.56632743875
C,1.5,0.8585596366401104,10,11,float64,100000,150000,記述的評価,50000,-0.012160112718071808,0.861821433682828,0.004659213403884033,0.06454,0.00672,0.8585596366401104,1.6495392383014789,1.6450687057641085,82476.96191507395
C,1.5,0.8585596366401104,10,11,float64,150000,200000,記述的評価,50000,0.0013130849412352394,0.8619508175416103,0.0022954443944943614,0.06402,0.00662,0.8585596366401104,1.6543705477138186,1.6450687057641085,82718.52738569093
C,1.5,0.8585596366401104,10,12,float64,0,200000,記述的評価,200000,0.0050947502879473,0.8586601506312024,0.0022499223418885883,0.06371,0.006385,0.8585596366401104,1.6459675437251462,1.6450687057641085,329193.5087450292
C,1.5,0.8585596366401104,10,12,float64,0,50000,記述的評価,50000,0.015110084905696803,0.8550564605754005,0.005850600323553723,0.06352,0.00618,0.8585596366401104,1.643575908659533,1.6450687057641085,82178.79543297665
C,1.5,0.8585596366401104,10,12,float64,50000,100000,記述的評価,50000,-0.0022386467578388003,0.862185112038719,0.0019409783989947083,0.06388,0.00626,0.8585596366401104,1.6499246011568123,1.6450687057641085,82496.23005784061
C,1.5,0.8585596366401104,10,12,float64,100000,150000,記述的評価,50000,0.009382319524681857,0.8554790321351815,0.005808231442309297,0.06368,0.00638,0.8585596366401104,1.6409685837297188,1.6450687057641085,82048.42918648594
C,1.5,0.8585596366401104,10,12,float64,150000,200000,記述的評価,50000,-0.002218713251965663,0.8615973961451748,0.0027853247450200236,0.06376,0.00672,0.8585596366401104,1.64940108135452,1.6450687057641085,82470.054067726
C,1.5,0.8585596366401104,10,13,float64,0,200000,記述的評価,200000,-0.005224623331365632,0.8542973022636956,0.0022085151779743795,0.06318,0.006325,0.8585596366401104,1.6392973914031213,1.6450687057641085,327859.47828062426
C,1.5,0.8585596366401104,10,13,float64,0,50000,記述的評価,50000,-0.005020310761701778,0.855370657781181,0.0027868670198428758,0.06206,0.00584,0.8585596366401104,1.6339336184168045,1.6450687057641085,81696.68092084023
C,1.5,0.8585596366401104,10,13,float64,50000,100000,記述的評価,50000,-0.0029404244507107045,0.8467505851776828,0.003703626313384778,0.06316,0.00638,0.8585596366401104,1.6360429593351806,1.6450687057641085,81802.14796675903
C,1.5,0.8585596366401104,10,13,float64,100000,150000,記述的評価,50000,-0.0033650881550797464,0.8527019453753675,0.003280960707221947,0.06328,0.00688,0.8585596366401104,1.6390895000310655,1.6450687057641085,81954.47500155328
C,1.5,0.8585596366401104,10,13,float64,150000,200000,記述的評価,50000,-0.008990831104964436,0.8615542741746921,0.0037313970430467025,0.06422,0.0062,0.8585596366401104,1.6481234878294326,1.6450687057641085,82406.17439147164
C,1.5,0.8585596366401104,10,14,float64,0,200000,記述的評価,200000,0.0007730544204609364,0.8616567000041293,0.0024966296147391764,0.06337,0.006255,0.8585596366401104,1.6475792685559771,1.6450687057641085,329515.8537111954
C,1.5,0.8585596366401104,10,14,float64,0,50000,記述的評価,50000,-0.012337551705757843,0.8620556159651305,0.005152987711017465,0.06174,0.00648,0.8585596366401104,1.644979779928855,1.6450687057641085,82248.98899644276
C,1.5,0.8585596366401104,10,14,float64,50000,100000,記述的評価,50000,-0.0066646656478941465,0.8626422094420525,0.0033839730353683595,0.0643,0.00648,0.8585596366401104,1.6508351389398659,1.6450687057641085,82541.7569469933
C,1.5,0.8585596366401104,10,14,float64,100000,150000,記述的評価,50000,0.02233964388843196,0.8571694782425096,0.008689855662975698,0.0638,0.00588,0.8585596366401104,1.6440193537438552,1.6450687057641085,82200.96768719277
C,1.5,0.8585596366401104,10,14,float64,150000,200000,記述的評価,50000,-0.00010224877336193359,0.8643327863982146,0.003758598335475982,0.06364,0.00618,0.8585596366401104,1.65048280161133,1.6450687057641085,82524.1400805665
C,1.5,0.8585596366401104,10,15,float64,0,200000,記述的評価,200000,0.0006677380915615875,0.8602907418826835,0.0013448856120115704,0.06294,0.006405,0.8585596366401104,1.646194868225749,1.6450687057641085,329238.9736451498
C,1.5,0.8585596366401104,10,15,float64,0,50000,記述的評価,50000,0.00806279659116713,0.8517668397682586,0.0069398776879129875,0.06288,0.00676,0.8585596366401104,1.6448120546362048,1.6450687057641085,82240.60273181024
C,1.5,0.8585596366401104,10,15,float64,50000,100000,記述的評価,50000,0.0006795057866514529,0.8492359129775344,0.0035208017628522437,0.06196,0.00636,0.8585596366401104,1.6322399110181496,1.6450687057641085,81611.99555090748
C,1.5,0.8585596366401104,10,15,float64,100000,150000,記述的評価,50000,-0.01426933464602651,0.8809891072672562,0.01106826374962916,0.06484,0.00644,0.8585596366401104,1.6661124434758894,1.6450687057641085,83305.62217379447
C,1.5,0.8585596366401104,10,15,float64,150000,200000,記述的評価,50000,0.005210283426666514,0.861008512247982,0.0025010444597594605,0.06208,0.00606,0.8585596366401104,1.6416150637727513,1.6450687057641085,82080.75318863757
C,1.5,0.8585596366401104,10,16,float64,0,200000,記述的評価,200000,0.006669527327760173,0.8627658554503769,0.002595698133192881,0.0638,0.006455,0.8585596366401104,1.650837669121985,1.6450687057641085,330167.533824397
C,1.5,0.8585596366401104,10,16,float64,0,50000,記述的評価,50000,0.006543084563669225,0.863841639814065,0.0035077374807439693,0.06414,0.0068,0.8585596366401104,1.6547273028956277,1.6450687057641085,82736.36514478139
C,1.5,0.8585596366401104,10,16,float64,50000,100000,記述的評価,50000,-0.004485569549070192,0.8570108377724703,0.003109890432312745,0.06406,0.0061,0.8585596366401104,1.6445154622573597,1.6450687057641085,82225.77311286799
C,1.5,0.8585596366401104,10,16,float64,100000,150000,記述的評価,50000,0.009789714298364173,0.8732171713969756,0.007059026653655764,0.06396,0.00642,0.8585596366401104,1.657933078250415,1.6450687057641085,82896.65391252075
C,1.5,0.8585596366401104,10,16,float64,150000,200000,記述的評価,50000,0.013509443767992858,0.8579777886068167,0.0054213175232181166,0.06304,0.0065,0.8585596366401104,1.6461748330845385,1.6450687057641085,82308.74165422692
C,1.5,0.8585596366401104,10,17,float64,0,200000,記述的評価,200000,-0.005983452084869949,0.8508761577285338,0.003820512452944236,0.062285,0.00618,0.8585596366401104,1.636356184683388,1.6450687057641085,327271.2369366776
C,1.5,0.8585596366401104,10,17,float64,0,50000,記述的評価,50000,-0.004627470370780887,0.851498981661666,0.0026599523523824775,0.06308,0.0058,0.8585596366401104,1.6366177269717586,1.6450687057641085,81830.88634858793
C,1.5,0.8585596366401104,10,17,float64,50000,100000,記述的評価,50000,-0.0032091645145094216,0.861481883951178,0.002958910378557944,0.0644,0.0069,0.8585596366401104,1.6572668073165413,1.6450687057641085,82863.34036582707
C,1.5,0.8585596366401104,10,17,float64,100000,150000,記述的評価,50000,0.009310733039642746,0.8329390063874953,0.006902854068526698,0.06046,0.00562,0.8585596366401104,1.6143350415318967,1.6450687057641085,80716.75207659483
C,1.5,0.8585596366401104,10,17,float64,150000,200000,記述的評価,50000,-0.027356550487168823,0.8558592707572072,0.011307953340488064,0.0612,0.0064,0.8585596366401104,1.6372051629133568,1.6450687057641085,81860.25814566785
C,1.5,0.8585596366401104,10,18,float64,0,200000,記述的評価,200000,-0.0016804723506327222,0.864402061685005,0.0018738770462409793,0.063715,0.00613,0.8585596366401104,1.6485635293034289,1.6450687057641085,329712.7058606858
C,1.5,0.8585596366401104,10,18,float64,0,50000,記述的評価,50000,0.010497094619087002,0.8685776080864664,0.006154250862210109,0.06218,0.00528,0.8585596366401104,1.6401371382443282,1.6450687057641085,82006.8569122164
C,1.5,0.8585596366401104,10,18,float64,50000,100000,記述的評価,50000,-0.011816408961697902,0.8602373451670453,0.005327363129997098,0.06412,0.0061,0.8585596366401104,1.649094711646066,1.6450687057641085,82454.7355823033
C,1.5,0.8585596366401104,10,18,float64,100000,150000,記述的評価,50000,-0.00894634551279518,0.8595399003219619,0.00469978439199048,0.06374,0.0067,0.8585596366401104,1.6484063369354844,1.6450687057641085,82420.31684677422
C,1.5,0.8585596366401104,10,18,float64,150000,200000,記述的評価,50000,0.004077341360842856,0.8684170962923832,0.0027621243079288815,0.06482,0.00644,0.8585596366401104,1.6566159303878365,1.6450687057641085,82830.79651939182
C,1.5,0.8585596366401104,10,19,float64,0,200000,記述的評価,200000,0.0011777057178594982,0.8587550504754267,0.0019825712565124665,0.06236,0.00634,0.8585596366401104,1.6416450129443876,1.6450687057641085,328329.0025888775
C,1.5,0.8585596366401104,10,19,float64,0,50000,記述的評価,50000,0.012024404730869095,0.8567247479305626,0.0049111339951651845,0.06326,0.00658,0.8585596366401104,1.64375487145199,1.6450687057641085,82187.7435725995
C,1.5,0.8585596366401104,10,19,float64,50000,100000,記述的評価,50000,-0.00887547714954758,0.8624330653589616,0.003357201332219173,0.06144,0.00602,0.8585596366401104,1.6373846114764452,1.6450687057641085,81869.23057382226
C,1.5,0.8585596366401104,10,19,float64,100000,150000,記述的評価,50000,0.0013964986655106296,0.8642917719588752,0.0034309608113719525,0.0624,0.0064,0.8585596366401104,1.6456083931955345,1.6450687057641085,82280.41965977673
C,1.5,0.8585596366401104,10,19,float64,150000,200000,記述的評価,50000,-0.0006630449585202009,0.8524546032379954,0.0022710899293724163,0.06234,0.00636,0.8585596366401104,1.6398321756535819,1.6450687057641085,81991.60878267909
C,2.0,0.9575040240772688,11,0,float64,0,200000,記述的評価,200000,0.004005077398416764,0.9625651216923417,0.001870742314361018,0.06507,0.00643,0.9575040240772688,2.0436541103359085,2.0364875897668466,408730.8220671817
C,2.0,0.9575040240772688,11,0,float64,0,50000,記述的評価,50000,0.011049892458655518,0.9648510418281747,0.0040229440143032535,0.06482,0.00678,0.9575040240772688,2.050324422579791,2.0364875897668466,102516.22112898955
C,2.0,0.9575040240772688,11,0,float64,50000,100000,記述的評価,50000,0.0035432200749167227,0.9658379610866461,0.004342385456971298,0.06516,0.00678,0.9575040240772688,2.0528274549829324,2.0364875897668466,102641.37274914663
C,2.0,0.9575040240772688,11,0,float64,100000,150000,記述的評価,50000,0.004447406473932318,0.9566019606531562,0.004524396423796151,0.06536,0.00614,0.9575040240772688,2.0382680828073725,2.0364875897668466,101913.40414036861
C,2.0,0.9575040240772688,11,0,float64,150000,200000,記述的評価,50000,-0.0018687534410665118,0.963155454416009,0.005026964948413731,0.06494,0.00602,0.9575040240772688,2.033196480973537,2.0364875897668466,101659.82404867683
C,2.0,0.9575040240772688,11,0,float32,0,200000,記述的評価,200000,-0.037061091512441635,0.9609046280384064,0.012895283403986435,0.06371,0.00738,0.9575040240772688,2.041160157929748,2.0364875897668466,408232.03158594965
C,2.0,0.9575040240772688,11,0,float32,0,50000,記述的評価,50000,-0.037061091512441635,0.9586264491081238,0.01287528340398647,0.06358,0.00728,0.9575040240772688,2.0382916274603384,2.0364875897668466,101914.58137301692
C,2.0,0.9575040240772688,11,0,float32,50000,100000,記述的評価,50000,-0.0376773327589035,0.9611363112926483,0.012935283403986475,0.06378,0.00742,0.9575040240772688,2.042490324339521,2.0364875897668466,102124.51621697604
C,2.0,0.9575040240772688,11,0,float32,100000,150000,記述的評価,50000,-0.037061091512441635,0.9618455767631531,0.012815283403986466,0.06374,0.0074,0.9575040240772688,2.042255937238117,2.0364875897668466,102112.79686190585
C,2.0,0.9575040240772688,11,0,float32,150000,200000,記述的評価,50000,-0.03829357400536537,0.9608998894691467,0.01295528340398644,0.06374,0.00742,0.9575040240772688,2.041602742681017,2.0364875897668466,102080.13713405083
C,2.0,0.9575040240772688,11,1,float64,0,200000,記述的評価,200000,0.006553428736835867,0.9592986674165395,0.0024385756085011367,0.06364,0.006815,0.9575040240772688,2.0397949466923655,2.0364875897668466,407958.9893384731
C,2.0,0.9575040240772688,11,1,float64,0,50000,記述的評価,50000,0.00696748798998597,0.9532093758823652,0.004090377721995719,0.0635,0.00734,0.9575040240772688,2.044101936322752,2.0364875897668466,102205.09681613761
C,2.0,0.9575040240772688,11,1,float64,50000,100000,記述的評価,50000,0.0014659618894862746,0.9604364551590505,0.004188146132869969,0.06354,0.0066,0.9575040240772688,2.0390531743616056,2.0364875897668466,101952.65871808027
C,2.0,0.9575040240772688,11,1,float64,100000,150000,記述的評価,50000,-0.0036878802170153026,0.9660030076366454,0.0032020150122753777,0.0643,0.00658,0.9575040240772688,2.0380199871235565,2.0364875897668466,101900.99935617782
C,2.0,0.9575040240772688,11,1,float64,150000,200000,記述的評価,50000,0.018483410102015256,0.9573770132799051,0.006429687569554032,0.06322,0.00674,0.9575040240772688,2.038004688961549,2.0364875897668466,101900.23444807745
C,2.0,0.9575040240772688,11,1,float32,0,200000,記述的評価,200000,-0.03829357400536537,0.9609046280384064,0.012940283403986452,0.06364,0.007345,0.9575040240772688,2.041506749786289,2.0364875897668466,408301.34995725786
C,2.0,0.9575040240772688,11,1,float32,0,50000,記述的評価,50000,-0.037061091512441635,0.9616253972053528,0.012815283403986466,0.06334,0.00718,0.9575040240772688,2.040366993817419,2.0364875897668466,102018.34969087096
C,2.0,0.9575040240772688,11,1,float32,50000,100000,記述的評価,50000,-0.0376773327589035,0.9618455767631531,0.012935283403986475,0.06376,0.00742,0.9575040240772688,2.0423990859510193,2.0364875897668466,102119.95429755097
C,2.0,0.9575040240772688,11,1,float32,100000,150000,記述的評価,50000,-0.037061091512441635,0.9611363112926483,0.012895283403986435,0.06378,0.0074,0.9575040240772688,2.041987966443043,2.0364875897668466,102099.39832215215
C,2.0,0.9575040240772688,11,1,float32,150000,200000,記述的評価,50000,-0.03829357400536537,0.9599589407444,0.013115283403986433,0.06368,0.00738,0.9575040240772688,2.041272952933675,2.0364875897668466,102063.64764668373
C,2.0,0.9575040240772688,11,2,float64,0,200000,記述的評価,200000,-0.004945790496686258,0.9564356184849031,0.00199879255169777,0.06369,0.00653,0.9575040240772688,2.03568782721602,2.0364875897668466,407137.56544320396
C,2.0,0.9575040240772688,11,2,float64,0,50000,記述的評価,50000,-0.008597140347851254,0.9637514539268179,0.0035790716192534155,0.06366,0.00664,0.9575040240772688,2.035982274441197,2.0364875897668466,101799.11372205986
C,2.0,0.9575040240772688,11,2,float64,50000,100000,記述的評価,50000,-0.014731576570737696,0.9495344018515812,0.005211188032491987,0.0632,0.00666,0.9575040240772688,2.0373683505552953,2.0364875897668466,101868.41752776477
C,2.0,0.9575040240772688,11,2,float64,100000,150000,記述的評価,50000,0.0007061853955181672,0.9577253983378877,0.002341546442765602,0.06364,0.00596,0.9575040240772688,2.0312327983856466,2.0364875897668466,101561.63991928233
C,2.0,0.9575040240772688,11,2,float64,150000,200000,記述的評価,50000,0.0045233907342157355,0.9546740108072636,0.003836794527458498,0.06426,0.00686,0.9575040240772688,2.0381678854819403,2.0364875897668466,101908.39427409701
C,2.0,0.9575040240772688,11,2,float32,0,200000,記述的評価,200000,0.03829357400536537,0.9610072076320648,0.012965283403986505,0.063605,0.00737,0.9575040240772688,2.0417041597528907,2.0364875897668466,408340.83195057814
C,2.0,0.9575040240772688,11,2,float32,0,50000,記述的評価,50000,0.03606746345758438,0.9647463858127594,0.012615283403986433,0.06318,0.0073,0.9575040240772688,2.041997629433416,2.0364875897668466,102099.88147167079
C,2.0,0.9575040240772688,11,2,float32,50000,100000,記述的評価,50000,0.03829357400536537,0.9599589407444,0.013155283403986417,0.0638,0.00738,0.9575040240772688,2.0414672658415,2.0364875897668466,102073.363292075
C,2.0,0.9575040240772688,11,2,float32,100000,150000,記述的評価,50000,0.03829357400536537,0.9618455767631531,0.013115283403986489,0.06378,0.00738,0.9575040240772688,2.042089328172409,2.0364875897668466,102104.46640862044
C,2.0,0.9575040240772688,11,2,float32,150000,200000,記述的評価,50000,0.03829357400536537,0.9610072076320648,0.01297528340398646,0.06366,0.00742,0.9575040240772688,2.0412624155642374,2.0364875897668466,102063.12077821186
C,2.0,0.9575040240772688,11,3,float64,0,200000,記述的評価,200000,0.0008520549360726441,0.9616891182468521,0.0016431940458657701,0.063265,0.006245,0.9575040240772688,2.040389859542748,2.0364875897668466,408077.9719085496
C,2.0,0.9575040240772688,11,3,float64,0,50000,記述的評価,50000,0.01113926088754531,0.9681962992135715,0.004884092565679232,0.06302,0.0059,0.9575040240772688,2.040344172677632,2.0364875897668466,102017.2086338816
C,2.0,0.9575040240772688,11,3,float64,50000,100000,記述的評価,50000,-0.004636351756492078,0.9587476945660627,0.0030089351832191524,0.06272,0.00646,0.9575040240772688,2.043451444071133,2.0364875897668466,102172.57220355664
C,2.0,0.9575040240772688,11,3,float64,100000,150000,記述的評価,50000,-0.0021957466024620426,0.9620959397753321,0.004902097247085679,0.06412,0.00614,0.9575040240772688,2.046278402578337,2.0364875897668466,102313.92012891684
C,2.0,0.9575040240772688,11,3,float64,150000,200000,記述的評価,50000,-0.0010134521945945564,0.9574869233232706,0.002274820835976854,0.0632,0.00648,0.9575040240772688,2.0314854188438902,2.0364875897668466,101574.2709421945
C,2.0,0.9575040240772688,11,3,float32,0,200000,記述的評価,200000,0.03829357400536537,0.9608998894691467,0.013065283403986494,0.063625,0.00735,0.9575040240772688,2.041165698502726,2.0364875897668466,408233.1397005451
C,2.0,0.9575040240772688,11,3,float32,0,50000,記述的評価,50000,0.037061091512441635,0.9601419568061829,0.01289528340398649,0.06316,0.00722,0.9575040240772688,2.03921085639963,2.0364875897668466,101960.54281998149
C,2.0,0.9575040240772688,11,3,float32,50000,100000,記述的評価,50000,0.03829357400536537,0.9601941779255867,0.013155283403986417,0.06374,0.00736,0.9575040240772688,2.0410813925269076,2.0364875897668466,102054.06962634539
C,2.0,0.9575040240772688,11,3,float32,100000,150000,記述的評価,50000,0.03829357400536537,0.9618455767631531,0.01299528340398648,0.06384,0.00742,0.9575040240772688,2.042691813572081,2.0364875897668466,102134.59067860404
C,2.0,0.9575040240772688,11,3,float32,150000,200000,記述的評価,50000,0.0387318916618824,0.9618455767631531,0.013215283403986477,0.06376,0.0074,0.9575040240772688,2.0416787315122846,2.0364875897668466,102083.93657561422
C,2.0,0.9575040240772688,11,4,float64,0,200000,記述的評価,200000,-0.0006062174702526481,0.9562424249817973,0.0016239804956049708,0.06322,0.006495,0.9575040240772688,2.0326106891821114,2.0364875897668466,406522.13783642225
C,2.0,0.9575040240772688,11,4,float64,0,50000,記述的評価,50000,-0.0020138822106913444,0.9599840371090885,0.0032662078774543246,0.065,0.00654,0.9575040240772688,2.042360833837103,2.0364875897668466,102118.04169185515
C,2.0,0.9575040240772688,11,4,float64,50000,100000,記述的評価,50000,-0.011877883089139202,0.9511081817515024,0.006142259684539408,0.06276,0.00618,0.9575040240772688,2.022086273716506,2.0364875897668466,101104.31368582531
C,2.0,0.9575040240772688,11,4,float64,100000,150000,記述的評価,50000,0.01367118306543148,0.9579883280434491,0.006110565918192257,0.06394,0.00674,0.9575040240772688,2.0421490595272314,2.0364875897668466,102107.45297636156
C,2.0,0.9575040240772688,11,4,float64,150000,200000,記述的評価,50000,-0.001670418495250454,0.9570952931588801,0.0030154994684852277,0.06118,0.00652,0.9575040240772688,2.0238465896476057,2.0364875897668466,101192.32948238029
C,2.0,0.9575040240772688,11,4,float32,0,200000,記述的評価,200000,-0.03606746345758438,0.9609046280384064,0.012505283403986434,0.063545,0.00734,0.9575040240772688,2.040037584048826,2.0364875897668466,408007.51680976525
C,2.0,0.9575040240772688,11,4,float32,0,50000,記述的評価,50000,-0.028820965439081192,0.9586466997861862,0.011055283403986482,0.0627,0.00708,0.9575040240772688,2.033145294153441,2.0364875897668466,101657.26470767205
C,2.0,0.9575040240772688,11,4,float32,50000,100000,記述的評価,50000,-0.03829357400536537,0.9632079005241394,0.013095283403986469,0.06386,0.00744,0.9575040240772688,2.042465297682527,2.0364875897668466,102123.26488412634
C,2.0,0.9575040240772688,11,4,float32,100000,150000,記述的評価,50000,-0.037061091512441635,0.961139865219593,0.012755283403986462,0.06382,0.0074,0.9575040240772688,2.0421940663486327,2.0364875897668466,102109.70331743163
C,2.0,0.9575040240772688,11,4,float32,150000,200000,記述的評価,50000,-0.03829357400536537,0.9618455767631531,0.013115283403986433,0.0638,0.00744,0.9575040240772688,2.042345678010704,2.0364875897668466,102117.2839005352
C,2.0,0.9575040240772688,11,5,float64,0,200000,記述的評価,200000,-0.004122394424104134,0.9557480607264537,0.0016416853404641607,0.063465,0.006525,0.9575040240772688,2.0361571322281904,2.0364875897668466,407231.4264456381
C,2.0,0.9575040240772688,11,5,float64,0,50000,記述的評価,50000,-0.0021054030069418733,0.9558449429210037,0.002207122352570867,0.0628,0.00692,0.9575040240772688,2.0366513045197117,2.0364875897668466,101832.56522598559
C,2.0,0.9575040240772688,11,5,float64,50000,100000,記述的評価,50000,-0.008204874587898571,0.953444244701743,0.0030295234401513937,0.0652,0.00646,0.9575040240772688,2.0454694759190266,2.0364875897668466,102273.47379595133
C,2.0,0.9575040240772688,11,5,float64,100000,150000,記述的評価,50000,-0.0013999669472876464,0.9606691400206955,0.0033968820842337766,0.06334,0.00672,0.9575040240772688,2.033544850060081,2.0364875897668466,101677.24250300406
C,2.0,0.9575040240772688,11,5,float64,150000,200000,記述的評価,50000,-0.004438946309080802,0.951551484559582,0.0018830898085359093,0.06252,0.006,0.9575040240772688,2.0289628984139436,2.0364875897668466,101448.14492069717
C,2.0,0.9575040240772688,11,5,float32,0,200000,記述的評価,200000,-0.03829357400536537,0.9618455767631531,0.013000283403986457,0.063655,0.00736,0.9575040240772688,2.041779307922881,2.0364875897668466,408355.8615845762
C,2.0,0.9575040240772688,11,5,float32,0,50000,記述的評価,50000,-0.03955507464706898,0.9620015248656273,0.013415283403986455,0.06324,0.00718,0.9575040240772688,2.0398712291622867,2.0364875897668466,101993.56145811435
C,2.0,0.9575040240772688,11,5,float32,50000,100000,記述的評価,50000,-0.037061091512441635,0.9618455767631531,0.012815283403986466,0.06386,0.00744,0.9575040240772688,2.0425616160969025,2.0364875897668466,102128.08080484511
C,2.0,0.9575040240772688,11,5,float32,100000,150000,記述的評価,50000,-0.03829357400536537,0.9618455767631531,0.013035283403986464,0.06376,0.00742,0.9575040240772688,2.042585757394096,2.0364875897668466,102129.2878697048
C,2.0,0.9575040240772688,11,5,float32,150000,200000,記述的評価,50000,-0.037061091512441635,0.9618455767631531,0.012735283403986442,0.06376,0.0074,0.9575040240772688,2.04209862903824,2.0364875897668466,102104.931451912
C,2.0,0.9575040240772688,11,6,float64,0,200000,記述的評価,200000,0.01010120947341801,0.955520207865266,0.004081391662246192,0.06338,0.006565,0.9575040240772688,2.0341520849789236,2.0364875897668466,406830.41699578473
C,2.0,0.9575040240772688,11,6,float64,0,50000,記述的評価,50000,0.0137770209401938,0.9590420604568666,0.005310739966974509,0.0643,0.00628,0.9575040240772688,2.04048781430836,2.0364875897668466,102024.390715418
C,2.0,0.9575040240772688,11,6,float64,50000,100000,記述的評価,50000,0.004241897628538504,0.9529560432967475,0.005147218563355649,0.06128,0.00668,0.9575040240772688,2.0226831959712466,2.0364875897668466,101134.15979856234
C,2.0,0.9575040240772688,11,6,float64,100000,150000,記述的評価,50000,0.0034109507644134703,0.9582619152598977,0.0038677365625912064,0.06446,0.00646,0.9575040240772688,2.037605511357305,2.0364875897668466,101880.27556786526
C,2.0,0.9575040240772688,11,6,float64,150000,200000,記述的評価,50000,0.019746519662781813,0.9501567950191773,0.00721336354709734,0.06348,0.00684,0.9575040240772688,2.0358318182787833,2.0364875897668466,101791.59091393917
C,2.0,0.9575040240772688,11,6,float32,0,200000,記述的評価,200000,0.030772204510867596,0.9609046280384064,0.011880283403986502,0.063535,0.00731,0.9575040240772688,2.039108207918713,2.0364875897668466,407821.6415837426
C,2.0,0.9575040240772688,11,6,float32,0,50000,記述的評価,50000,0.021158486604690552,0.959613747894764,0.008502683302756053,0.0628,0.00702,0.9575040240772688,2.0307847783937,2.0364875897668466,101539.23891968498
C,2.0,0.9575040240772688,11,6,float32,50000,100000,記述的評価,50000,0.03829357400536537,0.9618455767631531,0.01295528340398644,0.06378,0.0074,0.9575040240772688,2.042104863819051,2.0364875897668466,102105.24319095256
C,2.0,0.9575040240772688,11,6,float32,100000,150000,記述的評価,50000,0.037061091512441635,0.9611363112926483,0.01281528340398641,0.06374,0.00742,0.9575040240772688,2.0420617766247524,2.0364875897668466,102103.08883123762
C,2.0,0.9575040240772688,11,6,float32,150000,200000,記述的評価,50000,0.0387318916618824,0.9599589407444,0.013335283403986486,0.06382,0.0074,0.9575040240772688,2.0414814128373484,2.0364875897668466,102074.07064186742
C,2.0,0.9575040240772688,11,7,float64,0,200000,記述的評価,200000,0.003543806775509952,0.9564058410471445,0.0023912448104397854,0.06258,0.00627,0.9575040240772688,2.0311304412477065,2.0364875897668466,406226.0882495413
C,2.0,0.9575040240772688,11,7,float64,0,50000,記述的評価,50000,0.00487889767402217,0.9478272030332042,0.004749446963709769,0.06262,0.00628,0.9575040240772688,2.025780443205811,2.0364875897668466,101289.02216029054
C,2.0,0.9575040240772688,11,7,float64,50000,100000,記述的評価,50000,-0.003839668982698779,0.9574788459561991,0.003644758232340034,0.0614,0.00622,0.9575040240772688,2.02375880959948,2.0364875897668466,101187.940479974
C,2.0,0.9575040240772688,11,7,float64,100000,150000,記述的評価,50000,0.00906263698225237,0.953637578400847,0.004563189323687489,0.06278,0.00644,0.9575040240772688,2.03350420972361,2.0364875897668466,101675.2104861805
C,2.0,0.9575040240772688,11,7,float64,150000,200000,記述的評価,50000,0.006288584069240802,0.9659558555579606,0.0037097889619696067,0.06352,0.00614,0.9575040240772688,2.0414783024619227,2.0364875897668466,102073.91512309614
C,2.0,0.9575040240772688,11,7,float32,0,200000,記述的評価,200000,0.05168694257736206,0.9337834417819977,0.019018018845676554,0.062,0.00587,0.9575040240772688,2.0239416098893717,2.0364875897668466,404788.3219778743
C,2.0,0.9575040240772688,11,7,float32,0,50000,記述的評価,50000,0.04929392412304878,0.9366025924682617,0.018363347368207383,0.06212,0.00592,0.9575040240772688,2.0257984977617705,2.0364875897668466,101289.92488808853
C,2.0,0.9575040240772688,11,7,float32,50000,100000,記述的評価,50000,0.052633821964263916,0.9332099258899689,0.019353018845676584,0.06214,0.00588,0.9575040240772688,2.0240811991096486,2.0364875897668466,101204.05995548243
C,2.0,0.9575040240772688,11,7,float32,100000,150000,記述的評価,50000,0.051150932908058167,0.9330668449401855,0.01905301884567656,0.06184,0.00578,0.9575040240772688,2.0217696760904813,2.0364875897668466,101088.48380452408
C,2.0,0.9575040240772688,11,7,float32,150000,200000,記述的評価,50000,0.051739197224378586,0.9341943264007568,0.019333018845676564,0.0619,0.0059,0.9575040240772688,2.0241170665955845,2.0364875897668466,101205.85332977923
C,2.0,0.9575040240772688,11,8,float64,0,200000,記述的評価,200000,-0.0005195939108508152,0.9583606990448477,0.0014090495628159005,0.06272,0.00617,0.9575040240772688,2.030487556622996,2.0364875897668466,406097.5113245992
C,2.0,0.9575040240772688,11,8,float64,0,50000,記述的評価,50000,-0.005504740724372837,0.946198694779774,0.003412975961227138,0.06202,0.0061,0.9575040240772688,2.02196213384514,2.0364875897668466,101098.106692257
C,2.0,0.9575040240772688,11,8,float64,50000,100000,記述的評価,50000,0.0005706823229679691,0.9557719222605823,0.003825202299589381,0.0631,0.00654,0.9575040240772688,2.03134395668188,2.0364875897668466,101567.19783409401
C,2.0,0.9575040240772688,11,8,float64,100000,150000,記述的評価,50000,0.0014729200873271984,0.9681746941062309,0.004133122750999307,0.06226,0.0059,0.9575040240772688,2.0290782002934864,2.0364875897668466,101453.91001467433
C,2.0,0.9575040240772688,11,8,float64,150000,200000,記述的評価,50000,0.0025094740339592064,0.9658328837631702,0.0026626491020025067,0.0635,0.00614,0.9575040240772688,2.0395659356714773,2.0364875897668466,101978.29678357387
C,2.0,0.9575040240772688,11,8,float32,0,200000,記述的評価,200000,-0.03829357400536537,0.9618455767631531,0.013075283403986449,0.063665,0.00739,0.9575040240772688,2.041836740678828,2.0364875897668466,408367.34813576564
C,2.0,0.9575040240772688,11,8,float32,0,50000,記述的評価,50000,-0.040456488728523254,0.9628299325704575,0.013695283403986402,0.06328,0.0073,0.9575040240772688,2.0400539322926123,2.0364875897668466,102002.69661463062
C,2.0,0.9575040240772688,11,8,float32,50000,100000,記述的評価,50000,-0.037061091512441635,0.9612436294555664,0.01283528340398643,0.06386,0.00744,0.9575040240772688,2.0429541011450354,2.0364875897668466,102147.70505725178
C,2.0,0.9575040240772688,11,8,float32,100000,150000,記述的評価,50000,-0.03829357400536537,0.9618455767631531,0.01299528340398648,0.06378,0.00742,0.9575040240772688,2.042330035616345,2.0364875897668466,102116.50178081726
C,2.0,0.9575040240772688,11,8,float32,150000,200000,記述的評価,50000,-0.037061091512441635,0.9611363112926483,0.012775283403986482,0.06374,0.0074,0.9575040240772688,2.0420088936613205,2.0364875897668466,102100.44468306602
C,2.0,0.9575040240772688,11,9,float64,0,200000,記述的評価,200000,0.0010605896618977634,0.9610781311709542,0.0010346557602860795,0.062415,0.00655,0.9575040240772688,2.0365759858810635,2.0364875897668466,407315.1971762127
C,2.0,0.9575040240772688,11,9,float64,0,50000,記述的評価,50000,0.011333652251526341,0.9612531868604979,0.004212396215282355,0.0625,0.00672,0.9575040240772688,2.034557647558522,2.0364875897668466,101727.8823779261
C,2.0,0.9575040240772688,11,9,float64,50000,100000,記述的評価,50000,-0.0075100851245421835,0.9604708243754592,0.0037205150298542655,0.0613,0.00702,0.9575040240772688,2.0309733253464266,2.0364875897668466,101548.66626732133
C,2.0,0.9575040240772688,11,9,float64,100000,150000,記述的評価,50000,2.4472810201893587e-05,0.9673835435305134,0.003910473742301357,0.06164,0.00582,0.9575040240772688,2.038310340977462,2.0364875897668466,101915.5170488731
C,2.0,0.9575040240772688,11,9,float64,150000,200000,記述的評価,50000,-0.00023221536407673808,0.9546703419611553,0.002156975199586131,0.06422,0.00664,0.9575040240772688,2.0424626296418427,2.0364875897668466,102123.13148209213
C,2.0,0.9575040240772688,11,9,float32,0,200000,記述的評価,200000,0.051739197224378586,0.933620810508728,0.019328018845676587,0.062015,0.005895,0.9575040240772688,2.024013825111177,2.0364875897668466,404802.76502223534
C,2.0,0.9575040240772688,11,9,float32,0,50000,記述的評価,50000,0.051739197224378586,0.9383115470409393,0.019613018845676566,0.06246,0.00596,0.9575040240772688,2.028184395082567,2.0364875897668466,101409.21975412835
C,2.0,0.9575040240772688,11,9,float32,50000,100000,記述的評価,50000,0.05168694257736206,0.9331023693084717,0.01907301884567658,0.06172,0.00584,0.9575040240772688,2.0218443947889244,2.0364875897668466,101092.21973944621
C,2.0,0.9575040240772688,11,9,float32,100000,150000,記述的評価,50000,0.053048308938741684,0.9323471784591675,0.01989301884567657,0.06182,0.00592,0.9575040240772688,2.022928767791,2.0364875897668466,101146.43838955
C,2.0,0.9575040240772688,11,9,float32,150000,200000,記述的評価,50000,0.05061492323875427,0.9331023693084717,0.018733018845676574,0.06206,0.00586,0.9575040240772688,2.0230977427822143,2.0364875897668466,101154.88713911071
C,2.0,0.9575040240772688,11,10,float64,0,200000,記述的評価,200000,-0.005415428941795261,0.9570284001101892,0.0019579060156815764,0.063455,0.00622,0.9575040240772688,2.0362245768273626,2.0364875897668466,407244.91536547255
C,2.0,0.9575040240772688,11,10,float64,0,50000,記述的評価,50000,0.005640729439470065,0.9561585969091311,0.0028744645980183225,0.06258,0.00634,0.9575040240772688,2.029799362358592,2.0364875897668466,101489.96811792962
C,2.0,0.9575040240772688,11,10,float64,50000,100000,記述的評価,50000,-0.004981495873373069,0.9565443975601904,0.0034644379074803,0.0626,0.00622,0.9575040240772688,2.0344680120462777,2.0364875897668466,101723.4006023139
C,2.0,0.9575040240772688,11,10,float64,100000,150000,記述的評価,50000,-0.016324710847891357,0.9571604162029679,0.006263168404637698,0.06514,0.00696,0.9575040240772688,2.0469908602599034,2.0364875897668466,102349.54301299517
C,2.0,0.9575040240772688,11,10,float64,150000,200000,記述的評価,50000,-0.002301442104934456,0.958949710052697,0.002782579048488776,0.0635,0.00536,0.9575040240772688,2.0336400726446793,2.0364875897668466,101682.00363223397
C,2.0,0.9575040240772688,11,10,float32,0,200000,記述的評価,200000,-0.03829357400536537,0.96101263910532,0.012975520220758152,0.063685,0.007315,0.9575040240772688,2.041150957771794,2.0364875897668466,408230.19155435875
C,2.0,0.9575040240772688,11,10,float32,0,50000,記述的評価,50000,-0.03606746345758438,0.9602509513497353,0.012650520220758188,0.06354,0.00716,0.9575040240772688,2.0400902816967266,2.0364875897668466,102004.51408483634
C,2.0,0.9575040240772688,11,10,float32,50000,100000,記述的評価,50000,-0.0387318916618824,0.961245208978653,0.013275283403986482,0.06368,0.00732,0.9575040240772688,2.041242224875853,2.0364875897668466,102062.11124379265
C,2.0,0.9575040240772688,11,10,float32,100000,150000,記述的評価,50000,-0.037061091512441635,0.9608998894691467,0.012915283403986455,0.06374,0.00738,0.9575040240772688,2.041707995000808,2.0364875897668466,102085.39975004041
C,2.0,0.9575040240772688,11,10,float32,150000,200000,記述的評価,50000,-0.03829357400536537,0.9618455767631531,0.013075283403986449,0.06378,0.0074,0.9575040240772688,2.0415633295137874,2.0364875897668466,102078.16647568936
C,2.0,0.9575040240772688,11,11,float64,0,200000,記述的評価,200000,0.0020981935824816236,0.961271040753259,0.002170778385447769,0.06335,0.00656,0.9575040240772688,2.0397218389728673,2.0364875897668466,407944.3677945734
C,2.0,0.9575040240772688,11,11,float64,0,50000,記述的評価,50000,0.0037208615889736726,0.9583424838961463,0.0022193383499661268,0.06398,0.0065,0.9575040240772688,2.0398166818248167,2.0364875897668466,101990.83409124083
C,2.0,0.9575040240772688,11,11,float64,50000,100000,記述的評価,50000,-0.009862179928061278,0.9688365451411893,0.005360414306351202,0.06304,0.00608,0.9575040240772688,2.0444549303881123,2.0364875897668466,102222.74651940561
C,2.0,0.9575040240772688,11,11,float64,100000,150000,記述的評価,50000,-0.005580646522863558,0.9604355391943464,0.003227717025609367,0.06354,0.0066,0.9575040240772688,2.036903556864546,2.0364875897668466,101845.17784322731
C,2.0,0.9575040240772688,11,11,float64,150000,200000,記述的評価,50000,0.018828597145818905,0.9566368097764476,0.00742202194088748,0.06284,0.00706,0.9575040240772688,2.037712186813994,2.0364875897668466,101885.6093406997
C,2.0,0.9575040240772688,11,11,float32,0,200000,記述的評価,200000,-0.03829357400536537,0.9609046280384064,0.01296528340398645,0.063675,0.007375,0.9575040240772688,2.041708120672298,2.0364875897668466,408341.6241344596
C,2.0,0.9575040240772688,11,11,float32,0,50000,記述的評価,50000,-0.037061091512441635,0.9593791961669922,0.012635283403986453,0.06334,0.00722,0.9575040240772688,2.0403824007860107,2.0364875897668466,102019.12003930054
C,2.0,0.9575040240772688,11,11,float32,50000,100000,記述的評価,50000,-0.0387318916618824,0.9618455767631531,0.013275283403986482,0.0639,0.00744,0.9575040240772688,2.043281954357753,2.0364875897668466,102164.09771788766
C,2.0,0.9575040240772688,11,11,float32,100000,150000,記述的評価,50000,-0.03829357400536537,0.9609046280384064,0.013095283403986469,0.0636,0.0074,0.9575040240772688,2.0402445828571465,2.0364875897668466,102012.22914285732
C,2.0,0.9575040240772688,11,11,float32,150000,200000,記述的評価,50000,-0.037061091512441635,0.9619528949260712,0.01285528340398645,0.06386,0.00744,0.9575040240772688,2.042923544688283,2.0364875897668466,102146.17723441415
C,2.0,0.9575040240772688,11,12,float64,0,200000,記述的評価,200000,-0.002036733759967175,0.9583583417834101,0.0018138706049457554,0.06273,0.006435,0.9575040240772688,2.0343645534785098,2.0364875897668466,406872.91069570195
C,2.0,0.9575040240772688,11,12,float64,0,50000,記述的評価,50000,-0.007775940680474554,0.9566519141074907,0.0030627618372445764,0.06214,0.00686,0.9575040240772688,2.0350808141509003,2.0364875897668466,101754.040707545
C,2.0,0.9575040240772688,11,12,float64,50000,100000,記述的評価,50000,0.0075724115745943186,0.9531693164269506,0.00404950046879704,0.06292,0.0063,0.9575040240772688,2.0321684003449363,2.0364875897668466,101608.42001724681
C,2.0,0.9575040240772688,11,12,float64,100000,150000,記述的評価,50000,-0.00980982066403287,0.9608493066555708,0.00355002905032753,0.06292,0.0064,0.9575040240772688,2.03481166378081,2.0364875897668466,101740.5831890405
C,2.0,0.9575040240772688,11,12,float64,150000,200000,記述的評価,50000,0.002833445078560963,0.9640461870237709,0.004590598854410044,0.06294,0.00618,0.9575040240772688,2.035397335637391,2.0364875897668466,101769.86678186955
C,2.0,0.9575040240772688,11,12,float32,0,200000,記述的評価,200000,-0.01803155615925789,0.9541328549385071,0.02352872962980168,0.05903,0.00706,0.9575040240772688,1.9380073088931,2.0364875897668466,387601.46177862
C,2.0,0.9575040240772688,11,12,float32,0,50000,記述的評価,50000,-0.01803155615925789,0.9590319991111755,0.020463729629801697,0.06044,0.00714,0.9575040240772688,1.9581544245700686,2.0364875897668466,97907.72122850343
C,2.0,0.9575040240772688,11,12,float32,50000,100000,記述的評価,50000,0.01803155615925789,0.9541328549385071,0.02466372962980165,0.05854,0.00704,0.9575040240772688,1.9310682578093774,2.0364875897668466,96553.41289046887
C,2.0,0.9575040240772688,11,12,float32,100000,150000,記述的評価,50000,-0.01803155615925789,0.9541328549385071,0.02460372962980162,0.05856,0.00702,0.9575040240772688,1.931383992297319,2.0364875897668466,96569.19961486595
C,2.0,0.9575040240772688,11,12,float32,150000,200000,記述的評価,50000,0.01803155615925789,0.9541328549385071,0.02464372962980166,0.05858,0.00704,0.9575040240772688,1.9314225608956364,2.0364875897668466,96571.12804478181
C,2.0,0.9575040240772688,11,13,float64,0,200000,記述的評価,200000,0.0020814010928878095,0.954840945457293,0.0018426156262859594,0.06289,0.006365,0.9575040240772688,2.0279927805083515,2.0364875897668466,405598.5561016703
C,2.0,0.9575040240772688,11,13,float64,0,50000,記述的評価,50000,0.0016830318251477294,0.9608382580121029,0.002495750887350573,0.06076,0.00646,0.9575040240772688,2.025486764628141,2.0364875897668466,101274.33823140705
C,2.0,0.9575040240772688,11,13,float64,50000,100000,記述的評価,50000,-0.002105209904102784,0.9581215109398415,0.0026612932453708993,0.063,0.00602,0.9575040240772688,2.026849280137447,2.0364875897668466,101342.46400687235
C,2.0,0.9575040240772688,11,13,float64,100000,150000,記述的評価,50000,-0.0020129032142461017,0.9481341907484135,0.0032962549899434035,0.0637,0.00632,0.9575040240772688,2.029294794910461,2.0364875897668466,101464.73974552307
C,2.0,0.9575040240772688,11,13,float64,150000,200000,記述的評価,50000,0.009539030537095799,0.9519807121852111,0.005105322826701397,0.0641,0.00666,0.9575040240772688,2.0303402823573564,2.0364875897668466,101517.01411786783
C,2.0,0.9575040240772688,11,13,float32,0,200000,記述的評価,200000,0.034906625747680664,0.9609046280384064,0.012045283403986473,0.063565,0.007315,0.9575040240772688,2.0394710893084262,2.0364875897668466,407894.21786168526
C,2.0,0.9575040240772688,11,13,float32,0,50000,記述的評価,50000,0.02330329827964306,0.9613932520151138,0.009115283403986485,0.06302,0.00704,0.9575040240772688,2.032256476613052,2.0364875897668466,101612.8238306526
C,2.0,0.9575040240772688,11,13,float32,50000,100000,記述的評価,50000,0.037061091512441635,0.9618455767631531,0.01283528340398643,0.06376,0.00744,0.9575040240772688,2.0423994193236217,2.0364875897668466,102119.97096618108
C,2.0,0.9575040240772688,11,13,float32,100000,150000,記述的評価,50000,0.03829357400536537,0.9618455767631531,0.013055283403986429,0.06374,0.0074,0.9575040240772688,2.0418970503472234,2.0364875897668466,102094.85251736117
C,2.0,0.9575040240772688,11,13,float32,150000,200000,記述的評価,50000,0.038512732833623886,0.9599589407444,0.013175283403986437,0.06374,0.00738,0.9575040240772688,2.041331410949807,2.0364875897668466,102066.57054749035
C,2.0,0.9575040240772688,11,14,float64,0,200000,記述的評価,200000,0.005901513463784666,0.9573859369058603,0.0021240844616639554,0.06279,0.006325,0.9575040240772688,2.03277348755348,2.0364875897668466,406554.697510696
C,2.0,0.9575040240772688,11,14,float64,0,50000,記述的評価,50000,0.002151512510999319,0.9651115541246327,0.003257773223802829,0.06258,0.00622,0.9575040240772688,2.036878449566001,2.0364875897668466,101843.92247830005
C,2.0,0.9575040240772688,11,14,float64,50000,100000,記述的評価,50000,0.01071919886491652,0.9515166640659389,0.004175416052258518,0.06078,0.00578,0.9575040240772688,2.0186644478642912,2.0364875897668466,100933.22239321457
C,2.0,0.9575040240772688,11,14,float64,100000,150000,記述的評価,50000,-0.0022672491424457876,0.9557980435932159,0.0023728640770811493,0.0646,0.00644,0.9575040240772688,2.037644034939374,2.0364875897668466,101882.2017469687
C,2.0,0.9575040240772688,11,14,float64,150000,200000,記述的評価,50000,0.009149911703073485,0.9573948902946854,0.004077309811048868,0.0632,0.00686,0.9575040240772688,2.037907017844256,2.0364875897668466,101895.35089221281
C,2.0,0.9575040240772688,11,14,float32,0,200000,記述的評価,200000,0.037061091512441635,0.9605334401130676,0.012830283403986509,0.063575,0.007335,0.9575040240772688,2.0400807845428446,2.0364875897668466,408016.1569085689
C,2.0,0.9575040240772688,11,14,float32,0,50000,記述的評価,50000,0.035389166325330734,0.9579405635595322,0.012335339311207782,0.06286,0.00706,0.9575040240772688,2.0336459469788566,2.0364875897668466,101682.29734894284
C,2.0,0.9575040240772688,11,14,float32,50000,100000,記述的評価,50000,0.03829357400536537,0.9618455767631531,0.013095283403986469,0.0639,0.00744,0.9575040240772688,2.0424679349585566,2.0364875897668466,102123.39674792784
C,2.0,0.9575040240772688,11,14,float32,100000,150000,記述的評価,50000,0.037061091512441635,0.9618455767631531,0.012755283403986462,0.06382,0.0074,0.9575040240772688,2.0425605579332395,2.0364875897668466,102128.02789666197
C,2.0,0.9575040240772688,11,14,float32,150000,200000,記述的評価,50000,0.03829357400536537,0.9618455767631531,0.013135283403986509,0.06372,0.00744,0.9575040240772688,2.041648698300727,2.0364875897668466,102082.43491503636
C,2.0,0.9575040240772688,11,15,float64,0,200000,記述的評価,200000,0.009867206891102404,0.9551162292226681,0.003468097838392803,0.063125,0.00606,0.9575040240772688,2.033105099310006,2.0364875897668466,406621.0198620012
C,2.0,0.9575040240772688,11,15,float64,0,50000,記述的評価,50000,0.018141521987510095,0.9564560712511982,0.006401164544556526,0.062,0.00606,0.9575040240772688,2.0251530409269916,2.0364875897668466,101257.65204634957
C,2.0,0.9575040240772688,11,15,float64,50000,100000,記述的評価,50000,0.014167051942249924,0.9560334244891139,0.004918773405835242,0.0636,0.0061,0.9575040240772688,2.031293724636955,2.0364875897668466,101564.68623184777
C,2.0,0.9575040240772688,11,15,float64,100000,150000,記述的評価,50000,0.013959029612348059,0.9631461759305635,0.00518934219500744,0.06336,0.0063,0.9575040240772688,2.044463555525495,2.0364875897668466,102223.17777627474
C,2.0,0.9575040240772688,11,15,float64,150000,200000,記述的評価,50000,-0.00498456020391028,0.9451274172279414,0.004704461339651633,0.06354,0.00578,0.9575040240772688,2.0315100761505844,2.0364875897668466,101575.50380752923
C,2.0,0.9575040240772688,11,15,float32,0,200000,記述的評価,200000,-0.037061091512441635,0.9609046280384064,0.01283528340398643,0.06366,0.007365,0.9575040240772688,2.04046381732148,2.0364875897668466,408092.763464296
C,2.0,0.9575040240772688,11,15,float32,0,50000,記述的評価,50000,-0.034729696810245514,0.957226037979126,0.011995283403986479,0.06316,0.0072,0.9575040240772688,2.0350439522242856,2.0364875897668466,101752.19761121427
C,2.0,0.9575040240772688,11,15,float32,50000,100000,記述的評価,50000,-0.037061091512441635,0.9618455767631531,0.012915283403986455,0.0638,0.00742,0.9575040240772688,2.042389382774299,2.0364875897668466,102119.46913871494
C,2.0,0.9575040240772688,11,15,float32,100000,150000,記述的評価,50000,-0.0387318916618824,0.9618455767631531,0.013335283403986431,0.06378,0.0074,0.9575040240772688,2.041944310546182,2.0364875897668466,102097.2155273091
C,2.0,0.9575040240772688,11,15,float32,150000,200000,記述的評価,50000,-0.03829357400536537,0.9618455767631531,0.013095283403986469,0.0639,0.00744,0.9575040240772688,2.0424776237411546,2.0364875897668466,102123.88118705773
C,2.0,0.9575040240772688,11,16,float64,0,200000,記述的評価,200000,0.0036055644821105072,0.9571318630999285,0.0019214404133890417,0.064025,0.00656,0.9575040240772688,2.039981367233081,2.0364875897668466,407996.2734466162
C,2.0,0.9575040240772688,11,16,float64,0,50000,記述的評価,50000,0.017894473871132847,0.944581598981357,0.006968034964337677,0.06416,0.0064,0.9575040240772688,2.032552206152262,2.0364875897668466,101627.6103076131
C,2.0,0.9575040240772688,11,16,float64,50000,100000,記述的評価,50000,0.0029238570882169405,0.9640056799321282,0.004163761255284837,0.06438,0.00676,0.9575040240772688,2.0492386046617828,2.0364875897668466,102461.93023308914
C,2.0,0.9575040240772688,11,16,float64,100000,150000,記述的評価,50000,-0.00027049727139743,0.9568191227643,0.0035537339800886802,0.06238,0.00682,0.9575040240772688,2.03219097680778,2.0364875897668466,101609.548840389
C,2.0,0.9575040240772688,11,16,float64,150000,200000,記述的評価,50000,-0.008006654147329127,0.9631308852327356,0.003345480120104549,0.06518,0.00626,0.9575040240772688,2.0459436813104968,2.0364875897668466,102297.18406552484
C,2.0,0.9575040240772688,11,16,float32,0,200000,記述的評価,200000,-0.037061091512441635,0.9608998894691467,0.012805283403986456,0.06376,0.007375,0.9575040240772688,2.041553682933211,2.0364875897668466,408310.73658664216
C,2.0,0.9575040240772688,11,16,float32,0,50000,記述的評価,50000,-0.034906625747680664,0.9597229063510895,0.012235283403986441,0.06356,0.00722,0.9575040240772688,2.039239957022466,2.0364875897668466,101961.9978511233
C,2.0,0.9575040240772688,11,16,float32,50000,100000,記述的評価,50000,-0.03829357400536537,0.9632079005241394,0.013095283403986469,0.06386,0.00744,0.9575040240772688,2.042383958916046,2.0364875897668466,102119.19794580231
C,2.0,0.9575040240772688,11,16,float32,100000,150000,記述的評価,50000,-0.037061091512441635,0.9618455767631531,0.012735283403986442,0.06382,0.0074,0.9575040240772688,2.0423642301582756,2.0364875897668466,102118.21150791379
C,2.0,0.9575040240772688,11,16,float32,150000,200000,記述的評価,50000,-0.03829357400536537,0.9618455767631531,0.013155283403986473,0.0638,0.00744,0.9575040240772688,2.042226585636055,2.0364875897668466,102111.32928180275
C,2.0,0.9575040240772688,11,17,float64,0,200000,記述的評価,200000,-0.001592756043673202,0.9569784598741524,0.0008812219840341751,0.0636,0.006175,0.9575040240772688,2.034739302904022,2.0364875897668466,406947.86058080435
C,2.0,0.9575040240772688,11,17,float64,0,50000,記述的評価,50000,0.013673602055968386,0.9666369267145759,0.005477588767132779,0.06334,0.00632,0.9575040240772688,2.038991267283901,2.0364875897668466,101949.56336419504
C,2.0,0.9575040240772688,11,17,float64,50000,100000,記述的評価,50000,-0.013501210126990959,0.9442001390568378,0.006769594482505137,0.06394,0.00544,0.9575040240772688,2.0296572877908123,2.0364875897668466,101482.86438954061
C,2.0,0.9575040240772688,11,17,float64,100000,150000,記述的評価,50000,-0.0020286830995584777,0.966381025203586,0.003739775795033262,0.0645,0.00666,0.9575040240772688,2.0437652230809933,2.0364875897668466,102188.26115404966
C,2.0,0.9575040240772688,11,17,float64,150000,200000,記述的評価,50000,-0.0019175946915256864,0.9514833314789957,0.003214717488512653,0.06262,0.00628,0.9575040240772688,2.026543433460379,2.0364875897668466,101327.17167301895
C,2.0,0.9575040240772688,11,17,float32,0,200000,記述的評価,200000,0.01803155615925789,0.9541328549385071,0.024073729629801643,0.058755,0.00705,0.9575040240772688,1.934458648004524,2.0364875897668466,386891.7296009048
C,2.0,0.9575040240772688,11,17,float32,0,50000,記述的評価,50000,0.01803155615925789,0.9590319991111755,0.022543729629801668,0.05938,0.00712,0.9575040240772688,1.9442591072674107,2.0364875897668466,97212.95536337054
C,2.0,0.9575040240772688,11,17,float32,50000,100000,記述的評価,50000,0.01803155615925789,0.9541328549385071,0.024703729629801663,0.05852,0.00702,0.9575040240772688,1.930807333896221,2.0364875897668466,96540.36669481105
C,2.0,0.9575040240772688,11,17,float32,100000,150000,記述的評価,50000,-0.01803155615925789,0.9541328549385071,0.02464372962980166,0.05858,0.00704,0.9575040240772688,1.9315651906607318,2.0364875897668466,96578.25953303659
C,2.0,0.9575040240772688,11,17,float32,150000,200000,記述的評価,50000,0.01803155615925789,0.9541328549385071,0.024623729629801666,0.05854,0.00702,0.9575040240772688,1.931202960193733,2.0364875897668466,96560.14800968666
C,2.0,0.9575040240772688,11,18,float64,0,200000,記述的評価,200000,-0.000509889803560397,0.9577712464232113,0.0008907052892212219,0.0633,0.006335,0.9575040240772688,2.035568144717471,2.0364875897668466,407113.6289434942
C,2.0,0.9575040240772688,11,18,float64,0,50000,記述的評価,50000,0.007201684091904397,0.9555798758670371,0.0037459713701042396,0.0629,0.00652,0.9575040240772688,2.0309225789335095,2.0364875897668466,101546.12894667548
C,2.0,0.9575040240772688,11,18,float64,50000,100000,記述的評価,50000,0.005617276494668687,0.9661459470074072,0.003724770717962178,0.0613,0.00578,0.9575040240772688,2.031041057601734,2.0364875897668466,101552.05288008672
C,2.0,0.9575040240772688,11,18,float64,100000,150000,記述的評価,50000,-0.012443623163094934,0.9481102953767309,0.004572234167760647,0.06412,0.0064,0.9575040240772688,2.0350768025605146,2.0364875897668466,101753.84012802574
C,2.0,0.9575040240772688,11,18,float64,150000,200000,記述的評価,50000,-0.006160291084374859,0.9602506795434385,0.003590499565268912,0.06488,0.00664,0.9575040240772688,2.045232139774125,2.0364875897668466,102261.60698870625
C,2.0,0.9575040240772688,11,18,float32,0,200000,記述的評価,200000,0.05168694257736206,0.9337834417819977,0.01897801884567657,0.06201,0.00586,0.9575040240772688,2.02380720620926,2.0364875897668466,404761.441241852
C,2.0,0.9575040240772688,11,18,float32,0,50000,記述的評価,50000,0.04929392412304878,0.9387726187705994,0.018423347368207388,0.0622,0.00588,0.9575040240772688,2.0264744382497373,2.0364875897668466,101323.72191248686
C,2.0,0.9575040240772688,11,18,float32,50000,100000,記述的評価,50000,0.05061492323875427,0.9331023693084717,0.018893018845676568,0.06188,0.00588,0.9575040240772688,2.022311765312652,2.0364875897668466,101115.58826563261
C,2.0,0.9575040240772688,11,18,float32,100000,150000,記述的評価,50000,0.052633821964263916,0.9332099258899689,0.01937301884567655,0.0621,0.00588,0.9575040240772688,2.023883775960176,2.0364875897668466,101194.18879800882
C,2.0,0.9575040240772688,11,18,float32,150000,200000,記述的評価,50000,0.051739197224378586,0.9325288534164429,0.01925301884567654,0.06186,0.0058,0.9575040240772688,2.0225588453144736,2.0364875897668466,101127.94226572367
C,2.0,0.9575040240772688,11,19,float64,0,200000,記述的評価,200000,-0.006566239358878715,0.9633984225252843,0.003075282074059049,0.0649,0.006805,0.9575040240772688,2.046925690489218,2.0364875897668466,409385.1380978436
C,2.0,0.9575040240772688,11,19,float64,0,50000,記述的評価,50000,-0.011693660296857516,0.9707508188100421,0.006731029000158262,0.06732,0.00726,0.9575040240772688,2.062341607411393,2.0364875897668466,103117.08037056966
C,2.0,0.9575040240772688,11,19,float64,50000,100000,記述的評価,50000,-0.01298897671398092,0.9585297236629033,0.004722561497865485,0.0641,0.0068,0.9575040240772688,2.041264753079158,2.0364875897668466,102063.2376539579
C,2.0,0.9575040240772688,11,19,float64,100000,150000,記述的評価,50000,-0.007166112234271308,0.9639325590273726,0.0036988387451160065,0.06642,0.00656,0.9575040240772688,2.056223085015007,2.0364875897668466,102811.15425075036
C,2.0,0.9575040240772688,11,19,float64,150000,200000,記述的評価,50000,0.004284504570291316,0.9592901710162304,0.003274957706847492,0.06176,0.0066,0.9575040240772688,2.027873316451313,2.0364875897668466,101393.66582256566
C,2.0,0.9575040240772688,11,19,float32,0,200000,記述的評価,200000,0.037061091512441635,0.9608998894691467,0.012805283403986456,0.06366,0.00728,0.9575040240772688,2.0408354541198523,2.0364875897668466,408167.0908239705
C,2.0,0.9575040240772688,11,19,float32,0,50000,記述的評価,50000,0.03528472036123276,0.9610072076320648,0.012235283403986497,0.0633,0.00694,0.9575040240772688,2.038128704886836,2.0364875897668466,101906.43524434179
C,2.0,0.9575040240772688,11,19,float32,50000,100000,記述的評価,50000,0.037061091512441635,0.9608998894691467,0.01287528340398647,0.06372,0.00738,0.9575040240772688,2.041393763049649,2.0364875897668466,102069.68815248244
C,2.0,0.9575040240772688,11,19,float32,100000,150000,記述的評価,50000,0.03829357400536537,0.9618455767631531,0.013135283403986509,0.06382,0.0074,0.9575040240772688,2.041923516282137,2.0364875897668466,102096.17581410686
C,2.0,0.9575040240772688,11,19,float32,150000,200000,記述的評価,50000,0.03829357400536537,0.9618455767631531,0.01297528340398646,0.0638,0.0074,0.9575040240772688,2.0418958322607876,2.0364875897668466,102094.79161303939
