beta,gamma0,x,empirical,theoretical
0.5,0.1,-13.440840288838595,0.001,0.00118312330729603
0.5,0.1,-2.661758886541622,0.00599,0.005973635633201579
0.5,0.1,-1.411816767172265,0.01098,0.011258976810593235
0.5,0.1,-0.9789511696672293,0.01597,0.016230085646150583
0.5,0.1,-0.7535504814600384,0.02096,0.021072254252655964
0.5,0.1,-0.6082062498848856,0.02595,0.026087571855393288
0.5,0.1,-0.5144015302501604,0.03094,0.030817420167105314
0.5,0.1,-0.4420505083849375,0.03593,0.035821823922612794
0.5,0.1,-0.3876815662330104,0.04092,0.04079401321803655
0.5,0.1,-0.3447521073031294,0.04591,0.04580774015162026
0.5,0.1,-0.3116473463408434,0.0509,0.050595943298763935
0.5,0.1,-0.2838299326302185,0.05589,0.05545929203401434
0.5,0.1,-0.25812253508490424,0.06088,0.06085492248808888
0.5,0.1,-0.23673726841902323,0.06587,0.06620123360155289
0.5,0.1,-0.21958387593252252,0.07086,0.0712077923682291
0.5,0.1,-0.20451457561253222,0.07585,0.07626255246664015
0.5,0.1,-0.19250187018920178,0.08084,0.08082518547964129
0.5,0.1,-0.18134526381622873,0.08583,0.0855679012439402
0.5,0.1,-0.1706950210953887,0.09082,0.09063054949742372
0.5,0.1,-0.16077910626969183,0.09581,0.09589677350768372
0.5,0.1,-0.1525972639408679,0.1008,0.10070988271266018
0.5,0.1,-0.14500763551113993,0.10579,0.10561097567599492
0.5,0.1,-0.13788636025970036,0.11078,0.11064577919276658
0.5,0.1,-0.1318652783138837,0.11577,0.11527585704296295
0.5,0.1,-0.1262440059744563,0.12076,0.11994514860700567
0.5,0.1,-0.12086291563111869,0.12575,0.12476460322134308
0.5,0.1,-0.11576885745465046,0.13074,0.12967729869836542
0.5,0.1,-0.11109279651071902,0.13573,0.13451903156579925
0.5,0.1,-0.10631842898714572,0.14072,0.1398252353749746
0.5,0.1,-0.10240542772979622,0.14571,0.1444743506665988
0.5,0.1,-0.09842121486621079,0.1507,0.14951245157540055
0.5,0.1,-0.09479741831601012,0.15569,0.1543849702662718
0.5,0.1,-0.09152517867899133,0.16068,0.1590422704506657
0.5,0.1,-0.08830408770741026,0.16567,0.1638843175867183
0.5,0.1,-0.08513178274341558,0.17066,0.168921861539036
0.5,0.1,-0.08219920162943739,0.17565,0.17383368657108095
0.5,0.1,-0.07930154856108726,0.18064,0.17894499908193018
0.5,0.1,-0.07659044651153733,0.18563,0.18397546936859793
0.5,0.1,-0.07427502901857633,0.19062,0.18847390524085617
0.5,0.1,-0.0718901678115483,0.19561,0.19331364789941097
0.5,0.1,-0.06949845053169099,0.2006,0.19838972498254004
0.5,0.1,-0.06732219718768896,0.20559,0.20321292505390764
0.5,0.1,-0.06521991140292653,0.21058,0.20806706709619677
0.5,0.1,-0.06310471716593583,0.21557,0.21315416593898762
0.5,0.1,-0.06125977736751321,0.22056,0.2177656690938954
0.5,0.1,-0.059383861590062634,0.22555,0.22262880898568183
0.5,0.1,-0.05758866017808775,0.23054,0.227454215911495
0.5,0.1,-0.05568704600122794,0.23553,0.23275638932659126
0.5,0.1,-0.054032390080994,0.24052,0.23753604273006945
0.5,0.1,-0.05243834188965122,0.24551,0.24229229486346815
0.5,0.1,-0.050824456417020505,0.2505,0.247264658067833
0.5,0.1,-0.04924433359514592,0.25549,0.2522910916771198
0.5,0.1,-0.047786240344939605,0.26048,0.2570724933232472
0.5,0.1,-0.046201444012136675,0.26547,0.2624299354794893
0.5,0.1,-0.04479939423400967,0.27046,0.26731293314838056
0.5,0.1,-0.04334884179004595,0.27545,0.27251027786489934
0.5,0.1,-0.042057633515657375,0.28044,0.27726407177830953
0.5,0.1,-0.040782444174082534,0.28543,0.2820792164341065
0.5,0.1,-0.03946246154787349,0.29042,0.2871919528374457
0.5,0.1,-0.038190236669561714,0.29541,0.292245646510923
0.5,0.1,-0.037012852819953465,0.3004,0.29703456107599757
0.5,0.1,-0.03591519015979541,0.30539,0.3015975313520132
0.5,0.1,-0.034778559970181686,0.31038,0.306423695008125
0.5,0.1,-0.03361880529017777,0.31537,0.3114553186187925
0.5,0.1,-0.03243217835198551,0.32036,0.3167167288837548
0.5,0.1,-0.03141038946862115,0.32535,0.32133968491957865
0.5,0.1,-0.030254266697078012,0.33034,0.32667412842889487
0.5,0.1,-0.029175887915090907,0.33533,0.33174946237873404
0.5,0.1,-0.028126600155105496,0.34032,0.33678032436265504
0.5,0.1,-0.027126614847177006,0.34531,0.3416596278941928
0.5,0.1,-0.026048748263901057,0.3503,0.3470114253475274
0.5,0.1,-0.025062716431685717,0.35529,0.35199090324674387
0.5,0.1,-0.02407150357512681,0.36028,0.3570765676306127
0.5,0.1,-0.023082217474607886,0.36527,0.36223163411738735
0.5,0.1,-0.022147373306757548,0.37026,0.3671749928596861
0.5,0.1,-0.021319610357850786,0.37525,0.37160975746511776
0.5,0.1,-0.02039756862435357,0.38024,0.3766124151014646
0.5,0.1,-0.01951342659752885,0.38523,0.3814705366032908
0.5,0.1,-0.018634979587439714,0.39022,0.38635541915766697
0.5,0.1,-0.01774703014623773,0.39521,0.39135062754119
0.5,0.1,-0.016833546250905385,0.4002,0.3965482346862603
0.5,0.1,-0.01598432498660298,0.40519,0.40143210226727344
0.5,0.1,-0.01511390566824847,0.41018,0.40648811578988786
0.5,0.1,-0.014195552658828865,0.41517,0.4118757103749099
0.5,0.1,-0.013347354079601036,0.42016,0.4168982702903138
0.5,0.1,-0.012549562074534452,0.42515,0.4216613587346893
0.5,0.1,-0.011753871771364376,0.43014,0.42644783470549286
0.5,0.1,-0.010958846025667856,0.43513,0.43126437715252
0.5,0.1,-0.010146007263045653,0.44012,0.4362220979061765
0.5,0.1,-0.00930347297463235,0.44511,0.44139422360880687
0.5,0.1,-0.008477046097843305,0.4501,0.44649807631880145
0.5,0.1,-0.007664815868009805,0.45509,0.45154147338886863
0.5,0.1,-0.006840272833406657,0.46008,0.4566865129775137
0.5,0.1,-0.005964626701478926,0.46507,0.4621754135819701
0.5,0.1,-0.005210812098724273,0.47006,0.46691891868433827
0.5,0.1,-0.004418787397080309,0.47505,0.47191876434005015
0.5,0.1,-0.003635228946788289,0.48004,0.47687888100759157
0.5,0.1,-0.002838987473367361,0.48503,0.4819308192573328
0.5,0.1,-0.0020318031674789903,0.49002,0.48706149251565517
0.5,0.1,-0.0012322654662826513,0.49501,0.4921502098008633
0.5,0.1,-0.0004250165192557775,0.5,0.49729207172410955
0.5,0.1,0.00044903594282680125,0.50499,0.5028609563680306
0.5,0.1,0.0012039999875925718,0.50998,0.5076698036569093
0.5,0.1,0.0019947853903477426,0.51497,0.5127030310780077
0.5,0.1,0.002812981321787059,0.51996,0.517904011009635
0.5,0.1,0.0036223038787771234,0.52495,0.5230391991021052
0.5,0.1,0.004419306453647556,0.52994,0.5280845171547964
0.5,0.1,0.00528967897954541,0.53493,0.5335780925094995
0.5,0.1,0.006080912130727997,0.53992,0.5385548850199037
0.5,0.1,0.006930110628234235,0.54491,0.5438752190576069
0.5,0.1,0.0077091643494609455,0.5499,0.5487345579013045
0.5,0.1,0.008512832065938298,0.55489,0.5537235266739406
0.5,0.1,0.009317861955696777,0.55988,0.5586943783801374
0.5,0.1,0.010182809091906619,0.56487,0.5640030644234115
0.5,0.1,0.011024907764997038,0.56986,0.5691371001453523
0.5,0.1,0.011842583123124488,0.57485,0.5740875312601229
0.5,0.1,0.012669515537914153,0.57984,0.5790571511880209
0.5,0.1,0.013468484625401027,0.58483,0.5838216574377468
0.5,0.1,0.014361058658704231,0.58982,0.5890991780713977
0.5,0.1,0.015207932456470116,0.59481,0.5940604554868468
0.5,0.1,0.016084134062011885,0.5998,0.5991444415326502
0.5,0.1,0.01690670516293818,0.60479,0.6038701849351997
0.5,0.1,0.01772521745203442,0.60978,0.6085259488724423
0.5,0.1,0.018583870746651986,0.61477,0.613358619412805
0.5,0.1,0.019464012395201773,0.61976,0.6182562045273143
0.5,0.1,0.020357535849705018,0.62475,0.6231688996961723
0.5,0.1,0.02123583187601426,0.62974,0.6279384096115117
0.5,0.1,0.02212856992900358,0.63473,0.6327248654722988
0.5,0.1,0.023106970729439583,0.63972,0.6378983118671884
0.5,0.1,0.0240650450317576,0.64471,0.6428900335747358
0.5,0.1,0.025063487363625753,0.6497,0.648013021066626
0.5,0.1,0.0260458311286515,0.65469,0.6529739607247801
0.5,0.1,0.027088152553681837,0.65968,0.6581510489363922
0.5,0.1,0.028177145894498403,0.66467,0.663464110235739
0.5,0.1,0.02919520997496173,0.66966,0.6683423230392408
0.5,0.1,0.03023487795284477,0.67465,0.6732354690141966
0.5,0.1,0.03131342939242207,0.67964,0.6782171699718491
0.5,0.1,0.032404309305004944,0.68463,0.6831583182901413
0.5,0.1,0.03342387720125235,0.68962,0.6876882708068838
0.5,0.1,0.0345264162565551,0.69461,0.6924916283466049
0.5,0.1,0.035710870872792205,0.6996,0.6975425475941673
0.5,0.1,0.03693332422910684,0.70459,0.7026380423981939
0.5,0.1,0.0382173475409708,0.70958,0.7078633505807036
0.5,0.1,0.03949967333875955,0.71457,0.7129539929770777
0.5,0.1,0.04080977962588972,0.71956,0.7180252734989125
0.5,0.1,0.042155897303915627,0.72455,0.7231019814612987
0.5,0.1,0.043472852857169,0.72954,0.7279399279049333
0.5,0.1,0.04485814049089057,0.73453,0.7328944148007697
0.5,0.1,0.046242887982901326,0.73952,0.7377123368724792
0.5,0.1,0.04784464736980584,0.74451,0.7431217292969198
0.5,0.1,0.04947602466290527,0.7495,0.7484559099891683
0.5,0.1,0.05097924069760312,0.75449,0.7532192218557253
0.5,0.1,0.05262554950089885,0.75948,0.7582741696910806
0.5,0.1,0.05432034572548333,0.76447,0.7633071200312921
0.5,0.1,0.05598467539118832,0.76946,0.7680867562463545
0.5,0.1,0.05791601435296186,0.77445,0.7734385165822534
0.5,0.1,0.05980731441762846,0.77944,0.7784846928906104
0.5,0.1,0.06171080633562193,0.78443,0.7833771097344893
0.5,0.1,0.0637577165055515,0.78942,0.7884386653773534
0.5,0.1,0.06588271372982009,0.79441,0.7934845920513627
0.5,0.1,0.06816579946226616,0.7994,0.7986805372975461
0.5,0.1,0.07052601121827565,0.80439,0.803819227772979
0.5,0.1,0.07294308300166832,0.80938,0.8088496650054093
0.5,0.1,0.07545061184324826,0.81437,0.8138340239798347
0.5,0.1,0.07822621954651866,0.81936,0.8190893337347422
0.5,0.1,0.08116533557767253,0.82435,0.8243729673319291
0.5,0.1,0.08404422543658303,0.82934,0.8292860957812831
0.5,0.1,0.08743798997529363,0.83433,0.8347676492766656
0.5,0.1,0.09077499614379385,0.83932,0.8398535553977864
0.5,0.1,0.09439673467079478,0.84431,0.8450582718845653
0.5,0.1,0.09827505817816064,0.8493,0.8502965406279839
0.5,0.1,0.10221142339442525,0.85429,0.8552876534209435
0.5,0.1,0.10668726485934417,0.85928,0.860598600034002
0.5,0.1,0.11116738690712011,0.86427,0.865560867118726
0.5,0.1,0.11603305215153197,0.86926,0.870586454612404
0.5,0.1,0.12096301739847791,0.87425,0.8753284011608528
0.5,0.1,0.12648303261079405,0.87924,0.8802607195302525
0.5,0.1,0.1323249650924386,0.88423,0.8850906549779254
0.5,0.1,0.13905165890669216,0.88922,0.8902093907420818
0.5,0.1,0.14591581455209388,0.89421,0.8949995600401179
0.5,0.1,0.15354101091683942,0.8992,0.8998689882126785
0.5,0.1,0.1618733410023109,0.90419,0.9047133154075968
0.5,0.1,0.17158813722253383,0.90918,0.9098162809605652
0.5,0.1,0.18236100191793383,0.91417,0.9148862527171759
0.5,0.1,0.194469070796521,0.91916,0.9199582271872241
0.5,0.1,0.20749409725600118,0.92415,0.9247919640172546
0.5,0.1,0.22231893787062385,0.92914,0.9296398116140367
0.5,0.1,0.2388927182683989,0.93413,0.9343792249290983
0.5,0.1,0.25863074494742505,0.93912,0.939261773248476
0.5,0.1,0.2826621394440406,0.94411,0.944316219651293
0.5,0.1,0.3104064203890074,0.9491,0.9492051967411171
0.5,0.1,0.3444483102446461,0.95409,0.9541524144911394
0.5,0.1,0.3876385875837225,0.95908,0.959201513198304
0.5,0.1,0.44284615635133934,0.96407,0.9642419954583115
0.5,0.1,0.5207840701661122,0.96906,0.9695579540302743
0.5,0.1,0.6144391631785204,0.97405,0.9741758967080061
0.5,0.1,0.7619913656584808,0.97904,0.9791605014123987
0.5,0.1,1.0155580140339817,0.98403,0.9843539852446803
0.5,0.1,1.4483354175859453,0.98902,0.9890246816731154
0.5,0.1,2.6884884896710455,0.99401,0.9940857419612632
0.5,0.1,15.427170440997903,0.999,0.9989692089602618
0.5,1.0,-115.04817063769347,0.001,0.0012785572150662006
0.5,1.0,-24.77595094341727,0.00599,0.005936377811245119
0.5,1.0,-12.983097149183418,0.01098,0.011325062551333365
0.5,1.0,-9.078653800688114,0.01597,0.016188481197045856
0.5,1.0,-6.866615422678377,0.02096,0.021389720731060158
0.5,1.0,-5.551827130979861,0.02595,0.026434207630545326
0.5,1.0,-4.617590318545026,0.03094,0.031749959903884295
0.5,1.0,-3.986853304952805,0.03593,0.036731465222715476
0.5,1.0,-3.513290826799266,0.04092,0.04162958635012426
0.5,1.0,-3.136625106058293,0.04591,0.0465614520246147
0.5,1.0,-2.821334557301001,0.0509,0.05167830304497523
0.5,1.0,-2.5658489234320476,0.05589,0.05672050756312852
0.5,1.0,-2.3664456018579254,0.06088,0.06138671530745088
0.5,1.0,-2.178364849451262,0.06587,0.06653962950815101
0.5,1.0,-2.022370251452325,0.07086,0.07150700948119859
0.5,1.0,-1.88035629915858,0.07585,0.0767077515557853
0.5,1.0,-1.7615834509417623,0.08084,0.08166233706909026
0.5,1.0,-1.6576433035528813,0.08583,0.08654103493499976
0.5,1.0,-1.5651643039407175,0.09082,0.0913850901352094
0.5,1.0,-1.4772337219396774,0.09581,0.0965057841459036
0.5,1.0,-1.4020127490176868,0.1008,0.10134848288178872
0.5,1.0,-1.3341982654883764,0.10579,0.10613445561532131
0.5,1.0,-1.2684470703255604,0.11078,0.11120863953117266
0.5,1.0,-1.2093276333533258,0.11577,0.11618457668949839
0.5,1.0,-1.1548804001500848,0.12076,0.12115814377857798
0.5,1.0,-1.1022253512885059,0.12575,0.12636818610968825
0.5,1.0,-1.0536632247768491,0.13074,0.1315631417748394
0.5,1.0,-1.008771880419968,0.13573,0.1367358744652774
0.5,1.0,-0.9694586921848053,0.14072,0.14158884153788293
0.5,1.0,-0.9320331091382323,0.14571,0.14651645151357723
0.5,1.0,-0.8962000261294281,0.1507,0.15154150771367542
0.5,1.0,-0.862043965660054,0.15569,0.15663604638721268
0.5,1.0,-0.8320002038292882,0.16068,0.16138371652520106
0.5,1.0,-0.8045776897859378,0.16567,0.16595184296306348
0.5,1.0,-0.7753186905165264,0.17066,0.17109125703707267
0.5,1.0,-0.7490346523646615,0.17565,0.17595846403158583
0.5,1.0,-0.7236415448507125,0.18064,0.18090156989624184
0.5,1.0,-0.7008590561229217,0.18563,0.18555104703159442
0.5,1.0,-0.67792337575611,0.19062,0.19044952837669316
0.5,1.0,-0.6550563282090984,0.19561,0.19556391021642
0.5,1.0,-0.6335703531223906,0.2006,0.20059153670363988
0.5,1.0,-0.6134389750539672,0.20559,0.2055084656066331
0.5,1.0,-0.5950764799790081,0.21058,0.21017643308910017
0.5,1.0,-0.5771412705653425,0.21557,0.2149125778077967
0.5,1.0,-0.5596311115679499,0.22056,0.21971276875930063
0.5,1.0,-0.5422035033979125,0.22555,0.2246709901685578
0.5,1.0,-0.5258185897347323,0.23054,0.22950396587134125
0.5,1.0,-0.5087537388669182,0.23553,0.23472146715970738
0.5,1.0,-0.4942577030205355,0.24052,0.239306698686731
0.5,1.0,-0.4790338192396687,0.24551,0.24427917401713212
0.5,1.0,-0.4638112105513436,0.2505,0.24941762956246405
0.5,1.0,-0.4501593040930948,0.25549,0.2541720740091038
0.5,1.0,-0.43674595693369694,0.26048,0.25898219105223985
0.5,1.0,-0.4233922045822821,0.26547,0.2639114127490487
0.5,1.0,-0.4095646011412458,0.27046,0.26916728765566855
0.5,1.0,-0.39716477710427445,0.27545,0.274015100685589
0.5,1.0,-0.38491120479412166,0.28044,0.2789337374577451
0.5,1.0,-0.37329396105053875,0.28543,0.2837169077058473
0.5,1.0,-0.3607536448731495,0.29042,0.28901375710083305
0.5,1.0,-0.34858749188066296,0.29541,0.2942875564860997
0.5,1.0,-0.33780683034773235,0.3004,0.2990736770025574
0.5,1.0,-0.32737221997389765,0.30539,0.303808597287039
0.5,1.0,-0.31586854756591304,0.31038,0.3091468007135352
0.5,1.0,-0.3047021704939143,0.31537,0.314448262094911
0.5,1.0,-0.2939785543057764,0.32036,0.31965155768521586
0.5,1.0,-0.2834725249602359,0.32535,0.3248564383741587
0.5,1.0,-0.27400094183533746,0.33034,0.3296401492851707
0.5,1.0,-0.2635701777858193,0.33533,0.33500872885241306
0.5,1.0,-0.2536468517462928,0.34032,0.34021388120913776
0.5,1.0,-0.24477290162367352,0.34531,0.3449491850349981
0.5,1.0,-0.2352923292610821,0.3503,0.35009194981649094
0.5,1.0,-0.22585057626785632,0.35529,0.35529914922903977
0.5,1.0,-0.21622341318664148,0.36028,0.3606957157328045
0.5,1.0,-0.20692363522912077,0.36527,0.36599137955906613
0.5,1.0,-0.19818635925197076,0.37026,0.3710397217008088
0.5,1.0,-0.1903512750730727,0.37525,0.3756260230536931
0.5,1.0,-0.1817907382301592,0.38024,0.3806999126802939
0.5,1.0,-0.1734817980779024,0.38523,0.3856863153937363
0.5,1.0,-0.16522205497127618,0.39022,0.39070201209144917
0.5,1.0,-0.1566623843613174,0.39521,0.39596012234434214
0.5,1.0,-0.14845706677106063,0.4002,0.4010564887034196
0.5,1.0,-0.14114470808776186,0.40519,0.4056429245978158
0.5,1.0,-0.1327030244998983,0.41018,0.4109882456085045
0.5,1.0,-0.1250449687318393,0.41517,0.4158824587156208
0.5,1.0,-0.11710677924708777,0.42016,0.42099902347272317
0.5,1.0,-0.10926506378785562,0.42515,0.4260946740499978
0.5,1.0,-0.10155084615397818,0.43014,0.43114540997939865
0.5,1.0,-0.09424953241654142,0.43513,0.43595851166202665
0.5,1.0,-0.0869413865700656,0.44012,0.440806026763559
0.5,1.0,-0.08027935857369155,0.44511,0.44524936232222473
0.5,1.0,-0.07310780432485989,0.4501,0.4500566894323864
0.5,1.0,-0.06622769691550767,0.45509,0.4546903690301932
0.5,1.0,-0.05872920574883478,0.46008,0.4597625690960397
0.5,1.0,-0.05142949757328669,0.46507,0.4647201399427557
0.5,1.0,-0.04431665891624809,0.47006,0.4695674062037946
0.5,1.0,-0.037024664309308467,0.47505,0.4745514835183831
0.5,1.0,-0.029600622581478945,0.48004,0.4796386781628522
0.5,1.0,-0.022468108560350728,0.48503,0.4845359698238387
0.5,1.0,-0.015203354019990737,0.49002,0.48953158749884024
0.5,1.0,-0.007787240350849858,0.49501,0.4946365960121187
0.5,1.0,-0.0007392010532428201,0.5,0.4994908330090226
0.5,1.0,0.006474220972519761,0.50499,0.5044592019451658
0.5,1.0,0.013629675041606053,0.50998,0.509385505163948
0.5,1.0,0.020843796398417914,0.51497,0.5143476441714265
0.5,1.0,0.028096318787414105,0.51996,0.5193291690018821
0.5,1.0,0.03552040437297999,0.52495,0.524418716050574
0.5,1.0,0.04299117406977246,0.52994,0.5295276653991827
0.5,1.0,0.05019967995107915,0.53493,0.5344428728552606
0.5,1.0,0.05730080498813357,0.53992,0.5392688043590438
0.5,1.0,0.06437044025882865,0.54491,0.5440553831116761
0.5,1.0,0.07187285783010453,0.5499,0.5491130991649902
0.5,1.0,0.0789887334757378,0.55489,0.5538872834812752
0.5,1.0,0.0862962588393622,0.55988,0.5587646866116687
0.5,1.0,0.09391955534813225,0.56487,0.5638232439712751
0.5,1.0,0.10159515976240242,0.56986,0.5688837068923268
0.5,1.0,0.10876556497567832,0.57485,0.5735794050495271
0.5,1.0,0.11614018766735956,0.57984,0.5783750461099622
0.5,1.0,0.12402553446777066,0.58483,0.5834628906188151
0.5,1.0,0.1327447520188175,0.58982,0.5890383063927412
0.5,1.0,0.14044361868023136,0.59481,0.5939151787062121
0.5,1.0,0.14855903258249442,0.5998,0.5990071716110326
0.5,1.0,0.15689034963055712,0.60479,0.6041806945595071
0.5,1.0,0.16535820011168453,0.60978,0.609381129067322
0.5,1.0,0.1737125697756347,0.61477,0.6144529843038382
0.5,1.0,0.18264601402726538,0.61976,0.6198099356217296
0.5,1.0,0.19125682072034114,0.62475,0.6249068756849466
0.5,1.0,0.19895249848810695,0.62974,0.6294057500053789
0.5,1.0,0.20733988941282397,0.63473,0.6342473731129881
0.5,1.0,0.2158620317777174,0.63972,0.639100008840669
0.5,1.0,0.22444805490192113,0.64471,0.6439201120520142
0.5,1.0,0.23347125543879013,0.6497,0.6489103356919497
0.5,1.0,0.24282109054303053,0.65469,0.6539991088447535
0.5,1.0,0.25246806845792596,0.65968,0.6591614758738662
0.5,1.0,0.2625619693050292,0.66467,0.664466776942052
0.5,1.0,0.2732359016175442,0.66966,0.669969673270749
0.5,1.0,0.28304535646612683,0.67465,0.6749296829240193
0.5,1.0,0.2930038425571674,0.67964,0.6798700247371638
0.5,1.0,0.30261960456707193,0.68463,0.6845498542581185
0.5,1.0,0.3123448526296644,0.68962,0.6891930515392396
0.5,1.0,0.3231776716623401,0.69461,0.6942593769577271
0.5,1.0,0.3335392500365653,0.6996,0.6990020681647775
0.5,1.0,0.344432895497102,0.70459,0.7038806448174638
0.5,1.0,0.3555356615447403,0.70958,0.7087407635763925
0.5,1.0,0.36747394905425734,0.71457,0.7138422087559441
0.5,1.0,0.37916384903853695,0.71956,0.7187146405436239
0.5,1.0,0.3916869798454788,0.72455,0.723801979106753
0.5,1.0,0.4038381036117915,0.72954,0.7286099027649252
0.5,1.0,0.41658415904452356,0.73453,0.7335203936428237
0.5,1.0,0.43089368254257654,0.73952,0.7388750582066972
0.5,1.0,0.4458385200182542,0.74451,0.7442936685138646
0.5,1.0,0.4601520016891964,0.7495,0.7493217516889409
0.5,1.0,0.47452255997378845,0.75449,0.7542156352987965
0.5,1.0,0.489757492284258,0.75948,0.7592404186745665
0.5,1.0,0.5054353159451488,0.76447,0.7642414978472092
0.5,1.0,0.5218919302826529,0.76946,0.7693123716257599
0.5,1.0,0.5374179257202041,0.77445,0.7739349154100533
0.5,1.0,0.5547751853332358,0.77944,0.7789241480639544
0.5,1.0,0.5718266981981415,0.78443,0.783649264612159
0.5,1.0,0.5907764051430817,0.78942,0.7887042736094844
0.5,1.0,0.6109371425946812,0.79441,0.7938660123215306
0.5,1.0,0.6320643841860228,0.7994,0.7990476828912285
0.5,1.0,0.6551389046071501,0.80439,0.8044549891120699
0.5,1.0,0.6777017314538983,0.80938,0.8095020259197527
0.5,1.0,0.7008345241183288,0.81437,0.8144438325285884
0.5,1.0,0.7232004039624401,0.81936,0.819010370487967
0.5,1.0,0.7490103411260182,0.82435,0.8240369191890391
0.5,1.0,0.7767414557848235,0.82934,0.8291652889879031
0.5,1.0,0.8034964039053297,0.83433,0.8338632172549829
0.5,1.0,0.8357121899178412,0.83932,0.8392170540801553
0.5,1.0,0.8677244295127523,0.84431,0.8442329231354463
0.5,1.0,0.9026246565664554,0.8493,0.8493827485750142
0.5,1.0,0.9399528655057566,0.85429,0.8545526958234411
0.5,1.0,0.9822784830574202,0.85928,0.8600286571710445
0.5,1.0,1.0264554230787137,0.86427,0.8653466917287753
0.5,1.0,1.0722872526609701,0.86926,0.8704761078714415
0.5,1.0,1.1210871581459287,0.87425,0.8755462420764606
0.5,1.0,1.170314847247909,0.87924,0.8802924339306272
0.5,1.0,1.2244899263882338,0.88423,0.8851317342368623
0.5,1.0,1.2855956109286162,0.88922,0.8901591020051711
0.5,1.0,1.3512508708282527,0.89421,0.8951095331732355
0.5,1.0,1.4260519394589575,0.8992,0.9002494463819575
0.5,1.0,1.4972266257255102,0.90419,0.9047067932477283
0.5,1.0,1.5827852764283736,0.90918,0.9095781572615729
0.5,1.0,1.678899701127824,0.91417,0.9145024015790294
0.5,1.0,1.7853881483795748,0.91916,0.9193802131172168
0.5,1.0,1.9147956056836284,0.92415,0.9246204613248463
0.5,1.0,2.0499820263891975,0.92914,0.9294246797640278
0.5,1.0,2.2139953336911224,0.93413,0.9345010058340062
0.5,1.0,2.3931670794936277,0.93912,0.9392821170861276
0.5,1.0,2.6142532633033744,0.94411,0.9443082081633972
0.5,1.0,2.885838882024095,0.9491,0.9494572786066621
0.5,1.0,3.1902081145297134,0.95409,0.9542097637528326
0.5,1.0,3.5661899773149788,0.95908,0.9589810629035309
0.5,1.0,4.045112761518152,0.96407,0.963792972978277
0.5,1.0,4.69117068400581,0.96906,0.9687448138851185
0.5,1.0,5.558877323222792,0.97405,0.9735991646094125
0.5,1.0,6.796022265851701,0.97904,0.9783887738560215
0.5,1.0,8.734114929518945,0.98403,0.983174090340321
0.5,1.0,12.314035134432858,0.98902,0.9880601717368005
0.5,1.0,21.77320501121753,0.99401,0.9932451663209447
0.5,1.0,129.34319246873346,0.999,0.9988627477717362
0.5,10.0,-343.27542913332087,0.001,0.0009271857459762223
0.5,10.0,-53.81606545655197,0.00599,0.005913556929966146
0.5,10.0,-29.494005406732164,0.01098,0.010787247290295066
0.5,10.0,-20.177421560744047,0.01597,0.015761222234449257
0.5,10.0,-15.035878640780021,0.02096,0.02113697770073908
0.5,10.0,-12.31697251898929,0.02595,0.025784301657197917
0.5,10.0,-10.277142049513474,0.03094,0.030872624300101903
0.5,10.0,-8.836924837542655,0.03593,0.035864623922652605
0.5,10.0,-7.754506972779577,0.04092,0.04081940518437416
0.5,10.0,-6.877351246054963,0.04591,0.045957565820190005
0.5,10.0,-6.161080732516065,0.0509,0.05121339816974385
0.5,10.0,-5.600433093697453,0.05589,0.056238914954844677
0.5,10.0,-5.115272552078462,0.06088,0.06144688469992354
0.5,10.0,-4.723963109158392,0.06587,0.06639583725742298
0.5,10.0,-4.405359472086848,0.07086,0.07104487898347056
0.5,10.0,-4.095769253779915,0.07585,0.07621881183026097
0.5,10.0,-3.832586319780639,0.08084,0.08123517088730448
0.5,10.0,-3.599389988961526,0.08583,0.08625151833232253
0.5,10.0,-3.381936189667284,0.09082,0.09150518612580327
0.5,10.0,-3.1794077701025376,0.09581,0.09698957367543737
0.5,10.0,-3.016400983179232,0.1008,0.10188824676104735
0.5,10.0,-2.8704896639066724,0.10579,0.10669623035231379
0.5,10.0,-2.7335109282920413,0.11078,0.11162417533049118
0.5,10.0,-2.5975804139826315,0.11577,0.11696470134501885
0.5,10.0,-2.479602189112113,0.12076,0.12201081979692907
0.5,10.0,-2.375883197255734,0.12575,0.12680097887887593
0.5,10.0,-2.273170410879922,0.13074,0.13190810819879417
0.5,10.0,-2.1761809999607613,0.13573,0.13709878795703634
0.5,10.0,-2.0906491267409693,0.14072,0.14200396184726516
0.5,10.0,-2.01635919967528,0.14571,0.1465374288988482
0.5,10.0,-1.9452203216171382,0.1507,0.15113722615538283
0.5,10.0,-1.8756546522095754,0.15569,0.15590012795955438
0.5,10.0,-1.8070572860606422,0.16068,0.16087399381699913
0.5,10.0,-1.7437703783514535,0.16567,0.16572629182374143
0.5,10.0,-1.6823601725316848,0.17066,0.17069496375272408
0.5,10.0,-1.6256661608348573,0.17565,0.1755261096999608
0.5,10.0,-1.571159602506679,0.18064,0.18040710130644966
0.5,10.0,-1.5147785923941923,0.18563,0.18571613132820275
0.5,10.0,-1.464012373046057,0.19062,0.19073764410794697
0.5,10.0,-1.415953194846671,0.19561,0.19571522757507503
0.5,10.0,-1.3712674962860898,0.2006,0.20055006157652233
0.5,10.0,-1.326372898985122,0.20559,0.20561915058741365
0.5,10.0,-1.2838546134991677,0.21058,0.2106258860399008
0.5,10.0,-1.2430753472243041,0.21557,0.21562568009726163
0.5,10.0,-1.202423653586059,0.22056,0.22081205170847618
0.5,10.0,-1.162931881149722,0.22555,0.2260528903024555
0.5,10.0,-1.1293284887758566,0.23054,0.23067626806853864
0.5,10.0,-1.092984794825827,0.23553,0.23585338195949945
0.5,10.0,-1.0601671137365565,0.24052,0.240691985180493
0.5,10.0,-1.0268638866314812,0.24551,0.2457669479036666
0.5,10.0,-0.9938487938225606,0.2505,0.2509675610670212
0.5,10.0,-0.9643840689015785,0.25549,0.25575615123379497
0.5,10.0,-0.9356682963563724,0.26048,0.26056067903059976
0.5,10.0,-0.9072115691914454,0.26547,0.2654596237686512
0.5,10.0,-0.8797038565294026,0.27046,0.27032892614539594
0.5,10.0,-0.8536282403719064,0.27545,0.2750690199066885
0.5,10.0,-0.8264045957785879,0.28044,0.28014978700352816
0.5,10.0,-0.8003530540845375,0.28543,0.28514067423674594
0.5,10.0,-0.7753360117701861,0.29042,0.2900542808948076
0.5,10.0,-0.7499211680446739,0.29541,0.29516942245798394
0.5,10.0,-0.7257529544341111,0.3004,0.30015081926475606
0.5,10.0,-0.7015536256780043,0.30539,0.30525463885070575
0.5,10.0,-0.679849218270976,0.31038,0.3099321493139283
0.5,10.0,-0.6577973230558223,0.31537,0.3147822197388239
0.5,10.0,-0.6365651154934349,0.32036,0.3195457508404785
0.5,10.0,-0.61456306090093,0.32535,0.3245796198219616
0.5,10.0,-0.5938007284334725,0.33034,0.32942135886377366
0.5,10.0,-0.5732139282303687,0.33533,0.3343101103688305
0.5,10.0,-0.5509023704846814,0.34032,0.33970737856333405
0.5,10.0,-0.5304430829794776,0.34531,0.34474689299348166
0.5,10.0,-0.5114095171526427,0.3503,0.3495125347869252
0.5,10.0,-0.49207503805184416,0.35529,0.35442939756243474
0.5,10.0,-0.4731971840942733,0.36028,0.35930337623002084
0.5,10.0,-0.45412647552473906,0.36527,0.3642999156792579
0.5,10.0,-0.4353754592052864,0.37026,0.36928316013450213
0.5,10.0,-0.4171966844930497,0.37525,0.37418008709761263
0.5,10.0,-0.399117476931272,0.38024,0.3791133501243517
0.5,10.0,-0.3817933333530532,0.38523,0.38389857473537725
0.5,10.0,-0.36296181621655577,0.39022,0.3891631518415889
0.5,10.0,-0.3449769235926999,0.39521,0.39425079606395763
0.5,10.0,-0.32751605293201497,0.4002,0.39924449458360056
0.5,10.0,-0.3100554063935567,0.40519,0.4042899777542249
0.5,10.0,-0.2937109446892353,0.41018,0.4090583464038412
0.5,10.0,-0.2768847332642642,0.41517,0.4140114686088889
0.5,10.0,-0.2607149895589399,0.42016,0.41881193592960037
0.5,10.0,-0.245399731692432,0.42515,0.42339383923856133
0.5,10.0,-0.22853571983192042,0.43014,0.4284767380827144
0.5,10.0,-0.21366710574817743,0.43513,0.4329892872561712
0.5,10.0,-0.19666795662642794,0.44012,0.43818204864104865
0.5,10.0,-0.18020002916320987,0.44511,0.4432445415580051
0.5,10.0,-0.1629654099756588,0.4501,0.44857394309970017
0.5,10.0,-0.14708783110432816,0.45509,0.45350965560401724
0.5,10.0,-0.12931278171877772,0.46008,0.45906194385220783
0.5,10.0,-0.11380889574676617,0.46507,0.46392545899406146
0.5,10.0,-0.09771095112314697,0.47006,0.4689932601233949
0.5,10.0,-0.08092934030323698,0.47505,0.4742930871772499
0.5,10.0,-0.06539200930581561,0.48004,0.4792127880427599
0.5,10.0,-0.049998157652908826,0.48503,0.48409689218561935
0.5,10.0,-0.03364322804537824,0.49002,0.489294094227162
0.5,10.0,-0.017306107198813488,0.49501,0.49449134478074314
0.5,10.0,-0.001611231437240637,0.5,0.4994870829778125
0.5,10.0,0.013998902567121238,0.50499,0.5044561025803461
0.5,10.0,0.029212410768261265,0.50998,0.5092967990972783
0.5,10.0,0.04442106316083776,0.51497,0.514131655689897
0.5,10.0,0.0604503031248846,0.51996,0.5192202830410511
0.5,10.0,0.07742141225521391,0.52495,0.5245971623632042
0.5,10.0,0.09351520925357362,0.52994,0.5296831763894863
0.5,10.0,0.10990446967236214,0.53493,0.5348469742202463
0.5,10.0,0.12544051584227403,0.53992,0.5397250495106524
0.5,10.0,0.1418874688395869,0.54491,0.5448687307798584
0.5,10.0,0.1569009362184036,0.5499,0.5495436626486097
0.5,10.0,0.17355208646466894,0.55489,0.5547033783222196
0.5,10.0,0.18941663896457916,0.55988,0.5595925301350474
0.5,10.0,0.20659527148302007,0.56487,0.5648546974436991
0.5,10.0,0.22300838943190512,0.56986,0.5698490564887555
0.5,10.0,0.2394415508309783,0.57485,0.5748147416222452
0.5,10.0,0.25657803126743584,0.57984,0.5799537024359558
0.5,10.0,0.27444810325622054,0.58483,0.5852676490221561
0.5,10.0,0.2917890951511592,0.58982,0.5903781563902561
0.5,10.0,0.30938988862499334,0.59481,0.5955167096141727
0.5,10.0,0.327505928210633,0.5998,0.6007525946051991
0.5,10.0,0.34484181226940325,0.60479,0.6057107662352748
0.5,10.0,0.36366410849191033,0.60978,0.6110343418539923
0.5,10.0,0.3822029161249135,0.61477,0.6162152052629817
0.5,10.0,0.39948469965272404,0.61976,0.6209874728416662
0.5,10.0,0.4177302868564723,0.62475,0.6259645652544092
0.5,10.0,0.4371029252342753,0.62974,0.6311788253283022
0.5,10.0,0.4560438568117474,0.63473,0.6362057230443015
0.5,10.0,0.4761447369182494,0.63972,0.6414623785484014
0.5,10.0,0.4943804181175967,0.64471,0.6461608713608005
0.5,10.0,0.5130609110087332,0.6497,0.6509038856377085
0.5,10.0,0.532866393114182,0.65469,0.6558545170887344
0.5,10.0,0.5522038663068976,0.65968,0.660610284070658
0.5,10.0,0.5742525676606406,0.66467,0.6659386346287939
0.5,10.0,0.5936953528543312,0.66966,0.670553840666422
0.5,10.0,0.6138624753630632,0.67465,0.6752584551298967
0.5,10.0,0.6343372956718512,0.67964,0.6799490736773218
0.5,10.0,0.6557888633723006,0.68463,0.6847711225405926
0.5,10.0,0.6783304062720426,0.68962,0.6897369710464675
0.5,10.0,0.7015973628740124,0.69461,0.6947546912228411
0.5,10.0,0.7245644224655532,0.6996,0.6996012331063807
0.5,10.0,0.748959428403887,0.70459,0.704634543261667
0.5,10.0,0.7743046170660111,0.70958,0.7097405694209259
0.5,10.0,0.8007368797866287,0.71457,0.7149337849077838
0.5,10.0,0.8267611542945679,0.71956,0.7199176413433495
0.5,10.0,0.8545046464371115,0.72455,0.7250922891755667
0.5,10.0,0.8827658325255193,0.72954,0.7302196962089963
0.5,10.0,0.9128082389275072,0.73453,0.735514871613649
0.5,10.0,0.9423446066162476,0.73952,0.740568679499911
0.5,10.0,0.9725866813598979,0.74451,0.7455911325104029
0.5,10.0,1.0029314286304307,0.7495,0.7504803193766856
0.5,10.0,1.0350633903626072,0.75449,0.7554982617863721
0.5,10.0,1.0682022075720867,0.75948,0.7605073844910202
0.5,10.0,1.0993681457048066,0.76447,0.7650695231385342
0.5,10.0,1.135169753345332,0.76946,0.7701385101957645
0.5,10.0,1.174353021395182,0.77445,0.7754838193340381
0.5,10.0,1.2111339287908203,0.77944,0.7803166836788069
0.5,10.0,1.2488154450823827,0.78443,0.7850901603541793
0.5,10.0,1.2874068042702003,0.78942,0.7898003251698419
0.5,10.0,1.331923562384412,0.79441,0.7950194551956359
0.5,10.0,1.3763628175163365,0.7994,0.8000116429830259
0.5,10.0,1.4230715774734777,0.80439,0.8050362735925918
0.5,10.0,1.4776641603424883,0.80938,0.8106360166889156
0.5,10.0,1.5253755816566081,0.81437,0.8153027133744492
0.5,10.0,1.5795336388392422,0.81936,0.8203584531154674
0.5,10.0,1.636359815511712,0.82435,0.8254038311710703
0.5,10.0,1.695763186804053,0.82934,0.8304122868006469
0.5,10.0,1.7598299553028112,0.83433,0.8355300333228967
0.5,10.0,1.824871320837844,0.83932,0.8404453503766737
0.5,10.0,1.8932803934155782,0.84431,0.8453325596405679
0.5,10.0,1.9644886542725122,0.8493,0.8501348087257463
0.5,10.0,2.046277101123361,0.85429,0.8553202521899981
0.5,10.0,2.125654098504575,0.85928,0.8600426291463018
0.5,10.0,2.207122553850217,0.86427,0.8645982922605857
0.5,10.0,2.3044105789866216,0.86926,0.8696858082848085
0.5,10.0,2.405956630943723,0.87425,0.8746242160837516
0.5,10.0,2.5142263566216023,0.87924,0.8795125391036986
0.5,10.0,2.6298393665506166,0.88423,0.8843464088290715
0.5,10.0,2.767324710413331,0.88922,0.8896324585241411
0.5,10.0,2.9016374278845287,0.89421,0.8943664526094799
0.5,10.0,3.046787740961175,0.8992,0.8990608557233741
0.5,10.0,3.2023872022939273,0.90419,0.9036645333229701
0.5,10.0,3.396080668694632,0.90918,0.908855395688716
0.5,10.0,3.5989937024000174,0.91417,0.9137394426484559
0.5,10.0,3.847726318890162,0.91916,0.9190708497187333
0.5,10.0,4.114230841109271,0.92415,0.9241103601807092
0.5,10.0,4.399867130462727,0.92914,0.9288693572061464
0.5,10.0,4.743746869196261,0.93413,0.9338731518176662
0.5,10.0,5.124660847763272,0.93912,0.9386629165699338
0.5,10.0,5.601570550546262,0.94411,0.9437722688344814
0.5,10.0,6.15780443184897,0.9491,0.9487598215768309
0.5,10.0,6.869743663003967,0.95409,0.9539922460568386
0.5,10.0,7.717645247587392,0.95908,0.958987774961616
0.5,10.0,8.795718842795274,0.96407,0.9639687865218045
0.5,10.0,10.086541791143572,0.96906,0.9685477464311281
0.5,10.0,12.029986220379351,0.97405,0.9736033738980772
0.5,10.0,15.0094641006178,0.97904,0.9788259337394846
0.5,10.0,19.815671258458565,0.98403,0.9839515275425421
0.5,10.0,28.682226143151993,0.98902,0.9889076901426996
0.5,10.0,50.93989810532051,0.99401,0.993752635402958
0.5,10.0,291.5068257791467,0.999,0.9989081568300231
0.9,0.1,-27.976109273595366,0.001,0.0010212532391674078
0.9,0.1,-4.38367844506916,0.00599,0.006516627279591292
0.9,0.1,-2.4111013606907568,0.01098,0.011844215049598816
0.9,0.1,-1.7194733872969357,0.01597,0.01660094409722751
0.9,0.1,-1.3304863309669945,0.02096,0.02144145641662515
0.9,0.1,-1.0791768786632585,0.02595,0.026413817736247458
0.9,0.1,-0.9173093467035395,0.03094,0.031047462520230384
0.9,0.1,-0.7980854735313275,0.03593,0.0356493586500195
0.9,0.1,-0.6970314484193654,0.04092,0.04076490653744608
0.9,0.1,-0.6236242016710891,0.04591,0.045501632605300935
0.9,0.1,-0.5599865137572991,0.0509,0.0505901803762579
0.9,0.1,-0.5103645228687707,0.05589,0.055414454809264324
0.9,0.1,-0.46838637763942376,0.06088,0.060267693245470266
0.9,0.1,-0.4313945625756718,0.06587,0.06529728858366224
0.9,0.1,-0.40157235709696115,0.07086,0.06999677499630258
0.9,0.1,-0.3745313145595418,0.07585,0.07487203603515369
0.9,0.1,-0.3505013137064048,0.08084,0.07979919030176502
0.9,0.1,-0.3298811774755997,0.08583,0.0845621951934159
0.9,0.1,-0.31054200203195315,0.09082,0.08956217686253809
0.9,0.1,-0.2926618420117234,0.09581,0.09472494411803312
0.9,0.1,-0.2774636377259063,0.1008,0.09958931155254813
0.9,0.1,-0.26270663712435766,0.10579,0.10479736548988383
0.9,0.1,-0.25026590923641606,0.11078,0.10961308337040193
0.9,0.1,-0.2383782583109111,0.11577,0.1146284333854577
0.9,0.1,-0.22776164533423587,0.12076,0.11949293974452685
0.9,0.1,-0.21806628985049006,0.12575,0.12429137573387344
0.9,0.1,-0.2087597121399713,0.13074,0.12925358471666265
0.9,0.1,-0.20033065201136072,0.13573,0.1340815488909633
0.9,0.1,-0.19196817726180979,0.14072,0.13921772261258542
0.9,0.1,-0.18410513636428152,0.14571,0.14439375412213645
0.9,0.1,-0.17686247816956074,0.1507,0.1494878521220374
0.9,0.1,-0.17027636091308154,0.15569,0.15441700792078072
0.9,0.1,-0.16392839050826427,0.16068,0.15945880475285212
0.9,0.1,-0.15790805507640443,0.16567,0.16452600290722952
0.9,0.1,-0.1523109188889317,0.17066,0.16950618362957293
0.9,0.1,-0.14736301406370492,0.17565,0.17414057098834185
0.9,0.1,-0.14215654344857764,0.18064,0.17926864261187309
0.9,0.1,-0.137416717347095,0.18563,0.18417637095216804
0.9,0.1,-0.13283044588973678,0.19062,0.1891564082518925
0.9,0.1,-0.12840854027485674,0.19561,0.19418673922506824
0.9,0.1,-0.12433689795758772,0.2006,0.19902893502626345
0.9,0.1,-0.12041365714927389,0.20559,0.2038960443955639
0.9,0.1,-0.11666177464232853,0.21058,0.20874518125279734
0.9,0.1,-0.11306181397769575,0.21557,0.2135857915025191
0.9,0.1,-0.10945092149280843,0.22056,0.2186348097759901
0.9,0.1,-0.10612921699665,0.22555,0.2234586469595738
0.9,0.1,-0.10260211803977541,0.23054,0.2287771870399829
0.9,0.1,-0.09938596527250729,0.23553,0.23381071533726194
0.9,0.1,-0.09620232387291076,0.24052,0.2389732271508896
0.9,0.1,-0.09337958391415908,0.24551,0.24370579457319858
0.9,0.1,-0.0902347652609868,0.2505,0.24915648032288468
0.9,0.1,-0.08744415455401106,0.25549,0.25415576445002663
0.9,0.1,-0.08494538401869225,0.26048,0.2587659970219697
0.9,0.1,-0.08245927059737067,0.26547,0.2634818229924356
0.9,0.1,-0.07994786949190583,0.27046,0.2683795994262187
0.9,0.1,-0.07754538471112053,0.27545,0.2731940931245577
0.9,0.1,-0.0751883956694226,0.28044,0.27804294180558864
0.9,0.1,-0.07291455107706216,0.28543,0.2828410534400745
0.9,0.1,-0.07062335402102965,0.29042,0.2877976160751633
0.9,0.1,-0.06844918419137103,0.29541,0.2926160997445377
0.9,0.1,-0.06629636874707147,0.3004,0.29749944874276046
0.9,0.1,-0.06404947848389751,0.30539,0.3027169733948563
0.9,0.1,-0.06197360142511015,0.31038,0.3076484142512334
0.9,0.1,-0.059868081394560464,0.31537,0.31276039947628764
0.9,0.1,-0.0576397692043399,0.32036,0.3182924138829516
0.9,0.1,-0.05559940373103639,0.32535,0.3234685702868654
0.9,0.1,-0.05356581425816208,0.33034,0.32873341908076803
0.9,0.1,-0.051596798357355075,0.33533,0.3339321122001966
0.9,0.1,-0.049724481073740126,0.34032,0.33896776452085664
0.9,0.1,-0.04793920595675995,0.34531,0.3438529829243574
0.9,0.1,-0.0460286493013898,0.3503,0.3491711977124694
0.9,0.1,-0.044174657302688804,0.35529,0.3544206006483661
0.9,0.1,-0.042396241423284554,0.36028,0.3595374138885886
0.9,0.1,-0.04065369163138599,0.36527,0.36462756321712875
0.9,0.1,-0.038913464716682014,0.37026,0.3697855895465804
0.9,0.1,-0.03719010159427247,0.37525,0.3749660696540149
0.9,0.1,-0.03551216874821808,0.38024,0.38007803748914154
0.9,0.1,-0.033767671931783726,0.38523,0.385462536998991
0.9,0.1,-0.032281638422971035,0.39022,0.3901040913318726
0.9,0.1,-0.030742772005844226,0.39521,0.3949625027023841
0.9,0.1,-0.029151033665190288,0.4002,0.400041825050084
0.9,0.1,-0.02752597028891686,0.40519,0.405282352086495
0.9,0.1,-0.026082529856907795,0.41018,0.4099820699945163
0.9,0.1,-0.024699771083252164,0.41517,0.41452237892321653
0.9,0.1,-0.02316014778413999,0.42016,0.41961995572567046
0.9,0.1,-0.021563115269074448,0.42515,0.4249524630941587
0.9,0.1,-0.020115787783540676,0.43014,0.42982254518794105
0.9,0.1,-0.018604201672229908,0.43513,0.4349447167406859
0.9,0.1,-0.017188165133459787,0.44012,0.4397743559182291
0.9,0.1,-0.015679900741654634,0.44511,0.4449495505915805
0.9,0.1,-0.014174566575088714,0.4501,0.45014416894408354
0.9,0.1,-0.012816455563338935,0.45509,0.45485391307287026
0.9,0.1,-0.011378695839413255,0.46008,0.4598616024037878
0.9,0.1,-0.009954158793845187,0.46507,0.46484302162155255
0.9,0.1,-0.008489322496442337,0.47006,0.46998343157958333
0.9,0.1,-0.0070367690457039285,0.47505,0.4750962977555148
0.9,0.1,-0.005589856934271782,0.48004,0.48020214340221423
0.9,0.1,-0.00408649038188691,0.48503,0.4855179953027859
0.9,0.1,-0.0027247801240443265,0.49002,0.49034002261367987
0.9,0.1,-0.0012755247186276297,0.49501,0.49547688479908497
0.9,0.1,0.00012115841111994879,0.5,0.500429666315176
0.9,0.1,0.0014679331355051473,0.50499,0.5052052975550363
0.9,0.1,0.002891769264154689,0.50998,0.5102515951233668
0.9,0.1,0.004292755431652896,0.51497,0.5152118961411581
0.9,0.1,0.00566715299108661,0.51996,0.5200708995093652
0.9,0.1,0.007222828843164587,0.52495,0.5255593924947165
0.9,0.1,0.008634026277577322,0.52994,0.5305251073452026
0.9,0.1,0.010045457038930972,0.53493,0.5354767818290007
0.9,0.1,0.011503725789448199,0.53992,0.540574704709786
0.9,0.1,0.012906993017481237,0.54491,0.5454607017348411
0.9,0.1,0.014329542165599545,0.5499,0.5503919083866065
0.9,0.1,0.015870540747877564,0.55489,0.5557062622505264
0.9,0.1,0.01732014821919132,0.55988,0.5606770189487018
0.9,0.1,0.01883996649097448,0.56487,0.5658565206848797
0.9,0.1,0.02040111285397873,0.56986,0.5711402619115299
0.9,0.1,0.02177870638583232,0.57485,0.5757699791534957
0.9,0.1,0.023259363869515406,0.57984,0.5807098443214587
0.9,0.1,0.02484999941413703,0.58483,0.5859726632101335
0.9,0.1,0.026349986058516003,0.58982,0.5908918604845158
0.9,0.1,0.02797608184482656,0.59481,0.5961746140040174
0.9,0.1,0.029352570052669297,0.5998,0.6006042667266036
0.9,0.1,0.030971514217002356,0.60479,0.6057629515387354
0.9,0.1,0.03258460098923364,0.60978,0.6108462300434687
0.9,0.1,0.03436532790038211,0.61477,0.6163900724460836
0.9,0.1,0.03603547223876251,0.61976,0.6215233780622264
0.9,0.1,0.03762398581438728,0.62475,0.6263449221544136
0.9,0.1,0.03929022185532322,0.62974,0.631337392131011
0.9,0.1,0.041038594475384174,0.63473,0.636503246455996
0.9,0.1,0.04269726772246198,0.63972,0.6413342625066285
0.9,0.1,0.04450277947589349,0.64471,0.6465147766001736
0.9,0.1,0.04641833237142757,0.6497,0.6519210688864366
0.9,0.1,0.048165552916547755,0.65469,0.65677090562693
0.9,0.1,0.05005532890726045,0.65968,0.6619286004854084
0.9,0.1,0.05169774575300123,0.66467,0.6663368334907802
0.9,0.1,0.05358274392697301,0.66966,0.6713108482315109
0.9,0.1,0.05552241408081973,0.67465,0.6763340356998142
0.9,0.1,0.0574811332160248,0.67964,0.6813089503172796
0.9,0.1,0.05954405126095047,0.68463,0.686442975442765
0.9,0.1,0.06149794376220701,0.68962,0.691206473687517
0.9,0.1,0.06385916846269858,0.69461,0.6968353868321596
0.9,0.1,0.06607807143740349,0.6996,0.701999077980668
0.9,0.1,0.06821158566430716,0.70459,0.7068504533895663
0.9,0.1,0.0704808497607988,0.70958,0.7118900131118759
0.9,0.1,0.07293399200395866,0.71457,0.7172004768161618
0.9,0.1,0.07547524687170765,0.71956,0.7225539093600266
0.9,0.1,0.07792725017906281,0.72455,0.7275797134767684
0.9,0.1,0.08053599219119434,0.72954,0.7327796204870962
0.9,0.1,0.08303339368288586,0.73453,0.737618808985611
0.9,0.1,0.08581175580739861,0.73952,0.7428470019210445
0.9,0.1,0.08864344305546862,0.74451,0.7480117773376495
0.9,0.1,0.09126142016713874,0.7495,0.7526439791960655
0.9,0.1,0.09424032774762671,0.75449,0.7577530989660863
0.9,0.1,0.09717742495897587,0.75948,0.7626274006706448
0.9,0.1,0.10020824170721723,0.76447,0.7674933076716375
0.9,0.1,0.10323082064653236,0.76946,0.772186043366505
0.9,0.1,0.10653571471783789,0.77445,0.77714115370353
0.9,0.1,0.11002956835248626,0.77944,0.7821877245040861
0.9,0.1,0.11345625586894494,0.78443,0.7869538316321696
0.9,0.1,0.11714966127865134,0.78942,0.7918964918591869
0.9,0.1,0.12106775613744256,0.79441,0.7969295953017888
0.9,0.1,0.12513670312608952,0.7994,0.801938689125538
0.9,0.1,0.12948207449397883,0.80439,0.8070558765646303
0.9,0.1,0.13395815915781242,0.80938,0.8120899850870236
0.9,0.1,0.13855288295597779,0.81437,0.8170216311580552
0.9,0.1,0.14339709222693364,0.81936,0.8219775481112865
0.9,0.1,0.14822521536587113,0.82435,0.8266833164013727
0.9,0.1,0.15342876732942506,0.82934,0.8315101206775531
0.9,0.1,0.15849717760526,0.83433,0.8359827462622961
0.9,0.1,0.16451155326750339,0.83932,0.8410169014880473
0.9,0.1,0.17104086388706302,0.84431,0.8461704593279258
0.9,0.1,0.1776611135563496,0.8493,0.8510901303791849
0.9,0.1,0.18428206719269524,0.85429,0.855726650919049
0.9,0.1,0.1919642954540369,0.85928,0.8607798077258664
0.9,0.1,0.19983067307774702,0.86427,0.8656214000696837
0.9,0.1,0.20748206748486991,0.86926,0.8700358253784799
0.9,0.1,0.21670499996488962,0.87425,0.8750054730110599
0.9,0.1,0.22734976954932393,0.87924,0.8803104024173192
0.9,0.1,0.2376552157100586,0.88423,0.885052320200463
0.9,0.1,0.24959116154778282,0.88922,0.8901135487800045
0.9,0.1,0.26182210616687385,0.89421,0.8948737418400661
0.9,0.1,0.27464650051202694,0.8992,0.8994554693986025
0.9,0.1,0.2893040115859872,0.90419,0.9042404283673715
0.9,0.1,0.30586536137310316,0.90918,0.9091411040986883
0.9,0.1,0.3246793808127745,0.91417,0.9141472877218506
0.9,0.1,0.34743991297867965,0.91916,0.9195271333167871
0.9,0.1,0.37294765312770223,0.92415,0.9248217005778914
0.9,0.1,0.4002857173263857,0.92914,0.9297854508389158
0.9,0.1,0.4311663673336201,0.93413,0.9346691148876984
0.9,0.1,0.4705283377034391,0.93912,0.9400001932786111
0.9,0.1,0.5113978090879548,0.94411,0.9446952689253283
0.9,0.1,0.5621138863616031,0.9491,0.9495980927377994
0.9,0.1,0.6279046529433968,0.95409,0.9548043877645038
0.9,0.1,0.7030256421362712,0.95908,0.9595789262326576
0.9,0.1,0.7957718392164651,0.96407,0.9642478623454083
0.9,0.1,0.9226253920538237,0.96906,0.969130306081248
0.9,0.1,1.10534318454354,0.97405,0.9742086989881388
0.9,0.1,1.382777630710962,0.97904,0.9793670627894737
0.9,0.1,1.8441388572126316,0.98403,0.9845194622053004
0.9,0.1,2.660899565387875,0.98902,0.9892668022764068
0.9,0.1,4.956900955746452,0.99401,0.9942367885790483
0.9,0.1,29.749407583575582,0.999,0.9990396210925117
0.9,1.0,-207.40935069375072,0.001,0.001099293673651247
0.9,1.0,-39.1415303950638,0.00599,0.005824484725714563
0.9,1.0,-21.403216799851485,0.01098,0.010648849137046723
0.9,1.0,-14.579024481235647,0.01597,0.015626662416760972
0.9,1.0,-10.775139538614415,0.02096,0.021129166449299186
0.9,1.0,-8.745027757109424,0.02595,0.026014420969683927
0.9,1.0,-7.352897774589614,0.03094,0.030911283985704696
0.9,1.0,-6.333698488037178,0.03593,0.0358463576450348
0.9,1.0,-5.552786283522741,0.04092,0.0408358002098923
0.9,1.0,-4.971871078217959,0.04591,0.045545539358257725
0.9,1.0,-4.492889077397993,0.0509,0.050324377581907886
0.9,1.0,-4.129860114546449,0.05589,0.05466499030089206
0.9,1.0,-3.763601268495201,0.06088,0.059865545384731156
0.9,1.0,-3.438029507595512,0.06587,0.06538308516319108
0.9,1.0,-3.191228500542952,0.07086,0.07028244990137628
0.9,1.0,-2.9756948579502245,0.07585,0.07519180944095416
0.9,1.0,-2.76710068046188,0.08084,0.08062854435335776
0.9,1.0,-2.5982234345710307,0.08583,0.08562705100307533
0.9,1.0,-2.4541951368597372,0.09082,0.0903931522198973
0.9,1.0,-2.316262426243106,0.09581,0.09546712043528238
0.9,1.0,-2.198924391073116,0.1008,0.10023876866302783
0.9,1.0,-2.0862163420908875,0.10579,0.10527665605816833
0.9,1.0,-1.9892534765884533,0.11078,0.11001735944199337
0.9,1.0,-1.8969946136371911,0.11577,0.11492413094318249
0.9,1.0,-1.8116937257322236,0.12076,0.119847716077502
0.9,1.0,-1.7316498718933464,0.12575,0.12484699408380207
0.9,1.0,-1.6526204927338632,0.13074,0.1301857257863785
0.9,1.0,-1.586823795030372,0.13573,0.13496991505797334
0.9,1.0,-1.5242083916556168,0.14072,0.1398392170289372
0.9,1.0,-1.4663413688760651,0.14571,0.14463998431651515
0.9,1.0,-1.4054564378174643,0.1507,0.1500327306942853
0.9,1.0,-1.3567543116715381,0.15569,0.1546210826117166
0.9,1.0,-1.3020914221683664,0.16068,0.16008766405420322
0.9,1.0,-1.2544321682187163,0.16567,0.16514975558296163
0.9,1.0,-1.2122837598402898,0.17066,0.16987454665529605
0.9,1.0,-1.1718119798218325,0.17565,0.17464638150419587
0.9,1.0,-1.1316710112683053,0.18064,0.1796222634087401
0.9,1.0,-1.0887532853765853,0.18563,0.1852287665579323
0.9,1.0,-1.0517038188513521,0.19062,0.19032290155395648
0.9,1.0,-1.0167716823381805,0.19561,0.19535569986489776
0.9,1.0,-0.981475738033757,0.2006,0.20068117100695626
0.9,1.0,-0.9511075484504563,0.20559,0.20546736190538972
0.9,1.0,-0.9223340101768847,0.21058,0.21018571040952805
0.9,1.0,-0.893904231958403,0.21557,0.21503156230898612
0.9,1.0,-0.8666764946272804,0.22056,0.21985182690303523
0.9,1.0,-0.8384468591220158,0.22555,0.22504315223907945
0.9,1.0,-0.8102544090838708,0.23054,0.23043328324566492
0.9,1.0,-0.7855487557736682,0.23553,0.2353329638258893
0.9,1.0,-0.7608171650781549,0.24052,0.24040924855707047
0.9,1.0,-0.7374220505603662,0.24551,0.24537492597945065
0.9,1.0,-0.7135937475106913,0.2505,0.25060196727385714
0.9,1.0,-0.6928401483670757,0.25549,0.25529837038845704
0.9,1.0,-0.6723355150923224,0.26048,0.26007391875177477
0.9,1.0,-0.6515463745613569,0.26547,0.26505702572225315
0.9,1.0,-0.6302190528786601,0.27046,0.2703209516482735
0.9,1.0,-0.6117866307482094,0.27545,0.27499731367249347
0.9,1.0,-0.5926027667243254,0.28044,0.27999218202183096
0.9,1.0,-0.574807926395622,0.28543,0.2847443577944604
0.9,1.0,-0.5564068596744037,0.29042,0.2897811335080385
0.9,1.0,-0.538257918681233,0.29541,0.2948732182098129
0.9,1.0,-0.5198753050622744,0.3004,0.30015873468962284
0.9,1.0,-0.5036597766867378,0.30539,0.3049294540068518
0.9,1.0,-0.4870510430081858,0.31038,0.30992234073796826
0.9,1.0,-0.47096877400700166,0.31537,0.31486064958535415
0.9,1.0,-0.45497294077218886,0.32036,0.3198744254130844
0.9,1.0,-0.4392289923551802,0.32535,0.324909204971499
0.9,1.0,-0.4243184505371748,0.33034,0.3297692837400953
0.9,1.0,-0.40977488383387733,0.33533,0.33459599635365084
0.9,1.0,-0.39542921360288347,0.34032,0.33944051219641036
0.9,1.0,-0.37977981649713327,0.34531,0.3448197050545463
0.9,1.0,-0.36483486508260027,0.3503,0.35004838177699793
0.9,1.0,-0.35086525794377715,0.35529,0.3550162876915592
0.9,1.0,-0.33660231284577863,0.36028,0.36016808317437826
0.9,1.0,-0.32347335744616573,0.36527,0.36498063319711416
0.9,1.0,-0.3113046233152677,0.37026,0.369500714849093
0.9,1.0,-0.29749067871259893,0.37525,0.37470032054342023
0.9,1.0,-0.2836914036891076,0.38024,0.3799658056324417
0.9,1.0,-0.2708469041743545,0.38523,0.38492981915383917
0.9,1.0,-0.2588272309240891,0.39022,0.3896287430511109
0.9,1.0,-0.24617472367498644,0.39521,0.39462977783609215
0.9,1.0,-0.23305811018293435,0.4002,0.3998718664076365
0.9,1.0,-0.2208763206144577,0.40519,0.4047912474284805
0.9,1.0,-0.20888059650583554,0.41018,0.40968175392424605
0.9,1.0,-0.19610012653442893,0.41517,0.41494079688762703
0.9,1.0,-0.18275166328755454,0.42016,0.42048477972159876
0.9,1.0,-0.17055455094108682,0.42515,0.4255941063031142
0.9,1.0,-0.1571436437079484,0.43014,0.4312572228622167
0.9,1.0,-0.14574670278673,0.43513,0.4361050286739542
0.9,1.0,-0.13379117547978153,0.44012,0.4412228886567203
0.9,1.0,-0.12211316742508992,0.44511,0.44625182142215647
0.9,1.0,-0.10942047244705823,0.4501,0.4517485211798333
0.9,1.0,-0.0973236722220873,0.45509,0.4570143373847876
0.9,1.0,-0.08614894232571023,0.46008,0.4618999599257094
0.9,1.0,-0.0750204645594555,0.46507,0.46678335461821874
0.9,1.0,-0.06457211667816067,0.47006,0.4713826652696612
0.9,1.0,-0.05233122989998545,0.47505,0.47678618526261535
0.9,1.0,-0.04174112772820303,0.48004,0.4814719473376387
0.9,1.0,-0.0314725168610535,0.48503,0.486023169332895
0.9,1.0,-0.019804031226685833,0.49002,0.49120168617821564
0.9,1.0,-0.00807502264446764,0.49501,0.4964117572200927
0.9,1.0,0.002021241715806173,0.5,0.5008982010691971
0.9,1.0,0.013230150257240681,0.50499,0.5058785723169611
0.9,1.0,0.024546811811607148,0.50998,0.5109038944872268
0.9,1.0,0.03578011002635071,0.51497,0.5158868326110626
0.9,1.0,0.04643802442478873,0.51996,0.5206073838530195
0.9,1.0,0.05808689381414488,0.52495,0.5257564102194368
0.9,1.0,0.06946212812590491,0.52994,0.5307715031412641
0.9,1.0,0.08074237846505103,0.53493,0.535729640331021
0.9,1.0,0.0925871097504432,0.53992,0.5409171764983312
0.9,1.0,0.10472333692326682,0.54491,0.5462097829275729
0.9,1.0,0.11627463098199341,0.5499,0.5512235569145836
0.9,1.0,0.12802603956717387,0.55489,0.5562980030371856
0.9,1.0,0.14011750261898537,0.55988,0.561489255730905
0.9,1.0,0.15249333296117226,0.56487,0.5667684973059716
0.9,1.0,0.16485157168762324,0.56986,0.5720032991530325
0.9,1.0,0.17620699978613505,0.57485,0.5767787102203539
0.9,1.0,0.18687757203033023,0.57984,0.5812342581907944
0.9,1.0,0.1983546698772966,0.58483,0.5859904777664715
0.9,1.0,0.21089438906271454,0.58982,0.5911423796088348
0.9,1.0,0.22312772079533327,0.59481,0.5961215534089758
0.9,1.0,0.2341237481850236,0.5998,0.6005561641934525
0.9,1.0,0.24676406145290508,0.60479,0.60560438876777
0.9,1.0,0.2592402811340726,0.60978,0.6105335810596617
0.9,1.0,0.2723256263805192,0.61477,0.6156447063602125
0.9,1.0,0.2857951206004651,0.61976,0.6208414787575485
0.9,1.0,0.29939893342181323,0.62475,0.6260222395131396
0.9,1.0,0.3128458032807845,0.62974,0.6310748976546801
0.9,1.0,0.32543572415166805,0.63473,0.6357429477745017
0.9,1.0,0.33896841991566407,0.63972,0.6406920878102904
0.9,1.0,0.3520614960596083,0.64471,0.645412150850417
0.9,1.0,0.3663517336175357,0.6497,0.6504863810948847
0.9,1.0,0.381123515823711,0.65469,0.6556460255397663
0.9,1.0,0.3947218694460176,0.65968,0.660318475157502
0.9,1.0,0.4091981479131871,0.66467,0.665210839917165
0.9,1.0,0.42420569294974786,0.66966,0.6701936220945326
0.9,1.0,0.4403329214879012,0.67465,0.6754470648304138
0.9,1.0,0.45626801820672186,0.67964,0.6805353081020025
0.9,1.0,0.4720562445930009,0.68463,0.6854765086287437
0.9,1.0,0.4868510220934949,0.68962,0.6900168681830274
0.9,1.0,0.5049392007603973,0.69461,0.6954506795318668
0.9,1.0,0.522518146813853,0.6996,0.7006091491939168
0.9,1.0,0.5406629499276059,0.70459,0.7058087348105807
0.9,1.0,0.5587676666066655,0.70958,0.7108721240573868
0.9,1.0,0.5761396709365652,0.71457,0.7156153023223951
0.9,1.0,0.5942441691139727,0.71956,0.720440357022744
0.9,1.0,0.6139818594083474,0.72455,0.7255658877569815
0.9,1.0,0.6335252964621707,0.72954,0.7305053142385391
0.9,1.0,0.6545418191587178,0.73453,0.7356698929404374
0.9,1.0,0.6749663535350777,0.73952,0.7405464671566799
0.9,1.0,0.6970820355113676,0.74451,0.7456726331669012
0.9,1.0,0.7200379357701931,0.7495,0.7508288431930115
0.9,1.0,0.7429099596735177,0.75449,0.7558044865462035
0.9,1.0,0.7658193978652864,0.75948,0.7606316349251023
0.9,1.0,0.7897536043948546,0.76447,0.7655128642643572
0.9,1.0,0.8158995558455312,0.76946,0.7706629090673943
0.9,1.0,0.8404445657560373,0.77445,0.7753308867676605
0.9,1.0,0.8687069019546241,0.77944,0.7805138547616421
0.9,1.0,0.8970426139028079,0.78443,0.7855126131939385
0.9,1.0,0.9250075039575489,0.78942,0.7902604519996317
0.9,1.0,0.9548616519975872,0.79441,0.795134887473266
0.9,1.0,0.9853677007333022,0.7994,0.7999183334071793
0.9,1.0,1.0214914418167358,0.80439,0.8053378113186958
0.9,1.0,1.0528947800844868,0.80938,0.8098446756047142
0.9,1.0,1.0881529947393842,0.81437,0.8146906184997722
0.9,1.0,1.129915821487165,0.81936,0.820154387507713
0.9,1.0,1.1732686717656569,0.82435,0.8255295424188385
0.9,1.0,1.2168260022986437,0.82934,0.8306463469749344
0.9,1.0,1.263065394701866,0.83433,0.8357886943451491
0.9,1.0,1.3053544612928631,0.83932,0.8402485601294565
0.9,1.0,1.3578169552243546,0.84431,0.8454817862480306
0.9,1.0,1.4127584128213073,0.8493,0.8506335811589738
0.9,1.0,1.4659340445028322,0.85429,0.8553251360956432
0.9,1.0,1.5255960134217892,0.85928,0.8602722483291035
0.9,1.0,1.5880714620212528,0.86427,0.8651238756270958
0.9,1.0,1.6565487167675235,0.86926,0.8700897980405916
0.9,1.0,1.729830454136994,0.87425,0.8750347700186573
0.9,1.0,1.8098360270506537,0.87924,0.8800405831179986
0.9,1.0,1.896135109387208,0.88423,0.8850281880203972
0.9,1.0,1.990840763280698,0.88922,0.8900635435113844
0.9,1.0,2.099045729486415,0.89421,0.8953212731564597
0.9,1.0,2.210404138204364,0.8992,0.9002483232311504
0.9,1.0,2.3402308772961744,0.90419,0.90545387832526
0.9,1.0,2.484085825198253,0.90918,0.9106379664683442
0.9,1.0,2.634588863432745,0.91417,0.9154997604150734
0.9,1.0,2.8062787417855026,0.91916,0.9204505064364394
0.9,1.0,2.967521773301038,0.92415,0.924608747411946
0.9,1.0,3.1837275716751012,0.92914,0.929557310873061
0.9,1.0,3.4550733216760787,0.93413,0.9349305166820081
0.9,1.0,3.7511879954325895,0.93912,0.939941011046926
0.9,1.0,4.08832084855821,0.94411,0.9447906061694924
0.9,1.0,4.490730541527834,0.9491,0.949651834612146
0.9,1.0,4.954429584474888,0.95409,0.9542963136992588
0.9,1.0,5.59003423090876,0.95908,0.9594333536305688
0.9,1.0,6.326797259444963,0.96407,0.9641148716692132
0.9,1.0,7.301095972662849,0.96906,0.9688707890470089
0.9,1.0,8.70861628345889,0.97405,0.973877297202284
0.9,1.0,10.64590745150667,0.97904,0.9786151102675618
0.9,1.0,14.278444767592642,0.98403,0.9840449212064584
0.9,1.0,21.333063833709282,0.98902,0.9893161587802488
0.9,1.0,40.55871571687173,0.99401,0.9943789888594752
0.9,1.0,236.29013548700905,0.999,0.9990350676525389
0.9,10.0,-309.24874587469765,0.001,0.001029296872753438
0.9,10.0,-50.25548932183825,0.00599,0.006332997248187755
0.9,10.0,-27.2737592147278,0.01098,0.011665694844185726
0.9,10.0,-19.258254779575086,0.01597,0.01651365905850022
0.9,10.0,-14.721899080647024,0.02096,0.02158836104875217
0.9,10.0,-11.824310495369549,0.02595,0.026856046248002863
0.9,10.0,-9.955077738379403,0.03094,0.031867725203099384
0.9,10.0,-8.521265828207431,0.03593,0.03718468627656263
0.9,10.0,-7.596929472682271,0.04092,0.0416602923184457
0.9,10.0,-6.737587117048217,0.04591,0.04690150289477435
0.9,10.0,-6.087894218806323,0.0509,0.051822931263623195
0.9,10.0,-5.532770674518346,0.05589,0.056917260316026785
0.9,10.0,-5.0744492185596535,0.06088,0.06193436548833314
0.9,10.0,-4.695845987005523,0.06587,0.06678774759652178
0.9,10.0,-4.3563984911312446,0.07086,0.0718229620850735
0.9,10.0,-4.0676381413774125,0.07585,0.07673251028531436
0.9,10.0,-3.8340891421780525,0.08084,0.08121174909408613
0.9,10.0,-3.583952436393485,0.08583,0.08661248858022508
0.9,10.0,-3.3869530032023882,0.09082,0.09138482296406486
0.9,10.0,-3.2073782560430346,0.09581,0.09620273557063813
0.9,10.0,-3.044338432830878,0.1008,0.10102357871218082
0.9,10.0,-2.8939097445518054,0.10579,0.10590420935214756
0.9,10.0,-2.7486470493342243,0.11078,0.11106757297857678
0.9,10.0,-2.6170094049984005,0.11577,0.11618129873199312
0.9,10.0,-2.4973550692545468,0.12076,0.12123516943469204
0.9,10.0,-2.386544670240958,0.12575,0.1263025278402195
0.9,10.0,-2.289030835104157,0.13074,0.13110492076011865
0.9,10.0,-2.195642824664672,0.13573,0.13603762388683627
0.9,10.0,-2.1123677459352237,0.14072,0.140738817401105
0.9,10.0,-2.036173879785556,0.14571,0.1453135982508677
0.9,10.0,-1.9598672297213608,0.1507,0.15018017138363515
0.9,10.0,-1.894499066569516,0.15569,0.15459480015311905
0.9,10.0,-1.8246550499055059,0.16068,0.15958272524388178
0.9,10.0,-1.7542819631623312,0.16567,0.164914448676157
0.9,10.0,-1.6976620756602179,0.17066,0.16944452577993718
0.9,10.0,-1.636816485568186,0.17565,0.1745695065847448
0.9,10.0,-1.582096377847556,0.18064,0.1794214664292773
0.9,10.0,-1.5271090032994143,0.18563,0.1845448098015653
0.9,10.0,-1.4758376762647611,0.19062,0.18956017492541405
0.9,10.0,-1.4243406671170025,0.19561,0.1948438616351923
0.9,10.0,-1.3774427931974675,0.2006,0.19988338648277193
0.9,10.0,-1.334694779264455,0.20559,0.20467685173238037
0.9,10.0,-1.2933702912106755,0.21058,0.20950141426654134
0.9,10.0,-1.252973920148733,0.21557,0.21440782721663854
0.9,10.0,-1.2136288669359776,0.22056,0.21937596067716048
0.9,10.0,-1.175564075050556,0.22555,0.22436850752390236
0.9,10.0,-1.1389571869218218,0.23054,0.22935003627055633
0.9,10.0,-1.1031653522684102,0.23553,0.2343986296379842
0.9,10.0,-1.0707819750396976,0.24052,0.23912399072667706
0.9,10.0,-1.03962638953615,0.24551,0.24381656619462372
0.9,10.0,-1.0059728952735965,0.2505,0.24905221265698246
0.9,10.0,-0.9743804892066887,0.25549,0.2541301443103502
0.9,10.0,-0.9440846655569765,0.26048,0.25915263066108074
0.9,10.0,-0.913788067393995,0.26547,0.2643294659728567
0.9,10.0,-0.8829535441542127,0.27046,0.26976106046140513
0.9,10.0,-0.853455490246299,0.27545,0.27511509933923356
0.9,10.0,-0.8272006602035054,0.28044,0.280013467123686
0.9,10.0,-0.8023706298029938,0.28543,0.28476369568985427
0.9,10.0,-0.7765668323601096,0.29042,0.2898237291169935
0.9,10.0,-0.7503256480545634,0.29541,0.29510090053853455
0.9,10.0,-0.7281015170437539,0.3004,0.29967544174545135
0.9,10.0,-0.7039521000529124,0.30539,0.30475715959171734
0.9,10.0,-0.6804059981318191,0.31038,0.30982440746694695
0.9,10.0,-0.6587912831339963,0.31537,0.31457475302418303
0.9,10.0,-0.6360612216271323,0.32036,0.3196730078772567
0.9,10.0,-0.6152397563092273,0.32535,0.3244362077811179
0.9,10.0,-0.5912719335220135,0.33034,0.33002981033209894
0.9,10.0,-0.571246981418121,0.33533,0.3347942324306258
0.9,10.0,-0.5504121778827392,0.34032,0.3398393186045352
0.9,10.0,-0.5315035440975857,0.34531,0.34449553645630165
0.9,10.0,-0.5113811091468168,0.3503,0.3495314157605569
0.9,10.0,-0.4920007743459154,0.35529,0.3544598751669392
0.9,10.0,-0.47254054337755136,0.36028,0.3594853664598896
0.9,10.0,-0.4536843704739007,0.36527,0.3644274793273603
0.9,10.0,-0.43492505508467666,0.37026,0.3694142778576932
0.9,10.0,-0.4157565254166128,0.37525,0.3745810108243737
0.9,10.0,-0.3979800166756452,0.38024,0.37943573455096374
0.9,10.0,-0.3795848857883677,0.38523,0.38452219150535966
0.9,10.0,-0.3605380986205142,0.39022,0.38985463462785275
0.9,10.0,-0.3433952377503111,0.39521,0.3947098443852823
0.9,10.0,-0.3257837564045929,0.4002,0.3997512853356092
0.9,10.0,-0.3076472106726093,0.40519,0.40499794983072723
0.9,10.0,-0.2906306213463839,0.41018,0.4099695398158269
0.9,10.0,-0.27429533242966436,0.41517,0.4147849494154587
0.9,10.0,-0.2578782832646606,0.42016,0.41966505577268465
0.9,10.0,-0.24144823627520334,0.42515,0.4245879640909142
0.9,10.0,-0.22426488264494204,0.43014,0.4297761779328363
0.9,10.0,-0.20723685516779244,0.43513,0.4349551897871591
0.9,10.0,-0.19058659826747604,0.44012,0.44005331950357
0.9,10.0,-0.17503038155875858,0.44511,0.4448448066471591
0.9,10.0,-0.1583518708849711,0.4501,0.4500101120248949
0.9,10.0,-0.14097288076660508,0.45509,0.4554207014531735
0.9,10.0,-0.1252293127589812,0.46008,0.46034470711714826
0.9,10.0,-0.11012542739853233,0.46507,0.46508667151862587
0.9,10.0,-0.09412435503382226,0.47006,0.4701272969185265
0.9,10.0,-0.07816285450819534,0.47505,0.47517047257465905
0.9,10.0,-0.062088399605818155,0.48004,0.4802619851146719
0.9,10.0,-0.04584627442878871,0.48503,0.4854168887610931
0.9,10.0,-0.03024567919193125,0.49002,0.4903754351443882
0.9,10.0,-0.01469283736091469,0.49501,0.4953234609730444
0.9,10.0,0.0013325388774990598,0.5,0.5004241600602976
0.9,10.0,0.01640100058729897,0.50499,0.5052201327633926
0.9,10.0,0.03156223944644172,0.50998,0.5100432390960737
0.9,10.0,0.0466598561107844,0.51497,0.5148415294791854
0.9,10.0,0.06211117929244001,0.51996,0.5197452380297852
0.9,10.0,0.078373534167478,0.52495,0.5248961805345214
0.9,10.0,0.09503793472763909,0.52994,0.5301609261925618
0.9,10.0,0.11134070602175654,0.53493,0.5352954778051692
0.9,10.0,0.126099066302852,0.53992,0.5399278401002102
0.9,10.0,0.14215828985243809,0.54491,0.5449492125706518
0.9,10.0,0.15930311433655153,0.5499,0.5502852278636537
0.9,10.0,0.17508891050583897,0.55489,0.555173269729393
0.9,10.0,0.19153741845163091,0.55988,0.560238676718817
0.9,10.0,0.2086350465547022,0.56487,0.5654714227105276
0.9,10.0,0.22413191053965972,0.56986,0.5701835214382764
0.9,10.0,0.2399395078441727,0.57485,0.5749580914005095
0.9,10.0,0.2579418085436888,0.57984,0.5803539038066298
0.9,10.0,0.2741530826497291,0.58483,0.5851729379003466
0.9,10.0,0.2906509225765756,0.58982,0.5900364189199359
0.9,10.0,0.30709702883052387,0.59481,0.5948420392945823
0.9,10.0,0.32505721335299437,0.5998,0.6000395943538387
0.9,10.0,0.34265598146359294,0.60479,0.6050796164511131
0.9,10.0,0.3602495007272583,0.60978,0.6100640618139583
0.9,10.0,0.37845463828974807,0.61477,0.6151632305529561
0.9,10.0,0.39538584600027304,0.61976,0.6198507865830398
0.9,10.0,0.41298707050864625,0.62475,0.6246666279083212
0.9,10.0,0.431123699105428,0.62974,0.6295667760710904
0.9,10.0,0.45001971470289054,0.63473,0.6346038073049263
0.9,10.0,0.46941108163769174,0.63972,0.6396993416788908
0.9,10.0,0.48769103094097227,0.64471,0.6444337619405662
0.9,10.0,0.5058216606021512,0.6497,0.6490626404473603
0.9,10.0,0.5256849319250877,0.65469,0.6540568286269116
0.9,10.0,0.5447958344014603,0.65968,0.6587853614007789
0.9,10.0,0.5646141074731156,0.66467,0.6636093689022118
0.9,10.0,0.5859595443560349,0.66966,0.6687143221023947
0.9,10.0,0.6057066713085908,0.67465,0.673353166209362
0.9,10.0,0.6269821642653266,0.67964,0.6782609961602917
0.9,10.0,0.650074611509574,0.68463,0.683482630390269
0.9,10.0,0.6726608197008256,0.68962,0.688484316300842
0.9,10.0,0.6953739446052751,0.69461,0.6934096995631617
0.9,10.0,0.7203498706962662,0.6996,0.6987060445668487
0.9,10.0,0.7434973411427059,0.70459,0.7035039185424287
0.9,10.0,0.7703431383118821,0.70958,0.7089367358297414
0.9,10.0,0.7943766807666488,0.71457,0.7136822815493448
0.9,10.0,0.8212827898448939,0.71956,0.7188648540827364
0.9,10.0,0.8485510563362797,0.72455,0.7239794807025688
0.9,10.0,0.8755896096317904,0.72954,0.7289169649463192
0.9,10.0,0.9020130373299127,0.73453,0.7336159587186055
0.9,10.0,0.9301391330444613,0.73952,0.738483891262206
0.9,10.0,0.9588565165249671,0.74451,0.7433152619478938
0.9,10.0,0.99026604821055,0.7495,0.7484432338898057
0.9,10.0,1.0247002467831146,0.75449,0.7538830204916389
0.9,10.0,1.0566702960994836,0.75948,0.7587686209621296
0.9,10.0,1.0943789310837218,0.76447,0.7643342955991514
0.9,10.0,1.1282291683008556,0.76946,0.7691555207406118
0.9,10.0,1.166543805252592,0.77445,0.7744206923681262
0.9,10.0,1.2029741529758045,0.77944,0.779245369007783
0.9,10.0,1.2404921105546005,0.78443,0.7840367387657458
0.9,10.0,1.2822365576605068,0.78942,0.789165472650438
0.9,10.0,1.3248930760585902,0.79441,0.7941961264289639
0.9,10.0,1.3678770825643132,0.7994,0.7990609037271048
0.9,10.0,1.413758492894555,0.80439,0.804038433824577
0.9,10.0,1.4636758451181893,0.80938,0.8092148153648848
0.9,10.0,1.5143458801688119,0.81437,0.8142287688358335
0.9,10.0,1.57028703265796,0.81936,0.8194997034259075
0.9,10.0,1.6281802076433278,0.82435,0.8246804297423607
0.9,10.0,1.691303759083234,0.82934,0.8300326697585154
0.9,10.0,1.7469516379546852,0.83433,0.8345115007027238
0.9,10.0,1.8094404256541399,0.83932,0.8392914285943879
0.9,10.0,1.8792724625028678,0.84431,0.8443423790131717
0.9,10.0,1.9512102980948722,0.8493,0.8492486181483967
0.9,10.0,2.0298629148062615,0.85429,0.8542950553070094
0.9,10.0,2.108760655410152,0.85928,0.8590506817248302
0.9,10.0,2.191798484453463,0.86427,0.8637518451966009
0.9,10.0,2.283834420011111,0.86926,0.868629483277483
0.9,10.0,2.3842315222750763,0.87425,0.8735874139291704
0.9,10.0,2.491028372424346,0.87924,0.8784859419743569
0.9,10.0,2.612753908513606,0.88423,0.8836458720639471
0.9,10.0,2.7405046772111614,0.88922,0.8886286775935943
0.9,10.0,2.885264570873565,0.89421,0.8938014662529177
0.9,10.0,3.0330402018497935,0.8992,0.8986249968850721
0.9,10.0,3.198493169279762,0.90419,0.9035460639493242
0.9,10.0,3.3787289511938425,0.90918,0.908404804039629
0.9,10.0,3.5746295076073413,0.91417,0.9131726453742559
0.9,10.0,3.808442870875231,0.91916,0.9182650166087913
0.9,10.0,4.079587377788697,0.92415,0.9234836712388133
0.9,10.0,4.381536231606548,0.92914,0.9285753702183648
0.9,10.0,4.721637188572246,0.93413,0.9335665404279786
0.9,10.0,5.092316900168168,0.93912,0.9382775312935674
0.9,10.0,5.531875999558182,0.94411,0.9430737294182446
0.9,10.0,6.089284568413885,0.9491,0.9481886934097139
0.9,10.0,6.772103405997841,0.95409,0.9533341271835665
0.9,10.0,7.6370704004140695,0.95908,0.9585562041749028
0.9,10.0,8.758837986717571,0.96407,0.9638151144671749
0.9,10.0,10.168584970623177,0.96906,0.9687970697781483
0.9,10.0,12.12589251224754,0.97405,0.97380883935576
0.9,10.0,14.932843999055441,0.97904,0.9787156866080966
0.9,10.0,19.332761790396344,0.98403,0.9835498698676935
0.9,10.0,28.25154168975843,0.98902,0.9887377105561813
0.9,10.0,51.63997676835163,0.99401,0.993836749802581
0.9,10.0,286.90585736310146,0.999,0.9988905469186595
1.0,0.1,-36.7495030089126,0.001,0.0008632832458544959
1.0,0.1,-5.235992373277886,0.00599,0.006058350516779221
1.0,0.1,-2.8412784768795047,0.01098,0.011161280089884817
1.0,0.1,-1.9389856446192704,0.01597,0.01634741907970977
1.0,0.1,-1.5084720685405593,0.02096,0.02100089442433173
1.0,0.1,-1.229052239154379,0.02595,0.025756462436386796
1.0,0.1,-1.0312503749126314,0.03094,0.030668670785217234
1.0,0.1,-0.8978281945181406,0.03593,0.035191525336105256
1.0,0.1,-0.7895796543392463,0.04092,0.03996860737761365
1.0,0.1,-0.704497938507616,0.04591,0.04473562432181649
1.0,0.1,-0.6309208295626397,0.0509,0.04987200410963161
1.0,0.1,-0.5725913805035294,0.05589,0.05485691969824147
1.0,0.1,-0.5247385289852928,0.06088,0.059747557739118495
1.0,0.1,-0.48390290305265166,0.06587,0.06465712607096707
1.0,0.1,-0.44751340472637513,0.07086,0.06975397788471871
1.0,0.1,-0.4190026577237251,0.07585,0.07433479218778638
1.0,0.1,-0.3916081074410568,0.08084,0.07932868079297356
1.0,0.1,-0.3657154525180594,0.08583,0.08469185535890628
1.0,0.1,-0.3459332963239106,0.09082,0.08929109141375169
1.0,0.1,-0.32694392189616994,0.09581,0.09418724859607325
1.0,0.1,-0.3103662540747827,0.1008,0.09890775497842275
1.0,0.1,-0.2959161548721789,0.10579,0.1034117914145612
1.0,0.1,-0.2827831328489229,0.11078,0.10786222490593123
1.0,0.1,-0.26919838164886867,0.11577,0.11286980704171107
1.0,0.1,-0.25671534989610084,0.12076,0.11787980178434226
1.0,0.1,-0.24482400701168192,0.12575,0.12306259287254645
1.0,0.1,-0.23421242456900254,0.13074,0.12806638811494298
1.0,0.1,-0.22490986389795317,0.13573,0.13277974344097465
1.0,0.1,-0.21557198855770765,0.14072,0.13785047565341368
1.0,0.1,-0.20730401027647488,0.14571,0.14265222503039043
1.0,0.1,-0.19917678713096756,0.1507,0.14768537148962624
1.0,0.1,-0.19133328188106855,0.15569,0.1528644069298422
1.0,0.1,-0.18390665322022598,0.16068,0.15808570185444887
1.0,0.1,-0.1770456906185495,0.16567,0.1632075888948628
1.0,0.1,-0.17040723044672046,0.17066,0.16845869402440122
1.0,0.1,-0.16445407688053795,0.17565,0.17343395305642478
1.0,0.1,-0.15890869413809117,0.18064,0.17831142371597442
1.0,0.1,-0.15364379515056742,0.18563,0.18317378757356667
1.0,0.1,-0.14861978357957423,0.19062,0.1880375221897116
1.0,0.1,-0.14385266615539002,0.19561,0.19286702966592262
1.0,0.1,-0.13946079675794246,0.2006,0.1975118411490222
1.0,0.1,-0.13508943001071153,0.20559,0.2023313068175318
1.0,0.1,-0.1303329000966708,0.21058,0.20781009389222277
1.0,0.1,-0.12629616981535563,0.21557,0.21266177820240662
1.0,0.1,-0.12222046920889987,0.22056,0.21775808909615552
1.0,0.1,-0.1180456485733028,0.22555,0.22319435780611385
1.0,0.1,-0.1145277689531105,0.23054,0.2279526609361885
1.0,0.1,-0.11114084126617033,0.23553,0.23269369785819388
1.0,0.1,-0.10773263034932026,0.24052,0.23762896368027348
1.0,0.1,-0.10428361152191887,0.24551,0.24279757696960202
1.0,0.1,-0.10080297592730182,0.2505,0.24819788417142047
1.0,0.1,-0.09764087789031696,0.25549,0.25327014486418553
1.0,0.1,-0.09452432785938644,0.26048,0.25842925829792956
1.0,0.1,-0.09143054454450927,0.26547,0.2637125045162525
1.0,0.1,-0.08853585731601213,0.27046,0.26880591458298203
1.0,0.1,-0.08581544730176303,0.27545,0.27372843662001956
1.0,0.1,-0.08307884358217672,0.28044,0.27881613528596594
1.0,0.1,-0.08034848452121758,0.28543,0.28403101260621144
1.0,0.1,-0.07742216373147423,0.29042,0.2897773097701619
1.0,0.1,-0.075175225043063,0.29541,0.29430189417102853
1.0,0.1,-0.07272816618045339,0.3004,0.2993422732178269
1.0,0.1,-0.07063441669851873,0.30539,0.3037495051567627
1.0,0.1,-0.06829595473676536,0.31038,0.3087761683293687
1.0,0.1,-0.06607267212158849,0.31537,0.31365833585064995
1.0,0.1,-0.06390003849387464,0.32036,0.31852717493992766
1.0,0.1,-0.06182304864775876,0.32535,0.3232727303206187
1.0,0.1,-0.059633625767870055,0.33034,0.32837199029708564
1.0,0.1,-0.05755031772919145,0.33533,0.3333166286945721
1.0,0.1,-0.05556066881990147,0.34032,0.33812328905039357
1.0,0.1,-0.0536209799960387,0.34531,0.3428884851911549
1.0,0.1,-0.05156024505935789,0.3503,0.34803650756330473
1.0,0.1,-0.04958274065300222,0.35529,0.35305898059890617
1.0,0.1,-0.047656287004116324,0.36028,0.3580288241232671
1.0,0.1,-0.04588634500821221,0.36527,0.3626613123934458
1.0,0.1,-0.0439506299714684,0.37026,0.3677996844020172
1.0,0.1,-0.0420191505814023,0.37525,0.3730007746153807
1.0,0.1,-0.04021243638655004,0.38024,0.3779316873976979
1.0,0.1,-0.03827224127318222,0.38523,0.38329636204049056
1.0,0.1,-0.03641269671402236,0.39022,0.3885040757853686
1.0,0.1,-0.03466473744277788,0.39521,0.39345676781672384
1.0,0.1,-0.03296773260220068,0.4002,0.3983169390312382
1.0,0.1,-0.03120080724235898,0.40519,0.4034300340434135
1.0,0.1,-0.029568449928431797,0.41018,0.4081999198923567
1.0,0.1,-0.027982535342002575,0.41517,0.41287508944592555
1.0,0.1,-0.026244107902467624,0.42016,0.41804446080222596
1.0,0.1,-0.024456567531920548,0.42515,0.42340634790922527
1.0,0.1,-0.02267544650548796,0.43014,0.4287934330431439
1.0,0.1,-0.020952669196601697,0.43513,0.4340438535912307
1.0,0.1,-0.019307963382162972,0.44012,0.43909058424459857
1.0,0.1,-0.01770961961333026,0.44511,0.4440249589126979
1.0,0.1,-0.016006429535545746,0.4501,0.4493130398687164
1.0,0.1,-0.014378297384328354,0.45509,0.45439463628275206
1.0,0.1,-0.012689985839348524,0.46008,0.45968885999671466
1.0,0.1,-0.011083374106224597,0.46507,0.4647478389821248
1.0,0.1,-0.009490717603669995,0.47006,0.46978059318109433
1.0,0.1,-0.007864782644600462,0.47505,0.4749341671457399
1.0,0.1,-0.006365004741157565,0.48004,0.47969963830921714
1.0,0.1,-0.004873104174161352,0.48503,0.48444914071882894
1.0,0.1,-0.003386676584991908,0.49002,0.48918812368839604
1.0,0.1,-0.0019222981589333936,0.49501,0.49386151336006767
1.0,0.1,-0.0001747847115367806,0.5,0.49944179026765617
1.0,0.1,0.00141374090489808,0.50499,0.5045147645574154
1.0,0.1,0.00302878772606566,0.50998,0.50967006983153
1.0,0.1,0.004537913272033833,0.51497,0.5144827411722124
1.0,0.1,0.006203136543702947,0.51996,0.5197854499284094
1.0,0.1,0.007835568854522103,0.52495,0.5249731079443973
1.0,0.1,0.00946524900419596,0.52994,0.530138796669929
1.0,0.1,0.011028514695475946,0.53493,0.5350790860857132
1.0,0.1,0.012591825654216134,0.53992,0.5400026086347995
1.0,0.1,0.014300966125069084,0.54491,0.5453633993177259
1.0,0.1,0.01597043389210363,0.5499,0.5505748848677621
1.0,0.1,0.017581053918997846,0.55489,0.5555769191669955
1.0,0.1,0.01917784617977174,0.55988,0.5605087938195136
1.0,0.1,0.020871876606068672,0.56487,0.5657089993907747
1.0,0.1,0.022572059651381222,0.56986,0.5708925593982582
1.0,0.1,0.024281066540254602,0.57485,0.5760647709345409
1.0,0.1,0.02592122847134787,0.57984,0.5809904526182926
1.0,0.1,0.02754258032716579,0.58483,0.5858209977968757
1.0,0.1,0.029273435589931923,0.58982,0.590933411378966
1.0,0.1,0.03120929885391839,0.59481,0.5965946645464877
1.0,0.1,0.03294680550704531,0.5998,0.6016228136800685
1.0,0.1,0.034593252153528944,0.60479,0.606339520879651
1.0,0.1,0.036425661211220754,0.60978,0.611532451769258
1.0,0.1,0.038141968673097916,0.61477,0.6163408924459751
1.0,0.1,0.03995747190527914,0.61976,0.62136740569888
1.0,0.1,0.04170269709631061,0.62475,0.6261401168942455
1.0,0.1,0.043512702750764326,0.62974,0.6310275000875236
1.0,0.1,0.04546814964458726,0.63473,0.6362349239399265
1.0,0.1,0.04726398349340033,0.63972,0.6409498588726396
1.0,0.1,0.04923855084806869,0.64471,0.6460586421148005
1.0,0.1,0.05116404342732746,0.6497,0.6509636644329237
1.0,0.1,0.05297184764123299,0.65469,0.6554993676343581
1.0,0.1,0.05506668168240119,0.65968,0.6606705602093729
1.0,0.1,0.05708983896467782,0.66467,0.6655782575748095
1.0,0.1,0.0590559716219774,0.66966,0.6702660210712919
1.0,0.1,0.06104620184086851,0.67465,0.6749293521830652
1.0,0.1,0.06303633912599965,0.67964,0.6795102621031325
1.0,0.1,0.06513458133890546,0.68463,0.6842513282725297
1.0,0.1,0.06734929464283917,0.68962,0.6891573727195357
1.0,0.1,0.06976805439717448,0.69461,0.6944010942427145
1.0,0.1,0.0721300231875747,0.6996,0.6994076160218345
1.0,0.1,0.07464643762518644,0.70459,0.7046189430104891
1.0,0.1,0.0771502133217134,0.70958,0.709680300972793
1.0,0.1,0.07977111903872572,0.71457,0.7148482139415695
1.0,0.1,0.08221275652108737,0.71956,0.7195448237942381
1.0,0.1,0.08472098169877819,0.72455,0.7242533329991083
1.0,0.1,0.08744633717732538,0.72954,0.7292385961028712
1.0,0.1,0.09004960332466214,0.73453,0.7338759821219066
1.0,0.1,0.09298089226474444,0.73952,0.7389554694349659
1.0,0.1,0.09589985048437105,0.74451,0.743867656839643
1.0,0.1,0.09862031318467859,0.7495,0.7483181849678535
1.0,0.1,0.10192012276804045,0.75449,0.7535559875232114
1.0,0.1,0.10504604794180403,0.75948,0.7583604126547204
1.0,0.1,0.10825695247528919,0.76447,0.7631412646727771
1.0,0.1,0.11185676924876516,0.76946,0.7683218346860399
1.0,0.1,0.11562161885102208,0.77445,0.7735447102710773
1.0,0.1,0.11935000096775125,0.77944,0.7785282210623561
1.0,0.1,0.12334253581139416,0.78443,0.7836653228783201
1.0,0.1,0.1273257071969925,0.78942,0.7885937628817363
1.0,0.1,0.13169895118986227,0.79441,0.7937891888110873
1.0,0.1,0.13625978942858596,0.7994,0.7989788038820784
1.0,0.1,0.14083688754240145,0.80439,0.8039642937255556
1.0,0.1,0.14569884566734628,0.80938,0.8090288741021379
1.0,0.1,0.15075793528132006,0.81437,0.8140600029805503
1.0,0.1,0.15589523667432337,0.81936,0.8189340604171154
1.0,0.1,0.16135197356475345,0.82435,0.8238674909742897
1.0,0.1,0.16732563840527137,0.82934,0.8289985367395392
1.0,0.1,0.17356591599106333,0.83433,0.8340775408298748
1.0,0.1,0.17996386550121274,0.83932,0.8390074443718802
1.0,0.1,0.1869273317209868,0.84431,0.8440769828302126
1.0,0.1,0.19469872486793677,0.8493,0.8493982937060859
1.0,0.1,0.202343430571866,0.85429,0.854314424864779
1.0,0.1,0.21005686542800983,0.85928,0.8589808245137631
1.0,0.1,0.21917034576357391,0.86427,0.8641459584749004
1.0,0.1,0.22844008729074683,0.86926,0.8690469127252207
1.0,0.1,0.23878660136927504,0.87425,0.874136978919105
1.0,0.1,0.24870211935962094,0.87924,0.8786746238004834
1.0,0.1,0.2602391582744142,0.88423,0.8835769551810029
1.0,0.1,0.27319974439361444,0.88922,0.8886508634264823
1.0,0.1,0.286450262878286,0.89421,0.8934171244026933
1.0,0.1,0.30184883020229186,0.8992,0.8984844605117225
1.0,0.1,0.3200686114179561,0.90419,0.9039090843073851
1.0,0.1,0.3394250037877401,0.90918,0.9090876100907516
1.0,0.1,0.3584893490726574,0.91417,0.9136827170350766
1.0,0.1,0.3811785015182394,0.91916,0.9185930235797524
1.0,0.1,0.4082698407112851,0.92415,0.923784002124575
1.0,0.1,0.4380928500528436,0.92914,0.9287951092508374
1.0,0.1,0.47236436521209463,0.93413,0.9338081061672656
1.0,0.1,0.5104504491987598,0.93912,0.9386206516913779
1.0,0.1,0.5566631346951681,0.94411,0.9436056169379234
1.0,0.1,0.613099232443599,0.9491,0.9487029404113061
1.0,0.1,0.6817490509686213,0.95409,0.9537921720177241
1.0,0.1,0.7737237251732206,0.95908,0.9592211599226317
1.0,0.1,0.8836611719692977,0.96407,0.9642489734728231
1.0,0.1,1.0265142067479491,0.96906,0.9691907090877949
1.0,0.1,1.21626004292088,0.97405,0.9739738396392488
1.0,0.1,1.518197254848995,0.97904,0.9791332456585002
1.0,0.1,2.006418299865304,0.98403,0.9842010751956536
1.0,0.1,2.821358715793677,0.98902,0.9887599827016715
1.0,0.1,5.128560187707102,0.99401,0.9938147718275526
1.0,0.1,28.862272646455796,0.999,0.9989008079055668
1.0,1.0,-273.5626485830509,0.001,0.0008861674795656027
1.0,1.0,-44.515641159812795,0.00599,0.005445261363905773
1.0,1.0,-23.028536193448158,0.01098,0.010523231801229105
1.0,1.0,-15.527453477253395,0.01597,0.015600035656909983
1.0,1.0,-11.698983106224494,0.02096,0.020692513194986495
1.0,1.0,-9.478741776531034,0.02595,0.025520611625241663
1.0,1.0,-7.962596314496793,0.03094,0.030352880229930046
1.0,1.0,-6.89217045265715,0.03593,0.03503154941931952
1.0,1.0,-6.004588063822931,0.04092,0.040158522470530256
1.0,1.0,-5.333040404645356,0.04591,0.04515151476307999
1.0,1.0,-4.76280920697387,0.0509,0.05047186763748801
1.0,1.0,-4.322483027906148,0.05589,0.05551440060025831
1.0,1.0,-3.9393317844178557,0.06088,0.060789140876909564
1.0,1.0,-3.6390620585416937,0.06587,0.06566906960291119
1.0,1.0,-3.3738313163739586,0.07086,0.07066943464598974
1.0,1.0,-3.1443710645983916,0.07585,0.0756407350860473
1.0,1.0,-2.938847498235959,0.08084,0.08071355437004185
1.0,1.0,-2.7727908888607056,0.08583,0.08532506501047993
1.0,1.0,-2.6078120127095663,0.09082,0.09044496107406402
1.0,1.0,-2.4671117479792612,0.09581,0.09530771330487281
1.0,1.0,-2.330985155956849,0.1008,0.10051987009844049
1.0,1.0,-2.2146973048795258,0.10579,0.10542868047743792
1.0,1.0,-2.109589881078039,0.11078,0.1102797571468383
1.0,1.0,-2.0140408842107336,0.11577,0.11507626808613663
1.0,1.0,-1.9300989293575281,0.12076,0.11963113541730108
1.0,1.0,-1.8392683275497348,0.12575,0.12496222199478085
1.0,1.0,-1.7587095206182382,0.13074,0.13008118034554644
1.0,1.0,-1.6941055108174685,0.13573,0.13448085741707727
1.0,1.0,-1.6266532891016368,0.14072,0.13938250891497872
1.0,1.0,-1.5644678371262333,0.14571,0.14420639436678395
1.0,1.0,-1.5011518823863486,0.1507,0.14944719986715416
1.0,1.0,-1.443297254646896,0.15569,0.15455311724875587
1.0,1.0,-1.3942310205877004,0.16068,0.15914127696155955
1.0,1.0,-1.3411280904034686,0.16567,0.16439551901868021
1.0,1.0,-1.2877651201945433,0.17066,0.17000219514888099
1.0,1.0,-1.2395097118521177,0.17565,0.17537715274966703
1.0,1.0,-1.198908136285025,0.18064,0.18014076312525545
1.0,1.0,-1.1575815064202122,0.18563,0.18523140557641482
1.0,1.0,-1.1214338969487514,0.19062,0.18989677180054515
1.0,1.0,-1.0834817369667396,0.19561,0.19502171645956556
1.0,1.0,-1.0486587150631623,0.2006,0.19994019272850844
1.0,1.0,-1.0137757081599064,0.20559,0.20508628745943747
1.0,1.0,-0.9826395994341468,0.21058,0.20987472117564304
1.0,1.0,-0.9489939875165959,0.21557,0.2152667523167549
1.0,1.0,-0.9205868991696657,0.22056,0.2200037854074015
1.0,1.0,-0.8902482659604427,0.22555,0.2252583124764153
1.0,1.0,-0.8652782095347358,0.23054,0.22974083032941495
1.0,1.0,-0.8373566940913653,0.23553,0.2349289041941372
1.0,1.0,-0.8120881805390503,0.24052,0.23979003934165521
1.0,1.0,-0.7881355671608737,0.24551,0.24454900581553068
1.0,1.0,-0.7640012469617822,0.2505,0.24949776970559523
1.0,1.0,-0.7393216235143347,0.25549,0.25472314772544774
1.0,1.0,-0.7173712620991427,0.26048,0.2595150239293466
1.0,1.0,-0.6977906373914649,0.26547,0.26390748072507364
1.0,1.0,-0.6769636208472214,0.27046,0.26870465172409574
1.0,1.0,-0.6556719102925662,0.27545,0.273745387812568
1.0,1.0,-0.6348861110580265,0.28044,0.2788026169344358
1.0,1.0,-0.6156906035166534,0.28543,0.28359506572398063
1.0,1.0,-0.5967825877934362,0.29042,0.2884326192158478
1.0,1.0,-0.5787117804575896,0.29541,0.2931662469935862
1.0,1.0,-0.5607519447648753,0.3004,0.2979792429238775
1.0,1.0,-0.5435021520273599,0.30539,0.3027051238112758
1.0,1.0,-0.5264040694535466,0.31038,0.30749039596069017
1.0,1.0,-0.509749308473545,0.31537,0.31224922070583094
1.0,1.0,-0.4930742778787327,0.32036,0.31711119077231575
1.0,1.0,-0.4760659569100546,0.32535,0.3221713952651347
1.0,1.0,-0.45920311861115615,0.33034,0.32728960112242456
1.0,1.0,-0.4416269804838984,0.33533,0.3327320174560455
1.0,1.0,-0.42517239617285707,0.34032,0.33792692460212137
1.0,1.0,-0.4083367378954319,0.34531,0.34334192475671216
1.0,1.0,-0.3923319100748359,0.3503,0.34858298654987696
1.0,1.0,-0.37770919284160476,0.35529,0.3534505263847958
1.0,1.0,-0.3620902220535331,0.36028,0.3587324736404144
1.0,1.0,-0.3472167179414078,0.36527,0.363841041870116
1.0,1.0,-0.3338248089866933,0.37026,0.3685056623749369
1.0,1.0,-0.3192395690303753,0.37525,0.37365496378244556
1.0,1.0,-0.3052420448272292,0.38024,0.37866335687893404
1.0,1.0,-0.2903548187355874,0.38523,0.3840602565842516
1.0,1.0,-0.27714411106080733,0.39022,0.3889086312557281
1.0,1.0,-0.2649200984465327,0.39521,0.3934433250464984
1.0,1.0,-0.25231341490491027,0.4002,0.3981675074064219
1.0,1.0,-0.23849133799190084,0.40519,0.4034010056049887
1.0,1.0,-0.22436962104627872,0.41018,0.4088041715870486
1.0,1.0,-0.21175183467923303,0.41517,0.41367815535275515
1.0,1.0,-0.1990228681208314,0.42016,0.41863748850627125
1.0,1.0,-0.18588370657329914,0.42515,0.42379931651937275
1.0,1.0,-0.17246354103862302,0.43014,0.4291140359553181
1.0,1.0,-0.16010020871048117,0.43513,0.4340461172735182
1.0,1.0,-0.14764852700046346,0.44012,0.4390461239611295
1.0,1.0,-0.1347768614494895,0.44511,0.44424695419063853
1.0,1.0,-0.1221661147243587,0.4501,0.4493717107521089
1.0,1.0,-0.10989055683310821,0.45509,0.4543858281839339
1.0,1.0,-0.0987953553532031,0.46008,0.45893757726727424
1.0,1.0,-0.0868040935983234,0.46507,0.46387593336616045
1.0,1.0,-0.07473742144918287,0.47006,0.4688630317472208
1.0,1.0,-0.06258260102892069,0.47505,0.4739021056986607
1.0,1.0,-0.050380793740406146,0.48004,0.4789738756232546
1.0,1.0,-0.037990202143450086,0.48503,0.4841350647502046
1.0,1.0,-0.02604338295929656,0.49002,0.48911935288434966
1.0,1.0,-0.0138823560341923,0.49501,0.49419848245414905
1.0,1.0,-0.0021553778855515487,0.5,0.4990991576650284
1.0,1.0,0.009085594230873476,0.50499,0.5037971631722333
1.0,1.0,0.02137028640645493,0.50998,0.5089294132805262
1.0,1.0,0.033422183596637914,0.51497,0.5139599152618384
1.0,1.0,0.04521947098441951,0.51996,0.5188774109928825
1.0,1.0,0.0567455244250343,0.52495,0.5236731686905678
1.0,1.0,0.06881785406098867,0.52994,0.5286846668320002
1.0,1.0,0.08114304646911344,0.53493,0.5337864494464158
1.0,1.0,0.09350253856785852,0.53992,0.5388849915317769
1.0,1.0,0.10580236933812522,0.54491,0.5439390980370467
1.0,1.0,0.11746025371840918,0.5499,0.5487089718793294
1.0,1.0,0.1300273629422527,0.55489,0.5538262234181199
1.0,1.0,0.14227973458565984,0.55988,0.5587884403631047
1.0,1.0,0.154352531809442,0.56487,0.5636498344763727
1.0,1.0,0.16700540674419612,0.56986,0.5687126795586249
1.0,1.0,0.18008666767713075,0.57485,0.5739100411139945
1.0,1.0,0.19295407390075325,0.57984,0.5789835963028535
1.0,1.0,0.20627653039462732,0.58483,0.5841937240789064
1.0,1.0,0.21941026997380628,0.58982,0.5892852409264799
1.0,1.0,0.2320669658567894,0.59481,0.5941478549241292
1.0,1.0,0.24585175350684893,0.5998,0.599392797247307
1.0,1.0,0.2593013125226843,0.60479,0.6044569965963893
1.0,1.0,0.27141012589567987,0.60978,0.6089699817592545
1.0,1.0,0.28439841500218016,0.61477,0.6137605375536652
1.0,1.0,0.29861256834597116,0.61976,0.6189421744992117
1.0,1.0,0.31232861530733935,0.62475,0.6238803338512636
1.0,1.0,0.32684838958461815,0.62974,0.6290402338694581
1.0,1.0,0.3404631938136284,0.63473,0.6338142353659658
1.0,1.0,0.3545377571442866,0.63972,0.638683040515456
1.0,1.0,0.36847796698722457,0.64471,0.6434379888503096
1.0,1.0,0.3830413240027471,0.6497,0.6483331227080169
1.0,1.0,0.39800634003200047,0.65469,0.6532855826288105
1.0,1.0,0.41345201227256595,0.65968,0.65831400532459
1.0,1.0,0.42805680945291835,0.66467,0.6629906926984684
1.0,1.0,0.44401115032703503,0.66966,0.6680126891244287
1.0,1.0,0.4600040043412355,0.67465,0.6729557705802974
1.0,1.0,0.47651763651672824,0.67964,0.6779643096300467
1.0,1.0,0.49276636524620726,0.68463,0.6827981100270333
1.0,1.0,0.5098412812673608,0.68962,0.6877773251535156
1.0,1.0,0.5280708235008452,0.69461,0.6929805330801359
1.0,1.0,0.5460898252542374,0.6996,0.6980103087272483
1.0,1.0,0.5640488749665362,0.70459,0.7029124609122464
1.0,1.0,0.5824468184134831,0.70958,0.7078210624044994
1.0,1.0,0.6028145687794904,0.71457,0.7131233693271306
1.0,1.0,0.6232714075437165,0.71956,0.718311761304282
1.0,1.0,0.6426760176981402,0.72455,0.7231086488195411
1.0,1.0,0.6620392090885074,0.72954,0.7277767088185215
1.0,1.0,0.6831149394330156,0.73453,0.7327258079492257
1.0,1.0,0.7035799534225268,0.73952,0.7374029628451968
1.0,1.0,0.7265385034324825,0.74451,0.7425030222718394
1.0,1.0,0.7505423148605577,0.7495,0.7476735911664221
1.0,1.0,0.7753358762019966,0.75449,0.7528459388281241
1.0,1.0,0.7992687367781294,0.75948,0.7576815609726841
1.0,1.0,0.8235687199693059,0.76447,0.7624385163452583
1.0,1.0,0.8499152932995013,0.76946,0.7674280040306557
1.0,1.0,0.8767192223159517,0.77445,0.772331080035529
1.0,1.0,0.9045142206413028,0.77944,0.7772381894323035
1.0,1.0,0.9348218825928098,0.78443,0.7823916029863113
1.0,1.0,0.9661535642985928,0.78942,0.7875121712488842
1.0,1.0,0.9979848946375564,0.79441,0.7925088359571487
1.0,1.0,1.0324793544034505,0.7994,0.7977009497345184
1.0,1.0,1.0656752813153783,0.80439,0.8024898464943772
1.0,1.0,1.099835589279644,0.80938,0.807215984220716
1.0,1.0,1.1372194311379693,0.81437,0.8121657708658319
1.0,1.0,1.1778374196294783,0.81936,0.8172952086474021
1.0,1.0,1.219830769401023,0.82435,0.8223424910416636
1.0,1.0,1.2579303877499963,0.82934,0.8267102825787179
1.0,1.0,1.3057108688989814,0.83433,0.8319215091511847
1.0,1.0,1.356432662307971,0.83932,0.8371509081202295
1.0,1.0,1.4079482406618062,0.84431,0.842166355755855
1.0,1.0,1.46367200186263,0.8493,0.8472813040233151
1.0,1.0,1.5200741666849054,0.85429,0.8521556432296178
1.0,1.0,1.5847673002432288,0.85928,0.8574021253769981
1.0,1.0,1.6553763943421926,0.86427,0.8627450712753857
1.0,1.0,1.7280121482086952,0.86926,0.867862604006665
1.0,1.0,1.8020092699197392,0.87425,0.8727184782503989
1.0,1.0,1.882384903671685,0.87924,0.877623529082229
1.0,1.0,1.9722611360857933,0.88423,0.8826988482700309
1.0,1.0,2.075631723291322,0.88922,0.888060116827001
1.0,1.0,2.1801945810860426,0.89421,0.8930248294951437
1.0,1.0,2.290138602814122,0.8992,0.8978070070895667
1.0,1.0,2.429367222105487,0.90419,0.9033003315998263
1.0,1.0,2.569799915703543,0.90918,0.9082895230409542
1.0,1.0,2.7329056316532503,0.91417,0.9134896821983804
1.0,1.0,2.9272885098221586,0.91916,0.9189812948331542
1.0,1.0,3.14285309444894,0.92415,0.9243240919572064
1.0,1.0,3.383799275588251,0.92914,0.9295319977029878
1.0,1.0,3.6364116718232773,0.93413,0.9342844157062549
1.0,1.0,3.9148219904286754,0.93912,0.9388395427247482
1.0,1.0,4.275503873256711,0.94411,0.9438881008301678
1.0,1.0,4.699209565874315,0.9491,0.9488566599545138
1.0,1.0,5.214136923949534,0.95409,0.9538330696382427
1.0,1.0,5.819816011882685,0.95908,0.9585806199522611
1.0,1.0,6.622847277108155,0.96407,0.9635560431243433
1.0,1.0,7.822819731559619,0.96906,0.9691081500040641
1.0,1.0,9.336647847074989,0.97405,0.9740926918253341
1.0,1.0,11.7521020597509,0.97904,0.9794007544981725
1.0,1.0,15.208840449193032,0.98403,0.9840736956578533
1.0,1.0,21.762226050561665,0.98902,0.988864923395371
1.0,1.0,40.183134904512926,0.99401,0.9939677696060856
1.0,1.0,268.2275137625822,0.999,0.9990962064471495
1.0,10.0,-298.43951688741004,0.001,0.0010665768960926858
1.0,10.0,-52.99630320120766,0.00599,0.006005553139058539
1.0,10.0,-28.201551971042637,0.01098,0.011282236433378223
1.0,10.0,-19.610285767544415,0.01597,0.016217734529367034
1.0,10.0,-15.168507691098327,0.02096,0.020954594821643913
1.0,10.0,-12.188331906644724,0.02595,0.026057587252022507
1.0,10.0,-10.44728547740101,0.03094,0.030375648316384285
1.0,10.0,-9.06294822945486,0.03593,0.03498060983665052
1.0,10.0,-7.866489809564526,0.04092,0.040248155366225835
1.0,10.0,-7.029770807784997,0.04591,0.044978494944009684
1.0,10.0,-6.356540780048679,0.0509,0.04966887791780783
1.0,10.0,-5.7940119575497055,0.05589,0.05440178536368934
1.0,10.0,-5.281793086047942,0.06088,0.05956051174063043
1.0,10.0,-4.861649193615938,0.06587,0.0645730228407127
1.0,10.0,-4.515833496111952,0.07086,0.06936810511200858
1.0,10.0,-4.208062517932796,0.07585,0.07426533339306424
1.0,10.0,-3.9223638817253197,0.08084,0.07945983539133084
1.0,10.0,-3.6759071618272654,0.08583,0.0845475043920696
1.0,10.0,-3.4650191114896742,0.09082,0.08943372740953326
1.0,10.0,-3.2812162655831365,0.09581,0.09416326908004785
1.0,10.0,-3.10514479244842,0.1008,0.09917197492816271
1.0,10.0,-2.94711340398822,0.10579,0.10412693802745032
1.0,10.0,-2.803101411728316,0.11078,0.10907634527829779
1.0,10.0,-2.6645985995551724,0.11577,0.11428146457821609
1.0,10.0,-2.54478446552729,0.12076,0.11918261440068123
1.0,10.0,-2.4276675863501955,0.12575,0.12437580470186971
1.0,10.0,-2.316683122173512,0.13074,0.12970844644914303
1.0,10.0,-2.2223725102723466,0.13573,0.13459052915336917
1.0,10.0,-2.137451902958303,0.14072,0.13929106763990423
1.0,10.0,-2.0528406737459592,0.14571,0.14428942244732024
1.0,10.0,-1.9738115379574008,0.1507,0.1492684602055207
1.0,10.0,-1.9036184497924262,0.15569,0.1539646403826388
1.0,10.0,-1.8310034174128351,0.16068,0.15911722079740304
1.0,10.0,-1.7578631151906996,0.16567,0.16463532028017697
1.0,10.0,-1.6943396295439437,0.17066,0.16971735030642388
1.0,10.0,-1.6316734628565426,0.17565,0.17501548835422692
1.0,10.0,-1.5764044474168473,0.18064,0.17994001165744922
1.0,10.0,-1.5212271563130713,0.18563,0.18510822116428388
1.0,10.0,-1.4691231486919987,0.19062,0.19023479086193457
1.0,10.0,-1.4199077413996963,0.19561,0.19531072236997304
1.0,10.0,-1.3736614495511505,0.2006,0.20029956615552502
1.0,10.0,-1.3293464946943885,0.20559,0.20529049776606617
1.0,10.0,-1.2861576767961174,0.21058,0.2103633893056297
1.0,10.0,-1.244540201531277,0.21557,0.21545672988664782
1.0,10.0,-1.2078443087654056,0.22056,0.22012266885528847
1.0,10.0,-1.171633337785554,0.22555,0.2248948127463959
1.0,10.0,-1.1348089671194241,0.23054,0.22992601364667614
1.0,10.0,-1.0963274266871477,0.23553,0.23538376207255113
1.0,10.0,-1.0622856236167755,0.24052,0.24038925263923155
1.0,10.0,-1.0289653682258542,0.24551,0.24545613825386647
1.0,10.0,-0.9983854643768347,0.2505,0.25025716821738453
1.0,10.0,-0.9648677754732143,0.25549,0.25569083667450554
1.0,10.0,-0.9339555374115716,0.26048,0.2608660396245823
1.0,10.0,-0.9050334573829794,0.26547,0.2658547269657405
1.0,10.0,-0.8784743741242013,0.27046,0.27056401532813057
1.0,10.0,-0.8529964400320607,0.27545,0.27519966405971574
1.0,10.0,-0.8254527875796525,0.28044,0.280344086850274
1.0,10.0,-0.7990627653969475,0.28543,0.28540527919281256
1.0,10.0,-0.7736059647830035,0.29042,0.2904124999332587
1.0,10.0,-0.7482855372540442,0.29541,0.2955167896771461
1.0,10.0,-0.7238908710680805,0.3004,0.30055313328058164
1.0,10.0,-0.6997037730360414,0.30539,0.30566317917888103
1.0,10.0,-0.6769298344493386,0.31038,0.31058198012983407
1.0,10.0,-0.6549523862082204,0.31537,0.31542838985886207
1.0,10.0,-0.6341777786770756,0.32036,0.32010020880268997
1.0,10.0,-0.6109916302888605,0.32535,0.3254189936895085
1.0,10.0,-0.5891002195645889,0.33034,0.3305425099772048
1.0,10.0,-0.567992113160597,0.33533,0.3355764806574238
1.0,10.0,-0.5476186151463759,0.34032,0.3405225912190145
1.0,10.0,-0.5265312300898142,0.34531,0.34573218857765176
1.0,10.0,-0.5078148309774203,0.3503,0.35043257845323955
1.0,10.0,-0.48801327323374966,0.35529,0.3554833876219975
1.0,10.0,-0.4695397028417365,0.36028,0.3602671142160946
1.0,10.0,-0.45143774833045114,0.36527,0.365021037534338
1.0,10.0,-0.43272498280172356,0.37026,0.37000366169199095
1.0,10.0,-0.4132647792263773,0.37525,0.37525786512644754
1.0,10.0,-0.3958830933369082,0.38024,0.3800123593036002
1.0,10.0,-0.3784699460682273,0.38523,0.38483251008659247
1.0,10.0,-0.35927333639438536,0.39022,0.39021105593547967
1.0,10.0,-0.341263264537362,0.39521,0.39531728923511844
1.0,10.0,-0.32298726932379745,0.4002,0.400556687961685
1.0,10.0,-0.3054806014754326,0.40519,0.4056283586540228
1.0,10.0,-0.29022423871761743,0.41018,0.4100888354966295
1.0,10.0,-0.2744443361704444,0.41517,0.4147408426554607
1.0,10.0,-0.2568894346043667,0.42016,0.4199602618657395
1.0,10.0,-0.23924800721051154,0.42515,0.4252500724141424
1.0,10.0,-0.2234896218576053,0.43014,0.43001117469848626
1.0,10.0,-0.20830264947284058,0.43513,0.4346299775356497
1.0,10.0,-0.19155067290920125,0.44012,0.4397572551193349
1.0,10.0,-0.17591928683589572,0.44511,0.444570312845218
1.0,10.0,-0.1592788829509955,0.4501,0.4497222956623656
1.0,10.0,-0.14339712066917498,0.45509,0.45466433459289063
1.0,10.0,-0.1281759818104419,0.46008,0.4594215744651803
1.0,10.0,-0.1120388779977265,0.46507,0.4644850262203063
1.0,10.0,-0.0953376326899573,0.47006,0.46974453437501035
1.0,10.0,-0.07972785040784426,0.47505,0.47467540510284045
1.0,10.0,-0.06353836132367606,0.48004,0.47980226240872886
1.0,10.0,-0.04730954308357336,0.48503,0.48495212465327814
1.0,10.0,-0.030280696136970178,0.49002,0.49036429935694775
1.0,10.0,-0.015299527922906493,0.49501,0.4951303889167128
1.0,10.0,-0.0012334698979961497,0.5,0.49960737453465887
1.0,10.0,0.014659390028552283,0.50499,0.504665894579867
1.0,10.0,0.03112965689481362,0.50998,0.509905678692785
1.0,10.0,0.04766481406446838,0.51497,0.5151607071721115
1.0,10.0,0.06245014766352947,0.51996,0.5198527175916774
1.0,10.0,0.07771397905680487,0.52495,0.524687507960569
1.0,10.0,0.09451547087700432,0.52994,0.5299961005565726
1.0,10.0,0.11027547680135466,0.53493,0.5349605167061694
1.0,10.0,0.12554756633879713,0.53992,0.5397550270467966
1.0,10.0,0.14110448566850708,0.54491,0.5446203714871714
1.0,10.0,0.15640786166609746,0.5499,0.5493860456849599
1.0,10.0,0.17287992501422877,0.55489,0.5544907857675818
1.0,10.0,0.18888091762152795,0.55988,0.5594226099565617
1.0,10.0,0.20291726388098316,0.56487,0.5637253342543637
1.0,10.0,0.21943340068867045,0.56986,0.5687580547586076
1.0,10.0,0.2346779391237426,0.57485,0.5733725721226933
1.0,10.0,0.252615012782727,0.57984,0.5787620680017431
1.0,10.0,0.2700226803641559,0.58483,0.583948813155736
1.0,10.0,0.2870913855555455,0.58982,0.5889906474372757
1.0,10.0,0.30403947956304694,0.59481,0.59395190280321
1.0,10.0,0.3220334667513221,0.5998,0.5991683109346138
1.0,10.0,0.3418218622067523,0.60479,0.6048419432442937
1.0,10.0,0.36040014928288056,0.60978,0.6101065015929548
1.0,10.0,0.37917099857829883,0.61477,0.6153626372464814
1.0,10.0,0.39747605925783147,0.61976,0.6204257576939533
1.0,10.0,0.41595801036513164,0.62475,0.6254736648749779
1.0,10.0,0.4351771632460972,0.62974,0.6306531962311527
1.0,10.0,0.45369031662759246,0.63473,0.6355740871559479
1.0,10.0,0.4726827266308717,0.63972,0.6405516253564938
1.0,10.0,0.49207513387265106,0.64471,0.6455591774230567
1.0,10.0,0.5120525276557244,0.6497,0.6506379499845469
1.0,10.0,0.5329243870852809,0.65469,0.6558568993935563
1.0,10.0,0.5544522048324876,0.65968,0.6611459665713258
1.0,10.0,0.5754313251966654,0.66467,0.6662081724419796
1.0,10.0,0.5969924550106627,0.66966,0.6713160160333265
1.0,10.0,0.6197537116420884,0.67465,0.6766039929870229
1.0,10.0,0.641315448905285,0.67964,0.6815148893507176
1.0,10.0,0.6629834798797912,0.68463,0.6863540041548228
1.0,10.0,0.6830558790541286,0.68962,0.6907514407001422
1.0,10.0,0.7065880319894662,0.69461,0.6958031677134048
1.0,10.0,0.7296753422942832,0.6996,0.7006517084796344
1.0,10.0,0.7527805070344172,0.70459,0.705398449987721
1.0,10.0,0.777912654616083,0.70958,0.710443325058573
1.0,10.0,0.8049119955916274,0.71457,0.7157278074854865
1.0,10.0,0.8296241522493363,0.71956,0.7204440017248526
1.0,10.0,0.8544567015047094,0.72455,0.725069194400885
1.0,10.0,0.882139697402981,0.72954,0.7300933076641407
1.0,10.0,0.9089889314858178,0.73453,0.7348360550826887
1.0,10.0,0.9373731236006867,0.73952,0.739714003389717
1.0,10.0,0.9669254497277936,0.74451,0.7446480112242171
1.0,10.0,0.9983578218180124,0.7495,0.7497384251630318
1.0,10.0,1.0313165080861453,0.75449,0.7549069486573123
1.0,10.0,1.0636308374008638,0.75948,0.7598117891284941
1.0,10.0,1.096060798016626,0.76447,0.7645776891715441
1.0,10.0,1.1308287712587468,0.76946,0.7695191103034299
1.0,10.0,1.1673913302617656,0.77445,0.7745349121557923
1.0,10.0,1.2039518381023713,0.77944,0.7793724750889042
1.0,10.0,1.2411663079464477,0.78443,0.7841212357216775
1.0,10.0,1.2837279017324488,0.78942,0.7893448721467015
1.0,10.0,1.327452935955554,0.79441,0.7944914856741527
1.0,10.0,1.3728384382217091,0.7994,0.7996096544239412
1.0,10.0,1.4172308954292552,0.80439,0.804406418747756
1.0,10.0,1.465078923768836,0.80938,0.8093568460883089
1.0,10.0,1.515123706516917,0.81437,0.8143039192447983
1.0,10.0,1.57031063913032,0.81936,0.8195018676955245
1.0,10.0,1.6255119254192492,0.82435,0.8244475147103907
1.0,10.0,1.6844021261597442,0.82934,0.8294618816114913
1.0,10.0,1.7417962067193875,0.83433,0.834105587782006
1.0,10.0,1.8053433608464375,0.83932,0.838985767822916
1.0,10.0,1.8779433514904116,0.84431,0.8442489656135161
1.0,10.0,1.9511690876352616,0.8493,0.8492458859518895
1.0,10.0,2.0244300117212997,0.85429,0.8539565827426053
1.0,10.0,2.106825717093546,0.85928,0.8589375177960605
1.0,10.0,2.192383482083505,0.86427,0.8637839181888927
1.0,10.0,2.284104971220938,0.86926,0.8686433334717887
1.0,10.0,2.3915490516985707,0.87425,0.8739349547645694
1.0,10.0,2.500813008806904,0.87924,0.8789167438558914
1.0,10.0,2.6108580645489146,0.88423,0.8835687148091536
1.0,10.0,2.746399220935637,0.88922,0.8888487284746327
1.0,10.0,2.885916901219149,0.89421,0.8938237271251821
1.0,10.0,3.048025550510853,0.8992,0.8990905953450943
1.0,10.0,3.219404302750164,0.90419,0.904135250719029
1.0,10.0,3.412031183140987,0.90918,0.909250916594899
1.0,10.0,3.6173332239207396,0.91417,0.914148404975762
1.0,10.0,3.8460679720695583,0.91916,0.919030401702577
1.0,10.0,4.134538351612371,0.92415,0.9244626348213796
1.0,10.0,4.4075536739208045,0.92914,0.9289830910861608
1.0,10.0,4.743210260073681,0.93413,0.9338600505573798
1.0,10.0,5.151833657324313,0.93912,0.9389731383823188
1.0,10.0,5.624063670968216,0.94411,0.9439875455615325
1.0,10.0,6.182349899219898,0.9491,0.9489552265137053
1.0,10.0,6.8439065561918335,0.95409,0.9538168455659735
1.0,10.0,7.694323707381436,0.95908,0.9588611503860996
1.0,10.0,8.776990292287417,0.96407,0.9638893089186531
1.0,10.0,10.2280217416816,0.96906,0.9689772451279751
1.0,10.0,12.129010782876486,0.97405,0.973815541865555
1.0,10.0,15.05545445641722,0.97904,0.9788885139060644
1.0,10.0,20.015873836455626,0.98403,0.9841103393375787
1.0,10.0,28.783303048143566,0.98902,0.9889456082593386
1.0,10.0,56.900846014644394,0.99401,0.9944064606749229
1.0,10.0,357.97779876588385,0.999,0.9991108134135723
1.01,0.1,-33.51326398330312,0.001,0.0009560491652098602
1.01,0.1,-5.632385199108522,0.00599,0.005688001240803042
1.01,0.1,-3.0380394600517984,0.01098,0.010542558202982943
1.01,0.1,-2.04374996703356,0.01597,0.0156646143225464
1.01,0.1,-1.5377823349640738,0.02096,0.0208057936503116
1.01,0.1,-1.2351730654679483,0.02595,0.02588283261437435
1.01,0.1,-1.0426602940682164,0.03094,0.030634560280870415
1.01,0.1,-0.9020282825432816,0.03593,0.03537407379717933
1.01,0.1,-0.7961130627711804,0.04092,0.04003364546779464
1.01,0.1,-0.7025438119034411,0.04591,0.045298018321988265
1.01,0.1,-0.6287045264187446,0.0509,0.050533742987218466
1.01,0.1,-0.5695227223938625,0.05589,0.05568333005764131
1.01,0.1,-0.5170527213141414,0.06088,0.0612019230258784
1.01,0.1,-0.4782179112203196,0.06587,0.06603567585848358
1.01,0.1,-0.44461996385164637,0.07086,0.07086788566788993
1.01,0.1,-0.4146935222491319,0.07585,0.07579701137149608
1.01,0.1,-0.3880538620724994,0.08084,0.08078648186139437
1.01,0.1,-0.3642221672376494,0.08583,0.08582718017786412
1.01,0.1,-0.3420292429410749,0.09082,0.09110535687590937
1.01,0.1,-0.32366877341610995,0.09581,0.0959733626499839
1.01,0.1,-0.30671621066889365,0.1008,0.10093763206169604
1.01,0.1,-0.2909592591502731,0.10579,0.10601760088639395
1.01,0.1,-0.27684310772919846,0.11078,0.11100480915073063
1.01,0.1,-0.2637698511536002,0.11577,0.11604164733179811
1.01,0.1,-0.2520691334773878,0.12076,0.12093417082113539
1.01,0.1,-0.24083691589031028,0.12575,0.1260140213201142
1.01,0.1,-0.23018988319885483,0.13074,0.13121615323728314
1.01,0.1,-0.2203495598812579,0.13573,0.1363967317531068
1.01,0.1,-0.2115828111120529,0.14072,0.1413455759979098
1.01,0.1,-0.2033387051540096,0.14571,0.14631450078074415
1.01,0.1,-0.1950994734218935,0.1507,0.151614633223478
1.01,0.1,-0.18796609168799,0.15569,0.15649750881483104
1.01,0.1,-0.18112258604726164,0.16068,0.1614605303939991
1.01,0.1,-0.17478105668340563,0.16567,0.16632234464200274
1.01,0.1,-0.1682317038989694,0.17066,0.1716295577092513
1.01,0.1,-0.16234813190393338,0.17565,0.17666362943766833
1.01,0.1,-0.15678215738773282,0.18064,0.18167472599227213
1.01,0.1,-0.1514187188191863,0.18563,0.18674774856844406
1.01,0.1,-0.14629762010519884,0.19062,0.1918297427041356
1.01,0.1,-0.14115503336413113,0.19561,0.1971819466921635
1.01,0.1,-0.13630837729055661,0.2006,0.20246831681349897
1.01,0.1,-0.1319605940289911,0.20559,0.20742197066937035
1.01,0.1,-0.12775710951648978,0.21058,0.2124114393636714
1.01,0.1,-0.12353798362512004,0.21557,0.21762738014002347
1.01,0.1,-0.11970592598939199,0.22056,0.22255393301142856
1.01,0.1,-0.11625575157654268,0.22555,0.2271503627911981
1.01,0.1,-0.112430215560704,0.23054,0.23243253374827666
1.01,0.1,-0.10898383604508771,0.23553,0.23736503869480768
1.01,0.1,-0.10554104695133168,0.24052,0.24246337901588622
1.01,0.1,-0.10202053372200078,0.24551,0.24786009097539413
1.01,0.1,-0.09874133341620064,0.2505,0.25305950435563224
1.01,0.1,-0.09591065717749966,0.25549,0.2576859691440877
1.01,0.1,-0.09294005481788499,0.26048,0.2626829084661243
1.01,0.1,-0.09024616120106918,0.26547,0.26734325501709916
1.01,0.1,-0.08733549484646567,0.27046,0.27251990766835665
1.01,0.1,-0.08442407671369125,0.27545,0.2778482744351841
1.01,0.1,-0.08165771751016357,0.28044,0.2830537206881555
1.01,0.1,-0.078880129207198,0.28543,0.2884230329114248
1.01,0.1,-0.07641573929219145,0.29042,0.2933088819782832
1.01,0.1,-0.07400142356531428,0.29541,0.2982084884270637
1.01,0.1,-0.0717718181367093,0.3004,0.3028339728803669
1.01,0.1,-0.06944819522358113,0.30539,0.30775866956521636
1.01,0.1,-0.06705284449486021,0.31038,0.3129478429610011
1.01,0.1,-0.06473378453616807,0.31537,0.31808148675455916
1.01,0.1,-0.06252809519493721,0.32036,0.32306504921149937
1.01,0.1,-0.0604660951573446,0.32535,0.3278133525238964
1.01,0.1,-0.05825152978140002,0.33034,0.3330094796656068
1.01,0.1,-0.056189678327040804,0.33533,0.3379372327049154
1.01,0.1,-0.054171169008053625,0.34032,0.34284534820787926
1.01,0.1,-0.052232396099182704,0.34531,0.3476375667289626
1.01,0.1,-0.050224341271851894,0.3503,0.35268121342278336
1.01,0.1,-0.04828800754331118,0.35529,0.35762146149542007
1.01,0.1,-0.046393983379645266,0.36028,0.3625260098645888
1.01,0.1,-0.0445463181008883,0.36527,0.36737860581462217
1.01,0.1,-0.04270253859215513,0.37026,0.37228715565242165
1.01,0.1,-0.04086602097715784,0.37525,0.37724105960407533
1.01,0.1,-0.03903120057027303,0.38024,0.38225369609156823
1.01,0.1,-0.037316357064062375,0.38523,0.3869946134157783
1.01,0.1,-0.03563056382423772,0.39022,0.3917068222213049
1.01,0.1,-0.03382809597834606,0.39521,0.39680033695550854
1.01,0.1,-0.0320748922116845,0.4002,0.40180777827250014
1.01,0.1,-0.030307992557256774,0.40519,0.4069056353769378
1.01,0.1,-0.02845818912219313,0.41018,0.4122958421556458
1.01,0.1,-0.02677496168750257,0.41517,0.4172459993183048
1.01,0.1,-0.02510949241273707,0.42016,0.4221845800257961
1.01,0.1,-0.02345468896979471,0.42515,0.4271296908989172
1.01,0.1,-0.0217914100131558,0.43014,0.43213646412821777
1.01,0.1,-0.020204171328480826,0.43513,0.4369463841449971
1.01,0.1,-0.018595334927358462,0.44012,0.4418516992943078
1.01,0.1,-0.016948204028614522,0.44511,0.4469028546166452
1.01,0.1,-0.015371567526702611,0.4501,0.4517632783950047
1.01,0.1,-0.013907402362431,0.45509,0.4562974161861105
1.01,0.1,-0.012227035947927251,0.46008,0.4615230463547743
1.01,0.1,-0.01073328482744825,0.46507,0.46618598863670985
1.01,0.1,-0.009114592947808505,0.47006,0.47125538510441906
1.01,0.1,-0.0076449800598016125,0.47505,0.47587066416239393
1.01,0.1,-0.006025187850358051,0.48004,0.4809693027776168
1.01,0.1,-0.004273201691394633,0.48503,0.4864949968434666
1.01,0.1,-0.0026702947897383473,0.49002,0.49155772772057266
1.01,0.1,-0.0012528569900595596,0.49501,0.49603830470637805
1.01,0.1,0.0003685440980185894,0.5,0.5011654389127138
1.01,0.1,0.001941977878915862,0.50499,0.5061403397032995
1.01,0.1,0.003531255993041178,0.50998,0.5111622854804231
1.01,0.1,0.005063415201588184,0.51497,0.5159985131441187
1.01,0.1,0.00663087564470657,0.51996,0.5209385132270914
1.01,0.1,0.008392670533799891,0.52495,0.5264788302929084
1.01,0.1,0.009875116928859656,0.52994,0.5311283927271763
1.01,0.1,0.011437155219801444,0.53493,0.5360131750194096
1.01,0.1,0.013032051372432836,0.53992,0.540983180339903
1.01,0.1,0.0146789744612045,0.54491,0.5460942848211764
1.01,0.1,0.016236445994839668,0.5499,0.5509059065586885
1.01,0.1,0.0178645175724227,0.55489,0.5559106462938416
1.01,0.1,0.019504322514328234,0.55988,0.5609233747305199
1.01,0.1,0.021031156696211428,0.56487,0.5655634725963644
1.01,0.1,0.022582196639553142,0.56986,0.570248359970401
1.01,0.1,0.02422060559351853,0.57485,0.5751637307846267
1.01,0.1,0.0259163263808724,0.57984,0.5802128383840077
1.01,0.1,0.027589222322457974,0.58483,0.5851539105650985
1.01,0.1,0.02939435455228025,0.58982,0.590438743517973
1.01,0.1,0.03099574977307301,0.59481,0.5950846872401325
1.01,0.1,0.03275958783553594,0.5998,0.6001539566219283
1.01,0.1,0.034586765977319765,0.60479,0.6053504040525283
1.01,0.1,0.036272866889102376,0.60978,0.6100945289781031
1.01,0.1,0.037977433631226236,0.61477,0.6148393604219059
1.01,0.1,0.039737964132625224,0.61976,0.6196845591460458
1.01,0.1,0.04154077249470948,0.62475,0.6245864772606393
1.01,0.1,0.04336168184931154,0.62974,0.6294751590406922
1.01,0.1,0.045198517260339216,0.63473,0.6343419174674167
1.01,0.1,0.04719291266390879,0.63972,0.6395514714035829
1.01,0.1,0.04929324620915478,0.64471,0.6449526117517401
1.01,0.1,0.051252448205435626,0.6497,0.6499112528358777
1.01,0.1,0.05320856095049931,0.65469,0.6547848297399601
1.01,0.1,0.05515578017695158,0.65968,0.6595591527130333
1.01,0.1,0.057280005831501814,0.66467,0.6646794172224215
1.01,0.1,0.05939961381840233,0.66966,0.6696968052550614
1.01,0.1,0.061510343017489366,0.67465,0.6746021221846508
1.01,0.1,0.0637165338969636,0.67964,0.679632379408476
1.01,0.1,0.0660750629845638,0.68463,0.684900880943884
1.01,0.1,0.06826477085811591,0.68962,0.6896919532076637
1.01,0.1,0.07060549628215555,0.69461,0.6947074805110229
1.01,0.1,0.07298705915130478,0.6996,0.6996992023443469
1.01,0.1,0.07542576372488372,0.70459,0.7046956890429278
1.01,0.1,0.07796525604177582,0.70958,0.7097766520553577
1.01,0.1,0.08028184087478801,0.71457,0.7143046467092902
1.01,0.1,0.08308970131446923,0.71956,0.7196583688970649
1.01,0.1,0.08564634341978855,0.72455,0.7244072173190199
1.01,0.1,0.08829940411716103,0.72954,0.7292108859539466
1.01,0.1,0.09134237476851764,0.73453,0.7345681521407159
1.01,0.1,0.09440512678787658,0.73952,0.7397999260336552
1.01,0.1,0.09749501771867,0.74451,0.7449195267423162
1.01,0.1,0.10061162786855428,0.7495,0.7499267222351671
1.01,0.1,0.10373094845226785,0.75449,0.7547854274353608
1.01,0.1,0.10693437279691365,0.75948,0.7596209487555132
1.01,0.1,0.1101451775672284,0.76447,0.7643159069552183
1.01,0.1,0.11367252252374618,0.76946,0.7693046873676381
1.01,0.1,0.11724270469863982,0.77445,0.7741804172080533
1.01,0.1,0.12080000288130482,0.77944,0.7788714792681584
1.01,0.1,0.12504403849842624,0.78443,0.7842590394262676
1.01,0.1,0.1292254162979837,0.78942,0.7893544036174617
1.01,0.1,0.13402043922197002,0.79441,0.7949505369055563
1.01,0.1,0.13793958154030975,0.7994,0.7993379765020909
1.01,0.1,0.1424243774767721,0.80439,0.8041631438819976
1.01,0.1,0.14724820969707364,0.80938,0.8091318383005953
1.01,0.1,0.15213187274942383,0.81437,0.8139411674925905
1.01,0.1,0.15777410011931062,0.81936,0.8192367689851578
1.01,0.1,0.16320574544489952,0.82435,0.8240865649771292
1.01,0.1,0.1687855997294936,0.82934,0.8288310800883771
1.01,0.1,0.17451669196511851,0.83433,0.8334692016707002
1.01,0.1,0.18049937502995653,0.83932,0.8380731964895827
1.01,0.1,0.1879624636527,0.84431,0.8434999342745813
1.01,0.1,0.1954848657468225,0.8493,0.848641175149305
1.01,0.1,0.20385224367231763,0.85429,0.8540044795449733
1.01,0.1,0.21216231333578606,0.85928,0.8589918802176474
1.01,0.1,0.221328322537045,0.86427,0.8641356804222158
1.01,0.1,0.2305197074745437,0.86926,0.8689510697019155
1.01,0.1,0.2407259226584007,0.87425,0.8739337632991181
1.01,0.1,0.2514143470350123,0.87924,0.8787804146451341
1.01,0.1,0.263281164631823,0.88423,0.8837615923993216
1.01,0.1,0.27692206030104294,0.88922,0.8890243359045827
1.01,0.1,0.28999312177017195,0.89421,0.8936548567653175
1.01,0.1,0.30579663283497244,0.8992,0.8987788585785355
1.01,0.1,0.323567503310121,0.90419,0.9039983880311533
1.01,0.1,0.34286876112178183,0.90918,0.9091057722134286
1.01,0.1,0.36501721785313734,0.91417,0.9143508591395817
1.01,0.1,0.387992578041372,0.91916,0.9192012988533064
1.01,0.1,0.4141892228840288,0.92415,0.9241141566734055
1.01,0.1,0.44362083233391253,0.92914,0.928977743549295
1.01,0.1,0.47659212242188936,0.93413,0.933745497718274
1.01,0.1,0.516518970984641,0.93912,0.9387363828409565
1.01,0.1,0.5629508010269276,0.94411,0.943680026367438
1.01,0.1,0.6180451348721744,0.9491,0.948609646085732
1.01,0.1,0.6859196351759315,0.95409,0.9536194180579224
1.01,0.1,0.7703239853915056,0.95908,0.9586408938841483
1.01,0.1,0.8778413409224619,0.96407,0.9636596085814981
1.01,0.1,1.0145009249654617,0.96906,0.9685205797136645
1.01,0.1,1.2238076349536526,0.97405,0.9738778678652296
1.01,0.1,1.5310935188066983,0.97904,0.9791035734154294
1.01,0.1,1.9858496298422212,0.98403,0.9838794305635088
1.01,0.1,2.892823973068026,0.98902,0.9889286374939292
1.01,0.1,5.149934240257359,0.99401,0.9937792710061111
1.01,0.1,31.44546713112917,0.999,0.9989810831929014
1.01,1.0,-271.07874821517026,0.001,0.0008991814154217792
1.01,1.0,-39.02857783666735,0.00599,0.006244612619234313
1.01,1.0,-21.782812384652022,0.01098,0.011185391477234408
1.01,1.0,-14.895468865456362,0.01597,0.016349618019131373
1.01,1.0,-11.409067346565864,0.02096,0.021332557276029174
1.01,1.0,-9.286846127758844,0.02595,0.026187516685844292
1.01,1.0,-7.829255777810875,0.03094,0.031034467821592304
1.01,1.0,-6.674832467952353,0.03593,0.036358757208810766
1.01,1.0,-5.852914466570597,0.04092,0.041410639107082314
1.01,1.0,-5.24604403753494,0.04591,0.04613766543027048
1.01,1.0,-4.717568809531408,0.0509,0.051221733293463356
1.01,1.0,-4.301452522373228,0.05589,0.056079309560933044
1.01,1.0,-3.932948286397796,0.06088,0.06121048569076132
1.01,1.0,-3.623107492845425,0.06587,0.06630065279463815
1.01,1.0,-3.370698102428541,0.07086,0.07110735734351925
1.01,1.0,-3.133133382887665,0.07585,0.07630157400265525
1.01,1.0,-2.9197416272509598,0.08084,0.08164444474675192
1.01,1.0,-2.7443971259562616,0.08583,0.08661421827044818
1.01,1.0,-2.586359509584717,0.09082,0.09162677352330423
1.01,1.0,-2.431451915176394,0.09581,0.09711839820708729
1.01,1.0,-2.3077432434296012,0.1008,0.10198347455144602
1.01,1.0,-2.1808026763628003,0.10579,0.10748942681116952
1.01,1.0,-2.0707953095053955,0.11078,0.11274418617338733
1.01,1.0,-1.9783575303830696,0.11577,0.11755502631588466
1.01,1.0,-1.8968924563073992,0.12076,0.12213100013307204
1.01,1.0,-1.8088231448702152,0.12575,0.12747379073077364
1.01,1.0,-1.7309345285666942,0.13074,0.13258057720033867
1.01,1.0,-1.6628606761549785,0.13573,0.1373693758019694
1.01,1.0,-1.6002348332158873,0.14072,0.14206978487060545
1.01,1.0,-1.5374455245831553,0.14571,0.14709285041054515
1.01,1.0,-1.4806360612692246,0.1507,0.1519294697475937
1.01,1.0,-1.424313099879854,0.15569,0.1570226417897121
1.01,1.0,-1.3734189945839534,0.16068,0.1619013459350508
1.01,1.0,-1.3263918865949702,0.16567,0.16666114201568516
1.01,1.0,-1.2788199443107204,0.17066,0.17174070857115142
1.01,1.0,-1.2349773490680174,0.17565,0.17667478748832854
1.01,1.0,-1.1938497936037988,0.18064,0.18153901345520645
1.01,1.0,-1.1528640767490854,0.18563,0.18662853713778393
1.01,1.0,-1.1161736806377738,0.19062,0.1914025371465657
1.01,1.0,-1.0819384250046875,0.19561,0.19605366940158125
1.01,1.0,-1.0466982699883947,0.2006,0.20105064183673754
1.01,1.0,-1.012714303651573,0.20559,0.20608155797384303
1.01,1.0,-0.9822254157213165,0.21058,0.21078150761156506
1.01,1.0,-0.9510262374755009,0.21557,0.21578255599238988
1.01,1.0,-0.9210412709674436,0.22056,0.22078022698084132
1.01,1.0,-0.8905986132371517,0.22555,0.22605488945390245
1.01,1.0,-0.8632429173437798,0.23054,0.2309747809788658
1.01,1.0,-0.8351188567562283,0.23553,0.2362181062021116
1.01,1.0,-0.8076757932458153,0.24052,0.24152275707184212
1.01,1.0,-0.7841526967176,0.24551,0.24622323731314583
1.01,1.0,-0.7601184377010524,0.2505,0.25117728704334974
1.01,1.0,-0.7355891235979592,0.25549,0.25639626377724273
1.01,1.0,-0.7113706626540757,0.26048,0.26171559459699434
1.01,1.0,-0.6893757303131969,0.26547,0.26669409887702505
1.01,1.0,-0.6667587992945022,0.27046,0.27196385051375116
1.01,1.0,-0.6452599513708484,0.27545,0.2771180441001275
1.01,1.0,-0.6245436727137426,0.28044,0.2822213709318395
1.01,1.0,-0.6045578447027893,0.28543,0.2872745964780813
1.01,1.0,-0.5861843691586807,0.29042,0.2920347138562535
1.01,1.0,-0.5677667783844722,0.29541,0.29691819081222925
1.01,1.0,-0.5492606398041592,0.3004,0.3019396471333743
1.01,1.0,-0.5314783855300264,0.30539,0.3068741947142624
1.01,1.0,-0.5141664314877297,0.31038,0.31178247089101796
1.01,1.0,-0.49673226205800214,0.31537,0.3168302774956875
1.01,1.0,-0.4812638941339866,0.32036,0.3213976607744914
1.01,1.0,-0.4645567118297396,0.32535,0.3264250712164427
1.01,1.0,-0.44828000190747996,0.33034,0.3314173970753372
1.01,1.0,-0.4331165077616723,0.33533,0.3361522998548767
1.01,1.0,-0.4176715172775537,0.34032,0.3410584020404807
1.01,1.0,-0.4027843186359481,0.34531,0.3458667274987859
1.01,1.0,-0.3869436419097318,0.3503,0.35106825596515057
1.01,1.0,-0.37103655646883177,0.35529,0.35637947459298214
1.01,1.0,-0.35508547653708794,0.36028,0.36179302700084337
1.01,1.0,-0.34014527449825466,0.36527,0.36694219909618053
1.01,1.0,-0.32659500213086895,0.37026,0.3716772801988211
1.01,1.0,-0.31260924819129826,0.37525,0.3766283423344512
1.01,1.0,-0.2989452340988669,0.38024,0.381527014374865
1.01,1.0,-0.28562311917192684,0.38523,0.38636047876290347
1.01,1.0,-0.27142656202862453,0.39022,0.3915721171457524
1.01,1.0,-0.2586902337803272,0.39521,0.39629982720026546
1.01,1.0,-0.24618023923650847,0.4002,0.4009901806902499
1.01,1.0,-0.23295959847892803,0.40519,0.40599569990700923
1.01,1.0,-0.21937421253815323,0.41018,0.41118966917376926
1.01,1.0,-0.2074463158473581,0.41517,0.41579042651393777
1.01,1.0,-0.19502033499912189,0.42016,0.42062189582662607
1.01,1.0,-0.1827494854362124,0.42515,0.4254299935531567
1.01,1.0,-0.17026578191557226,0.43014,0.4303573105245022
1.01,1.0,-0.15752534112251423,0.43513,0.43542115853729996
1.01,1.0,-0.14534930228770926,0.44012,0.44029188441200784
1.01,1.0,-0.13338963403283885,0.44511,0.445103771006701
1.01,1.0,-0.12134313397984675,0.4501,0.4499763409715153
1.01,1.0,-0.10829153618086006,0.45509,0.45528219267164427
1.01,1.0,-0.09551164575090541,0.46008,0.4605019576526239
1.01,1.0,-0.08323847579396927,0.46507,0.4655349734238098
1.01,1.0,-0.07005148822174867,0.47006,0.4709620081033009
1.01,1.0,-0.05761429781276478,0.47505,0.4760960811006607
1.01,1.0,-0.04598956159004571,0.48004,0.4809061176970635
1.01,1.0,-0.03410387231410657,0.48503,0.48583315595359683
1.01,1.0,-0.021107488438775607,0.49002,0.49122831730550504
1.01,1.0,-0.008894685076664563,0.49501,0.4963028476124663
1.01,1.0,0.0032116377460869403,0.5,0.5013349970709762
1.01,1.0,0.01423096871802475,0.50499,0.505914809751146
1.01,1.0,0.0265551057320968,0.50998,0.5110339329940667
1.01,1.0,0.04078711502714026,0.51497,0.5169382719204734
1.01,1.0,0.05215255812602415,0.51996,0.5216452096820684
1.01,1.0,0.0632185122281051,0.52495,0.5262190424519384
1.01,1.0,0.07575785620494964,0.52994,0.5313886822175402
1.01,1.0,0.08750950514444303,0.53493,0.536218595708577
1.01,1.0,0.09926538672691011,0.53992,0.5410335485001695
1.01,1.0,0.11232907736644722,0.54491,0.5463619989831455
1.01,1.0,0.1250383885979617,0.5499,0.5515209398519655
1.01,1.0,0.1367679252885086,0.55489,0.5562581288750804
1.01,1.0,0.14889740268252602,0.55988,0.5611304750870784
1.01,1.0,0.16094054180235584,0.56487,0.5659396218413026
1.01,1.0,0.17357330281969574,0.56986,0.5709515763735312
1.01,1.0,0.18631499964325204,0.57485,0.5759707647978
1.01,1.0,0.19923986059301083,0.57984,0.5810230510922797
1.01,1.0,0.2122314338850776,0.58483,0.5860597068770551
1.01,1.0,0.22618713813785832,0.58982,0.5914213085327193
1.01,1.0,0.23851614325688456,0.59481,0.5961140796603658
1.01,1.0,0.2515461394779814,0.5998,0.6010272248679935
1.01,1.0,0.26504705157961134,0.60479,0.6060658921650588
1.01,1.0,0.2772145371363219,0.60978,0.6105601702021102
1.01,1.0,0.29177383509014326,0.61477,0.6158780540718966
1.01,1.0,0.30615650290018637,0.61976,0.6210657942731984
1.01,1.0,0.31984544652313307,0.62475,0.6259413524861508
1.01,1.0,0.33331296886480777,0.62974,0.6306779479766033
1.01,1.0,0.3486851430732367,0.63473,0.6360103464036957
1.01,1.0,0.3639325793472851,0.63972,0.6412203287286696
1.01,1.0,0.37990795085000273,0.64471,0.6465934168015567
1.01,1.0,0.3952636140930403,0.6497,0.6516746637497566
1.01,1.0,0.4105133669172855,0.65469,0.6566393439157953
1.01,1.0,0.42652098770096597,0.65968,0.6617629109745085
1.01,1.0,0.44222570540066836,0.66467,0.6667018301087909
1.01,1.0,0.4587496240609549,0.66966,0.6718045110100622
1.01,1.0,0.4759741119521361,0.67465,0.6770211815833127
1.01,1.0,0.4936473204124664,0.67964,0.6822655023161102
1.01,1.0,0.51111839555702,0.68463,0.6873426312470331
1.01,1.0,0.5286536312458452,0.68962,0.6923319805793121
1.01,1.0,0.5465691534828336,0.69461,0.6973203942619235
1.01,1.0,0.5632137111748365,0.6996,0.7018570848674741
1.01,1.0,0.5822522291763084,0.70459,0.7069321335237755
1.01,1.0,0.6020740827417226,0.70958,0.7120883791967504
1.01,1.0,0.6222071166243964,0.71457,0.7171944838133838
1.01,1.0,0.641343602178001,0.71956,0.7219275646863378
1.01,1.0,0.6622061183162915,0.72455,0.7269565844169907
1.01,1.0,0.6836912138109063,0.72954,0.731995911782091
1.01,1.0,0.7053051106436448,0.73453,0.7369256761661667
1.01,1.0,0.7288870850173633,0.73952,0.7421484747295957
1.01,1.0,0.7511976610691258,0.74451,0.7469439949527374
1.01,1.0,0.7759680260868149,0.7495,0.752107130072373
1.01,1.0,0.8002615845449904,0.75449,0.7570112461818794
1.01,1.0,0.8248733969936272,0.75948,0.7618236282030177
1.01,1.0,0.8520821940997874,0.76447,0.7669673547674951
1.01,1.0,0.8777460712883335,0.76946,0.771655275576649
1.01,1.0,0.9077764872700819,0.77445,0.7769468371161595
1.01,1.0,0.9372470625800264,0.77944,0.7819446381775443
1.01,1.0,0.9661763301343286,0.78443,0.786670694282513
1.01,1.0,0.9966428872948359,0.78942,0.7914635261252271
1.01,1.0,1.0269176346842128,0.79441,0.7960471176736984
1.01,1.0,1.060413324473405,0.7994,0.8009200878720505
1.01,1.0,1.0956858250917068,0.80439,0.8058375023466408
1.01,1.0,1.1337889763209494,0.80938,0.8109159751580537
1.01,1.0,1.1743789491282033,0.81437,0.8160742103227436
1.01,1.0,1.215147556753267,0.81936,0.8210093264382563
1.01,1.0,1.2552662858640526,0.82435,0.8256397750774777
1.01,1.0,1.2988262505685082,0.82934,0.830429153791683
1.01,1.0,1.3451889477073609,0.83433,0.8352715520291839
1.01,1.0,1.395273150234627,0.83932,0.8402271122550283
1.01,1.0,1.4494695887376376,0.84431,0.8452904593595293
1.01,1.0,1.5081056837200686,0.8493,0.850445401282819
1.01,1.0,1.5704106298016232,0.85429,0.8555847720678302
1.01,1.0,1.6342564947014748,0.85928,0.8605203641972818
1.01,1.0,1.7055997043768896,0.86427,0.8656743358374441
1.01,1.0,1.777448844201355,0.86926,0.8705145275296766
1.01,1.0,1.8513473258384425,0.87425,0.8751601654907244
1.01,1.0,1.934472933447442,0.87924,0.8800213374558913
1.01,1.0,2.021309297425076,0.88423,0.884728222263095
1.01,1.0,2.1222937093211574,0.88922,0.8897757657107255
1.01,1.0,2.2321580607922598,0.89421,0.8948055820273552
1.01,1.0,2.3427359347540704,0.8992,0.8994397939608838
1.01,1.0,2.477375606242364,0.90419,0.9045750598603206
1.01,1.0,2.620250190039261,0.90918,0.9094951155460094
1.01,1.0,2.788043724085375,0.91417,0.9146772268119134
1.01,1.0,2.968221565743486,0.91916,0.9196326673650906
1.01,1.0,3.177266697995813,0.92415,0.9247189407688174
1.01,1.0,3.400763409081877,0.92914,0.9295008418816102
1.01,1.0,3.6667898010362467,0.93413,0.934466926448742
1.01,1.0,3.985654999317864,0.93912,0.9395795400999144
1.01,1.0,4.340509368874334,0.94411,0.9444150633950075
1.01,1.0,4.802374839772084,0.9491,0.9496676673789857
1.01,1.0,5.33106279179539,0.95409,0.9545881068606112
1.01,1.0,5.979753157015507,0.95908,0.9594581674106195
1.01,1.0,6.8394225686647525,0.96407,0.9645088913872254
1.01,1.0,8.01331223288964,0.96906,0.9696740020737544
1.01,1.0,9.5502545465014,0.97405,0.9745316469962025
1.01,1.0,11.904283781916586,0.97904,0.9795523819095211
1.01,1.0,15.631583944696155,0.98403,0.9844190508398645
1.01,1.0,22.50025585072014,0.98902,0.9891709864139349
1.01,1.0,41.67022866510884,0.99401,0.9941511674917122
1.01,1.0,245.67841321648956,0.999,0.9990078540954264
1.01,10.0,-319.1104175601171,0.001,0.0009974880970646804
1.01,10.0,-53.21018729589191,0.00599,0.005981418867814614
1.01,10.0,-28.462231160351415,0.01098,0.01117899030688263
1.01,10.0,-19.550707616353804,0.01597,0.016267070032610242
1.01,10.0,-14.674030061273355,0.02096,0.021658569485980717
1.01,10.0,-11.827959996487445,0.02595,0.026847799824895047
1.01,10.0,-10.051334889299678,0.03094,0.031564549318485347
1.01,10.0,-8.627221721620554,0.03593,0.036732068961708
1.01,10.0,-7.58015745192615,0.04092,0.04175141941975341
1.01,10.0,-6.744315244726786,0.04591,0.04685538850172516
1.01,10.0,-6.087973781062106,0.0509,0.05182226728534245
1.01,10.0,-5.5625287681849045,0.05589,0.05661916784935733
1.01,10.0,-5.09558032273316,0.06088,0.061683923219353176
1.01,10.0,-4.701981255741786,0.06587,0.06670313343980916
1.01,10.0,-4.356185387684243,0.07086,0.07182635946910626
1.01,10.0,-4.082708222041275,0.07585,0.0764600660972713
1.01,10.0,-3.8172860799371033,0.08084,0.08155382346859574
1.01,10.0,-3.5830502107824502,0.08583,0.08663323912062681
1.01,10.0,-3.3825523755406794,0.09082,0.09149727728338186
1.01,10.0,-3.1972762310934324,0.09581,0.09648844299279763
1.01,10.0,-3.0191231361927136,0.1008,0.1018111466316513
1.01,10.0,-2.8615802257545013,0.10579,0.10701299253819618
1.01,10.0,-2.726659688652795,0.11078,0.11189148245885888
1.01,10.0,-2.598423301771451,0.11577,0.1169397701572974
1.01,10.0,-2.469756108002906,0.12076,0.12246077967750613
1.01,10.0,-2.3663070534964747,0.12575,0.12727161851269064
1.01,10.0,-2.257987472860576,0.13074,0.13270679808174957
1.01,10.0,-2.163123291924837,0.13573,0.13783800549129466
1.01,10.0,-2.081983001009731,0.14072,0.14253056158124955
1.01,10.0,-1.9960475131263256,0.14571,0.14783563874170214
1.01,10.0,-1.9204777433153128,0.1507,0.15281201562703683
1.01,10.0,-1.850289378247502,0.15569,0.15771817082836065
1.01,10.0,-1.7860060051822249,0.16068,0.1624713138470058
1.01,10.0,-1.7218735901876436,0.16567,0.16748012647271887
1.01,10.0,-1.6667196935093869,0.17066,0.17201640129100815
1.01,10.0,-1.6044491301898676,0.17565,0.17741066850369935
1.01,10.0,-1.55134630216079,0.18064,0.18225491549945722
1.01,10.0,-1.502558352323084,0.18563,0.18691676801147566
1.01,10.0,-1.453785597112668,0.19062,0.1917916730486523
1.01,10.0,-1.4052385493093955,0.19561,0.19686959716961894
1.01,10.0,-1.3604770450231702,0.2006,0.20176242382073367
1.01,10.0,-1.317845169875215,0.20559,0.20662085152113818
1.01,10.0,-1.2744141402886502,0.21058,0.21177980509000138
1.01,10.0,-1.2361204526311989,0.21557,0.21651254382130453
1.01,10.0,-1.1949087897228756,0.22056,0.22180790048600468
1.01,10.0,-1.1598105739468263,0.22555,0.22649018129733361
1.01,10.0,-1.1231409159187808,0.23054,0.23155887426238775
1.01,10.0,-1.0886906213976897,0.23553,0.23649194216469172
1.01,10.0,-1.056457802094171,0.24052,0.24126334386793402
1.01,10.0,-1.0254303775825202,0.24551,0.24600365608452585
1.01,10.0,-0.9932309893986359,0.2505,0.2510809753871633
1.01,10.0,-0.9613781679244857,0.25549,0.2562670838086272
1.01,10.0,-0.9301994671144553,0.26048,0.26150581667367345
1.01,10.0,-0.9023450591037073,0.26547,0.26632578202754587
1.01,10.0,-0.8750687138952475,0.27046,0.2711769166661482
1.01,10.0,-0.847712223521693,0.27545,0.27617582195562707
1.01,10.0,-0.8217342455142175,0.28044,0.2810493510879452
1.01,10.0,-0.794612426996059,0.28543,0.2862717200980192
1.01,10.0,-0.769426218878313,0.29042,0.29124651717291006
1.01,10.0,-0.7448570626992886,0.29541,0.2962175343473748
1.01,10.0,-0.7207058834475494,0.3004,0.3012193641222731
1.01,10.0,-0.6980120470575215,0.30539,0.30602497200141965
1.01,10.0,-0.6749902275680494,0.31038,0.31100574767300804
1.01,10.0,-0.6522763409902324,0.31537,0.31602522623157747
1.01,10.0,-0.6294636505999807,0.32036,0.3211726478940371
1.01,10.0,-0.6096054612963305,0.32535,0.32574048215354
1.01,10.0,-0.588422061715868,0.33034,0.3307028086015106
1.01,10.0,-0.5681558681946485,0.33533,0.33553707308681224
1.01,10.0,-0.5484088756243799,0.34032,0.3403291405506774
1.01,10.0,-0.5298543940193448,0.34531,0.3449051315576088
1.01,10.0,-0.509599886002046,0.3503,0.3499811897381291
1.01,10.0,-0.4892376828994834,0.35529,0.35516876397022723
1.01,10.0,-0.4708286071903048,0.36028,0.3599311221616503
1.01,10.0,-0.45171831242859145,0.36527,0.364946858172573
1.01,10.0,-0.4336050867138443,0.37026,0.36976777576048775
1.01,10.0,-0.4168550276039252,0.37525,0.3742829989092653
1.01,10.0,-0.39919049891801595,0.38024,0.3791032512303434
1.01,10.0,-0.38036881381779986,0.38523,0.38430414484357145
1.01,10.0,-0.3630461985091948,0.39022,0.38914868871771835
1.01,10.0,-0.3441812868410232,0.39521,0.3944860862165247
1.01,10.0,-0.3253452125424673,0.4002,0.39987750290756424
1.01,10.0,-0.308626899818599,0.40519,0.40471314913993117
1.01,10.0,-0.29217716739682165,0.41018,0.4095157920365672
1.01,10.0,-0.2758222358292479,0.41517,0.4143331084766808
1.01,10.0,-0.25941852912163094,0.42016,0.4192055247452671
1.01,10.0,-0.2425115795768165,0.42515,0.42426821612100424
1.01,10.0,-0.22384565478448856,0.43014,0.4299032453559389
1.01,10.0,-0.20815636792088124,0.43513,0.4346746054060191
1.01,10.0,-0.190930925264842,0.44012,0.4399475666891461
1.01,10.0,-0.1740288656821362,0.44511,0.4451541769373972
1.01,10.0,-0.1580082354067643,0.4501,0.4501168258795918
1.01,10.0,-0.14308601259903767,0.45509,0.4547613723657631
1.01,10.0,-0.12770945822890953,0.46008,0.45956768187992053
1.01,10.0,-0.11262605244192904,0.46507,0.4643004518873689
1.01,10.0,-0.09556626201988432,0.47006,0.4696724164931385
1.01,10.0,-0.08011737480223591,0.47505,0.4745522026283489
1.01,10.0,-0.06363440459803427,0.48004,0.4797718140098548
1.01,10.0,-0.04812297211122074,0.48503,0.4846937903627335
1.01,10.0,-0.031105705706667888,0.49002,0.4901019378394523
1.01,10.0,-0.016581438950677166,0.49501,0.49472244767890083
1.01,10.0,-0.0006330554579405751,0.5,0.4997984922154735
1.01,10.0,0.013837545781847347,0.50499,0.5044043465407565
1.01,10.0,0.029954343845316152,0.50998,0.5095319136171852
1.01,10.0,0.046133226318882725,0.51497,0.5146742576868604
1.01,10.0,0.062638451436573,0.51996,0.5199124229745314
1.01,10.0,0.07817269705639308,0.52495,0.5248326407090849
1.01,10.0,0.09370823350535495,0.52994,0.5297414047617202
1.01,10.0,0.1094387535981846,0.53493,0.5346973554107795
1.01,10.0,0.1269475181277926,0.53992,0.5401936544091228
1.01,10.0,0.14399672312312917,0.54491,0.5455226634707225
1.01,10.0,0.1616250202783184,0.5499,0.5510057590630849
1.01,10.0,0.17731962152382374,0.55489,0.5558619434383187
1.01,10.0,0.19403855701789105,0.55988,0.5610062821094041
1.01,10.0,0.21026671037131545,0.56487,0.5659689683801672
1.01,10.0,0.22736075654909466,0.56986,0.5711614555312491
1.01,10.0,0.24561316189527288,0.57485,0.5766635458721369
1.01,10.0,0.26210025372446244,0.57984,0.5815937474711385
1.01,10.0,0.2793071178246549,0.58483,0.5866968156081181
1.01,10.0,0.29558440016722154,0.58982,0.5914825412180778
1.01,10.0,0.31279582110272164,0.59481,0.5964970263689268
1.01,10.0,0.32823849586956144,0.5998,0.6009545952377425
1.01,10.0,0.34607295388677417,0.60479,0.6060519616635286
1.01,10.0,0.36415293462747017,0.60978,0.6111624608906537
1.01,10.0,0.38196459264799576,0.61477,0.6161393698951237
1.01,10.0,0.40166310174028996,0.61976,0.6215750436399653
1.01,10.0,0.421534407908658,0.62475,0.6269838730932272
1.01,10.0,0.440381813382892,0.62974,0.632043444332019
1.01,10.0,0.45862049708986036,0.63473,0.6368731130273887
1.01,10.0,0.4777757529767365,0.63972,0.6418741111883823
1.01,10.0,0.4981783033032347,0.64471,0.6471193888796274
1.01,10.0,0.5196375882575434,0.6497,0.6525449127793397
1.01,10.0,0.5412296463750123,0.65469,0.6579086990376309
1.01,10.0,0.5606997939847929,0.65968,0.6626630027072413
1.01,10.0,0.5803355788288959,0.66467,0.6673784360365553
1.01,10.0,0.6002803665069084,0.66966,0.6720864821499226
1.01,10.0,0.6224369248382594,0.67465,0.6772203288287464
1.01,10.0,0.6456353666186383,0.67964,0.682487317705879
1.01,10.0,0.6694496488853174,0.68463,0.6877795361217276
1.01,10.0,0.6915841647214132,0.68962,0.69259511388626
1.01,10.0,0.7158553995470344,0.69461,0.6977621451323921
1.01,10.0,0.7403758915848624,0.6996,0.7028630838857148
1.01,10.0,0.7644322689769638,0.70459,0.7077525735083317
1.01,10.0,0.7880489718732105,0.70958,0.7124435611384583
1.01,10.0,0.8142307010954404,0.71457,0.7175196602889009
1.01,10.0,0.8403343179427615,0.71956,0.7224527120795552
1.01,10.0,0.8665745124472842,0.72455,0.7272853773469992
1.01,10.0,0.8935500493859989,0.72954,0.7321243474157472
1.01,10.0,0.9219436285045123,0.73453,0.7370795031955063
1.01,10.0,0.9502188828343777,0.73952,0.7418766141527087
1.01,10.0,0.9785640001738971,0.74451,0.7465515279505207
1.01,10.0,1.0102837968523597,0.7495,0.7516283306548387
1.01,10.0,1.0431929022169748,0.75449,0.7567280389127677
1.01,10.0,1.076767398752456,0.75948,0.7617609234899991
1.01,10.0,1.1100094141234085,0.76447,0.7665806882765525
1.01,10.0,1.144392469337959,0.76946,0.7714010623373457
1.01,10.0,1.1782913989546882,0.77445,0.7759954616487794
1.01,10.0,1.2168800872739258,0.77944,0.7810418637143671
1.01,10.0,1.2547832908222791,0.78443,0.7858160773247467
1.01,10.0,1.2944445712792498,0.78942,0.790626453238972
1.01,10.0,1.3372743491977837,0.79441,0.7956179899802249
1.01,10.0,1.3823887482996295,0.7994,0.80065870906617
1.01,10.0,1.4291864827748624,0.80439,0.8056642530056248
1.01,10.0,1.474948117193779,0.80938,0.8103506883384299
1.01,10.0,1.5238478760058203,0.81437,0.8151431864880104
1.01,10.0,1.5808889405280098,0.81936,0.820468753557818
1.01,10.0,1.6364527585986117,0.82435,0.8253990159908011
1.01,10.0,1.6958885456197348,0.82934,0.8304099366888807
1.01,10.0,1.7566771224675681,0.83433,0.8352723328980122
1.01,10.0,1.8200823327357691,0.83932,0.8400804201658749
1.01,10.0,1.886331282136611,0.84431,0.8448367482992909
1.01,10.0,1.9610911762369032,0.8493,0.8499002620022975
1.01,10.0,2.0375590028803408,0.85429,0.8547720292172403
1.01,10.0,2.12349822775755,0.85928,0.8599070396288002
1.01,10.0,2.215273517131813,0.86427,0.8650279721184544
1.01,10.0,2.3125869205778344,0.86926,0.8700864642146753
1.01,10.0,2.4187063720994737,0.87425,0.8752091023401558
1.01,10.0,2.5280187521072777,0.87924,0.8800994392575923
1.01,10.0,2.6425224912643666,0.88423,0.884844664291724
1.01,10.0,2.7660703240377833,0.88922,0.889577085945878
1.01,10.0,2.9080753941069872,0.89421,0.8945746752902706
1.01,10.0,3.067331005464,0.8992,0.8996843656822037
1.01,10.0,3.2405725160730174,0.90419,0.904724615905111
1.01,10.0,3.4378393317693106,0.90918,0.909896240010098
1.01,10.0,3.6536520383596054,0.91417,0.9149615889814773
1.01,10.0,3.8803247196741535,0.91916,0.9197151698955436
1.01,10.0,4.139374513462815,0.92415,0.9245476167625382
1.01,10.0,4.460771773655478,0.92914,0.9298029804462515
1.01,10.0,4.822277997451676,0.93413,0.9349142903473273
1.01,10.0,5.22018494437421,0.93912,0.9397531346696174
1.01,10.0,5.664753042491745,0.94411,0.9443817099638496
1.01,10.0,6.257363063071518,0.9491,0.9495568965794201
1.01,10.0,6.994767527649844,0.95409,0.9547994294765041
1.01,10.0,7.908809222354477,0.95908,0.9599649392437304
1.01,10.0,9.144730058497947,0.96407,0.9653297443376275
1.01,10.0,10.661702938765439,0.96906,0.9702316444126687
1.01,10.0,12.665527711192368,0.97405,0.9749200406209677
1.01,10.0,15.538830604703637,0.97904,0.9795434064888207
1.01,10.0,20.633229376455077,0.98403,0.9845850107451461
1.01,10.0,29.87459408777498,0.98902,0.9893491078191219
1.01,10.0,54.1457553124029,0.99401,0.9941219085462258
1.01,10.0,324.0333629071297,0.999,0.9990176663546957
1.1,0.1,-37.108825929335445,0.001,0.0009397614176034907
1.1,0.1,-6.161069347248243,0.00599,0.005659710529720918
1.1,0.1,-3.2830858687564164,0.01098,0.010618244302491087
1.1,0.1,-2.194497667171051,0.01597,0.015878173284998576
1.1,0.1,-1.669321532827174,0.02096,0.020860931492463375
1.1,0.1,-1.3554018611958585,0.02595,0.025673485514313144
1.1,0.1,-1.1445489464678575,0.03094,0.03037669483464328
1.1,0.1,-0.9841625358806664,0.03593,0.03528944466028894
1.1,0.1,-0.862229742387792,0.04092,0.040230183072166414
1.1,0.1,-0.7577975720357898,0.04591,0.045702933834301795
1.1,0.1,-0.6871388922838527,0.0509,0.050328191318385285
1.1,0.1,-0.6200413592460069,0.05589,0.055669290801746096
1.1,0.1,-0.5713676282336557,0.06088,0.06030326078672993
1.1,0.1,-0.526475008382684,0.06587,0.06530762950607655
1.1,0.1,-0.48770005917517345,0.07086,0.07033844660497446
1.1,0.1,-0.45437644177848197,0.07585,0.07531278617931009
1.1,0.1,-0.42325344821789446,0.08084,0.08062441130865006
1.1,0.1,-0.39780524013648527,0.08583,0.08554414015793999
1.1,0.1,-0.37240022367560227,0.09082,0.09107580986285713
1.1,0.1,-0.35083436612219643,0.09581,0.09634737527849385
1.1,0.1,-0.3342130860806867,0.1008,0.1008315182313606
1.1,0.1,-0.3175698261612335,0.10579,0.1057440630486074
1.1,0.1,-0.30238395162507475,0.11078,0.11064583221490082
1.1,0.1,-0.2885417824930524,0.11577,0.11550901706624517
1.1,0.1,-0.2765505394407873,0.12076,0.12006404029386603
1.1,0.1,-0.2639080181341418,0.12575,0.1252513123099101
1.1,0.1,-0.2528255033167808,0.13074,0.1301602017075983
1.1,0.1,-0.24234537490011587,0.13573,0.13514762651632273
1.1,0.1,-0.2321396695983588,0.14072,0.14036110292976145
1.1,0.1,-0.2230023552002428,0.14571,0.14535750581739565
1.1,0.1,-0.21431062953811017,0.1507,0.15042626578068968
1.1,0.1,-0.20624228844160716,0.15569,0.15543220118076384
1.1,0.1,-0.19863423309898104,0.16068,0.16044067340097928
1.1,0.1,-0.1915185059234893,0.16567,0.1653988033796825
1.1,0.1,-0.18485648206509664,0.17066,0.17029918729268229
1.1,0.1,-0.178540895421563,0.17565,0.1751923615340087
1.1,0.1,-0.1727637816076212,0.18064,0.1798939024757094
1.1,0.1,-0.16691623987808865,0.18563,0.18488673023085211
1.1,0.1,-0.16144397704048916,0.19062,0.18978580082946567
1.1,0.1,-0.1560023035263885,0.19561,0.1948882710581163
1.1,0.1,-0.1506590709418438,0.2006,0.2001358184992894
1.1,0.1,-0.14586292331532177,0.20559,0.20505789247549044
1.1,0.1,-0.14119093793302073,0.21058,0.21005566511042495
1.1,0.1,-0.13669133181827256,0.21557,0.21506815809134416
1.1,0.1,-0.13224605413575108,0.22056,0.22022139324968648
1.1,0.1,-0.1280862477145301,0.22555,0.22523332776589605
1.1,0.1,-0.12427809935285364,0.23054,0.22998931679099782
1.1,0.1,-0.1202214919933138,0.23553,0.23523930469404175
1.1,0.1,-0.11694226930040992,0.24052,0.2396269469321689
1.1,0.1,-0.11362067335285837,0.24551,0.2442069109439422
1.1,0.1,-0.1101228362191437,0.2505,0.24918225684999318
1.1,0.1,-0.1066665032769052,0.25549,0.2542570789454364
1.1,0.1,-0.10351928795938904,0.26048,0.25901932206207456
1.1,0.1,-0.10034208492798256,0.26547,0.26396748767048583
1.1,0.1,-0.09728005011879942,0.27046,0.2688734734950451
1.1,0.1,-0.09428249711474147,0.27545,0.2738098411894989
1.1,0.1,-0.09140414278793607,0.28044,0.278677269025717
1.1,0.1,-0.08859643446852718,0.28543,0.28354799278210874
1.1,0.1,-0.08582942177455599,0.29042,0.28846902480060943
1.1,0.1,-0.08309699197864115,0.29541,0.29344841425036616
1.1,0.1,-0.08054031714572653,0.3004,0.29821708104364386
1.1,0.1,-0.07773084937209133,0.30539,0.3035811507075522
1.1,0.1,-0.07521733290364123,0.31038,0.3084914826710099
1.1,0.1,-0.07267245828734988,0.31537,0.31357132728956727
1.1,0.1,-0.07023727773629757,0.32036,0.3185350635446752
1.1,0.1,-0.0678800970762379,0.32535,0.323436254095562
1.1,0.1,-0.06560587484930205,0.33034,0.3282553014294141
1.1,0.1,-0.06318402573086158,0.33533,0.33348500696939054
1.1,0.1,-0.06106555225863502,0.34032,0.3381424322744111
1.1,0.1,-0.05880255786769946,0.34531,0.3432028817204309
1.1,0.1,-0.05651746240854422,0.3503,0.3484018936442769
1.1,0.1,-0.05440610460036586,0.35529,0.35328483447178743
1.1,0.1,-0.05223186601739707,0.36028,0.3583921411103943
1.1,0.1,-0.05021601732265168,0.36527,0.3631982918059189
1.1,0.1,-0.04813756623330221,0.37026,0.36822431448956705
1.1,0.1,-0.04610661521913257,0.37525,0.37320378993357617
1.1,0.1,-0.044073463323683136,0.38024,0.37825520213066327
1.1,0.1,-0.042047436084934386,0.38523,0.3833538966850215
1.1,0.1,-0.03994777168416421,0.39022,0.38870485240688557
1.1,0.1,-0.03800433678379059,0.39521,0.39371687991268467
1.1,0.1,-0.035971717297130286,0.4002,0.3990181029024762
1.1,0.1,-0.034052971131867525,0.40519,0.4040761491513387
1.1,0.1,-0.03211598096298688,0.41018,0.40923346251955284
1.1,0.1,-0.030278353370106908,0.41517,0.4141719663623063
1.1,0.1,-0.028388976556691006,0.42016,0.41929405876034964
1.1,0.1,-0.026543627793205866,0.42515,0.42433838405619695
1.1,0.1,-0.024591249542149713,0.43014,0.4297177255951281
1.1,0.1,-0.02276470238698575,0.43513,0.4347876484619049
1.1,0.1,-0.020952733811979936,0.44012,0.4398504873365895
1.1,0.1,-0.01921229007251198,0.44511,0.44474268291312236
1.1,0.1,-0.017328057480577867,0.4501,0.45006887416766256
1.1,0.1,-0.015523507081310685,0.45509,0.45519642999481236
1.1,0.1,-0.013753210765012788,0.46008,0.4602495168364447
1.1,0.1,-0.011995117064106487,0.46507,0.4652877883826762
1.1,0.1,-0.010235870636977035,0.47006,0.4703469016258317
1.1,0.1,-0.008558594601318116,0.47505,0.4751843581365331
1.1,0.1,-0.006909484774643014,0.48004,0.47995181624955885
1.1,0.1,-0.005251218119592557,0.48503,0.4847548402317376
1.1,0.1,-0.003489682635970571,0.49002,0.4898645440266835
1.1,0.1,-0.001656122173001963,0.49501,0.4951886886314634
1.1,0.1,0.00016507514128501755,0.5,0.5004796070040788
1.1,0.1,0.0019775745964388026,0.50499,0.5057449980048572
1.1,0.1,0.00380928499704315,0.50998,0.5110629950378274
1.1,0.1,0.005496571532733841,0.51497,0.5159562954283228
1.1,0.1,0.007259428822774079,0.51996,0.5210606725950457
1.1,0.1,0.008855145666476024,0.52495,0.525671829758804
1.1,0.1,0.010599700138093028,0.52994,0.5307006911722423
1.1,0.1,0.012377340177400612,0.53493,0.5358091456007551
1.1,0.1,0.014133819016874811,0.53992,0.5408386707552403
1.1,0.1,0.01577150919555376,0.54491,0.545509707980394
1.1,0.1,0.017480106742382366,0.5499,0.5503620142554169
1.1,0.1,0.01925444641515621,0.55489,0.5553761357515326
1.1,0.1,0.02101503770845424,0.55988,0.5603241241687861
1.1,0.1,0.02269641753986675,0.56487,0.5650221450969695
1.1,0.1,0.024487920021730815,0.56986,0.5699964041127614
1.1,0.1,0.026215326320570012,0.57485,0.5747600419611282
1.1,0.1,0.028033310252556197,0.57984,0.5797368493079822
1.1,0.1,0.029836927075286474,0.58483,0.5846352965331147
1.1,0.1,0.03150479261993425,0.58982,0.5891288628330121
1.1,0.1,0.03331140944821159,0.59481,0.5939553842500097
1.1,0.1,0.03511100664420175,0.5998,0.5987193171122173
1.1,0.1,0.0370371779578308,0.60479,0.6037681338621258
1.1,0.1,0.03910464172597866,0.60978,0.6091276549113923
1.1,0.1,0.04096386195023189,0.61477,0.6138930398264462
1.1,0.1,0.042896813107120305,0.61976,0.6187914538448773
1.1,0.1,0.04497408862012979,0.62475,0.623990559459411
1.1,0.1,0.0471021003620402,0.62974,0.6292453075388071
1.1,0.1,0.049097613781555784,0.63473,0.6341060837984906
1.1,0.1,0.05114843154160978,0.63972,0.639033186850615
1.1,0.1,0.05320674324691369,0.64471,0.6439077166243145
1.1,0.1,0.055231511608987406,0.6497,0.6486331118908187
1.1,0.1,0.05739087198008674,0.65469,0.653595823734431
1.1,0.1,0.05980230018875259,0.65968,0.659043568525721
1.1,0.1,0.06211071165253011,0.66467,0.6641649900565907
1.1,0.1,0.06424970117573692,0.66966,0.6688286405576823
1.1,0.1,0.06642482041095926,0.67465,0.6734902760463701
1.1,0.1,0.06895734489279509,0.67964,0.6788154284238479
1.1,0.1,0.071406864038219,0.68463,0.6838615572884549
1.1,0.1,0.07374116746141392,0.68962,0.6885752623594119
1.1,0.1,0.07621672069522083,0.69461,0.6934735598165221
1.1,0.1,0.079087650402281,0.6996,0.6990256711238807
1.1,0.1,0.08178025798607065,0.70459,0.7041089618920476
1.1,0.1,0.08423823260504301,0.70958,0.7086459143626825
1.1,0.1,0.0869868136231455,0.71457,0.7136040968871996
1.1,0.1,0.08986454827025152,0.71956,0.7186670581323111
1.1,0.1,0.09260084693207668,0.72455,0.7233617410364416
1.1,0.1,0.09565258463293844,0.72954,0.7284630304294509
1.1,0.1,0.09865403048886391,0.73453,0.7333447907085842
1.1,0.1,0.10197870517219838,0.73952,0.7385992504126039
1.1,0.1,0.10535554090895999,0.74451,0.7437758202480744
1.1,0.1,0.10864423372886077,0.7495,0.7486663372930559
1.1,0.1,0.11203082323658964,0.75449,0.7535513527900604
1.1,0.1,0.1159979560736194,0.75948,0.7590850676412217
1.1,0.1,0.11985311733183283,0.76447,0.7642743053976461
1.1,0.1,0.12364185911905524,0.76946,0.7691999894805843
1.1,0.1,0.1276742799964669,0.77445,0.7742600221125067
1.1,0.1,0.13213381061847004,0.77944,0.7796458151490768
1.1,0.1,0.13629550484629982,0.78443,0.7844812276275965
1.1,0.1,0.14062996568975542,0.78942,0.7893302783066664
1.1,0.1,0.14519328716815147,0.79441,0.7942383227291454
1.1,0.1,0.14978257063952058,0.7994,0.7989799658523843
1.1,0.1,0.15494201564793053,0.80439,0.8040895723891405
1.1,0.1,0.15995107940684047,0.80938,0.8088378433233196
1.1,0.1,0.16573039473141665,0.81437,0.8140707064650348
1.1,0.1,0.17148468668015743,0.81936,0.81903458547923
1.1,0.1,0.17675997819139766,0.82435,0.8233819334613399
1.1,0.1,0.18255760196718493,0.82934,0.8279484791242595
1.1,0.1,0.1889061635909532,0.83433,0.8327104406465766
1.1,0.1,0.19568391956579595,0.83932,0.8375368913815204
1.1,0.1,0.20329774561460534,0.84431,0.842663807037215
1.1,0.1,0.21072508591596573,0.8493,0.847386355162163
1.1,0.1,0.21975997596742713,0.85429,0.8527891605671417
1.1,0.1,0.22832074256171658,0.85928,0.8575901786034845
1.1,0.1,0.23810212623915772,0.86427,0.8627295302564773
1.1,0.1,0.24837659845813437,0.86926,0.8677656142711181
1.1,0.1,0.25922499461802556,0.87425,0.8727178203454007
1.1,0.1,0.2716021003364154,0.87924,0.8779550397043129
1.1,0.1,0.2853693427370598,0.88423,0.8833183204025182
1.1,0.1,0.2996855372052668,0.88922,0.8884371913597244
1.1,0.1,0.3163226355356233,0.89421,0.8938691783628452
1.1,0.1,0.3339185300803619,0.8992,0.8990853752794001
1.1,0.1,0.35295019410842915,0.90419,0.9041958499744478
1.1,0.1,0.37479125723613904,0.90918,0.909474303994472
1.1,0.1,0.3970426117801502,0.91417,0.9142993681883096
1.1,0.1,0.42256788738670936,0.91916,0.9192503220616722
1.1,0.1,0.4531635119239339,0.92415,0.9244931007444548
1.1,0.1,0.4898795525646627,0.92914,0.9299644684287482
1.1,0.1,0.5263155848070425,0.93413,0.934673139224125
1.1,0.1,0.5686817588946583,0.93912,0.9394187410405659
1.1,0.1,0.6239925909107744,0.94411,0.9446761389351849
1.1,0.1,0.6861936320575532,0.9491,0.9496036315134058
1.1,0.1,0.7553134303731918,0.95409,0.9541488216116494
1.1,0.1,0.8473152403497014,0.95908,0.959069396389933
1.1,0.1,0.9641177959593152,0.96407,0.963983044605724
1.1,0.1,1.127077504775839,0.96906,0.9691553394280412
1.1,0.1,1.3347189961393426,0.97405,0.9739304401876945
1.1,0.1,1.6901530902666504,0.97904,0.9793954625936095
1.1,0.1,2.2028938054578897,0.98403,0.9841822452229526
1.1,0.1,3.2853515297363405,0.98902,0.9893890728802008
1.1,0.1,5.845597927530843,0.99401,0.9940349195754109
1.1,0.1,34.67103797260861,0.999,0.9989941625589873
1.1,1.0,-319.0837282645051,0.001,0.0007985559756618632
1.1,1.0,-42.76710593269194,0.00599,0.005957312192125974
1.1,1.0,-23.660886227103326,0.01098,0.010765006779289377
1.1,1.0,-16.149239299549986,0.01597,0.015765347349248338
1.1,1.0,-12.12104925209885,0.02096,0.020991356653782267
1.1,1.0,-9.911256564803889,0.02595,0.025653140255037676
1.1,1.0,-8.328852648497445,0.03094,0.03049957738452308
1.1,1.0,-7.151980898499087,0.03593,0.03547977009538661
1.1,1.0,-6.29092281356102,0.04092,0.04028736564078955
1.1,1.0,-5.604629545749254,0.04591,0.04515819960250744
1.1,1.0,-5.046634665902327,0.0509,0.05007325605197188
1.1,1.0,-4.578848294396875,0.05589,0.055091883838692124
1.1,1.0,-4.186065504917945,0.06088,0.06014411053166735
1.1,1.0,-3.863306171826442,0.06587,0.06503529660458285
1.1,1.0,-3.578169675320671,0.07086,0.07005789396773959
1.1,1.0,-3.338403282933407,0.07585,0.07491158263103587
1.1,1.0,-3.13733530172256,0.08084,0.0795208721444825
1.1,1.0,-2.945706788622037,0.08583,0.08446137033109463
1.1,1.0,-2.7726927879325745,0.09082,0.08946588990289683
1.1,1.0,-2.61851271602085,0.09581,0.09443770134199736
1.1,1.0,-2.4790361067051623,0.1008,0.09942028001899023
1.1,1.0,-2.3515351190846236,0.10579,0.10444094703859846
1.1,1.0,-2.22820201701974,0.11078,0.10978457209820275
1.1,1.0,-2.117348543527402,0.11577,0.11505520543770942
1.1,1.0,-2.0208128591762766,0.12076,0.12005481966567111
1.1,1.0,-1.928111799500656,0.12575,0.1252604533190363
1.1,1.0,-1.843206122964894,0.13074,0.13041758373369433
1.1,1.0,-1.7660364370561434,0.13573,0.1354642653701582
1.1,1.0,-1.6944555372327454,0.14072,0.14048392814235744
1.1,1.0,-1.6283904017721655,0.14571,0.14543460985773926
1.1,1.0,-1.5673512978570037,0.1507,0.1503051632903309
1.1,1.0,-1.5087337158138385,0.15569,0.15527434333895473
1.1,1.0,-1.4539762337490443,0.16068,0.16019642937117007
1.1,1.0,-1.3978545291959539,0.16567,0.16554529870086998
1.1,1.0,-1.3461266935280678,0.17066,0.17077006813111373
1.1,1.0,-1.2991068918473794,0.17565,0.1757835293903855
1.1,1.0,-1.2562090072242145,0.18064,0.18059261370775143
1.1,1.0,-1.2151505004026666,0.18563,0.18541948181985962
1.1,1.0,-1.1757677146302201,0.19062,0.19026802573913304
1.1,1.0,-1.1365441861705075,0.19561,0.1953226643615697
1.1,1.0,-1.0995384409223363,0.2006,0.200310063598035
1.1,1.0,-1.0639791358002804,0.20559,0.20531369842562885
1.1,1.0,-1.0290467103268588,0.21058,0.21044150594523314
1.1,1.0,-0.997059498758501,0.21557,0.21533100749568507
1.1,1.0,-0.9646543384837755,0.22056,0.22048279078287014
1.1,1.0,-0.9327746944348758,0.22555,0.22575501295774303
1.1,1.0,-0.9021518927122619,0.23054,0.231018568862648
1.1,1.0,-0.8742269306571007,0.23553,0.23599581111288664
1.1,1.0,-0.8475830976361827,0.24052,0.2409086742958269
1.1,1.0,-0.8228071966773044,0.24551,0.24562592345439493
1.1,1.0,-0.7963676942405634,0.2505,0.25082351234798295
1.1,1.0,-0.771231003360673,0.25549,0.2559267322227566
1.1,1.0,-0.7467310915041558,0.26048,0.26105716536965307
1.1,1.0,-0.7217982215056342,0.26547,0.2664415720928506
1.1,1.0,-0.6989910385461469,0.27046,0.27151516334685943
1.1,1.0,-0.6771550845233651,0.27545,0.2765087654781009
1.1,1.0,-0.6547959910834464,0.28044,0.2817630964661355
1.1,1.0,-0.6330129644254837,0.28543,0.2870222586423956
1.1,1.0,-0.6132305002812267,0.29042,0.29192060457410374
1.1,1.0,-0.5923013295257927,0.29541,0.2972316748542887
1.1,1.0,-0.5741236878729225,0.3004,0.30195353075440745
1.1,1.0,-0.5550655071685515,0.30539,0.307014365326332
1.1,1.0,-0.5365851379034368,0.31038,0.3120307082662893
1.1,1.0,-0.5195735450246629,0.31537,0.3167440397293173
1.1,1.0,-0.5018017991500108,0.32036,0.32176664252734927
1.1,1.0,-0.4842597950978287,0.32535,0.3268237135219769
1.1,1.0,-0.4668862246756552,0.33034,0.3319299074542376
1.1,1.0,-0.4494221648334568,0.33533,0.33716082078761367
1.1,1.0,-0.43385860679497934,0.34032,0.3419053532151348
1.1,1.0,-0.4179281689197352,0.34531,0.34684241298147556
1.1,1.0,-0.40265079415890465,0.3503,0.3516534235626239
1.1,1.0,-0.38676917768588687,0.35529,0.35673344743099666
1.1,1.0,-0.3701198618546447,0.36028,0.3621444448252894
1.1,1.0,-0.35442177411658493,0.36527,0.3673254597575834
1.1,1.0,-0.3391137189074975,0.37026,0.37245071652692974
1.1,1.0,-0.3242369188560618,0.37525,0.37749951009087807
1.1,1.0,-0.3098348313973004,0.38024,0.3824498113751693
1.1,1.0,-0.2963296368296575,0.38523,0.3871466568554349
1.1,1.0,-0.282423027043307,0.39022,0.3920373028922739
1.1,1.0,-0.2682821171814869,0.39521,0.3970652988191489
1.1,1.0,-0.2544161670408495,0.4002,0.40204778140250214
1.1,1.0,-0.2410456835068403,0.40519,0.4068996632786561
1.1,1.0,-0.2276522352640861,0.41018,0.4118049414166822
1.1,1.0,-0.21442805676873278,0.41517,0.41669078590276737
1.1,1.0,-0.20093506609046471,0.42016,0.42171768416131455
1.1,1.0,-0.18710097275846718,0.42515,0.42691334953619153
1.1,1.0,-0.17461685542270178,0.43014,0.4316363594975937
1.1,1.0,-0.16231306978274698,0.43513,0.4363212614303267
1.1,1.0,-0.14955502172214605,0.44012,0.441208814022783
1.1,1.0,-0.13686044047741983,0.44511,0.4461000473056375
1.1,1.0,-0.12411378189445152,0.4501,0.4510373360018057
1.1,1.0,-0.11124157686811631,0.45509,0.4560474602951944
1.1,1.0,-0.09814704318393562,0.46008,0.4611666905561586
1.1,1.0,-0.08493631315702956,0.46507,0.4663518767181418
1.1,1.0,-0.0724926523831805,0.47006,0.4712524859586091
1.1,1.0,-0.06033952271591307,0.47505,0.4760519204069904
1.1,1.0,-0.04833304242125647,0.48004,0.48080418590032253
1.1,1.0,-0.035904495042462986,0.48503,0.4857325234776153
1.1,1.0,-0.023406288247735208,0.49002,0.49069539054302097
1.1,1.0,-0.010694446176903202,0.49501,0.4957477206743774
1.1,1.0,0.0016015234832863256,0.5,0.5006368278582178
1.1,1.0,0.014787542089751566,0.50499,0.5058794394501198
1.1,1.0,0.0274698295822904,0.50998,0.5109187997647798
1.1,1.0,0.039487277791457866,0.51497,0.5156889772669251
1.1,1.0,0.051789859327676796,0.51996,0.5205650233811092
1.1,1.0,0.06477795531158181,0.52495,0.5257022571103164
1.1,1.0,0.07686720223380002,0.52994,0.5304719941788222
1.1,1.0,0.08953530049331827,0.53493,0.5354553937054444
1.1,1.0,0.1032550936997415,0.53992,0.5408328223152532
1.1,1.0,0.11602048125506452,0.54491,0.5458152809027499
1.1,1.0,0.13008260610514155,0.5499,0.5512777327501364
1.1,1.0,0.14347036526410953,0.55489,0.5564501199722722
1.1,1.0,0.15667004707760718,0.55988,0.5615205319925017
1.1,1.0,0.1701397667884568,0.56487,0.566662271348751
1.1,1.0,0.18306750742051037,0.56986,0.5715641778171185
1.1,1.0,0.19583622137845239,0.57485,0.576372139722558
1.1,1.0,0.2091023472734812,0.57984,0.5813300165823387
1.1,1.0,0.2220548801818573,0.58483,0.5861321035582057
1.1,1.0,0.23619901513327612,0.58982,0.5913303898682369
1.1,1.0,0.2504426530651407,0.59481,0.5965151011211073
1.1,1.0,0.2646281278982985,0.5998,0.6016266593556017
1.1,1.0,0.2779334108150474,0.60479,0.6063722822842507
1.1,1.0,0.2929043368374609,0.60978,0.6116537945877982
1.1,1.0,0.3084611061879441,0.61477,0.6170748380855344
1.1,1.0,0.32184074906144683,0.61976,0.6216811142129399
1.1,1.0,0.33596200134739135,0.62475,0.6264852234184087
1.1,1.0,0.35083655086273197,0.62974,0.6314805999555247
1.1,1.0,0.36573597660341556,0.63473,0.6364163815543947
1.1,1.0,0.3815051734702562,0.63972,0.6415651690119536
1.1,1.0,0.39589913245363084,0.64471,0.646196706280636
1.1,1.0,0.41139296551916965,0.6497,0.6511087047273839
1.1,1.0,0.42821204640496147,0.65469,0.6563540244554976
1.1,1.0,0.44341891257355764,0.65968,0.6610183398171061
1.1,1.0,0.4594263220958889,0.66467,0.6658477074328986
1.1,1.0,0.47711881179935134,0.66966,0.6710892892092296
1.1,1.0,0.4938299939499701,0.67465,0.675947484234048
1.1,1.0,0.5111708043786131,0.67964,0.6808938016983377
1.1,1.0,0.5284882652320523,0.68463,0.6857374073308646
1.1,1.0,0.5465928566601286,0.68962,0.690699184519981
1.1,1.0,0.5638481868220099,0.69461,0.695331947044675
1.1,1.0,0.5836443594641962,0.6996,0.7005323028431181
1.1,1.0,0.602934002783072,0.70459,0.7054831906572677
1.1,1.0,0.6214420514344757,0.70958,0.7101269134668107
1.1,1.0,0.6429114534000633,0.71457,0.7153849049761916
1.1,1.0,0.6646311818215448,0.71956,0.7205659336467057
1.1,1.0,0.6874215236097209,0.72455,0.7258558140437509
1.1,1.0,0.7078445873170374,0.72954,0.7304714190591696
1.1,1.0,0.7306596247642071,0.73453,0.7354912662851362
1.1,1.0,0.7544394373544057,0.73952,0.7405739451205562
1.1,1.0,0.7785018337734432,0.74451,0.7455658861952311
1.1,1.0,0.8037069971154578,0.7495,0.7506365322763581
1.1,1.0,0.8283216382132973,0.75449,0.7554366652520627
1.1,1.0,0.8528067039292316,0.75948,0.7600674061589103
1.1,1.0,0.8795070753679352,0.76447,0.7649585937022432
1.1,1.0,0.9063416906783164,0.76946,0.7697134288971883
1.1,1.0,0.9364518344694048,0.77445,0.7748637287892395
1.1,1.0,0.9654435901078106,0.77944,0.7796451300400977
1.1,1.0,0.9990348614446443,0.78443,0.78497648646287
1.1,1.0,1.0333478457824132,0.78942,0.7902016001328075
1.1,1.0,1.0683003193592346,0.79441,0.7953057657726174
1.1,1.0,1.101713041123931,0.7994,0.7999890997071575
1.1,1.0,1.134765196606983,0.80439,0.8044425279474656
1.1,1.0,1.1738412566034484,0.80938,0.8094890829576171
1.1,1.0,1.215171973990316,0.81437,0.8145831022809424
1.1,1.0,1.2571105715232254,0.81936,0.8195108662288249
1.1,1.0,1.2966574871096797,0.82435,0.8239480639679713
1.1,1.0,1.3479014167080925,0.82934,0.829414113668923
1.1,1.0,1.395517569728731,0.83433,0.8342249246328546
1.1,1.0,1.4485652216352027,0.83932,0.8393016513425974
1.1,1.0,1.506412023198136,0.84431,0.8445226129013838
1.1,1.0,1.5637084618166017,0.8493,0.8493946053807406
1.1,1.0,1.6263835746934368,0.85429,0.8544099252227728
1.1,1.0,1.692487420698077,0.85928,0.8593731421561017
1.1,1.0,1.757293261195459,0.86427,0.863940736419847
1.1,1.0,1.8306292101762545,0.86926,0.8687842456281627
1.1,1.0,1.9152848824791968,0.87425,0.8739853660775312
1.1,1.0,2.0058743413556237,0.87924,0.8791343180646256
1.1,1.0,2.105917002411539,0.88423,0.8843736242869737
1.1,1.0,2.206997626023318,0.88922,0.8892433908131551
1.1,1.0,2.315051980895342,0.89421,0.894031279888982
1.1,1.0,2.4394266887061185,0.8992,0.8990706991620141
1.1,1.0,2.578577281778697,0.90419,0.9041858641250626
1.1,1.0,2.720040458290727,0.90918,0.9088945343278384
1.1,1.0,2.8715296615622377,0.91417,0.9134615265661893
1.1,1.0,3.0686963470040793,0.91916,0.918775880538529
1.1,1.0,3.2730695993505456,0.92415,0.9236492844145187
1.1,1.0,3.5115135406314195,0.92914,0.9286559582077294
1.1,1.0,3.7760901088416534,0.93413,0.9335054415031154
1.1,1.0,4.098458740348612,0.93912,0.9386016101280077
1.1,1.0,4.484984857383773,0.94411,0.9437787262167183
1.1,1.0,4.915030726833581,0.9491,0.9486088753789996
1.1,1.0,5.5023215363602205,0.95409,0.9540136772957815
1.1,1.0,6.14252387013972,0.95908,0.9587500552997794
1.1,1.0,6.939356689453441,0.96407,0.9634425124078967
1.1,1.0,8.134004877568922,0.96906,0.9687744379393579
1.1,1.0,9.835317033303085,0.97405,0.9741496555428988
1.1,1.0,12.018856931515552,0.97904,0.9788306844709678
1.1,1.0,15.609318524967918,0.98403,0.9836902729363592
1.1,1.0,22.129545232697232,0.98902,0.988490694316241
1.1,1.0,39.523776045496184,0.99401,0.9935539580155475
1.1,1.0,220.11682016963704,0.999,0.9988424072772089
1.1,10.0,-344.51331419977026,0.001,0.0009239381438497785
1.1,10.0,-56.34915869196253,0.00599,0.005648291540512107
1.1,10.0,-29.639837122921424,0.01098,0.010735186973171107
1.1,10.0,-20.117050698614573,0.01597,0.015809876824197377
1.1,10.0,-15.295024359187275,0.02096,0.020781757829560654
1.1,10.0,-12.331237231912077,0.02595,0.025756932999266124
1.1,10.0,-10.329937418100899,0.03094,0.03071858911204306
1.1,10.0,-8.858871897580395,0.03593,0.035779741186591885
1.1,10.0,-7.856251183141363,0.04092,0.04030005037862622
1.1,10.0,-6.979623989332744,0.04591,0.04529732407815579
1.1,10.0,-6.288026764966291,0.0509,0.05020118503703763
1.1,10.0,-5.701091382054206,0.05589,0.05527088809679542
1.1,10.0,-5.205623928362947,0.06088,0.06041137399143104
1.1,10.0,-4.791729249142012,0.06587,0.06548907578302171
1.1,10.0,-4.4438420862249455,0.07086,0.07045581505119403
1.1,10.0,-4.139797751269055,0.07585,0.0754449551508789
1.1,10.0,-3.8719878772546528,0.08084,0.08045043221097964
1.1,10.0,-3.624165411736167,0.08583,0.08569746481027568
1.1,10.0,-3.4285019192053934,0.09082,0.09033620522705066
1.1,10.0,-3.2386190157852743,0.09581,0.0953294791315577
1.1,10.0,-3.0763684010283874,0.1008,0.10003999013699721
1.1,10.0,-2.9249795997712034,0.10579,0.10485928927495802
1.1,10.0,-2.784824753757289,0.11078,0.10973697883964412
1.1,10.0,-2.6556442865265515,0.11577,0.11463438290785322
1.1,10.0,-2.540102145631954,0.12076,0.11938229673016626
1.1,10.0,-2.423337083220738,0.12575,0.12457607102953733
1.1,10.0,-2.3248104585954676,0.13074,0.12930333078857054
1.1,10.0,-2.228631816461115,0.13573,0.13425583304144184
1.1,10.0,-2.133838431708064,0.14072,0.13949790285581282
1.1,10.0,-2.0465033128277432,0.14571,0.14467726894343202
1.1,10.0,-1.963716466291277,0.1507,0.14992747469549106
1.1,10.0,-1.8915971781958776,0.15569,0.15479632554421963
1.1,10.0,-1.8229775377183097,0.16068,0.15970615297735874
1.1,10.0,-1.7542648333395237,0.16567,0.16491579001830786
1.1,10.0,-1.6888283871963872,0.17066,0.17017165741038742
1.1,10.0,-1.6313526489651404,0.17565,0.17504337603590558
1.1,10.0,-1.5709673469304428,0.18064,0.18043783797984042
1.1,10.0,-1.517594325927925,0.18563,0.18545772400297184
1.1,10.0,-1.4678566448325026,0.19062,0.19036251054335457
1.1,10.0,-1.4194257134532828,0.19561,0.19536160555125037
1.1,10.0,-1.371513596317433,0.2006,0.2005366276846483
1.1,10.0,-1.3286453413152104,0.20559,0.20537117997725973
1.1,10.0,-1.2881719413483763,0.21058,0.2101220611621724
1.1,10.0,-1.2438909189276721,0.21557,0.215537840019357
1.1,10.0,-1.2011589996260394,0.22056,0.2209909505338245
1.1,10.0,-1.1619369780574165,0.22555,0.22620186706185413
1.1,10.0,-1.1253074053840408,0.23054,0.23125425822050616
1.1,10.0,-1.090513888898661,0.23553,0.23622660090480696
1.1,10.0,-1.0562356716242116,0.24052,0.2412967614807987
1.1,10.0,-1.0239621135631456,0.24551,0.2462316382155162
1.1,10.0,-0.9921690767201892,0.2505,0.2512512227560114
1.1,10.0,-0.9611052801641888,0.25549,0.2563122316162887
1.1,10.0,-0.9317021559650013,0.26048,0.26124957423454087
1.1,10.0,-0.902982596641407,0.26547,0.2662139606298287
1.1,10.0,-0.8772648899663484,0.27046,0.27078144433640494
1.1,10.0,-0.8499662776587912,0.27545,0.2757588063397818
1.1,10.0,-0.8252508371551555,0.28044,0.28038232354936526
1.1,10.0,-0.799406595768339,0.28543,0.2853384953889119
1.1,10.0,-0.7745079752042516,0.29042,0.2902329574173488
1.1,10.0,-0.7500641763399263,0.29541,0.2951541617217434
1.1,10.0,-0.7248341172104613,0.3004,0.30035621352282216
1.1,10.0,-0.7004772166647922,0.30539,0.30549796238103544
1.1,10.0,-0.676957677221041,0.31038,0.3105759030894526
1.1,10.0,-0.6546315123973355,0.31537,0.31549987743252045
1.1,10.0,-0.6339031176738407,0.32036,0.32016256798785747
1.1,10.0,-0.6123029674097329,0.32535,0.32511522605410903
1.1,10.0,-0.5905411843217387,0.33034,0.3302022202021021
1.1,10.0,-0.5694207981880374,0.33533,0.3352328546688229
1.1,10.0,-0.550137952952845,0.34032,0.3399063231847481
1.1,10.0,-0.530719635836773,0.34531,0.3446901661975518
1.1,10.0,-0.5098025281479763,0.3503,0.3499299889276987
1.1,10.0,-0.4891740839640341,0.35529,0.35518509919395347
1.1,10.0,-0.46977790321451346,0.36028,0.36020499535577877
1.1,10.0,-0.45091155377806674,0.36527,0.3651602027099795
1.1,10.0,-0.4331003727234034,0.37026,0.3699030313359799
1.1,10.0,-0.414737522875356,0.37525,0.3748576691355737
1.1,10.0,-0.3966933942755781,0.38024,0.37978944102059803
1.1,10.0,-0.3785005557064374,0.38523,0.3848239879682466
1.1,10.0,-0.3595185693231964,0.39022,0.3901419255367586
1.1,10.0,-0.3427722505726025,0.39521,0.3948872668572314
1.1,10.0,-0.32567668952428086,0.4002,0.3997820994950396
1.1,10.0,-0.3087940120348948,0.40519,0.404664584281417
1.1,10.0,-0.29126870240361125,0.41018,0.4097822863992504
1.1,10.0,-0.27445944406682865,0.41517,0.4147363708105899
1.1,10.0,-0.25816877312327857,0.42016,0.41957836403529336
1.1,10.0,-0.24173451437817936,0.42515,0.42450186644806365
1.1,10.0,-0.22476794991867832,0.43014,0.4296237331617878
1.1,10.0,-0.2079708070763766,0.43513,0.43473122054850216
1.1,10.0,-0.1916966416023231,0.44012,0.439712437736171
1.1,10.0,-0.1745362799361792,0.44511,0.4449974234193365
1.1,10.0,-0.15803881093421857,0.4501,0.45010733063840247
1.1,10.0,-0.14199087865583845,0.45509,0.45510302303573985
1.1,10.0,-0.12639915726264933,0.46008,0.459978137784695
1.1,10.0,-0.11110216396114364,0.46507,0.4647795257409876
1.1,10.0,-0.09599705062386482,0.47006,0.46953653886770075
1.1,10.0,-0.08032418007845026,0.47505,0.47448679545601036
1.1,10.0,-0.06436278784574717,0.48004,0.4795409082367139
1.1,10.0,-0.04851508701990847,0.48503,0.48456926708350734
1.1,10.0,-0.031492366856513535,0.49002,0.48997898025510245
1.1,10.0,-0.01543057065955874,0.49501,0.49508868658080396
1.1,10.0,-0.00015936190148517918,0.5,0.49994927353167734
1.1,10.0,0.014109049401130723,0.50499,0.5044907519431003
1.1,10.0,0.029377277412486164,0.50998,0.5093483891573376
1.1,10.0,0.04494751548853454,0.51497,0.5142976153377185
1.1,10.0,0.06025820224415583,0.51996,0.5191576164908692
1.1,10.0,0.07598323626190412,0.52495,0.5241398298905802
1.1,10.0,0.09191226476147127,0.52994,0.5291746124212624
1.1,10.0,0.10807854028165753,0.53493,0.534269447513634
1.1,10.0,0.12445054975724394,0.53992,0.5394112078079667
1.1,10.0,0.1403422550774965,0.54491,0.5443824572367504
1.1,10.0,0.15590024839784541,0.5499,0.549228313348174
1.1,10.0,0.17267074344916145,0.55489,0.5544261310401534
1.1,10.0,0.18931239217624693,0.55988,0.5595552108736973
1.1,10.0,0.20504168623966998,0.56487,0.5643745462868328
1.1,10.0,0.22023835173832101,0.56986,0.569002466491567
1.1,10.0,0.23688238316554389,0.57485,0.5740373134853289
1.1,10.0,0.253223504365787,0.57984,0.5789441116047155
1.1,10.0,0.26939443562988535,0.58483,0.5837623967758911
1.1,10.0,0.2848863730482009,0.58982,0.5883418360626965
1.1,10.0,0.30226322345887646,0.59481,0.5934340900466242
1.1,10.0,0.3203650942447385,0.5998,0.598686916181026
1.1,10.0,0.3394761181008121,0.60479,0.6041729057656853
1.1,10.0,0.35627115021036054,0.60978,0.6089417589811089
1.1,10.0,0.3726217297132557,0.61477,0.6135360380396551
1.1,10.0,0.3898912864731721,0.61976,0.6183354273986872
1.1,10.0,0.4069678422706346,0.62475,0.6230263471123666
1.1,10.0,0.4252851831024377,0.62974,0.6279962808151605
1.1,10.0,0.4421366933024413,0.63473,0.6325110015782179
1.1,10.0,0.46192256278467997,0.63972,0.6377404477718397
1.1,10.0,0.4821658470925402,0.64471,0.6430098729799752
1.1,10.0,0.5023791485238805,0.6497,0.6481888861787359
1.1,10.0,0.522932496154108,0.65469,0.6533696118166621
1.1,10.0,0.5440784770731922,0.65968,0.6586092236103831
1.1,10.0,0.5644333836913362,0.66467,0.6635657410075833
1.1,10.0,0.5842714216028955,0.66966,0.6683140183945934
1.1,10.0,0.6067381516796708,0.67465,0.6735932563636139
1.1,10.0,0.6275202700706982,0.67964,0.6783839134917061
1.1,10.0,0.6481261696922587,0.68463,0.6830462687246812
1.1,10.0,0.6716386666411194,0.68962,0.68826020063203
1.1,10.0,0.6935106436868146,0.69461,0.6930095553828991
1.1,10.0,0.7159820689116632,0.6996,0.6977888019340932
1.1,10.0,0.7376899149728237,0.70459,0.7023101214601197
1.1,10.0,0.7624415746222638,0.70958,0.7073522424143266
1.1,10.0,0.7874037264267534,0.71457,0.7123168181017548
1.1,10.0,0.8137635261238814,0.71956,0.7174302172953634
1.1,10.0,0.840012564195938,0.72455,0.722392674171134
1.1,10.0,0.868496629635662,0.72954,0.7276344712250362
1.1,10.0,0.8952584562300449,0.73453,0.7324264665490985
1.1,10.0,0.9222536526945622,0.73952,0.7371328376584005
1.1,10.0,0.9504777797779518,0.74451,0.7419199150418552
1.1,10.0,0.9814143039388685,0.7495,0.7470143361167573
1.1,10.0,1.0121843861455242,0.75449,0.7519274393394402
1.1,10.0,1.0447416028091012,0.75948,0.756963922668503
1.1,10.0,1.0767340566330952,0.76447,0.7617560081753469
1.1,10.0,1.1123132691124753,0.76946,0.7669088512142492
1.1,10.0,1.1454128605665612,0.77445,0.7715416194204653
1.1,10.0,1.1804553607320862,0.77944,0.7762835553810703
1.1,10.0,1.2204669572283877,0.78443,0.7815012841906358
1.1,10.0,1.2611250127287705,0.78942,0.786597752287528
1.1,10.0,1.3015118625473583,0.79441,0.7914643692147901
1.1,10.0,1.3412066738516395,0.7994,0.7960660545323615
1.1,10.0,1.3838641685196715,0.80439,0.8008199289061938
1.1,10.0,1.4306912987151832,0.80938,0.8058215731319988
1.1,10.0,1.4822698833174932,0.81437,0.8110821342778363
1.1,10.0,1.5394085301283396,0.81936,0.816623560929186
1.1,10.0,1.591477678304377,0.82435,0.8214273817573567
1.1,10.0,1.6466023090736404,0.82934,0.8262734554747884
1.1,10.0,1.702917290938854,0.83433,0.8309853840575702
1.1,10.0,1.7629960311011112,0.83932,0.8357632678869493
1.1,10.0,1.8293207836642593,0.84431,0.8407596381710915
1.1,10.0,1.8929514366942748,0.8493,0.8452977809691056
1.1,10.0,1.9668328011316403,0.85429,0.8502765356808204
1.1,10.0,2.048793475682357,0.85928,0.8554631124764671
1.1,10.0,2.1343813177791326,0.86427,0.8605332085565289
1.1,10.0,2.229762226450047,0.86926,0.8658044453032088
1.1,10.0,2.3322303689311354,0.87425,0.8710644412658366
1.1,10.0,2.4317903562693393,0.87924,0.8758142873619907
1.1,10.0,2.5445736661617864,0.88423,0.8808084091585882
1.1,10.0,2.6740853898253083,0.88922,0.8860901784221931
1.1,10.0,2.802160601896649,0.89421,0.8908898341649005
1.1,10.0,2.9554200526851857,0.8992,0.8961453684427554
1.1,10.0,3.120513711682975,0.90419,0.9012856708730024
1.1,10.0,3.2964040470842884,0.90918,0.9062458648745106
1.1,10.0,3.4958772857503284,0.91417,0.9113153177290062
1.1,10.0,3.745179848872407,0.91916,0.9169456976486035
1.1,10.0,4.003973427590589,0.92415,0.9220951990697366
1.1,10.0,4.327578513839488,0.92914,0.9277149476932377
1.1,10.0,4.636023556466038,0.93413,0.9323759753992438
1.1,10.0,5.036145011504052,0.93912,0.9376064990090318
1.1,10.0,5.531332028138441,0.94411,0.9430682480395268
1.1,10.0,6.035890636881836,0.9491,0.9477385226389742
1.1,10.0,6.7480031866660015,0.95409,0.9531698509230754
1.1,10.0,7.55478434160178,0.95908,0.9581099670650788
1.1,10.0,8.565364233971577,0.96407,0.9630050326454622
1.1,10.0,9.976811536772264,0.96906,0.9682012340507281
1.1,10.0,11.931424750706578,0.97405,0.973383925580521
1.1,10.0,14.799221132349581,0.97904,0.9785240889659411
1.1,10.0,19.687113486826174,0.98403,0.9838454452698271
1.1,10.0,28.61645106658937,0.98902,0.9888812063996348
1.1,10.0,52.7081000950943,0.99401,0.9939616168762537
1.1,10.0,391.6259170260101,0.999,0.9991872111104969
1.5,0.1,-50.85353888548783,0.001,0.0009319202505843616
1.5,0.1,-8.259528565533136,0.00599,0.005737185328318961
1.5,0.1,-4.319665214093526,0.01098,0.010966781610878218
1.5,0.1,-2.9575824807975057,0.01597,0.016010240485826555
1.5,0.1,-2.2974396570828772,0.02096,0.020599192598940774
1.5,0.1,-1.8761238387945112,0.02595,0.025207540164287223
1.5,0.1,-1.5495440722512746,0.03094,0.030490608392058416
1.5,0.1,-1.3391905343250177,0.03593,0.03524349928617265
1.5,0.1,-1.1621017832353262,0.04092,0.040559964834755324
1.5,0.1,-1.0306991078830836,0.04591,0.045664171474779525
1.5,0.1,-0.9280369945697708,0.0509,0.05063500583706143
1.5,0.1,-0.8388325424878371,0.05589,0.05591475915889205
1.5,0.1,-0.7722380287400885,0.06088,0.06062527724691813
1.5,0.1,-0.7072666483819662,0.06587,0.06604240807270789
1.5,0.1,-0.6519262728076736,0.07086,0.07146899943656537
1.5,0.1,-0.6092697663310825,0.07585,0.07628914694481637
1.5,0.1,-0.5698158520506317,0.08084,0.08135124179893022
1.5,0.1,-0.5328806048055705,0.08583,0.08672323900335943
1.5,0.1,-0.501791916748086,0.09082,0.0918109813785215
1.5,0.1,-0.47264888415499046,0.09581,0.09713609646513177
1.5,0.1,-0.447726709115448,0.1008,0.1021877707252688
1.5,0.1,-0.42594144511280985,0.10579,0.10703743436267471
1.5,0.1,-0.4057855055422036,0.11078,0.11193542964470643
1.5,0.1,-0.3873914667961385,0.11577,0.11679511107815094
1.5,0.1,-0.3704966787941322,0.12076,0.1216269646266705
1.5,0.1,-0.35479554994571577,0.12575,0.1264704537272961
1.5,0.1,-0.33979483687590417,0.13074,0.13145102609290754
1.5,0.1,-0.32457925342654526,0.13573,0.13689445022847485
1.5,0.1,-0.31252942235388254,0.14072,0.14151408292571893
1.5,0.1,-0.29925485070168184,0.14571,0.14695126019769522
1.5,0.1,-0.2872368653691056,0.1507,0.1522183653179387
1.5,0.1,-0.27686611382147724,0.15569,0.15705103780945467
1.5,0.1,-0.26596128881293113,0.16068,0.16244492442088482
1.5,0.1,-0.25536897491850064,0.16567,0.1680167190297781
1.5,0.1,-0.24636184060442481,0.17066,0.17303349555061087
1.5,0.1,-0.23753397351045233,0.17565,0.1782181526483319
1.5,0.1,-0.22985338226745458,0.18064,0.182959501568021
1.5,0.1,-0.22240590531594737,0.18563,0.18777506690984574
1.5,0.1,-0.2149604413830632,0.19062,0.1928171768017467
1.5,0.1,-0.20798980632058892,0.19561,0.19775648585520966
1.5,0.1,-0.20137198076433313,0.2006,0.20265272482224145
1.5,0.1,-0.19478755171998235,0.20559,0.20773518610946873
1.5,0.1,-0.18881759072233442,0.21058,0.2125345634961815
1.5,0.1,-0.18349568268608818,0.21557,0.21697356482195534
1.5,0.1,-0.1777063011737616,0.22056,0.22198214209589612
1.5,0.1,-0.17228307319844016,0.22555,0.22685108705931473
1.5,0.1,-0.1668663274217517,0.23054,0.2318925616840644
1.5,0.1,-0.16133393030076368,0.23553,0.23723326967947234
1.5,0.1,-0.15678310152226346,0.24052,0.24177711530725615
1.5,0.1,-0.15186558083255453,0.24551,0.24684553733559866
1.5,0.1,-0.14722643644654732,0.2505,0.25178291761965227
1.5,0.1,-0.14282742118605923,0.25549,0.25660897678493766
1.5,0.1,-0.13856921868294256,0.26048,0.2614182250621034
1.5,0.1,-0.13444286469998976,0.26547,0.26621128685962697
1.5,0.1,-0.12982023168590978,0.27046,0.27174008478550515
1.5,0.1,-0.12565404984460493,0.27545,0.27687077561462414
1.5,0.1,-0.12159718376919093,0.28044,0.28200470083733387
1.5,0.1,-0.11783057677431381,0.28543,0.28689559719130064
1.5,0.1,-0.11404344273595335,0.29042,0.29193605458525673
1.5,0.1,-0.11026156720091025,0.29541,0.29709455583609445
1.5,0.1,-0.10674275639103248,0.3004,0.30200812549475176
1.5,0.1,-0.10336297398578355,0.30539,0.3068322504589852
1.5,0.1,-0.09987795396168651,0.31038,0.31191517893222764
1.5,0.1,-0.09632862843328277,0.31537,0.3172062758399994
1.5,0.1,-0.09303837469784289,0.32036,0.32221502605932495
1.5,0.1,-0.08970776302377349,0.32535,0.32738754131860376
1.5,0.1,-0.08655536515306428,0.33034,0.33237844252060056
1.5,0.1,-0.0833307719346608,0.33533,0.3375795205580385
1.5,0.1,-0.08020584667470733,0.34032,0.34271229050043167
1.5,0.1,-0.07730567515656564,0.34531,0.3475570928514399
1.5,0.1,-0.07429947071269334,0.3503,0.3526611375571921
1.5,0.1,-0.07135698788937268,0.35529,0.35773738421447276
1.5,0.1,-0.06869470761041915,0.36028,0.3623981588335725
1.5,0.1,-0.06589564434750175,0.36527,0.36736721763822067
1.5,0.1,-0.06316561627686815,0.37026,0.37228079615630216
1.5,0.1,-0.06022274140997705,0.37525,0.3776504601670334
1.5,0.1,-0.05753682011988695,0.38024,0.3826161602064569
1.5,0.1,-0.055067212065046486,0.38523,0.38723545109995466
1.5,0.1,-0.05264203390104823,0.39022,0.3918204223960583
1.5,0.1,-0.05017638331605112,0.39521,0.39653026940948644
1.5,0.1,-0.04737891945001697,0.4002,0.40193131247458863
1.5,0.1,-0.044895982673118645,0.40519,0.40677455813534324
1.5,0.1,-0.04247681025257253,0.41018,0.41153657686403344
1.5,0.1,-0.04003421912205063,0.41517,0.4163862830424088
1.5,0.1,-0.03751566170334197,0.42016,0.42142874884847625
1.5,0.1,-0.03502717937750337,0.42515,0.42645086108697244
1.5,0.1,-0.0325531678609377,0.43014,0.43148100463328753
1.5,0.1,-0.030221768926866933,0.43513,0.43625325896175504
1.5,0.1,-0.027723591117571448,0.44012,0.4413992830951798
1.5,0.1,-0.025321784591384427,0.44511,0.44637620820061946
1.5,0.1,-0.02284245833146225,0.4501,0.4515416519177361
1.5,0.1,-0.020265155067007563,0.45509,0.45693858536422644
1.5,0.1,-0.01801398774252118,0.46008,0.4616731586921317
1.5,0.1,-0.015676463347424903,0.46507,0.4666074257906488
1.5,0.1,-0.013363089787717589,0.47006,0.471506630046055
1.5,0.1,-0.010752494088906406,0.47505,0.47705146631601875
1.5,0.1,-0.008474479636605997,0.48004,0.4819014506539046
1.5,0.1,-0.0061715231130920435,0.48503,0.48681309465803313
1.5,0.1,-0.003811232499847437,0.49002,0.491853525691929
1.5,0.1,-0.0015143380038740808,0.49501,0.49676252122527026
1.5,0.1,0.0007263567521348574,0.5,0.5015529076037635
1.5,0.1,0.0032247513185861046,0.50499,0.5068933037151891
1.5,0.1,0.005568659822926023,0.50998,0.511900011410897
1.5,0.1,0.007838164167395351,0.51497,0.5167422064836045
1.5,0.1,0.010250806239104555,0.51996,0.5218812572762614
1.5,0.1,0.012672801950237254,0.52495,0.5270287634380489
1.5,0.1,0.014881297569550497,0.52994,0.5317102642096545
1.5,0.1,0.01721005134637279,0.53493,0.5366317825391762
1.5,0.1,0.019670963632530097,0.53992,0.5418135067755946
1.5,0.1,0.02209084906590181,0.54491,0.5468872179884203
1.5,0.1,0.02449126303675344,0.5499,0.5518965136861487
1.5,0.1,0.026611696305427045,0.55489,0.5563001438845228
1.5,0.1,0.029000768306389684,0.55988,0.561235634664348
1.5,0.1,0.031380976378413736,0.56487,0.5661233498425231
1.5,0.1,0.03394709305189666,0.56986,0.571357557648405
1.5,0.1,0.036399916952034886,0.57485,0.5763242977792717
1.5,0.1,0.03884555732551906,0.57984,0.5812390546442228
1.5,0.1,0.041166984573321734,0.58483,0.5858678846099659
1.5,0.1,0.04379947728391959,0.58982,0.5910722096138888
1.5,0.1,0.0462830690652261,0.59481,0.5959367431130701
1.5,0.1,0.04881751737529206,0.5998,0.6008536790648882
1.5,0.1,0.051622544450200654,0.60479,0.6062380050066112
1.5,0.1,0.05426469152223806,0.60978,0.6112526231718757
1.5,0.1,0.056885561219502126,0.61477,0.616170619682913
1.5,0.1,0.05952410349088547,0.61976,0.621063811718593
1.5,0.1,0.06209931619156798,0.62475,0.6257822783567334
1.5,0.1,0.06490532831162,0.62974,0.6308579892272878
1.5,0.1,0.0678606560735,0.63473,0.6361285253851818
1.5,0.1,0.0708316558948612,0.63972,0.6413480217476164
1.5,0.1,0.07363605761814636,0.64471,0.6462012908487179
1.5,0.1,0.07678952537235555,0.6497,0.6515724991846065
1.5,0.1,0.0796489579474011,0.65469,0.6563634685241411
1.5,0.1,0.08267965988846396,0.65968,0.6613585105546482
1.5,0.1,0.08584305768396126,0.66467,0.6664809922220486
1.5,0.1,0.0889822756228364,0.66966,0.6714720669617812
1.5,0.1,0.09217901398828424,0.67465,0.6764602396589022
1.5,0.1,0.0955252903441728,0.67964,0.6815800484606953
1.5,0.1,0.09883045944136062,0.68463,0.686535335041997
1.5,0.1,0.10239038351667587,0.68962,0.6917603566561212
1.5,0.1,0.10599169302772075,0.69461,0.6969287529640387
1.5,0.1,0.10940387666459238,0.6996,0.7017179664670762
1.5,0.1,0.11302933491671603,0.70459,0.7066930391139556
1.5,0.1,0.11672065153088232,0.70958,0.71164001762185
1.5,0.1,0.12034216925218683,0.71457,0.7163790879763612
1.5,0.1,0.12402464870134346,0.71956,0.7210837441191001
1.5,0.1,0.12812531848091185,0.72455,0.7261897230843518
1.5,0.1,0.1318799434667402,0.72954,0.7307444500744427
1.5,0.1,0.13594150340204467,0.73453,0.7355448124563505
1.5,0.1,0.14009505404635916,0.73952,0.7403208729446631
1.5,0.1,0.1441853518601254,0.74451,0.7448960146408328
1.5,0.1,0.14888117364761416,0.7495,0.7499958737143542
1.5,0.1,0.15335585775464006,0.75449,0.754708177409197
1.5,0.1,0.15849430640308645,0.75948,0.7599477429699966
1.5,0.1,0.1633355350452848,0.76447,0.764721827291184
1.5,0.1,0.16855840407808467,0.76946,0.7697018700432416
1.5,0.1,0.17434703573233995,0.77445,0.7750225949089373
1.5,0.1,0.179938572673327,0.77944,0.7799717503048458
1.5,0.1,0.18561884428776165,0.78443,0.7848159473571772
1.5,0.1,0.1919964530766282,0.78942,0.7900441840096799
1.5,0.1,0.1983931368180303,0.79441,0.7950746538906797
1.5,0.1,0.20488915792086737,0.7994,0.7999752448835058
1.5,0.1,0.2117271203707294,0.80439,0.8049187826948665
1.5,0.1,0.21993148784844227,0.80938,0.810575184155126
1.5,0.1,0.227397763086548,0.81437,0.8154770552732595
1.5,0.1,0.2354909116838736,0.81936,0.8205421717078207
1.5,0.1,0.24414759531886632,0.82435,0.825691700317873
1.5,0.1,0.25292509002109087,0.82934,0.8306482849197563
1.5,0.1,0.2623124937357502,0.83433,0.8356741128372731
1.5,0.1,0.2719181642159871,0.83932,0.840542778151437
1.5,0.1,0.2815770977816793,0.84431,0.8451787278164955
1.5,0.1,0.292075225765734,0.8493,0.8499435308810412
1.5,0.1,0.3041897083773658,0.85429,0.8551147610827239
1.5,0.1,0.3182753818215217,0.85928,0.8607245879274414
1.5,0.1,0.3315558019754973,0.86427,0.8656530550062131
1.5,0.1,0.3459030923731299,0.86926,0.8706210562105781
1.5,0.1,0.3608917709739679,0.87425,0.8754528995053472
1.5,0.1,0.37737323924706406,0.87924,0.8803849017457462
1.5,0.1,0.3955715913645685,0.88423,0.885414954585344
1.5,0.1,0.4147748735283538,0.88922,0.8903011380231936
1.5,0.1,0.43625179509241657,0.89421,0.8953118510267033
1.5,0.1,0.45928842025452077,0.8992,0.900217459408687
1.5,0.1,0.4821030296613769,0.90419,0.9046558412137375
1.5,0.1,0.5109687985666032,0.90918,0.909750236530614
1.5,0.1,0.5451363970135001,0.91417,0.9151344208093036
1.5,0.1,0.5769080727684248,0.91916,0.9196066160522958
1.5,0.1,0.6168787692547341,0.92415,0.9246168593499628
1.5,0.1,0.6610773505369492,0.92914,0.9294880608116246
1.5,0.1,0.7125510320606131,0.93413,0.934433586332566
1.5,0.1,0.7755926984027647,0.93912,0.9396306892147717
1.5,0.1,0.8447819641773028,0.94411,0.9444710555163562
1.5,0.1,0.9240474183114914,0.9491,0.949150070160611
1.5,0.1,1.026792040224427,0.95409,0.9541644583778197
1.5,0.1,1.1624144832072438,0.95908,0.9594508284862069
1.5,0.1,1.3448828344983603,0.96407,0.9649044625088223
1.5,0.1,1.5597157181112085,0.96906,0.969707032986765
1.5,0.1,1.8524934937366675,0.97405,0.9744722816317832
1.5,0.1,2.262032385434042,0.97904,0.9790792917960744
1.5,0.1,2.967203329737871,0.98403,0.984041583973998
1.5,0.1,4.311293734502316,0.98902,0.9890119404740185
1.5,0.1,8.01968460090066,0.99401,0.9940912720421335
1.5,0.1,43.19505375682403,0.999,0.9989028514538496
1.5,1.0,-335.9313763373129,0.001,0.0008576660611288034
1.5,1.0,-53.84067240125786,0.00599,0.005350796819090564
1.5,1.0,-28.832996281034337,0.01098,0.009989355367804265
1.5,1.0,-19.212061477785593,0.01597,0.014985624760647409
1.5,1.0,-14.48187865596129,0.02096,0.0198691994757077
1.5,1.0,-11.56160345654135,0.02595,0.02486948727491478
1.5,1.0,-9.491947837111017,0.03094,0.030262391747365724
1.5,1.0,-8.235033557894377,0.03593,0.03484693885634632
1.5,1.0,-7.17219151624108,0.04092,0.03996023636533946
1.5,1.0,-6.364603628434581,0.04591,0.044967206318452524
1.5,1.0,-5.754192208221983,0.0509,0.049663948966428395
1.5,1.0,-5.212092782425774,0.05589,0.05473281529499052
1.5,1.0,-4.740825446697784,0.06088,0.060051012119609726
1.5,1.0,-4.35934750858298,0.06587,0.0651659727563676
1.5,1.0,-4.045874353531487,0.07086,0.07005905759125991
1.5,1.0,-3.7631340293039197,0.07585,0.0751359229012219
1.5,1.0,-3.518290315207342,0.08084,0.08015317106000602
1.5,1.0,-3.303883912575923,0.08583,0.08511722224501606
1.5,1.0,-3.1125174960168884,0.09082,0.09008282679449925
1.5,1.0,-2.9522150805545317,0.09581,0.09469735412756858
1.5,1.0,-2.7907015256276964,0.1008,0.09983431983407742
1.5,1.0,-2.656283618661549,0.10579,0.1045384580046449
1.5,1.0,-2.5304513309163505,0.11078,0.10934581443463326
1.5,1.0,-2.4024842665437407,0.11577,0.11468976368330408
1.5,1.0,-2.280857243833133,0.12076,0.12025242894052807
1.5,1.0,-2.1788263677160984,0.12575,0.1253301598065209
1.5,1.0,-2.0793315406895303,0.13074,0.13068802925227446
1.5,1.0,-1.993930643392642,0.13573,0.13564308487471016
1.5,1.0,-1.9129359024028236,0.14072,0.14067897353115072
1.5,1.0,-1.8343633886344723,0.14571,0.1459087455756633
1.5,1.0,-1.7614484432996482,0.1507,0.15109491676950154
1.5,1.0,-1.6986237568914795,0.15569,0.15584379707503732
1.5,1.0,-1.637792886908881,0.16068,0.16071013507452475
1.5,1.0,-1.5791929088223284,0.16567,0.16566723648688536
1.5,1.0,-1.52497413768511,0.17066,0.17050691904305676
1.5,1.0,-1.4727634980100675,0.17565,0.1754141088552254
1.5,1.0,-1.420343561200154,0.18064,0.18060171807888975
1.5,1.0,-1.3762213727519512,0.18563,0.1851840901375572
1.5,1.0,-1.3289228065778373,0.19062,0.19032963790096363
1.5,1.0,-1.2867352238461023,0.19561,0.1951350112257132
1.5,1.0,-1.2442174169076958,0.2006,0.20019605358706755
1.5,1.0,-1.2041687814855706,0.20559,0.20517450993102337
1.5,1.0,-1.1638568702656793,0.21058,0.21040400668042203
1.5,1.0,-1.1274874087822164,0.21557,0.21531966043135398
1.5,1.0,-1.0900846351157414,0.22056,0.2205801956664964
1.5,1.0,-1.0573788474237775,0.22555,0.22535847205260745
1.5,1.0,-1.025708055647512,0.23054,0.2301509706742485
1.5,1.0,-0.9961235156504307,0.23553,0.23478057942573016
1.5,1.0,-0.9642100931276371,0.24052,0.2399464350202551
1.5,1.0,-0.9337451646211323,0.24551,0.2450503135734512
1.5,1.0,-0.9059073646457421,0.2505,0.24986657918194316
1.5,1.0,-0.8765369207396498,0.25549,0.25511116527087363
1.5,1.0,-0.8501855599012764,0.26048,0.2599636060218292
1.5,1.0,-0.8241711680473452,0.26547,0.2648942942633651
1.5,1.0,-0.7979952732773039,0.27046,0.27000005065117094
1.5,1.0,-0.77177866322618,0.27545,0.2752626915379056
1.5,1.0,-0.7469970366954557,0.28044,0.28037757858849555
1.5,1.0,-0.722871167070722,0.28543,0.2854909556538332
1.5,1.0,-0.7005412417331922,0.29042,0.2903436176108314
1.5,1.0,-0.6800438095800896,0.29541,0.29490123447662153
1.5,1.0,-0.657361509231398,0.3004,0.3000615076021422
1.5,1.0,-0.6354400081082622,0.30539,0.3051669182172876
1.5,1.0,-0.6148991026039726,0.31038,0.31005750494312345
1.5,1.0,-0.593848163717899,0.31537,0.31517770700568765
1.5,1.0,-0.5725323774731184,0.32036,0.32047481431406355
1.5,1.0,-0.5523030745145099,0.32535,0.32560725770730947
1.5,1.0,-0.5340173461625874,0.33034,0.3303352225312519
1.5,1.0,-0.5161975956433726,0.33533,0.33502384257610285
1.5,1.0,-0.49754216187796957,0.34032,0.3400181752732576
1.5,1.0,-0.4795734640269137,0.34531,0.3449115339938985
1.5,1.0,-0.46095566486825607,0.3503,0.3500671249549986
1.5,1.0,-0.44388742258314956,0.35529,0.3548696063781328
1.5,1.0,-0.42553498011020136,0.36028,0.3601138765232137
1.5,1.0,-0.4078399714441459,0.36527,0.36524842363085763
1.5,1.0,-0.39055143838032946,0.37026,0.3703381739887244
1.5,1.0,-0.3723553220620642,0.37525,0.3757720072501316
1.5,1.0,-0.355957180402768,0.38024,0.3807352691727099
1.5,1.0,-0.3405160943848925,0.38523,0.3854652105914557
1.5,1.0,-0.32482630134903656,0.39022,0.3903261045039873
1.5,1.0,-0.3089763863520703,0.39521,0.3952912921675862
1.5,1.0,-0.29392366215896604,0.4002,0.40005625128390865
1.5,1.0,-0.2787805900138349,0.40519,0.40489700505761783
1.5,1.0,-0.2646624287432593,0.41018,0.4094513914625763
1.5,1.0,-0.2500598650341059,0.41517,0.41420245118965815
1.5,1.0,-0.2350631097298021,0.42016,0.41912286727933923
1.5,1.0,-0.22005349691635814,0.42515,0.42408737374792393
1.5,1.0,-0.20447304820524595,0.43014,0.42928078361082594
1.5,1.0,-0.18982468933355703,0.43513,0.43419871668121907
1.5,1.0,-0.17503397098140056,0.44012,0.4391969817343691
1.5,1.0,-0.16071271582120145,0.44511,0.444065721146338
1.5,1.0,-0.14626792394801919,0.4501,0.44900338505237114
1.5,1.0,-0.1317158931005002,0.45509,0.45400285572219423
1.5,1.0,-0.11680474908761793,0.46008,0.4591494956619329
1.5,1.0,-0.10294036572061827,0.46507,0.4639542435834579
1.5,1.0,-0.08975559595940448,0.47006,0.4685388561329057
1.5,1.0,-0.07585403643037451,0.47505,0.47338689706358156
1.5,1.0,-0.06133197582840403,0.48004,0.47846454623472334
1.5,1.0,-0.04781497306302558,0.48503,0.4832007133585438
1.5,1.0,-0.03308404928143025,0.49002,0.4883706409743511
1.5,1.0,-0.01877754989810128,0.49501,0.493397520767154
1.5,1.0,-0.005770813966551843,0.5,0.4979706283015184
1.5,1.0,0.008931361012916115,0.50499,0.5031407542745466
1.5,1.0,0.023096828349828406,0.50998,0.5081206075515966
1.5,1.0,0.03768698194467593,0.51497,0.5132455804973473
1.5,1.0,0.051796629075284345,0.51996,0.5181952708553984
1.5,1.0,0.0667687352306723,0.52495,0.5234378458654674
1.5,1.0,0.08127738706864826,0.52994,0.528506044137255
1.5,1.0,0.0954990914748314,0.53493,0.5334599972188767
1.5,1.0,0.10951560297865717,0.53992,0.5383266194233279
1.5,1.0,0.12434695200409487,0.54491,0.5434565814174741
1.5,1.0,0.13987172155394312,0.5499,0.5488021226563934
1.5,1.0,0.15360574686770262,0.55489,0.5535081502236108
1.5,1.0,0.1679649805923789,0.55988,0.5584032548987753
1.5,1.0,0.18256908468612482,0.56487,0.5633533323513037
1.5,1.0,0.1987179609699183,0.56986,0.5687910014178428
1.5,1.0,0.21402652106279435,0.57485,0.5739083858950622
1.5,1.0,0.22897756526231267,0.57984,0.5788690074055951
1.5,1.0,0.24498940207618755,0.58483,0.5841385088258748
1.5,1.0,0.2603463804741727,0.58982,0.5891485573787805
1.5,1.0,0.2767398280888029,0.59481,0.5944470930753598
1.5,1.0,0.29425871920036323,0.5998,0.6000503259467628
1.5,1.0,0.31029369645627125,0.60479,0.6051234301171434
1.5,1.0,0.3270497691978117,0.60978,0.6103660620025247
1.5,1.0,0.34267716954950267,0.61477,0.6152000201438161
1.5,1.0,0.3591549584187085,0.61976,0.6202374868657055
1.5,1.0,0.37537506945409954,0.62475,0.6251351669045873
1.5,1.0,0.3903988905467266,0.62974,0.6296165972194341
1.5,1.0,0.40806968318731907,0.63473,0.6348187191388498
1.5,1.0,0.42540489122026615,0.63972,0.6398486544893134
1.5,1.0,0.44137113350094026,0.64471,0.6444162711292742
1.5,1.0,0.4572418930582205,0.6497,0.6488941028394567
1.5,1.0,0.47528746002912403,0.65469,0.6539092891956008
1.5,1.0,0.49382276170353084,0.65968,0.6589755991187848
1.5,1.0,0.5121475929801919,0.66467,0.6638993715106989
1.5,1.0,0.5326715622414092,0.66966,0.6693134803431424
1.5,1.0,0.5528072580910668,0.67465,0.67452191072195
1.5,1.0,0.5718435657827912,0.67964,0.6793521150423041
1.5,1.0,0.5906178681053892,0.68463,0.6840268410414702
1.5,1.0,0.6107554625279598,0.68962,0.6889433273632559
1.5,1.0,0.6305306548233812,0.69461,0.6936736440915082
1.5,1.0,0.6512758071507815,0.6996,0.6985328784792709
1.5,1.0,0.6732171462437998,0.70459,0.7035586742440485
1.5,1.0,0.6967121007582422,0.70958,0.7088125192307482
1.5,1.0,0.7186900121084456,0.71457,0.7136092467661102
1.5,1.0,0.742605479268667,0.71956,0.7187015585665114
1.5,1.0,0.7642415714394649,0.72455,0.7231962373557095
1.5,1.0,0.788805602607983,0.72954,0.728172397856111
1.5,1.0,0.8151268191926836,0.73453,0.733358126891577
1.5,1.0,0.8413090488169093,0.73952,0.7383698234789045
1.5,1.0,0.8678788278542957,0.74451,0.743310040205487
1.5,1.0,0.8969126706932249,0.7495,0.7485453048859815
1.5,1.0,0.9242753829579359,0.75449,0.753327896503787
1.5,1.0,0.9535920509745996,0.75948,0.7582941385340969
1.5,1.0,0.9847976891822791,0.76447,0.7634068431520376
1.5,1.0,1.0175059328996925,0.76946,0.7685805281092859
1.5,1.0,1.050134728640963,0.77445,0.7735599255818952
1.5,1.0,1.0859974189316324,0.77944,0.7788319232851972
1.5,1.0,1.1193303631274378,0.78443,0.7835511647831772
1.5,1.0,1.1545064848916895,0.78942,0.788350487080252
1.5,1.0,1.194221582014703,0.79441,0.79355587568941
1.5,1.0,1.2352311739675674,0.7994,0.798705102368294
1.5,1.0,1.2782381670935494,0.80439,0.803871442979393
1.5,1.0,1.3219774803923419,0.80938,0.8088935803441738
1.5,1.0,1.366315673856137,0.81437,0.8137587357490456
1.5,1.0,1.4110429645505183,0.81936,0.8184492127645866
1.5,1.0,1.4626888152418607,0.82435,0.8236097026944293
1.5,1.0,1.5132352952932402,0.82934,0.8284114623044574
1.5,1.0,1.571952928354941,0.83433,0.8337009808449354
1.5,1.0,1.6264654125248337,0.83932,0.8383528750831756
1.5,1.0,1.6933609475827447,0.84431,0.8437459106964103
1.5,1.0,1.7622728122597417,0.8493,0.8489656206332356
1.5,1.0,1.8304489975255913,0.85429,0.8538212509979632
1.5,1.0,1.9049211745264214,0.85928,0.8588036536847721
1.5,1.0,1.9847143130261111,0.86427,0.8638010087573341
1.5,1.0,2.0726514529868623,0.86926,0.8689367237984095
1.5,1.0,2.164454960162731,0.87425,0.8739217913746173
1.5,1.0,2.2662333391334646,0.87924,0.8790439599282067
1.5,1.0,2.373687099929856,0.88423,0.8840380993218311
1.5,1.0,2.4951279413789886,0.88922,0.889227423972688
1.5,1.0,2.6148594283477187,0.89421,0.8939245438116554
1.5,1.0,2.7554472187784587,0.8992,0.898971952281498
1.5,1.0,2.9021775773709364,0.90419,0.9037668675120432
1.5,1.0,3.0809427098528923,0.90918,0.9090431775337209
1.5,1.0,3.255163605014153,0.91417,0.9136699610051386
1.5,1.0,3.476255164749171,0.91916,0.9189187638812703
1.5,1.0,3.742934649225502,0.92415,0.9244736036775167
1.5,1.0,4.02355733245501,0.92914,0.9295648816707082
1.5,1.0,4.31641005662414,0.93413,0.934204010669381
1.5,1.0,4.670060562958196,0.93912,0.9390609548970856
1.5,1.0,5.068425083743274,0.94411,0.9437474210514811
1.5,1.0,5.554215354194854,0.9491,0.9485783489204533
1.5,1.0,6.137386226167297,0.95409,0.9533913045265063
1.5,1.0,6.8663362637674785,0.95908,0.9582796580973655
1.5,1.0,7.812436524254286,0.96407,0.9632843432302056
1.5,1.0,9.046100547884254,0.96906,0.9682557322981982
1.5,1.0,10.791985513571099,0.97405,0.9733649678079259
1.5,1.0,13.487084409407446,0.97904,0.9786695012355244
1.5,1.0,17.879046786842864,0.98403,0.9838989254196777
1.5,1.0,26.608981438518487,0.98902,0.9891763393762256
1.5,1.0,48.389328794155155,0.99401,0.994046537780227
1.5,1.0,292.9949792171233,0.999,0.9990166496306594
1.5,10.0,-292.12581396477066,0.001,0.0010896286039734915
1.5,10.0,-54.64604828532344,0.00599,0.005824288708649594
1.5,10.0,-29.34244760555984,0.01098,0.010843905752738359
1.5,10.0,-20.58393311924012,0.01597,0.015451848612137942
1.5,10.0,-15.549627791849993,0.02096,0.0204424281837014
1.5,10.0,-12.38069226103791,0.02595,0.02565449206455639
1.5,10.0,-10.414818251363503,0.03094,0.03046976519389266
1.5,10.0,-8.932561084094448,0.03593,0.0354870258283716
1.5,10.0,-7.835727437481148,0.04092,0.04040447765600691
1.5,10.0,-6.938817444981549,0.04591,0.04556010045471409
1.5,10.0,-6.25987782495347,0.0509,0.05042317660203033
1.5,10.0,-5.686209993924958,0.05589,0.055412636554559636
1.5,10.0,-5.182617378225596,0.06088,0.060673115841364256
1.5,10.0,-4.77772151827928,0.06587,0.06567568681143027
1.5,10.0,-4.44556313522354,0.07086,0.07042942063655466
1.5,10.0,-4.126539298972168,0.07585,0.07567833940811858
1.5,10.0,-3.8546297009385575,0.08084,0.08079738668823117
1.5,10.0,-3.6206292484228464,0.08583,0.08577717133535318
1.5,10.0,-3.411771075110108,0.09082,0.09075563343915216
1.5,10.0,-3.2264898254107788,0.09581,0.09566668894283464
1.5,10.0,-3.060486954783688,0.1008,0.100525360084597
1.5,10.0,-2.9085206336172713,0.10579,0.10541034077473832
1.5,10.0,-2.76132538781404,0.11078,0.11059776464344839
1.5,10.0,-2.631629434599115,0.11577,0.1155912556570583
1.5,10.0,-2.507261420866163,0.12076,0.12080092666945141
1.5,10.0,-2.4005281206717113,0.12575,0.1256410532837729
1.5,10.0,-2.298669542774971,0.13074,0.13061494858481792
1.5,10.0,-2.20101241735354,0.13573,0.13574458789162752
1.5,10.0,-2.119748737633523,0.14072,0.14030991011464417
1.5,10.0,-2.0370560114038705,0.14571,0.1452590562231743
1.5,10.0,-1.9563917149362218,0.1507,0.15040901874958673
1.5,10.0,-1.8742791767176614,0.15569,0.15600908735554542
1.5,10.0,-1.8004132320597173,0.16068,0.1613834500523616
1.5,10.0,-1.7329024904950556,0.16567,0.16659891687925205
1.5,10.0,-1.6732652227216713,0.17066,0.17146649959602833
1.5,10.0,-1.6208769260521283,0.17565,0.17595839092614274
1.5,10.0,-1.5683141015823199,0.18064,0.18068166314110062
1.5,10.0,-1.5170281769938097,0.18563,0.18551229648500234
1.5,10.0,-1.4673132789875443,0.19062,0.19041735190136166
1.5,10.0,-1.4174499641395353,0.19561,0.19557040635605688
1.5,10.0,-1.3713731465417545,0.2006,0.2005521462601405
1.5,10.0,-1.328302034973334,0.20559,0.20541070412569096
1.5,10.0,-1.285761921581962,0.21058,0.21041086069893067
1.5,10.0,-1.2448717381171583,0.21557,0.21541533419684855
1.5,10.0,-1.207579005429833,0.22056,0.22015701823202027
1.5,10.0,-1.166650348192528,0.22555,0.22556494799773846
1.5,10.0,-1.1281546997331118,0.23054,0.2308549134559903
1.5,10.0,-1.0920636489995779,0.23553,0.23600144169906728
1.5,10.0,-1.0572260783125336,0.24052,0.24114782255522332
1.5,10.0,-1.0258150054732593,0.24551,0.245943989606908
1.5,10.0,-0.9949819934267277,0.2505,0.25080064769399507
1.5,10.0,-0.9663829563387915,0.25549,0.2554412570051399
1.5,10.0,-0.9363313621505568,0.26048,0.2604625986247452
1.5,10.0,-0.9082393106331792,0.26547,0.26529465021372356
1.5,10.0,-0.8791502230721122,0.27046,0.2704426324301743
1.5,10.0,-0.8491862157856515,0.27545,0.2759030184869917
1.5,10.0,-0.8232743950369128,0.28044,0.2807569323193486
1.5,10.0,-0.7982511586657463,0.28543,0.28556301221775393
1.5,10.0,-0.771849015505453,0.29042,0.2907626675252577
1.5,10.0,-0.7461323410955596,0.29541,0.2959566121470555
1.5,10.0,-0.721769425455859,0.3004,0.30099667053815277
1.5,10.0,-0.69875051700884,0.30539,0.3058669725494321
1.5,10.0,-0.6731199296951889,0.31038,0.3114150954609347
1.5,10.0,-0.64972007464081,0.31537,0.3165967154660114
1.5,10.0,-0.6267600524184203,0.32036,0.32178976344529
1.5,10.0,-0.6052551277758442,0.32535,0.32675201152615246
1.5,10.0,-0.5850172673836903,0.33034,0.3315090488375492
1.5,10.0,-0.5628811056184188,0.33533,0.3368092320484103
1.5,10.0,-0.5430057381042084,0.34032,0.34165436562156604
1.5,10.0,-0.5231845759906562,0.34531,0.346567385649897
1.5,10.0,-0.5031744697852255,0.3503,0.3516090371473387
1.5,10.0,-0.48369894506001654,0.35529,0.35659441605911946
1.5,10.0,-0.46455758170221134,0.36028,0.3615689888033318
1.5,10.0,-0.44627233417235423,0.36527,0.366389528484208
1.5,10.0,-0.4292285105098485,0.37026,0.3709422831518241
1.5,10.0,-0.4096818994111532,0.37525,0.37623319747402173
1.5,10.0,-0.3910209257897675,0.38024,0.3813525647792906
1.5,10.0,-0.37404088970113303,0.38523,0.38606748840967037
1.5,10.0,-0.3569469728888258,0.39022,0.3908673905098557
1.5,10.0,-0.33886560305262864,0.39521,0.3960013781861188
1.5,10.0,-0.3209911191269442,0.4002,0.4011323950050162
1.5,10.0,-0.3050841118818486,0.40519,0.40574380620881756
1.5,10.0,-0.28746183458146185,0.41018,0.410900424917489
1.5,10.0,-0.26990069244463355,0.41517,0.41608737946592833
1.5,10.0,-0.25206250397000385,0.42016,0.4214032732636624
1.5,10.0,-0.23541987946436957,0.42515,0.42640362585960007
1.5,10.0,-0.2188839628664764,0.43014,0.4314088218451441
1.5,10.0,-0.2022622188141402,0.43513,0.4364749530155282
1.5,10.0,-0.18623863586609943,0.44012,0.44138987224442955
1.5,10.0,-0.16919405497625228,0.44511,0.4466491159009239
1.5,10.0,-0.15280958104105047,0.4501,0.4517325822013986
1.5,10.0,-0.13675590627137357,0.45509,0.4567376112933905
1.5,10.0,-0.12045156681287905,0.46008,0.46184290199686806
1.5,10.0,-0.10346837766939747,0.46507,0.46718177408243944
1.5,10.0,-0.08783178069437755,0.47006,0.47211383749871655
1.5,10.0,-0.07116316599560103,0.47505,0.4773861829182668
1.5,10.0,-0.055328091082110495,0.48004,0.482406459428508
1.5,10.0,-0.03987503639224213,0.48503,0.4873141024599804
1.5,10.0,-0.02431065041392872,0.49002,0.4922632035623659
1.5,10.0,-0.009286392737565078,0.49501,0.49704413435111067
1.5,10.0,0.006486712495374702,0.5,0.5020647557565568
1.5,10.0,0.022150694538272103,0.50499,0.5070496322331558
1.5,10.0,0.038451210307675156,0.50998,0.5122333737555353
1.5,10.0,0.053294056591385676,0.51497,0.5169479916750997
1.5,10.0,0.06937878463931994,0.51996,0.5220486219415634
1.5,10.0,0.08376552685117251,0.52495,0.5266012938654134
1.5,10.0,0.10046523181412852,0.52994,0.5318721323358465
1.5,10.0,0.11581955371888915,0.53493,0.5367029786048843
1.5,10.0,0.132094808468649,0.53992,0.5418050519788783
1.5,10.0,0.1482152132544404,0.54491,0.5468373833775204
1.5,10.0,0.16285834406054137,0.5499,0.5513882694219763
1.5,10.0,0.17916199493531093,0.55489,0.556430331219698
1.5,10.0,0.1963035350681254,0.55988,0.5617007914843154
1.5,10.0,0.21223784091116374,0.56487,0.5665695939009303
1.5,10.0,0.228789671617261,0.56986,0.5715938030369565
1.5,10.0,0.24507512438283255,0.57485,0.576502006605956
1.5,10.0,0.2618076375230287,0.57984,0.581506585596742
1.5,10.0,0.2790925404181643,0.58483,0.5866334525129256
1.5,10.0,0.29563690580634494,0.58982,0.5914979108768074
1.5,10.0,0.31269150820644076,0.59481,0.5964667805117307
1.5,10.0,0.3293830734079541,0.5998,0.6012833783221971
1.5,10.0,0.3465145068331757,0.60479,0.6061774620358691
1.5,10.0,0.3637887373790209,0.60978,0.6110600939520041
1.5,10.0,0.3812073246973117,0.61477,0.6159289608255921
1.5,10.0,0.39951100837111975,0.61976,0.6209847371853094
1.5,10.0,0.4165613378733899,0.62475,0.6256373477579897
1.5,10.0,0.4359658837785326,0.62974,0.6308642176725308
1.5,10.0,0.45536370673560733,0.63473,0.6360155410597562
1.5,10.0,0.4735034980325578,0.63972,0.6407651041756205
1.5,10.0,0.4924036863226715,0.64471,0.6456433606941139
1.5,10.0,0.5112830535570205,0.6497,0.6504438375100277
1.5,10.0,0.5304850950232363,0.65469,0.6552515782508048
1.5,10.0,0.5526504046801676,0.65968,0.6607069561922777
1.5,10.0,0.5732158207286795,0.66467,0.6656778727704743
1.5,10.0,0.5947077044306595,0.66966,0.670779307943123
1.5,10.0,0.6160941022281314,0.67465,0.6757609871143155
1.5,10.0,0.6365310197652034,0.67964,0.680433432527028
1.5,10.0,0.6591826935526321,0.68463,0.6855121092483445
1.5,10.0,0.6821254283521383,0.68962,0.6905494033881578
1.5,10.0,0.7047426975738541,0.69461,0.6954110425989871
1.5,10.0,0.727402713540428,0.6996,0.7001791347728117
1.5,10.0,0.7512694898351729,0.70459,0.705091225493482
1.5,10.0,0.7772235074127691,0.70958,0.7103066170104757
1.5,10.0,0.8019548521606216,0.71457,0.715155770859463
1.5,10.0,0.8289356570497508,0.71956,0.720314147337249
1.5,10.0,0.8565784262030233,0.72455,0.7254591481560597
1.5,10.0,0.8839751283758616,0.72954,0.7304215680799315
1.5,10.0,0.9115161955028936,0.73453,0.7352759926492747
1.5,10.0,0.9403628305493986,0.73952,0.7402198051399596
1.5,10.0,0.9687669567946834,0.74451,0.7449506707807323
1.5,10.0,0.998171281077299,0.7495,0.7497086840577276
1.5,10.0,1.0293262041127096,0.75449,0.7545996404798926
1.5,10.0,1.0617902213146326,0.75948,0.7595366409523936
1.5,10.0,1.0960325835983165,0.76447,0.7645736087229249
1.5,10.0,1.1279663250149226,0.76946,0.7691187010681968
1.5,10.0,1.1639175798524763,0.77445,0.7740661337364372
1.5,10.0,1.202483972227002,0.77944,0.7791815891619522
1.5,10.0,1.2404082961346465,0.78443,0.7840262251919814
1.5,10.0,1.28156914118717,0.78942,0.789085095958269
1.5,10.0,1.3235479163078754,0.79441,0.7940406220880859
1.5,10.0,1.366706635666408,0.7994,0.7989310623672783
1.5,10.0,1.4115843064069613,0.80439,0.8038074051340506
1.5,10.0,1.4595477790684912,0.80938,0.8087958453631587
1.5,10.0,1.5114810412518958,0.81437,0.8139514969298873
1.5,10.0,1.566239316458842,0.81936,0.8191272614347209
1.5,10.0,1.6234467436544968,0.82435,0.8242668656009282
1.5,10.0,1.6851106381567045,0.82934,0.8295206362822252
1.5,10.0,1.7525607375277314,0.83433,0.8349510803399978
1.5,10.0,1.8172597527831351,0.83932,0.8398718435161129
1.5,10.0,1.8891205276069956,0.84431,0.8450313009186532
1.5,10.0,1.9678879961769227,0.8493,0.8503454974303182
1.5,10.0,2.044476300298243,0.85429,0.8551982682802797
1.5,10.0,2.1231775298460804,0.85928,0.8598885078296532
1.5,10.0,2.210480587636693,0.86427,0.8647692497709991
1.5,10.0,2.301521712300001,0.86926,0.8695293774087897
1.5,10.0,2.397060851431471,0.87425,0.8741955426087733
1.5,10.0,2.505387055593273,0.87924,0.8791171374864966
1.5,10.0,2.6295909810963285,0.88423,0.8843268187171783
1.5,10.0,2.7614577360913577,0.88922,0.8894071195746529
1.5,10.0,2.9010838440313953,0.89421,0.8943388393784062
1.5,10.0,3.057711217763785,0.8992,0.8993893399310238
1.5,10.0,3.2270985861728643,0.90419,0.9043502906540799
1.5,10.0,3.4135703669245183,0.90918,0.9092896550194487
1.5,10.0,3.62535281475501,0.91417,0.9143292672591241
1.5,10.0,3.8600330013553887,0.91916,0.9193109276959743
1.5,10.0,4.131782584496382,0.92415,0.9244141255765522
1.5,10.0,4.43724150210475,0.92914,0.9294427759672919
1.5,10.0,4.805914245244017,0.93413,0.9346988342753043
1.5,10.0,5.219808655928913,0.93912,0.9397488943557797
1.5,10.0,5.713663829396192,0.94411,0.9448483088658277
1.5,10.0,6.268372566804093,0.9491,0.9496440204881589
1.5,10.0,6.9457617531384255,0.95409,0.9544848314524469
1.5,10.0,7.704284854485641,0.95908,0.9589137509219903
1.5,10.0,8.800500290081967,0.96407,0.9639849539939033
1.5,10.0,10.248897176010837,0.96906,0.9690400354362333
1.5,10.0,12.429312528894297,0.97405,0.9744454302129946
1.5,10.0,15.52073170031944,0.97904,0.9795196174926298
1.5,10.0,20.235627217977846,0.98403,0.9842826147666951
1.5,10.0,29.501779306929823,0.98902,0.9892146145228896
1.5,10.0,56.67387019613781,0.99401,0.9943840634651873
1.5,10.0,460.27942357497363,0.999,0.999308443156359
2.0,0.1,-69.34304864246566,0.001,0.0009060222657991668
2.0,0.1,-10.332162266712086,0.00599,0.006079935007966886
2.0,0.1,-5.383952571214131,0.01098,0.011663994494531427
2.0,0.1,-3.693778040931829,0.01597,0.0169925810697949
2.0,0.1,-2.875502417933981,0.02096,0.02181466601958626
2.0,0.1,-2.3434275656554346,0.02595,0.026746542086520497
2.0,0.1,-1.9767831926269386,0.03094,0.031677209598182265
2.0,0.1,-1.705772981870306,0.03593,0.036668628219185984
2.0,0.1,-1.5195518889981785,0.04092,0.04111522858253952
2.0,0.1,-1.3463906685047726,0.04591,0.046332894332586694
2.0,0.1,-1.2225595109036644,0.0509,0.05094971085250444
2.0,0.1,-1.1085282142837285,0.05589,0.05608783546589169
2.0,0.1,-1.0168398942211891,0.06088,0.06102715017307697
2.0,0.1,-0.9441474570757397,0.06587,0.06559840255064237
2.0,0.1,-0.8761790928178538,0.07086,0.07052783880515984
2.0,0.1,-0.8138784149941136,0.07585,0.07573192407851626
2.0,0.1,-0.7612055717845875,0.08084,0.08075705337212791
2.0,0.1,-0.7170403504276763,0.08583,0.08550170747423552
2.0,0.1,-0.6718177626521105,0.09082,0.09095786712941312
2.0,0.1,-0.6345851404942503,0.09581,0.09598492274623432
2.0,0.1,-0.5995632009383219,0.1008,0.10123038077239782
2.0,0.1,-0.5697029708890144,0.10579,0.10615999067284193
2.0,0.1,-0.5435818938699531,0.11078,0.11086682192846886
2.0,0.1,-0.5175297166335061,0.11577,0.11597686083288833
2.0,0.1,-0.4949731271160169,0.12076,0.12077844290927842
2.0,0.1,-0.4713989740005611,0.12575,0.1262173313750542
2.0,0.1,-0.45257411348016185,0.13074,0.13090466769655235
2.0,0.1,-0.4346070016896439,0.13573,0.13569453028514694
2.0,0.1,-0.41724255820944717,0.14072,0.14064637500323185
2.0,0.1,-0.4003657122366961,0.14571,0.14579291338395134
2.0,0.1,-0.3834630363617417,0.1507,0.1513094153235669
2.0,0.1,-0.3693896087337249,0.15569,0.15620472966918791
2.0,0.1,-0.3555299024243189,0.16068,0.16131778542314162
2.0,0.1,-0.3425247765291033,0.16567,0.16640067481082793
2.0,0.1,-0.3301488254233233,0.17066,0.17151423056321807
2.0,0.1,-0.319345825047476,0.17565,0.17621449936271977
2.0,0.1,-0.3086241148060343,0.18064,0.18111254914652436
2.0,0.1,-0.2985812789967255,0.18563,0.18592473461223896
2.0,0.1,-0.2890607106314312,0.19062,0.19069940142037567
2.0,0.1,-0.27901994395929297,0.19561,0.19597291425817592
2.0,0.1,-0.27016693184091456,0.2006,0.20083705258149048
2.0,0.1,-0.260982884132049,0.20559,0.2061076314346602
2.0,0.1,-0.25212571928480254,0.21058,0.21141907054383452
2.0,0.1,-0.2442554594778485,0.21557,0.21633672687519107
2.0,0.1,-0.23643296642419498,0.22056,0.22141824039664298
2.0,0.1,-0.22924096314421755,0.22555,0.22626825564445424
2.0,0.1,-0.22277492034647112,0.23054,0.23078040805323485
2.0,0.1,-0.2155784782024721,0.23553,0.2359778584371045
2.0,0.1,-0.2085448851064461,0.24052,0.24124338737410284
2.0,0.1,-0.2022456053437128,0.24551,0.24612086590950283
2.0,0.1,-0.19603810149523812,0.2505,0.2510819364031116
2.0,0.1,-0.19011688656010042,0.25549,0.25596182576403415
2.0,0.1,-0.18425021472619085,0.26048,0.2609432004989546
2.0,0.1,-0.17782687611275957,0.26547,0.26656931087368274
2.0,0.1,-0.1723177322656889,0.27046,0.27154191781973575
2.0,0.1,-0.1664396363075856,0.27545,0.2770013741607432
2.0,0.1,-0.16162742472255467,0.28044,0.2815917426313562
2.0,0.1,-0.15658941914725694,0.28543,0.28651649732514056
2.0,0.1,-0.15162748986960273,0.29042,0.29148801245913747
2.0,0.1,-0.14641046179700593,0.29541,0.296846964605865
2.0,0.1,-0.14152777886715356,0.3004,0.3019867891456086
2.0,0.1,-0.1371125545584122,0.30539,0.3067393909595152
2.0,0.1,-0.13240304077159196,0.31038,0.3119197504933444
2.0,0.1,-0.12840577723973065,0.31537,0.31640733064195314
2.0,0.1,-0.12412277008086535,0.32036,0.3213087728371922
2.0,0.1,-0.11973778072974108,0.32535,0.32642720356244925
2.0,0.1,-0.11562047541032527,0.33034,0.3313258751853588
2.0,0.1,-0.11154806026600059,0.33533,0.33625961024117507
2.0,0.1,-0.10767898884671734,0.34032,0.3410284884495207
2.0,0.1,-0.1039019319803315,0.34531,0.345760395944533
2.0,0.1,-0.0997400590660462,0.3503,0.35106150563133975
2.0,0.1,-0.09602922938216879,0.35529,0.3558646561386676
2.0,0.1,-0.09230399886504556,0.36028,0.3607584330974679
2.0,0.1,-0.08854974228588544,0.36527,0.36576256771321125
2.0,0.1,-0.0851466635992034,0.37026,0.37036049742237426
2.0,0.1,-0.0812960502208805,0.37525,0.3756330174304734
2.0,0.1,-0.07804505119419815,0.38024,0.3801413462958688
2.0,0.1,-0.07445001185844895,0.38523,0.3851861896510118
2.0,0.1,-0.07099153229968565,0.39022,0.390097028303299
2.0,0.1,-0.06758669983278531,0.39521,0.3949855313667581
2.0,0.1,-0.06419019084357495,0.4002,0.39991385341698127
2.0,0.1,-0.0605661426753319,0.40519,0.4052275748454357
2.0,0.1,-0.05693085657342331,0.41018,0.4106130254113146
2.0,0.1,-0.053679625603187446,0.41517,0.4154745543820606
2.0,0.1,-0.05027250694911486,0.42016,0.42061284707023583
2.0,0.1,-0.047115251527376174,0.42515,0.42541239587721047
2.0,0.1,-0.04378710988495525,0.43014,0.43050935779255195
2.0,0.1,-0.04074699116220846,0.43513,0.43519714830960476
2.0,0.1,-0.03772164708690331,0.44012,0.4398906280198927
2.0,0.1,-0.03460446492983005,0.44511,0.4447543885902921
2.0,0.1,-0.03149538931577016,0.4501,0.4496315978313934
2.0,0.1,-0.02831461968548488,0.45509,0.4546460564051731
2.0,0.1,-0.02515145634414858,0.46008,0.45965533995309904
2.0,0.1,-0.02193951977119244,0.46507,0.4647624888626855
2.0,0.1,-0.018842265736043817,0.47006,0.4697046283104772
2.0,0.1,-0.01579798779901698,0.47505,0.47457656731424286
2.0,0.1,-0.012502052055472867,0.48004,0.4798646690581034
2.0,0.1,-0.009226278345292216,0.48503,0.48513147769774995
2.0,0.1,-0.005867766824214023,0.49002,0.4905397583277632
2.0,0.1,-0.0028248710967971164,0.49501,0.4954446026587006
2.0,0.1,0.00031344445516966315,0.5,0.5005054957472034
2.0,0.1,0.0036180401224698497,0.50499,0.5058342095258923
2.0,0.1,0.006541659796847344,0.50998,0.51054596411919
2.0,0.1,0.009627207167395551,0.51497,0.5155136339516561
2.0,0.1,0.013029075850418825,0.51996,0.5209817284170788
2.0,0.1,0.015885966249313245,0.52495,0.52556440854472
2.0,0.1,0.018898516281427035,0.52994,0.5303852660242223
2.0,0.1,0.022123158504587993,0.53493,0.535530023304015
2.0,0.1,0.0252979394113155,0.53992,0.5405770988628329
2.0,0.1,0.028738579684829516,0.54491,0.5460236794592884
2.0,0.1,0.031778404034046685,0.5499,0.5508133910545411
2.0,0.1,0.03526005413425126,0.55489,0.5562707767124211
2.0,0.1,0.038476403466063853,0.55988,0.561282852903697
2.0,0.1,0.04169884380722196,0.56487,0.5662737534957883
2.0,0.1,0.04482773630474227,0.56986,0.571088358540315
2.0,0.1,0.04791841798413053,0.57485,0.5758119220149603
2.0,0.1,0.05122863143281644,0.57984,0.580833482634437
2.0,0.1,0.05439788981924604,0.58483,0.5856030248244195
2.0,0.1,0.05791502419734758,0.58982,0.5908502949809025
2.0,0.1,0.06148620505469674,0.59481,0.5961267506313711
2.0,0.1,0.06458059078119596,0.5998,0.6006551963105871
2.0,0.1,0.06792105393752611,0.60479,0.6054968442054821
2.0,0.1,0.07133234546818189,0.60978,0.6103893777887882
2.0,0.1,0.07515428832581252,0.61477,0.6158069608252547
2.0,0.1,0.0784388396392504,0.61976,0.6204074780347183
2.0,0.1,0.08217984337062903,0.62475,0.6255836327032284
2.0,0.1,0.0856888849003911,0.62974,0.6303760107268156
2.0,0.1,0.08957292696606237,0.63473,0.6356083972086887
2.0,0.1,0.09321531960151863,0.63972,0.6404453817178848
2.0,0.1,0.09731300125720478,0.64471,0.6458051365215622
2.0,0.1,0.10123291085375104,0.6497,0.6508504599713707
2.0,0.1,0.10514061592659538,0.65469,0.6557997383381818
2.0,0.1,0.109265664214911,0.65968,0.6609367884273141
2.0,0.1,0.1134823400564744,0.66467,0.6660947455319954
2.0,0.1,0.11763637082775459,0.66966,0.671083820911645
2.0,0.1,0.1223448193614319,0.67465,0.6766281477659812
2.0,0.1,0.12657784925774263,0.67964,0.6815126114779726
2.0,0.1,0.13096276495597203,0.68463,0.6864729360373464
2.0,0.1,0.13545751584028054,0.68962,0.6914532163502264
2.0,0.1,0.14006061594017122,0.69461,0.6964450448677526
2.0,0.1,0.14475090792367962,0.6996,0.7014196547556265
2.0,0.1,0.14960174772177667,0.70459,0.7064473058707588
2.0,0.1,0.15429626770338492,0.70958,0.7112009868300947
2.0,0.1,0.15964166618448028,0.71457,0.7164817942386503
2.0,0.1,0.16488538485907492,0.71956,0.721528041476804
2.0,0.1,0.17045564588516723,0.72455,0.7267459784778612
2.0,0.1,0.17646013753893106,0.72954,0.7322098840297844
2.0,0.1,0.1821527064577802,0.73453,0.7372396444968935
2.0,0.1,0.18768114349733886,0.73952,0.7419879267550004
2.0,0.1,0.1933514119812292,0.74451,0.746721994196354
2.0,0.1,0.19947234481853307,0.7495,0.7516819991794348
2.0,0.1,0.2057055399506211,0.75449,0.756577374800176
2.0,0.1,0.2121609671326525,0.75948,0.7614870756517412
2.0,0.1,0.21898445428672123,0.76447,0.7665055210456857
2.0,0.1,0.22515306791645653,0.76946,0.7708961733261062
2.0,0.1,0.23251818026931032,0.77445,0.7759634093232415
2.0,0.1,0.2405984546913547,0.77944,0.7813122487309424
2.0,0.1,0.24845544211583998,0.78443,0.7863113523544606
2.0,0.1,0.2566541466018141,0.78942,0.7913252999178682
2.0,0.1,0.2645042213268662,0.79441,0.7959410230852939
2.0,0.1,0.2733117997742486,0.7994,0.8009145844526727
2.0,0.1,0.2824989235992816,0.80439,0.8058828334870608
2.0,0.1,0.292490260223126,0.80938,0.8110451873556805
2.0,0.1,0.3030788164082998,0.81437,0.816258028590684
2.0,0.1,0.3143567139287778,0.81936,0.8215361046917323
2.0,0.1,0.3258059831418933,0.82435,0.8266236360698968
2.0,0.1,0.33799000240050625,0.82934,0.8317580115151972
2.0,0.1,0.3505999486482216,0.83433,0.8367890775400957
2.0,0.1,0.3634494564021563,0.83932,0.8416407168514399
2.0,0.1,0.3779651038228311,0.84431,0.8468122501664372
2.0,0.1,0.3918979933559347,0.8493,0.8514909341562911
2.0,0.1,0.40778443860623914,0.85429,0.8565119266797044
2.0,0.1,0.424393237873304,0.85928,0.8614331596360609
2.0,0.1,0.4408092464396302,0.86427,0.8659957137530292
2.0,0.1,0.45833353675033983,0.86926,0.870563924638631
2.0,0.1,0.4802146884831038,0.87425,0.8758700814756708
2.0,0.1,0.5018138132182259,0.87924,0.8807172460365273
2.0,0.1,0.5237746211424689,0.88423,0.8852886575091359
2.0,0.1,0.5483782939331012,0.88922,0.8900272421842922
2.0,0.1,0.5769697654387403,0.89421,0.8950817735786153
2.0,0.1,0.6098600136986086,0.8992,0.9003684744263221
2.0,0.1,0.6435852806212559,0.90419,0.9052790168982279
2.0,0.1,0.6815102348739446,0.90918,0.9102678410284246
2.0,0.1,0.7272337793963947,0.91417,0.9156410477716063
2.0,0.1,0.772661598377854,0.91916,0.9203906521155933
2.0,0.1,0.8291568978576691,0.92415,0.925612852735407
2.0,0.1,0.888204838435672,0.92914,0.9303967192001509
2.0,0.1,0.9637749939659417,0.93413,0.9357011225419236
2.0,0.1,1.0451077484160047,0.93912,0.9405849159085631
2.0,0.1,1.1361172484238404,0.94411,0.9452471507042332
2.0,0.1,1.2441194050864042,0.9491,0.94991859575028
2.0,0.1,1.3963749870307085,0.95409,0.9553035177724588
2.0,0.1,1.5702720886277326,0.95908,0.9601987785780965
2.0,0.1,1.787808114119838,0.96407,0.9650000937747352
2.0,0.1,2.05441963666437,0.96906,0.9695124212603917
2.0,0.1,2.4218624548380294,0.97405,0.974115799493676
2.0,0.1,2.9775559253273323,0.97904,0.9789307949174801
2.0,0.1,3.9002304216626085,0.98403,0.9839053187035602
2.0,0.1,5.778684185984879,0.98902,0.9891321104739625
2.0,0.1,10.625078069758969,0.99401,0.9940876396344871
2.0,0.1,63.06849680064987,0.999,0.999003840050158
2.0,1.0,-360.41751010799106,0.001,0.000851398083891175
2.0,1.0,-51.15079289274203,0.00599,0.005998405252652439
2.0,1.0,-27.90425431299019,0.01098,0.010992499920004506
2.0,1.0,-18.968130339905912,0.01597,0.016163728483556683
2.0,1.0,-14.283432729918166,0.02096,0.021451064476856352
2.0,1.0,-11.759459976948918,0.02595,0.026036471745838397
2.0,1.0,-9.863752342498845,0.03094,0.031011325006042922
2.0,1.0,-8.420204745456541,0.03593,0.036285245166561786
2.0,1.0,-7.3938852265233885,0.04092,0.041268996445477435
2.0,1.0,-6.564348361461572,0.04591,0.046414596521003326
2.0,1.0,-5.8908709821543646,0.0509,0.051633011471492185
2.0,1.0,-5.351265744920466,0.05589,0.056734820128708674
2.0,1.0,-4.89840378330216,0.06088,0.06185430167256023
2.0,1.0,-4.549081816858452,0.06587,0.06647184989630167
2.0,1.0,-4.211712258395342,0.07086,0.07162477857342348
2.0,1.0,-3.9107116526872083,0.07585,0.07693257091830796
2.0,1.0,-3.6702698178222404,0.08084,0.08175999859139116
2.0,1.0,-3.4580516924530857,0.08583,0.08654046015609762
2.0,1.0,-3.243638031443998,0.09082,0.09195692873081368
2.0,1.0,-3.065875324580113,0.09581,0.09697292724544232
2.0,1.0,-2.9111784974106807,0.1008,0.1017895897838415
2.0,1.0,-2.7712165759800262,0.10579,0.10656297178137447
2.0,1.0,-2.6386066130704355,0.11078,0.11150010301629404
2.0,1.0,-2.5051856323672426,0.11577,0.1169298081714008
2.0,1.0,-2.3996912193932682,0.12076,0.12159333633362962
2.0,1.0,-2.2955145661857457,0.12575,0.12655848435692185
2.0,1.0,-2.2010220718991302,0.13074,0.1314054445553302
2.0,1.0,-2.105856844494764,0.13573,0.13665305073788458
2.0,1.0,-2.015961145993034,0.14072,0.1419833898804571
2.0,1.0,-1.9386212192558558,0.14571,0.1468889082626324
2.0,1.0,-1.8657344473930917,0.1507,0.1518081196563359
2.0,1.0,-1.7953941172181218,0.15569,0.15685191496674322
2.0,1.0,-1.7359647271534244,0.16068,0.16135879807442377
2.0,1.0,-1.6736869478856176,0.16567,0.16634182571900197
2.0,1.0,-1.6153157943634497,0.17066,0.17127188140894462
2.0,1.0,-1.5608098587583374,0.17565,0.1761187527803032
2.0,1.0,-1.5095255921841566,0.18064,0.18090834486032165
2.0,1.0,-1.457721832817412,0.18563,0.18598695626210404
2.0,1.0,-1.407566089514764,0.19062,0.19114913064759725
2.0,1.0,-1.361484825110301,0.19561,0.19611774342903693
2.0,1.0,-1.319761734538049,0.2006,0.20081375613400326
2.0,1.0,-1.2768205043415881,0.20559,0.20585337585951552
2.0,1.0,-1.2366709292697917,0.21058,0.21076468085051758
2.0,1.0,-1.1967951832346215,0.21557,0.21584281628833102
2.0,1.0,-1.1631855017312527,0.22056,0.22028521543588558
2.0,1.0,-1.124968803827254,0.22555,0.2255250008728304
2.0,1.0,-1.091116604319832,0.23054,0.2303409198465634
2.0,1.0,-1.0596551705690331,0.23553,0.23496968894988474
2.0,1.0,-1.0242474485560185,0.24052,0.2403621374755212
2.0,1.0,-0.9934275603583061,0.24551,0.2452195069090472
2.0,1.0,-0.9662411691082676,0.2505,0.24963496950131991
2.0,1.0,-0.936589291604969,0.25549,0.25459496699984696
2.0,1.0,-0.9088050123175789,0.26048,0.259383005042375
2.0,1.0,-0.8819548140269164,0.26547,0.26414281074359536
2.0,1.0,-0.854327289877259,0.27046,0.26918020290581895
2.0,1.0,-0.8285326385331073,0.27545,0.27401454644726614
2.0,1.0,-0.8029924583213164,0.28044,0.27892885472481077
2.0,1.0,-0.7780990375787401,0.28543,0.28384352980210725
2.0,1.0,-0.7543896422773985,0.29042,0.28864120520434533
2.0,1.0,-0.731236872544911,0.29541,0.29343808132734095
2.0,1.0,-0.7066520170599383,0.3004,0.2986545462249913
2.0,1.0,-0.6843454336403781,0.30539,0.3034986606528854
2.0,1.0,-0.661469282630643,0.31038,0.30857757068499325
2.0,1.0,-0.6394855964770119,0.31537,0.3135654471348628
2.0,1.0,-0.618196837135441,0.32036,0.3184965623563658
2.0,1.0,-0.5969633412539053,0.32535,0.3235144385420978
2.0,1.0,-0.5771154076714659,0.33034,0.3282952157867451
2.0,1.0,-0.5559303337989487,0.33533,0.33349465625024305
2.0,1.0,-0.5369508564806369,0.34032,0.33823755767437047
2.0,1.0,-0.5157677880530531,0.34531,0.3436256476388635
2.0,1.0,-0.4958341001648907,0.3503,0.3487867192742986
2.0,1.0,-0.47597487382491044,0.35529,0.3540155558479654
2.0,1.0,-0.45728800748974885,0.36028,0.359014455006249
2.0,1.0,-0.43833650287640197,0.36527,0.3641613547026387
2.0,1.0,-0.42004070179780284,0.37026,0.3692030526185264
2.0,1.0,-0.4016186264444071,0.37525,0.37435083289149285
2.0,1.0,-0.38405166218078063,0.38024,0.37932517176905295
2.0,1.0,-0.3667838383705484,0.38523,0.38427593211587585
2.0,1.0,-0.3499098979573602,0.39022,0.3891710512680665
2.0,1.0,-0.3333105576144224,0.39521,0.39404043559351837
2.0,1.0,-0.31651860608198773,0.4002,0.39901928170704054
2.0,1.0,-0.30041197540331616,0.40519,0.4038434956513016
2.0,1.0,-0.2833233682980191,0.41018,0.4090120835635789
2.0,1.0,-0.2672366129433984,0.41517,0.4139231980320852
2.0,1.0,-0.2514184812239754,0.42016,0.41879362772253476
2.0,1.0,-0.23548560741048352,0.42515,0.42373898978260227
2.0,1.0,-0.21902001288973902,0.43014,0.4288894162572564
2.0,1.0,-0.20193972585627307,0.43513,0.4342723940544856
2.0,1.0,-0.18684573145509759,0.44012,0.43906143181405555
2.0,1.0,-0.1701657946515877,0.44511,0.4443862532304635
2.0,1.0,-0.15527445387535074,0.4501,0.44916689962667267
2.0,1.0,-0.1412318453301617,0.45509,0.45369639906000825
2.0,1.0,-0.12680793856948525,0.46008,0.45836861377735594
2.0,1.0,-0.1109823065479502,0.46507,0.4635156415870675
2.0,1.0,-0.09552657581225052,0.47006,0.4685609483056942
2.0,1.0,-0.08063894537468097,0.47505,0.47343586682360095
2.0,1.0,-0.06434668754463893,0.48004,0.47878499493855425
2.0,1.0,-0.04801055339152202,0.48503,0.48416060047345155
2.0,1.0,-0.03209863824589101,0.49002,0.48940534399585456
2.0,1.0,-0.017908160771803603,0.49501,0.49408762863843736
2.0,1.0,-0.0016322966889069945,0.5,0.49946103650199286
2.0,1.0,0.012899705719968275,0.50499,0.5042590677913735
2.0,1.0,0.027915722294653555,0.50998,0.5092148483440838
2.0,1.0,0.04323672047392847,0.51497,0.5142666651514016
2.0,1.0,0.057899735507441874,0.51996,0.5190948328994178
2.0,1.0,0.07342826711505696,0.52495,0.5241983739673856
2.0,1.0,0.08862849640405082,0.52994,0.5291819918897729
2.0,1.0,0.10464089464349496,0.53493,0.5344163745731034
2.0,1.0,0.11866381943491972,0.53992,0.5389852070711803
2.0,1.0,0.13359720600052047,0.54491,0.5438329494392289
2.0,1.0,0.14735615635260543,0.5499,0.5482814549722895
2.0,1.0,0.162201867480585,0.55489,0.5530600570568224
2.0,1.0,0.17920767757998907,0.55988,0.5585043320458529
2.0,1.0,0.19481590385702557,0.56487,0.5634709754999506
2.0,1.0,0.21056002906718407,0.56986,0.5684493265559758
2.0,1.0,0.2268028885181694,0.57485,0.5735499557584037
2.0,1.0,0.24330542741386224,0.57984,0.5786930314825909
2.0,1.0,0.25964994071510133,0.58483,0.5837458574213534
2.0,1.0,0.2748830015914981,0.58982,0.5884165567987711
2.0,1.0,0.2910845156388203,0.59481,0.5933416334403685
2.0,1.0,0.3081960745782033,0.5998,0.5984938173879618
2.0,1.0,0.32510218875577396,0.60479,0.6035323263133471
2.0,1.0,0.34240571639282386,0.60978,0.6086341526404493
2.0,1.0,0.3604996960584448,0.61477,0.6139075890181489
2.0,1.0,0.3778994382980811,0.61976,0.6189178429266248
2.0,1.0,0.39607251561536594,0.62475,0.6240855572037061
2.0,1.0,0.41355333543045913,0.62974,0.6289922480884649
2.0,1.0,0.4329218745933321,0.63473,0.6343539733289597
2.0,1.0,0.4511636091831088,0.63972,0.6393307262392045
2.0,1.0,0.4687872904089532,0.64471,0.644070700343222
2.0,1.0,0.4858389106310121,0.6497,0.6485924188558285
2.0,1.0,0.5052842179372165,0.65469,0.6536709758665588
2.0,1.0,0.5252873980967908,0.65968,0.6588080652530981
2.0,1.0,0.5453047499961691,0.66467,0.66385992005487
2.0,1.0,0.5648020520904697,0.66966,0.6686948725123754
2.0,1.0,0.5869784586691597,0.67465,0.6740914303368883
2.0,1.0,0.60713602876677,0.67964,0.6789020013384837
2.0,1.0,0.6283379735381295,0.68463,0.6838648587735537
2.0,1.0,0.6500271366703487,0.68962,0.6888394844211453
2.0,1.0,0.6708469108912011,0.69461,0.6935181148596945
2.0,1.0,0.6945414264993076,0.6996,0.6987287085901303
2.0,1.0,0.7175866873403542,0.70459,0.7036813418590155
2.0,1.0,0.7404412508550798,0.70958,0.7084822623492371
2.0,1.0,0.7654374062463489,0.71457,0.713608651255893
2.0,1.0,0.7898414516868657,0.71956,0.7184902682034157
2.0,1.0,0.8153041353252899,0.72455,0.7234561247938704
2.0,1.0,0.8426497129533658,0.72954,0.7286470976194654
2.0,1.0,0.8696855976032258,0.73453,0.733637827319862
2.0,1.0,0.9011145904965147,0.73952,0.7392671791562349
2.0,1.0,0.9314546327494175,0.74451,0.7445305365279009
2.0,1.0,0.9605818686273346,0.7495,0.7494301166671206
2.0,1.0,0.9890971324623604,0.75449,0.7540854780661541
2.0,1.0,1.020728909409795,0.75948,0.7590911333669843
2.0,1.0,1.0516189951197175,0.76447,0.7638236947127188
2.0,1.0,1.0857774551399988,0.76946,0.7688840944639699
2.0,1.0,1.125246955742016,0.77445,0.7745138807337053
2.0,1.0,1.1634970004123937,0.77944,0.7797566585855253
2.0,1.0,1.2010870423917288,0.78443,0.7847136287116954
2.0,1.0,1.239786287260474,0.78942,0.7896235240983767
2.0,1.0,1.2789582358268414,0.79441,0.7944026326009859
2.0,1.0,1.3212549892183365,0.7994,0.7993576631564214
2.0,1.0,1.3664981652560635,0.80439,0.804433687105683
2.0,1.0,1.414724639453536,0.80938,0.8096029799420341
2.0,1.0,1.4638849917185583,0.81437,0.8146304269553146
2.0,1.0,1.5161411226644037,0.81936,0.819722492270149
2.0,1.0,1.5708346066244514,0.82435,0.8247910575243497
2.0,1.0,1.624912279660486,0.82934,0.8295566742666942
2.0,1.0,1.6827012272781547,0.83433,0.8343966580848823
2.0,1.0,1.7466250604504432,0.83932,0.8394669689851664
2.0,1.0,1.8113227858220382,0.84431,0.8443170370899031
2.0,1.0,1.8800827427703655,0.8493,0.8491841753523044
2.0,1.0,1.9495551239422921,0.85429,0.8538236232468469
2.0,1.0,2.022427923022942,0.85928,0.8584129742125333
2.0,1.0,2.110308377158083,0.86427,0.8636011655670226
2.0,1.0,2.201599496082188,0.86926,0.8686252367386201
2.0,1.0,2.2966807236821456,0.87425,0.873499219669547
2.0,1.0,2.3976518745092554,0.87924,0.8783130238563865
2.0,1.0,2.5158230121643297,0.88423,0.8835215469507545
2.0,1.0,2.6468314395598878,0.88922,0.8888188368210612
2.0,1.0,2.77821553579589,0.89421,0.8936859388384241
2.0,1.0,2.9358042700206934,0.8992,0.8990078603150726
2.0,1.0,3.126870553780993,0.90419,0.9048069196458096
2.0,1.0,3.302519155720375,0.90918,0.9095951091943524
2.0,1.0,3.4887404231166554,0.91417,0.9141842902579579
2.0,1.0,3.698994799028256,0.91916,0.9188476624221952
2.0,1.0,3.947429157930193,0.92415,0.9237558490150504
2.0,1.0,4.215401596017113,0.92914,0.9284358157428614
2.0,1.0,4.54335169633012,0.93413,0.9334467356892442
2.0,1.0,4.905268207085287,0.93912,0.9382300989170584
2.0,1.0,5.362973117074692,0.94411,0.9433864338548583
2.0,1.0,5.897566554390018,0.9491,0.9484245868908749
2.0,1.0,6.535398163519596,0.95409,0.953382719324108
2.0,1.0,7.378379348607883,0.95908,0.9586452472021124
2.0,1.0,8.39303248010532,0.96407,0.9635983020271305
2.0,1.0,9.835775700667902,0.96906,0.9689010265928044
2.0,1.0,11.76742930183616,0.97405,0.9739810826212466
2.0,1.0,14.497639765600997,0.97904,0.9788649438605452
2.0,1.0,19.03065806024732,0.98403,0.9838892887633912
2.0,1.0,27.654003952871484,0.98902,0.9889081054054201
2.0,1.0,52.398242531290194,0.99401,0.9941443667083008
2.0,1.0,308.37244439776475,0.999,0.999004909435889
2.0,10.0,-272.6721796198976,0.001,0.0011673668342793708
2.0,10.0,-49.968440928136374,0.00599,0.0063693682559557985
2.0,10.0,-28.45434403742681,0.01098,0.011182086446856865
2.0,10.0,-20.001090799131465,0.01597,0.015901385437576077
2.0,10.0,-15.01186721582569,0.02096,0.02117260339973448
2.0,10.0,-12.008120916404405,0.02595,0.026446860667548644
2.0,10.0,-10.04962878862177,0.03094,0.03156987299145514
2.0,10.0,-8.644893913602939,0.03593,0.03665764294158941
2.0,10.0,-7.596737792362688,0.04092,0.041661332778999804
2.0,10.0,-6.762177320238953,0.04591,0.04673339484210104
2.0,10.0,-6.094400980750489,0.0509,0.051768574436617976
2.0,10.0,-5.504402903938715,0.05589,0.057204334163746595
2.0,10.0,-5.070034521934316,0.06088,0.0619869436848971
2.0,10.0,-4.7003581719256635,0.06587,0.0667254982189393
2.0,10.0,-4.3400098661918385,0.07086,0.07208501821614377
2.0,10.0,-4.020351695484116,0.07585,0.07759987924831852
2.0,10.0,-3.771931803823716,0.08084,0.08249135872713631
2.0,10.0,-3.5614736896510344,0.08583,0.0871323342883304
2.0,10.0,-3.3675755677046286,0.09082,0.09188201354453857
2.0,10.0,-3.180741282199161,0.09581,0.0969596493161517
2.0,10.0,-3.0186334486948896,0.1008,0.10182655906763483
2.0,10.0,-2.8568649463675877,0.10579,0.10717657823115695
2.0,10.0,-2.7227986093426053,0.11078,0.11203737530910557
2.0,10.0,-2.5913509534932864,0.11577,0.11723087015991462
2.0,10.0,-2.4819169611696488,0.12076,0.12191785398465033
2.0,10.0,-2.3719014778474845,0.12575,0.1270023227899333
2.0,10.0,-2.269714526752193,0.13074,0.13209735512110204
2.0,10.0,-2.178152728316338,0.13573,0.13700041287218145
2.0,10.0,-2.0899896948407517,0.14072,0.142054304467169
2.0,10.0,-2.007589736843763,0.14571,0.1471019028006933
2.0,10.0,-1.9369496951539338,0.1507,0.1517011453896423
2.0,10.0,-1.8646123174398228,0.15569,0.15669366717383038
2.0,10.0,-1.7999493652287215,0.16068,0.16141826860736652
2.0,10.0,-1.739731805279469,0.16567,0.16605745924157206
2.0,10.0,-1.679230640635517,0.17066,0.1709680873889582
2.0,10.0,-1.6194424739737698,0.17565,0.1760843525031191
2.0,10.0,-1.565840032961035,0.18064,0.1809095514870231
2.0,10.0,-1.516521125814486,0.18563,0.18556119642557806
2.0,10.0,-1.4649083036132535,0.19062,0.19066041660831168
2.0,10.0,-1.4178247677125546,0.19561,0.19553076657343377
2.0,10.0,-1.3735625605943005,0.2006,0.20031047062643137
2.0,10.0,-1.3297237552146597,0.20559,0.2052471095423965
2.0,10.0,-1.286878407703643,0.21058,0.21027698517282395
2.0,10.0,-1.2449132452631961,0.21557,0.21541015247434664
2.0,10.0,-1.2062432393588427,0.22056,0.22033009550044536
2.0,10.0,-1.169426479121769,0.22555,0.22519119462453302
2.0,10.0,-1.1311444840465446,0.23054,0.23043679700120884
2.0,10.0,-1.097632201289457,0.23553,0.2351952679730439
2.0,10.0,-1.0646763914545534,0.24052,0.24003214013663343
2.0,10.0,-1.0310946234808742,0.24551,0.2451272812219823
2.0,10.0,-1.0008237168179515,0.2505,0.249868955375952
2.0,10.0,-0.9690885130322907,0.25549,0.2549965370676906
2.0,10.0,-0.9376698545878255,0.26048,0.2602357284548291
2.0,10.0,-0.9102089365388291,0.26547,0.2649514326999939
2.0,10.0,-0.8824645995393848,0.27046,0.2698485417030258
2.0,10.0,-0.8553105212375913,0.27545,0.27477378337468017
2.0,10.0,-0.826116765247101,0.28044,0.2802184271799634
2.0,10.0,-0.798809649958053,0.28543,0.28545445836702055
2.0,10.0,-0.7732782543015367,0.29042,0.29047776940677605
2.0,10.0,-0.7475914873295401,0.29541,0.2956584609826934
2.0,10.0,-0.7238560527012068,0.3004,0.30056040626791547
2.0,10.0,-0.7009525112554481,0.30539,0.3053964930924754
2.0,10.0,-0.6788546078501955,0.31038,0.31016220784296433
2.0,10.0,-0.655802011873896,0.31537,0.31523920500728536
2.0,10.0,-0.632597126514463,0.32036,0.32045929055710215
2.0,10.0,-0.6123317901293628,0.32535,0.3251085534011706
2.0,10.0,-0.5898885218492708,0.33034,0.3303562962742401
2.0,10.0,-0.5687462759834514,0.33533,0.3353950378484298
2.0,10.0,-0.5473362775603808,0.34032,0.3405917374692666
2.0,10.0,-0.5272081585586605,0.34531,0.345563533493098
2.0,10.0,-0.5079219394986572,0.3503,0.3504054759699624
2.0,10.0,-0.4889790678328097,0.35529,0.35523519268563297
2.0,10.0,-0.4694390247154433,0.36028,0.36029337357935454
2.0,10.0,-0.45023127445385164,0.36527,0.3653402002862373
2.0,10.0,-0.4314993966352087,0.37026,0.3703323967221458
2.0,10.0,-0.41312771442740437,0.37525,0.37529513211401944
2.0,10.0,-0.39443269606690584,0.38024,0.38041168151274296
2.0,10.0,-0.37724380190966456,0.38523,0.38517404188721893
2.0,10.0,-0.35985481971892785,0.39022,0.39004715470641554
2.0,10.0,-0.3428428656024871,0.39521,0.3948671531580138
2.0,10.0,-0.32531644436734763,0.4002,0.39988578398153773
2.0,10.0,-0.30865556453093335,0.40519,0.40470481875749376
2.0,10.0,-0.2916378428332683,0.41018,0.409673985061874
2.0,10.0,-0.2754097673712437,0.41517,0.41445513213264273
2.0,10.0,-0.2579947176879261,0.42016,0.4196303078663173
2.0,10.0,-0.24108884210743006,0.42515,0.4246960721239431
2.0,10.0,-0.22561213783905062,0.43014,0.4293679887922523
2.0,10.0,-0.2093237720149573,0.43513,0.43431852469617427
2.0,10.0,-0.19391836585893837,0.44012,0.4390305887688748
2.0,10.0,-0.17769222517449612,0.44511,0.44402307617045567
2.0,10.0,-0.16124200446959766,0.4501,0.4491130622517009
2.0,10.0,-0.14442667257440975,0.45509,0.45434326775512546
2.0,10.0,-0.12839322467398293,0.46008,0.4593535436612751
2.0,10.0,-0.11257614639186697,0.46507,0.4643161387042064
2.0,10.0,-0.09463853473628543,0.47006,0.46996507440700847
2.0,10.0,-0.07786833580560655,0.47505,0.4752636544015741
2.0,10.0,-0.06349403080997408,0.48004,0.4798163166338096
2.0,10.0,-0.04732899376272333,0.48503,0.48494594720389844
2.0,10.0,-0.031154882633641467,0.49002,0.49008629952585986
2.0,10.0,-0.014660541425497262,0.49501,0.49533373901708355
2.0,10.0,0.0015315574730503777,0.5,0.5004875095037523
2.0,10.0,0.017942340617133557,0.50499,0.5057106116511664
2.0,10.0,0.03336354108087628,0.50998,0.5106160071486068
2.0,10.0,0.049390730385259464,0.51497,0.5157087924918156
2.0,10.0,0.06455422914206346,0.51996,0.5205197772667582
2.0,10.0,0.07987482474984145,0.52495,0.5253710821360127
2.0,10.0,0.09436712152361919,0.52994,0.5299492968168151
2.0,10.0,0.1101442400638098,0.53493,0.5349192439186011
2.0,10.0,0.12558259743497935,0.53992,0.5397660045485269
2.0,10.0,0.14099817740233517,0.54491,0.5445871924428938
2.0,10.0,0.15634495069279966,0.5499,0.5493664982985685
2.0,10.0,0.17190249182288486,0.55489,0.5541886383512653
2.0,10.0,0.18824208737021983,0.55988,0.5592262455527446
2.0,10.0,0.2049235486392284,0.56487,0.5643384582278037
2.0,10.0,0.22086906682198804,0.56986,0.5691939164154229
2.0,10.0,0.23824969583859126,0.57485,0.5744492914755677
2.0,10.0,0.2537690287914026,0.57984,0.579107272591231
2.0,10.0,0.27052452435107416,0.58483,0.5840976802823699
2.0,10.0,0.287165696787184,0.58982,0.5890124995138714
2.0,10.0,0.3037851196674821,0.59481,0.5938777830359254
2.0,10.0,0.32098680626370757,0.5998,0.598866360403129
2.0,10.0,0.33830622478456895,0.60479,0.6038388791497565
2.0,10.0,0.35501463348867845,0.60978,0.6085867051235534
2.0,10.0,0.37287347790600184,0.61477,0.6136063962829381
2.0,10.0,0.391286451805644,0.61976,0.6187207391817647
2.0,10.0,0.4116917267122632,0.62475,0.6243142207818098
2.0,10.0,0.42892561068165874,0.62974,0.6289762917746518
2.0,10.0,0.4475091220980544,0.63473,0.6339386186311418
2.0,10.0,0.4658229455783181,0.63972,0.6387621334940495
2.0,10.0,0.4850235269696438,0.64471,0.6437470917343093
2.0,10.0,0.5057086264674108,0.6497,0.6490339855396978
2.0,10.0,0.525565884659602,0.65469,0.6540271337663044
2.0,10.0,0.5451228188582218,0.65968,0.6588656070858865
2.0,10.0,0.5663235225547613,0.66467,0.6640216562180954
2.0,10.0,0.586194166588794,0.66966,0.6687699065222269
2.0,10.0,0.6086928146910056,0.67465,0.6740476346854718
2.0,10.0,0.6316118518934266,0.67964,0.6793166222066981
2.0,10.0,0.653308809148296,0.68463,0.6842052171695077
2.0,10.0,0.6742615896001329,0.68962,0.6888348610900218
2.0,10.0,0.698688482176267,0.69461,0.6941197589504132
2.0,10.0,0.7230051049967218,0.6996,0.6992617851191634
2.0,10.0,0.7496246681985383,0.70459,0.7047562889560681
2.0,10.0,0.7724540952114158,0.70958,0.7093579944715127
2.0,10.0,0.796545611650381,0.71457,0.7141051147798452
2.0,10.0,0.8241744970135878,0.71956,0.7194137603323588
2.0,10.0,0.8529052742023604,0.72455,0.7247835372824676
2.0,10.0,0.8809323597676751,0.72954,0.7298770522851206
2.0,10.0,0.9112180180825357,0.73453,0.735224144435895
2.0,10.0,0.9415770747178818,0.73952,0.7404248019218663
2.0,10.0,0.9713648629525277,0.74451,0.745376702498982
2.0,10.0,1.003429837902604,0.7495,0.7505449405939526
2.0,10.0,1.0373596090511261,0.75449,0.7558362795709191
2.0,10.0,1.0699800529358992,0.75948,0.7607570419093516
2.0,10.0,1.1042624978417788,0.76447,0.7657588061438259
2.0,10.0,1.1402393725191529,0.76946,0.7708275093554295
2.0,10.0,1.177795201835674,0.77445,0.7759293142994536
2.0,10.0,1.2178233417406725,0.77944,0.7811628357353744
2.0,10.0,1.2562212715296106,0.78443,0.7859937447787954
2.0,10.0,1.2930068194597761,0.78942,0.790455286850903
2.0,10.0,1.3346178024516724,0.79441,0.7953143339162383
2.0,10.0,1.3766195015321818,0.7994,0.8000261246362455
2.0,10.0,1.4219533995510811,0.80439,0.8049049589987219
2.0,10.0,1.470181397749322,0.80938,0.8098718111165049
2.0,10.0,1.525450816612045,0.81437,0.815296659709573
2.0,10.0,1.5808329481366128,0.81936,0.820463659527515
2.0,10.0,1.636968444195474,0.82435,0.8254436351882611
2.0,10.0,1.6990556864730852,0.82934,0.8306696697333386
2.0,10.0,1.7586459838742174,0.83433,0.8354255852639658
2.0,10.0,1.825508331339773,0.83932,0.8404799843021702
2.0,10.0,1.8958610472960598,0.84431,0.845499612129714
2.0,10.0,1.9669901539544319,0.8493,0.8502868230656546
2.0,10.0,2.0457421565631906,0.85429,0.8552760177800525
2.0,10.0,2.1263365903751663,0.85928,0.8600708532215413
2.0,10.0,2.218361396994451,0.86427,0.8651941632139024
2.0,10.0,2.3141298189755957,0.86926,0.870163785721117
2.0,10.0,2.416663400971923,0.87425,0.875114101381312
2.0,10.0,2.532256659130366,0.87924,0.8802816925858927
2.0,10.0,2.648329040378006,0.88423,0.8850757491434669
2.0,10.0,2.7812949451105062,0.88922,0.890134545506964
2.0,10.0,2.9166062170616596,0.89421,0.8948610625766319
2.0,10.0,3.0815972814580483,0.8992,0.9001188250577742
2.0,10.0,3.263428918420413,0.90419,0.9053531401599619
2.0,10.0,3.464842714538384,0.90918,0.9105619550035323
2.0,10.0,3.668863485051507,0.91417,0.9152977244881617
2.0,10.0,3.8831406462296516,0.91916,0.9197709541646362
2.0,10.0,4.135344793166616,0.92415,0.9244768185188814
2.0,10.0,4.4206435063755025,0.92914,0.9291864972199719
2.0,10.0,4.7785176565198615,0.93413,0.934334947436805
2.0,10.0,5.182471638780364,0.93912,0.9393252189627004
2.0,10.0,5.659953843691592,0.94411,0.9443355050346344
2.0,10.0,6.270331753494823,0.9491,0.9496594933070293
2.0,10.0,6.987815092557654,0.95409,0.9547550606162636
2.0,10.0,7.783016435791581,0.95908,0.9593248396347682
2.0,10.0,8.925782629024212,0.96407,0.9644862474699901
2.0,10.0,10.413425779524932,0.96906,0.9695261852710635
2.0,10.0,12.497107851617336,0.97405,0.9745834706193064
2.0,10.0,15.450253867703017,0.97904,0.9794264536197922
2.0,10.0,20.425190842713427,0.98403,0.9844282521348626
2.0,10.0,29.686968980095383,0.98902,0.9892818436120936
2.0,10.0,57.03866815235636,0.99401,0.9944199735100021
2.0,10.0,355.9478299618072,0.999,0.9991057424095628
