key,beta,dtype,scale_name,scale,start,stop,n,k,real,imag,theory,error
b1.0001_float32,1.0001,float32,fixed,1.0,0,200000,200000,1,-0.9649290612392367,-0.007212529073874464,-0.9659517806143619,0.00728467779395499
b1.0001_float32,1.0001,float32,fixed,1.0,0,200000,200000,2,0.9321142644965867,0.012768521389751236,0.9330628424720564,0.012803708004171329
b1.0001_float32,1.0001,float32,fixed,1.0,0,200000,200000,3,-0.9010386924556235,-0.016980800204644556,-0.9012937141109808,0.016982715084307272
b1.0001_float32,1.0001,float32,fixed,1.0,0,200000,200000,4,0.870549849690008,0.02028548184414822,0.8706062680020336,0.02028556029976
b1.0001_float32,1.0001,float32,fixed,1.0,0,200000,200000,5,-0.841229270236641,-0.02317304162734192,-0.8409636747905886,0.02317456362487728
b1.0001_float32,1.0001,float32,fixed,1.0,0,200000,200000,6,0.8125015545830542,0.02533815084776076,0.8123303590959663,0.025338729176473684
b1.0001_float32,1.0001,float32,fixed,1.0,0,200000,200000,7,-0.7845545861913573,-0.027585535407398696,-0.7846719568158528,0.02758578509987239
b1.0001_float32,1.0001,float32,fixed,1.0,0,200000,200000,8,0.7579980162164399,0.029432329833955793,0.7579552738844286,0.02943236086965689
b1.0001_float32,1.0001,float32,fixed,1.0,0,50000,50000,1,-0.9609600468583934,-0.001944355130827643,-0.9659517806143619,0.005357044219086796
b1.0001_float32,1.0001,float32,fixed,1.0,0,50000,50000,2,0.9225918120024679,0.0030970956763143693,0.9330628424720564,0.010919454231933778
b1.0001_float32,1.0001,float32,fixed,1.0,0,50000,50000,3,-0.8844286507821983,-0.004112494572140025,-0.9012937141109808,0.017359233067440624
b1.0001_float32,1.0001,float32,fixed,1.0,0,50000,50000,4,0.8454693606405853,0.00464502570651961,0.8706062680020336,0.02556247983886264
b1.0001_float32,1.0001,float32,fixed,1.0,0,50000,50000,5,-0.8071042446841735,-0.004421724991573084,-0.8409636747905886,0.034146927519651205
b1.0001_float32,1.0001,float32,fixed,1.0,0,50000,50000,6,0.7698343263910684,0.0025518923486367033,0.8123303590959663,0.04257258449066465
b1.0001_float32,1.0001,float32,fixed,1.0,0,50000,50000,7,-0.7337771040477918,0.0005220058964735606,-0.7846719568158528,0.050897529688959886
b1.0001_float32,1.0001,float32,fixed,1.0,0,50000,50000,8,0.701035076468533,-0.004136701093089198,0.7579552738844286,0.05707031776500017
b1.0001_float32,1.0001,float32,fixed,1.0,50000,100000,50000,1,-0.9735006400786206,-0.0216180067356217,-0.9659517806143619,0.022898111154252717
b1.0001_float32,1.0001,float32,fixed,1.0,50000,100000,50000,2,0.9486600680204101,0.04266023199518134,0.9330628424720564,0.04542211838618838
b1.0001_float32,1.0001,float32,fixed,1.0,50000,100000,50000,3,-0.9253147680234207,-0.06073372871684368,-0.9012937141109808,0.06531153676736988
b1.0001_float32,1.0001,float32,fixed,1.0,50000,100000,50000,4,0.9012584774855766,0.07762812801972727,0.8706062680020336,0.08346067460828586
b1.0001_float32,1.0001,float32,fixed,1.0,50000,100000,50000,5,-0.8776345417005755,-0.0920390933864349,-0.8409636747905886,0.09907546210503819
b1.0001_float32,1.0001,float32,fixed,1.0,50000,100000,50000,6,0.853278778577391,0.10563123093148778,0.8123303590959663,0.11329046741066974
b1.0001_float32,1.0001,float32,fixed,1.0,50000,100000,50000,7,-0.8294431234477965,-0.11685010126933511,-0.7846719568158528,0.12513354277826205
b1.0001_float32,1.0001,float32,fixed,1.0,50000,100000,50000,8,0.8057116800648704,0.1259836070348386,0.7579552738844286,0.13473137560635223
b1.0001_float32,1.0001,float32,fixed,1.0,100000,150000,50000,1,-0.9607209342660917,0.006676609538134464,-0.9659517806143619,0.008481678397812534
b1.0001_float32,1.0001,float32,fixed,1.0,100000,150000,50000,2,0.9229472043016418,-0.013259901894422459,0.9330628424720564,0.016677863587535945
b1.0001_float32,1.0001,float32,fixed,1.0,100000,150000,50000,3,-0.886679322864343,0.02064851766051003,-0.9012937141109808,0.02529706925883307
b1.0001_float32,1.0001,float32,fixed,1.0,100000,150000,50000,4,0.851477942508928,-0.028729017133603787,0.8706062680020336,0.0345144790143657
b1.0001_float32,1.0001,float32,fixed,1.0,100000,150000,50000,5,-0.8190861936162945,0.035059303133022746,-0.8409636747905886,0.04132528183454738
b1.0001_float32,1.0001,float32,fixed,1.0,100000,150000,50000,6,0.7875774117048849,-0.04102591845046696,0.8123303590959663,0.0479148660568931
b1.0001_float32,1.0001,float32,fixed,1.0,100000,150000,50000,7,-0.7564414307288521,0.04381225706420627,-0.7846719568158528,0.05211982801399982
b1.0001_float32,1.0001,float32,fixed,1.0,100000,150000,50000,8,0.7277736247476143,-0.046258403529631134,0.7579552738844286,0.05523379257056277
b1.0001_float32,1.0001,float32,fixed,1.0,150000,200000,50000,1,-0.964534623753807,-0.011964363967183186,-0.9659517806143619,0.012048001440348899
b1.0001_float32,1.0001,float32,fixed,1.0,150000,200000,50000,2,0.9342579736618563,0.018576659781932212,0.9330628424720564,0.018615064523511332
b1.0001_float32,1.0001,float32,fixed,1.0,150000,200000,50000,3,-0.9077320281525404,-0.023725495190103772,-0.9012937141109808,0.024583551609020628
b1.0001_float32,1.0001,float32,fixed,1.0,150000,200000,50000,4,0.8839936181249877,0.027597790783949923,0.8706062680020336,0.030673428231438864
b1.0001_float32,1.0001,float32,fixed,1.0,150000,200000,50000,5,-0.8610921009454563,-0.0312906512643829,-0.8409636747905886,0.037205623177433644
b1.0001_float32,1.0001,float32,fixed,1.0,150000,200000,50000,6,0.8393157016588253,0.034195398561386134,0.8123303590959663,0.04356069324525149
b1.0001_float32,1.0001,float32,fixed,1.0,150000,200000,50000,7,-0.818556686541002,-0.037826303320941085,-0.7846719568158528,0.050783896379406036
b1.0001_float32,1.0001,float32,fixed,1.0,150000,200000,50000,8,0.7974716835847626,0.04214081692370402,0.7579552738844286,0.057770192024968976
b1.0001_float32,1.0001,float32,half,0.008659474693473383,0,200000,200000,1,0.33559003656357567,-0.10228806316862626,0.3333333333333333,0.10231295409799418
b1.0001_float32,1.0001,float32,half,0.008659474693473383,0,200000,200000,2,0.10934537010737794,0.09898660925721806,0.1111111111111111,0.09900235680797419
b1.0001_float32,1.0001,float32,half,0.008659474693473383,0,200000,200000,3,-0.012575806714146105,-0.10588262955592784,0.03703703703703703,0.11692974603049967
b1.0001_float32,1.0001,float32,half,0.008659474693473383,0,200000,200000,4,0.00413186966853615,0.028164851078387385,0.012345679012345677,0.029338123665364008
b1.0001_float32,1.0001,float32,half,0.008659474693473383,0,200000,200000,5,0.01159914485729824,-0.11066985947741179,0.004115226337448558,0.11092261641866288
b1.0001_float32,1.0001,float32,half,0.008659474693473383,0,200000,200000,6,0.03721521794061031,0.01353392701524111,0.0013717421124828527,0.03831346943172114
b1.0001_float32,1.0001,float32,half,0.008659474693473383,0,200000,200000,7,0.03933469905504024,-0.011912911571508943,0.00045724737082761756,0.04066169833601246
b1.0001_float32,1.0001,float32,half,0.008659474693473383,0,200000,200000,8,0.008005794004217418,0.030789700740014612,0.0001524157902758725,0.031775481444517376
b1.0001_float32,1.0001,float32,half,0.008659474693473383,0,50000,50000,1,0.5582616079173225,0.13222904282644912,0.3333333333333333,0.2609161713541906
b1.0001_float32,1.0001,float32,half,0.008659474693473383,0,50000,50000,2,0.08169336294487695,0.10352722690408765,0.1111111111111111,0.1076256968275812
b1.0001_float32,1.0001,float32,half,0.008659474693473383,0,50000,50000,3,-0.028173783822481615,-0.1035064849012705,0.03703703703703703,0.12233578206636507
b1.0001_float32,1.0001,float32,half,0.008659474693473383,0,50000,50000,4,0.058477030799534535,-0.035350339816553264,0.012345679012345677,0.05811839762811053
b1.0001_float32,1.0001,float32,half,0.008659474693473383,0,50000,50000,5,0.09502395710440888,-0.11691958850092449,0.004115226337448558,0.14810330011476852
b1.0001_float32,1.0001,float32,half,0.008659474693473383,0,50000,50000,6,-0.027537125207641327,-0.09831686281893381,0.0013717421124828527,0.10247891551089713
b1.0001_float32,1.0001,float32,half,0.008659474693473383,0,50000,50000,7,0.0687243839267902,0.022116640010761978,0.00045724737082761756,0.07176034907186615
b1.0001_float32,1.0001,float32,half,0.008659474693473383,0,50000,50000,8,-0.008629903949367924,-0.01920506465304893,0.0001524157902758725,0.021117851413842422
b1.0001_float32,1.0001,float32,half,0.008659474693473383,50000,100000,50000,1,0.2848672646982455,-0.14732237542948587,0.3333333333333333,0.15508978725605185
b1.0001_float32,1.0001,float32,half,0.008659474693473383,50000,100000,50000,2,-0.06654517661999583,-0.10002832618411406,0.1111111111111111,0.20388090300367362
b1.0001_float32,1.0001,float32,half,0.008659474693473383,50000,100000,50000,3,0.20526494581091068,-0.24090210066679038,0.03703703703703703,0.29382724753858885
b1.0001_float32,1.0001,float32,half,0.008659474693473383,50000,100000,50000,4,-0.086619586648601,-0.12377496073956994,0.012345679012345677,0.15847512332673488
b1.0001_float32,1.0001,float32,half,0.008659474693473383,50000,100000,50000,5,-0.06744040378847288,-0.05602164139115983,0.004115226337448558,0.0908770185848842
b1.0001_float32,1.0001,float32,half,0.008659474693473383,50000,100000,50000,6,-0.007052727179030099,-0.07594610145689316,0.0013717421124828527,0.07641192321453737
b1.0001_float32,1.0001,float32,half,0.008659474693473383,50000,100000,50000,7,-0.09083416059822556,0.08173584883062332,0.00045724737082761756,0.12253517924675596
b1.0001_float32,1.0001,float32,half,0.008659474693473383,50000,100000,50000,8,0.026493697099686585,-0.0051414565253924726,0.0001524157902758725,0.026838362025727484
b1.0001_float32,1.0001,float32,half,0.008659474693473383,100000,150000,50000,1,0.4195458062191116,-0.04254296931540941,0.3333333333333333,0.0961378942938367
b1.0001_float32,1.0001,float32,half,0.008659474693473383,100000,150000,50000,2,0.21362203666062696,0.1438446473806524,0.1111111111111111,0.1766345731647194
b1.0001_float32,1.0001,float32,half,0.008659474693473383,100000,150000,50000,3,-0.22514012062025035,0.09183649407585111,0.03703703703703703,0.2777963348235501
b1.0001_float32,1.0001,float32,half,0.008659474693473383,100000,150000,50000,4,0.09925295212725206,0.07608910070970257,0.012345679012345677,0.11550941678962884
b1.0001_float32,1.0001,float32,half,0.008659474693473383,100000,150000,50000,5,-0.06568667852880587,-0.15602419414076069,0.004115226337448558,0.17092646102997458
b1.0001_float32,1.0001,float32,half,0.008659474693473383,100000,150000,50000,6,0.1977414768446356,0.11690167238798305,0.0013717421124828527,0.2285324347349482
b1.0001_float32,1.0001,float32,half,0.008659474693473383,100000,150000,50000,7,0.025234890657433246,-0.0735124639381736,0.00045724737082761756,0.07757585939646139
b1.0001_float32,1.0001,float32,half,0.008659474693473383,100000,150000,50000,8,0.08306402552110292,0.12051529720478205,0.0001524157902758725,0.14628148170056907
b1.0001_float32,1.0001,float32,half,0.008659474693473383,150000,200000,50000,1,0.07968546741959587,-0.3515159507560612,0.3333333333333333,0.43347514752120564
b1.0001_float32,1.0001,float32,half,0.008659474693473383,150000,200000,50000,2,0.20861125744399875,0.24860288892824936,0.1111111111111111,0.26703871426893516
b1.0001_float32,1.0001,float32,half,0.008659474693473383,150000,200000,50000,3,-0.002254268224766294,-0.17095842673149844,0.03703703703703703,0.17541547919064993
b1.0001_float32,1.0001,float32,half,0.008659474693473383,150000,200000,50000,4,-0.054582917604043275,0.19569560415996928,0.012345679012345677,0.20682409562856716
b1.0001_float32,1.0001,float32,half,0.008659474693473383,150000,200000,50000,5,0.08449970464206269,-0.11371401387680119,0.004115226337448558,0.1392571050405627
b1.0001_float32,1.0001,float32,half,0.008659474693473383,150000,200000,50000,6,-0.014290752695522308,0.11149699994880552,0.0013717421124828527,0.11259171701859212
b1.0001_float32,1.0001,float32,half,0.008659474693473383,150000,200000,50000,7,0.15421368223416348,-0.0779916711892508,0.00045724737082761756,0.1724057482706869
b1.0001_float32,1.0001,float32,half,0.008659474693473383,150000,200000,50000,8,-0.06890464265455018,0.026990026933714373,0.0001524157902758725,0.0741440413987176
b1.0001_float32,1.0001,float32,matched,0.017318949386946766,0,200000,200000,1,-0.003424498886748188,-0.07229554044144369,0.0,0.0723766009173252
b1.0001_float32,1.0001,float32,matched,0.017318949386946766,0,200000,200000,2,-0.02398023687235431,0.06565719565064727,0.0,0.0698993497906926
b1.0001_float32,1.0001,float32,matched,0.017318949386946766,0,200000,200000,3,0.0027525508265309412,-0.14505807223622105,0.0,0.14508418541295726
b1.0001_float32,1.0001,float32,matched,0.017318949386946766,0,200000,200000,4,0.05834662687726138,0.09313685053874926,0.0,0.10990360228960504
b1.0001_float32,1.0001,float32,matched,0.017318949386946766,0,200000,200000,5,-0.013641043068788081,-0.06719854923166836,0.0,0.06856911166732063
b1.0001_float32,1.0001,float32,matched,0.017318949386946766,0,200000,200000,6,-0.0035612652037789083,0.0758630207823398,0.0,0.07594656366204705
b1.0001_float32,1.0001,float32,matched,0.017318949386946766,0,200000,200000,7,-0.006788995885877127,-0.09142838728274949,0.0,0.09168009852886767
b1.0001_float32,1.0001,float32,matched,0.017318949386946766,0,200000,200000,8,0.018979383888005335,0.09812126009186523,0.0,0.09993997545919121
b1.0001_float32,1.0001,float32,matched,0.017318949386946766,0,50000,50000,1,0.18726500097212528,0.13519839741879555,0.0,0.2309692344311265
b1.0001_float32,1.0001,float32,matched,0.017318949386946766,0,50000,50000,2,-0.15989452355668143,-0.09042899200342568,0.0,0.18369447802852917
b1.0001_float32,1.0001,float32,matched,0.017318949386946766,0,50000,50000,3,0.1264010279261892,-0.13143304426431632,0.0,0.18235093908555283
b1.0001_float32,1.0001,float32,matched,0.017318949386946766,0,50000,50000,4,0.017519612740257342,0.02929466445484519,0.0,0.03413376914567973
b1.0001_float32,1.0001,float32,matched,0.017318949386946766,0,50000,50000,5,-0.06699944330294769,-0.03902850958698967,0.0,0.07753805493747341
b1.0001_float32,1.0001,float32,matched,0.017318949386946766,0,50000,50000,6,0.008293427803329789,0.06789128797418091,0.0,0.068395964263414
b1.0001_float32,1.0001,float32,matched,0.017318949386946766,0,50000,50000,7,-0.048564643037813146,-0.06632200073928589,0.0,0.08220177817694731
b1.0001_float32,1.0001,float32,matched,0.017318949386946766,0,50000,50000,8,-0.005210187898657679,0.09409431144403185,0.0,0.09423845024227522
b1.0001_float32,1.0001,float32,matched,0.017318949386946766,50000,100000,50000,1,-0.08327879163806774,-0.1892503736596462,0.0,0.20676329719515602
b1.0001_float32,1.0001,float32,matched,0.017318949386946766,50000,100000,50000,2,-0.032652528388997945,-0.12099019644698825,0.0,0.12531885431360726
b1.0001_float32,1.0001,float32,matched,0.017318949386946766,50000,100000,50000,3,0.06327772602340648,-0.10697823574155053,0.0,0.12429164707681709
b1.0001_float32,1.0001,float32,matched,0.017318949386946766,50000,100000,50000,4,-0.2113601800262066,0.11515338808900986,0.0,0.24069364031708146
b1.0001_float32,1.0001,float32,matched,0.017318949386946766,50000,100000,50000,5,0.19122633594644917,-0.03275237351095357,0.0,0.19401090054454478
b1.0001_float32,1.0001,float32,matched,0.017318949386946766,50000,100000,50000,6,-0.11834935144954388,0.04380832049568939,0.0,0.12619721840508488
b1.0001_float32,1.0001,float32,matched,0.017318949386946766,50000,100000,50000,7,0.0974296631512237,-0.059463061620376095,0.0,0.11414199472161665
b1.0001_float32,1.0001,float32,matched,0.017318949386946766,50000,100000,50000,8,-0.05976408915865735,0.007601536302412891,0.0,0.06024557832007961
b1.0001_float32,1.0001,float32,matched,0.017318949386946766,100000,150000,50000,1,0.08398092340481454,0.015042435708132856,0.0,0.08531746812909205
b1.0001_float32,1.0001,float32,matched,0.017318949386946766,100000,150000,50000,2,-0.08787370841954027,0.1587099085743786,0.0,0.1814128543160324
b1.0001_float32,1.0001,float32,matched,0.017318949386946766,100000,150000,50000,3,-0.03821725250175459,-0.09287014121497798,0.0,0.100426199360888
b1.0001_float32,1.0001,float32,matched,0.017318949386946766,100000,150000,50000,4,0.25537124640822945,0.00230474985302129,0.0,0.25538164649006717
b1.0001_float32,1.0001,float32,matched,0.017318949386946766,100000,150000,50000,5,-0.15222259597473398,0.04883813305684541,0.0,0.15986519935797544
b1.0001_float32,1.0001,float32,matched,0.017318949386946766,100000,150000,50000,6,0.10730625857380449,0.011375411795400536,0.0,0.10790752115873632
b1.0001_float32,1.0001,float32,matched,0.017318949386946766,100000,150000,50000,7,-0.10891950496869826,-0.04958119006786055,0.0,0.11967352660957058
b1.0001_float32,1.0001,float32,matched,0.017318949386946766,100000,150000,50000,8,0.16080122192873564,0.13265999399294695,0.0,0.2084603247142804
b1.0001_float32,1.0001,float32,matched,0.017318949386946766,150000,200000,50000,1,-0.201665128285864,-0.25017262123306105,0.0,0.3213334162224256
b1.0001_float32,1.0001,float32,matched,0.017318949386946766,150000,200000,50000,2,0.18449981287579342,0.3153380624786202,0.0,0.36534678676426446
b1.0001_float32,1.0001,float32,matched,0.017318949386946766,150000,200000,50000,3,-0.14045129814171672,-0.2489508677240361,0.0,0.28583754422791263
b1.0001_float32,1.0001,float32,matched,0.017318949386946766,150000,200000,50000,4,0.17185582838676483,0.22579459975813176,0.0,0.28375628104138256
b1.0001_float32,1.0001,float32,matched,0.017318949386946766,150000,200000,50000,5,-0.02656846894391689,-0.24585144688557548,0.0,0.24728286935765448
b1.0001_float32,1.0001,float32,matched,0.017318949386946766,150000,200000,50000,6,-0.011495395742704346,0.1803770628640792,0.0,0.18074299137381059
b1.0001_float32,1.0001,float32,matched,0.017318949386946766,150000,200000,50000,7,0.032898501311781264,-0.1903472967034781,0.0,0.19316936804494445
b1.0001_float32,1.0001,float32,matched,0.017318949386946766,150000,200000,50000,8,-0.01990940931939925,0.1581291986280726,0.0,0.15937762715702544
b1.0001_float32,1.0001,float32,double,0.03463789877389353,0,200000,200000,1,-0.3414558928647199,-0.05660936061556184,-0.3333333333333333,0.05718912206568346
b1.0001_float32,1.0001,float32,double,0.03463789877389353,0,200000,200000,2,0.1125782839466439,0.03234988150666023,0.1111111111111111,0.032383134956706756
b1.0001_float32,1.0001,float32,double,0.03463789877389353,0,200000,200000,3,-0.00047485387259546416,-0.06930107325729754,-0.03703703703703703,0.07835452758050102
b1.0001_float32,1.0001,float32,double,0.03463789877389353,0,200000,200000,4,-0.01451748414463638,0.10930822374850932,0.012345679012345677,0.11256072722691877
b1.0001_float32,1.0001,float32,double,0.03463789877389353,0,200000,200000,5,-0.013371696524682421,-0.12437127818597406,-0.004115226337448558,0.12471526401343219
b1.0001_float32,1.0001,float32,double,0.03463789877389353,0,200000,200000,6,0.028926099489843128,0.11014847419372165,0.0013717421124828527,0.11354263066216254
b1.0001_float32,1.0001,float32,double,0.03463789877389353,0,200000,200000,7,-0.040601694264782655,-0.10769710507889715,-0.00045724737082761756,0.11493582147788649
b1.0001_float32,1.0001,float32,double,0.03463789877389353,0,200000,200000,8,0.028674029001087308,0.0843601482530415,0.0001524157902758725,0.08905120455907531
b1.0001_float32,1.0001,float32,double,0.03463789877389353,0,50000,50000,1,-0.2019525613866802,0.08113990569595539,-0.3333333333333333,0.15441694056562255
b1.0001_float32,1.0001,float32,double,0.03463789877389353,0,50000,50000,2,-0.03994950451967731,-0.18897566719042994,0.1111111111111111,0.2419320408396146
b1.0001_float32,1.0001,float32,double,0.03463789877389353,0,50000,50000,3,0.13626285822017548,0.0858872924986427,-0.03703703703703703,0.19341530629427506
b1.0001_float32,1.0001,float32,double,0.03463789877389353,0,50000,50000,4,-0.19662732545942732,0.02257664571262912,0.012345679012345677,0.21018901381754765
b1.0001_float32,1.0001,float32,double,0.03463789877389353,0,50000,50000,5,0.13159945257830777,-0.03701748337014829,-0.004115226337448558,0.14067255648585492
b1.0001_float32,1.0001,float32,double,0.03463789877389353,0,50000,50000,6,-0.061464563889902846,0.04257409516787787,0.0013717421124828527,0.07590095474622816
b1.0001_float32,1.0001,float32,double,0.03463789877389353,0,50000,50000,7,0.007733689822132082,-0.05801703455399003,-0.00045724737082761756,0.05859238645539097
b1.0001_float32,1.0001,float32,double,0.03463789877389353,0,50000,50000,8,-0.0061547133932207026,0.0492578552399488,0.0001524157902758725,0.04966000585357462
b1.0001_float32,1.0001,float32,double,0.03463789877389353,50000,100000,50000,1,-0.4159775424806976,-0.21111632449951204,-0.3333333333333333,0.22671605098840392
b1.0001_float32,1.0001,float32,double,0.03463789877389353,50000,100000,50000,2,0.1362350338886251,0.016289456687811763,0.1111111111111111,0.029942576624508815
b1.0001_float32,1.0001,float32,double,0.03463789877389353,50000,100000,50000,3,-0.06984713408853982,0.048248061862373355,-0.03703703703703703,0.05834704741462449
b1.0001_float32,1.0001,float32,double,0.03463789877389353,50000,100000,50000,4,0.03087723327272724,0.003543114015330817,0.012345679012345677,0.018867224497288934
b1.0001_float32,1.0001,float32,double,0.03463789877389353,50000,100000,50000,5,0.05853431840390206,-0.08722663639848006,-0.004115226337448558,0.10739390836398097
b1.0001_float32,1.0001,float32,double,0.03463789877389353,50000,100000,50000,6,-0.12685453510789046,0.09054443669460073,0.0013717421124828527,0.15697220513880344
b1.0001_float32,1.0001,float32,double,0.03463789877389353,50000,100000,50000,7,0.17170938182675588,-0.06713638933843148,-0.00045724737082761756,0.18479351444966804
b1.0001_float32,1.0001,float32,double,0.03463789877389353,50000,100000,50000,8,-0.18884308274725098,0.07876112752101709,0.0001524157902758725,0.20475012497146425
b1.0001_float32,1.0001,float32,double,0.03463789877389353,100000,150000,50000,1,-0.2814549844202453,0.05186048590455474,-0.3333333333333333,0.07335443465943024
b1.0001_float32,1.0001,float32,double,0.03463789877389353,100000,150000,50000,2,0.04026750414485737,0.04861019664395763,0.1111111111111111,0.08591721518853637
b1.0001_float32,1.0001,float32,double,0.03463789877389353,100000,150000,50000,3,0.11698403161268114,-0.10404816150681916,-0.03703703703703703,0.18587229352690068
b1.0001_float32,1.0001,float32,double,0.03463789877389353,100000,150000,50000,4,-0.0757626322698824,0.1510837171895464,0.012345679012345677,0.17489815355462401
b1.0001_float32,1.0001,float32,double,0.03463789877389353,100000,150000,50000,5,-0.04922387868711978,-0.10500230716028595,-0.004115226337448558,0.11428156030518019
b1.0001_float32,1.0001,float32,double,0.03463789877389353,100000,150000,50000,6,0.11214988679258048,0.05620757075879802,0.0013717421124828527,0.12422193183721596
b1.0001_float32,1.0001,float32,double,0.03463789877389353,100000,150000,50000,7,-0.18990649024023504,-0.053400305800668645,-0.00045724737082761756,0.19683142097591189
b1.0001_float32,1.0001,float32,double,0.03463789877389353,100000,150000,50000,8,0.1907735971289107,-0.036400194403084056,0.0001524157902758725,0.19406547587739303
b1.0001_float32,1.0001,float32,double,0.03463789877389353,150000,200000,50000,1,-0.4664384831712818,-0.14832150956324638,-0.3333333333333333,0.19928936527698338
b1.0001_float32,1.0001,float32,double,0.03463789877389353,150000,200000,50000,2,0.31376010227277346,0.253475539885298,0.1111111111111111,0.3245249804544833
b1.0001_float32,1.0001,float32,double,0.03463789877389353,150000,200000,50000,3,-0.18529917123469566,-0.30729148588338423,-0.03703703703703703,0.3411886834777242
b1.0001_float32,1.0001,float32,double,0.03463789877389353,150000,200000,50000,4,0.18344278787803886,0.26002941807653435,0.012345679012345677,0.3112708128421615
b1.0001_float32,1.0001,float32,double,0.03463789877389353,150000,200000,50000,5,-0.19439667839381883,-0.26823868581498367,-0.004115226337448558,0.3288753921539741
b1.0001_float32,1.0001,float32,double,0.03463789877389353,150000,200000,50000,6,0.19187361016458718,0.2512677941536116,0.0013717421124828527,0.31531962531717417
b1.0001_float32,1.0001,float32,double,0.03463789877389353,150000,200000,50000,7,-0.15194335846778156,-0.25223469062249987,-0.00045724737082761756,0.2942284503726771
b1.0001_float32,1.0001,float32,double,0.03463789877389353,150000,200000,50000,8,0.11892031501591194,0.24582180465427841,0.0001524157902758725,0.2730094751651617
b1.0001_float64,1.0001,float64,fixed,1.0,0,200000,200000,1,-0.9668197291555294,-0.02307891818092666,-0.9659517806143619,0.023095233254332413
b1.0001_float64,1.0001,float64,fixed,1.0,0,200000,200000,2,0.9352918882741401,0.044198324509606104,0.9330628424720564,0.044254497338058585
b1.0001_float64,1.0001,float64,fixed,1.0,0,200000,200000,3,-0.9049856831865285,-0.06270292037947657,-0.9012937141109808,0.06281151852781286
b1.0001_float64,1.0001,float64,fixed,1.0,0,200000,200000,4,0.8755367854261124,0.07981005124589363,0.8706062680020336,0.07996220533440353
b1.0001_float64,1.0001,float64,fixed,1.0,0,200000,200000,5,-0.8468133367605727,-0.09413359595624997,-0.8409636747905886,0.09431517604721733
b1.0001_float64,1.0001,float64,fixed,1.0,0,200000,200000,6,0.8187999384017856,0.10704654823829293,0.8123303590959663,0.10724187123566738
b1.0001_float64,1.0001,float64,fixed,1.0,0,200000,200000,7,-0.7919011630376117,-0.11783721786702943,-0.7846719568158528,0.11805876222135517
b1.0001_float64,1.0001,float64,fixed,1.0,0,200000,200000,8,0.7658511144709312,0.12729666244332882,0.7579552738844286,0.12754130533979283
b1.0001_float64,1.0001,float64,fixed,1.0,0,50000,50000,1,-0.9652856844440003,-0.021250086654752937,-0.9659517806143619,0.02126052367517506
b1.0001_float64,1.0001,float64,fixed,1.0,0,50000,50000,2,0.9312325972521888,0.04198067880965897,0.9330628424720564,0.04202055676552369
b1.0001_float64,1.0001,float64,fixed,1.0,0,50000,50000,3,-0.8981006015341593,-0.06130593417337558,-0.9012937141109808,0.06138903430416963
b1.0001_float64,1.0001,float64,fixed,1.0,0,50000,50000,4,0.8671473558410843,0.07904826010524038,0.8706062680020336,0.07912389967009273
b1.0001_float64,1.0001,float64,fixed,1.0,0,50000,50000,5,-0.836087908975865,-0.09403478451037625,-0.8409636747905886,0.09416110550642938
b1.0001_float64,1.0001,float64,fixed,1.0,0,50000,50000,6,0.8075471865269368,0.1076518823073387,0.8123303590959663,0.10775809252273455
b1.0001_float64,1.0001,float64,fixed,1.0,0,50000,50000,7,-0.7788599069001251,-0.11973305636338805,-0.7846719568158528,0.11987403684844007
b1.0001_float64,1.0001,float64,fixed,1.0,0,50000,50000,8,0.7521055681607782,0.13109434691720528,0.7579552738844286,0.1312247951063437
b1.0001_float64,1.0001,float64,fixed,1.0,50000,100000,50000,1,-0.9596645663931046,-0.024971121515842635,-0.9659517806143619,0.025750455771169554
b1.0001_float64,1.0001,float64,fixed,1.0,50000,100000,50000,2,0.9202591544819452,0.048031723459288946,0.9330628424720564,0.04970896181391969
b1.0001_float64,1.0001,float64,fixed,1.0,50000,100000,50000,3,-0.883202194247747,-0.06685878110040698,-0.9012937141109808,0.06926326372034398
b1.0001_float64,1.0001,float64,fixed,1.0,50000,100000,50000,4,0.8476238353976374,0.08526518993124133,0.8706062680020336,0.08830823756833939
b1.0001_float64,1.0001,float64,fixed,1.0,50000,100000,50000,5,-0.8152983000097695,-0.09967298111128246,-0.8409636747905886,0.10292431503901289
b1.0001_float64,1.0001,float64,fixed,1.0,50000,100000,50000,6,0.7828970714711145,0.11225007017821238,0.8123303590959663,0.11604480460331197
b1.0001_float64,1.0001,float64,fixed,1.0,50000,100000,50000,7,-0.7538725855308352,-0.1209414697539279,-0.7846719568158528,0.12480160406738616
b1.0001_float64,1.0001,float64,fixed,1.0,50000,100000,50000,8,0.7251026296474438,0.12591852432022466,0.7579552738844286,0.13013366589912428
b1.0001_float64,1.0001,float64,fixed,1.0,100000,150000,50000,1,-0.9714547352525458,-0.023963480575272905,-0.9659517806143619,0.02458721031413265
b1.0001_float64,1.0001,float64,fixed,1.0,100000,150000,50000,2,0.9414461822871278,0.044986061043083794,0.9330628424720564,0.045760529658506174
b1.0001_float64,1.0001,float64,fixed,1.0,100000,150000,50000,3,-0.9094460944134277,-0.06340462313528314,-0.9012937141109808,0.06392657928845409
b1.0001_float64,1.0001,float64,fixed,1.0,100000,150000,50000,4,0.8775074528920369,0.07882188951815666,0.8706062680020336,0.07912342649366562
b1.0001_float64,1.0001,float64,fixed,1.0,100000,150000,50000,5,-0.8456718607875803,-0.09158234285553746,-0.8409636747905886,0.09170328531896489
b1.0001_float64,1.0001,float64,fixed,1.0,100000,150000,50000,6,0.8141002698792729,0.10267012443740554,0.8123303590959663,0.10268537888216221
b1.0001_float64,1.0001,float64,fixed,1.0,100000,150000,50000,7,-0.7848090127549401,-0.11214382230786739,-0.7846719568158528,0.11214390605890708
b1.0001_float64,1.0001,float64,fixed,1.0,100000,150000,50000,8,0.7553966074393762,0.12121158986250335,0.7579552738844286,0.12123859241583418
b1.0001_float64,1.0001,float64,fixed,1.0,150000,200000,50000,1,-0.9708739305324946,-0.022130983977839906,-0.9659517806143619,0.022671744786054295
b1.0001_float64,1.0001,float64,fixed,1.0,150000,200000,50000,2,0.9482296190753972,0.04179483472639285,0.9330628424720564,0.04446166126385898
b1.0001_float64,1.0001,float64,fixed,1.0,150000,200000,50000,3,-0.9291938425507374,-0.05924234310884453,-0.9012937141109808,0.06548337486706818
b1.0001_float64,1.0001,float64,fixed,1.0,150000,200000,50000,4,0.9098684975736686,0.07610486542893805,0.8706062680020336,0.08563570057454159
b1.0001_float64,1.0001,float64,fixed,1.0,150000,200000,50000,5,-0.890195277269047,-0.09124427534780225,-0.8409636747905886,0.10367867893806566
b1.0001_float64,1.0001,float64,fixed,1.0,150000,200000,50000,6,0.8706552257298191,0.10561411603021913,0.8123303590959663,0.1206487943275908
b1.0001_float64,1.0001,float64,fixed,1.0,150000,200000,50000,7,-0.8500631469644071,-0.11853052304293737,-0.7846719568158528,0.1353716833088689
b1.0001_float64,1.0001,float64,fixed,1.0,150000,200000,50000,8,0.8307996526361611,0.13096218867338807,0.7579552738844286,0.14985792731066963
b1.0001_float64,1.0001,float64,half,0.008659474693473383,0,200000,200000,1,0.3680806271387993,-0.27536810330477846,0.3333333333333333,0.27755173705901126
b1.0001_float64,1.0001,float64,half,0.008659474693473383,0,200000,200000,2,-0.0061434747153716685,-0.12858588684774858,0.1111111111111111,0.17402002239329248
b1.0001_float64,1.0001,float64,half,0.008659474693473383,0,200000,200000,3,0.11441579995239855,-0.07297077077079638,0.03703703703703703,0.10635885641165872
b1.0001_float64,1.0001,float64,half,0.008659474693473383,0,200000,200000,4,-0.01454595625676307,-0.01979012211333798,0.012345679012345677,0.03338875530335928
b1.0001_float64,1.0001,float64,half,0.008659474693473383,0,200000,200000,5,0.023069044688810353,-0.08221169212124828,0.004115226337448558,0.08436829707618458
b1.0001_float64,1.0001,float64,half,0.008659474693473383,0,200000,200000,6,-0.026682569326828262,-0.046172522836905976,0.0013717421124828527,0.05402727325581466
b1.0001_float64,1.0001,float64,half,0.008659474693473383,0,200000,200000,7,0.0007611281139872883,-0.0029447004673291196,0.00045724737082761756,0.00296033855299552
b1.0001_float64,1.0001,float64,half,0.008659474693473383,0,200000,200000,8,0.003202732114726845,-0.052671279623909335,0.0001524157902758725,0.05275953114745485
b1.0001_float64,1.0001,float64,half,0.008659474693473383,0,50000,50000,1,0.35879138774939745,-0.37540297392772215,0.3333333333333333,0.3762652061623946
b1.0001_float64,1.0001,float64,half,0.008659474693473383,0,50000,50000,2,0.18626433331652573,0.06331009511233719,0.1111111111111111,0.09826583816866168
b1.0001_float64,1.0001,float64,half,0.008659474693473383,0,50000,50000,3,0.13433491743700945,-0.1916510601161896,0.03703703703703703,0.21493488868489138
b1.0001_float64,1.0001,float64,half,0.008659474693473383,0,50000,50000,4,-0.16640552196171143,-0.06712934162083647,0.012345679012345677,0.19094067234645093
b1.0001_float64,1.0001,float64,half,0.008659474693473383,0,50000,50000,5,-0.009586513098084243,-0.07680384830578098,0.004115226337448558,0.07801646478876527
b1.0001_float64,1.0001,float64,half,0.008659474693473383,0,50000,50000,6,-0.11228455066330141,-0.06850291229932298,0.0013717421124828527,0.13270418938761325
b1.0001_float64,1.0001,float64,half,0.008659474693473383,0,50000,50000,7,0.062253431492089124,0.06454850562468226,0.00045724737082761756,0.08936038244282804
b1.0001_float64,1.0001,float64,half,0.008659474693473383,0,50000,50000,8,0.038405493148389105,-0.030453443534118912,0.0001524157902758725,0.04889488879680128
b1.0001_float64,1.0001,float64,half,0.008659474693473383,50000,100000,50000,1,0.43888447561442184,0.032417089142541086,0.3333333333333333,0.11041698830034284
b1.0001_float64,1.0001,float64,half,0.008659474693473383,50000,100000,50000,2,0.04467238851984804,-0.3396805770036651,0.1111111111111111,0.3461170297068633
b1.0001_float64,1.0001,float64,half,0.008659474693473383,50000,100000,50000,3,0.10711249020480444,-0.11038800535431988,0.03703703703703703,0.1307519822517935
b1.0001_float64,1.0001,float64,half,0.008659474693473383,50000,100000,50000,4,-0.019352565280731045,-0.016994657439024483,0.012345679012345677,0.03596661052606099
b1.0001_float64,1.0001,float64,half,0.008659474693473383,50000,100000,50000,5,0.08494281912092566,-0.1582979421572765,0.004115226337448558,0.17773952359112494
b1.0001_float64,1.0001,float64,half,0.008659474693473383,50000,100000,50000,6,0.018303928755825056,-0.06923100608014297,0.0013717421124828527,0.07127153111442022
b1.0001_float64,1.0001,float64,half,0.008659474693473383,50000,100000,50000,7,-0.05692813601235798,-0.10384659926272342,0.00045724737082761756,0.11864736998546517
b1.0001_float64,1.0001,float64,half,0.008659474693473383,50000,100000,50000,8,0.04594038206420247,-0.021082061638362817,0.0001524157902758725,0.05040824514328949
b1.0001_float64,1.0001,float64,half,0.008659474693473383,100000,150000,50000,1,0.31047262686208044,-0.5411812198258625,0.3333333333333333,0.5416638483345306
b1.0001_float64,1.0001,float64,half,0.008659474693473383,100000,150000,50000,2,-0.025260355360804423,0.023961782868547003,0.1111111111111111,0.13846062222141056
b1.0001_float64,1.0001,float64,half,0.008659474693473383,100000,150000,50000,3,0.19101594828989468,0.059974638125753044,0.03703703703703703,0.16524667115839412
b1.0001_float64,1.0001,float64,half,0.008659474693473383,100000,150000,50000,4,0.060786714163858495,0.02978182403216172,0.012345679012345677,0.05686379277917316
b1.0001_float64,1.0001,float64,half,0.008659474693473383,100000,150000,50000,5,0.10705986300094601,0.013587779832084415,0.004115226337448558,0.10383749794050656
b1.0001_float64,1.0001,float64,half,0.008659474693473383,100000,150000,50000,6,-0.027098383461186894,-0.08751509597175638,0.0013717421124828527,0.09202956086566019
b1.0001_float64,1.0001,float64,half,0.008659474693473383,100000,150000,50000,7,-0.04118165093015142,-0.004328397689340221,0.00045724737082761756,0.041863264066199626
b1.0001_float64,1.0001,float64,half,0.008659474693473383,100000,150000,50000,8,-0.044435549853446984,-0.07715353485252228,0.0001524157902758725,0.08911091190468866
b1.0001_float64,1.0001,float64,half,0.008659474693473383,150000,200000,50000,1,0.36417401832931073,-0.2173053086080662,0.3333333333333333,0.21948290366283202
b1.0001_float64,1.0001,float64,half,0.008659474693473383,150000,200000,50000,2,-0.23025026533706253,-0.2619348483682183,0.1111111111111111,0.4302760208520494
b1.0001_float64,1.0001,float64,half,0.008659474693473383,150000,200000,50000,3,0.025199843877880778,-0.04981865573842876,0.03703703703703703,0.0512056403286909
b1.0001_float64,1.0001,float64,half,0.008659474693473383,150000,200000,50000,4,0.06678754805153428,-0.024818313425650187,0.012345679012345677,0.0598319796243946
b1.0001_float64,1.0001,float64,half,0.008659474693473383,150000,200000,50000,5,-0.0901399902685437,-0.10733275785402789,0.004115226337448558,0.1428438544915178
b1.0001_float64,1.0001,float64,half,0.008659474693473383,150000,200000,50000,6,0.014348728061347417,0.04055892300359822,0.0013717421124828527,0.042584368018427105
b1.0001_float64,1.0001,float64,half,0.008659474693473383,150000,200000,50000,7,0.038900867906369305,0.03184768945806684,0.00045724737082761756,0.04992181170288378
b1.0001_float64,1.0001,float64,half,0.008659474693473383,150000,200000,50000,8,-0.027099396900235,-0.08199607847063481,0.0001524157902758725,0.08640612350685101
b1.0001_float64,1.0001,float64,matched,0.017318949386946766,0,200000,200000,1,0.0030064406177509285,-0.29182228745404803,0.0,0.2918377736690388
b1.0001_float64,1.0001,float64,matched,0.017318949386946766,0,200000,200000,2,-0.06013392263476795,0.03703890293958782,0.0,0.07062555474056444
b1.0001_float64,1.0001,float64,matched,0.017318949386946766,0,200000,200000,3,0.09603565893860787,-0.05837071912582896,0.0,0.11238322223107428
b1.0001_float64,1.0001,float64,matched,0.017318949386946766,0,200000,200000,4,-0.10970980027894871,-0.028978801131905214,0.0,0.11347251293722778
b1.0001_float64,1.0001,float64,matched,0.017318949386946766,0,200000,200000,5,0.07964170164269209,-0.0029861739108009017,0.0,0.07969766543110991
b1.0001_float64,1.0001,float64,matched,0.017318949386946766,0,200000,200000,6,-0.05792455165102219,0.02334851787973667,0.0,0.06245323827594787
b1.0001_float64,1.0001,float64,matched,0.017318949386946766,0,200000,200000,7,0.043178037323875665,-0.04345275499937264,0.0,0.06125752871425279
b1.0001_float64,1.0001,float64,matched,0.017318949386946766,0,200000,200000,8,-0.038640571497969456,0.019525254895163165,0.0,0.04329352543291875
b1.0001_float64,1.0001,float64,matched,0.017318949386946766,0,50000,50000,1,0.048150718345493226,-0.33708965441937644,0.0,0.34051127263831027
b1.0001_float64,1.0001,float64,matched,0.017318949386946766,0,50000,50000,2,0.025889905857685313,0.1450017214253967,0.0,0.14729489618329672
b1.0001_float64,1.0001,float64,matched,0.017318949386946766,0,50000,50000,3,-0.12392912424510137,-0.2599063225913407,0.0,0.28794048753016976
b1.0001_float64,1.0001,float64,matched,0.017318949386946766,0,50000,50000,4,-0.017545759048832623,0.17696044730147553,0.0,0.17782815741534855
b1.0001_float64,1.0001,float64,matched,0.017318949386946766,0,50000,50000,5,0.14169215843704572,-0.07907750466126194,0.0,0.1622649669706951
b1.0001_float64,1.0001,float64,matched,0.017318949386946766,0,50000,50000,6,-0.08666547042513616,0.0869205248645219,0.0,0.12274396688527758
b1.0001_float64,1.0001,float64,matched,0.017318949386946766,0,50000,50000,7,0.052792570387450055,-0.08896439922087401,0.0,0.10344911704236492
b1.0001_float64,1.0001,float64,matched,0.017318949386946766,0,50000,50000,8,-0.08539366292980385,0.033316765875365306,0.0,0.09166288538423206
b1.0001_float64,1.0001,float64,matched,0.017318949386946766,50000,100000,50000,1,0.08091433872857572,-0.08541841361581459,0.0,0.11765813017605314
b1.0001_float64,1.0001,float64,matched,0.017318949386946766,50000,100000,50000,2,-0.06831746083220379,-0.2981580683346051,0.0,0.3058847972155248
b1.0001_float64,1.0001,float64,matched,0.017318949386946766,50000,100000,50000,3,0.10634372890861171,0.13024547683308393,0.0,0.1681453921868384
b1.0001_float64,1.0001,float64,matched,0.017318949386946766,50000,100000,50000,4,-0.05995236751337987,-0.2064907791929336,0.0,0.21501797195156555
b1.0001_float64,1.0001,float64,matched,0.017318949386946766,50000,100000,50000,5,0.05654610168948473,0.050958089050947605,0.0,0.07611956684060843
b1.0001_float64,1.0001,float64,matched,0.017318949386946766,50000,100000,50000,6,-0.0353492746944608,0.03713911114089926,0.0,0.05127265155773119
b1.0001_float64,1.0001,float64,matched,0.017318949386946766,50000,100000,50000,7,0.09229778110062478,-0.05246970072456463,0.0,0.10616943953051758
b1.0001_float64,1.0001,float64,matched,0.017318949386946766,50000,100000,50000,8,-0.09394672576374166,0.019482570594427734,0.0,0.09594559832892045
b1.0001_float64,1.0001,float64,matched,0.017318949386946766,100000,150000,50000,1,-0.04297786655209097,-0.4672534628741792,0.0,0.4692258470942125
b1.0001_float64,1.0001,float64,matched,0.017318949386946766,100000,150000,50000,2,0.02406098009820919,0.36652391519375355,0.0,0.36731282467706494
b1.0001_float64,1.0001,float64,matched,0.017318949386946766,100000,150000,50000,3,0.1630266573078064,-0.16948975896376453,0.0,0.2351690230165358
b1.0001_float64,1.0001,float64,matched,0.017318949386946766,100000,150000,50000,4,-0.17366414975323988,-0.004244291487605916,0.0,0.17371600651565614
b1.0001_float64,1.0001,float64,matched,0.017318949386946766,100000,150000,50000,5,0.020898952587737066,-0.05410326378472973,0.0,0.057999391129774196
b1.0001_float64,1.0001,float64,matched,0.017318949386946766,100000,150000,50000,6,-0.08473042808630533,0.01029114512229243,0.0,0.08535310838872034
b1.0001_float64,1.0001,float64,matched,0.017318949386946766,100000,150000,50000,7,0.05799095101014442,-0.02384651293005171,0.0,0.06270252449450575
b1.0001_float64,1.0001,float64,matched,0.017318949386946766,100000,150000,50000,8,-0.08177227210142074,-0.022918046396905076,0.0,0.08492314958407682
b1.0001_float64,1.0001,float64,matched,0.017318949386946766,150000,200000,50000,1,-0.07406142805097292,-0.27752761890680944,0.0,0.28723975069797125
b1.0001_float64,1.0001,float64,matched,0.017318949386946766,150000,200000,50000,2,-0.22216911566276196,-0.06521195652619846,0.0,0.23154203771312995
b1.0001_float64,1.0001,float64,matched,0.017318949386946766,150000,200000,50000,3,0.2387013737831151,0.06566772821870429,0.0,0.24756937689333072
b1.0001_float64,1.0001,float64,matched,0.017318949386946766,150000,200000,50000,4,-0.18767692480033912,-0.08214058114855696,0.0,0.20486508529745817
b1.0001_float64,1.0001,float64,matched,0.017318949386946766,150000,200000,50000,5,0.0994295938564966,0.07027798375184108,0.0,0.12175893862337954
b1.0001_float64,1.0001,float64,matched,0.017318949386946766,150000,200000,50000,6,-0.024953033398188832,-0.04095670960876845,0.0,0.04795941969778318
b1.0001_float64,1.0001,float64,matched,0.017318949386946766,150000,200000,50000,7,-0.030369153202718543,-0.008530407122000922,0.0,0.03154446563055513
b1.0001_float64,1.0001,float64,matched,0.017318949386946766,150000,200000,50000,8,0.10655037480309495,0.04821972950776401,0.0,0.11695351505825696
b1.0001_float64,1.0001,float64,double,0.03463789877389353,0,200000,200000,1,-0.341902043425702,-0.2551391354238197,-0.3333333333333333,0.2552829826241093
b1.0001_float64,1.0001,float64,double,0.03463789877389353,0,200000,200000,2,0.09813609102435442,0.16097238706604186,0.1111111111111111,0.16149445979349056
b1.0001_float64,1.0001,float64,double,0.03463789877389353,0,200000,200000,3,-0.00451848010900404,-0.13794633964398662,-0.03703703703703703,0.1417273762046551
b1.0001_float64,1.0001,float64,double,0.03463789877389353,0,200000,200000,4,-0.049775947815009824,0.09064337422981932,0.012345679012345677,0.10988775096180778
b1.0001_float64,1.0001,float64,double,0.03463789877389353,0,200000,200000,5,0.08480123213758438,-0.06236226471875962,-0.004115226337448558,0.10860565661416953
b1.0001_float64,1.0001,float64,double,0.03463789877389353,0,200000,200000,6,-0.09721949212253653,0.015248164188428299,0.0013717421124828527,0.0997634100214188
b1.0001_float64,1.0001,float64,double,0.03463789877389353,0,200000,200000,7,0.10520767564571257,0.011801988586126062,-0.00045724737082761756,0.10632197745846533
b1.0001_float64,1.0001,float64,double,0.03463789877389353,0,200000,200000,8,-0.0969970689725203,0.0018416337092319525,0.0001524157902758725,0.09716693884442253
b1.0001_float64,1.0001,float64,double,0.03463789877389353,0,50000,50000,1,-0.294401487311987,-0.2771624193291491,-0.3333333333333333,0.2798833602110295
b1.0001_float64,1.0001,float64,double,0.03463789877389353,0,50000,50000,2,0.04866151393989708,0.202504175143274,0.1111111111111111,0.21191482519471047
b1.0001_float64,1.0001,float64,double,0.03463789877389353,0,50000,50000,3,-0.03957952549245102,-0.192718323365417,-0.03703703703703703,0.192735093868043
b1.0001_float64,1.0001,float64,double,0.03463789877389353,0,50000,50000,4,0.10928312668795882,0.23383345904188102,0.012345679012345677,0.2531303129404957
b1.0001_float64,1.0001,float64,double,0.03463789877389353,0,50000,50000,5,-0.1268313579274139,-0.26150527328129025,-0.004115226337448558,0.28886719596784954
b1.0001_float64,1.0001,float64,double,0.03463789877389353,0,50000,50000,6,0.06688610023863673,0.22707250399396528,0.0013717421124828527,0.23633462122755378
b1.0001_float64,1.0001,float64,double,0.03463789877389353,0,50000,50000,7,0.022644585931645537,-0.17085391921421844,-0.00045724737082761756,0.1724086900733079
b1.0001_float64,1.0001,float64,double,0.03463789877389353,0,50000,50000,8,-0.05835968165811859,0.1382957812550444,0.0001524157902758725,0.15016453862598023
b1.0001_float64,1.0001,float64,double,0.03463789877389353,50000,100000,50000,1,-0.2725500943952606,-0.15757362864440808,-0.3333333333333333,0.16889064681020277
b1.0001_float64,1.0001,float64,double,0.03463789877389353,50000,100000,50000,2,0.06295928674027171,-0.1095699544457328,0.1111111111111111,0.11968363759294802
b1.0001_float64,1.0001,float64,double,0.03463789877389353,50000,100000,50000,3,0.04830201644024618,0.13499061546106006,-0.03703703703703703,0.15970353881788088
b1.0001_float64,1.0001,float64,double,0.03463789877389353,50000,100000,50000,4,-0.06924346912478797,-0.17049054683234602,0.012345679012345677,0.1890074486705101
b1.0001_float64,1.0001,float64,double,0.03463789877389353,50000,100000,50000,5,0.08865209412235717,0.19142189148729435,-0.004115226337448558,0.2127160461410135
b1.0001_float64,1.0001,float64,double,0.03463789877389353,50000,100000,50000,6,-0.09767803902875596,-0.21992638501158443,0.0013717421124828527,0.24120214337437174
b1.0001_float64,1.0001,float64,double,0.03463789877389353,50000,100000,50000,7,0.07399546126829094,0.22381685661876474,-0.00045724737082761756,0.23587537203024433
b1.0001_float64,1.0001,float64,double,0.03463789877389353,50000,100000,50000,8,-0.05733031231444977,-0.11467136264752041,0.0001524157902758725,0.12827230972349782
b1.0001_float64,1.0001,float64,double,0.03463789877389353,100000,150000,50000,1,-0.35405849107810977,-0.32420968842806874,-0.3333333333333333,0.32487144262642
b1.0001_float64,1.0001,float64,double,0.03463789877389353,100000,150000,50000,2,0.1830517509163219,0.40888623526144957,0.1111111111111111,0.41516672439137575
b1.0001_float64,1.0001,float64,double,0.03463789877389353,100000,150000,50000,3,-0.1178275020140535,-0.449936945561713,-0.03703703703703703,0.45713275337981024
b1.0001_float64,1.0001,float64,double,0.03463789877389353,100000,150000,50000,4,-0.06274393398622198,0.31723788421862975,0.012345679012345677,0.3260035661826223
b1.0001_float64,1.0001,float64,double,0.03463789877389353,100000,150000,50000,5,0.1356020151037719,-0.22339024642648314,-0.004115226337448558,0.263484553160957
b1.0001_float64,1.0001,float64,double,0.03463789877389353,100000,150000,50000,6,-0.14369296463276762,0.12043294779672103,0.0013717421124828527,0.18854141205075678
b1.0001_float64,1.0001,float64,double,0.03463789877389353,100000,150000,50000,7,0.11640123093552855,-0.08906031505610575,-0.00045724737082761756,0.14692734146499054
b1.0001_float64,1.0001,float64,double,0.03463789877389353,100000,150000,50000,8,-0.11140388394476354,0.06356813370679039,0.0001524157902758725,0.12839671192650665
b1.0001_float64,1.0001,float64,double,0.03463789877389353,150000,200000,50000,1,-0.4465981009174744,-0.261610805293651,-0.3333333333333333,0.2850773947935579
b1.0001_float64,1.0001,float64,double,0.03463789877389353,150000,200000,50000,2,0.09787181250092891,0.14206909230516854,0.1111111111111111,0.14268463833259723
b1.0001_float64,1.0001,float64,double,0.03463789877389353,150000,200000,50000,3,0.09103109063024241,-0.044120705109882884,-0.03703703703703703,0.1354550919810541
b1.0001_float64,1.0001,float64,double,0.03463789877389353,150000,200000,50000,4,-0.17639951483698893,-0.018007299508888155,0.012345679012345677,0.1896022442821437
b1.0001_float64,1.0001,float64,double,0.03463789877389353,150000,200000,50000,5,0.24178217725162007,0.04402456934543781,-0.004115226337448558,0.2498073173425802
b1.0001_float64,1.0001,float64,double,0.03463789877389353,150000,200000,50000,6,-0.21439306506725023,-0.0665864100253889,0.0013717421124828527,0.22580567312930075
b1.0001_float64,1.0001,float64,double,0.03463789877389353,150000,200000,50000,7,0.20778942444738796,0.0833053319960609,-0.00045724737082761756,0.2242910044168903
b1.0001_float64,1.0001,float64,double,0.03463789877389353,150000,200000,50000,8,-0.16089439797274993,-0.07982601747738687,0.0001524157902758725,0.17974501186270173
b1.0002_float64,1.0002,float64,fixed,1.0,0,200000,200000,1,-0.9491091944196045,-0.006366751339782593,-0.9521899139297293,0.007072931169090149
b1.0002_float64,1.0002,float64,fixed,1.0,0,200000,200000,2,0.9000077605322363,0.014060553428671517,0.9066656321895052,0.015557198260779202
b1.0002_float64,1.0002,float64,fixed,1.0,0,200000,200000,3,-0.8518405212140998,-0.02284673350262837,-0.8633178702775687,0.025567611802138096
b1.0002_float64,1.0002,float64,fixed,1.0,0,200000,200000,4,0.8061199016031845,0.030303056007019883,0.8220425685935953,0.034231659723888655
b1.0002_float64,1.0002,float64,fixed,1.0,0,200000,200000,5,-0.7619901682808992,-0.038378096973941234,-0.7827406426357091,0.043628666187391765
b1.0002_float64,1.0002,float64,fixed,1.0,0,200000,200000,6,0.720602033396783,0.045946112947592876,0.7453177451405968,0.05217194362870007
b1.0002_float64,1.0002,float64,fixed,1.0,0,200000,200000,7,-0.680271757146095,-0.05313908265147798,-0.7096840395957248,0.06073585813946658
b1.0002_float64,1.0002,float64,fixed,1.0,0,200000,200000,8,0.6418318456090594,0.060304556707141424,0.6757539845799558,0.06919068630968801
b1.0002_float64,1.0002,float64,fixed,1.0,0,50000,50000,1,-0.93190217161544,-0.004098183525878043,-0.9521899139297293,0.02069752633583983
b1.0002_float64,1.0002,float64,fixed,1.0,0,50000,50000,2,0.8696449812752117,0.007997658656368211,0.9066656321895052,0.03787467673923783
b1.0002_float64,1.0002,float64,fixed,1.0,0,50000,50000,3,-0.8104503675681902,-0.012831633949373911,-0.8633178702775687,0.05440242340683789
b1.0002_float64,1.0002,float64,fixed,1.0,0,50000,50000,4,0.7526553423852255,0.01780202836233644,0.8220425685935953,0.07163448453576608
b1.0002_float64,1.0002,float64,fixed,1.0,0,50000,50000,5,-0.6970504748960661,-0.026298331976757957,-0.7827406426357091,0.08963485433695938
b1.0002_float64,1.0002,float64,fixed,1.0,0,50000,50000,6,0.643757289619896,0.034137350497204476,0.7453177451405968,0.1071442244105637
b1.0002_float64,1.0002,float64,fixed,1.0,0,50000,50000,7,-0.5913674912066275,-0.04379462635796555,-0.7096840395957248,0.12616170148085123
b1.0002_float64,1.0002,float64,fixed,1.0,0,50000,50000,8,0.5422869434823026,0.052450653855581716,0.6757539845799558,0.14340335473495983
b1.0002_float64,1.0002,float64,fixed,1.0,50000,100000,50000,1,-0.9748404967359032,-0.005152812199488173,-0.9521899139297293,0.023229299925364443
b1.0002_float64,1.0002,float64,fixed,1.0,50000,100000,50000,2,0.9495626829484858,0.010654457018860386,0.9066656321895052,0.04420038934427271
b1.0002_float64,1.0002,float64,fixed,1.0,50000,100000,50000,3,-0.9230528586611959,-0.01858635466203769,-0.8633178702775687,0.06255974278092206
b1.0002_float64,1.0002,float64,fixed,1.0,50000,100000,50000,4,0.8967088055030507,0.025037174505910018,0.8220425685935953,0.07875218753443176
b1.0002_float64,1.0002,float64,fixed,1.0,50000,100000,50000,5,-0.8702882725111025,-0.03201905685523735,-0.7827406426357091,0.09321913697679143
b1.0002_float64,1.0002,float64,fixed,1.0,50000,100000,50000,6,0.8454245995035756,0.03652298863025691,0.7453177451405968,0.1065613015542534
b1.0002_float64,1.0002,float64,fixed,1.0,50000,100000,50000,7,-0.8193138716246674,-0.04195625177531798,-0.7096840395957248,0.11738410085581456
b1.0002_float64,1.0002,float64,fixed,1.0,50000,100000,50000,8,0.7951660215759689,0.04594713382130002,0.6757539845799558,0.12794676113888015
b1.0002_float64,1.0002,float64,fixed,1.0,100000,150000,50000,1,-0.9405562460076637,-0.012367995586965627,-0.9521899139297293,0.016979680331505015
b1.0002_float64,1.0002,float64,fixed,1.0,100000,150000,50000,2,0.8821974593742056,0.028362268627222968,0.9066656321895052,0.03745810676745591
b1.0002_float64,1.0002,float64,fixed,1.0,100000,150000,50000,3,-0.8259138785100935,-0.04297169799988229,-0.8633178702775687,0.056970390810792595
b1.0002_float64,1.0002,float64,fixed,1.0,100000,150000,50000,4,0.7744882585482095,0.05579803169486898,0.8220425685935953,0.07331325081398507
b1.0002_float64,1.0002,float64,fixed,1.0,100000,150000,50000,5,-0.7243859906626703,-0.06563829982980468,-0.7827406426357091,0.08782739784054756
b1.0002_float64,1.0002,float64,fixed,1.0,100000,150000,50000,6,0.6770758254867784,0.07709984543997563,0.7453177451405968,0.10296283681458247
b1.0002_float64,1.0002,float64,fixed,1.0,100000,150000,50000,7,-0.6310733000685084,-0.08398382561585353,-0.7096840395957248,0.115034478892591
b1.0002_float64,1.0002,float64,fixed,1.0,100000,150000,50000,8,0.5864784285043103,0.09270268648442134,0.6757539845799558,0.12870086632981398
b1.0002_float64,1.0002,float64,fixed,1.0,150000,200000,50000,1,-0.9491378633193714,-0.003848014046798312,-0.9521899139297293,0.004911438183724075
b1.0002_float64,1.0002,float64,fixed,1.0,150000,200000,50000,2,0.8986259185310719,0.009227829412235723,0.9066656321895052,0.012238865608009703
b1.0002_float64,1.0002,float64,fixed,1.0,150000,200000,50000,3,-0.8479449801169241,-0.016997247399218054,-0.8633178702775687,0.022917944302259484
b1.0002_float64,1.0002,float64,fixed,1.0,150000,200000,50000,4,0.8006271999763331,0.02257498946496542,0.8220425685935953,0.031116686236752702
b1.0002_float64,1.0002,float64,fixed,1.0,150000,200000,50000,5,-0.7562359350538462,-0.029556699233963674,-0.7827406426357091,0.03970010067502407
b1.0002_float64,1.0002,float64,fixed,1.0,150000,200000,50000,6,0.7161504189768294,0.036024267222933705,0.7453177451405968,0.04635170702889943
b1.0002_float64,1.0002,float64,fixed,1.0,150000,200000,50000,7,-0.6793323656845476,-0.04282162685677505,-0.7096840395957248,0.052487292136966957
b1.0002_float64,1.0002,float64,fixed,1.0,150000,200000,50000,8,0.643395988873692,0.050117752667266084,0.6757539845799558,0.05965592190674658
b1.0002_float64,1.0002,float64,half,0.012245244617115583,0,200000,200000,1,0.37206223861374205,-0.15297600765565736,0.3333333333333333,0.15780236697363767
b1.0002_float64,1.0002,float64,half,0.012245244617115583,0,200000,200000,2,0.17016343565444533,-0.052068745061800134,0.1111111111111111,0.07872948143028766
b1.0002_float64,1.0002,float64,half,0.012245244617115583,0,200000,200000,3,0.04506367207520281,-0.01136816596670912,0.03703703703703703,0.013916251919340714
b1.0002_float64,1.0002,float64,half,0.012245244617115583,0,200000,200000,4,0.017398037099494675,0.03334307218335345,0.012345679012345677,0.033723682848483476
b1.0002_float64,1.0002,float64,half,0.012245244617115583,0,200000,200000,5,0.01674919146385883,0.042703717428860304,0.004115226337448558,0.04453340944795602
b1.0002_float64,1.0002,float64,half,0.012245244617115583,0,200000,200000,6,-0.0027924785693403073,-0.03794900302183634,0.0013717421124828527,0.03817679353007881
b1.0002_float64,1.0002,float64,half,0.012245244617115583,0,200000,200000,7,0.008052517792682793,0.018229225818964485,0.00045724737082761756,0.019748235534849928
b1.0002_float64,1.0002,float64,half,0.012245244617115583,0,200000,200000,8,-0.012838085819974619,-0.03643662558248359,0.0001524157902758725,0.038683081779041575
b1.0002_float64,1.0002,float64,half,0.012245244617115583,0,50000,50000,1,0.6544878668294833,-0.26257982969564936,0.3333333333333333,0.4148353906649311
b1.0002_float64,1.0002,float64,half,0.012245244617115583,0,50000,50000,2,0.20285435524156828,-0.04156103555286005,0.1111111111111111,0.10071813401670407
b1.0002_float64,1.0002,float64,half,0.012245244617115583,0,50000,50000,3,0.10284249798259121,0.14021675553714572,0.03703703703703703,0.1548905975959178
b1.0002_float64,1.0002,float64,half,0.012245244617115583,0,50000,50000,4,0.022372317555059296,0.07645464026324977,0.012345679012345677,0.07710930876521435
b1.0002_float64,1.0002,float64,half,0.012245244617115583,0,50000,50000,5,-0.057153169218541675,0.052278490363355454,0.004115226337448558,0.08054102587300917
b1.0002_float64,1.0002,float64,half,0.012245244617115583,0,50000,50000,6,-0.017044779994449248,0.024517426709659843,0.0013717421124828527,0.030663863079831617
b1.0002_float64,1.0002,float64,half,0.012245244617115583,0,50000,50000,7,0.0036652508786369125,-0.03098827327151764,0.00045724737082761756,0.03115388205114045
b1.0002_float64,1.0002,float64,half,0.012245244617115583,0,50000,50000,8,-0.0009986125779041142,-0.0371748659160562,0.0001524157902758725,0.0371926810297552
b1.0002_float64,1.0002,float64,half,0.012245244617115583,50000,100000,50000,1,0.06669213594488058,-0.2552688099693631,0.3333333333333333,0.3691337067891831
b1.0002_float64,1.0002,float64,half,0.012245244617115583,50000,100000,50000,2,-0.0008295942585994609,0.18700312803736918,0.1111111111111111,0.21794699221239333
b1.0002_float64,1.0002,float64,half,0.012245244617115583,50000,100000,50000,3,0.0534129638219425,-0.11611053577655762,0.03703703703703703,0.11725965843538796
b1.0002_float64,1.0002,float64,half,0.012245244617115583,50000,100000,50000,4,-0.09209757704798137,0.19347293540391494,0.012345679012345677,0.21986398174846758
b1.0002_float64,1.0002,float64,half,0.012245244617115583,50000,100000,50000,5,0.092635479096809,-0.10522579479988152,0.004115226337448558,0.13750746539678432
b1.0002_float64,1.0002,float64,half,0.012245244617115583,50000,100000,50000,6,-0.069516815500379,-0.018781567143566963,0.0013717421124828527,0.07333440437339317
b1.0002_float64,1.0002,float64,half,0.012245244617115583,50000,100000,50000,7,0.06415628062296011,-0.028339499469918608,0.00045724737082761756,0.06971867803868487
b1.0002_float64,1.0002,float64,half,0.012245244617115583,50000,100000,50000,8,-0.08224232897176288,-0.03873966807404285,0.0001524157902758725,0.09104754717667318
b1.0002_float64,1.0002,float64,half,0.012245244617115583,100000,150000,50000,1,0.5397790711666575,-0.14500778906974188,0.3333333333333333,0.25228377189276435
b1.0002_float64,1.0002,float64,half,0.012245244617115583,100000,150000,50000,2,0.11572958878801842,-0.05760958351892039,0.1111111111111111,0.05779441538138053
b1.0002_float64,1.0002,float64,half,0.012245244617115583,100000,150000,50000,3,0.09401569635908916,-0.14663493289692212,0.03703703703703703,0.15731615035915203
b1.0002_float64,1.0002,float64,half,0.012245244617115583,100000,150000,50000,4,0.0371582996727685,-0.02420938069298495,0.012345679012345677,0.034666413970526486
b1.0002_float64,1.0002,float64,half,0.012245244617115583,100000,150000,50000,5,0.05966967506075076,0.06527057177180397,0.004115226337448558,0.0857119846484039
b1.0002_float64,1.0002,float64,half,0.012245244617115583,100000,150000,50000,6,-0.008316520572726508,-0.048735969405028993,0.0013717421124828527,0.04968960804540062
b1.0002_float64,1.0002,float64,half,0.012245244617115583,100000,150000,50000,7,-0.011808018064663323,-0.006447241604723022,0.00045724737082761756,0.013856538547296734
b1.0002_float64,1.0002,float64,half,0.012245244617115583,100000,150000,50000,8,0.004460279511037947,0.001438086173934034,0.0001524157902758725,0.004541561590501475
b1.0002_float64,1.0002,float64,half,0.012245244617115583,150000,200000,50000,1,0.22728988051393464,0.050952398112116576,0.3333333333333333,0.11764931261692799
b1.0002_float64,1.0002,float64,half,0.012245244617115583,150000,200000,50000,2,0.3628993928468015,-0.29610748921279073,0.1111111111111111,0.38868622819353194
b1.0002_float64,1.0002,float64,half,0.012245244617115583,150000,200000,50000,3,-0.0700164698628045,0.07705604926949723,0.03703703703703703,0.13190181222628292
b1.0002_float64,1.0002,float64,half,0.012245244617115583,150000,200000,50000,4,0.10215910821813405,-0.1123459062407687,0.012345679012345677,0.14383342697287982
b1.0002_float64,1.0002,float64,half,0.012245244617115583,150000,200000,50000,5,-0.028155219083583382,0.1584916023801619,0.004115226337448558,0.16174353054358356
b1.0002_float64,1.0002,float64,half,0.012245244617115583,150000,200000,50000,6,0.08370820179019317,-0.10879590224840989,0.0013717421124828527,0.13643988030742618
b1.0002_float64,1.0002,float64,half,0.012245244617115583,150000,200000,50000,7,-0.023803442266201784,0.1386919176220166,0.00045724737082761756,0.14079783050649788
b1.0002_float64,1.0002,float64,half,0.012245244617115583,150000,200000,50000,8,0.02742831875872987,-0.0712700545137692,0.0001524157902758725,0.07631117580761124
b1.0002_float64,1.0002,float64,matched,0.024490489234231166,0,200000,200000,1,0.05300762299407024,-0.1510898080073882,0.0,0.16011851291837215
b1.0002_float64,1.0002,float64,matched,0.024490489234231166,0,200000,200000,2,0.018167456088349316,0.06570008187777127,0.0,0.06816566011906544
b1.0002_float64,1.0002,float64,matched,0.024490489234231166,0,200000,200000,3,-0.02201347451253739,0.01123610662949811,0.0,0.02471524129567795
b1.0002_float64,1.0002,float64,matched,0.024490489234231166,0,200000,200000,4,0.017698233574071034,-0.003285258166853686,0.0,0.018000566459566044
b1.0002_float64,1.0002,float64,matched,0.024490489234231166,0,200000,200000,5,-0.02433062448935149,-0.028062657331062824,0.0,0.03714151349262015
b1.0002_float64,1.0002,float64,matched,0.024490489234231166,0,200000,200000,6,-0.006928539113126046,0.0340290829875157,0.0,0.03472726800676017
b1.0002_float64,1.0002,float64,matched,0.024490489234231166,0,200000,200000,7,-0.007353350567976917,-0.00014437662910016117,0.0,0.007354767786041704
b1.0002_float64,1.0002,float64,matched,0.024490489234231166,0,200000,200000,8,-0.0009818268077656188,-0.00554496671150459,0.0,0.005631220090898708
b1.0002_float64,1.0002,float64,matched,0.024490489234231166,0,50000,50000,1,0.3187436626006217,-0.22874681004316402,0.0,0.39232974084688294
b1.0002_float64,1.0002,float64,matched,0.024490489234231166,0,50000,50000,2,-0.11079491317257045,0.21999715054552113,0.0,0.24632145467471184
b1.0002_float64,1.0002,float64,matched,0.024490489234231166,0,50000,50000,3,0.023928070286982732,0.03224388484986078,0.0,0.04015246764359405
b1.0002_float64,1.0002,float64,matched,0.024490489234231166,0,50000,50000,4,-0.06590870764878,-0.07542521785967514,0.0,0.10016447091215432
b1.0002_float64,1.0002,float64,matched,0.024490489234231166,0,50000,50000,5,0.039985306644793314,0.009625924895683759,0.0,0.041127644931061844
b1.0002_float64,1.0002,float64,matched,0.024490489234231166,0,50000,50000,6,-0.020104341946421335,-0.022359847558665186,0.0,0.030069043016786912
b1.0002_float64,1.0002,float64,matched,0.024490489234231166,0,50000,50000,7,-0.022651451544047296,0.06702865476602453,0.0,0.07075258876391184
b1.0002_float64,1.0002,float64,matched,0.024490489234231166,0,50000,50000,8,0.040161639459874984,-0.0024638654128847134,0.0,0.040237145983255285
b1.0002_float64,1.0002,float64,matched,0.024490489234231166,50000,100000,50000,1,-0.2712408462877621,-0.17786398694515465,0.0,0.3243565854841359
b1.0002_float64,1.0002,float64,matched,0.024490489234231166,50000,100000,50000,2,0.08113966093191995,0.24215273963604955,0.0,0.25538518729439136
b1.0002_float64,1.0002,float64,matched,0.024490489234231166,50000,100000,50000,3,-0.02527312086460116,-0.18779465952513083,0.0,0.1894876375503071
b1.0002_float64,1.0002,float64,matched,0.024490489234231166,50000,100000,50000,4,-0.008975240921356578,0.11641014051353274,0.0,0.11675562412139652
b1.0002_float64,1.0002,float64,matched,0.024490489234231166,50000,100000,50000,5,0.025164355999624567,-0.18092608086738474,0.0,0.18266770801350546
b1.0002_float64,1.0002,float64,matched,0.024490489234231166,50000,100000,50000,6,-0.07749209586180149,0.2068756506729218,0.0,0.2209130140177337
b1.0002_float64,1.0002,float64,matched,0.024490489234231166,50000,100000,50000,7,0.07425670599916459,-0.17985587863071656,0.0,0.1945821046855887
b1.0002_float64,1.0002,float64,matched,0.024490489234231166,50000,100000,50000,8,-0.0915839606679057,0.15175166138542112,0.0,0.1772461243154727
b1.0002_float64,1.0002,float64,matched,0.024490489234231166,100000,150000,50000,1,0.19187324245438803,-0.1607108714608918,0.0,0.2502864866022128
b1.0002_float64,1.0002,float64,matched,0.024490489234231166,100000,150000,50000,2,-0.08206550883316588,-0.016774077648174957,0.0,0.08376226728660961
b1.0002_float64,1.0002,float64,matched,0.024490489234231166,100000,150000,50000,3,0.09607764774736544,-0.031804050092019975,0.0,0.10120480225227729
b1.0002_float64,1.0002,float64,matched,0.024490489234231166,100000,150000,50000,4,-0.06028376545146423,0.08429958796185852,0.0,0.10363663882790813
b1.0002_float64,1.0002,float64,matched,0.024490489234231166,100000,150000,50000,5,-0.005426296481692501,-0.08765211917138989,0.0,0.08781992193541716
b1.0002_float64,1.0002,float64,matched,0.024490489234231166,100000,150000,50000,6,-0.03370560199696755,0.07449295119374877,0.0,0.08176348441408438
b1.0002_float64,1.0002,float64,matched,0.024490489234231166,100000,150000,50000,7,0.019489435336241014,0.0013062352642836826,0.0,0.019533160018061033
b1.0002_float64,1.0002,float64,matched,0.024490489234231166,100000,150000,50000,8,-0.023059953274982753,-0.040339912248474434,0.0,0.046465793496495954
b1.0002_float64,1.0002,float64,matched,0.024490489234231166,150000,200000,50000,1,-0.027345566790965392,-0.03703756358033061,0.0,0.04603869176123689
b1.0002_float64,1.0002,float64,matched,0.024490489234231166,150000,200000,50000,2,0.18439058542721307,-0.1825754850223136,0.0,0.25948737103243275
b1.0002_float64,1.0002,float64,matched,0.024490489234231166,150000,200000,50000,3,-0.1827864952198972,0.23229925128527798,0.0,0.2955906713387184
b1.0002_float64,1.0002,float64,matched,0.024490489234231166,150000,200000,50000,4,0.20596064831788388,-0.13842554328313203,0.0,0.2481560389931168
b1.0002_float64,1.0002,float64,matched,0.024490489234231166,150000,200000,50000,5,-0.15704586412013077,0.1467016458188401,0.0,0.21490643620700378
b1.0002_float64,1.0002,float64,matched,0.024490489234231166,150000,200000,50000,6,0.10358788335268491,-0.12289242235794623,0.0,0.1607264665526288
b1.0002_float64,1.0002,float64,matched,0.024490489234231166,150000,200000,50000,7,-0.100508092063266,0.1109434820840085,0.0,0.14970081091003706
b1.0002_float64,1.0002,float64,matched,0.024490489234231166,150000,200000,50000,8,0.07055496725194967,-0.13112775057008078,0.0,0.14890429937880575
b1.0002_float64,1.0002,float64,double,0.04898097846846233,0,200000,200000,1,-0.28272605214297863,-0.11401700279862624,-0.3333333333333333,0.12474363244936221
b1.0002_float64,1.0002,float64,double,0.04898097846846233,0,200000,200000,2,0.08144818859077718,0.1313611585634711,0.1111111111111111,0.13466864130741327
b1.0002_float64,1.0002,float64,double,0.04898097846846233,0,200000,200000,3,-0.041571194473754826,-0.09191978522628877,-0.03703703703703703,0.09203154622034772
b1.0002_float64,1.0002,float64,double,0.04898097846846233,0,200000,200000,4,0.012458886881498155,0.05100166358668787,0.012345679012345677,0.05100178922970567
b1.0002_float64,1.0002,float64,double,0.04898097846846233,0,200000,200000,5,-0.02088786777215807,-0.005005332077374341,-0.004115226337448558,0.01750356677657805
b1.0002_float64,1.0002,float64,double,0.04898097846846233,0,200000,200000,6,0.025413077076693685,-0.0033156858733527604,0.0013717421124828527,0.024268901080851134
b1.0002_float64,1.0002,float64,double,0.04898097846846233,0,200000,200000,7,-0.025601575153794,-0.005334963684076633,-0.00045724737082761756,0.025704066938281804
b1.0002_float64,1.0002,float64,double,0.04898097846846233,0,200000,200000,8,0.022101329857201566,0.019786534969051795,0.0001524157902758725,0.029551003279056333
b1.0002_float64,1.0002,float64,double,0.04898097846846233,0,50000,50000,1,-0.08228928736620694,-0.13734408406283813,-0.3333333333333333,0.28615819129041997
b1.0002_float64,1.0002,float64,double,0.04898097846846233,0,50000,50000,2,-0.14504640794261725,0.26374619232691876,0.1111111111111111,0.3676665996996589
b1.0002_float64,1.0002,float64,double,0.04898097846846233,0,50000,50000,3,0.11838156970623193,-0.2418578017244428,-0.03703703703703703,0.28748937298098304
b1.0002_float64,1.0002,float64,double,0.04898097846846233,0,50000,50000,4,-0.08558834248126747,0.13819185481270482,0.012345679012345677,0.16937550384423117
b1.0002_float64,1.0002,float64,double,0.04898097846846233,0,50000,50000,5,0.06864279374977886,-0.021746034863551745,-0.004115226337448558,0.0759382612343751
b1.0002_float64,1.0002,float64,double,0.04898097846846233,0,50000,50000,6,-0.05613812039297721,-0.03653975268815206,0.0013717421124828527,0.06813617109809031
b1.0002_float64,1.0002,float64,double,0.04898097846846233,0,50000,50000,7,0.06429317151281595,0.016233882835956295,-0.00045724737082761756,0.06675444327937176
b1.0002_float64,1.0002,float64,double,0.04898097846846233,0,50000,50000,8,-0.055419728007311764,0.002838437060014904,0.0001524157902758725,0.05564458546169092
b1.0002_float64,1.0002,float64,double,0.04898097846846233,50000,100000,50000,1,-0.553132366032853,-0.10246136853991182,-0.3333333333333333,0.2425076221868421
b1.0002_float64,1.0002,float64,double,0.04898097846846233,50000,100000,50000,2,0.30616536646220155,0.17777682417957769,0.1111111111111111,0.26391430758097384
b1.0002_float64,1.0002,float64,double,0.04898097846846233,50000,100000,50000,3,-0.18565751909085848,-0.24022303549062898,-0.03703703703703703,0.2824803612045309
b1.0002_float64,1.0002,float64,double,0.04898097846846233,50000,100000,50000,4,0.09179182041244552,0.2332902010665359,0.012345679012345677,0.24644676361646423
b1.0002_float64,1.0002,float64,double,0.04898097846846233,50000,100000,50000,5,-0.06173420974677747,-0.16952471813400793,-0.004115226337448558,0.17904909189252918
b1.0002_float64,1.0002,float64,double,0.04898097846846233,50000,100000,50000,6,0.037709094310223776,0.15446238766901446,0.0013717421124828527,0.15867902309113066
b1.0002_float64,1.0002,float64,double,0.04898097846846233,50000,100000,50000,7,-0.01469519346530947,-0.15110909519166407,-0.00045724737082761756,0.15177838370015923
b1.0002_float64,1.0002,float64,double,0.04898097846846233,50000,100000,50000,8,-0.0005728601392059194,0.1511702476866259,0.0001524157902758725,0.1511719875202073
b1.0002_float64,1.0002,float64,double,0.04898097846846233,100000,150000,50000,1,-0.1797561429471858,-0.14888815965590552,-0.3333333333333333,0.21390099927916514
b1.0002_float64,1.0002,float64,double,0.04898097846846233,100000,150000,50000,2,-0.023398005494272532,0.08467535208149536,0.1111111111111111,0.15894218351364717
b1.0002_float64,1.0002,float64,double,0.04898097846846233,100000,150000,50000,3,0.06179264529053205,-0.020945258529133447,-0.03703703703703703,0.1010247987566442
b1.0002_float64,1.0002,float64,double,0.04898097846846233,100000,150000,50000,4,-0.11239339546561566,0.020703975314955,0.012345679012345677,0.12644560607415606
b1.0002_float64,1.0002,float64,double,0.04898097846846233,100000,150000,50000,5,0.11085992573572566,-0.021270744570869957,-0.004115226337448558,0.11692617401099178
b1.0002_float64,1.0002,float64,double,0.04898097846846233,100000,150000,50000,6,-0.07727127771220035,0.043089499270067784,0.0013717421124828527,0.08967401805701966
b1.0002_float64,1.0002,float64,double,0.04898097846846233,100000,150000,50000,7,0.05449878481277335,-0.0662694736903859,-0.00045724737082761756,0.08609186150017745
b1.0002_float64,1.0002,float64,double,0.04898097846846233,100000,150000,50000,8,-0.04011008554271023,0.0877599542327928,0.0001524157902758725,0.09655505466069912
b1.0002_float64,1.0002,float64,double,0.04898097846846233,150000,200000,50000,1,-0.31572641222567477,-0.0673743989358548,-0.3333333333333333,0.06963701101324657
b1.0002_float64,1.0002,float64,double,0.04898097846846233,150000,200000,50000,2,0.18807180133779539,-0.0007537343341267539,0.1111111111111111,0.0769643810838111
b1.0002_float64,1.0002,float64,double,0.04898097846846233,150000,200000,50000,3,-0.16080147380092444,0.13534695483904985,-0.03703703703703703,0.18340238273175755
b1.0002_float64,1.0002,float64,double,0.04898097846846233,150000,200000,50000,4,0.15602546506042567,-0.18817937684745525,0.012345679012345677,0.23676012922263456
b1.0002_float64,1.0002,float64,double,0.04898097846846233,150000,200000,50000,5,-0.2013199808273614,0.19252016925892929,-0.004115226337448558,0.27559704418754855
b1.0002_float64,1.0002,float64,double,0.04898097846846233,150000,200000,50000,6,0.19735261210173025,-0.17427487774433364,0.0013717421124828527,0.26225986047152683
b1.0002_float64,1.0002,float64,double,0.04898097846846233,150000,200000,50000,7,-0.20650306347545488,0.1798048313097844,-0.00045724737082761756,0.2734678330198305
b1.0002_float64,1.0002,float64,double,0.04898097846846233,150000,200000,50000,8,0.1845079931180351,-0.16262249910322787,0.0001524157902758725,0.24583135704468373
b1.0005_float64,1.0005,float64,fixed,1.0,0,200000,200000,1,-0.9163609626622142,0.007840909855307719,-0.9254607660514713,0.012011922788721069
b1.0005_float64,1.0005,float64,fixed,1.0,0,200000,200000,2,0.8404009070004823,-0.01266493970446555,0.8564776295005762,0.020466111112343047
b1.0005_float64,1.0005,float64,fixed,1.0,0,200000,200000,3,-0.7713259571644483,0.016490681549764626,-0.7926364431035514,0.026945860330233645
b1.0005_float64,1.0005,float64,fixed,1.0,0,200000,200000,4,0.708301011498128,-0.02012081968753811,0.7335539298349262,0.032288655429166147
b1.0005_float64,1.0005,float64,fixed,1.0,0,200000,200000,5,-0.6504312280597654,0.023447473175476335,-0.678875381845098,0.03686263532193993
b1.0005_float64,1.0005,float64,fixed,1.0,0,200000,200000,6,0.5973585860103965,-0.026370276228251794,0.6282725309358494,0.04063328019257417
b1.0005_float64,1.0005,float64,fixed,1.0,0,200000,200000,7,-0.5482823601836901,0.0285085788500832,-0.581441577768988,0.043729541261263376
b1.0005_float64,1.0005,float64,fixed,1.0,0,200000,200000,8,0.5044442355355223,-0.02963722927449408,0.5381013679762637,0.04484604690719726
b1.0005_float64,1.0005,float64,fixed,1.0,0,50000,50000,1,-0.9112002129312491,-0.0061909280000594005,-0.9254607660514713,0.015546413245395204
b1.0005_float64,1.0005,float64,fixed,1.0,0,50000,50000,2,0.8262945972561775,0.010258840210665754,0.8564776295005762,0.03187882115032459
b1.0005_float64,1.0005,float64,fixed,1.0,0,50000,50000,3,-0.7476516844229086,-0.0128450164924949,-0.7926364431035514,0.04678272076577133
b1.0005_float64,1.0005,float64,fixed,1.0,0,50000,50000,4,0.6750976776406286,0.012358795321634803,0.7335539298349262,0.059748416233448294
b1.0005_float64,1.0005,float64,fixed,1.0,0,50000,50000,5,-0.6087857408539027,-0.010469158414126307,-0.678875381845098,0.07086720717069861
b1.0005_float64,1.0005,float64,fixed,1.0,0,50000,50000,6,0.5481239615798654,0.008431610387930374,0.6282725309358494,0.08059085074339913
b1.0005_float64,1.0005,float64,fixed,1.0,0,50000,50000,7,-0.49378068035143674,-0.0075930629066583355,-0.581441577768988,0.08798913308105104
b1.0005_float64,1.0005,float64,fixed,1.0,0,50000,50000,8,0.4454182097291573,0.006798408219963693,0.5381013679762637,0.09293215900313219
b1.0005_float64,1.0005,float64,fixed,1.0,50000,100000,50000,1,-0.9185956655191869,0.007353438473683994,-0.9254607660514713,0.010059953414635055
b1.0005_float64,1.0005,float64,fixed,1.0,50000,100000,50000,2,0.8466858051139053,-0.007167104089661784,0.8564776295005762,0.012134545968080054
b1.0005_float64,1.0005,float64,fixed,1.0,50000,100000,50000,3,-0.7828041893999603,0.006214805018930055,-0.7926364431035514,0.011631724477269002
b1.0005_float64,1.0005,float64,fixed,1.0,50000,100000,50000,4,0.7243468397273093,-0.002040749271508894,0.7335539298349262,0.009430544302368811
b1.0005_float64,1.0005,float64,fixed,1.0,50000,100000,50000,5,-0.6709348416389501,-0.00033928347160207663,-0.678875381845098,0.007947785354396107
b1.0005_float64,1.0005,float64,fixed,1.0,50000,100000,50000,6,0.6214124852776766,0.0033582653493905933,0.6282725309358494,0.007637942955346956
b1.0005_float64,1.0005,float64,fixed,1.0,50000,100000,50000,7,-0.5759176292565445,-0.004347332072809513,-0.581441577768988,0.007029459674783273
b1.0005_float64,1.0005,float64,fixed,1.0,50000,100000,50000,8,0.5339600363615579,0.005900927098806711,0.5381013679762637,0.007209130888560264
b1.0005_float64,1.0005,float64,fixed,1.0,100000,150000,50000,1,-0.9126713545606476,-0.005348459208441843,-0.9254607660514713,0.013862722033784683
b1.0005_float64,1.0005,float64,fixed,1.0,100000,150000,50000,2,0.8349405529993202,0.017002772609038933,0.8564776295005762,0.027439751103383467
b1.0005_float64,1.0005,float64,fixed,1.0,100000,150000,50000,3,-0.7636633608785881,-0.031699449806916045,-0.7926364431035514,0.04294525132858899
b1.0005_float64,1.0005,float64,fixed,1.0,100000,150000,50000,4,0.6978563747992589,0.046395891202897624,0.7335539298349262,0.058539680183919765
b1.0005_float64,1.0005,float64,fixed,1.0,100000,150000,50000,5,-0.6369600016241068,-0.061360179207604004,-0.678875381845098,0.07430996360825065
b1.0005_float64,1.0005,float64,fixed,1.0,100000,150000,50000,6,0.5815558539631336,0.07561348513473032,0.6282725309358494,0.08888108371072646
b1.0005_float64,1.0005,float64,fixed,1.0,100000,150000,50000,7,-0.5276201152899906,-0.09012395296225138,-0.581441577768988,0.1049717901196327
b1.0005_float64,1.0005,float64,fixed,1.0,100000,150000,50000,8,0.48147634741529227,0.10482881860358634,0.5381013679762637,0.11914476137604225
b1.0005_float64,1.0005,float64,fixed,1.0,150000,200000,50000,1,-0.9229766176378484,0.03554958815604809,-0.9254607660514713,0.03563627662095943
b1.0005_float64,1.0005,float64,fixed,1.0,150000,200000,50000,2,0.8536826726325479,-0.07075426754790555,0.8564776295005762,0.07080944965281638
b1.0005_float64,1.0005,float64,fixed,1.0,150000,200000,50000,3,-0.7911845939563054,0.10429238747953873,-0.7926364431035514,0.10430249254993193
b1.0005_float64,1.0005,float64,fixed,1.0,150000,200000,50000,4,0.7359031538252875,-0.13719721600317572,0.7335539298349262,0.13721732737660702
b1.0005_float64,1.0005,float64,fixed,1.0,150000,200000,50000,5,-0.6850443281221158,0.1659585137952384,-0.678875381845098,0.16607312907057864
b1.0005_float64,1.0005,float64,fixed,1.0,150000,200000,50000,6,0.638342043220912,-0.19288446578505872,0.6282725309358494,0.19314712583635957
b1.0005_float64,1.0005,float64,fixed,1.0,150000,200000,50000,7,-0.5958110158367879,0.21609866334205066,-0.581441577768988,0.21657588288774282
b1.0005_float64,1.0005,float64,fixed,1.0,150000,200000,50000,8,0.5569223486360398,-0.2360770710203333,0.5381013679762637,0.2368261235052737
b1.0005_float64,1.0005,float64,half,0.019356206904538948,0,200000,200000,1,0.39109809626905667,0.030170652880698513,0.3333333333333333,0.065169288259639
b1.0005_float64,1.0005,float64,half,0.019356206904538948,0,200000,200000,2,0.10762138575236375,0.020034622131748243,0.1111111111111111,0.020336279577184733
b1.0005_float64,1.0005,float64,half,0.019356206904538948,0,200000,200000,3,0.0834077955451745,0.04389659670293719,0.03703703703703703,0.06385263069537793
b1.0005_float64,1.0005,float64,half,0.019356206904538948,0,200000,200000,4,0.007073971301301237,-0.008933485577966752,0.012345679012345677,0.010372948797831086
b1.0005_float64,1.0005,float64,half,0.019356206904538948,0,200000,200000,5,0.025690441529668113,0.029419882145400318,0.004115226337448558,0.03648313824275299
b1.0005_float64,1.0005,float64,half,0.019356206904538948,0,200000,200000,6,-0.009414057304204701,-0.022974982660814096,0.0013717421124828527,0.02538076628712628
b1.0005_float64,1.0005,float64,half,0.019356206904538948,0,200000,200000,7,0.020444683301333186,0.022966597843239556,0.00045724737082761756,0.0304460541214976
b1.0005_float64,1.0005,float64,half,0.019356206904538948,0,200000,200000,8,-0.02181352022292254,-0.023166954842576484,0.0001524157902758725,0.031925070737805816
b1.0005_float64,1.0005,float64,half,0.019356206904538948,0,50000,50000,1,0.4198441436858524,-0.06313941048952083,0.3333333333333333,0.10710137937866969
b1.0005_float64,1.0005,float64,half,0.019356206904538948,0,50000,50000,2,0.223155896595434,0.04426411829989114,0.1111111111111111,0.12047134980191221
b1.0005_float64,1.0005,float64,half,0.019356206904538948,0,50000,50000,3,0.09055373005077198,0.04973065739826824,0.03703703703703703,0.0730559697518983
b1.0005_float64,1.0005,float64,half,0.019356206904538948,0,50000,50000,4,-0.012182844432948838,-0.05960051318015543,0.012345679012345677,0.0644505208182544
b1.0005_float64,1.0005,float64,half,0.019356206904538948,0,50000,50000,5,0.04939805407969306,0.028075584595754544,0.004115226337448558,0.05328013643682942
b1.0005_float64,1.0005,float64,half,0.019356206904538948,0,50000,50000,6,0.006391250592881515,-0.06719767605505976,0.0013717421124828527,0.06738488801345259
b1.0005_float64,1.0005,float64,half,0.019356206904538948,0,50000,50000,7,-0.005246533204479761,0.021209273597685704,0.00045724737082761756,0.021962841332412837
b1.0005_float64,1.0005,float64,half,0.019356206904538948,0,50000,50000,8,-0.042328182195035244,-0.047505269547173316,0.0001524157902758725,0.06372873637488202
b1.0005_float64,1.0005,float64,half,0.019356206904538948,50000,100000,50000,1,0.342009382319672,-0.03176514625744325,0.3333333333333333,0.03292868571276584
b1.0005_float64,1.0005,float64,half,0.019356206904538948,50000,100000,50000,2,0.13418047432192104,-0.008496877089068357,0.1111111111111111,0.024584394221111198
b1.0005_float64,1.0005,float64,half,0.019356206904538948,50000,100000,50000,3,0.07334339301867,0.0049730095313111925,0.03703703703703703,0.036645358621025505
b1.0005_float64,1.0005,float64,half,0.019356206904538948,50000,100000,50000,4,-0.038600736877374135,0.0677174898297108,0.012345679012345677,0.08474193602252242
b1.0005_float64,1.0005,float64,half,0.019356206904538948,50000,100000,50000,5,0.03232629076315711,0.04245021275353551,0.004115226337448558,0.05096944887726282
b1.0005_float64,1.0005,float64,half,0.019356206904538948,50000,100000,50000,6,-0.0401962993555189,-0.006113782123898545,0.0013717421124828527,0.04201524013193325
b1.0005_float64,1.0005,float64,half,0.019356206904538948,50000,100000,50000,7,0.03920197903392715,0.020472167806097508,0.00045724737082761756,0.04382081567390779
b1.0005_float64,1.0005,float64,half,0.019356206904538948,50000,100000,50000,8,-0.0370737872402606,-0.05166758130759628,0.0001524157902758725,0.06368146630101881
b1.0005_float64,1.0005,float64,half,0.019356206904538948,100000,150000,50000,1,0.48488122483799145,-0.23984718494335136,0.3333333333333333,0.2837136506140616
b1.0005_float64,1.0005,float64,half,0.019356206904538948,100000,150000,50000,2,0.022852647767391238,0.004162272545008792,0.1111111111111111,0.08835655530029267
b1.0005_float64,1.0005,float64,half,0.019356206904538948,100000,150000,50000,3,0.10718992612671081,0.04048325421607562,0.03703703703703703,0.08099581297543396
b1.0005_float64,1.0005,float64,half,0.019356206904538948,100000,150000,50000,4,0.05504181287456635,-0.011131949672345137,0.012345679012345677,0.044123464849083326
b1.0005_float64,1.0005,float64,half,0.019356206904538948,100000,150000,50000,5,-0.008363582789440051,0.03877343871076556,0.004115226337448558,0.040732054044484566
b1.0005_float64,1.0005,float64,half,0.019356206904538948,100000,150000,50000,6,-0.010155526728742767,0.03182815077628199,0.0013717421124828527,0.03385127927827294
b1.0005_float64,1.0005,float64,half,0.019356206904538948,100000,150000,50000,7,-0.01769087488954207,0.02851082938765854,0.00045724737082761756,0.03379677105803896
b1.0005_float64,1.0005,float64,half,0.019356206904538948,100000,150000,50000,8,-0.005857866147839432,0.014148049889898054,0.0001524157902758725,0.015371753467405058
b1.0005_float64,1.0005,float64,half,0.019356206904538948,150000,200000,50000,1,0.31765763423268,0.4554343532131064,0.3333333333333333,0.45570404609673454
b1.0005_float64,1.0005,float64,half,0.019356206904538948,150000,200000,50000,2,0.05029652432470134,0.040208974771163454,0.1111111111111111,0.07290525096417833
b1.0005_float64,1.0005,float64,half,0.019356206904538948,150000,200000,50000,3,0.06254413298455223,0.08039946566609023,0.03703703703703703,0.08434859822823713
b1.0005_float64,1.0005,float64,half,0.019356206904538948,150000,200000,50000,4,0.024037653640961804,-0.03271896928907613,0.012345679012345677,0.03474526186483144
b1.0005_float64,1.0005,float64,half,0.019356206904538948,150000,200000,50000,5,0.02940100406526336,0.008380292521545915,0.004115226337448558,0.026638315600787027
b1.0005_float64,1.0005,float64,half,0.019356206904538948,150000,200000,50000,6,0.006304346274561164,-0.05041662324058052,0.0013717421124828527,0.05065734381905941
b1.0005_float64,1.0005,float64,half,0.019356206904538948,150000,200000,50000,7,0.06551416226542775,0.021674120581516586,0.00045724737082761756,0.06857236818562829
b1.0005_float64,1.0005,float64,half,0.019356206904538948,150000,200000,50000,8,-0.0019942453085548223,-0.007643018405437128,0.0001524157902758725,0.007938758355000087
b1.0005_float64,1.0005,float64,matched,0.038712413809077896,0,200000,200000,1,0.05493454482658215,0.03705413081383547,0.0,0.06626320868832565
b1.0005_float64,1.0005,float64,matched,0.038712413809077896,0,200000,200000,2,-0.01405416140032861,0.01450887848613762,0.0,0.020199678403182406
b1.0005_float64,1.0005,float64,matched,0.038712413809077896,0,200000,200000,3,0.03380128430043846,0.007218189080271075,0.0,0.034563406573392214
b1.0005_float64,1.0005,float64,matched,0.038712413809077896,0,200000,200000,4,-0.02986237597436718,-0.01676839001819985,0.0,0.03424821751035996
b1.0005_float64,1.0005,float64,matched,0.038712413809077896,0,200000,200000,5,0.03084376408367381,0.013718683004122389,0.0,0.03375707401741038
b1.0005_float64,1.0005,float64,matched,0.038712413809077896,0,200000,200000,6,-0.018683407939067705,-0.021415704641182108,0.0,0.028420100940988353
b1.0005_float64,1.0005,float64,matched,0.038712413809077896,0,200000,200000,7,0.024854288403327807,0.020975312622844893,0.0,0.0325222906890316
b1.0005_float64,1.0005,float64,matched,0.038712413809077896,0,200000,200000,8,-0.02269530923740138,-0.02060230569386333,0.0,0.030651787244542036
b1.0005_float64,1.0005,float64,matched,0.038712413809077896,0,50000,50000,1,0.11506729770008305,-0.03999090608738382,0.0,0.1218185354110346
b1.0005_float64,1.0005,float64,matched,0.038712413809077896,0,50000,50000,2,0.03868424107298746,0.07217907760267117,0.0,0.08189193947492901
b1.0005_float64,1.0005,float64,matched,0.038712413809077896,0,50000,50000,3,-0.03726748949502352,-0.07042341381646373,0.0,0.07967636404120475
b1.0005_float64,1.0005,float64,matched,0.038712413809077896,0,50000,50000,4,0.019729773206903667,-0.012961507579022135,0.0,0.02360645313292325
b1.0005_float64,1.0005,float64,matched,0.038712413809077896,0,50000,50000,5,-0.01594391787766834,0.00936318605475329,0.0,0.0184899370032934
b1.0005_float64,1.0005,float64,matched,0.038712413809077896,0,50000,50000,6,-0.032749855203242195,-0.038687571233940225,0.0,0.05068807733397006
b1.0005_float64,1.0005,float64,matched,0.038712413809077896,0,50000,50000,7,0.041744103796419886,0.04254756347848681,0.0,0.05960591715360264
b1.0005_float64,1.0005,float64,matched,0.038712413809077896,0,50000,50000,8,-0.06143367733544606,-0.04307792279762248,0.0,0.0750320207878851
b1.0005_float64,1.0005,float64,matched,0.038712413809077896,50000,100000,50000,1,0.016652891037243808,-0.027582959404818492,0.0,0.032220155639384795
b1.0005_float64,1.0005,float64,matched,0.038712413809077896,50000,100000,50000,2,0.014739148583701766,0.03685877267567225,0.0,0.03969649385184189
b1.0005_float64,1.0005,float64,matched,0.038712413809077896,50000,100000,50000,3,-0.023865162726222584,0.04169417949485018,0.0,0.04804113441310341
b1.0005_float64,1.0005,float64,matched,0.038712413809077896,50000,100000,50000,4,-0.001184971138075646,-0.004375162980983939,0.0,0.004532792484577753
b1.0005_float64,1.0005,float64,matched,0.038712413809077896,50000,100000,50000,5,0.039072961092150346,-0.04089095373186508,0.0,0.056557637730108794
b1.0005_float64,1.0005,float64,matched,0.038712413809077896,50000,100000,50000,6,-0.012187572742819579,0.036723655921968974,0.0,0.03869320138779791
b1.0005_float64,1.0005,float64,matched,0.038712413809077896,50000,100000,50000,7,0.0519814084925285,0.0015346511289413545,0.0,0.05200405737011945
b1.0005_float64,1.0005,float64,matched,0.038712413809077896,50000,100000,50000,8,-0.037079248102131604,0.012978865378100512,0.0,0.03928513187355092
b1.0005_float64,1.0005,float64,matched,0.038712413809077896,100000,150000,50000,1,0.11669083982085428,-0.20774709836434857,0.0,0.2382763290318671
b1.0005_float64,1.0005,float64,matched,0.038712413809077896,100000,150000,50000,2,-0.10171647370522713,0.16699461114511652,0.0,0.1955337341088101
b1.0005_float64,1.0005,float64,matched,0.038712413809077896,100000,150000,50000,3,0.13088803359057674,-0.04556200979582982,0.0,0.13859139249550542
b1.0005_float64,1.0005,float64,matched,0.038712413809077896,100000,150000,50000,4,-0.12346983081681641,0.04765559122120557,0.0,0.132347476351368
b1.0005_float64,1.0005,float64,matched,0.038712413809077896,100000,150000,50000,5,0.061040993586306144,0.019999438481544486,0.0,0.06423379513605397
b1.0005_float64,1.0005,float64,matched,0.038712413809077896,100000,150000,50000,6,-0.003548753791125253,-0.028566060029141912,0.0,0.028785646406821665
b1.0005_float64,1.0005,float64,matched,0.038712413809077896,100000,150000,50000,7,0.010159613086128024,0.026076663115381392,0.0,0.027985891039824264
b1.0005_float64,1.0005,float64,matched,0.038712413809077896,100000,150000,50000,8,0.0029334319790800764,-0.016321510870613395,0.0,0.016583025667092265
b1.0005_float64,1.0005,float64,matched,0.038712413809077896,150000,200000,50000,1,-0.0286728492518539,0.42353748711189326,0.0,0.4245069319496169
b1.0005_float64,1.0005,float64,matched,0.038712413809077896,150000,200000,50000,2,-0.007923561552775824,-0.21799694747891243,0.0,0.2181408992779766
b1.0005_float64,1.0005,float64,matched,0.038712413809077896,150000,200000,50000,3,0.06544975583242216,0.1031640004385261,0.0,0.12217398055643391
b1.0005_float64,1.0005,float64,matched,0.038712413809077896,150000,200000,50000,4,-0.014524475149480501,-0.09739248073400125,0.0,0.09846956728802397
b1.0005_float64,1.0005,float64,matched,0.038712413809077896,150000,200000,50000,5,0.0392050195339065,0.06640306121205734,0.0,0.07711290485376766
b1.0005_float64,1.0005,float64,matched,0.038712413809077896,150000,200000,50000,6,-0.02624745001908401,-0.055132843223616015,0.0,0.06106192786363804
b1.0005_float64,1.0005,float64,matched,0.038712413809077896,150000,200000,50000,7,-0.00446797176176712,0.013742372768570429,0.0,0.014450452621779516
b1.0005_float64,1.0005,float64,matched,0.038712413809077896,150000,200000,50000,8,0.004798256508893015,-0.0359886544853186,0.0,0.03630711386476178
b1.0005_float64,1.0005,float64,double,0.07742482761815579,0,200000,200000,1,-0.2860194732631664,0.03748909891062768,-0.3333333333333333,0.06036583381243202
b1.0005_float64,1.0005,float64,double,0.07742482761815579,0,200000,200000,2,0.08143372957531547,-0.01326735342034308,0.1111111111111111,0.03250799350315969
b1.0005_float64,1.0005,float64,double,0.07742482761815579,0,200000,200000,3,-0.008762498582291004,-0.0030322216987108954,-0.03703703703703703,0.028436664594481628
b1.0005_float64,1.0005,float64,double,0.07742482761815579,0,200000,200000,4,-0.012271886437367405,0.00064714394934547,0.012345679012345677,0.024626070006439956
b1.0005_float64,1.0005,float64,double,0.07742482761815579,0,200000,200000,5,0.022885850367268246,0.0076872673788836,-0.004115226337448558,0.028074048923667005
b1.0005_float64,1.0005,float64,double,0.07742482761815579,0,200000,200000,6,-0.03313457987661833,-0.003170449088111743,0.0013717421124828527,0.03465166669347719
b1.0005_float64,1.0005,float64,double,0.07742482761815579,0,200000,200000,7,0.03435969726932718,0.012556178580084764,-0.00045724737082761756,0.03701185289350674
b1.0005_float64,1.0005,float64,double,0.07742482761815579,0,200000,200000,8,-0.028020722671404825,-0.015101113213740665,0.0001524157902758725,0.03196512710869839
b1.0005_float64,1.0005,float64,double,0.07742482761815579,0,50000,50000,1,-0.2228889831085768,-0.021542556134105682,-0.3333333333333333,0.1125257136007578
b1.0005_float64,1.0005,float64,double,0.07742482761815579,0,50000,50000,2,0.05050612690045445,0.030700587758742185,0.1111111111111111,0.06793739912526953
b1.0005_float64,1.0005,float64,double,0.07742482761815579,0,50000,50000,3,-0.03974548522745823,-0.0838826603216339,-0.03703703703703703,0.08392637484268464
b1.0005_float64,1.0005,float64,double,0.07742482761815579,0,50000,50000,4,0.019756565625681254,0.08048036778230579,0.012345679012345677,0.0808208564590287
b1.0005_float64,1.0005,float64,double,0.07742482761815579,0,50000,50000,5,-0.039425565738166635,-0.057079363756471435,-0.004115226337448558,0.06711835691848757
b1.0005_float64,1.0005,float64,double,0.07742482761815579,0,50000,50000,6,0.03410183155081648,0.04341564925751882,0.0013717421124828527,0.05437073987995025
b1.0005_float64,1.0005,float64,double,0.07742482761815579,0,50000,50000,7,-0.02218385452002423,-0.021830733958773673,-0.00045724737082761756,0.030799779275090197
b1.0005_float64,1.0005,float64,double,0.07742482761815579,0,50000,50000,8,0.03520630239324076,0.004050095150324421,0.0001524157902758725,0.035287083142421995
b1.0005_float64,1.0005,float64,double,0.07742482761815579,50000,100000,50000,1,-0.31612334008345105,-0.009931703051075607,-0.3333333333333333,0.019870143259567544
b1.0005_float64,1.0005,float64,double,0.07742482761815579,50000,100000,50000,2,0.10319210950582844,0.05366229572560446,0.1111111111111111,0.054243456462201
b1.0005_float64,1.0005,float64,double,0.07742482761815579,50000,100000,50000,3,-0.03209394317941113,-0.03294656162864203,-0.03703703703703703,0.033315313296368776
b1.0005_float64,1.0005,float64,double,0.07742482761815579,50000,100000,50000,4,0.04952230452978384,0.0017427729625139842,0.012345679012345677,0.0372174521221255
b1.0005_float64,1.0005,float64,double,0.07742482761815579,50000,100000,50000,5,-0.026458125936799498,0.03520568048118684,-0.004115226337448558,0.041697063453558655
b1.0005_float64,1.0005,float64,double,0.07742482761815579,50000,100000,50000,6,0.005547756237944769,-0.021538622730369113,0.0013717421124828527,0.02193972112624111
b1.0005_float64,1.0005,float64,double,0.07742482761815579,50000,100000,50000,7,-0.0022766759258284913,0.006753500192222221,-0.00045724737082761756,0.006994289464491596
b1.0005_float64,1.0005,float64,double,0.07742482761815579,50000,100000,50000,8,-0.01042536723136222,0.025485367600055632,0.0001524157902758725,0.02759335889961243
b1.0005_float64,1.0005,float64,double,0.07742482761815579,100000,150000,50000,1,-0.2502142958575072,-0.1379721251074853,-0.3333333333333333,0.16107477051848734
b1.0005_float64,1.0005,float64,double,0.07742482761815579,100000,150000,50000,2,0.018933361191774422,0.21387570553820323,0.1111111111111111,0.2328938706785904
b1.0005_float64,1.0005,float64,double,0.07742482761815579,100000,150000,50000,3,0.06166832979358404,-0.16148286848412433,-0.03703703703703703,0.1892603134707022
b1.0005_float64,1.0005,float64,double,0.07742482761815579,100000,150000,50000,4,-0.09400154931851352,0.13062091098944997,0.012345679012345677,0.1684385803827903
b1.0005_float64,1.0005,float64,double,0.07742482761815579,100000,150000,50000,5,0.13281412758919112,-0.10100961925049533,-0.004115226337448558,0.1701546095405499
b1.0005_float64,1.0005,float64,double,0.07742482761815579,100000,150000,50000,6,-0.14418315964281314,0.08473083141177215,0.0013717421124828527,0.16842073274013514
b1.0005_float64,1.0005,float64,double,0.07742482761815579,100000,150000,50000,7,0.12927350980983143,-0.04904969593523241,-0.00045724737082761756,0.13869369859516284
b1.0005_float64,1.0005,float64,double,0.07742482761815579,100000,150000,50000,8,-0.09767783291218186,0.019393244196929744,0.0001524157902758725,0.09973392342461257
b1.0005_float64,1.0005,float64,double,0.07742482761815579,150000,200000,50000,1,-0.35485127400312816,0.3194027799351724,-0.3333333333333333,0.32012678363577296
b1.0005_float64,1.0005,float64,double,0.07742482761815579,150000,200000,50000,2,0.15310332070320862,-0.3513080027039281,0.1111111111111111,0.35380878794943715
b1.0005_float64,1.0005,float64,double,0.07742482761815579,150000,200000,50000,3,-0.024878895715878105,0.2661832036395584,-0.03703703703703703,0.2664607256242538
b1.0005_float64,1.0005,float64,double,0.07742482761815579,150000,200000,50000,4,-0.024364866586420265,-0.21025547593689126,0.012345679012345677,0.21343624181382068
b1.0005_float64,1.0005,float64,double,0.07742482761815579,150000,200000,50000,5,0.024612965554848366,0.15363237204131455,-0.004115226337448558,0.1562952806339383
b1.0005_float64,1.0005,float64,double,0.07742482761815579,150000,200000,50000,6,-0.028004747652423483,-0.11928965429136787,0.0013717421124828527,0.12285357044816284
b1.0005_float64,1.0005,float64,double,0.07742482761815579,150000,200000,50000,7,0.03262580971332873,0.11435164402212399,-0.00045724737082761756,0.1190411154038642
b1.0005_float64,1.0005,float64,double,0.07742482761815579,150000,200000,50000,8,-0.03918599293531628,-0.109333159802272,0.0001524157902758725,0.1161948804096415
b1.001_float64,1.001,float64,fixed,1.0,0,200000,200000,1,-0.8953730938713466,0.011906281520029312,-0.8962324519660286,0.011937254121827478
b1.001_float64,1.001,float64,fixed,1.0,0,200000,200000,2,0.8015348583250997,-0.020945686632943137,0.8032326079570398,0.02101437941834603
b1.001_float64,1.001,float64,fixed,1.0,0,200000,200000,3,-0.7182474139349536,0.026956831602996934,-0.7198831297284056,0.027006412872302803
b1.001_float64,1.001,float64,fixed,1.0,0,200000,200000,4,0.6419655597466205,-0.03037839601807242,0.6451826224854676,0.030548264063552235
b1.001_float64,1.001,float64,fixed,1.0,0,200000,200000,5,-0.5758831588159051,0.0325335440908246,-0.5782336037160233,0.032618339662498455
b1.001_float64,1.001,float64,fixed,1.0,0,200000,200000,6,0.5163581602525787,-0.03385954756024847,0.5182317204675645,0.03391134307077656
b1.001_float64,1.001,float64,fixed,1.0,0,200000,200000,7,-0.46369341385805146,0.033805980925042306,-0.4644560855212188,0.03381458286553484
b1.001_float64,1.001,float64,fixed,1.0,0,200000,200000,8,0.4167958618645481,-0.03350932997552059,0.41626061635722544,0.033513604448961204
b1.001_float64,1.001,float64,fixed,1.0,0,50000,50000,1,-0.8930088901321246,-0.005227576255591715,-0.8962324519660286,0.006141571818763425
b1.001_float64,1.001,float64,fixed,1.0,0,50000,50000,2,0.7982609659922028,0.009921446731280564,0.8032326079570398,0.011097401906219592
b1.001_float64,1.001,float64,fixed,1.0,0,50000,50000,3,-0.7145143469631169,-0.017590767487543454,-0.7198831297284056,0.018391816908116424
b1.001_float64,1.001,float64,fixed,1.0,0,50000,50000,4,0.6395569417844504,0.02578172803810331,0.6451826224854676,0.026388364556760992
b1.001_float64,1.001,float64,fixed,1.0,0,50000,50000,5,-0.5759563810202304,-0.03528297329192011,-0.5782336037160233,0.035356384819783
b1.001_float64,1.001,float64,fixed,1.0,0,50000,50000,6,0.5215692043075835,0.0442740417529468,0.5182317204675645,0.044399657335660425
b1.001_float64,1.001,float64,fixed,1.0,0,50000,50000,7,-0.4725296370952769,-0.0539397792476821,-0.4644560855212188,0.05454064558022441
b1.001_float64,1.001,float64,fixed,1.0,0,50000,50000,8,0.4306663037474338,0.06343155180685091,0.41626061635722544,0.06504679541537475
b1.001_float64,1.001,float64,fixed,1.0,50000,100000,50000,1,-0.8719633027018929,0.01645531080182902,-0.8962324519660286,0.029321815421110772
b1.001_float64,1.001,float64,fixed,1.0,50000,100000,50000,2,0.7620714705633674,-0.032945137271648,0.8032326079570398,0.05272211396926817
b1.001_float64,1.001,float64,fixed,1.0,50000,100000,50000,3,-0.6653245304873838,0.04702145600861711,-0.7198831297284056,0.07202539882786307
b1.001_float64,1.001,float64,fixed,1.0,50000,100000,50000,4,0.5748594340406199,-0.058220455309613034,0.6451826224854676,0.09129606918979707
b1.001_float64,1.001,float64,fixed,1.0,50000,100000,50000,5,-0.49831758482148264,0.06535861240748166,-0.5782336037160233,0.10323913159158205
b1.001_float64,1.001,float64,fixed,1.0,50000,100000,50000,6,0.42998518661419616,-0.0721240611381416,0.5182317204675645,0.11397074594909025
b1.001_float64,1.001,float64,fixed,1.0,50000,100000,50000,7,-0.37080297826087855,0.07633049535516268,-0.4644560855212188,0.12081907556624205
b1.001_float64,1.001,float64,fixed,1.0,50000,100000,50000,8,0.3167259029603125,-0.08025882396113565,0.41626061635722544,0.12786179255207616
b1.001_float64,1.001,float64,fixed,1.0,100000,150000,50000,1,-0.9130268540641043,0.008354079956968125,-0.8962324519660286,0.01875746767981398
b1.001_float64,1.001,float64,fixed,1.0,100000,150000,50000,2,0.8329179491370935,-0.017950286913119656,0.8032326079570398,0.03469052148987542
b1.001_float64,1.001,float64,fixed,1.0,100000,150000,50000,3,-0.7616908121977299,0.027378929415165083,-0.7198831297284056,0.04997487458089754
b1.001_float64,1.001,float64,fixed,1.0,100000,150000,50000,4,0.6972441918954474,-0.03516649942247607,0.6451826224854676,0.06282586800881583
b1.001_float64,1.001,float64,fixed,1.0,100000,150000,50000,5,-0.638246305624928,0.04473670870275656,-0.5782336037160233,0.07485250494113307
b1.001_float64,1.001,float64,fixed,1.0,100000,150000,50000,6,0.5830723765117692,-0.05315184254834307,0.5182317204675645,0.0838416903606238
b1.001_float64,1.001,float64,fixed,1.0,100000,150000,50000,7,-0.5342936297088116,0.05963381044622405,-0.4644560855212188,0.09183394757109242
b1.001_float64,1.001,float64,fixed,1.0,100000,150000,50000,8,0.4879300949782184,-0.06575782325753471,0.41626061635722544,0.09726564391075677
b1.001_float64,1.001,float64,fixed,1.0,150000,200000,50000,1,-0.9034933285873012,0.028043311576911763,-0.8962324519660286,0.028968045386409774
b1.001_float64,1.001,float64,fixed,1.0,150000,200000,50000,2,0.8128890476077685,-0.042808769078286325,0.8032326079570398,0.04388436551582134
b1.001_float64,1.001,float64,fixed,1.0,150000,200000,50000,3,-0.7314599660915304,0.051017708475746174,-0.7198831297284056,0.052314717989250324
b1.001_float64,1.001,float64,fixed,1.0,150000,200000,50000,4,0.6562016712659119,-0.05390835737830395,0.6451826224854676,0.055022999111760056
b1.001_float64,1.001,float64,fixed,1.0,150000,200000,50000,5,-0.5910123637969903,0.05532182854497915,-0.5782336037160233,0.05677852959320967
b1.001_float64,1.001,float64,fixed,1.0,150000,200000,50000,6,0.5308058735767825,-0.05443632830745631,0.5182317204675645,0.05586969810202331
b1.001_float64,1.001,float64,fixed,1.0,150000,200000,50000,7,-0.47714741036722047,0.05319939714646261,-0.4644560855212188,0.05469228083645619
b1.001_float64,1.001,float64,fixed,1.0,150000,200000,50000,8,0.4318611457722262,-0.05145222449026165,0.41626061635722544,0.05376530408195032
b1.001_float64,1.001,float64,half,0.027361505158922998,0,200000,200000,1,0.34022701726234733,0.020855927731829694,0.3333333333333333,0.0219657141852581
b1.001_float64,1.001,float64,half,0.027361505158922998,0,200000,200000,2,0.08961828937643379,0.06564013224750971,0.1111111111111111,0.06906930105038839
b1.001_float64,1.001,float64,half,0.027361505158922998,0,200000,200000,3,0.07312568606467396,0.0030005835972104775,0.03703703703703703,0.0362131756487029
b1.001_float64,1.001,float64,half,0.027361505158922998,0,200000,200000,4,-0.015985238586759026,0.0219111577666219,0.012345679012345677,0.03581535601779013
b1.001_float64,1.001,float64,half,0.027361505158922998,0,200000,200000,5,0.03367877284770314,0.00632011084538234,0.004115226337448558,0.03023155773958572
b1.001_float64,1.001,float64,half,0.027361505158922998,0,200000,200000,6,-0.028130503152137793,0.01401833575997402,0.0013717421124828527,0.032663377246286054
b1.001_float64,1.001,float64,half,0.027361505158922998,0,200000,200000,7,0.021622643657992446,-0.00035448217621924724,0.00045724737082761756,0.021168364547266942
b1.001_float64,1.001,float64,half,0.027361505158922998,0,200000,200000,8,-0.006948428934053042,-0.009324201782206115,0.0001524157902758725,0.011720184924920147
b1.001_float64,1.001,float64,half,0.027361505158922998,0,50000,50000,1,0.3532064963386876,-0.12856318262047808,0.3333333333333333,0.13009010159633122
b1.001_float64,1.001,float64,half,0.027361505158922998,0,50000,50000,2,0.025073883641546658,0.058939665938959704,0.1111111111111111,0.10428944688531885
b1.001_float64,1.001,float64,half,0.027361505158922998,0,50000,50000,3,0.09560635429015024,-0.03671396403953386,0.03703703703703703,0.06912510454959189
b1.001_float64,1.001,float64,half,0.027361505158922998,0,50000,50000,4,0.011378368063029174,0.03837813897483579,0.012345679012345677,0.03839032744903952
b1.001_float64,1.001,float64,half,0.027361505158922998,0,50000,50000,5,0.060676068693243136,0.014004564780114389,0.004115226337448558,0.05826883148543023
b1.001_float64,1.001,float64,half,0.027361505158922998,0,50000,50000,6,-0.026302411575903982,0.022816607825838345,0.0013717421124828527,0.03586720472864539
b1.001_float64,1.001,float64,half,0.027361505158922998,0,50000,50000,7,0.041145897602040765,0.027949320998193618,0.00045724737082761756,0.04936325355867529
b1.001_float64,1.001,float64,half,0.027361505158922998,0,50000,50000,8,0.01328610773071167,-0.014666131959634085,0.0001524157902758725,0.019687287539010258
b1.001_float64,1.001,float64,half,0.027361505158922998,50000,100000,50000,1,0.4721393792919036,0.07611958503225691,0.3333333333333333,0.15830764233016584
b1.001_float64,1.001,float64,half,0.027361505158922998,50000,100000,50000,2,0.15426422259061703,0.07927485318367337,0.1111111111111111,0.09025903488103358
b1.001_float64,1.001,float64,half,0.027361505158922998,50000,100000,50000,3,0.11573465230643462,0.04644352732966852,0.03703703703703703,0.09138006281411601
b1.001_float64,1.001,float64,half,0.027361505158922998,50000,100000,50000,4,-0.03589052263420007,0.002507696389971024,0.012345679012345677,0.04830134253279609
b1.001_float64,1.001,float64,half,0.027361505158922998,50000,100000,50000,5,0.023029267915492608,0.00783820847079071,0.004115226337448558,0.020473848706277827
b1.001_float64,1.001,float64,half,0.027361505158922998,50000,100000,50000,6,-0.04248460906780406,-0.013941414837687592,0.0013717421124828527,0.04601893725984064
b1.001_float64,1.001,float64,half,0.027361505158922998,50000,100000,50000,7,0.017247188268822367,-0.019440082687725943,0.00045724737082761756,0.02568694085063028
b1.001_float64,1.001,float64,half,0.027361505158922998,50000,100000,50000,8,0.006782972143474486,-0.02168329587517296,0.0001524157902758725,0.022674426069103387
b1.001_float64,1.001,float64,half,0.027361505158922998,100000,150000,50000,1,0.2558021821443668,0.09892014612206931,0.3333333333333333,0.1256832316321391
b1.001_float64,1.001,float64,half,0.027361505158922998,100000,150000,50000,2,0.03792410444466014,0.0068480231887838435,0.1111111111111111,0.07350668926287769
b1.001_float64,1.001,float64,half,0.027361505158922998,100000,150000,50000,3,0.03422807709601587,-0.0004554836033406501,0.03703703703703703,0.00284564953273831
b1.001_float64,1.001,float64,half,0.027361505158922998,100000,150000,50000,4,-0.03348345892879,0.0204057883685163,0.012345679012345677,0.050166782669096056
b1.001_float64,1.001,float64,half,0.027361505158922998,100000,150000,50000,5,0.034745967011430075,-0.026496235204001208,0.004115226337448558,0.04050052782646738
b1.001_float64,1.001,float64,half,0.027361505158922998,100000,150000,50000,6,-0.014371579401996218,0.015905857138838228,0.0013717421124828527,0.02237964395671635
b1.001_float64,1.001,float64,half,0.027361505158922998,100000,150000,50000,7,0.03420866501712166,-0.033913939066308504,0.00045724737082761756,0.047846770592463755
b1.001_float64,1.001,float64,half,0.027361505158922998,100000,150000,50000,8,-0.02486609176841617,0.0031233635669670762,0.0001524157902758725,0.025212717434576308
b1.001_float64,1.001,float64,half,0.027361505158922998,150000,200000,50000,1,0.27976001127439465,0.036947162393472,0.3333333333333333,0.06507836541709046
b1.001_float64,1.001,float64,half,0.027361505158922998,150000,200000,50000,2,0.14121094682890897,0.11749798667862306,0.1111111111111111,0.12129211426868731
b1.001_float64,1.001,float64,half,0.027361505158922998,150000,200000,50000,3,0.046933660566097136,0.002728254702047515,0.03703703703703703,0.01026579422135426
b1.001_float64,1.001,float64,half,0.027361505158922998,150000,200000,50000,4,-0.005945340847075944,0.026353007333164067,0.012345679012345677,0.03207869079310369
b1.001_float64,1.001,float64,half,0.027361505158922998,150000,200000,50000,5,0.01626378777064754,0.029933905334624897,0.004115226337448558,0.0323052044333184
b1.001_float64,1.001,float64,half,0.027361505158922998,150000,200000,50000,6,-0.029363412562847063,0.03129229291290665,0.0013717421124828527,0.04386179805552438
b1.001_float64,1.001,float64,half,0.027361505158922998,150000,200000,50000,7,-0.0061111762560147114,0.023986772050963803,0.00045724737082761756,0.02486984966513788
b1.001_float64,1.001,float64,half,0.027361505158922998,150000,200000,50000,8,-0.0229967038419813,-0.0040707428609853555,0.0001524157902758725,0.0235043120977581
b1.001_float64,1.001,float64,matched,0.054723010317845995,0,200000,200000,1,0.002632735970377918,0.039121754679027794,0.0,0.039210240854345116
b1.001_float64,1.001,float64,matched,0.054723010317845995,0,200000,200000,2,-0.004761282480957473,0.03448184123352063,0.0,0.03480901012262768
b1.001_float64,1.001,float64,matched,0.054723010317845995,0,200000,200000,3,0.01825779681950051,-0.024016706074891186,0.0,0.030168681034971983
b1.001_float64,1.001,float64,matched,0.054723010317845995,0,200000,200000,4,-0.024945471581324638,0.029293141209355493,0.0,0.038475507460278106
b1.001_float64,1.001,float64,matched,0.054723010317845995,0,200000,200000,5,0.033839964954423395,-0.027695400254159626,0.0,0.043728462394128476
b1.001_float64,1.001,float64,matched,0.054723010317845995,0,200000,200000,6,-0.026179958979485083,0.013225389791498107,0.0,0.02933089134862055
b1.001_float64,1.001,float64,matched,0.054723010317845995,0,200000,200000,7,0.023678757400343416,-0.0059279651183376655,0.0,0.024409512950252534
b1.001_float64,1.001,float64,matched,0.054723010317845995,0,200000,200000,8,-0.03934013988599529,0.010262288905533644,0.0,0.0406566252882641
b1.001_float64,1.001,float64,matched,0.054723010317845995,0,50000,50000,1,-0.001498165046911184,-0.09891311728115353,0.0,0.0989244624386861
b1.001_float64,1.001,float64,matched,0.054723010317845995,0,50000,50000,2,-0.030176915935846108,0.10644416784628302,0.0,0.11063908497401266
b1.001_float64,1.001,float64,matched,0.054723010317845995,0,50000,50000,3,0.0968822978950562,-0.05728645248335951,0.0,0.11255184264841965
b1.001_float64,1.001,float64,matched,0.054723010317845995,0,50000,50000,4,-0.05743293046962322,0.0792475059227598,0.0,0.097870877677205
b1.001_float64,1.001,float64,matched,0.054723010317845995,0,50000,50000,5,0.056615589094075956,-0.06200213598080465,0.0,0.08396183534589656
b1.001_float64,1.001,float64,matched,0.054723010317845995,0,50000,50000,6,-0.039090184174087134,0.02857459713542191,0.0,0.04842055452197666
b1.001_float64,1.001,float64,matched,0.054723010317845995,0,50000,50000,7,0.008660820982077617,-0.027619142475823966,0.0,0.02894523883445185
b1.001_float64,1.001,float64,matched,0.054723010317845995,0,50000,50000,8,-0.04995024691414263,0.02962893998761382,0.0,0.05807668423363577
b1.001_float64,1.001,float64,matched,0.054723010317845995,50000,100000,50000,1,0.14242616784081083,0.09582256321160224,0.0,0.17166006205946777
b1.001_float64,1.001,float64,matched,0.054723010317845995,50000,100000,50000,2,-0.031606529567602216,0.023568779774633966,0.0,0.03942664189825083
b1.001_float64,1.001,float64,matched,0.054723010317845995,50000,100000,50000,3,0.006010501864933066,-0.024976516269073667,0.0,0.025689540626637634
b1.001_float64,1.001,float64,matched,0.054723010317845995,50000,100000,50000,4,-0.04067304130172929,-0.013267853470777042,0.0,0.04278238217367269
b1.001_float64,1.001,float64,matched,0.054723010317845995,50000,100000,50000,5,0.06393520584000789,-0.007583073636625768,0.0,0.06438333287103633
b1.001_float64,1.001,float64,matched,0.054723010317845995,50000,100000,50000,6,-0.035652432921134035,-0.0024616582150625258,0.0,0.0357373157129036
b1.001_float64,1.001,float64,matched,0.054723010317845995,50000,100000,50000,7,0.03956850812109655,0.021304521031093357,0.0,0.044939397540394145
b1.001_float64,1.001,float64,matched,0.054723010317845995,50000,100000,50000,8,-0.046749594083265344,-0.0111395240009889,0.0,0.048058438821071636
b1.001_float64,1.001,float64,matched,0.054723010317845995,100000,150000,50000,1,-0.0920755793222172,0.09030958640292068,0.0,0.12897183298607687
b1.001_float64,1.001,float64,matched,0.054723010317845995,100000,150000,50000,2,-0.006649371266068787,-0.05268005577549357,0.0,0.05309804530058649
b1.001_float64,1.001,float64,matched,0.054723010317845995,100000,150000,50000,3,0.01682829609209797,0.02358937761800473,0.0,0.02897671972063336
b1.001_float64,1.001,float64,matched,0.054723010317845995,100000,150000,50000,4,-0.006740969078385149,-0.025526525711256094,0.0,0.026401594251165273
b1.001_float64,1.001,float64,matched,0.054723010317845995,100000,150000,50000,5,0.02561644248439332,-0.007804642776467884,0.0,0.02677899502267595
b1.001_float64,1.001,float64,matched,0.054723010317845995,100000,150000,50000,6,-0.03242188209149974,0.0066399025747569595,0.0,0.03309481446627818
b1.001_float64,1.001,float64,matched,0.054723010317845995,100000,150000,50000,7,0.03465382313929105,-0.01076729112040276,0.0,0.0362880423313351
b1.001_float64,1.001,float64,matched,0.054723010317845995,100000,150000,50000,8,-0.03171330080056936,0.01587440083486707,0.0,0.03546448997988582
b1.001_float64,1.001,float64,matched,0.054723010317845995,150000,200000,50000,1,-0.03832147959017229,0.06926798638273847,0.0,0.07916179467078316
b1.001_float64,1.001,float64,matched,0.054723010317845995,150000,200000,50000,2,0.04938768684568701,0.060594473088656946,0.0,0.07817182216668367
b1.001_float64,1.001,float64,matched,0.054723010317845995,150000,200000,50000,3,-0.0466899085740869,-0.03739323316513748,0.0,0.0598180695877001
b1.001_float64,1.001,float64,matched,0.054723010317845995,150000,200000,50000,4,0.005065054524440526,0.076719438096697,0.0,0.07688645497880936
b1.001_float64,1.001,float64,matched,0.054723010317845995,150000,200000,50000,5,-0.010807377600782285,-0.03339174862274009,0.0,0.03509712647340456
b1.001_float64,1.001,float64,matched,0.054723010317845995,150000,200000,50000,6,0.0024446632687837285,0.02014871767087707,0.0,0.02029648250999306
b1.001_float64,1.001,float64,matched,0.054723010317845995,150000,200000,50000,7,0.011831877358906335,-0.006629947908217424,0.0,0.013562799530402155
b1.001_float64,1.001,float64,matched,0.054723010317845995,150000,200000,50000,8,-0.028947417746003862,0.006685338800641811,0.0,0.02970937140097424
b1.001_float64,1.001,float64,double,0.10944602063569199,0,200000,200000,1,-0.33113013131850705,0.04332451255637941,-0.3333333333333333,0.04338049662424362
b1.001_float64,1.001,float64,double,0.10944602063569199,0,200000,200000,2,0.1118433887501075,-0.009228419616045484,0.1111111111111111,0.00925742724251113
b1.001_float64,1.001,float64,double,0.10944602063569199,0,200000,200000,3,-0.03286014318313223,-0.011358733414926816,-0.03703703703703703,0.012102366176007181
b1.001_float64,1.001,float64,double,0.10944602063569199,0,200000,200000,4,0.003873932799336749,0.018444891873707733,0.012345679012345677,0.02029740180738413
b1.001_float64,1.001,float64,double,0.10944602063569199,0,200000,200000,5,0.003041429196809438,-0.02121429010295398,-0.004115226337448558,0.022388921881330435
b1.001_float64,1.001,float64,double,0.10944602063569199,0,200000,200000,6,-0.017167563713031603,0.02849797216252143,0.0013717421124828527,0.033997651063975
b1.001_float64,1.001,float64,double,0.10944602063569199,0,200000,200000,7,0.029700047242884654,-0.032706375520585355,-0.00045724737082761756,0.044487856973693216
b1.001_float64,1.001,float64,double,0.10944602063569199,0,200000,200000,8,-0.028321514215947707,0.03007198677538885,0.0001524157902758725,0.04141363397020939
b1.001_float64,1.001,float64,double,0.10944602063569199,0,50000,50000,1,-0.3354552506851703,-0.0600333768277734,-0.3333333333333333,0.06007086537243714
b1.001_float64,1.001,float64,double,0.10944602063569199,0,50000,50000,2,0.12919631337172083,0.10857838461152006,0.1111111111111111,0.1100742483310894
b1.001_float64,1.001,float64,double,0.10944602063569199,0,50000,50000,3,-0.01140160391311887,-0.09713756017994137,-0.03703703703703703,0.10046333176419449
b1.001_float64,1.001,float64,double,0.10944602063569199,0,50000,50000,4,-0.0544701655431086,0.07580818481886782,0.012345679012345677,0.10105067030549698
b1.001_float64,1.001,float64,double,0.10944602063569199,0,50000,50000,5,0.05334844807600953,-0.07716291008707703,-0.004115226337448558,0.09620908777346479
b1.001_float64,1.001,float64,double,0.10944602063569199,0,50000,50000,6,-0.06552913327938434,0.08178668543666165,0.0013717421124828527,0.10566356535208143
b1.001_float64,1.001,float64,double,0.10944602063569199,0,50000,50000,7,0.08174329632084604,-0.08412744290044076,-0.00045724737082761756,0.11761953932988205
b1.001_float64,1.001,float64,double,0.10944602063569199,0,50000,50000,8,-0.07068272141359679,0.07172606544294684,0.0001524157902758725,0.10080796162316426
b1.001_float64,1.001,float64,double,0.10944602063569199,50000,100000,50000,1,-0.2162377172111545,0.08918465551336593,-0.3333333333333333,0.14719132479215757
b1.001_float64,1.001,float64,double,0.10944602063569199,50000,100000,50000,2,0.006782760830630935,-0.05816094822993702,0.1111111111111111,0.11944496879840515
b1.001_float64,1.001,float64,double,0.10944602063569199,50000,100000,50000,3,0.027725186243759584,-0.0005341074888449465,-0.03703703703703703,0.0647644256909717
b1.001_float64,1.001,float64,double,0.10944602063569199,50000,100000,50000,4,-0.008668976770975357,0.016649864616847324,0.012345679012345677,0.02681107512672352
b1.001_float64,1.001,float64,double,0.10944602063569199,50000,100000,50000,5,0.009853506655894772,-0.006987633534865091,-0.004115226337448558,0.015618979603574931
b1.001_float64,1.001,float64,double,0.10944602063569199,50000,100000,50000,6,-0.026449090967863177,-0.0017204698901120913,0.0013717421124828527,0.02787398015941136
b1.001_float64,1.001,float64,double,0.10944602063569199,50000,100000,50000,7,0.046932922447673005,-0.007627495988479323,-0.00045724737082761756,0.04800007177578588
b1.001_float64,1.001,float64,double,0.10944602063569199,50000,100000,50000,8,-0.047242592376939105,0.01108097665353233,0.0001524157902758725,0.048673142930845376
b1.001_float64,1.001,float64,double,0.10944602063569199,100000,150000,50000,1,-0.415514205743618,0.06608626590535416,-0.3333333333333333,0.10545658031355212
b1.001_float64,1.001,float64,double,0.10944602063569199,100000,150000,50000,2,0.16963276003266944,-0.08068545556828234,0.1111111111111111,0.09967409960847097
b1.001_float64,1.001,float64,double,0.10944602063569199,100000,150000,50000,3,-0.05452115361968587,0.05470703387367414,-0.03703703703703703,0.05743303829618442
b1.001_float64,1.001,float64,double,0.10944602063569199,100000,150000,50000,4,0.013004764399574702,-0.04845443761596253,0.012345679012345677,0.0484589199036345
b1.001_float64,1.001,float64,double,0.10944602063569199,100000,150000,50000,5,-0.00254227519899808,0.04668455661264079,-0.004115226337448558,0.04671104795873044
b1.001_float64,1.001,float64,double,0.10944602063569199,100000,150000,50000,6,-0.005284111080253979,-0.031243918131839504,0.0013717421124828527,0.03194499650887998
b1.001_float64,1.001,float64,double,0.10944602063569199,100000,150000,50000,7,0.008084075068652009,0.022938087507801585,-0.00045724737082761756,0.02447672460789477
b1.001_float64,1.001,float64,double,0.10944602063569199,100000,150000,50000,8,-0.014072704076480884,-0.015821082805268154,0.0001524157902758725,0.02127582422268875
b1.001_float64,1.001,float64,double,0.10944602063569199,150000,200000,50000,1,-0.357313351634089,0.07806050563456834,-0.3333333333333333,0.08166078506620576
b1.001_float64,1.001,float64,double,0.10944602063569199,150000,200000,50000,2,0.1417617207654,-0.006645659277481064,0.1111111111111111,0.031362791001630544
b1.001_float64,1.001,float64,double,0.10944602063569199,150000,200000,50000,3,-0.09324300144348352,-0.0024702998645988357,-0.03703703703703703,0.05626022410442183
b1.001_float64,1.001,float64,double,0.10944602063569199,150000,200000,50000,4,0.06563010911185689,0.02977595567507803,0.012345679012345677,0.06103964308049244
b1.001_float64,1.001,float64,double,0.10944602063569199,150000,200000,50000,5,-0.048493962745670534,-0.04739117340251449,-0.004115226337448558,0.06492607767036018
b1.001_float64,1.001,float64,double,0.10944602063569199,150000,200000,50000,6,0.028592080475375703,0.06516959123537196,0.0013717421124828527,0.07062593321419439
b1.001_float64,1.001,float64,double,0.10944602063569199,150000,200000,50000,7,-0.017960104865632237,-0.062008650701226284,-0.00045724737082761756,0.06443153561936987
b1.001_float64,1.001,float64,double,0.10944602063569199,150000,200000,50000,8,0.018711961003225187,0.053301987810343995,0.0001524157902758725,0.056440753211182165
b1.002_float64,1.002,float64,fixed,1.0,0,200000,200000,1,-0.8604505051684614,0.0008598911723067468,-0.8564577237923224,0.0040843256415047996
b1.002_float64,1.002,float64,fixed,1.0,0,200000,200000,2,0.7407492575151063,-0.002604788060118561,0.733519832643526,0.007684367560961666
b1.002_float64,1.002,float64,fixed,1.0,0,200000,200000,3,-0.6367639057569499,0.004428083091086021,-0.6282287262223997,0.009615467203863068
b1.002_float64,1.002,float64,fixed,1.0,0,200000,200000,4,0.546587068873159,-0.005861822035466726,0.5380513448813865,0.010354686940666233
b1.002_float64,1.002,float64,fixed,1.0,0,200000,200000,5,-0.4678301373261256,0.006687917781664535,-0.46081823012051015,0.00968994772506367
b1.002_float64,1.002,float64,fixed,1.0,0,200000,200000,6,0.40055970808834584,-0.005861811520029428,0.39467133245101876,0.008308658251644296
b1.002_float64,1.002,float64,fixed,1.0,0,200000,200000,7,-0.34205670695805995,0.006086889770606367,-0.3380193110370825,0.007304162710553336
b1.002_float64,1.002,float64,fixed,1.0,0,200000,200000,8,0.29206773985547735,-0.004621599443977186,0.2894992497286687,0.005287373918315573
b1.002_float64,1.002,float64,fixed,1.0,0,50000,50000,1,-0.8483693981465031,0.026239991297823083,-0.8564577237923224,0.027458298473551655
b1.002_float64,1.002,float64,fixed,1.0,0,50000,50000,2,0.7224701159116065,-0.04509559802069766,0.733519832643526,0.046429615556237536
b1.002_float64,1.002,float64,fixed,1.0,0,50000,50000,3,-0.6155636970010968,0.06016547566218287,-0.6282287262223997,0.061484042050219616
b1.002_float64,1.002,float64,fixed,1.0,0,50000,50000,4,0.5250903553684796,-0.07127317758335958,0.5380513448813865,0.07244206714321999
b1.002_float64,1.002,float64,fixed,1.0,0,50000,50000,5,-0.44578085732384787,0.07866831451926469,-0.46081823012051015,0.08009261070740391
b1.002_float64,1.002,float64,fixed,1.0,0,50000,50000,6,0.37984954741952653,-0.07985854198175542,0.39467133245101876,0.08122236169289564
b1.002_float64,1.002,float64,fixed,1.0,0,50000,50000,7,-0.3211714743084977,0.0808289659312293,-0.3380193110370825,0.08256616338394851
b1.002_float64,1.002,float64,fixed,1.0,0,50000,50000,8,0.2727281136192832,-0.07628116141955249,0.2894992497286687,0.07810305111783634
b1.002_float64,1.002,float64,fixed,1.0,50000,100000,50000,1,-0.8846150218003161,-0.028500794788609195,-0.8564577237923224,0.04006405789099975
b1.002_float64,1.002,float64,fixed,1.0,50000,100000,50000,2,0.783858429183381,0.0432832870063943,0.733519832643526,0.06638838178235856
b1.002_float64,1.002,float64,fixed,1.0,50000,100000,50000,3,-0.6955383141062061,-0.04806575527937554,-0.6282287262223997,0.0827097180001521
b1.002_float64,1.002,float64,fixed,1.0,50000,100000,50000,4,0.6163690758101981,0.052286111650275996,0.5380513448813865,0.09416742775154716
b1.002_float64,1.002,float64,fixed,1.0,50000,100000,50000,5,-0.5474596723964814,-0.05283650306387634,-0.46081823012051015,0.10148120799280759
b1.002_float64,1.002,float64,fixed,1.0,50000,100000,50000,6,0.48578281364203574,0.05374966304276606,0.39467133245101876,0.10578434800116665
b1.002_float64,1.002,float64,fixed,1.0,50000,100000,50000,7,-0.4335147973152985,-0.05084712341120036,-0.3380193110370825,0.10818880653148358
b1.002_float64,1.002,float64,fixed,1.0,50000,100000,50000,8,0.38577679585073466,0.04797949148139256,0.2894992497286687,0.1075704303705231
b1.002_float64,1.002,float64,fixed,1.0,100000,150000,50000,1,-0.8546347788306176,-0.0066066027320934965,-0.8564577237923224,0.0068534902052246665
b1.002_float64,1.002,float64,fixed,1.0,100000,150000,50000,2,0.7281241815743155,0.011005089610835803,0.733519832643526,0.01225663280853267
b1.002_float64,1.002,float64,fixed,1.0,100000,150000,50000,3,-0.6162908918102622,-0.015465527635549566,-0.6282287262223997,0.019537001701836466
b1.002_float64,1.002,float64,fixed,1.0,100000,150000,50000,4,0.519762564010985,0.014316894133552369,0.5380513448813865,0.023226126740309314
b1.002_float64,1.002,float64,fixed,1.0,100000,150000,50000,5,-0.43464571829458315,-0.015723395370545165,-0.46081823012051015,0.030532368680742245
b1.002_float64,1.002,float64,fixed,1.0,100000,150000,50000,6,0.3640372435168279,0.014427570631323843,0.39467133245101876,0.03386151501557117
b1.002_float64,1.002,float64,fixed,1.0,100000,150000,50000,7,-0.30264257356616003,-0.015804501934849384,-0.3380193110370825,0.038746559014901275
b1.002_float64,1.002,float64,fixed,1.0,100000,150000,50000,8,0.2520822174494594,0.016893702637431784,0.2894992497286687,0.041054007032022576
b1.002_float64,1.002,float64,fixed,1.0,150000,200000,50000,1,-0.8541828218964816,0.01230697091210699,-0.8564577237923224,0.012515458907572968
b1.002_float64,1.002,float64,fixed,1.0,150000,200000,50000,2,0.7285443033911382,-0.019611930837006148,0.733519832643526,0.020233233120212895
b1.002_float64,1.002,float64,fixed,1.0,150000,200000,50000,3,-0.6196627201103071,0.021078139617086284,-0.6282287262223997,0.022752240118937513
b1.002_float64,1.002,float64,fixed,1.0,150000,200000,50000,4,0.5251262803029974,-0.018777116342335736,0.5380513448813865,0.022795556419818792
b1.002_float64,1.002,float64,fixed,1.0,150000,200000,50000,5,-0.4434343012895615,0.016643255041816345,-0.46081823012051015,0.024066551892334562
b1.002_float64,1.002,float64,fixed,1.0,150000,200000,50000,6,0.37256922777497153,-0.011765937772452585,0.39467133245101876,0.02503877638336537
b1.002_float64,1.002,float64,fixed,1.0,150000,200000,50000,7,-0.31089798264228796,0.010170218497244622,-0.3380193110370825,0.02896549323211992
b1.002_float64,1.002,float64,fixed,1.0,150000,200000,50000,8,0.25768383250242866,-0.007078430475180555,0.2894992497286687,0.03259332679049035
b1.002_float64,1.002,float64,half,0.038660259904667614,0,200000,200000,1,0.3330561916036954,0.007049374727232727,0.33333333333333337,0.007054820450107446
b1.002_float64,1.002,float64,half,0.038660259904667614,0,200000,200000,2,0.09735139326309991,-0.001846534119066509,0.11111111111111113,0.01388306607020781
b1.002_float64,1.002,float64,half,0.038660259904667614,0,200000,200000,3,0.02692804173202816,0.004986311811525582,0.03703703703703705,0.01127187169721388
b1.002_float64,1.002,float64,half,0.038660259904667614,0,200000,200000,4,-0.0023616243815949506,0.009941705363528583,0.012345679012345685,0.017752247143858455
b1.002_float64,1.002,float64,half,0.038660259904667614,0,200000,200000,5,0.008834692903108086,-0.0010795710298646718,0.004115226337448562,0.004841367397017208
b1.002_float64,1.002,float64,half,0.038660259904667614,0,200000,200000,6,-0.005140260321468148,0.0009959556612558062,0.0013717421124828542,0.006587723687205715
b1.002_float64,1.002,float64,half,0.038660259904667614,0,200000,200000,7,0.009384338040411187,-0.014529047509868645,0.0004572473708276181,0.01705245347060024
b1.002_float64,1.002,float64,half,0.038660259904667614,0,200000,200000,8,-0.0049987501133669805,0.006577954384749331,0.00015241579027587272,0.008354878458403547
b1.002_float64,1.002,float64,half,0.038660259904667614,0,50000,50000,1,0.3643829724498393,0.095572680798337,0.33333333333333337,0.10048988707450153
b1.002_float64,1.002,float64,half,0.038660259904667614,0,50000,50000,2,0.10803929307997924,0.04911144540325646,0.11111111111111113,0.04920741951792867
b1.002_float64,1.002,float64,half,0.038660259904667614,0,50000,50000,3,0.05346035285642045,0.048579975476421455,0.03703703703703705,0.051280983997900424
b1.002_float64,1.002,float64,half,0.038660259904667614,0,50000,50000,4,-0.0038469428966726375,-0.0030342918786014387,0.012345679012345685,0.016474463010762046
b1.002_float64,1.002,float64,half,0.038660259904667614,0,50000,50000,5,0.0014823019475929847,0.038238988329911565,0.004115226337448562,0.03832952542541858
b1.002_float64,1.002,float64,half,0.038660259904667614,0,50000,50000,6,0.01787959068380433,-0.03570292548406457,0.0013717421124828542,0.03933456434961938
b1.002_float64,1.002,float64,half,0.038660259904667614,0,50000,50000,7,0.025606435390897367,0.0017250877327758486,0.0004572473708276181,0.02520828407001542
b1.002_float64,1.002,float64,half,0.038660259904667614,0,50000,50000,8,-0.0074073503634648425,-0.008404787678017138,0.00015241579027587272,0.011304446921976873
b1.002_float64,1.002,float64,half,0.038660259904667614,50000,100000,50000,1,0.19306643263529769,-0.07465220826292544,0.33333333333333337,0.15889542356519837
b1.002_float64,1.002,float64,half,0.038660259904667614,50000,100000,50000,2,0.09722223941866194,-0.02797232164683134,0.11111111111111113,0.031230618553001886
b1.002_float64,1.002,float64,half,0.038660259904667614,50000,100000,50000,3,-0.006311718847753324,-0.04497333330647179,0.03703703703703705,0.062463712229214756
b1.002_float64,1.002,float64,half,0.038660259904667614,50000,100000,50000,4,0.0020837208866716296,-0.002627902883965655,0.012345679012345685,0.010593094832986382
b1.002_float64,1.002,float64,half,0.038660259904667614,50000,100000,50000,5,0.0023448163158032564,-0.05714165942240708,0.004115226337448562,0.05716907899547714
b1.002_float64,1.002,float64,half,0.038660259904667614,50000,100000,50000,6,-0.003244812691046266,0.030166768163399867,0.0013717421124828542,0.030517969783036086
b1.002_float64,1.002,float64,half,0.038660259904667614,50000,100000,50000,7,0.004942715433663141,-0.050704593598940084,0.0004572473708276181,0.05090260539281259
b1.002_float64,1.002,float64,half,0.038660259904667614,50000,100000,50000,8,0.010887082909511818,0.03702189543981069,0.00015241579027587272,0.038546774445043785
b1.002_float64,1.002,float64,half,0.038660259904667614,100000,150000,50000,1,0.39451169127038566,-0.00448636605959321,0.33333333333333337,0.06134263574623085
b1.002_float64,1.002,float64,half,0.038660259904667614,100000,150000,50000,2,0.08660229794415351,-0.0480915584297441,0.11111111111111113,0.05397666083646084
b1.002_float64,1.002,float64,half,0.038660259904667614,100000,150000,50000,3,0.028510919883245476,-0.022356212077796384,0.03703703703703705,0.023926865490230594
b1.002_float64,1.002,float64,half,0.038660259904667614,100000,150000,50000,4,0.0010245628291053206,0.047805348218198464,0.012345679012345685,0.04912757870990222
b1.002_float64,1.002,float64,half,0.038660259904667614,100000,150000,50000,5,0.010162746930244587,-0.011626533150558917,0.004115226337448562,0.013105295815865335
b1.002_float64,1.002,float64,half,0.038660259904667614,100000,150000,50000,6,-0.0003185414840497051,0.029819441002106904,0.0013717421124828542,0.029867308554920736
b1.002_float64,1.002,float64,half,0.038660259904667614,100000,150000,50000,7,-0.0016828157188650407,-0.04089163970624033,0.0004572473708276181,0.04094760149133079
b1.002_float64,1.002,float64,half,0.038660259904667614,100000,150000,50000,8,-0.019146450288705066,0.00562263221151229,0.00015241579027587272,0.020101249337301817
b1.002_float64,1.002,float64,half,0.038660259904667614,150000,200000,50000,1,0.38026367005926737,0.011763392433110824,0.33333333333333337,0.048382165172147044
b1.002_float64,1.002,float64,half,0.038660259904667614,150000,200000,50000,2,0.09754174260961038,0.01956629819705239,0.11111111111111113,0.023811085373529207
b1.002_float64,1.002,float64,half,0.038660259904667614,150000,200000,50000,3,0.03205261303619821,0.03869481715394975,0.03703703703703705,0.03901452751473151
b1.002_float64,1.002,float64,half,0.038660259904667614,150000,200000,50000,4,-0.00870783834548403,-0.0023763320015166,0.012345679012345685,0.021187202432550383
b1.002_float64,1.002,float64,half,0.038660259904667614,150000,200000,50000,5,0.021348906418791197,0.026210920123595004,0.004115226337448562,0.031368966557276695
b1.002_float64,1.002,float64,half,0.038660259904667614,150000,200000,50000,6,-0.03487727779458093,-0.020299461036418966,0.0013717421124828542,0.0415458729910902
b1.002_float64,1.002,float64,half,0.038660259904667614,150000,200000,50000,7,0.008671017055949533,0.03175495553292662,0.0004572473708276181,0.03280004898378011
b1.002_float64,1.002,float64,half,0.038660259904667614,150000,200000,50000,8,-0.004328282710810031,-0.007927922434308779,0.00015241579027587272,0.009106514875738683
b1.002_float64,1.002,float64,matched,0.07732051980933523,0,200000,200000,1,-0.0057684571852858225,0.006514200386861879,0.0,0.008701143889091083
b1.002_float64,1.002,float64,matched,0.07732051980933523,0,200000,200000,2,-0.01584061741006307,-0.0008961888312847506,0.0,0.015865948265178256
b1.002_float64,1.002,float64,matched,0.07732051980933523,0,200000,200000,3,0.001823183796473789,0.007212017931142527,0.0,0.007438897888454036
b1.002_float64,1.002,float64,matched,0.07732051980933523,0,200000,200000,4,0.0025701074350260897,-0.010317071169327124,0.0,0.010632375545499572
b1.002_float64,1.002,float64,matched,0.07732051980933523,0,200000,200000,5,0.002916568987568687,-0.003927942238644128,0.0,0.004892351672700163
b1.002_float64,1.002,float64,matched,0.07732051980933523,0,200000,200000,6,-0.005344814565149752,0.00325968730683197,0.0,0.006260399673675667
b1.002_float64,1.002,float64,matched,0.07732051980933523,0,200000,200000,7,0.005031869574580124,-0.002498940220825389,0.0,0.005618221572957408
b1.002_float64,1.002,float64,matched,0.07732051980933523,0,200000,200000,8,-0.005449237341188569,6.320731331002528e-05,0.0,0.005449603909006574
b1.002_float64,1.002,float64,matched,0.07732051980933523,0,50000,50000,1,0.02783903638888595,0.10449164180359906,0.0,0.1081365578972873
b1.002_float64,1.002,float64,matched,0.07732051980933523,0,50000,50000,2,-0.015640225079553642,-0.003347677374685998,0.0,0.015994486060642375
b1.002_float64,1.002,float64,matched,0.07732051980933523,0,50000,50000,3,0.0126546925086208,0.008949382756741333,0.0,0.015499441738798289
b1.002_float64,1.002,float64,matched,0.07732051980933523,0,50000,50000,4,-0.0005750109598348136,-0.021029348150994963,0.0,0.021037208019594363
b1.002_float64,1.002,float64,matched,0.07732051980933523,0,50000,50000,5,0.026264423920630126,0.004466780164743365,0.0,0.026641548170530795
b1.002_float64,1.002,float64,matched,0.07732051980933523,0,50000,50000,6,-0.028014072388425397,-0.008439965474463847,0.0,0.02925784115402365
b1.002_float64,1.002,float64,matched,0.07732051980933523,0,50000,50000,7,0.010419923759714522,0.018862798027104232,0.0,0.02154947703703249
b1.002_float64,1.002,float64,matched,0.07732051980933523,0,50000,50000,8,0.005019475668145928,-0.03195852867007458,0.0,0.03235031206555956
b1.002_float64,1.002,float64,matched,0.07732051980933523,50000,100000,50000,1,-0.1334432420955064,-0.07974328135717991,0.0,0.15545446208639457
b1.002_float64,1.002,float64,matched,0.07732051980933523,50000,100000,50000,2,0.05217383691415219,0.0006301528778291025,0.0,0.05217764225215611
b1.002_float64,1.002,float64,matched,0.07732051980933523,50000,100000,50000,3,-0.046280643150896354,-0.03186558713630469,0.0,0.05618997752270449
b1.002_float64,1.002,float64,matched,0.07732051980933523,50000,100000,50000,4,0.03977380415665234,0.006226100589434792,0.0,0.04025816470781418
b1.002_float64,1.002,float64,matched,0.07732051980933523,50000,100000,50000,5,-0.022355455580625072,-0.013701010276173056,0.0,0.026219917559082834
b1.002_float64,1.002,float64,matched,0.07732051980933523,50000,100000,50000,6,0.013137531139542967,0.009297635021368976,0.0,0.016094742664393487
b1.002_float64,1.002,float64,matched,0.07732051980933523,50000,100000,50000,7,-0.013959984164999566,-0.02232408432480329,0.0,0.026329563209973053
b1.002_float64,1.002,float64,matched,0.07732051980933523,50000,100000,50000,8,0.005374653539586778,0.028565484041238307,0.0,0.02906671256232519
b1.002_float64,1.002,float64,matched,0.07732051980933523,100000,150000,50000,1,0.0459524791484828,-0.018940183944019428,0.0,0.04970272535510541
b1.002_float64,1.002,float64,matched,0.07732051980933523,100000,150000,50000,2,-0.05706393230802298,-0.025275755878908575,0.0,0.06241118654299732
b1.002_float64,1.002,float64,matched,0.07732051980933523,100000,150000,50000,3,0.028488249012012024,0.04626475092639414,0.0,0.05433237994098631
b1.002_float64,1.002,float64,matched,0.07732051980933523,100000,150000,50000,4,-0.017503892956677473,-0.021425006761754836,0.0,0.02766617399244181
b1.002_float64,1.002,float64,matched,0.07732051980933523,100000,150000,50000,5,-0.0025259146006995537,-0.02736850157065871,0.0,0.02748481622265602
b1.002_float64,1.002,float64,matched,0.07732051980933523,100000,150000,50000,6,-0.01081513498034107,0.02168757534708004,0.0,0.02423464604813264
b1.002_float64,1.002,float64,matched,0.07732051980933523,100000,150000,50000,7,0.01667593014364645,-0.015559468022931247,0.0,0.022807535844812266
b1.002_float64,1.002,float64,matched,0.07732051980933523,100000,150000,50000,8,-0.005419355366807751,0.026147154476308034,0.0,0.02670286688353262
b1.002_float64,1.002,float64,matched,0.07732051980933523,150000,200000,50000,1,0.03657789781699758,0.02024862504504843,0.0,0.04180848508288334
b1.002_float64,1.002,float64,matched,0.07732051980933523,150000,200000,50000,2,-0.04283214916682863,0.024408525050625733,0.0,0.049298773792017206
b1.002_float64,1.002,float64,matched,0.07732051980933523,150000,200000,50000,3,0.012430436816159084,0.005499525177738704,0.0,0.01359266480941486
b1.002_float64,1.002,float64,matched,0.07732051980933523,150000,200000,50000,4,-0.011414470500035516,-0.0050400303539924664,0.0,0.01247766175071862
b1.002_float64,1.002,float64,matched,0.07732051980933523,150000,200000,50000,5,0.010283222210969216,0.020890962727510974,0.0,0.023284694172834297
b1.002_float64,1.002,float64,matched,0.07732051980933523,150000,200000,50000,6,0.0043124179686242535,-0.009506495666657499,0.0,0.010438889241499362
b1.002_float64,1.002,float64,matched,0.07732051980933523,150000,200000,50000,7,0.006991608559959083,0.009024993437328507,0.0,0.011416352166936502
b1.002_float64,1.002,float64,matched,0.07732051980933523,150000,200000,50000,8,-0.02677172320567971,-0.022501280594230955,0.0,0.03497188573385548
b1.002_float64,1.002,float64,double,0.15464103961867046,0,200000,200000,1,-0.3428723922774033,0.00586325233701145,-0.33333333333333337,0.011196935898088844
b1.002_float64,1.002,float64,double,0.15464103961867046,0,200000,200000,2,0.10674877458012083,-0.0038851634783490145,0.11111111111111113,0.005841615809269685
b1.002_float64,1.002,float64,double,0.15464103961867046,0,200000,200000,3,-0.02592850371646645,-0.0015673692021037967,-0.03703703703703705,0.011218563132145344
b1.002_float64,1.002,float64,double,0.15464103961867046,0,200000,200000,4,0.004010134818255179,-0.004783367685643451,0.012345679012345685,0.009610510050340405
b1.002_float64,1.002,float64,double,0.15464103961867046,0,200000,200000,5,0.0003262654799539791,0.009430002840505217,-0.004115226337448562,0.010423617564741628
b1.002_float64,1.002,float64,double,0.15464103961867046,0,200000,200000,6,0.0024572956086482876,-0.009480330418553522,0.0013717421124828542,0.009542279142740908
b1.002_float64,1.002,float64,double,0.15464103961867046,0,200000,200000,7,9.523651754883752e-05,0.007602977985495772,-0.0004572473708276181,0.007623025166877577
b1.002_float64,1.002,float64,double,0.15464103961867046,0,200000,200000,8,-0.001682055782237324,-0.003258679322214245,0.00015241579027587272,0.0037395557056133996
b1.002_float64,1.002,float64,double,0.15464103961867046,0,50000,50000,1,-0.311790566094377,0.09211360644826262,-0.33333333333333337,0.09459919298396399
b1.002_float64,1.002,float64,double,0.15464103961867046,0,50000,50000,2,0.09284913372890748,-0.06455147382512953,0.11111111111111113,0.06708496546100699
b1.002_float64,1.002,float64,double,0.15464103961867046,0,50000,50000,3,-0.010854955334875706,0.02659489927629323,-0.03703703703703705,0.037320102756756096
b1.002_float64,1.002,float64,double,0.15464103961867046,0,50000,50000,4,-0.005583990773759837,-0.016987439067983966,0.012345679012345685,0.02469911222548805
b1.002_float64,1.002,float64,double,0.15464103961867046,0,50000,50000,5,0.003376796895742815,0.019709718810509574,-0.004115226337448562,0.02108562135001087
b1.002_float64,1.002,float64,double,0.15464103961867046,0,50000,50000,6,0.0011682193997705394,-0.015883112090377606,0.0013717421124828542,0.015884415984545642
b1.002_float64,1.002,float64,double,0.15464103961867046,0,50000,50000,7,0.005836623658045262,0.01673289077994742,-0.0004572473708276181,0.017877428405163164
b1.002_float64,1.002,float64,double,0.15464103961867046,0,50000,50000,8,-0.016956253001010762,-0.010857875473647947,0.00015241579027587272,0.020263267446569196
b1.002_float64,1.002,float64,double,0.15464103961867046,50000,100000,50000,1,-0.43996336955082005,-0.07377419803039427,-0.33333333333333337,0.12966339853162245
b1.002_float64,1.002,float64,double,0.15464103961867046,50000,100000,50000,2,0.20732964306244267,0.03308712531402963,0.11111111111111113,0.1017485319423121
b1.002_float64,1.002,float64,double,0.15464103961867046,50000,100000,50000,3,-0.11064860722519324,-0.03238691790612682,-0.03703703703703705,0.08042123921591884
b1.002_float64,1.002,float64,double,0.15464103961867046,50000,100000,50000,4,0.07339610778321637,0.024674979527992517,0.012345679012345685,0.06584838242367086
b1.002_float64,1.002,float64,double,0.15464103961867046,50000,100000,50000,5,-0.059354584223218494,-0.023706070567111326,-0.004115226337448562,0.06011126717484032
b1.002_float64,1.002,float64,double,0.15464103961867046,50000,100000,50000,6,0.05494266357059409,0.01776750705376872,0.0013717421124828542,0.05644048133013081
b1.002_float64,1.002,float64,double,0.15464103961867046,50000,100000,50000,7,-0.04287268334909994,-0.015933532603659564,-0.0004572473708276181,0.045309454537202275
b1.002_float64,1.002,float64,double,0.15464103961867046,50000,100000,50000,8,0.03097995332497708,0.01288313000186072,0.00015241579027587272,0.0334112572211561
b1.002_float64,1.002,float64,double,0.15464103961867046,100000,150000,50000,1,-0.30720651674018634,-0.020692055029558357,-0.33333333333333337,0.0333282415773502
b1.002_float64,1.002,float64,double,0.15464103961867046,100000,150000,50000,2,0.05845872502407545,0.01026173360255254,0.11111111111111113,0.053643051154721094
b1.002_float64,1.002,float64,double,0.15464103961867046,100000,150000,50000,3,0.012441040002543119,0.00613878392788917,-0.03703703703703705,0.049857444535875886
b1.002_float64,1.002,float64,double,0.15464103961867046,100000,150000,50000,4,-0.03669736293966977,-0.03484275818611665,0.012345679012345685,0.06016010107973013
b1.002_float64,1.002,float64,double,0.15464103961867046,100000,150000,50000,5,0.041129240394503906,0.05321998162706046,-0.004115226337448562,0.06985290412175722
b1.002_float64,1.002,float64,double,0.15464103961867046,100000,150000,50000,6,-0.027126076719769677,-0.03730911224383923,0.0013717421124828542,0.046947795844099874
b1.002_float64,1.002,float64,double,0.15464103961867046,100000,150000,50000,7,0.017411895180784415,0.016826348558129055,-0.0004572473708276181,0.024544495540334162
b1.002_float64,1.002,float64,double,0.15464103961867046,100000,150000,50000,8,-0.006666800887528938,-0.0020298703433575867,0.00015241579027587272,0.00711492021808354
b1.002_float64,1.002,float64,double,0.15464103961867046,150000,200000,50000,1,-0.3125291167242127,0.025805655959735142,-0.33333333333333337,0.033147357484895036
b1.002_float64,1.002,float64,double,0.15464103961867046,150000,200000,50000,2,0.0683575965050506,0.005661960995151115,0.11111111111111113,0.04312679924920517
b1.002_float64,1.002,float64,double,0.15464103961867046,150000,200000,50000,3,0.0053485076916615455,-0.0066162421064707684,-0.03703703703703705,0.04289882354517366
b1.002_float64,1.002,float64,double,0.15464103961867046,150000,200000,50000,4,-0.015074214796766353,0.008021746983534164,0.012345679012345685,0.02856919671903325
b1.002_float64,1.002,float64,double,0.15464103961867046,150000,200000,50000,5,0.016153608852788225,-0.011503618508437419,-0.004115226337448562,0.023305770074310894
b1.002_float64,1.002,float64,double,0.15464103961867046,150000,200000,50000,6,-0.019155623816001995,-0.0024966043937663194,0.0013717421124828542,0.020678631131215965
b1.002_float64,1.002,float64,double,0.15464103961867046,150000,200000,50000,7,0.02000511058046649,0.012786205207566638,-0.0004572473708276181,0.02412872015952967
b1.002_float64,1.002,float64,double,0.15464103961867046,150000,200000,50000,8,-0.014085122565386516,-0.013030101473712108,0.00015241579027587272,0.019300027016670003
b1.005_float64,1.005,float64,fixed,1.0,0,200000,200000,1,-0.7817895624503577,0.004040561844786541,-0.7826485861717268,0.004130866952035578
b1.005_float64,1.005,float64,fixed,1.0,0,200000,200000,2,0.6108035300353026,-0.006471073824437366,0.6125388094366029,0.006699700817342174
b1.005_float64,1.005,float64,fixed,1.0,0,200000,200000,3,-0.4776176459214718,0.008784290325760117,-0.47940263318087006,0.00896381258413276
b1.005_float64,1.005,float64,fixed,1.0,0,200000,200000,4,0.3732707948672581,-0.012535465428561526,0.3752037930660109,0.012683626277490314
b1.005_float64,1.005,float64,fixed,1.0,0,200000,200000,5,-0.29203530381191906,0.015996355415034073,-0.29365271816938265,0.01607791702204671
b1.005_float64,1.005,float64,fixed,1.0,0,200000,200000,6,0.2269947296856481,-0.02049324801587026,0.22982688470075188,0.020688023498380597
b1.005_float64,1.005,float64,fixed,1.0,0,200000,200000,7,-0.17674576101982772,0.024844751746206983,-0.17987368637529594,0.025040878705828915
b1.005_float64,1.005,float64,fixed,1.0,0,200000,200000,8,0.13675161213434342,-0.028628028528145118,0.14077788633112195,0.02890977172715024
b1.005_float64,1.005,float64,fixed,1.0,0,50000,50000,1,-0.7848405051226975,0.005812533002431692,-0.7826485861717268,0.0062120889072824845
b1.005_float64,1.005,float64,fixed,1.0,0,50000,50000,2,0.6189591832456817,-0.008471405578522792,0.6125388094366029,0.01062948316354713
b1.005_float64,1.005,float64,fixed,1.0,0,50000,50000,3,-0.4908905028966279,0.005490221165037917,-0.47940263318087006,0.012732387012938938
b1.005_float64,1.005,float64,fixed,1.0,0,50000,50000,4,0.3904416489368379,-0.0051986920502131405,0.3752037930660109,0.01610026864909545
b1.005_float64,1.005,float64,fixed,1.0,0,50000,50000,5,-0.312019248285874,0.0026037986896742084,-0.29365271816938265,0.018550180487971902
b1.005_float64,1.005,float64,fixed,1.0,0,50000,50000,6,0.25046239754447985,-0.004263000965623144,0.22982688470075188,0.021071249786298058
b1.005_float64,1.005,float64,fixed,1.0,0,50000,50000,7,-0.20351721461817562,0.004402714515148796,-0.17987368637529594,0.024049954737457434
b1.005_float64,1.005,float64,fixed,1.0,0,50000,50000,8,0.16809375469226895,-0.00472852382237755,0.14077788633112195,0.027722113950099537
b1.005_float64,1.005,float64,fixed,1.0,50000,100000,50000,1,-0.7655103226735225,-0.001438011782979608,-0.7826485861717268,0.017198486957342263
b1.005_float64,1.005,float64,fixed,1.0,50000,100000,50000,2,0.5745456188576196,0.0013464185544826237,0.6125388094366029,0.03801704056465734
b1.005_float64,1.005,float64,fixed,1.0,50000,100000,50000,3,-0.4287038989951389,0.000981157758465103,-0.47940263318087006,0.050708227326366116
b1.005_float64,1.005,float64,fixed,1.0,50000,100000,50000,4,0.31274856842192233,-0.006465352047497625,0.3752037930660109,0.06278897882942239
b1.005_float64,1.005,float64,fixed,1.0,50000,100000,50000,5,-0.2315299840919072,0.012928253311145716,-0.29365271816938265,0.06345371402004678
b1.005_float64,1.005,float64,fixed,1.0,50000,100000,50000,6,0.16361695718104827,-0.02077977001158193,0.22982688470075188,0.06939418811326094
b1.005_float64,1.005,float64,fixed,1.0,50000,100000,50000,7,-0.11507278631790875,0.029290999562314544,-0.17987368637529594,0.07111342562137613
b1.005_float64,1.005,float64,fixed,1.0,50000,100000,50000,8,0.0792678956469745,-0.03524274268323927,0.14077788633112195,0.07089097168046804
b1.005_float64,1.005,float64,fixed,1.0,100000,150000,50000,1,-0.7776186379946043,-0.001008757034663974,-0.7826485861717268,0.005130104230863392
b1.005_float64,1.005,float64,fixed,1.0,100000,150000,50000,2,0.6059454887487075,0.005285367857290956,0.6125388094366029,0.008450265740218715
b1.005_float64,1.005,float64,fixed,1.0,100000,150000,50000,3,-0.47058103710935595,-0.0057803110933009275,-0.47940263318087006,0.010546684483016025
b1.005_float64,1.005,float64,fixed,1.0,100000,150000,50000,4,0.3645366818837349,0.006335896322266282,0.3752037930660109,0.01240688692547594
b1.005_float64,1.005,float64,fixed,1.0,100000,150000,50000,5,-0.2795618368505566,-0.004064317091101388,-0.29365271816938265,0.014665319967810472
b1.005_float64,1.005,float64,fixed,1.0,100000,150000,50000,6,0.21160204886730696,0.002320437686022956,0.22982688470075188,0.01837196429919059
b1.005_float64,1.005,float64,fixed,1.0,100000,150000,50000,7,-0.1591273228704008,0.0025440895251079053,-0.17987368637529594,0.02090177002526362
b1.005_float64,1.005,float64,fixed,1.0,100000,150000,50000,8,0.11529760921784958,-0.0071824989138572545,0.14077788633112195,0.026473247107536933
b1.005_float64,1.005,float64,fixed,1.0,150000,200000,50000,1,-0.799188784010543,0.012796483194358296,-0.7826485861717268,0.02091239170182777
b1.005_float64,1.005,float64,fixed,1.0,150000,200000,50000,2,0.6437638292891953,-0.024044676130999757,0.6125388094366029,0.03941000272823461
b1.005_float64,1.005,float64,fixed,1.0,150000,200000,50000,3,-0.5202951446847565,0.03444609347283869,-0.47940263318087006,0.05346710065671246
b1.005_float64,1.005,float64,fixed,1.0,150000,200000,50000,4,0.42535628022656163,-0.04481371393880168,0.3752037930660109,0.06725727414471948
b1.005_float64,1.005,float64,fixed,1.0,150000,200000,50000,5,-0.34503014601933263,0.052517686750417604,-0.29365271816938265,0.073469364459561
b1.005_float64,1.005,float64,fixed,1.0,150000,200000,50000,6,0.2822975151497359,-0.05925065877229846,0.22982688470075188,0.07914422041226507
b1.005_float64,1.005,float64,fixed,1.0,150000,200000,50000,7,-0.22926572027283224,0.0631412033822575,-0.17987368637529594,0.08016473399877891
b1.005_float64,1.005,float64,fixed,1.0,150000,200000,50000,8,0.18434718898027555,-0.06735834869310597,0.14077788633112195,0.08022113980738241
b1.005_float64,1.005,float64,half,0.06096305674441412,0,200000,200000,1,0.33620392564178886,0.03859471472588174,0.33333333333333337,0.03870132174711294
b1.005_float64,1.005,float64,half,0.06096305674441412,0,200000,200000,2,0.11304830770523133,-0.032223711055028484,0.11111111111111113,0.03228188787543622
b1.005_float64,1.005,float64,half,0.06096305674441412,0,200000,200000,3,0.03888222248189784,0.013690960640444413,0.03703703703703705,0.013814742581174802
b1.005_float64,1.005,float64,half,0.06096305674441412,0,200000,200000,4,0.006826689813366952,-0.026750677888636786,0.012345679012345685,0.027314062482172895
b1.005_float64,1.005,float64,half,0.06096305674441412,0,200000,200000,5,0.006713294194514961,0.02287147130419115,0.004115226337448562,0.02301856112376186
b1.005_float64,1.005,float64,half,0.06096305674441412,0,200000,200000,6,-0.0014502222216852682,-0.009402156171924175,0.0013717421124828542,0.009816517884900369
b1.005_float64,1.005,float64,half,0.06096305674441412,0,200000,200000,7,0.0032418187476972067,0.018886388989984636,0.0004572473708276181,0.019090561197458136
b1.005_float64,1.005,float64,half,0.06096305674441412,0,200000,200000,8,0.0020196821641746405,-0.011485995860558327,0.00015241579027587272,0.011636785837156929
b1.005_float64,1.005,float64,half,0.06096305674441412,0,50000,50000,1,0.2958107562418234,0.011712902946597407,0.33333333333333337,0.03930821653324809
b1.005_float64,1.005,float64,half,0.06096305674441412,0,50000,50000,2,0.13464843340074437,0.003970094429901586,0.11111111111111113,0.02386979661305058
b1.005_float64,1.005,float64,half,0.06096305674441412,0,50000,50000,3,0.04191386729645771,-0.001987464306554684,0.03703703703703705,0.005266259369707298
b1.005_float64,1.005,float64,half,0.06096305674441412,0,50000,50000,4,0.014317087238580006,-0.012937397128350948,0.012345679012345685,0.013086737364642408
b1.005_float64,1.005,float64,half,0.06096305674441412,0,50000,50000,5,0.006323315095046772,0.03361964329599303,0.004115226337448562,0.03369207727806703
b1.005_float64,1.005,float64,half,0.06096305674441412,0,50000,50000,6,-0.003943319034540923,0.002317299711327472,0.0013717421124828542,0.005798254301832587
b1.005_float64,1.005,float64,half,0.06096305674441412,0,50000,50000,7,0.000614420421222138,0.014635058869137574,0.0004572473708276181,0.014635902823908496
b1.005_float64,1.005,float64,half,0.06096305674441412,0,50000,50000,8,-0.002949952576374311,-0.009482598005198836,0.00015241579027587272,0.00997719170962414
b1.005_float64,1.005,float64,half,0.06096305674441412,50000,100000,50000,1,0.41930181482291196,0.043342024399449015,0.33333333333333337,0.09627622182380471
b1.005_float64,1.005,float64,half,0.06096305674441412,50000,100000,50000,2,0.1211898968054361,-0.05837725052407411,0.11111111111111113,0.05924090900570855
b1.005_float64,1.005,float64,half,0.06096305674441412,50000,100000,50000,3,0.05459024303354159,0.010071480455001742,0.03703703703703705,0.020237335776015702
b1.005_float64,1.005,float64,half,0.06096305674441412,50000,100000,50000,4,-0.006498575302598426,-0.027326033957795638,0.012345679012345685,0.033193644761443264
b1.005_float64,1.005,float64,half,0.06096305674441412,50000,100000,50000,5,0.009471337691296282,0.006851095737631171,0.004115226337448562,0.008696288957998375
b1.005_float64,1.005,float64,half,0.06096305674441412,50000,100000,50000,6,-0.016895790455301266,-0.00022310164948782942,0.0013717421124828542,0.018268894888883065
b1.005_float64,1.005,float64,half,0.06096305674441412,50000,100000,50000,7,0.006610419324525737,0.011371794614408223,0.0004572473708276181,0.012929781043933459
b1.005_float64,1.005,float64,half,0.06096305674441412,50000,100000,50000,8,-0.012769545728148955,0.0041798420434266655,0.00015241579027587272,0.013581169647407004
b1.005_float64,1.005,float64,half,0.06096305674441412,100000,150000,50000,1,0.36352188422056864,0.009454219144887883,0.33333333333333337,0.031634330470404426
b1.005_float64,1.005,float64,half,0.06096305674441412,100000,150000,50000,2,0.09633492831596673,-0.029280282827696243,0.11111111111111113,0.032797416673655946
b1.005_float64,1.005,float64,half,0.06096305674441412,100000,150000,50000,3,0.03630828233527851,0.0019445050009315272,0.03703703703703705,0.002076579667140872
b1.005_float64,1.005,float64,half,0.06096305674441412,100000,150000,50000,4,0.004580434679713405,-0.015417997689656503,0.012345679012345685,0.01726307250473481
b1.005_float64,1.005,float64,half,0.06096305674441412,100000,150000,50000,5,0.012520471802359623,0.022865727356256332,0.004115226337448562,0.02436164277827046
b1.005_float64,1.005,float64,half,0.06096305674441412,100000,150000,50000,6,0.0017572089766477955,-0.0006998135981759543,0.0013717421124828542,0.0007989516728570817
b1.005_float64,1.005,float64,half,0.06096305674441412,100000,150000,50000,7,0.008434929023661334,0.013871115287665447,0.0004572473708276181,0.0160016012910479
b1.005_float64,1.005,float64,half,0.06096305674441412,100000,150000,50000,8,-0.004998214501006175,-0.01321861685094789,0.00015241579027587272,0.014186642444554514
b1.005_float64,1.005,float64,half,0.06096305674441412,150000,200000,50000,1,0.26618124728185016,0.08986971241259262,0.33333333333333337,0.11218720011742832
b1.005_float64,1.005,float64,half,0.06096305674441412,150000,200000,50000,2,0.10001997229877871,-0.045207405298245004,0.11111111111111113,0.0465480703569355
b1.005_float64,1.005,float64,half,0.06096305674441412,150000,200000,50000,3,0.02271649726231064,0.04473532141239893,0.03703703703703705,0.046971553533071045
b1.005_float64,1.005,float64,half,0.06096305674441412,150000,200000,50000,4,0.014907812637773146,-0.051321282778741886,0.012345679012345685,0.05138519820697527
b1.005_float64,1.005,float64,half,0.06096305674441412,150000,200000,50000,5,-0.001461947810642873,0.02814941882688471,0.004115226337448562,0.028696596518916852
b1.005_float64,1.005,float64,half,0.06096305674441412,150000,200000,50000,6,0.013281011626453787,-0.03900300915136038,0.0013717421124828542,0.040780699150670514
b1.005_float64,1.005,float64,half,0.06096305674441412,150000,200000,50000,7,-0.002692493778621198,0.03566758718872821,0.0004572473708276181,0.03580639112189414
b1.005_float64,1.005,float64,half,0.06096305674441412,150000,200000,50000,8,0.028796441462227842,-0.02742261062951305,0.00015241579027587272,0.039654505171964075
b1.005_float64,1.005,float64,matched,0.12192611348882824,0,200000,200000,1,0.003148484248434164,0.02546656932013254,0.0,0.025660458023966642
b1.005_float64,1.005,float64,matched,0.12192611348882824,0,200000,200000,2,-0.0008151772626642331,-0.039741995097567075,0.0,0.03975035456828794
b1.005_float64,1.005,float64,matched,0.12192611348882824,0,200000,200000,3,-0.0018538960301363316,0.032376656752251036,0.0,0.03242969060820096
b1.005_float64,1.005,float64,matched,0.12192611348882824,0,200000,200000,4,0.0011447739171832876,-0.017592699693604903,0.0,0.01762990612087396
b1.005_float64,1.005,float64,matched,0.12192611348882824,0,200000,200000,5,0.0032941310503967745,0.024151974373286974,0.0,0.024375585439227892
b1.005_float64,1.005,float64,matched,0.12192611348882824,0,200000,200000,6,-0.0025503895522797295,-0.026523278252649968,0.0,0.02664561457605871
b1.005_float64,1.005,float64,matched,0.12192611348882824,0,200000,200000,7,0.0027070723096502248,0.025111979087222947,0.0,0.025257468878864278
b1.005_float64,1.005,float64,matched,0.12192611348882824,0,200000,200000,8,-0.004545306893686699,-0.021907408445974177,0.0,0.022373966111901945
b1.005_float64,1.005,float64,matched,0.12192611348882824,0,50000,50000,1,-0.02582850849235068,0.011357306035349603,0.0,0.028215248560309013
b1.005_float64,1.005,float64,matched,0.12192611348882824,0,50000,50000,2,0.03889678181831956,-0.004622045409741305,0.0,0.03917043450858908
b1.005_float64,1.005,float64,matched,0.12192611348882824,0,50000,50000,3,-0.025854538559240633,0.008050442988967153,0.0,0.02707889946858755
b1.005_float64,1.005,float64,matched,0.12192611348882824,0,50000,50000,4,0.011834889035024025,0.01636984091336975,0.0,0.020199908168117155
b1.005_float64,1.005,float64,matched,0.12192611348882824,0,50000,50000,5,-0.006199653418330862,-0.00843482837587374,0.0,0.010468143686340305
b1.005_float64,1.005,float64,matched,0.12192611348882824,0,50000,50000,6,0.008509656598276316,-0.014686814878353988,0.0,0.01697400326062263
b1.005_float64,1.005,float64,matched,0.12192611348882824,0,50000,50000,7,0.002059685012233772,0.01746884353867577,0.0,0.01758984925826127
b1.005_float64,1.005,float64,matched,0.12192611348882824,0,50000,50000,8,-0.0021525029793617342,-0.015062573749827658,0.0,0.01521559716360677
b1.005_float64,1.005,float64,matched,0.12192611348882824,50000,100000,50000,1,0.08050924446872712,0.021414952710596173,0.0,0.0833086948914838
b1.005_float64,1.005,float64,matched,0.12192611348882824,50000,100000,50000,2,-0.04168982777358358,-0.06123538039497714,0.0,0.07407977829278792
b1.005_float64,1.005,float64,matched,0.12192611348882824,50000,100000,50000,3,0.011504110641173905,0.04698739885171991,0.0,0.048375202454304836
b1.005_float64,1.005,float64,matched,0.12192611348882824,50000,100000,50000,4,-0.021341993838239558,-0.029459981663869456,0.0,0.03637816956124895
b1.005_float64,1.005,float64,matched,0.12192611348882824,50000,100000,50000,5,0.011000530206811932,0.037544059656699574,0.0,0.039122475386110196
b1.005_float64,1.005,float64,matched,0.12192611348882824,50000,100000,50000,6,-0.019202564247385447,-0.029550431430668874,0.0,0.035241544679733165
b1.005_float64,1.005,float64,matched,0.12192611348882824,50000,100000,50000,7,0.012250263879992786,0.01922711162900938,0.0,0.02279804348455901
b1.005_float64,1.005,float64,matched,0.12192611348882824,50000,100000,50000,8,-0.012055677984015677,-0.015393872870884517,0.0,0.019552766904436688
b1.005_float64,1.005,float64,matched,0.12192611348882824,100000,150000,50000,1,0.022231150201036578,-0.0003258866813352173,0.0,0.02223353866099862
b1.005_float64,1.005,float64,matched,0.12192611348882824,100000,150000,50000,2,-0.02777641553666748,-0.02310623870823501,0.0,0.03613070062021439
b1.005_float64,1.005,float64,matched,0.12192611348882824,100000,150000,50000,3,0.019438484132245165,0.02561178272418641,0.0,0.03215304153063098
b1.005_float64,1.005,float64,matched,0.12192611348882824,100000,150000,50000,4,-0.004453912104903184,-0.005108553921957301,0.0,0.0067775110631963145
b1.005_float64,1.005,float64,matched,0.12192611348882824,100000,150000,50000,5,0.008779901167427651,0.010228975978352015,0.0,0.013480304672947864
b1.005_float64,1.005,float64,matched,0.12192611348882824,100000,150000,50000,6,-0.0053072848982212446,-0.014625508812144684,0.0,0.015558688280347064
b1.005_float64,1.005,float64,matched,0.12192611348882824,100000,150000,50000,7,0.009590910819713649,0.020213650913992257,0.0,0.022373583835059604
b1.005_float64,1.005,float64,matched,0.12192611348882824,100000,150000,50000,8,-0.007142044756496592,-0.018071346798382373,0.0,0.01943147905876455
b1.005_float64,1.005,float64,matched,0.12192611348882824,150000,200000,50000,1,-0.0643179491836745,0.06941990521592077,0.0,0.0946357322969562
b1.005_float64,1.005,float64,matched,0.12192611348882824,150000,200000,50000,2,0.027308752441274932,-0.07000431587731495,0.0,0.07514234625928133
b1.005_float64,1.005,float64,matched,0.12192611348882824,150000,200000,50000,3,-0.012503640334723445,0.048857002444130763,0.0,0.05043161418640021
b1.005_float64,1.005,float64,matched,0.12192611348882824,150000,200000,50000,4,0.018540112576852223,-0.05217210410196268,0.0,0.05536844065700591
b1.005_float64,1.005,float64,matched,0.12192611348882824,150000,200000,50000,5,-0.00040425375432197053,0.05726969023397141,0.0,0.057271116983981754
b1.005_float64,1.005,float64,matched,0.12192611348882824,150000,200000,50000,6,0.005798634338211304,-0.047230357889432785,0.0,0.04758498572609
b1.005_float64,1.005,float64,matched,0.12192611348882824,150000,200000,50000,7,-0.013072570473339096,0.04353831026721397,0.0,0.045458514710718455
b1.005_float64,1.005,float64,matched,0.12192611348882824,150000,200000,50000,8,0.0031689981451274874,-0.03910184036480383,0.0,0.039230045490139615
b1.005_float64,1.005,float64,double,0.2438522269776565,0,200000,200000,1,-0.33089327570991295,0.013671832683513498,-0.33333333333333337,0.013887868451695531
b1.005_float64,1.005,float64,double,0.2438522269776565,0,200000,200000,2,0.10844615330512328,-0.026195342021580192,0.11111111111111113,0.02633055152736571
b1.005_float64,1.005,float64,double,0.2438522269776565,0,200000,200000,3,-0.03471939226671861,0.038745245932392466,-0.03703703703703705,0.03881450192444777
b1.005_float64,1.005,float64,double,0.2438522269776565,0,200000,200000,4,0.012408896726966817,-0.037882070132596354,0.012345679012345685,0.03788212288151749
b1.005_float64,1.005,float64,double,0.2438522269776565,0,200000,200000,5,-0.007260614270970815,0.03121428901527521,-0.004115226337448562,0.03137236529147074
b1.005_float64,1.005,float64,double,0.2438522269776565,0,200000,200000,6,0.0022394270673330597,-0.025652162119828046,0.0013717421124828542,0.025666832656228045
b1.005_float64,1.005,float64,double,0.2438522269776565,0,200000,200000,7,1.2096994585343656e-05,0.02273984205737018,-0.0004572473708276181,0.02274468511383454
b1.005_float64,1.005,float64,double,0.2438522269776565,0,200000,200000,8,0.00032937883630504823,-0.022720909183313535,0.00015241579027587272,0.02272159831605253
b1.005_float64,1.005,float64,double,0.2438522269776565,0,50000,50000,1,-0.34696642396574895,0.009930355486832904,-0.33333333333333337,0.016866330966945058
b1.005_float64,1.005,float64,double,0.2438522269776565,0,50000,50000,2,0.1401399110514627,-0.0031660181536274984,0.11111111111111113,0.02920094000072693
b1.005_float64,1.005,float64,double,0.2438522269776565,0,50000,50000,3,-0.07196299292831822,0.010869016611377185,-0.03703703703703705,0.03657810707264813
b1.005_float64,1.005,float64,double,0.2438522269776565,0,50000,50000,4,0.04984660665995709,-0.015498982823761954,0.012345679012345685,0.04057755590227994
b1.005_float64,1.005,float64,double,0.2438522269776565,0,50000,50000,5,-0.03377231484938572,0.005179570806741196,-0.004115226337448562,0.030105993634937888
b1.005_float64,1.005,float64,double,0.2438522269776565,0,50000,50000,6,0.02072136040315787,0.006552466441215778,0.0013717421124828542,0.02042896337208729
b1.005_float64,1.005,float64,double,0.2438522269776565,0,50000,50000,7,-0.017322927526944996,-0.01595692117728114,-0.0004572473708276181,0.023217977960761676
b1.005_float64,1.005,float64,double,0.2438522269776565,0,50000,50000,8,0.01454766482511706,0.0113518614657881,0.00015241579027587272,0.018332701751611544
b1.005_float64,1.005,float64,double,0.2438522269776565,50000,100000,50000,1,-0.2736269739691243,0.004885023166713349,-0.33333333333333337,0.059905866155723055
b1.005_float64,1.005,float64,double,0.2438522269776565,50000,100000,50000,2,0.03932489079886332,-0.03140823684316362,0.11111111111111113,0.07835648517075561
b1.005_float64,1.005,float64,double,0.2438522269776565,50000,100000,50000,3,0.009134040011114902,0.0538079112429565,-0.03703703703703705,0.07090176068417672
b1.005_float64,1.005,float64,double,0.2438522269776565,50000,100000,50000,4,-0.02441561724632156,-0.05309787314628501,0.012345679012345685,0.06458155336685915
b1.005_float64,1.005,float64,double,0.2438522269776565,50000,100000,50000,5,0.02220549960715153,0.044446956780965906,-0.004115226337448562,0.051655711991412875
b1.005_float64,1.005,float64,double,0.2438522269776565,50000,100000,50000,6,-0.019752996809634743,-0.03970658972324358,0.0013717421124828542,0.044976303338287185
b1.005_float64,1.005,float64,double,0.2438522269776565,50000,100000,50000,7,0.01599057266407763,0.03901400376161735,-0.0004572473708276181,0.04233938206223756
b1.005_float64,1.005,float64,double,0.2438522269776565,50000,100000,50000,8,-0.016879448045070067,-0.04004807558334693,0.00015241579027587272,0.043519337582679646
b1.005_float64,1.005,float64,double,0.2438522269776565,100000,150000,50000,1,-0.31994341136453974,-0.004697138122868404,-0.33333333333333337,0.014189894885998484
b1.005_float64,1.005,float64,double,0.2438522269776565,100000,150000,50000,2,0.09020524605079168,-0.002208898754515422,0.11111111111111113,0.021022236503949465
b1.005_float64,1.005,float64,double,0.2438522269776565,100000,150000,50000,3,-0.006534463335098935,0.02096655401823062,-0.03703703703703705,0.03701355683856321
b1.005_float64,1.005,float64,double,0.2438522269776565,100000,150000,50000,4,-0.013086016239782575,-0.024679010099554182,0.012345679012345685,0.035437616495625386
b1.005_float64,1.005,float64,double,0.2438522269776565,100000,150000,50000,5,0.014690365755900426,0.021628247334848315,-0.004115226337448562,0.02866062415159173
b1.005_float64,1.005,float64,double,0.2438522269776565,100000,150000,50000,6,-0.01490982710310533,-0.014732055912271173,0.0013717421124828542,0.021957298730132378
b1.005_float64,1.005,float64,double,0.2438522269776565,100000,150000,50000,7,0.012053625312634464,0.01243417222513074,-0.0004572473708276181,0.01763889379258264
b1.005_float64,1.005,float64,double,0.2438522269776565,100000,150000,50000,8,-0.005054015187048739,-0.0074773095096406506,0.00015241579027587272,0.009111370973931849
b1.005_float64,1.005,float64,double,0.2438522269776565,150000,200000,50000,1,-0.3830362935402525,0.044569090203376655,-0.33333333333333337,0.06675917955522903
b1.005_float64,1.005,float64,double,0.2438522269776565,150000,200000,50000,2,0.16411456531936902,-0.06799821433501518,0.11111111111111113,0.08621556304262912
b1.005_float64,1.005,float64,double,0.2438522269776565,150000,200000,50000,3,-0.06951415281457471,0.06933750185700398,-0.03703703703703705,0.07656665209474432
b1.005_float64,1.005,float64,double,0.2438522269776565,150000,200000,50000,4,0.037290613734015376,-0.0582524144607852,0.012345679012345685,0.06336871119708415
b1.005_float64,1.005,float64,double,0.2438522269776565,150000,200000,50000,5,-0.03216600759754974,0.05360238113854642,-0.004115226337448562,0.060498442897516304
b1.005_float64,1.005,float64,double,0.2438522269776565,150000,200000,50000,6,0.02289917177891491,-0.054722469285012544,0.0013717421124828542,0.058804582072252844
b1.005_float64,1.005,float64,double,0.2438522269776565,150000,200000,50000,7,-0.010672882471426122,0.0554681134200141,-0.0004572473708276181,0.056400982321978474
b1.005_float64,1.005,float64,double,0.2438522269776565,150000,200000,50000,8,0.00870331375222187,-0.054710113106053206,0.00015241579027587272,0.055374311120164256
b1.01_float32,1.01,float32,fixed,1.0,0,200000,200000,1,-0.6757206494874918,-0.024670736753801492,-0.706977248357597,0.03981984712303697
b1.01_float32,1.01,float32,fixed,1.0,0,200000,200000,2,0.44598327406933624,0.0455978614269341,0.4998168296952794,0.07054939176237739
b1.01_float32,1.01,float32,fixed,1.0,0,200000,200000,3,-0.28741163694284183,-0.056869227233640636,-0.3533591269407863,0.0870814586647493
b1.01_float32,1.01,float32,fixed,1.0,0,200000,200000,4,0.1921375234189613,0.0540573211217925,0.24981686324663993,0.07905125052661362
b1.01_float32,1.01,float32,fixed,1.0,0,200000,200000,5,-0.12494426634785485,-0.04061482368110268,-0.17661483857143562,0.06572223319820573
b1.01_float32,1.01,float32,fixed,1.0,0,200000,200000,6,0.08206632912376462,0.037973087221080074,0.12486267259235474,0.05721435455706279
b1.01_float32,1.01,float32,fixed,1.0,0,200000,200000,7,-0.05103589369793268,-0.012198940746174176,-0.08827506869191849,0.03918635361399892
b1.01_float32,1.01,float32,fixed,1.0,0,200000,200000,8,0.027304813943173127,0.011679743228863488,0.062408465162390396,0.036995712330115185
b1.01_float32,1.01,float32,fixed,1.0,0,50000,50000,1,-0.6757647873752621,-0.026239887232793177,-0.706977248357597,0.04077682433151801
b1.01_float32,1.01,float32,fixed,1.0,0,50000,50000,2,0.44721031041648207,0.046908605483343836,0.4998168296952794,0.0704830698751301
b1.01_float32,1.01,float32,fixed,1.0,0,50000,50000,3,-0.2915882344802292,-0.05780299379479886,-0.3533591269407863,0.08459804517254088
b1.01_float32,1.01,float32,fixed,1.0,0,50000,50000,4,0.1954305291985438,0.05474395284239335,0.24981686324663993,0.07716718022580121
b1.01_float32,1.01,float32,fixed,1.0,0,50000,50000,5,-0.12994753711438228,-0.042639198815834126,-0.17661483857143562,0.0632134344972627
b1.01_float32,1.01,float32,fixed,1.0,0,50000,50000,6,0.0863172006216163,0.040830436609748166,0.12486267259235474,0.05615049388197441
b1.01_float32,1.01,float32,fixed,1.0,0,50000,50000,7,-0.055727183240801344,-0.017026209688075698,-0.08827506869191849,0.03673222922286866
b1.01_float32,1.01,float32,fixed,1.0,0,50000,50000,8,0.03381503676766598,0.017395313416882448,0.062408465162390396,0.033469106295743886
b1.01_float32,1.01,float32,fixed,1.0,50000,100000,50000,1,-0.679039263800519,-0.025584999944706793,-0.706977248357597,0.037883019986296944
b1.01_float32,1.01,float32,fixed,1.0,50000,100000,50000,2,0.4508447314760955,0.04656230855307581,0.4998168296952794,0.06757451429186327
b1.01_float32,1.01,float32,fixed,1.0,50000,100000,50000,3,-0.29221107806892843,-0.057502927610112595,-0.3533591269407863,0.08393849274658777
b1.01_float32,1.01,float32,fixed,1.0,50000,100000,50000,4,0.197287027065035,0.05441261476045047,0.24981686324663993,0.07563145069569566
b1.01_float32,1.01,float32,fixed,1.0,50000,100000,50000,5,-0.12958202256009332,-0.04040602221678067,-0.17661483857143562,0.06200590627786799
b1.01_float32,1.01,float32,fixed,1.0,50000,100000,50000,6,0.08674902023137986,0.03754889853322852,0.12486267259235474,0.05350299316255061
b1.01_float32,1.01,float32,fixed,1.0,50000,100000,50000,7,-0.055617111838992525,-0.011088279408310541,-0.08827506869191849,0.03448901399060776
b1.01_float32,1.01,float32,fixed,1.0,50000,100000,50000,8,0.031087154918486952,0.01024713088694732,0.062408465162390396,0.0329549414626863
b1.01_float32,1.01,float32,fixed,1.0,100000,150000,50000,1,-0.6742717032045883,-0.025759620434864593,-0.706977248357597,0.041631847529310845
b1.01_float32,1.01,float32,fixed,1.0,100000,150000,50000,2,0.4432618283802858,0.04656964899839616,0.4998168296952794,0.07326117922592255
b1.01_float32,1.01,float32,fixed,1.0,100000,150000,50000,3,-0.2838656462129082,-0.05742003508080875,-0.3533591269407863,0.09014657116250883
b1.01_float32,1.01,float32,fixed,1.0,100000,150000,50000,4,0.18889034863593596,0.05436061160650886,0.24981686324663993,0.08165241133513468
b1.01_float32,1.01,float32,fixed,1.0,100000,150000,50000,5,-0.12124966935750625,-0.03985124752994861,-0.17661483857143562,0.06821600905784703
b1.01_float32,1.01,float32,fixed,1.0,100000,150000,50000,6,0.07826248345233848,0.03649665939460021,0.12486267259235474,0.05919107850724423
b1.01_float32,1.01,float32,fixed,1.0,100000,150000,50000,7,-0.046848804910800755,-0.010029286466908946,-0.08827506869191849,0.04262302098512106
b1.01_float32,1.01,float32,fixed,1.0,100000,150000,50000,8,0.02274778294648457,0.008644765605292516,0.062408465162390396,0.04059189187758458
b1.01_float32,1.01,float32,fixed,1.0,150000,200000,50000,1,-0.6738068435695594,-0.021098439402837166,-0.706977248357597,0.03931182899633973
b1.01_float32,1.01,float32,fixed,1.0,150000,200000,50000,2,0.4426162260044718,0.0423508826729225,0.4998168296952794,0.07117237052233458
b1.01_float32,1.01,float32,fixed,1.0,150000,200000,50000,3,-0.2819815890093823,-0.054750952448843995,-0.3533591269407863,0.08995787744941848
b1.01_float32,1.01,float32,fixed,1.0,150000,200000,50000,4,0.18694218877635457,0.05271210527783355,0.24981686324663993,0.08204749071462064
b1.01_float32,1.01,float32,fixed,1.0,150000,200000,50000,5,-0.11899783635942299,-0.03956282616183622,-0.17661483857143562,0.06989231830330671
b1.01_float32,1.01,float32,fixed,1.0,150000,200000,50000,6,0.07693661218975172,0.037016354346744794,0.12486267259235474,0.0605567317053829
b1.01_float32,1.01,float32,fixed,1.0,150000,200000,50000,7,-0.045950474801135635,-0.01065198742139875,-0.08827506869191849,0.0436444278693779
b1.01_float32,1.01,float32,fixed,1.0,150000,200000,50000,8,0.021569281140049457,0.01043176300633513,0.062408465162390396,0.042150452322970024
b1.01_float32,1.01,float32,half,0.08583088963966591,0,200000,200000,1,0.3967340031639519,-0.044309586727593026,0.3333333333333333,0.07734975378720478
b1.01_float32,1.01,float32,half,0.08583088963966591,0,200000,200000,2,0.18585008351271162,-0.07800007258658659,0.1111111111111111,0.10802742855016026
b1.01_float32,1.01,float32,half,0.08583088963966591,0,200000,200000,3,0.008949401095449653,0.026496526713129298,0.03703703703703703,0.03861322598083104
b1.01_float32,1.01,float32,half,0.08583088963966591,0,200000,200000,4,0.0442742772265838,-0.04054508396792413,0.012345679012345677,0.05160755000862052
b1.01_float32,1.01,float32,half,0.08583088963966591,0,200000,200000,5,-0.05189804034056791,0.04158771155569198,0.004115226337448558,0.06976405805557777
b1.01_float32,1.01,float32,half,0.08583088963966591,0,200000,200000,6,0.06385000671637175,-0.008002165729386213,0.0013717421124828527,0.06298863551684637
b1.01_float32,1.01,float32,half,0.08583088963966591,0,200000,200000,7,-0.01737471166427937,0.055125400157741686,0.00045724737082761756,0.05793779859108284
b1.01_float32,1.01,float32,half,0.08583088963966591,0,200000,200000,8,0.008498294923242338,-0.052362049916373665,0.0001524157902758725,0.05302299472820158
b1.01_float32,1.01,float32,half,0.08583088963966591,0,50000,50000,1,0.3915998880545476,-0.050872443148779534,0.3333333333333333,0.07734983433082494
b1.01_float32,1.01,float32,half,0.08583088963966591,0,50000,50000,2,0.18493615685526324,-0.06724560639247759,0.1111111111111111,0.09986044741647306
b1.01_float32,1.01,float32,half,0.08583088963966591,0,50000,50000,3,0.016750356385978573,0.015964875477860713,0.03703703703703703,0.02581524086390882
b1.01_float32,1.01,float32,half,0.08583088963966591,0,50000,50000,4,0.041004700484248306,-0.030470603550220833,0.012345679012345677,0.041830577242511324
b1.01_float32,1.01,float32,half,0.08583088963966591,0,50000,50000,5,-0.04448923722488788,0.0266566648380686,0.004115226337448558,0.055434390575450666
b1.01_float32,1.01,float32,half,0.08583088963966591,0,50000,50000,6,0.05573785709848255,0.00013199831489543685,0.0013717421124828527,0.05436627522854657
b1.01_float32,1.01,float32,half,0.08583088963966591,0,50000,50000,7,-0.01617858952608318,0.04125777717764637,0.00045724737082761756,0.0444854498336359
b1.01_float32,1.01,float32,half,0.08583088963966591,0,50000,50000,8,0.009786546348832676,-0.037326814594982084,0.0001524157902758725,0.03855006562157172
b1.01_float32,1.01,float32,half,0.08583088963966591,50000,100000,50000,1,0.38936213456230934,-0.04315690873215138,0.3333333333333333,0.07072301844853165
b1.01_float32,1.01,float32,half,0.08583088963966591,50000,100000,50000,2,0.1844642278001542,-0.084057413022015,0.1111111111111111,0.11156311402945863
b1.01_float32,1.01,float32,half,0.08583088963966591,50000,100000,50000,3,0.0059343167766602875,0.03043139249639842,0.03703703703703703,0.043513777782043975
b1.01_float32,1.01,float32,half,0.08583088963966591,50000,100000,50000,4,0.045154551984263575,-0.04598594813210155,0.012345679012345677,0.05649008383155205
b1.01_float32,1.01,float32,half,0.08583088963966591,50000,100000,50000,5,-0.05554327283147095,0.047325122081382294,0.004115226337448558,0.07614987657971421
b1.01_float32,1.01,float32,half,0.08583088963966591,50000,100000,50000,6,0.06595064222756752,-0.013722376828368698,0.0013717421124828527,0.06602073890751173
b1.01_float32,1.01,float32,half,0.08583088963966591,50000,100000,50000,7,-0.017610599047397785,0.061185546859545255,0.00045724737082761756,0.06379747815309152
b1.01_float32,1.01,float32,half,0.08583088963966591,50000,100000,50000,8,0.007928767624459343,-0.0591256868734847,0.0001524157902758725,0.059634876507882274
b1.01_float32,1.01,float32,half,0.08583088963966591,100000,150000,50000,1,0.40210335704048206,-0.04238994257932235,0.3333333333333333,0.0807850443619365
b1.01_float32,1.01,float32,half,0.08583088963966591,100000,150000,50000,2,0.1864098918777696,-0.0841059406442816,0.1111111111111111,0.11288806684767314
b1.01_float32,1.01,float32,half,0.08583088963966591,100000,150000,50000,3,0.0070921364986238095,0.026746691973441122,0.03703703703703703,0.04015074843359212
b1.01_float32,1.01,float32,half,0.08583088963966591,100000,150000,50000,4,0.04539998540232545,-0.04346535717573185,0.012345679012345677,0.054606084325252637
b1.01_float32,1.01,float32,half,0.08583088963966591,100000,150000,50000,5,-0.05371287654150759,0.045968097266085126,0.004115226337448558,0.07387256221929357
b1.01_float32,1.01,float32,half,0.08583088963966591,100000,150000,50000,6,0.06749914364002116,-0.009696865867967296,0.0013717421124828527,0.06683459014945498
b1.01_float32,1.01,float32,half,0.08583088963966591,100000,150000,50000,7,-0.0173141669758847,0.057385763901748384,0.00045724737082761756,0.06007452926548605
b1.01_float32,1.01,float32,half,0.08583088963966591,100000,150000,50000,8,0.008449454804923739,-0.0583906518283543,0.0001524157902758725,0.058977191161928726
b1.01_float32,1.01,float32,half,0.08583088963966591,150000,200000,50000,1,0.40387063299851356,-0.04081905245012132,0.3333333333333333,0.08149666058791116
b1.01_float32,1.01,float32,half,0.08583088963966591,150000,200000,50000,2,0.1875900575176078,-0.0765913302875731,0.1111111111111111,0.10823705982087607
b1.01_float32,1.01,float32,half,0.08583088963966591,150000,200000,50000,3,0.0060207947205388095,0.03284314690481007,0.03703703703703703,0.04517388168008889
b1.01_float32,1.01,float32,half,0.08583088963966591,150000,200000,50000,4,0.04553787103547958,-0.042258427013630445,0.012345679012345677,0.053735428396607436
b1.01_float32,1.01,float32,half,0.08583088963966591,150000,200000,50000,5,-0.05384677476440595,0.0464009620372213,0.004115226337448558,0.07424717401834925
b1.01_float32,1.01,float32,half,0.08583088963966591,150000,200000,50000,6,0.06621238389941177,-0.008721418536103498,0.0013717421124828527,0.06542455172657068
b1.01_float32,1.01,float32,half,0.08583088963966591,150000,200000,50000,7,-0.018395491107755232,0.06067251269203816,0.00045724737082761756,0.06353408175544344
b1.01_float32,1.01,float32,half,0.08583088963966591,150000,200000,50000,8,0.00782841091475144,-0.05460504636866943,0.0001524157902758725,0.05514192588290249
b1.01_float32,1.01,float32,matched,0.17166177927933182,0,200000,200000,1,0.07636658247651965,-0.0607361371875651,0.0,0.0975742449604905
b1.01_float32,1.01,float32,matched,0.17166177927933182,0,200000,200000,2,-0.0021865250118654825,-0.012576234849802656,0.0,0.012764896185433871
b1.01_float32,1.01,float32,matched,0.17166177927933182,0,200000,200000,3,-0.03373402097870399,0.04550589533787473,0.0,0.05664601205639502
b1.01_float32,1.01,float32,matched,0.17166177927933182,0,200000,200000,4,0.038499142964134106,-0.02212513659366662,0.0,0.044403892602577565
b1.01_float32,1.01,float32,matched,0.17166177927933182,0,200000,200000,5,-0.03847447956254145,0.04306987636034308,0.0,0.05775205474529594
b1.01_float32,1.01,float32,matched,0.17166177927933182,0,200000,200000,6,0.007584777223684277,-0.049899418213955125,0.0,0.05047257456900842
b1.01_float32,1.01,float32,matched,0.17166177927933182,0,200000,200000,7,-0.03421035573164952,0.045456292325042856,0.0,0.05689132579950792
b1.01_float32,1.01,float32,matched,0.17166177927933182,0,200000,200000,8,0.06161466842336191,-0.03306525189608109,0.0,0.06992623433213122
b1.01_float32,1.01,float32,matched,0.17166177927933182,0,50000,50000,1,0.07224943879761751,-0.06423801776700418,0.0,0.0966773206765921
b1.01_float32,1.01,float32,matched,0.17166177927933182,0,50000,50000,2,0.0036071571353062533,-0.006174112126243288,0.0,0.0071506113826871635
b1.01_float32,1.01,float32,matched,0.17166177927933182,0,50000,50000,3,-0.03321233220600021,0.03392861379329525,0.0,0.04747851982208695
b1.01_float32,1.01,float32,matched,0.17166177927933182,0,50000,50000,4,0.0348253460787543,-0.014603044850771657,0.0,0.037763125511782736
b1.01_float32,1.01,float32,matched,0.17166177927933182,0,50000,50000,5,-0.03335376831514551,0.03430890571177933,0.0,0.047849502316744834
b1.01_float32,1.01,float32,matched,0.17166177927933182,0,50000,50000,6,0.0065457450622589735,-0.038079130990615585,0.0,0.03863763703205138
b1.01_float32,1.01,float32,matched,0.17166177927933182,0,50000,50000,7,-0.030618751340741844,0.03244758256052665,0.0,0.04461337857289418
b1.01_float32,1.01,float32,matched,0.17166177927933182,0,50000,50000,8,0.05272560202906592,-0.02126071818748959,0.0,0.056850745352856114
b1.01_float32,1.01,float32,matched,0.17166177927933182,50000,100000,50000,1,0.06910136153466938,-0.061249659065498,0.0,0.09233915150998966
b1.01_float32,1.01,float32,matched,0.17166177927933182,50000,100000,50000,2,-0.00013128329372628732,-0.015911220415165326,0.0,0.015911762014408883
b1.01_float32,1.01,float32,matched,0.17166177927933182,50000,100000,50000,3,-0.036125559421284,0.04961560236014987,0.0,0.06137396875761931
b1.01_float32,1.01,float32,matched,0.17166177927933182,50000,100000,50000,4,0.039939416271083945,-0.02648454047624595,0.0,0.047922727972360205
b1.01_float32,1.01,float32,matched,0.17166177927933182,50000,100000,50000,5,-0.03972800985529291,0.04701487322728283,0.0,0.061552522869820096
b1.01_float32,1.01,float32,matched,0.17166177927933182,50000,100000,50000,6,0.008560260446084132,-0.05494028951529497,0.0,0.05560317860454762
b1.01_float32,1.01,float32,matched,0.17166177927933182,50000,100000,50000,7,-0.03582987496706469,0.05103208113932607,0.0,0.06235425603410122
b1.01_float32,1.01,float32,matched,0.17166177927933182,50000,100000,50000,8,0.06503405969097703,-0.03796536106213206,0.0,0.07530469813011414
b1.01_float32,1.01,float32,matched,0.17166177927933182,100000,150000,50000,1,0.08115191352127593,-0.06086778544860484,0.0,0.10144220213294877
b1.01_float32,1.01,float32,matched,0.17166177927933182,100000,150000,50000,2,-0.0056586365738996195,-0.017513318116825705,0.0,0.01840479500936128
b1.01_float32,1.01,float32,matched,0.17166177927933182,100000,150000,50000,3,-0.03234780677791673,0.050226597998885916,0.0,0.05974187601576574
b1.01_float32,1.01,float32,matched,0.17166177927933182,100000,150000,50000,4,0.039560217930006684,-0.024645678181104646,0.0,0.04660922972626988
b1.01_float32,1.01,float32,matched,0.17166177927933182,100000,150000,50000,5,-0.0398662069993197,0.043742243801899186,0.0,0.05918359868525565
b1.01_float32,1.01,float32,matched,0.17166177927933182,100000,150000,50000,6,0.00668341101224928,-0.052643700422902555,0.0,0.05306625271276431
b1.01_float32,1.01,float32,matched,0.17166177927933182,100000,150000,50000,7,-0.03532217207255092,0.04979729515067232,0.0,0.061052653048381686
b1.01_float32,1.01,float32,matched,0.17166177927933182,100000,150000,50000,8,0.0642772699988909,-0.03671687222442403,0.0,0.07402496973626535
b1.01_float32,1.01,float32,matched,0.17166177927933182,150000,200000,50000,1,0.08296361605251744,-0.056589086469165606,0.0,0.1004255261172389
b1.01_float32,1.01,float32,matched,0.17166177927933182,150000,200000,50000,2,-0.006563337315142546,-0.010706288740974745,0.0,0.012557946301743178
b1.01_float32,1.01,float32,matched,0.17166177927933182,150000,200000,50000,3,-0.03325038550959877,0.048252767199168614,0.0,0.05859963889747187
b1.01_float32,1.01,float32,matched,0.17166177927933182,150000,200000,50000,4,0.039671591576691353,-0.022767282866540475,0.0,0.04574040169645295
b1.01_float32,1.01,float32,matched,0.17166177927933182,150000,200000,50000,5,-0.04094993308039661,0.0472134827004145,0.0,0.06249807971443042
b1.01_float32,1.01,float32,matched,0.17166177927933182,150000,200000,50000,6,0.008549692374144349,-0.05393455192701302,0.0,0.05460799512214458
b1.01_float32,1.01,float32,matched,0.17166177927933182,150000,200000,50000,7,-0.03507062454626063,0.04854821044964358,0.0,0.05989054553038953
b1.01_float32,1.01,float32,matched,0.17166177927933182,150000,200000,50000,8,0.06442174197452065,-0.03631805611029133,0.0,0.07395378312609832
b1.01_float32,1.01,float32,double,0.34332355855866364,0,200000,200000,1,-0.26858187795081273,-0.05361352980107322,-0.3333333333333333,0.08406641155589503
b1.01_float32,1.01,float32,double,0.34332355855866364,0,200000,200000,2,0.05411650119807024,0.04723993175951205,0.1111111111111111,0.0740269998837117
b1.01_float32,1.01,float32,double,0.34332355855866364,0,200000,200000,3,-0.01623031245135041,-0.0014361105050331592,-0.03703703703703703,0.02085622692068924
b1.01_float32,1.01,float32,double,0.34332355855866364,0,200000,200000,4,0.005165163310612035,-0.02003733916641927,0.012345679012345677,0.02128508319488
b1.01_float32,1.01,float32,double,0.34332355855866364,0,200000,200000,5,-0.0173316409931897,0.022942606038862143,-0.004115226337448558,0.02647709931633227
b1.01_float32,1.01,float32,double,0.34332355855866364,0,200000,200000,6,0.04356491466783505,-0.02604372078786822,0.0013717421124828527,0.0495836586262265
b1.01_float32,1.01,float32,double,0.34332355855866364,0,200000,200000,7,-0.04189029124328132,0.025051765505338913,-0.00045724737082761756,0.048417848769551526
b1.01_float32,1.01,float32,double,0.34332355855866364,0,200000,200000,8,0.0358602254652988,-0.03261221279282272,0.0001524157902758725,0.04835911594551756
b1.01_float32,1.01,float32,double,0.34332355855866364,0,50000,50000,1,-0.27054028626105675,-0.05579009771930045,-0.3333333333333333,0.08399703425806315
b1.01_float32,1.01,float32,double,0.34332355855866364,0,50000,50000,2,0.05987645690160079,0.04899945854394794,0.1111111111111111,0.07089384126684183
b1.01_float32,1.01,float32,double,0.34332355855866364,0,50000,50000,3,-0.021339330503120087,-0.007496007879206335,-0.03703703703703703,0.017395635215481556
b1.01_float32,1.01,float32,double,0.34332355855866364,0,50000,50000,4,0.009695123489405707,-0.01092139058367464,0.012345679012345677,0.011238425906743553
b1.01_float32,1.01,float32,double,0.34332355855866364,0,50000,50000,5,-0.020260904840745327,0.013747536959676884,-0.004115226337448558,0.02120560555111552
b1.01_float32,1.01,float32,double,0.34332355855866364,0,50000,50000,6,0.04082806198450289,-0.017380064440220642,0.0013717421124828527,0.04311458938444602
b1.01_float32,1.01,float32,double,0.34332355855866364,0,50000,50000,7,-0.038539494243487515,0.017060481799962324,-0.00045724737082761756,0.041729097355646935
b1.01_float32,1.01,float32,double,0.34332355855866364,0,50000,50000,8,0.03181340789779644,-0.025426341932496117,0.0001524157902758725,0.040606862539485734
b1.01_float32,1.01,float32,double,0.34332355855866364,50000,100000,50000,1,-0.274630782141395,-0.054765617268887574,-0.3333333333333333,0.08028239129027244
b1.01_float32,1.01,float32,double,0.34332355855866364,50000,100000,50000,2,0.0587809862958249,0.04668703588882647,0.1111111111111111,0.07012931828606353
b1.01_float32,1.01,float32,double,0.34332355855866364,50000,100000,50000,3,-0.019942726153874803,0.0003778284021906229,-0.03703703703703703,0.017098485864885826
b1.01_float32,1.01,float32,double,0.34332355855866364,50000,100000,50000,4,0.008312969995482868,-0.02314796341368667,0.012345679012345677,0.02349661576091466
b1.01_float32,1.01,float32,double,0.34332355855866364,50000,100000,50000,5,-0.01950804809462558,0.026922477436735048,-0.004115226337448558,0.031012235536635055
b1.01_float32,1.01,float32,double,0.34332355855866364,50000,100000,50000,6,0.04601876351960145,-0.030032900182200548,0.0013717421124828527,0.05380828573632251
b1.01_float32,1.01,float32,double,0.34332355855866364,50000,100000,50000,7,-0.04382684250918703,0.0287548664210401,-0.00045724737082761756,0.0520361809259391
b1.01_float32,1.01,float32,double,0.34332355855866364,50000,100000,50000,8,0.03744860786960833,-0.03627912004201999,0.0001524157902758725,0.052030572691848756
b1.01_float32,1.01,float32,double,0.34332355855866364,100000,150000,50000,1,-0.2652043561014677,-0.05480877756019138,-0.3333333333333333,0.08743889086843795
b1.01_float32,1.01,float32,double,0.34332355855866364,100000,150000,50000,2,0.049915961607198384,0.04596462817555271,0.1111111111111111,0.07653491599344081
b1.01_float32,1.01,float32,double,0.34332355855866364,100000,150000,50000,3,-0.012365140545698847,0.0017636329325826986,-0.03703703703703703,0.024734851477221275
b1.01_float32,1.01,float32,double,0.34332355855866364,100000,150000,50000,4,0.0011045467009035107,-0.02498752285738317,0.012345679012345677,0.02739962324908128
b1.01_float32,1.01,float32,double,0.34332355855866364,100000,150000,50000,5,-0.015077520411565452,0.027965880026907607,-0.004115226337448558,0.030037681951955084
b1.01_float32,1.01,float32,double,0.34332355855866364,100000,150000,50000,6,0.043742990585779594,-0.03017448464991142,0.0013717421124828527,0.05201751840556787
b1.01_float32,1.01,float32,double,0.34332355855866364,100000,150000,50000,7,-0.042503733686974104,0.027455397036252716,-0.00045724737082761756,0.05021658927040115
b1.01_float32,1.01,float32,double,0.34332355855866364,100000,150000,50000,8,0.03653518092294162,-0.03354892738522478,0.0001524157902758725,0.04948975780298186
b1.01_float32,1.01,float32,double,0.34332355855866364,150000,200000,50000,1,-0.26395208729930775,-0.049089626655929516,-0.3333333333333333,0.0849914627856971
b1.01_float32,1.01,float32,double,0.34332355855866364,150000,200000,50000,2,0.04789259998766222,0.0473086044297348,0.1111111111111111,0.07896001647514236
b1.01_float32,1.01,float32,double,0.34332355855866364,150000,200000,50000,3,-0.011274052602707214,-0.0003898954756995941,-0.03703703703703703,0.025765934592897874
b1.01_float32,1.01,float32,double,0.34332355855866364,150000,200000,50000,4,0.0015480130566554514,-0.021092479810934185,0.012345679012345677,0.023695617625741218
b1.01_float32,1.01,float32,double,0.34332355855866364,150000,200000,50000,5,-0.014480090625829433,0.023134529732123512,-0.004115226337448558,0.025350283581117194
b1.01_float32,1.01,float32,double,0.34332355855866364,150000,200000,50000,6,0.04366984258145028,-0.026587433879142756,0.0013717421124828527,0.04996019359010381
b1.01_float32,1.01,float32,double,0.34332355855866364,150000,200000,50000,7,-0.04269109453346865,0.026936316764097034,-0.00045724737082761756,0.050092544425024935
b1.01_float32,1.01,float32,double,0.34332355855866364,150000,200000,50000,8,0.03764370517084712,-0.035194461811544835,0.0001524157902758725,0.051422241507172964
b1.01_float64,1.01,float64,fixed,1.0,0,200000,200000,1,-0.7011236268408017,0.0026806161139912976,-0.706977248357597,0.006438213076038988
b1.01_float64,1.01,float64,fixed,1.0,0,200000,200000,2,0.48873745511495587,-0.004921106314278221,0.4998168296952794,0.012123111335278103
b1.01_float64,1.01,float64,fixed,1.0,0,200000,200000,3,-0.33855983402984186,0.007089610990434365,-0.3533591269407863,0.01640980361429162
b1.01_float64,1.01,float64,fixed,1.0,0,200000,200000,4,0.23133214104096725,-0.008471003923462702,0.24981686324663993,0.02033329443283132
b1.01_float64,1.01,float64,fixed,1.0,0,200000,200000,5,-0.15929337981799768,0.00908024937214641,-0.17661483857143562,0.019557194635412743
b1.01_float64,1.01,float64,fixed,1.0,0,200000,200000,6,0.1071995571274159,-0.010231065461673957,0.12486267259235474,0.02041225975752855
b1.01_float64,1.01,float64,fixed,1.0,0,200000,200000,7,-0.07266649982374487,0.010276788999084175,-0.08827506869191849,0.01868795907112963
b1.01_float64,1.01,float64,fixed,1.0,0,200000,200000,8,0.046924011641229155,-0.010521145805037296,0.062408465162390396,0.018720651962467992
b1.01_float64,1.01,float64,fixed,1.0,0,50000,50000,1,-0.7122869865163027,-0.008369778945908379,-0.706977248357597,0.009911938201854712
b1.01_float64,1.01,float64,fixed,1.0,0,50000,50000,2,0.5050664243471462,0.012939291800118219,0.4998168296952794,0.013963649820069075
b1.01_float64,1.01,float64,fixed,1.0,0,50000,50000,3,-0.3548372662553955,-0.014596449447380911,-0.3533591269407863,0.014671101945775577
b1.01_float64,1.01,float64,fixed,1.0,0,50000,50000,4,0.24241466472362147,0.016577323025415317,0.24981686324663993,0.018154894151802194
b1.01_float64,1.01,float64,fixed,1.0,0,50000,50000,5,-0.1679343672832314,-0.020681554475161245,-0.17661483857143562,0.02242938423796783
b1.01_float64,1.01,float64,fixed,1.0,0,50000,50000,6,0.11256899913163612,0.02075202773113297,0.12486267259235474,0.02412013810309736
b1.01_float64,1.01,float64,fixed,1.0,0,50000,50000,7,-0.0758502928112963,-0.021999834691921967,-0.08827506869191849,0.025265941149214776
b1.01_float64,1.01,float64,fixed,1.0,0,50000,50000,8,0.04810246653058834,0.019070127975567255,0.062408465162390396,0.023839701714946752
b1.01_float64,1.01,float64,fixed,1.0,50000,100000,50000,1,-0.6956709969915561,0.0009447717587485694,-0.706977248357597,0.011345656156795465
b1.01_float64,1.01,float64,fixed,1.0,50000,100000,50000,2,0.48388818996728744,-0.003399175686377961,0.4998168296952794,0.01628729440180373
b1.01_float64,1.01,float64,fixed,1.0,50000,100000,50000,3,-0.33565484684976027,0.005493397302952336,-0.3533591269407863,0.018536961656905503
b1.01_float64,1.01,float64,fixed,1.0,50000,100000,50000,4,0.23549771544533182,-0.009531167847013267,0.24981686324663993,0.01720119630385184
b1.01_float64,1.01,float64,fixed,1.0,50000,100000,50000,5,-0.16566319146181407,0.010404108139022388,-0.17661483857143562,0.015105761833888212
b1.01_float64,1.01,float64,fixed,1.0,50000,100000,50000,6,0.11884113589375112,-0.008083911219956708,0.12486267259235474,0.010080105397503154
b1.01_float64,1.01,float64,fixed,1.0,50000,100000,50000,7,-0.0875122237892554,0.007565575146310135,-0.08827506869191849,0.007603937114415445
b1.01_float64,1.01,float64,fixed,1.0,50000,100000,50000,8,0.06392881361623287,-0.0015184302825173729,0.062408465162390396,0.00214874147909119
b1.01_float64,1.01,float64,fixed,1.0,100000,150000,50000,1,-0.7137216372205307,0.02231088336462909,-0.706977248357597,0.02330798785061781
b1.01_float64,1.01,float64,fixed,1.0,100000,150000,50000,2,0.5021811638613938,-0.027816711863001525,0.4998168296952794,0.02791701156854554
b1.01_float64,1.01,float64,fixed,1.0,100000,150000,50000,3,-0.3484871604475161,0.028976656002536613,-0.3533591269407863,0.0293833737103296
b1.01_float64,1.01,float64,fixed,1.0,100000,150000,50000,4,0.2403677089213094,-0.029274809770809918,0.24981686324663993,0.030762005860818318
b1.01_float64,1.01,float64,fixed,1.0,100000,150000,50000,5,-0.1623297780580839,0.029676682206187254,-0.17661483857143562,0.03293582275634163
b1.01_float64,1.01,float64,fixed,1.0,100000,150000,50000,6,0.10664492112060044,-0.03308906661454099,0.12486267259235474,0.03777264616237704
b1.01_float64,1.01,float64,fixed,1.0,100000,150000,50000,7,-0.0704665890403549,0.03400079124987026,-0.08827506869191849,0.03838223225813486
b1.01_float64,1.01,float64,fixed,1.0,100000,150000,50000,8,0.04187945539875523,-0.03715181751133252,0.062408465162390396,0.042446410758399604
b1.01_float64,1.01,float64,fixed,1.0,150000,200000,50000,1,-0.68281488663485,-0.004163411721503969,-0.706977248357597,0.024518436352745372
b1.01_float64,1.01,float64,fixed,1.0,150000,200000,50000,2,0.4638140422840079,-0.0014078295078517877,0.4998168296952794,0.036030302320468915
b1.01_float64,1.01,float64,fixed,1.0,150000,200000,50000,3,-0.31526006256668454,0.00848484010362901,-0.3533591269407863,0.0390324380197561
b1.01_float64,1.01,float64,fixed,1.0,150000,200000,50000,4,0.20704847507362203,-0.01165536110144243,0.24981686324663993,0.04432812278140091
b1.01_float64,1.01,float64,fixed,1.0,150000,200000,50000,5,-0.14124618246886028,0.016921761618536823,-0.17661483857143562,0.03920826253198202
b1.01_float64,1.01,float64,fixed,1.0,150000,200000,50000,6,0.09074317236367008,-0.020503311743331552,0.12486267259235474,0.03980610616851955
b1.01_float64,1.01,float64,fixed,1.0,150000,200000,50000,7,-0.05683689365407751,0.02154062429207869,-0.08827506869191849,0.03810980640993101
b1.01_float64,1.01,float64,fixed,1.0,150000,200000,50000,8,0.03378531101933625,-0.02248446340186713,0.062408465162390396,0.03639829731686552
b1.01_float64,1.01,float64,half,0.08583088963966591,0,200000,200000,1,0.35747900155536827,0.01216003979080466,0.3333333333333333,0.027034789838327602
b1.01_float64,1.01,float64,half,0.08583088963966591,0,200000,200000,2,0.1062058570820394,-0.0002665240675014208,0.1111111111111111,0.004912489406429459
b1.01_float64,1.01,float64,half,0.08583088963966591,0,200000,200000,3,0.04622979440657361,-0.005206807251552125,0.03703703703703703,0.010564924505645319
b1.01_float64,1.01,float64,half,0.08583088963966591,0,200000,200000,4,0.0020120113130233557,0.0041748241564387245,0.012345679012345677,0.011145126507007526
b1.01_float64,1.01,float64,half,0.08583088963966591,0,200000,200000,5,0.010328910024725307,-0.007218745674258798,0.004115226337448558,0.0095247128080147
b1.01_float64,1.01,float64,half,0.08583088963966591,0,200000,200000,6,-0.008352156556744214,0.00860201467148271,0.0013717421124828527,0.012982636933142656
b1.01_float64,1.01,float64,half,0.08583088963966591,0,200000,200000,7,0.0055730715494608915,-0.009514894442928329,0.00045724737082761756,0.010803002975411846
b1.01_float64,1.01,float64,half,0.08583088963966591,0,200000,200000,8,-0.006839462871829778,0.010632385956843432,0.0001524157902758725,0.012725329007962416
b1.01_float64,1.01,float64,half,0.08583088963966591,0,50000,50000,1,0.3454626214461867,-0.028850222174601214,0.3333333333333333,0.03129624497680926
b1.01_float64,1.01,float64,half,0.08583088963966591,0,50000,50000,2,0.07952598883290174,0.009725050715428342,0.1111111111111111,0.033048397249293204
b1.01_float64,1.01,float64,half,0.08583088963966591,0,50000,50000,3,0.04769010535860527,-0.013414896244033633,0.03703703703703703,0.017130303730587746
b1.01_float64,1.01,float64,half,0.08583088963966591,0,50000,50000,4,-0.006768643975266047,0.009354732742118168,0.012345679012345677,0.021280704122542557
b1.01_float64,1.01,float64,half,0.08583088963966591,0,50000,50000,5,0.008514391349242995,-0.008243613148577808,0.004115226337448558,0.009343971882684647
b1.01_float64,1.01,float64,half,0.08583088963966591,0,50000,50000,6,-0.014808875747433522,0.009600394471090937,0.0013717421124828527,0.01881435537905028
b1.01_float64,1.01,float64,half,0.08583088963966591,0,50000,50000,7,0.01380938695424417,-0.011023594843173683,0.00045724737082761756,0.017314712666443084
b1.01_float64,1.01,float64,half,0.08583088963966591,0,50000,50000,8,-0.010486460296094628,0.006891980852974782,0.0001524157902758725,0.012676162055563864
b1.01_float64,1.01,float64,half,0.08583088963966591,50000,100000,50000,1,0.34733860170264436,0.006136303090269269,0.3333333333333333,0.015290577415914434
b1.01_float64,1.01,float64,half,0.08583088963966591,50000,100000,50000,2,0.13107940371547883,0.008656281249974938,0.1111111111111111,0.021763821231858948
b1.01_float64,1.01,float64,half,0.08583088963966591,50000,100000,50000,3,0.05136109621647807,-0.010012351657087026,0.03703703703703703,0.017476437196445458
b1.01_float64,1.01,float64,half,0.08583088963966591,50000,100000,50000,4,0.006708213051468002,0.008818345075014129,0.012345679012345677,0.010466338056936647
b1.01_float64,1.01,float64,half,0.08583088963966591,50000,100000,50000,5,0.018081649872611263,-0.022796861891816903,0.004115226337448558,0.02673495648917575
b1.01_float64,1.01,float64,half,0.08583088963966591,50000,100000,50000,6,-0.012795478112351015,0.008708929791555837,0.0013717421124828527,0.01662996052350067
b1.01_float64,1.01,float64,half,0.08583088963966591,50000,100000,50000,7,0.005610511009815236,-0.012177618992267495,0.00045724737082761756,0.013223105930670975
b1.01_float64,1.01,float64,half,0.08583088963966591,50000,100000,50000,8,-0.01149582639049634,0.012723975543695927,0.0001524157902758725,0.017250539108633476
b1.01_float64,1.01,float64,half,0.08583088963966591,100000,150000,50000,1,0.3501719224801598,0.05377120760747661,0.3333333333333333,0.056346081070665195
b1.01_float64,1.01,float64,half,0.08583088963966591,100000,150000,50000,2,0.08129748691982279,-0.007681940221090299,0.1111111111111111,0.030787406402290152
b1.01_float64,1.01,float64,half,0.08583088963966591,100000,150000,50000,3,0.0452622133490165,0.01235439670531295,0.03703703703703703,0.014841989196714695
b1.01_float64,1.01,float64,half,0.08583088963966591,100000,150000,50000,4,-0.01254578790258033,0.019916978338494363,0.012345679012345677,0.03187900800390297
b1.01_float64,1.01,float64,half,0.08583088963966591,100000,150000,50000,5,0.0006174702056114536,-0.002472531416277823,0.004115226337448558,0.004283422645768788
b1.01_float64,1.01,float64,half,0.08583088963966591,100000,150000,50000,6,-0.007171780593731327,0.02340166607627556,0.0013717421124828527,0.024912441778699727
b1.01_float64,1.01,float64,half,0.08583088963966591,100000,150000,50000,7,0.004918265712255145,-0.015481477168051455,0.00045724737082761756,0.016111387896374767
b1.01_float64,1.01,float64,half,0.08583088963966591,100000,150000,50000,8,-0.002744129033761102,0.024111209547607503,0.0001524157902758725,0.024284571187614054
b1.01_float64,1.01,float64,half,0.08583088963966591,150000,200000,50000,1,0.38694286059252464,0.01758287064007433,0.3333333333333333,0.0564193118789973
b1.01_float64,1.01,float64,half,0.08583088963966591,150000,200000,50000,2,0.13292054885995902,-0.011765488014318445,0.1111111111111111,0.024780602961508896
b1.01_float64,1.01,float64,half,0.08583088963966591,150000,200000,50000,3,0.04060576270219691,-0.009754377810400618,0.03703703703703703,0.010386707338767507
b1.01_float64,1.01,float64,half,0.08583088963966591,150000,200000,50000,4,0.02065426407847201,-0.021390759529872162,0.012345679012345677,0.02294770531155292
b1.01_float64,1.01,float64,half,0.08583088963966591,150000,200000,50000,5,0.014102128671435878,0.004638023759637239,0.004115226337448558,0.011011334279893646
b1.01_float64,1.01,float64,half,0.08583088963966591,150000,200000,50000,6,0.0013675082265385764,-0.007302931652991745,0.0013717421124828527,0.007302932880292611
b1.01_float64,1.01,float64,half,0.08583088963966591,150000,200000,50000,7,-0.0020458774784702146,0.0006231132317788483,0.00045724737082761756,0.002579516255190143
b1.01_float64,1.01,float64,half,0.08583088963966591,150000,200000,50000,8,-0.0026314357669665056,-0.0011976221169057587,0.0001524157902758725,0.0030305326640151305
b1.01_float64,1.01,float64,matched,0.17166177927933182,0,200000,200000,1,0.020613507341378654,0.010297137767225134,0.0,0.02304230307738977
b1.01_float64,1.01,float64,matched,0.17166177927933182,0,200000,200000,2,-0.015190050296182327,-0.009269178240903926,0.0,0.017794810852105047
b1.01_float64,1.01,float64,matched,0.17166177927933182,0,200000,200000,3,0.008207576187067325,0.0031939621173487903,0.0,0.008807139199170965
b1.01_float64,1.01,float64,matched,0.17166177927933182,0,200000,200000,4,-0.011053556385061846,0.0004904515037397602,0.0,0.01106443181710033
b1.01_float64,1.01,float64,matched,0.17166177927933182,0,200000,200000,5,0.009014124878590643,-0.0017074863323017753,0.0,0.00917441861383184
b1.01_float64,1.01,float64,matched,0.17166177927933182,0,200000,200000,6,-0.008489947529320686,0.003098818005524233,0.0,0.009037802945516106
b1.01_float64,1.01,float64,matched,0.17166177927933182,0,200000,200000,7,0.010177460061147147,-0.004262974772069296,0.0,0.011034203514687617
b1.01_float64,1.01,float64,matched,0.17166177927933182,0,200000,200000,8,-0.007661499866327983,0.005108410285036586,0.0,0.00920838942714801
b1.01_float64,1.01,float64,matched,0.17166177927933182,0,50000,50000,1,0.0018481949779230074,-0.023847793771192276,0.0,0.023919303761391904
b1.01_float64,1.01,float64,matched,0.17166177927933182,0,50000,50000,2,-0.0256795220531857,0.01828429523247115,0.0,0.03152385295341002
b1.01_float64,1.01,float64,matched,0.17166177927933182,0,50000,50000,3,0.01830006747388931,-0.015900269730011803,0.0,0.02424275246410834
b1.01_float64,1.01,float64,matched,0.17166177927933182,0,50000,50000,4,-0.022498503862578807,0.013175293022923475,0.0,0.026072418804061304
b1.01_float64,1.01,float64,matched,0.17166177927933182,0,50000,50000,5,0.022872663881852814,-0.016283748096101554,0.0,0.028077022725166306
b1.01_float64,1.01,float64,matched,0.17166177927933182,0,50000,50000,6,-0.01494936765136688,0.00966074127375823,0.0,0.017799256027548744
b1.01_float64,1.01,float64,matched,0.17166177927933182,0,50000,50000,7,0.014588550307070918,-0.007726573193140963,0.0,0.01650835344214872
b1.01_float64,1.01,float64,matched,0.17166177927933182,0,50000,50000,8,-0.008298358489060638,0.012490763186020031,0.0,0.01499606343618878
b1.01_float64,1.01,float64,matched,0.17166177927933182,50000,100000,50000,1,0.019698486900946957,0.00709183038697258,0.0,0.020936199378692552
b1.01_float64,1.01,float64,matched,0.17166177927933182,50000,100000,50000,2,0.009676369173578392,-0.003243102919384092,0.0,0.010205382742900719
b1.01_float64,1.01,float64,matched,0.17166177927933182,50000,100000,50000,3,-0.007188716110341818,-0.009334098221053648,0.0,0.011781469726454543
b1.01_float64,1.01,float64,matched,0.17166177927933182,50000,100000,50000,4,-0.0015545300863350241,0.003239364326092363,0.0,0.003593055110415175
b1.01_float64,1.01,float64,matched,0.17166177927933182,50000,100000,50000,5,-0.0008307679918607644,-0.0025980030548594297,0.0,0.002727598821190407
b1.01_float64,1.01,float64,matched,0.17166177927933182,50000,100000,50000,6,-0.002780262800143911,0.01288282907536447,0.0,0.013179421315934938
b1.01_float64,1.01,float64,matched,0.17166177927933182,50000,100000,50000,7,0.011142826103723281,-0.012296608512707991,0.0,0.016594250645709182
b1.01_float64,1.01,float64,matched,0.17166177927933182,50000,100000,50000,8,-0.010708291546674608,0.014912844054978698,0.0,0.01835920547454863
b1.01_float64,1.01,float64,matched,0.17166177927933182,100000,150000,50000,1,0.006060858934838934,0.047444355641367175,0.0,0.047829916299869754
b1.01_float64,1.01,float64,matched,0.17166177927933182,100000,150000,50000,2,-0.03059437175447435,-0.025242234427812187,0.0,0.03966340860238319
b1.01_float64,1.01,float64,matched,0.17166177927933182,100000,150000,50000,3,0.013293444560847904,0.0362152155857667,0.0,0.03857794069433847
b1.01_float64,1.01,float64,matched,0.17166177927933182,100000,150000,50000,4,-0.02194428657147078,-0.013805171466020349,0.0,0.025925556355400656
b1.01_float64,1.01,float64,matched,0.17166177927933182,100000,150000,50000,5,0.022940284171054575,0.008676191944750637,0.0,0.02452616856565438
b1.01_float64,1.01,float64,matched,0.17166177927933182,100000,150000,50000,6,-0.021026977788917923,-0.0005727358466718266,0.0,0.021034776473395446
b1.01_float64,1.01,float64,matched,0.17166177927933182,100000,150000,50000,7,0.013883606680423606,-0.004154231618697208,0.0,0.014491796810557572
b1.01_float64,1.01,float64,matched,0.17166177927933182,100000,150000,50000,8,-0.009524538814170733,0.005083304579991737,0.0,0.01079614862233796
b1.01_float64,1.01,float64,matched,0.17166177927933182,150000,200000,50000,1,0.05484648855180612,0.010500158811752942,0.0,0.055842552247685036
b1.01_float64,1.01,float64,matched,0.17166177927933182,150000,200000,50000,2,-0.014162676550648273,-0.026875670848889543,0.0,0.030378990942033175
b1.01_float64,1.01,float64,matched,0.17166177927933182,150000,200000,50000,3,0.008425508823873018,0.001795000834694101,0.0,0.008614593834750111
b1.01_float64,1.01,float64,matched,0.17166177927933182,150000,200000,50000,4,0.0017830949801376393,-0.0006476798680362747,0.0,0.0018970811578979784
b1.01_float64,1.01,float64,matched,0.17166177927933182,150000,200000,50000,5,-0.008925680546684146,0.003375613877003043,0.0,0.009542669556684404
b1.01_float64,1.01,float64,matched,0.17166177927933182,150000,200000,50000,6,0.004796818123146501,-0.009575562480354204,0.0,0.010709848781458768
b1.01_float64,1.01,float64,matched,0.17166177927933182,150000,200000,50000,7,0.0010948571533707333,0.007125514236268754,0.0,0.007209137626481807
b1.01_float64,1.01,float64,matched,0.17166177927933182,150000,200000,50000,8,-0.0021148106154057905,-0.012053270680844023,0.0,0.01223739179910193
b1.01_float64,1.01,float64,double,0.34332355855866364,0,200000,200000,1,-0.3189861909519472,0.006727015421523721,-0.3333333333333333,0.015845921588635476
b1.01_float64,1.01,float64,double,0.34332355855866364,0,200000,200000,2,0.09175645945904472,-0.010103312694666763,0.1111111111111111,0.021832990358149538
b1.01_float64,1.01,float64,double,0.34332355855866364,0,200000,200000,3,-0.021427419528528724,0.010093237938346565,-0.03703703703703703,0.018588534391984952
b1.01_float64,1.01,float64,double,0.34332355855866364,0,200000,200000,4,0.0004937632668228656,-0.007859974101101837,0.012345679012345677,0.014221360684159697
b1.01_float64,1.01,float64,double,0.34332355855866364,0,200000,200000,5,0.008163356451202594,0.005129959743581141,-0.004115226337448558,0.013307144031253416
b1.01_float64,1.01,float64,double,0.34332355855866364,0,200000,200000,6,-0.010047057566286058,-0.0027518063627919517,0.0013717421124828527,0.011745698121531783
b1.01_float64,1.01,float64,double,0.34332355855866364,0,200000,200000,7,0.008914297380194157,0.0019648354149268614,-0.00045724737082761756,0.009575303088057036
b1.01_float64,1.01,float64,double,0.34332355855866364,0,200000,200000,8,-0.009854313159480392,0.0001976454043968081,0.0001524157902758725,0.010008680631320458
b1.01_float64,1.01,float64,double,0.34332355855866364,0,50000,50000,1,-0.33802048869224877,-0.017065849510294016,-0.3333333333333333,0.017697814691837305
b1.01_float64,1.01,float64,double,0.34332355855866364,0,50000,50000,2,0.09985624029512813,0.019406604278376174,0.1111111111111111,0.022434090280239884
b1.01_float64,1.01,float64,double,0.34332355855866364,0,50000,50000,3,-0.01872106285814952,-0.021176851098972296,-0.03703703703703703,0.027998820199960535
b1.01_float64,1.01,float64,double,0.34332355855866364,0,50000,50000,4,-0.003602877942239238,0.018076623927421074,0.012345679012345677,0.024106447302475967
b1.01_float64,1.01,float64,double,0.34332355855866364,0,50000,50000,5,0.01631465208886395,-0.01368174653123389,-0.004115226337448558,0.024588007659402576
b1.01_float64,1.01,float64,double,0.34332355855866364,0,50000,50000,6,-0.02117496292517516,0.016771689088298906,0.0013717421124828527,0.028100595419487426
b1.01_float64,1.01,float64,double,0.34332355855866364,0,50000,50000,7,0.019946803926427795,-0.01672435899444494,-0.00045724737082761756,0.02638237087746478
b1.01_float64,1.01,float64,double,0.34332355855866364,0,50000,50000,8,-0.024071126460227646,0.016534687898424195,0.0001524157902758725,0.02932875556617131
b1.01_float64,1.01,float64,double,0.34332355855866364,50000,100000,50000,1,-0.31372653434704295,0.004535434920202403,-0.3333333333333333,0.02012453071264491
b1.01_float64,1.01,float64,double,0.34332355855866364,50000,100000,50000,2,0.10141721033946775,-0.009492573962625825,0.1111111111111111,0.013567633272107164
b1.01_float64,1.01,float64,double,0.34332355855866364,50000,100000,50000,3,-0.04011194981776567,0.004773725842857212,-0.03703703703703703,0.005678340165211234
b1.01_float64,1.01,float64,double,0.34332355855866364,50000,100000,50000,4,0.01979567971180889,0.004531396329617699,0.012345679012345677,0.00871986600344725
b1.01_float64,1.01,float64,double,0.34332355855866364,50000,100000,50000,5,-0.0076659674291944336,-0.005842754957057978,-0.004115226337448558,0.006837071579911846
b1.01_float64,1.01,float64,double,0.34332355855866364,50000,100000,50000,6,0.003820209588804165,0.0013533542296673062,0.0013717421124828527,0.002797599087353591
b1.01_float64,1.01,float64,double,0.34332355855866364,50000,100000,50000,7,-0.0032756160184174215,-0.0024607694450871657,-0.00045724737082761756,0.00374146870835395
b1.01_float64,1.01,float64,double,0.34332355855866364,50000,100000,50000,8,0.004272879407710684,0.002997379851703192,0.0001524157902758725,0.005095341637024962
b1.01_float64,1.01,float64,double,0.34332355855866364,100000,150000,50000,1,-0.33623191433633376,0.03790519105198999,-0.3333333333333333,0.03801585564628024
b1.01_float64,1.01,float64,double,0.34332355855866364,100000,150000,50000,2,0.09196404732839211,-0.028845748241206007,0.1111111111111111,0.03462206295261085
b1.01_float64,1.01,float64,double,0.34332355855866364,100000,150000,50000,3,-0.016383839777146112,0.03548622550659949,-0.03703703703703703,0.04105882070592381
b1.01_float64,1.01,float64,double,0.34332355855866364,100000,150000,50000,4,-0.0067313902016350995,-0.03674574988520937,0.012345679012345677,0.041402713732572864
b1.01_float64,1.01,float64,double,0.34332355855866364,100000,150000,50000,5,0.01324694565952519,0.032247684268008336,-0.004115226337448558,0.036624556749558786
b1.01_float64,1.01,float64,double,0.34332355855866364,100000,150000,50000,6,-0.01667501214779221,-0.026911846250471584,0.0013717421124828527,0.03240266667945368
b1.01_float64,1.01,float64,double,0.34332355855866364,100000,150000,50000,7,0.02103245880088448,0.023361064102064268,-0.00045724737082761756,0.03174187750161097
b1.01_float64,1.01,float64,double,0.34332355855866364,100000,150000,50000,8,-0.021612814561615387,-0.016528312258394396,0.0001524157902758725,0.027329660780585605
b1.01_float64,1.01,float64,double,0.34332355855866364,150000,200000,50000,1,-0.2879658264321802,0.001533285224197213,-0.3333333333333333,0.04539340971996833
b1.01_float64,1.01,float64,double,0.34332355855866364,150000,200000,50000,2,0.07378833987318803,-0.02148153285321134,0.1111111111111111,0.04306327329177307
b1.01_float64,1.01,float64,double,0.34332355855866364,150000,200000,50000,3,-0.010492825661052802,0.021289851502902336,-0.03703703703703703,0.0340272381275437
b1.01_float64,1.01,float64,double,0.34332355855866364,150000,200000,50000,4,-0.007486358500642921,-0.017302166776236298,0.012345679012345677,0.0263187136286955
b1.01_float64,1.01,float64,double,0.34332355855866364,150000,200000,50000,5,0.010757795485615854,0.007796656194607762,-0.004115226337448558,0.016792695613458426
b1.01_float64,1.01,float64,double,0.34332355855866364,150000,200000,50000,6,-0.006158464780981227,-0.0022204225186624026,0.0013717421124828527,0.007850751048132721
b1.01_float64,1.01,float64,double,0.34332355855866364,150000,200000,50000,7,-0.0020464571881186567,0.003683405997176244,-0.00045724737082761756,0.004011616579810207
b1.01_float64,1.01,float64,double,0.34332355855866364,150000,200000,50000,8,0.0019938089762097364,-0.0022131738741460526,0.0001524157902758725,0.0028790393297776105
b1.02_float64,1.02,float64,fixed,1.0,0,200000,200000,1,-0.5991149144481009,-0.00400788020919764,-0.6120881311695638,0.0135781978138972
b1.02_float64,1.02,float64,fixed,1.0,0,200000,200000,2,0.35567260631784325,0.0038251210849962487,0.3746518803186492,0.01936089855643461
b1.02_float64,1.02,float64,fixed,1.0,0,200000,200000,3,-0.20795999260483652,-0.0037010584454176174,-0.2293199692634051,0.021678248002802047
b1.02_float64,1.02,float64,fixed,1.0,0,200000,200000,4,0.12177426883433391,0.002114981724000874,0.14036403142629944,0.01870968788939299
b1.02_float64,1.02,float64,fixed,1.0,0,200000,200000,5,-0.06852215516915706,-0.0024348254651488234,-0.08591515767914955,0.01756259978927784
b1.02_float64,1.02,float64,fixed,1.0,0,200000,200000,6,0.03972059515124795,0.00028436443858464994,0.05258764830296905,0.012870195023508679
b1.02_float64,1.02,float64,fixed,1.0,0,200000,200000,7,-0.019788127865710527,-6.591817821820318e-05,-0.03218827537236661,0.012400322713262293
b1.02_float64,1.02,float64,fixed,1.0,0,200000,200000,8,0.009133114838882494,-8.879292018371463e-05,0.019702061318243175,0.010569319460886083
b1.02_float64,1.02,float64,fixed,1.0,0,50000,50000,1,-0.6007880576630191,-0.008257075332130872,-0.6120881311695638,0.013995390465928343
b1.02_float64,1.02,float64,fixed,1.0,0,50000,50000,2,0.3603397160153087,0.008017969781985976,0.3746518803186492,0.016405056734758807
b1.02_float64,1.02,float64,fixed,1.0,0,50000,50000,3,-0.209967566774527,-0.00766746271007812,-0.2293199692634051,0.020815990644261293
b1.02_float64,1.02,float64,fixed,1.0,0,50000,50000,4,0.11905179959159191,0.003604975130265474,0.14036403142629944,0.021614973316341463
b1.02_float64,1.02,float64,fixed,1.0,0,50000,50000,5,-0.062115974331986006,-0.007545671653958005,-0.08591515767914955,0.024966743654334496
b1.02_float64,1.02,float64,fixed,1.0,0,50000,50000,6,0.03345669132147691,0.007512239732797354,0.05258764830296905,0.020553035319162038
b1.02_float64,1.02,float64,fixed,1.0,0,50000,50000,7,-0.011729526684637177,-0.005033036101567659,-0.03218827537236661,0.02106874106982556
b1.02_float64,1.02,float64,fixed,1.0,0,50000,50000,8,0.00027649289963108977,0.0073158818305562485,0.019702061318243175,0.020757524788491577
b1.02_float64,1.02,float64,fixed,1.0,50000,100000,50000,1,-0.5778755532021407,0.004479373506463498,-0.6120881311695638,0.0345045689465528
b1.02_float64,1.02,float64,fixed,1.0,50000,100000,50000,2,0.32582600225273195,-0.009857091391561502,0.3746518803186492,0.04981092871659207
b1.02_float64,1.02,float64,fixed,1.0,50000,100000,50000,3,-0.17832090728018843,0.01469904923823479,-0.2293199692634051,0.05307510124037471
b1.02_float64,1.02,float64,fixed,1.0,50000,100000,50000,4,0.09685953236625625,-0.016361884757229148,0.14036403142629944,0.04647959456873679
b1.02_float64,1.02,float64,fixed,1.0,50000,100000,50000,5,-0.05028890109233012,0.0160542166773064,-0.08591515767914955,0.03907643831660963
b1.02_float64,1.02,float64,fixed,1.0,50000,100000,50000,6,0.023413851268010356,-0.01681756908372003,0.05258764830296905,0.0336740413868407
b1.02_float64,1.02,float64,fixed,1.0,50000,100000,50000,7,-0.009126037826959763,0.013775766816197837,-0.03218827537236661,0.02686333099180053
b1.02_float64,1.02,float64,fixed,1.0,50000,100000,50000,8,0.0003788096919232999,-0.011286608464163805,0.019702061318243175,0.022378015641191417
b1.02_float64,1.02,float64,fixed,1.0,100000,150000,50000,1,-0.6177293706686657,-0.003458487841101629,-0.6120881311695638,0.006617002435640716
b1.02_float64,1.02,float64,fixed,1.0,100000,150000,50000,2,0.3818118481589392,0.00515154198386145,0.3746518803186492,0.00882063060588494
b1.02_float64,1.02,float64,fixed,1.0,100000,150000,50000,3,-0.23673544582768735,-0.007497626577401079,-0.2293199692634051,0.010545316352275569
b1.02_float64,1.02,float64,fixed,1.0,100000,150000,50000,4,0.14941073535656024,0.0060761927177509405,0.14036403142629944,0.010897842444495416
b1.02_float64,1.02,float64,fixed,1.0,100000,150000,50000,5,-0.09483911540533764,-0.005846285916504578,-0.08591515767914955,0.010668461956454264
b1.02_float64,1.02,float64,fixed,1.0,100000,150000,50000,6,0.06369082031024868,0.0013411689261646758,0.05258764830296905,0.011183879591257573
b1.02_float64,1.02,float64,fixed,1.0,100000,150000,50000,7,-0.04447252642230424,-0.003847990874057042,-0.03218827537236661,0.012872834094507703
b1.02_float64,1.02,float64,fixed,1.0,100000,150000,50000,8,0.03182286926610432,0.00039169614768861467,0.019702061318243175,0.012127135324595337
b1.02_float64,1.02,float64,fixed,1.0,150000,200000,50000,1,-0.6000666762585926,-0.008795331170021767,-0.6120881311695638,0.014895409647501209
b1.02_float64,1.02,float64,fixed,1.0,150000,200000,50000,2,0.354712858844417,0.011988063965699064,0.3746518803186492,0.023265387488618915
b1.02_float64,1.02,float64,fixed,1.0,150000,200000,50000,3,-0.20681605053692284,-0.01433819373242615,-0.2293199692634051,0.02668351846283962
b1.02_float64,1.02,float64,fixed,1.0,150000,200000,50000,4,0.12177500802292263,0.015140643805216495,0.14036403142629944,0.023974796890228946
b1.02_float64,1.02,float64,fixed,1.0,150000,200000,50000,5,-0.066844629846977,-0.012401560967439192,-0.08591515767914955,0.022748269081993445
b1.02_float64,1.02,float64,fixed,1.0,150000,200000,50000,6,0.038321017705253854,0.009101618179096611,0.05258764830296905,0.01692265351798368
b1.02_float64,1.02,float64,fixed,1.0,150000,200000,50000,7,-0.013824420528940515,-0.005158412553446036,-0.03218827537236661,0.01907460051434823
b1.02_float64,1.02,float64,fixed,1.0,150000,200000,50000,8,0.004054287497870974,0.0032238588051841095,0.019702061318243175,0.015976422976664358
b1.02_float64,1.02,float64,half,0.12031348079866064,0,200000,200000,1,0.36137662101352636,-0.004852893837183822,0.33333333333333337,0.02846008718379198
b1.02_float64,1.02,float64,half,0.12031348079866064,0,200000,200000,2,0.11058683320339792,-0.000772850643194962,0.11111111111111113,0.0009338979822245102
b1.02_float64,1.02,float64,half,0.12031348079866064,0,200000,200000,3,0.0546093181671613,-0.01046905778698611,0.03703703703703705,0.02045449180652933
b1.02_float64,1.02,float64,half,0.12031348079866064,0,200000,200000,4,0.0038221159522605444,0.007101113049424777,0.012345679012345685,0.011094004406883875
b1.02_float64,1.02,float64,half,0.12031348079866064,0,200000,200000,5,0.006211801069775252,-0.004819238268962863,0.004115226337448562,0.00525553832649586
b1.02_float64,1.02,float64,half,0.12031348079866064,0,200000,200000,6,-0.00600810703474735,0.0022303998977210057,0.0013717421124828542,0.0077095302800902375
b1.02_float64,1.02,float64,half,0.12031348079866064,0,200000,200000,7,0.005603142970906641,-0.0017526894288568012,0.0004572473708276181,0.0054361900041241225
b1.02_float64,1.02,float64,half,0.12031348079866064,0,200000,200000,8,-0.004454358333166384,-0.00031773942384625756,0.00015241579027587272,0.00461771871879214
b1.02_float64,1.02,float64,half,0.12031348079866064,0,50000,50000,1,0.36462917050267046,-0.01320716375477702,0.33333333333333337,0.033968494205294957
b1.02_float64,1.02,float64,half,0.12031348079866064,0,50000,50000,2,0.09645281031429201,0.005120603544469165,0.11111111111111113,0.015526956009136445
b1.02_float64,1.02,float64,half,0.12031348079866064,0,50000,50000,3,0.05390182307733989,-0.023990572600977027,0.03703703703703705,0.02932522091831438
b1.02_float64,1.02,float64,half,0.12031348079866064,0,50000,50000,4,0.007021595658416731,0.02022077536768101,0.012345679012345685,0.020909940698858962
b1.02_float64,1.02,float64,half,0.12031348079866064,0,50000,50000,5,0.00456961492687539,-0.021551465781631036,0.004115226337448562,0.021556255387404716
b1.02_float64,1.02,float64,half,0.12031348079866064,0,50000,50000,6,-0.003481310097875703,0.009906488098665903,0.0013717421124828542,0.011031347252510695
b1.02_float64,1.02,float64,half,0.12031348079866064,0,50000,50000,7,0.007500831781198335,-0.015144083450803349,0.0004572473708276181,0.01670195631987203
b1.02_float64,1.02,float64,half,0.12031348079866064,0,50000,50000,8,0.0009026848109176035,0.01253577955064773,0.00015241579027587272,0.012558211359336666
b1.02_float64,1.02,float64,half,0.12031348079866064,50000,100000,50000,1,0.397861050941404,0.01829618457774444,0.33333333333333337,0.0670714299072996
b1.02_float64,1.02,float64,half,0.12031348079866064,50000,100000,50000,2,0.12681540734530325,0.0012702397686558781,0.11111111111111113,0.015755584066645567
b1.02_float64,1.02,float64,half,0.12031348079866064,50000,100000,50000,3,0.06690177451993608,-0.010404920160981079,0.03703703703703705,0.031625383926189174
b1.02_float64,1.02,float64,half,0.12031348079866064,50000,100000,50000,4,0.004232779987713938,-0.00045058302321414903,0.012345679012345685,0.008125401875887714
b1.02_float64,1.02,float64,half,0.12031348079866064,50000,100000,50000,5,0.006738915441359478,-0.006600916895058856,0.004115226337448562,0.007103228024599402
b1.02_float64,1.02,float64,half,0.12031348079866064,50000,100000,50000,6,-0.007144451143547089,0.006406773065218385,0.0013717421124828542,0.010657030012309134
b1.02_float64,1.02,float64,half,0.12031348079866064,50000,100000,50000,7,-0.0013414431538497603,0.0024091336908677887,0.0004572473708276181,0.0030065283541051858
b1.02_float64,1.02,float64,half,0.12031348079866064,50000,100000,50000,8,-0.0018739585210693984,-0.0041297606424028676,0.00015241579027587272,0.004600121282446776
b1.02_float64,1.02,float64,half,0.12031348079866064,100000,150000,50000,1,0.31970784554709925,-0.007716909247926912,0.33333333333333337,0.015659010369546193
b1.02_float64,1.02,float64,half,0.12031348079866064,100000,150000,50000,2,0.11186355343150461,-0.002081890047110529,0.11111111111111113,0.0022136927550536474
b1.02_float64,1.02,float64,half,0.12031348079866064,100000,150000,50000,3,0.04195172047547374,-0.0004469178843835336,0.03703703703703705,0.0049349618940196256
b1.02_float64,1.02,float64,half,0.12031348079866064,100000,150000,50000,4,0.009311961354864907,-0.004214997737713257,0.012345679012345685,0.005193231051497568
b1.02_float64,1.02,float64,half,0.12031348079866064,100000,150000,50000,5,-0.004882087274176076,0.010121231545400726,0.004115226337448562,0.0135421925928389
b1.02_float64,1.02,float64,half,0.12031348079866064,100000,150000,50000,6,-0.002133403173154699,-0.004499134843904636,0.0013717421124828542,0.005703354961517296
b1.02_float64,1.02,float64,half,0.12031348079866064,100000,150000,50000,7,0.0054566945032565855,0.0036614255235183743,0.0004572473708276181,0.006196814382747319
b1.02_float64,1.02,float64,half,0.12031348079866064,100000,150000,50000,8,-0.001489803679979053,-0.0030613052320581733,0.00015241579027587272,0.0034739710004994453
b1.02_float64,1.02,float64,half,0.12031348079866064,150000,200000,50000,1,0.36330841706293054,-0.016783686923775278,0.33333333333333337,0.03435400691843189
b1.02_float64,1.02,float64,half,0.12031348079866064,150000,200000,50000,2,0.10721556172248604,-0.007400355838794115,0.11111111111111113,0.008363047983838873
b1.02_float64,1.02,float64,half,0.12031348079866064,150000,200000,50000,3,0.055681954595885784,-0.00703382050160365,0.03703703703703705,0.019927558345794544
b1.02_float64,1.02,float64,half,0.12031348079866064,150000,200000,50000,4,-0.005277873191954199,0.012849257590945623,0.012345679012345685,0.021810387730073873
b1.02_float64,1.02,float64,half,0.12031348079866064,150000,200000,50000,5,0.01842076118504225,-0.0012458019445624742,0.004115226337448562,0.01435967791285003
b1.02_float64,1.02,float64,half,0.12031348079866064,150000,200000,50000,6,-0.011273263724411871,-0.002892526729095151,0.0013717421124828542,0.012971618383749637
b1.02_float64,1.02,float64,half,0.12031348079866064,150000,200000,50000,7,0.010796488753021331,0.0020627665209898144,0.0004572473708276181,0.010543003276077618
b1.02_float64,1.02,float64,half,0.12031348079866064,150000,200000,50000,8,-0.015356355942534698,-0.0066156713715718575,0.00015241579027587272,0.01686087507684757
b1.02_float64,1.02,float64,matched,0.24062696159732128,0,200000,200000,1,0.02622787562173459,-0.005390174826909539,0.0,0.026776023683396846
b1.02_float64,1.02,float64,matched,0.24062696159732128,0,200000,200000,2,-0.010926634194410695,-0.001159929370762049,0.0,0.010988028529432453
b1.02_float64,1.02,float64,matched,0.24062696159732128,0,200000,200000,3,0.008086976624868517,-0.0013922095166682975,0.0,0.008205939207029965
b1.02_float64,1.02,float64,matched,0.24062696159732128,0,200000,200000,4,-0.014450516271992004,0.0041858150499563635,0.0,0.015044549450201122
b1.02_float64,1.02,float64,matched,0.24062696159732128,0,200000,200000,5,0.014866668436940561,-0.00815409142846241,0.0,0.016956032479257904
b1.02_float64,1.02,float64,matched,0.24062696159732128,0,200000,200000,6,-0.010988273561953253,0.007602310376544578,0.0,0.013361784272081262
b1.02_float64,1.02,float64,matched,0.24062696159732128,0,200000,200000,7,0.008525471914747146,-0.007188665488284957,0.0,0.011151707621328744
b1.02_float64,1.02,float64,matched,0.24062696159732128,0,200000,200000,8,-0.0062850508216449755,0.006843741016512801,0.0,0.00929185960568496
b1.02_float64,1.02,float64,matched,0.24062696159732128,0,50000,50000,1,0.024962671909155975,-0.01214115462152152,0.0,0.02775864954186097
b1.02_float64,1.02,float64,matched,0.24062696159732128,0,50000,50000,2,-0.020764560257203996,0.002562176923758527,0.0,0.02092203893657825
b1.02_float64,1.02,float64,matched,0.24062696159732128,0,50000,50000,3,0.020634553795621593,-0.010120402954907832,0.0,0.02298276237344216
b1.02_float64,1.02,float64,matched,0.24062696159732128,0,50000,50000,4,-0.019261443785184247,0.010359661909844404,0.0,0.021870660977119413
b1.02_float64,1.02,float64,matched,0.24062696159732128,0,50000,50000,5,0.021549323605537584,-0.017435807712920432,0.0,0.02771968142778908
b1.02_float64,1.02,float64,matched,0.24062696159732128,0,50000,50000,6,-0.00943857460152488,0.0233838589380311,0.0,0.02521689016001552
b1.02_float64,1.02,float64,matched,0.24062696159732128,0,50000,50000,7,0.007066971768580331,-0.02162014101791196,0.0,0.022745825718410634
b1.02_float64,1.02,float64,matched,0.24062696159732128,0,50000,50000,8,-0.003963373794969129,0.020423238548667455,0.0,0.020804254484466014
b1.02_float64,1.02,float64,matched,0.24062696159732128,50000,100000,50000,1,0.06468851916387078,0.015548957396353879,0.0,0.06653100471004557
b1.02_float64,1.02,float64,matched,0.24062696159732128,50000,100000,50000,2,-0.017275913012166876,-0.015416090001117587,0.0,0.023154114133918283
b1.02_float64,1.02,float64,matched,0.24062696159732128,50000,100000,50000,3,0.009693486597729091,0.0011576362449317334,0.0,0.009762366726154737
b1.02_float64,1.02,float64,matched,0.24062696159732128,50000,100000,50000,4,-0.020945198913814286,0.004637185398529444,0.0,0.021452385554049273
b1.02_float64,1.02,float64,matched,0.24062696159732128,50000,100000,50000,5,0.01753677319831609,-0.004156838186774062,0.0,0.018022700072969106
b1.02_float64,1.02,float64,matched,0.24062696159732128,50000,100000,50000,6,-0.013403513285915889,0.0005730087065315707,0.0,0.01341575593783238
b1.02_float64,1.02,float64,matched,0.24062696159732128,50000,100000,50000,7,0.011381968474509082,-0.0013542545325884484,0.0,0.011462251597908455
b1.02_float64,1.02,float64,matched,0.24062696159732128,50000,100000,50000,8,-0.009591963295017597,0.008851563480945268,0.0,0.013052047192305457
b1.02_float64,1.02,float64,matched,0.24062696159732128,100000,150000,50000,1,-0.011608740830663987,-0.007561099548284148,0.0,0.013853991845406432
b1.02_float64,1.02,float64,matched,0.24062696159732128,100000,150000,50000,2,0.008994111485552679,0.0030698482361928704,0.0,0.009503578778955173
b1.02_float64,1.02,float64,matched,0.24062696159732128,100000,150000,50000,3,-0.008288978534114165,8.694307060003329e-05,0.0,0.008289434494374798
b1.02_float64,1.02,float64,matched,0.24062696159732128,100000,150000,50000,4,-0.0027137318391590557,0.0027323503800921146,0.0,0.0038509841721896384
b1.02_float64,1.02,float64,matched,0.24062696159732128,100000,150000,50000,5,0.007768227565839086,-0.002111856081614732,0.0,0.008050173639376693
b1.02_float64,1.02,float64,matched,0.24062696159732128,100000,150000,50000,6,-0.002149927039235353,-0.002515818993964275,0.0,0.003309309819951391
b1.02_float64,1.02,float64,matched,0.24062696159732128,100000,150000,50000,7,-0.00322527090242666,0.003577046182293646,0.0,0.004816391988231608
b1.02_float64,1.02,float64,matched,0.24062696159732128,100000,150000,50000,8,0.0030538015925944107,-0.008246078553971003,0.0,0.008793379082309183
b1.02_float64,1.02,float64,matched,0.24062696159732128,150000,200000,50000,1,0.02686905224457568,-0.017407402534186548,0.0,0.032015053201719684
b1.02_float64,1.02,float64,matched,0.24062696159732128,150000,200000,50000,2,-0.014660174993824902,0.005144347358118324,0.0,0.015536571069272266
b1.02_float64,1.02,float64,matched,0.24062696159732128,150000,200000,50000,3,0.010308844640238233,0.003306985572702715,0.0,0.010826284283845147
b1.02_float64,1.02,float64,matched,0.24062696159732128,150000,200000,50000,4,-0.014881690549811206,-0.0009859374886410537,0.0,0.014914314813354585
b1.02_float64,1.02,float64,matched,0.24062696159732128,150000,200000,50000,5,0.012612349378069347,-0.00891186373254015,0.0,0.015443207957605528
b1.02_float64,1.02,float64,matched,0.24062696159732128,150000,200000,50000,6,-0.01896107932113592,0.008968192855579291,0.0,0.020975009228061656
b1.02_float64,1.02,float64,matched,0.24062696159732128,150000,200000,50000,7,0.018878218318325233,-0.009357312584932826,0.0,0.021070036205153818
b1.02_float64,1.02,float64,matched,0.24062696159732128,150000,200000,50000,8,-0.014638667789187413,0.006346240590409105,0.0,0.015955104646273845
b1.02_float64,1.02,float64,double,0.48125392319464255,0,200000,200000,1,-0.31280267359062913,-0.005203055642220085,-0.33333333333333337,0.021179702016004255
b1.02_float64,1.02,float64,double,0.48125392319464255,0,200000,200000,2,0.09058299757937925,0.0022336311671196586,0.11111111111111113,0.020649274887085064
b1.02_float64,1.02,float64,double,0.48125392319464255,0,200000,200000,3,-0.02285059883078102,-0.0010391867772658221,-0.03703703703703705,0.014224448605762014
b1.02_float64,1.02,float64,double,0.48125392319464255,0,200000,200000,4,0.0027836121769115696,-0.00044147746520696867,0.012345679012345685,0.009572252844424586
b1.02_float64,1.02,float64,double,0.48125392319464255,0,200000,200000,5,0.00620661578020311,-0.00015712985061107994,-0.004115226337448562,0.010323038045637582
b1.02_float64,1.02,float64,double,0.48125392319464255,0,200000,200000,6,-0.00985764041027746,0.0013809702154367967,0.0013717421124828542,0.011313978547725746
b1.02_float64,1.02,float64,double,0.48125392319464255,0,200000,200000,7,0.013661860530862859,-0.00414104630801642,-0.0004572473708276181,0.014713853080166149
b1.02_float64,1.02,float64,double,0.48125392319464255,0,200000,200000,8,-0.013623941265932318,0.004945067303523678,0.00015241579027587272,0.014636997792461272
b1.02_float64,1.02,float64,double,0.48125392319464255,0,50000,50000,1,-0.31568354506714813,-0.010817483367919717,-0.33333333333333337,0.020701037951184716
b1.02_float64,1.02,float64,double,0.48125392319464255,0,50000,50000,2,0.0909120757893402,0.005421210848620921,0.11111111111111113,0.020913884263698
b1.02_float64,1.02,float64,double,0.48125392319464255,0,50000,50000,3,-0.013374646923596061,-0.005712458730631618,-0.03703703703703705,0.024342162817421117
b1.02_float64,1.02,float64,double,0.48125392319464255,0,50000,50000,4,-0.00644943403144243,0.00715213722238565,0.012345679012345685,0.020109931406561494
b1.02_float64,1.02,float64,double,0.48125392319464255,0,50000,50000,5,0.015242552920176853,-0.007212909249925299,-0.004115226337448562,0.020657920457650393
b1.02_float64,1.02,float64,double,0.48125392319464255,0,50000,50000,6,-0.020560496655975882,0.0050781218686202475,0.0013717421124828542,0.022512450313309826
b1.02_float64,1.02,float64,double,0.48125392319464255,0,50000,50000,7,0.022751668234856613,-0.01135753270115823,-0.0004572473708276181,0.025838872124178555
b1.02_float64,1.02,float64,double,0.48125392319464255,0,50000,50000,8,-0.020662888655313114,0.010586733702107323,0.00015241579027587272,0.023352854849929838
b1.02_float64,1.02,float64,double,0.48125392319464255,50000,100000,50000,1,-0.2805287511691521,0.009477917083006515,-0.33333333333333337,0.05364843716051864
b1.02_float64,1.02,float64,double,0.48125392319464255,50000,100000,50000,2,0.06342184835019002,-0.017108278421426953,0.11111111111111113,0.050665165283705925
b1.02_float64,1.02,float64,double,0.48125392319464255,50000,100000,50000,3,-0.00899202966634866,0.016382530994244762,-0.03703703703703705,0.03247937438128013
b1.02_float64,1.02,float64,double,0.48125392319464255,50000,100000,50000,4,-0.0049471385549209775,-0.011261603450870572,0.012345679012345685,0.02063650289412977
b1.02_float64,1.02,float64,double,0.48125392319464255,50000,100000,50000,5,0.012887721150801687,0.006534515734964209,-0.004115226337448562,0.018215381389877355
b1.02_float64,1.02,float64,double,0.48125392319464255,50000,100000,50000,6,-0.015239914986363328,-0.00018170781083596822,0.0013717421124828542,0.016612650881125672
b1.02_float64,1.02,float64,double,0.48125392319464255,50000,100000,50000,7,0.018734477125676594,-0.003244287767841318,-0.0004572473708276181,0.01946401017956692
b1.02_float64,1.02,float64,double,0.48125392319464255,50000,100000,50000,8,-0.01821388998303627,0.004519664099506007,0.00015241579027587272,0.018914242023701674
b1.02_float64,1.02,float64,double,0.48125392319464255,100000,150000,50000,1,-0.3418208762882558,-0.005743535820410561,-0.33333333333333337,0.010248248100626401
b1.02_float64,1.02,float64,double,0.48125392319464255,100000,150000,50000,2,0.11955411320264794,0.0066715527293884636,0.11111111111111113,0.010760757414731809
b1.02_float64,1.02,float64,double,0.48125392319464255,100000,150000,50000,3,-0.04758392173733495,-0.004326896538982455,-0.03703703703703705,0.01139994783060152
b1.02_float64,1.02,float64,double,0.48125392319464255,100000,150000,50000,4,0.024409009662029683,0.0004619687296756926,0.012345679012345685,0.012072173021904694
b1.02_float64,1.02,float64,double,0.48125392319464255,100000,150000,50000,5,-0.014246075945513293,-0.0021404172796022124,-0.004115226337448562,0.010354491774686243
b1.02_float64,1.02,float64,double,0.48125392319464255,100000,150000,50000,6,0.006321678621132499,0.0023901824475694978,0.0013717421124828542,0.005496803031975217
b1.02_float64,1.02,float64,double,0.48125392319464255,100000,150000,50000,7,0.0018704171607424873,-0.00250205588994194,-0.0004572473708276181,0.003417353632260295
b1.02_float64,1.02,float64,double,0.48125392319464255,100000,150000,50000,8,-0.003964887836416624,0.001557944280911827,0.00015241579027587272,0.004402201669256084
b1.02_float64,1.02,float64,double,0.48125392319464255,150000,200000,50000,1,-0.313177521837972,-0.013729120463556354,-0.33333333333333337,0.024387404243571807
b1.02_float64,1.02,float64,double,0.48125392319464255,150000,200000,50000,2,0.08844395297534634,0.013950039511896127,0.11111111111111113,0.02661585355263346
b1.02_float64,1.02,float64,double,0.48125392319464255,150000,200000,50000,3,-0.021451796995845183,-0.01049992283369374,-0.03703703703703705,0.01879223474350758
b1.02_float64,1.02,float64,double,0.48125392319464255,150000,200000,50000,4,-0.0018779883680205554,0.0018815876379813326,0.012345679012345685,0.014347581182439737
b1.02_float64,1.02,float64,double,0.48125392319464255,150000,200000,50000,5,0.010942264995347142,0.0021902913921189953,-0.004115226337448562,0.015215959438024548
b1.02_float64,1.02,float64,double,0.48125392319464255,150000,200000,50000,6,-0.009951828619903035,-0.0017627156436065476,0.0013717421124828542,0.011459948541401116
b1.02_float64,1.02,float64,double,0.48125392319464255,150000,200000,50000,7,0.011290879602175058,0.0005396911268758126,-0.0004572473708276181,0.011760516735510455
b1.02_float64,1.02,float64,double,0.48125392319464255,150000,200000,50000,8,-0.011654098588962975,0.0031159271315695995,0.00015241579027587272,0.012210765073345127
b1.05_float64,1.05,float64,fixed,1.0,0,200000,200000,1,-0.45607824453191503,0.0016341518602759125,-0.45910238242763646,0.0034374208812395415
b1.05_float64,1.05,float64,fixed,1.0,0,200000,200000,2,0.20887617711462475,-0.0029709064130703923,0.21077499755073176,0.0035258763398338844
b1.05_float64,1.05,float64,fixed,1.0,0,200000,200000,3,-0.094607108004634,0.0035643681496177063,-0.0967673035317202,0.004167872961266018
b1.05_float64,1.05,float64,fixed,1.0,0,200000,200000,4,0.04571192437337417,-0.0035141445273217703,0.04442609959251098,0.0037419990815054224
b1.05_float64,1.05,float64,fixed,1.0,0,200000,200000,5,-0.022015894547755127,0.0018818283566042864,-0.02039612816488924,0.002482925914879948
b1.05_float64,1.05,float64,fixed,1.0,0,200000,200000,6,0.011255139647427897,-0.001997081784199294,0.009363911032800067,0.0027504692918787032
b1.05_float64,1.05,float64,fixed,1.0,0,200000,200000,7,-0.008695465994777584,0.0020087987762913693,-0.00429899386399894,0.00483365697172886
b1.05_float64,1.05,float64,fixed,1.0,0,200000,200000,8,0.0037300986730388836,-0.0017519123589202548,0.001973678325003704,0.0024807678956987396
b1.05_float64,1.05,float64,fixed,1.0,0,50000,50000,1,-0.44844472430696025,0.0026997527919464543,-0.45910238242763646,0.010994286777905975
b1.05_float64,1.05,float64,fixed,1.0,0,50000,50000,2,0.1993433214919133,-0.0018224733395265822,0.21077499755073176,0.011576036739188769
b1.05_float64,1.05,float64,fixed,1.0,0,50000,50000,3,-0.08415646551309425,3.4286020613833337e-05,-0.0967673035317202,0.012610884626513367
b1.05_float64,1.05,float64,fixed,1.0,0,50000,50000,4,0.03899336431769379,0.002653252598754797,0.04442609959251098,0.006046020337299743
b1.05_float64,1.05,float64,fixed,1.0,0,50000,50000,5,-0.01803936575517546,-0.004022614824445981,-0.02039612816488924,0.004662162489842293
b1.05_float64,1.05,float64,fixed,1.0,0,50000,50000,6,0.010261047482783382,0.004651213309405564,0.009363911032800067,0.004736944063368294
b1.05_float64,1.05,float64,fixed,1.0,0,50000,50000,7,-0.011371652899459678,-0.005302944519990343,-0.00429899386399894,0.008839894027304854
b1.05_float64,1.05,float64,fixed,1.0,0,50000,50000,8,0.0024957421055202874,0.00397102568758889,0.001973678325003704,0.004005196075402312
b1.05_float64,1.05,float64,fixed,1.0,50000,100000,50000,1,-0.45869411704640767,0.00800101923105025,-0.45910238242763646,0.008011428671413473
b1.05_float64,1.05,float64,fixed,1.0,50000,100000,50000,2,0.21408989196911601,-0.012414922532805807,0.21077499755073176,0.012849857061485332
b1.05_float64,1.05,float64,fixed,1.0,50000,100000,50000,3,-0.10302228610297381,0.01193705179805282,-0.0967673035317202,0.01347657273182179
b1.05_float64,1.05,float64,fixed,1.0,50000,100000,50000,4,0.05197507675545961,-0.010601344372069185,0.04442609959251098,0.013014436549536936
b1.05_float64,1.05,float64,fixed,1.0,50000,100000,50000,5,-0.027634957562027544,0.006108258995387759,-0.02039612816488924,0.009471614381699097
b1.05_float64,1.05,float64,fixed,1.0,50000,100000,50000,6,0.015006676682703522,-0.004602149402184936,0.009363911032800067,0.00728152341888437
b1.05_float64,1.05,float64,fixed,1.0,50000,100000,50000,7,-0.01082072332009923,0.008185707973956654,-0.00429899386399894,0.01046607711291407
b1.05_float64,1.05,float64,fixed,1.0,50000,100000,50000,8,0.007735760680062435,-0.0048674595542700354,0.001973678325003704,0.007542794944775698
b1.05_float64,1.05,float64,fixed,1.0,100000,150000,50000,1,-0.45916448619411937,-0.009635836004578686,-0.45910238242763646,0.009636036134476993
b1.05_float64,1.05,float64,fixed,1.0,100000,150000,50000,2,0.21545300998825806,0.011937630103779654,0.21077499755073176,0.012821498073950525
b1.05_float64,1.05,float64,fixed,1.0,100000,150000,50000,3,-0.09985613119012067,-0.009534164014987023,-0.0967673035317202,0.01002203271636913
b1.05_float64,1.05,float64,fixed,1.0,100000,150000,50000,4,0.051528441077310194,0.007279240759390591,0.04442609959251098,0.010170083608302991
b1.05_float64,1.05,float64,fixed,1.0,100000,150000,50000,5,-0.025774279627433488,-0.0058533411090452275,-0.02039612816488924,0.00794896944848234
b1.05_float64,1.05,float64,fixed,1.0,100000,150000,50000,6,0.01459245170225999,0.004994251907284624,0.009363911032800067,0.0072305041072951845
b1.05_float64,1.05,float64,fixed,1.0,100000,150000,50000,7,-0.012555840626601898,-0.0036363971711167787,-0.00429899386399894,0.009022134051720416
b1.05_float64,1.05,float64,fixed,1.0,100000,150000,50000,8,0.006241278247177837,0.003913280020644954,0.001973678325003704,0.005790178720533559
b1.05_float64,1.05,float64,fixed,1.0,150000,200000,50000,1,-0.4580096505801856,0.005471671422685511,-0.45910238242763646,0.005579717828731719
b1.05_float64,1.05,float64,fixed,1.0,150000,200000,50000,2,0.2066184850092146,-0.009583859883728835,0.21077499755073176,0.010446385345119926
b1.05_float64,1.05,float64,fixed,1.0,150000,200000,50000,3,-0.09139354921234448,0.011820298794791404,-0.0967673035317202,0.012984479161027457
b1.05_float64,1.05,float64,fixed,1.0,150000,200000,50000,4,0.040350815343035244,-0.013387727095363317,0.04442609959251098,0.013994255196113517
b1.05_float64,1.05,float64,fixed,1.0,150000,200000,50000,5,-0.016614975246384417,0.011295010364520495,-0.02039612816488924,0.011911103077706237
b1.05_float64,1.05,float64,fixed,1.0,150000,200000,50000,6,0.005160382721965349,-0.013031642951302328,0.009363911032800067,0.013692821778954718
b1.05_float64,1.05,float64,fixed,1.0,150000,200000,50000,7,-3.364713294906291e-05,0.008788828822315941,-0.00429899386399894,0.009769170630306818
b1.05_float64,1.05,float64,fixed,1.0,150000,200000,50000,8,-0.0015523863406048525,-0.010024495589644987,0.001973678325003704,0.010626553714768724
b1.05_float64,1.05,float64,half,0.18535286628496378,0,200000,200000,1,0.33498918706744135,0.004098713974595547,0.3333333333333333,0.004420555150012762
b1.05_float64,1.05,float64,half,0.18535286628496378,0,200000,200000,2,0.11725008092447116,-0.0008625593128097264,0.1111111111111111,0.006199270839176231
b1.05_float64,1.05,float64,half,0.18535286628496378,0,200000,200000,3,0.03608144698366109,-9.810194225348735e-05,0.03703703703703703,0.0009606124823178849
b1.05_float64,1.05,float64,half,0.18535286628496378,0,200000,200000,4,0.012053599302776968,-0.0005551768625518004,0.012345679012345677,0.0006273212139363706
b1.05_float64,1.05,float64,half,0.18535286628496378,0,200000,200000,5,0.004817885443620248,-0.00026793939868455463,0.004115226337448558,0.0007520115297343778
b1.05_float64,1.05,float64,half,0.18535286628496378,0,200000,200000,6,0.002291896487445942,-0.0020811420600271753,0.0013717421124828527,0.0022754859585982657
b1.05_float64,1.05,float64,half,0.18535286628496378,0,200000,200000,7,0.0005860263714103433,0.0010124207413821657,0.00045724737082761756,0.0010205781638717827
b1.05_float64,1.05,float64,half,0.18535286628496378,0,200000,200000,8,-0.0008767005237530339,0.0008790261457261074,0.0001524157902758725,0.0013534280005491753
b1.05_float64,1.05,float64,half,0.18535286628496378,0,50000,50000,1,0.3465742477019876,6.728652184751215e-05,0.3333333333333333,0.013241085332934659
b1.05_float64,1.05,float64,half,0.18535286628496378,0,50000,50000,2,0.12319356642669933,0.00768049946087628,0.1111111111111111,0.014316975882556591
b1.05_float64,1.05,float64,half,0.18535286628496378,0,50000,50000,3,0.035240206508769016,-0.0002674855759917385,0.03703703703703703,0.001816631079960798
b1.05_float64,1.05,float64,half,0.18535286628496378,0,50000,50000,4,0.008692098586289339,0.0007829309568958937,0.012345679012345677,0.003736526570617146
b1.05_float64,1.05,float64,half,0.18535286628496378,0,50000,50000,5,0.004554466996367403,-0.002019919717589201,0.004115226337448558,0.0020671255457647216
b1.05_float64,1.05,float64,half,0.18535286628496378,0,50000,50000,6,0.002433635250085562,0.0003212830011370401,0.0013717421124828527,0.0011094321982470807
b1.05_float64,1.05,float64,half,0.18535286628496378,0,50000,50000,7,0.0018423533124030257,-0.0013843417611458643,0.00045724737082761756,0.001958295325286748
b1.05_float64,1.05,float64,half,0.18535286628496378,0,50000,50000,8,-0.0009251708102695108,0.004042672107749747,0.0001524157902758725,0.0041838248831007185
b1.05_float64,1.05,float64,half,0.18535286628496378,50000,100000,50000,1,0.3271637792571954,0.015838894983580026,0.3333333333333333,0.01699805847146274
b1.05_float64,1.05,float64,half,0.18535286628496378,50000,100000,50000,2,0.11920240589446111,-0.0013015320694076472,0.1111111111111111,0.008195305790436598
b1.05_float64,1.05,float64,half,0.18535286628496378,50000,100000,50000,3,0.037996708084968224,0.004418593694891492,0.03703703703703703,0.004521607983977847
b1.05_float64,1.05,float64,half,0.18535286628496378,50000,100000,50000,4,0.013252494863951653,-0.0031870486956749565,0.012345679012345677,0.003313547099005432
b1.05_float64,1.05,float64,half,0.18535286628496378,50000,100000,50000,5,0.006922725793124556,0.00023178859524132316,0.004115226337448558,0.002817051498731425
b1.05_float64,1.05,float64,half,0.18535286628496378,50000,100000,50000,6,0.0029354389158306347,-0.008013574799582313,0.0013717421124828527,0.008164712411426429
b1.05_float64,1.05,float64,half,0.18535286628496378,50000,100000,50000,7,-0.0003682787783372641,0.0010719634874430445,0.00045724737082761756,0.001352996356745299
b1.05_float64,1.05,float64,half,0.18535286628496378,50000,100000,50000,8,-0.00042323318155043464,0.0007007981800098392,0.0001524157902758725,0.000906912249266591
b1.05_float64,1.05,float64,half,0.18535286628496378,100000,150000,50000,1,0.32743378344091384,-0.014803867838482776,0.3333333333333333,0.01593609713551004
b1.05_float64,1.05,float64,half,0.18535286628496378,100000,150000,50000,2,0.11874362675654694,-0.00241888005628065,0.1111111111111111,0.00800663948261036
b1.05_float64,1.05,float64,half,0.18535286628496378,100000,150000,50000,3,0.03316100333781389,-0.007238902423521281,0.03703703703703703,0.008211293779592573
b1.05_float64,1.05,float64,half,0.18535286628496378,100000,150000,50000,4,0.01912137441566071,0.007475779287494838,0.012345679012345677,0.010089465999439282
b1.05_float64,1.05,float64,half,0.18535286628496378,100000,150000,50000,5,0.00034085790495276953,-0.007442300617531436,0.004115226337448558,0.00834468067369444
b1.05_float64,1.05,float64,half,0.18535286628496378,100000,150000,50000,6,0.005831923497100581,0.004964173544156359,0.0013717421124828527,0.006673547554351616
b1.05_float64,1.05,float64,half,0.18535286628496378,100000,150000,50000,7,-0.0005691490112898945,-0.0015363275942398699,0.00045724737082761756,0.0018476449902637639
b1.05_float64,1.05,float64,half,0.18535286628496378,100000,150000,50000,8,0.0032456138468633547,0.004595311933863047,0.0001524157902758725,0.005539383177464862
b1.05_float64,1.05,float64,half,0.18535286628496378,150000,200000,50000,1,0.33878493786966596,0.015292542231437304,0.3333333333333333,0.016235203722801142
b1.05_float64,1.05,float64,half,0.18535286628496378,150000,200000,50000,2,0.10786072462018076,-0.007410324586426865,0.1111111111111111,0.008091842980225517
b1.05_float64,1.05,float64,half,0.18535286628496378,150000,200000,50000,3,0.037927870003093264,0.0026953865356075793,0.03703703703703703,0.00283878353344301
b1.05_float64,1.05,float64,half,0.18535286628496378,150000,200000,50000,4,0.0071484293452054514,-0.007292368998923086,0.012345679012345677,0.00895488971004354
b1.05_float64,1.05,float64,half,0.18535286628496378,150000,200000,50000,5,0.00745349108003689,0.008158674145141135,0.004115226337448558,0.0088152127199633
b1.05_float64,1.05,float64,half,0.18535286628496378,150000,200000,50000,6,-0.0020334117132331546,-0.005596449985819724,0.0013717421124828527,0.006550978936049936
b1.05_float64,1.05,float64,half,0.18535286628496378,150000,200000,50000,7,0.0014391799628655248,0.005898388833471444,0.00045724737082761756,0.005979563733762431
b1.05_float64,1.05,float64,half,0.18535286628496378,150000,200000,50000,8,-0.005404011950055626,-0.0058226776387182684,0.0001524157902758725,0.008048444826049016
b1.05_float64,1.05,float64,matched,0.37070573256992756,0,200000,200000,1,0.003197888193373856,0.003350884289297294,0.0,0.004631944992935401
b1.05_float64,1.05,float64,matched,0.37070573256992756,0,200000,200000,2,0.002265554999160821,-0.0032180606848215775,0.0,0.003935562733004889
b1.05_float64,1.05,float64,matched,0.37070573256992756,0,200000,200000,3,-0.003632212116385805,0.0011760556291001585,0.0,0.0038178621899117864
b1.05_float64,1.05,float64,matched,0.37070573256992756,0,200000,200000,4,0.003987375480225797,-0.0011474467342629658,0.0,0.0041491923585532465
b1.05_float64,1.05,float64,matched,0.37070573256992756,0,200000,200000,5,-0.001866891840617122,0.001341700057737478,0.0,0.002299009393085539
b1.05_float64,1.05,float64,matched,0.37070573256992756,0,200000,200000,6,0.001762054105277759,0.0003958980072905128,0.0,0.0018059817003787172
b1.05_float64,1.05,float64,matched,0.37070573256992756,0,200000,200000,7,0.001546652730326898,-0.0006985092019623386,0.0,0.0016970709394287886
b1.05_float64,1.05,float64,matched,0.37070573256992756,0,200000,200000,8,0.0009500056805773735,-0.00013804101361754577,0.0,0.0009599823511762277
b1.05_float64,1.05,float64,matched,0.37070573256992756,0,50000,50000,1,0.015062561090192743,0.0023135292503759274,0.0,0.0152391982790478
b1.05_float64,1.05,float64,matched,0.37070573256992756,0,50000,50000,2,-0.0022673029631776944,0.004367843594036874,0.0,0.004921251912755871
b1.05_float64,1.05,float64,matched,0.37070573256992756,0,50000,50000,3,-0.00584580710753416,-0.005635227929144055,0.0,0.008119683155881274
b1.05_float64,1.05,float64,matched,0.37070573256992756,0,50000,50000,4,0.0070245906359085175,0.0034110492772082344,0.0,0.007808977575434345
b1.05_float64,1.05,float64,matched,0.37070573256992756,0,50000,50000,5,-0.0007522192140767231,-0.0014763299621958189,0.0,0.0016569200051008229
b1.05_float64,1.05,float64,matched,0.37070573256992756,0,50000,50000,6,0.0017854432205702477,0.0017222952396459361,0.0,0.00248074754587953
b1.05_float64,1.05,float64,matched,0.37070573256992756,0,50000,50000,7,0.002851798967904823,-0.0021984328475682076,0.0,0.0036008143993560503
b1.05_float64,1.05,float64,matched,0.37070573256992756,0,50000,50000,8,-4.164960268983688e-05,0.0024632621933753586,0.0,0.0024636142804255303
b1.05_float64,1.05,float64,matched,0.37070573256992756,50000,100000,50000,1,-0.002927123733007148,0.014000248766730714,0.0,0.01430297237914828
b1.05_float64,1.05,float64,matched,0.37070573256992756,50000,100000,50000,2,0.009464561795072957,-0.009199148386940546,0.0,0.013198570415681597
b1.05_float64,1.05,float64,matched,0.37070573256992756,50000,100000,50000,3,-0.005677432413670404,0.0037162428736277993,0.0,0.006785550818289165
b1.05_float64,1.05,float64,matched,0.37070573256992756,50000,100000,50000,4,0.004749778351239612,-0.006966473914153666,0.0,0.008431616285297143
b1.05_float64,1.05,float64,matched,0.37070573256992756,50000,100000,50000,5,-0.0043008560765536675,0.006218020416918797,0.0,0.007560498720087691
b1.05_float64,1.05,float64,matched,0.37070573256992756,50000,100000,50000,6,0.00040572131998128555,-0.0002327067365975878,0.0,0.0004677202312764072
b1.05_float64,1.05,float64,matched,0.37070573256992756,50000,100000,50000,7,0.002100176192813138,4.782082218646076e-06,0.0,0.002100181637185087
b1.05_float64,1.05,float64,matched,0.37070573256992756,50000,100000,50000,8,0.00021250864929825945,-0.005508996913868862,0.0,0.005513094133337759
b1.05_float64,1.05,float64,matched,0.37070573256992756,100000,150000,50000,1,-0.003167092947862333,-0.014408308179855223,0.0,0.01475228193691004
b1.05_float64,1.05,float64,matched,0.37070573256992756,100000,150000,50000,2,0.00767088372367776,0.005220692461920055,0.0,0.009278905478779987
b1.05_float64,1.05,float64,matched,0.37070573256992756,100000,150000,50000,3,-0.00506547318142567,-0.0024144367185194083,0.0,0.005611463554143202
b1.05_float64,1.05,float64,matched,0.37070573256992756,100000,150000,50000,4,0.0070233229594526304,0.004066221741325443,0.0,0.00811549287735515
b1.05_float64,1.05,float64,matched,0.37070573256992756,100000,150000,50000,5,-0.004042112352072849,-0.0035963365845948416,0.0,0.005410388996779731
b1.05_float64,1.05,float64,matched,0.37070573256992756,100000,150000,50000,6,0.007120395014495704,0.0062356157842024815,0.0,0.00946482590281778
b1.05_float64,1.05,float64,matched,0.37070573256992756,100000,150000,50000,7,-0.00478906082795145,-0.008339718884603105,0.0,0.009616964941603183
b1.05_float64,1.05,float64,matched,0.37070573256992756,100000,150000,50000,8,0.007760302702714128,0.00893813997242835,0.0,0.011836918695525186
b1.05_float64,1.05,float64,matched,0.37070573256992756,150000,200000,50000,1,0.0038232083641719923,0.011498067319937837,0.0,0.012117032404417229
b1.05_float64,1.05,float64,matched,0.37070573256992756,150000,200000,50000,2,-0.005805922558929813,-0.013261630408302857,0.0,0.014476863536233016
b1.05_float64,1.05,float64,matched,0.37070573256992756,150000,200000,50000,3,0.002059864237087103,0.00903764429043627,0.0,0.009269415029854134
b1.05_float64,1.05,float64,matched,0.37070573256992756,150000,200000,50000,4,-0.0028481900256977083,-0.005100584041431844,0.0,0.005841929816952024
b1.05_float64,1.05,float64,matched,0.37070573256992756,150000,200000,50000,5,0.0016276202802348611,0.004221446360821795,0.0,0.004524351572759061
b1.05_float64,1.05,float64,matched,0.37070573256992756,150000,200000,50000,6,-0.0022633431339360334,-0.00614161225808871,0.0,0.006545389466688816
b1.05_float64,1.05,float64,matched,0.37070573256992756,150000,200000,50000,7,0.006023696588540869,0.007739332842103381,0.0,0.009807252083619494
b1.05_float64,1.05,float64,matched,0.37070573256992756,150000,200000,50000,8,-0.004131139027012957,-0.0064445693064049,0.0,0.007654984206748287
b1.05_float64,1.05,float64,double,0.7414114651398551,0,200000,200000,1,-0.3300586218498298,0.002118726536511402,-0.3333333333333333,0.0039003509376346252
b1.05_float64,1.05,float64,double,0.7414114651398551,0,200000,200000,2,0.10976213645237963,-0.0034760216662189773,0.1111111111111111,0.003728600173513306
b1.05_float64,1.05,float64,double,0.7414114651398551,0,200000,200000,3,-0.03666238097222534,0.0034200281279017624,-0.03703703703703703,0.003440488273855822
b1.05_float64,1.05,float64,double,0.7414114651398551,0,200000,200000,4,0.015539862123850714,-0.002275480160777007,0.012345679012345677,0.003921812809392329
b1.05_float64,1.05,float64,double,0.7414114651398551,0,200000,200000,5,-0.0062541185082812065,0.0012862916355462356,-0.004115226337448558,0.002495877779484686
b1.05_float64,1.05,float64,double,0.7414114651398551,0,200000,200000,6,0.005310243003017159,-0.0022496919648853798,0.0013717421124828527,0.004535736235894826
b1.05_float64,1.05,float64,double,0.7414114651398551,0,200000,200000,7,-0.0042953823353080135,0.0014493839144131978,-0.00045724737082761756,0.004102681286296396
b1.05_float64,1.05,float64,double,0.7414114651398551,0,200000,200000,8,0.0033895924777746565,-0.0015375561407507674,0.0001524157902758725,0.003583767820610871
b1.05_float64,1.05,float64,double,0.7414114651398551,0,50000,50000,1,-0.3209602617144233,0.002894819402153408,-0.3333333333333333,0.012707197986092754
b1.05_float64,1.05,float64,double,0.7414114651398551,0,50000,50000,2,0.099902685936996,-0.0006613765477655687,0.1111111111111111,0.011227921170976912
b1.05_float64,1.05,float64,double,0.7414114651398551,0,50000,50000,3,-0.02857749301201855,-0.0022434185169939486,-0.03703703703703703,0.008751960452014006
b1.05_float64,1.05,float64,double,0.7414114651398551,0,50000,50000,4,0.013411753275839523,0.004747420664239723,0.012345679012345677,0.0048656466475211985
b1.05_float64,1.05,float64,double,0.7414114651398551,0,50000,50000,5,-0.006503980685462187,-0.0048792603120548905,-0.004115226337448558,0.005432617097490675
b1.05_float64,1.05,float64,double,0.7414114651398551,0,50000,50000,6,0.007624606173834961,0.004873322804492769,0.0013717421124828527,0.007927646821506243
b1.05_float64,1.05,float64,double,0.7414114651398551,0,50000,50000,7,-0.005140291415435147,-0.004057554261601338,-0.00045724737082761756,0.006196341510082641
b1.05_float64,1.05,float64,double,0.7414114651398551,0,50000,50000,8,0.003724097469311781,0.002704746902016072,0.0001524157902758725,0.004480241714497814
b1.05_float64,1.05,float64,double,0.7414114651398551,50000,100000,50000,1,-0.33357843296338335,0.009922165525675873,-0.3333333333333333,0.009925192317913112
b1.05_float64,1.05,float64,double,0.7414114651398551,50000,100000,50000,2,0.11656987214978008,-0.013079052846993573,0.1111111111111111,0.014172497855062145
b1.05_float64,1.05,float64,double,0.7414114651398551,50000,100000,50000,3,-0.04470829454377883,0.010062424786408211,-0.03703703703703703,0.01265308596022586
b1.05_float64,1.05,float64,double,0.7414114651398551,50000,100000,50000,4,0.019553001486991184,-0.006725044611907935,0.012345679012345677,0.009857571825032886
b1.05_float64,1.05,float64,double,0.7414114651398551,50000,100000,50000,5,-0.009923334312812454,0.004221785196502777,-0.004115226337448558,0.007180361306988367
b1.05_float64,1.05,float64,double,0.7414114651398551,50000,100000,50000,6,0.007253677964904721,-0.008079412818811789,0.0013717421124828527,0.009993702060237038
b1.05_float64,1.05,float64,double,0.7414114651398551,50000,100000,50000,7,-0.007450924117319471,0.008692610468954734,-0.00045724737082761756,0.011156746443269307
b1.05_float64,1.05,float64,double,0.7414114651398551,50000,100000,50000,8,0.006024529277149906,-0.006753040831779378,0.0001524157902758725,0.00894903778505865
b1.05_float64,1.05,float64,double,0.7414114651398551,100000,150000,50000,1,-0.3341657776738851,-0.011389023124781123,-0.3333333333333333,0.011419405033403269
b1.05_float64,1.05,float64,double,0.7414114651398551,100000,150000,50000,2,0.1167478950752267,0.011289917702045783,0.1111111111111111,0.012618857918887807
b1.05_float64,1.05,float64,double,0.7414114651398551,100000,150000,50000,3,-0.041209580332006994,-0.007076379483996718,-0.03703703703703703,0.00821494151835109
b1.05_float64,1.05,float64,double,0.7414114651398551,100000,150000,50000,4,0.020177963179481742,0.00529693951640016,0.012345679012345677,0.009455275961872919
b1.05_float64,1.05,float64,double,0.7414114651398551,100000,150000,50000,5,-0.008644166073877323,-0.004298662616702018,-0.004115226337448558,0.006244180925344403
b1.05_float64,1.05,float64,double,0.7414114651398551,100000,150000,50000,6,0.008775665383511844,0.0035398908346291084,0.0013717421124828527,0.008206637979366204
b1.05_float64,1.05,float64,double,0.7414114651398551,100000,150000,50000,7,-0.006408624628256085,-0.0033706063859765883,-0.00045724737082761756,0.006839581761293811
b1.05_float64,1.05,float64,double,0.7414114651398551,100000,150000,50000,8,0.0045550685514421235,0.0034378275133092576,0.0001524157902758725,0.00558587587999151
b1.05_float64,1.05,float64,double,0.7414114651398551,150000,200000,50000,1,-0.3315300150476225,0.007046944342997644,-0.3333333333333333,0.0072740209934317335
b1.05_float64,1.05,float64,double,0.7414114651398551,150000,200000,50000,2,0.10582809264751782,-0.011453574972162515,0.1111111111111111,0.01261327331542511
b1.05_float64,1.05,float64,double,0.7414114651398551,150000,200000,50000,3,-0.03215415600109496,0.012937485726189558,-0.03703703703703703,0.01382827046765145
b1.05_float64,1.05,float64,double,0.7414114651398551,150000,200000,50000,4,0.009016730553092172,-0.012421236211840036,0.012345679012345677,0.012859588130056596
b1.05_float64,1.05,float64,double,0.7414114651398551,150000,200000,50000,5,5.500703902719862e-05,0.010101304274439058,-0.004115226337448558,0.010928274999242708
b1.05_float64,1.05,float64,double,0.7414114651398551,150000,200000,50000,6,-0.002412977510182358,-0.009332568679851593,0.0013717421124828527,0.010070796432573444
b1.05_float64,1.05,float64,double,0.7414114651398551,150000,200000,50000,7,0.0018183108197785687,0.004533085836275897,-0.00045724737082761756,0.005072182200777102
b1.05_float64,1.05,float64,double,0.7414114651398551,150000,200000,50000,8,-0.0007453253868052143,-0.005539758146549207,0.0001524157902758725,0.005612028113194485
b1.1_float64,1.1,float64,fixed,1.0,0,200000,200000,1,-0.33593889085373024,0.0009368988605222169,-0.330724603049372,0.005297789801561289
b1.1_float64,1.1,float64,fixed,1.0,0,200000,200000,2,0.11486030968173021,-0.002022837109091538,0.1093787630621647,0.005842877999101805
b1.1_float64,1.1,float64,fixed,1.0,0,200000,200000,3,-0.041587868245401616,0.002740055731294873,-0.03617424799576573,0.00606755219325467
b1.1_float64,1.1,float64,fixed,1.0,0,200000,200000,4,0.014674598082018455,-0.001309737235598581,0.011963713809009163,0.00301069845184843
b1.1_float64,1.1,float64,fixed,1.0,0,200000,200000,5,-0.006865228851382923,0.0005745928997091994,-0.003956694500480845,0.0029647477246426204
b1.1_float64,1.1,float64,fixed,1.0,0,200000,200000,6,0.0016308967416431373,-0.0023003766825366763,0.0013085762180591609,0.0023228481227755495
b1.1_float64,1.1,float64,fixed,1.0,0,200000,200000,7,-0.0015715075598538996,0.0012733567584973728,-0.00043277835027746446,0.0017082569031482088
b1.1_float64,1.1,float64,fixed,1.0,0,200000,200000,8,0.0011870543666868964,-0.0025893397809642555,0.0001431304481038765,0.002791855592446312
b1.1_float64,1.1,float64,fixed,1.0,0,50000,50000,1,-0.3349407107307379,0.006641973500402353,-0.330724603049372,0.00786710721681861
b1.1_float64,1.1,float64,fixed,1.0,0,50000,50000,2,0.1124914697554812,-0.01470164060597183,0.1093787630621647,0.015027547353636159
b1.1_float64,1.1,float64,fixed,1.0,0,50000,50000,3,-0.04136481785323059,0.014587718802827566,-0.03617424799576573,0.015483654456089868
b1.1_float64,1.1,float64,fixed,1.0,0,50000,50000,4,0.014370692450513369,-0.01257934390172184,0.011963713809009163,0.012807553988894362
b1.1_float64,1.1,float64,fixed,1.0,0,50000,50000,5,-0.009733927206151497,0.0055295713985877085,-0.003956694500480845,0.00799703554997412
b1.1_float64,1.1,float64,fixed,1.0,0,50000,50000,6,0.0013155825774459223,-0.006999512612643975,0.0013085762180591609,0.006999516119249526
b1.1_float64,1.1,float64,fixed,1.0,0,50000,50000,7,-0.004274541553826802,0.003247605897773376,-0.00043277835027746446,0.005030515736919832
b1.1_float64,1.1,float64,fixed,1.0,0,50000,50000,8,0.004748734963595039,-0.006397830011479562,0.0001431304481038765,0.007883135277851139
b1.1_float64,1.1,float64,fixed,1.0,50000,100000,50000,1,-0.3352285520265437,0.0005069010753972187,-0.330724603049372,0.004532384040348409
b1.1_float64,1.1,float64,fixed,1.0,50000,100000,50000,2,0.10803172125586648,0.0007057489269851097,0.1093787630621647,0.0015207245562085837
b1.1_float64,1.1,float64,fixed,1.0,50000,100000,50000,3,-0.031169375341415,0.0023070303041194686,-0.03617424799576573,0.005511001643112922
b1.1_float64,1.1,float64,fixed,1.0,50000,100000,50000,4,0.0025882751569042566,-0.001751693084703613,0.011963713809009163,0.009537676791671078
b1.1_float64,1.1,float64,fixed,1.0,50000,100000,50000,5,0.006563897690759346,-0.0011413836814234616,-0.003956694500480845,0.010582325678347075
b1.1_float64,1.1,float64,fixed,1.0,50000,100000,50000,6,-0.0065167959631212405,-0.00469022429643942,0.0013085762180591609,0.009123302785992733
b1.1_float64,1.1,float64,fixed,1.0,50000,100000,50000,7,0.012761801441963093,0.0027345181128947986,-0.00043277835027746446,0.013474959191164647
b1.1_float64,1.1,float64,fixed,1.0,50000,100000,50000,8,-0.007237209604202466,-0.004854730949747577,0.0001431304481038765,0.008833902415247421
b1.1_float64,1.1,float64,fixed,1.0,100000,150000,50000,1,-0.33195922071641815,-0.001106295638022323,-0.330724603049372,0.0016577607856653074
b1.1_float64,1.1,float64,fixed,1.0,100000,150000,50000,2,0.11458161198671574,0.0018065479364553908,0.1093787630621647,0.005507563197859211
b1.1_float64,1.1,float64,fixed,1.0,100000,150000,50000,3,-0.043605726086892796,0.0004148307895769832,-0.03617424799576573,0.007443047171883475
b1.1_float64,1.1,float64,fixed,1.0,100000,150000,50000,4,0.01757167157591799,0.0026206688777571045,0.011963713809009163,0.006190080426155846
b1.1_float64,1.1,float64,fixed,1.0,100000,150000,50000,5,-0.009447619533106877,0.00036490749034281034,-0.003956694500480845,0.0055030369061480474
b1.1_float64,1.1,float64,fixed,1.0,100000,150000,50000,6,0.0013424050953478241,4.887426003218842e-05,0.0013085762180591609,5.9439769786780006e-05
b1.1_float64,1.1,float64,fixed,1.0,100000,150000,50000,7,-0.005039191669238369,0.00023507419063439742,-0.00043277835027746446,0.004612407564407425
b1.1_float64,1.1,float64,fixed,1.0,100000,150000,50000,8,0.0017574261099843364,0.0014775161726062215,0.0001431304481038765,0.0021883794287734953
b1.1_float64,1.1,float64,fixed,1.0,150000,200000,50000,1,-0.3416270799412096,-0.0022949834956883914,-0.330724603049372,0.01114140707552394
b1.1_float64,1.1,float64,fixed,1.0,150000,200000,50000,2,0.12433643572884813,0.004097995306165102,0.1093787630621647,0.01550888574762868
b1.1_float64,1.1,float64,fixed,1.0,150000,200000,50000,3,-0.0502115537000683,-0.00634935697134453,-0.03617424799576573,0.015406501399915777
b1.1_float64,1.1,float64,fixed,1.0,150000,200000,50000,4,0.024167753144737254,0.006471419166274376,0.011963713809009163,0.013813683148734152
b1.1_float64,1.1,float64,fixed,1.0,150000,200000,50000,5,-0.014843266357032817,-0.002454723608670136,-0.003956694500480845,0.011159888654589346
b1.1_float64,1.1,float64,fixed,1.0,150000,200000,50000,6,0.010382395256900124,0.002439355918904558,0.0013085762180591609,0.009395991126471302
b1.1_float64,1.1,float64,fixed,1.0,150000,200000,50000,7,-0.00973409845831335,-0.0011237711673132158,-0.00043277835027746446,0.00936896031524508
b1.1_float64,1.1,float64,fixed,1.0,150000,200000,50000,8,0.005479265997370806,-0.000582314335236199,0.0001431304481038765,0.005367814507336468
b1.1_float64,1.1,float64,half,0.25147028747231964,0,200000,200000,1,0.3259365631922165,0.002462441635394542,0.3333333333333333,0.007795885281880573
b1.1_float64,1.1,float64,half,0.25147028747231964,0,200000,200000,2,0.11007791410322673,-0.0015110553313825296,0.1111111111111111,0.001830514755909055
b1.1_float64,1.1,float64,half,0.25147028747231964,0,200000,200000,3,0.03637601002677436,0.0006733342580853079,0.03703703703703703,0.000943576033718583
b1.1_float64,1.1,float64,half,0.25147028747231964,0,200000,200000,4,0.014077248358000716,-0.0012262857818132653,0.012345679012345677,0.002121817432648152
b1.1_float64,1.1,float64,half,0.25147028747231964,0,200000,200000,5,0.0022839674570166555,-0.0009751391421380019,0.004115226337448558,0.0020747061077874005
b1.1_float64,1.1,float64,half,0.25147028747231964,0,200000,200000,6,0.0027220904492101907,-0.00041440519941474504,0.0013717421124828527,0.001412505681335216
b1.1_float64,1.1,float64,half,0.25147028747231964,0,200000,200000,7,-0.0020782784002272786,0.0006437288649094539,0.00045724737082761756,0.002615965937698949
b1.1_float64,1.1,float64,half,0.25147028747231964,0,200000,200000,8,0.00156066926805893,0.0009440131971675411,0.0001524157902758725,0.001695387499692787
b1.1_float64,1.1,float64,half,0.25147028747231964,0,50000,50000,1,0.32707588696985984,0.016100623121370047,0.3333333333333333,0.01727384438647469
b1.1_float64,1.1,float64,half,0.25147028747231964,0,50000,50000,2,0.11360065176479596,-0.005802212840246992,0.1111111111111111,0.006313753757462883
b1.1_float64,1.1,float64,half,0.25147028747231964,0,50000,50000,3,0.030279241043199574,-0.002047736826103876,0.03703703703703703,0.007061234509864936
b1.1_float64,1.1,float64,half,0.25147028747231964,0,50000,50000,4,0.01971067066291059,-0.006358505610821235,0.012345679012345677,0.009730040884587074
b1.1_float64,1.1,float64,half,0.25147028747231964,0,50000,50000,5,-0.0026305489459739705,-0.0014095654904367602,0.004115226337448558,0.006891470020704184
b1.1_float64,1.1,float64,half,0.25147028747231964,0,50000,50000,6,0.0027895350839958095,-0.001608756329292974,0.0013717421124828527,0.0021443492805771507
b1.1_float64,1.1,float64,half,0.25147028747231964,0,50000,50000,7,-0.005294734085589909,0.0029367893124443464,0.00045724737082761756,0.0064583296711037
b1.1_float64,1.1,float64,half,0.25147028747231964,0,50000,50000,8,0.005099426204549233,-0.0013664286308298578,0.0001524157902758725,0.0051322547912277935
b1.1_float64,1.1,float64,half,0.25147028747231964,50000,100000,50000,1,0.33541201713705393,0.0012337706305065195,0.3333333333333333,0.0024172538808637503
b1.1_float64,1.1,float64,half,0.25147028747231964,50000,100000,50000,2,0.0947212873559765,-0.003179450900398567,0.1111111111111111,0.016695365547133727
b1.1_float64,1.1,float64,half,0.25147028747231964,50000,100000,50000,3,0.042475016647853886,0.004570319248333359,0.03703703703703703,0.007103480856548166
b1.1_float64,1.1,float64,half,0.25147028747231964,50000,100000,50000,4,0.006127785351033139,-0.002753191263130534,0.012345679012345677,0.006800166447578246
b1.1_float64,1.1,float64,half,0.25147028747231964,50000,100000,50000,5,0.004503388041726167,0.0015702525568346468,0.004115226337448558,0.0016175174190448285
b1.1_float64,1.1,float64,half,0.25147028747231964,50000,100000,50000,6,0.004198765996976583,-0.000883376719999317,0.0013717421124828527,0.0029618268809865934
b1.1_float64,1.1,float64,half,0.25147028747231964,50000,100000,50000,7,-0.002024224035334895,0.0035100457613890593,0.00045724737082761756,0.004298618567243139
b1.1_float64,1.1,float64,half,0.25147028747231964,50000,100000,50000,8,-0.0009397305812766198,0.0029190441475293065,0.0001524157902758725,0.0031166652743149
b1.1_float64,1.1,float64,half,0.25147028747231964,100000,150000,50000,1,0.3273835781602522,-0.0016905183730347936,0.3333333333333333,0.006185259815818054
b1.1_float64,1.1,float64,half,0.25147028747231964,100000,150000,50000,2,0.11596563645485494,-4.033292018450062e-05,0.1111111111111111,0.004854692890132375
b1.1_float64,1.1,float64,half,0.25147028747231964,100000,150000,50000,3,0.038350628153135356,-0.0005580050783362962,0.03703703703703703,0.0014271970038300765
b1.1_float64,1.1,float64,half,0.25147028747231964,100000,150000,50000,4,0.016111002850926464,-0.0001637781014567807,0.012345679012345677,0.00376888403587873
b1.1_float64,1.1,float64,half,0.25147028747231964,100000,150000,50000,5,0.004327063343777437,0.0019219153187438407,0.004115226337448558,0.001933554604781727
b1.1_float64,1.1,float64,half,0.25147028747231964,100000,150000,50000,6,-0.00029003406130074784,-0.0012426171145550273,0.0013717421124828527,0.002074993336167595
b1.1_float64,1.1,float64,half,0.25147028747231964,100000,150000,50000,7,-0.0006389338628532343,-0.00029636885457432567,0.00045724737082761756,0.0011355385484587356
b1.1_float64,1.1,float64,half,0.25147028747231964,100000,150000,50000,8,-3.6020186951795445e-05,0.0006086163060928936,0.0001524157902758725,0.0006371200244505779
b1.1_float64,1.1,float64,half,0.25147028747231964,150000,200000,50000,1,0.3138747705016945,-0.005794108837264269,0.3333333333333333,0.020302890550138418
b1.1_float64,1.1,float64,half,0.25147028747231964,150000,200000,50000,2,0.11602408083728323,0.00297777533529982,0.1111111111111111,0.005744947125762235
b1.1_float64,1.1,float64,half,0.25147028747231964,150000,200000,50000,3,0.03439915426290784,0.0007287596884480431,0.03703703703703703,0.0027366980493935345
b1.1_float64,1.1,float64,half,0.25147028747231964,150000,200000,50000,4,0.014359534567131974,0.004370331848155739,0.012345679012345677,0.004812007341905037
b1.1_float64,1.1,float64,half,0.25147028747231964,150000,200000,50000,5,0.0029359673885368436,-0.005983158953693748,0.004115226337448558,0.006098265551265705
b1.1_float64,1.1,float64,half,0.25147028747231964,150000,200000,50000,6,0.00419009477716896,0.0020771293661883882,0.0013717421124828527,0.0035010824249688067
b1.1_float64,1.1,float64,half,0.25147028747231964,150000,200000,50000,7,-0.00035522161713105467,-0.003575550759621252,0.00045724737082761756,0.0036666973001630095
b1.1_float64,1.1,float64,half,0.25147028747231964,150000,200000,50000,8,0.00211900163591489,0.0016148209658778364,0.0001524157902758725,0.0025446230840944512
b1.1_float64,1.1,float64,matched,0.5029405749446393,0,200000,200000,1,-0.006907174606939816,0.0017563257956377972,0.0,0.007126972804155839
b1.1_float64,1.1,float64,matched,0.5029405749446393,0,200000,200000,2,0.003705075082752493,-0.0024448520595225487,0.0,0.004439018243011065
b1.1_float64,1.1,float64,matched,0.5029405749446393,0,200000,200000,3,-0.0014394600145290458,0.0010768417006778723,0.0,0.0017976743814569905
b1.1_float64,1.1,float64,matched,0.5029405749446393,0,200000,200000,4,-4.31960895584374e-05,-0.001206273556350879,0.0,0.0012070467244081888
b1.1_float64,1.1,float64,matched,0.5029405749446393,0,200000,200000,5,-0.001171303701401628,0.0026192420868624625,0.0,0.002869212691751656
b1.1_float64,1.1,float64,matched,0.5029405749446393,0,200000,200000,6,0.0007203047498128562,-0.0003963794744687438,0.0,0.0008221652026102046
b1.1_float64,1.1,float64,matched,0.5029405749446393,0,200000,200000,7,-0.0019897209392087437,0.00038804094598597237,0.0,0.0020272062528730057
b1.1_float64,1.1,float64,matched,0.5029405749446393,0,200000,200000,8,0.0005543540480637767,-0.00029506758822622233,0.0,0.0006279914746446289
b1.1_float64,1.1,float64,matched,0.5029405749446393,0,50000,50000,1,-0.0053238466437937485,0.012162864015634515,0.0,0.013276995298238638
b1.1_float64,1.1,float64,matched,0.5029405749446393,0,50000,50000,2,0.0030904444657172806,-0.01563738662501598,0.0,0.015939846531755293
b1.1_float64,1.1,float64,matched,0.5029405749446393,0,50000,50000,3,-0.004228447383670008,0.004945066447956775,0.0,0.00650641602198734
b1.1_float64,1.1,float64,matched,0.5029405749446393,0,50000,50000,4,0.0024532111430569633,-0.003042663748750884,0.0,0.003908458468550182
b1.1_float64,1.1,float64,matched,0.5029405749446393,0,50000,50000,5,-0.006339439593985457,0.004507172819535928,0.0,0.007778373942602268
b1.1_float64,1.1,float64,matched,0.5029405749446393,0,50000,50000,6,0.0073731661715539494,-0.004426172189262897,0.0,0.008599684857153303
b1.1_float64,1.1,float64,matched,0.5029405749446393,0,50000,50000,7,-0.009527862423430221,0.00037540615619341574,0.0,0.009535255221645696
b1.1_float64,1.1,float64,matched,0.5029405749446393,0,50000,50000,8,0.004280514207386175,-0.002499331265312758,0.0,0.004956758885946014
b1.1_float64,1.1,float64,matched,0.5029405749446393,50000,100000,50000,1,-0.002665115316551764,0.000535042087428575,0.0,0.0027182916852020746
b1.1_float64,1.1,float64,matched,0.5029405749446393,50000,100000,50000,2,-0.009822213966190275,-0.0009505091669011357,0.0,0.00986809783463796
b1.1_float64,1.1,float64,matched,0.5029405749446393,50000,100000,50000,3,0.01066520517369604,0.0032366036542465447,0.0,0.011145501541506102
b1.1_float64,1.1,float64,matched,0.5029405749446393,50000,100000,50000,4,-0.010480040833698613,-0.0020773295884554395,0.0,0.010683939072039992
b1.1_float64,1.1,float64,matched,0.5029405749446393,50000,100000,50000,5,0.00848343965571159,0.006738494473527563,0.0,0.010834023082948526
b1.1_float64,1.1,float64,matched,0.5029405749446393,50000,100000,50000,6,-0.009856351997253293,-0.0029316330138563144,0.0,0.010283100058916632
b1.1_float64,1.1,float64,matched,0.5029405749446393,50000,100000,50000,7,0.006410634833002548,0.0017317166728950003,0.0,0.0066404127580511245
b1.1_float64,1.1,float64,matched,0.5029405749446393,50000,100000,50000,8,-0.004927611555880254,-0.0034860486590664393,0.0,0.006036049279042007
b1.1_float64,1.1,float64,matched,0.5029405749446393,100000,150000,50000,1,-0.0036016903101884763,-0.0015583629356792418,0.0,0.003924368500766001
b1.1_float64,1.1,float64,matched,0.5029405749446393,100000,150000,50000,2,0.00784279710650717,0.0008410886225701256,0.0,0.007887768792558144
b1.1_float64,1.1,float64,matched,0.5029405749446393,100000,150000,50000,3,-0.003549888448769391,-0.00017182002700487787,0.0,0.0035540441922387953
b1.1_float64,1.1,float64,matched,0.5029405749446393,100000,150000,50000,4,0.000912103871565105,0.0010597195318608867,0.0,0.0013981913169275192
b1.1_float64,1.1,float64,matched,0.5029405749446393,100000,150000,50000,5,-0.0026812896050795463,0.0002816366020824162,0.0,0.0026960402671214237
b1.1_float64,1.1,float64,matched,0.5029405749446393,100000,150000,50000,6,0.0031231156580483472,0.0030038964561646363,0.0,0.004333271896950989
b1.1_float64,1.1,float64,matched,0.5029405749446393,100000,150000,50000,7,-0.0023761383668845916,0.0025289638851852887,0.0,0.0034701141005956046
b1.1_float64,1.1,float64,matched,0.5029405749446393,100000,150000,50000,8,6.835832772360494e-05,-0.0007355165532611804,0.0,0.0007386863076369933
b1.1_float64,1.1,float64,matched,0.5029405749446393,150000,200000,50000,1,-0.016038046157225257,-0.004114239984832594,0.0,0.016557351696273263
b1.1_float64,1.1,float64,matched,0.5029405749446393,150000,200000,50000,2,0.01370927272497575,0.005967398931256707,0.0,0.014951722598166664
b1.1_float64,1.1,float64,matched,0.5029405749446393,150000,200000,50000,3,-0.008644709399373127,-0.003702483272486706,0.0,0.009404221551125535
b1.1_float64,1.1,float64,matched,0.5029405749446393,150000,200000,50000,4,0.0069419414608430105,-0.0007648204200581513,0.0,0.006983945984950708
b1.1_float64,1.1,float64,matched,0.5029405749446393,150000,200000,50000,5,-0.004147925262253059,-0.0010503355476960815,0.0,0.004278841986331248
b1.1_float64,1.1,float64,matched,0.5029405749446393,150000,200000,50000,6,0.0022412891669023037,0.0027683908490795956,0.0,0.00356193276507871
b1.1_float64,1.1,float64,matched,0.5029405749446393,150000,200000,50000,7,-0.0024655177995226026,-0.0030839229303299,0.0,0.003948336188824013
b1.1_float64,1.1,float64,matched,0.5029405749446393,150000,200000,50000,8,0.0027961552130255016,0.005540626124735592,0.0,0.00620620832952232
b1.1_float64,1.1,float64,double,1.0058811498892786,0,200000,200000,1,-0.3385315512820771,0.0009309835149329126,-0.3333333333333333,0.005280927962746619
b1.1_float64,1.1,float64,double,1.0058811498892786,0,200000,200000,2,0.11659137055211473,-0.002012228096102149,0.1111111111111111,0.005838005263054516
b1.1_float64,1.1,float64,double,1.0058811498892786,0,200000,200000,3,-0.042474893202518474,0.002746169424875159,-0.03703703703703703,0.0060919394437718875
b1.1_float64,1.1,float64,double,1.0058811498892786,0,200000,200000,4,0.015085879656782824,-0.0013352536894465957,0.012345679012345677,0.0030482129169325596
b1.1_float64,1.1,float64,double,1.0058811498892786,0,200000,200000,5,-0.007058761266013757,0.0005603475191886862,-0.004115226337448558,0.002996395704499699
b1.1_float64,1.1,float64,double,1.0058811498892786,0,200000,200000,6,0.0017256346898160966,-0.00228801118536367,0.0013717421124828527,0.0023152181626449014
b1.1_float64,1.1,float64,double,1.0058811498892786,0,200000,200000,7,-0.0015811895707067267,0.001267265082234214,-0.00045724737082761756,0.001693873329773859
b1.1_float64,1.1,float64,double,1.0058811498892786,0,200000,200000,8,0.0012254565644593148,-0.002592618244743782,0.0001524157902758725,0.0028059019701405343
b1.1_float64,1.1,float64,double,1.0058811498892786,0,50000,50000,1,-0.33754032309863546,0.006598937333706377,-0.3333333333333333,0.007825901661760186
b1.1_float64,1.1,float64,double,1.0058811498892786,0,50000,50000,2,0.11421805868048593,-0.014654867697069154,0.1111111111111111,0.01498059646400787
b1.1_float64,1.1,float64,double,1.0058811498892786,0,50000,50000,3,-0.04223381988963721,0.014605714729261516,-0.03703703703703703,0.015502691855598695
b1.1_float64,1.1,float64,double,1.0058811498892786,0,50000,50000,4,0.014745608663537134,-0.012685201761962547,0.012345679012345677,0.012910228738189176
b1.1_float64,1.1,float64,double,1.0058811498892786,0,50000,50000,5,-0.009927335799115448,0.005611850276912377,-0.004115226337448558,0.008079200450841612
b1.1_float64,1.1,float64,double,1.0058811498892786,0,50000,50000,6,0.0014139311201689909,-0.007040265626753128,0.0013717421124828527,0.007040392035079521
b1.1_float64,1.1,float64,double,1.0058811498892786,0,50000,50000,7,-0.004205235290479221,0.003260723536371154,-0.00045724737082761756,0.004967869908371108
b1.1_float64,1.1,float64,double,1.0058811498892786,0,50000,50000,8,0.004733469213825983,-0.006363269847932821,0.0001524157902758725,0.007840743180785299
b1.1_float64,1.1,float64,double,1.0058811498892786,50000,100000,50000,1,-0.33784115023497907,0.0005089857106523364,-0.3333333333333333,0.0045364611397444386
b1.1_float64,1.1,float64,double,1.0058811498892786,50000,100000,50000,2,0.10981963276105691,0.0007162348358159478,0.1111111111111111,0.0014767899880128513
b1.1_float64,1.1,float64,double,1.0058811498892786,50000,100000,50000,3,-0.03210273979563592,0.0022851904832698966,-0.03703703703703703,0.0054377738837989445
b1.1_float64,1.1,float64,double,1.0058811498892786,50000,100000,50000,4,0.003035474540928427,-0.001792257416194062,0.012345679012345677,0.009481144126396368
b1.1_float64,1.1,float64,double,1.0058811498892786,50000,100000,50000,5,0.006427956899848645,-0.0011836634801361998,-0.004115226337448558,0.010609419023180905
b1.1_float64,1.1,float64,double,1.0058811498892786,50000,100000,50000,6,-0.006406715459022274,-0.004621697090335381,0.0013717421124828527,0.009047899545558624
b1.1_float64,1.1,float64,double,1.0058811498892786,50000,100000,50000,7,0.012745305171028384,0.0027309189017464073,-0.00045724737082761756,0.013482036629099633
b1.1_float64,1.1,float64,double,1.0058811498892786,50000,100000,50000,8,-0.007294295123122706,-0.004808057408155293,0.0001524157902758725,0.008864023886917639
b1.1_float64,1.1,float64,double,1.0058811498892786,100000,150000,50000,1,-0.3345527497502525,-0.0011009858271587313,-0.3333333333333333,0.0016429078456981216
b1.1_float64,1.1,float64,double,1.0058811498892786,100000,150000,50000,2,0.11627758845244422,0.001815473062649136,0.1111111111111111,0.005476169332636925
b1.1_float64,1.1,float64,double,1.0058811498892786,100000,150000,50000,3,-0.044464693304298794,0.0004219491134529989,-0.03703703703703703,0.007439631622529221
b1.1_float64,1.1,float64,double,1.0058811498892786,100000,150000,50000,4,0.01797589402242849,0.0026198204413979643,0.012345679012345677,0.0062098937353974445
b1.1_float64,1.1,float64,double,1.0058811498892786,100000,150000,50000,5,-0.009687912424722101,0.00032719717626460745,-0.004115226337448558,0.0055822834234251885
b1.1_float64,1.1,float64,double,1.0058811498892786,100000,150000,50000,6,0.0014221397697456895,4.7176169374574076e-05,0.0013717421124828527,6.903270829426344e-05
b1.1_float64,1.1,float64,double,1.0058811498892786,100000,150000,50000,7,-0.005030490812450908,0.0002637667694239634,-0.00045724737082761756,0.004580843643369941
b1.1_float64,1.1,float64,double,1.0058811498892786,100000,150000,50000,8,0.0018545343191549877,0.0014142344715777203,0.0001524157902758725,0.0022129768699542065
b1.1_float64,1.1,float64,double,1.0058811498892786,150000,200000,50000,1,-0.34419198204445045,-0.0022830031574682676,-0.3333333333333333,0.011096051335878718
b1.1_float64,1.1,float64,double,1.0058811498892786,150000,200000,50000,2,0.12605020231446679,0.0040742474141954735,0.1111111111111111,0.015484700125422435
b1.1_float64,1.1,float64,double,1.0058811498892786,150000,200000,50000,3,-0.051098319820499886,-0.006328176626483551,-0.03703703703703703,0.015419646329682199
b1.1_float64,1.1,float64,double,1.0058811498892786,150000,200000,50000,4,0.024586541400237413,0.006516623978972147,0.012345679012345677,0.01386741144131151
b1.1_float64,1.1,float64,double,1.0058811498892786,150000,200000,50000,5,-0.015047753740066101,-0.002513993896285809,-0.004115226337448558,0.01121785722495815
b1.1_float64,1.1,float64,double,1.0058811498892786,150000,200000,50000,6,0.01047318332837203,0.002462741806259528,0.0013717421124828527,0.009428750151031933
b1.1_float64,1.1,float64,double,1.0058811498892786,150000,200000,50000,7,-0.009834337350925124,-0.0011863488786045089,-0.00045724737082761756,0.009451837924795961
b1.1_float64,1.1,float64,double,1.0058811498892786,150000,200000,50000,8,0.005608117847978927,-0.0006133801944649199,0.0001524157902758725,0.0054900746994359885
b1.5_float64,1.5,float64,fixed,1.0,0,200000,200000,1,-0.07197529997055827,0.0008951325016558682,-0.07610213875922993,0.004222802456095442
b1.5_float64,1.5,float64,fixed,1.0,0,200000,200000,2,0.0029718184778447284,0.0024577362365134285,0.005791535523729087,0.003740490827033533
b1.5_float64,1.5,float64,fixed,1.0,0,200000,200000,3,0.0011096377627753012,0.0018415055910521387,-0.0004407482400558403,0.002407247307538428
b1.5_float64,1.5,float64,fixed,1.0,0,200000,200000,4,0.0004502021934286319,0.0009470055971011724,3.354188372261594e-05,0.001034613654764551
b1.5_float64,1.5,float64,fixed,1.0,0,200000,200000,5,0.00047293716137864454,0.0003619059327653474,-2.5526090893044742e-06,0.0005975503543555296
b1.5_float64,1.5,float64,fixed,1.0,0,200000,200000,6,-0.0003512177438493889,-0.002209008223703701,1.9425901111232062e-07,0.002236785132314906
b1.5_float64,1.5,float64,fixed,1.0,0,200000,200000,7,-0.000620562107743435,-0.0004113395963929434,-1.4783526218900612e-08,0.0007444993251533921
b1.5_float64,1.5,float64,fixed,1.0,0,200000,200000,8,0.001267801672941333,0.0008879929057592903,1.1250579636614882e-09,0.0015478532326716893
b1.5_float64,1.5,float64,fixed,1.0,0,50000,50000,1,-0.0709096569161018,-0.00596913954051353,-0.07610213875922993,0.007911541856385356
b1.5_float64,1.5,float64,fixed,1.0,0,50000,50000,2,0.00012788082877197518,0.009793836074766074,0.005791535523729087,0.011313540982517325
b1.5_float64,1.5,float64,fixed,1.0,0,50000,50000,3,0.0019857289395314027,0.000465649726078214,-0.0004407482400558403,0.002470753158543843
b1.5_float64,1.5,float64,fixed,1.0,0,50000,50000,4,-0.004977440468234613,0.0083043815612028,3.354188372261594e-05,0.009699108064439322
b1.5_float64,1.5,float64,fixed,1.0,0,50000,50000,5,0.001502600379924783,0.0024509200679871195,-2.5526090893044742e-06,0.002876194482297751
b1.5_float64,1.5,float64,fixed,1.0,0,50000,50000,6,-0.0064867306153031865,-0.0008790846248806623,1.9425901111232062e-07,0.0065462190692566315
b1.5_float64,1.5,float64,fixed,1.0,0,50000,50000,7,0.0013611937532644288,-0.00384058022627235,-1.4783526218900612e-08,0.004074671171403394
b1.5_float64,1.5,float64,fixed,1.0,0,50000,50000,8,-0.003428819943233181,0.005291583865901212,1.1250579636614882e-09,0.006305368643324769
b1.5_float64,1.5,float64,fixed,1.0,50000,100000,50000,1,-0.07171798413066631,0.007940690592858657,-0.07610213875922993,0.009070577649668723
b1.5_float64,1.5,float64,fixed,1.0,50000,100000,50000,2,0.006544360128422216,-0.0030236003642849355,0.005791535523729087,0.0031159114314009894
b1.5_float64,1.5,float64,fixed,1.0,50000,100000,50000,3,0.00017843500541502442,2.2299899394550942e-05,-0.0004407482400558403,0.0006195846810443591
b1.5_float64,1.5,float64,fixed,1.0,50000,100000,50000,4,0.004513814874099009,-0.0004849950366253188,3.354188372261594e-05,0.004506447187513399
b1.5_float64,1.5,float64,fixed,1.0,50000,100000,50000,5,-0.004158335280950874,0.0005143794710073252,-2.5526090893044742e-06,0.004187495176825719
b1.5_float64,1.5,float64,fixed,1.0,50000,100000,50000,6,-0.0043920077562063205,-0.003553577990120792,1.9425901111232062e-07,0.005649721681140674
b1.5_float64,1.5,float64,fixed,1.0,50000,100000,50000,7,-0.001950602630885022,0.0012858043175548318,-1.4783526218900612e-08,0.002336254629381501
b1.5_float64,1.5,float64,fixed,1.0,50000,100000,50000,8,0.0036284305827593444,0.0004928845157230943,1.1250579636614882e-09,0.003661753060400814
b1.5_float64,1.5,float64,fixed,1.0,100000,150000,50000,1,-0.07051264060285868,-0.0005020244972364304,-0.07610213875922993,0.005611997704552548
b1.5_float64,1.5,float64,fixed,1.0,100000,150000,50000,2,-0.0007530132823111021,-0.0008605714440452203,0.005791535523729087,0.006600886477205022
b1.5_float64,1.5,float64,fixed,1.0,100000,150000,50000,3,0.0008280056650801465,0.0032817757212001007,-0.0004407482400558403,0.0035184923413382977
b1.5_float64,1.5,float64,fixed,1.0,100000,150000,50000,4,-0.00014974026502500255,-0.004230495232352438,3.354188372261594e-05,0.0042344636327410175
b1.5_float64,1.5,float64,fixed,1.0,100000,150000,50000,5,0.005637689209321258,0.0019878177829777306,-2.5526090893044742e-06,0.005980279868741076
b1.5_float64,1.5,float64,fixed,1.0,100000,150000,50000,6,0.005226822011478768,3.75250291628433e-05,1.9425901111232062e-07,0.005226762457839343
b1.5_float64,1.5,float64,fixed,1.0,100000,150000,50000,7,-0.0005138943083842296,-0.0009793902485466014,-1.4783526218900612e-08,0.001106018727244918
b1.5_float64,1.5,float64,fixed,1.0,100000,150000,50000,8,-0.00027542517407514177,-0.0043003899429342705,1.1250579636614882e-09,0.004309201005702145
b1.5_float64,1.5,float64,fixed,1.0,150000,200000,50000,1,-0.07476091823260567,0.0021110034515148075,-0.07610213875922993,0.002501041397767277
b1.5_float64,1.5,float64,fixed,1.0,150000,200000,50000,2,0.0059680462364958544,0.003921280679617773,0.005791535523729087,0.0039252513550172875
b1.5_float64,1.5,float64,fixed,1.0,150000,200000,50000,3,0.001446381441074615,0.003596297017535537,-0.0004407482400558403,0.004061355767688732
b1.5_float64,1.5,float64,fixed,1.0,150000,200000,50000,4,0.0024141746328750643,0.00019913109617954514,3.354188372261594e-05,0.002388946520917287
b1.5_float64,1.5,float64,fixed,1.0,150000,200000,50000,5,-0.0010902056627805923,-0.003505493590910739,-2.5526090893044742e-06,0.003670350729987565
b1.5_float64,1.5,float64,fixed,1.0,150000,200000,50000,6,0.004247045384633202,-0.004440895308976183,1.9425901111232062e-07,0.006144696544865684
b1.5_float64,1.5,float64,fixed,1.0,150000,200000,50000,7,-0.001378945244968914,0.0018888077716923452,-1.4783526218900612e-08,0.002338598729132462
b1.5_float64,1.5,float64,fixed,1.0,150000,200000,50000,8,0.0051470212263142676,0.0020678931843471486,1.1250579636614882e-09,0.005546890853857307
b1.5_float64,1.5,float64,half,0.4292798183200552,0,200000,200000,1,0.3379441140434745,0.00014934508932133502,0.33333333333333337,0.004613198750619153
b1.5_float64,1.5,float64,half,0.4292798183200552,0,200000,200000,2,0.11198922295037847,0.0008788616501505531,0.11111111111111113,0.001242367981866411
b1.5_float64,1.5,float64,half,0.4292798183200552,0,200000,200000,3,0.03671158477717728,0.0024594554365634375,0.03703703703703705,0.002480895043706863
b1.5_float64,1.5,float64,half,0.4292798183200552,0,200000,200000,4,0.01219009733967711,0.0012557853348394666,0.012345679012345685,0.0012653862904537189
b1.5_float64,1.5,float64,half,0.4292798183200552,0,200000,200000,5,0.004475040360784044,0.0024260149315594075,0.004115226337448562,0.002452552666007004
b1.5_float64,1.5,float64,half,0.4292798183200552,0,200000,200000,6,0.000635943318621083,0.0018894537358789731,0.0013717421124828542,0.002027667449330744
b1.5_float64,1.5,float64,half,0.4292798183200552,0,200000,200000,7,0.0021106483407789794,0.0017632175663375499,0.0004572473708276181,0.0024171617557948856
b1.5_float64,1.5,float64,half,0.4292798183200552,0,200000,200000,8,0.0005481402976728339,0.0020979512400737333,0.00015241579027587272,0.002134946671812081
b1.5_float64,1.5,float64,half,0.4292798183200552,0,50000,50000,1,0.3402904032737947,-0.008644832819652178,0.33333333333333337,0.011096574094566559
b1.5_float64,1.5,float64,half,0.4292798183200552,0,50000,50000,2,0.10859567494457416,0.0022744782993436258,0.11111111111111113,0.003391263870905256
b1.5_float64,1.5,float64,half,0.4292798183200552,0,50000,50000,3,0.039984143442614715,0.0016812430736300689,0.03703703703703705,0.0033929359614390006
b1.5_float64,1.5,float64,half,0.4292798183200552,0,50000,50000,4,0.00875784212380442,0.003488781174743124,0.012345679012345685,0.005004414813344261
b1.5_float64,1.5,float64,half,0.4292798183200552,0,50000,50000,5,0.004719288755551502,0.002523142223110921,0.004115226337448562,0.0025944436943224443
b1.5_float64,1.5,float64,half,0.4292798183200552,0,50000,50000,6,-0.0018499937839325283,0.003768354093541955,0.0013717421124828542,0.004957829642148451
b1.5_float64,1.5,float64,half,0.4292798183200552,0,50000,50000,7,0.0019425279014179887,0.0054981803696300905,0.0004572473708276181,0.005695265194135958
b1.5_float64,1.5,float64,half,0.4292798183200552,0,50000,50000,8,-0.002043629702181105,0.009033761733291727,0.00015241579027587272,0.009296852524313084
b1.5_float64,1.5,float64,half,0.4292798183200552,50000,100000,50000,1,0.33654765226479966,0.007766321747149113,0.33333333333333337,0.008405212648911616
b1.5_float64,1.5,float64,half,0.4292798183200552,50000,100000,50000,2,0.115856429893869,0.0033838288194535217,0.11111111111111113,0.005828237111628083
b1.5_float64,1.5,float64,half,0.4292798183200552,50000,100000,50000,3,0.036990004278716675,0.002912972001240631,0.03703703703703705,0.0029133516712486103
b1.5_float64,1.5,float64,half,0.4292798183200552,50000,100000,50000,4,0.012396033328913513,-0.002144478771728594,0.012345679012345685,0.002145069872892627
b1.5_float64,1.5,float64,half,0.4292798183200552,50000,100000,50000,5,0.006654453639451544,0.00010571394502075781,0.004115226337448562,0.00254142690813826
b1.5_float64,1.5,float64,half,0.4292798183200552,50000,100000,50000,6,0.0037333965525845835,-0.0002934502605498025,0.0013717421124828542,0.002379816116818474
b1.5_float64,1.5,float64,half,0.4292798183200552,50000,100000,50000,7,0.004650708329198394,0.000736510476849705,0.0004572473708276181,0.0042576475302553325
b1.5_float64,1.5,float64,half,0.4292798183200552,50000,100000,50000,8,0.0034856460456427463,-0.0005144729310816938,0.00015241579027587272,0.0033727001544917837
b1.5_float64,1.5,float64,half,0.4292798183200552,100000,150000,50000,1,0.34048318887225887,0.0005769917556800157,0.33333333333333337,0.007173099310174531
b1.5_float64,1.5,float64,half,0.4292798183200552,100000,150000,50000,2,0.11088311473716751,-0.0038139293527764888,0.11111111111111113,0.003820738077191569
b1.5_float64,1.5,float64,half,0.4292798183200552,100000,150000,50000,3,0.035406283664060775,0.0014539143541821432,0.03703703703703705,0.0021847708147012517
b1.5_float64,1.5,float64,half,0.4292798183200552,100000,150000,50000,4,0.011548396852515517,0.0015778350494154653,0.012345679012345685,0.001767829823695528
b1.5_float64,1.5,float64,half,0.4292798183200552,100000,150000,50000,5,0.001366051818760493,0.0011026297189349337,0.004115226337448562,0.0029620521317630967
b1.5_float64,1.5,float64,half,0.4292798183200552,100000,150000,50000,6,-0.0011765068840068416,-0.00048676398156760587,0.0013717421124828542,0.0025943230565722325
b1.5_float64,1.5,float64,half,0.4292798183200552,100000,150000,50000,7,-0.0008424379540698725,-0.0007036184991013391,0.0004572473708276181,0.001477924536649797
b1.5_float64,1.5,float64,half,0.4292798183200552,100000,150000,50000,8,-0.0012137060809262958,-0.0028099998293481185,0.00015241579027587272,0.003124482038340654
b1.5_float64,1.5,float64,half,0.4292798183200552,150000,200000,50000,1,0.3344552117630451,0.0008988996741083657,0.33333333333333337,0.0014375784622637424
b1.5_float64,1.5,float64,half,0.4292798183200552,150000,200000,50000,2,0.11262167222589711,0.0016710688345814918,0.11111111111111113,0.0022526131339875048
b1.5_float64,1.5,float64,half,0.4292798183200552,150000,200000,50000,3,0.03446590772331989,0.003789692317200894,0.03703703703703705,0.0045795713562414506
b1.5_float64,1.5,float64,half,0.4292798183200552,150000,200000,50000,4,0.01605811705347551,0.0021010038869278586,0.012345679012345685,0.004265725441482821
b1.5_float64,1.5,float64,half,0.4292798183200552,150000,200000,50000,5,0.005160367229372857,0.0059725738391710964,0.004115226337448562,0.006063328932881943
b1.5_float64,1.5,float64,half,0.4292798183200552,150000,200000,50000,6,0.0018368773898391132,0.004569675092091453,0.0013717421124828542,0.00459328654380742
b1.5_float64,1.5,float64,half,0.4292798183200552,150000,200000,50000,7,0.0026917950865693588,0.0015217979179717657,0.0004572473708276181,0.0027035296183082276
b1.5_float64,1.5,float64,half,0.4292798183200552,150000,200000,50000,8,0.0019642509281559625,0.0026825159874331516,0.00015241579027587272,0.003237072533894077
b1.5_float64,1.5,float64,matched,0.8585596366401104,0,200000,200000,1,0.004325042912878327,0.0007141985580352649,0.0,0.004383614465089134
b1.5_float64,1.5,float64,matched,0.8585596366401104,0,200000,200000,2,-0.002355830781691195,0.0022762807873374646,0.0,0.0032758804762636584
b1.5_float64,1.5,float64,matched,0.8585596366401104,0,200000,200000,3,0.0008345162629735758,0.002126194995020319,0.0,0.002284102132133508
b1.5_float64,1.5,float64,matched,0.8585596366401104,0,200000,200000,4,0.0005959473866131732,0.0012661695242897713,0.0,0.0013994064998603002
b1.5_float64,1.5,float64,matched,0.8585596366401104,0,200000,200000,5,0.0006903748522912219,0.0014952899711498282,0.0,0.0016469698037600386
b1.5_float64,1.5,float64,matched,0.8585596366401104,0,200000,200000,6,0.00032733367497494976,-0.0013284694208370734,0.0,0.0013682025935042644
b1.5_float64,1.5,float64,matched,0.8585596366401104,0,200000,200000,7,-0.000960191080237795,-0.0012446811257008784,0.0,0.0015720044577685617
b1.5_float64,1.5,float64,matched,0.8585596366401104,0,200000,200000,8,-0.00013333685224975394,-0.001525448004644016,0.0,0.0015312642917015608
b1.5_float64,1.5,float64,matched,0.8585596366401104,0,50000,50000,1,0.00560716379107768,-0.006676458900752806,0.0,0.00871868047547414
b1.5_float64,1.5,float64,matched,0.8585596366401104,0,50000,50000,2,-0.005199644508035651,0.0087327479704728,0.0,0.010163522525470297
b1.5_float64,1.5,float64,matched,0.8585596366401104,0,50000,50000,3,0.002304661257457979,0.0007895011419107834,0.0,0.0024361394797314507
b1.5_float64,1.5,float64,matched,0.8585596366401104,0,50000,50000,4,-0.00483433216116149,0.007298739819530484,0.0,0.008754562833039705
b1.5_float64,1.5,float64,matched,0.8585596366401104,0,50000,50000,5,0.002032156969984461,0.005081558783465676,0.0,0.005472833052494255
b1.5_float64,1.5,float64,matched,0.8585596366401104,0,50000,50000,6,-0.00592984421156564,0.0030674738204640737,0.0,0.006676260031834514
b1.5_float64,1.5,float64,matched,0.8585596366401104,0,50000,50000,7,-0.0001856948596186792,-0.004669827977663301,0.0,0.004673518580454743
b1.5_float64,1.5,float64,matched,0.8585596366401104,0,50000,50000,8,-0.0034499091687207836,-0.0005709582886153928,0.0,0.003496836661864884
b1.5_float64,1.5,float64,matched,0.8585596366401104,50000,100000,50000,1,0.004303278034856876,0.008123838954424785,0.0,0.00919320190155265
b1.5_float64,1.5,float64,matched,0.8585596366401104,50000,100000,50000,2,0.0013894453180819631,-0.001765385380309008,0.0,0.002246584926716252
b1.5_float64,1.5,float64,matched,0.8585596366401104,50000,100000,50000,3,-0.00027830518854611157,-0.00037986724327339084,0.0,0.0004709064668103553
b1.5_float64,1.5,float64,matched,0.8585596366401104,50000,100000,50000,4,0.005260159900670052,-0.0008792660694105457,0.0,0.005333140819576569
b1.5_float64,1.5,float64,matched,0.8585596366401104,50000,100000,50000,5,-0.0006052157291282285,0.001606512208685938,0.0,0.0017167316492222025
b1.5_float64,1.5,float64,matched,0.8585596366401104,50000,100000,50000,6,-0.0037377054089814724,-0.0032765422857820694,0.0,0.004970530260932664
b1.5_float64,1.5,float64,matched,0.8585596366401104,50000,100000,50000,7,-0.005229194617484755,-6.764829370297606e-05,0.0,0.005229632170542442
b1.5_float64,1.5,float64,matched,0.8585596366401104,50000,100000,50000,8,-0.0006652416997503742,-0.0021512196176112406,0.0,0.00225173097022762
b1.5_float64,1.5,float64,matched,0.8585596366401104,100000,150000,50000,1,0.006059856564255745,-0.00041318867808611497,0.0,0.006073926774587589
b1.5_float64,1.5,float64,matched,0.8585596366401104,100000,150000,50000,2,-0.005749608657785943,-0.001483355491794039,0.0,0.0059378736288946575
b1.5_float64,1.5,float64,matched,0.8585596366401104,100000,150000,50000,3,3.974077885714006e-05,0.0039102236343031786,0.0,0.003910425577832588
b1.5_float64,1.5,float64,matched,0.8585596366401104,100000,150000,50000,4,-0.0013344443587414857,-0.003477593186319782,0.0,0.0037248350454905715
b1.5_float64,1.5,float64,matched,0.8585596366401104,100000,150000,50000,5,0.002976047266000223,0.0003392893698619538,0.0,0.002995325459106026
b1.5_float64,1.5,float64,matched,0.8585596366401104,100000,150000,50000,6,0.006672039013170371,0.0004894945999457168,0.0,0.006689970818818531
b1.5_float64,1.5,float64,matched,0.8585596366401104,100000,150000,50000,7,0.003108122412317682,0.0012044953080457869,0.0,0.0033333517481741706
b1.5_float64,1.5,float64,matched,0.8585596366401104,100000,150000,50000,8,-0.00024177267118670513,-0.0026662410845410167,0.0,0.0026771805216360012
b1.5_float64,1.5,float64,matched,0.8585596366401104,150000,200000,50000,1,0.00132987326132287,0.0018226028565552544,0.0,0.00225620124632199
b1.5_float64,1.5,float64,matched,0.8585596366401104,150000,200000,50000,2,0.0001364847209747916,0.0036211160509798815,0.0,0.003623687284207027
b1.5_float64,1.5,float64,matched,0.8585596366401104,150000,200000,50000,3,0.0012719682041252415,0.0041849224471407,0.0,0.004373954618064492
b1.5_float64,1.5,float64,matched,0.8585596366401104,150000,200000,50000,4,0.0032924061656857046,0.0021227975333591074,0.0,0.00391742360837844
b1.5_float64,1.5,float64,matched,0.8585596366401104,150000,200000,50000,5,-0.0016414890976916819,-0.001046200477414245,0.0,0.0019465410082457667
b1.5_float64,1.5,float64,matched,0.8585596366401104,150000,200000,50000,6,0.004304845307276513,-0.00559430381797601,0.0,0.007058890020916998
b1.5_float64,1.5,float64,matched,0.8585596366401104,150000,200000,50000,7,-0.001533997256165372,-0.0014457435394828956,0.0,0.002107918870326707
b1.5_float64,1.5,float64,matched,0.8585596366401104,150000,200000,50000,8,0.003823576130658844,-0.0007133730278082827,0.0,0.0038895546665072616
b1.5_float64,1.5,float64,double,1.7171192732802207,0,200000,200000,1,-0.33007705606958837,0.001570791499367462,-0.33333333333333337,0.0036153461179903234
b1.5_float64,1.5,float64,double,1.7171192732802207,0,200000,200000,2,0.10775742675515085,0.0022879021412398324,0.11111111111111113,0.0040597653832829496
b1.5_float64,1.5,float64,double,1.7171192732802207,0,200000,200000,3,-0.03344078087318253,-0.0002461245076647663,-0.03703703703703705,0.003604668593551264
b1.5_float64,1.5,float64,double,1.7171192732802207,0,200000,200000,4,0.010262692681444786,-0.0008536078474314367,0.012345679012345685,0.002251106041908404
b1.5_float64,1.5,float64,double,1.7171192732802207,0,200000,200000,5,-0.0029730470398825893,-0.00036231888479043133,-0.004115226337448562,0.0011982689689982295
b1.5_float64,1.5,float64,double,1.7171192732802207,0,200000,200000,6,0.0015633575734508936,0.0015792934492955303,0.0013717421124828542,0.0015908753200266099
b1.5_float64,1.5,float64,double,1.7171192732802207,0,200000,200000,7,3.508786688136726e-05,0.000562318474041569,-0.0004572473708276181,0.0007473928368257231
b1.5_float64,1.5,float64,double,1.7171192732802207,0,200000,200000,8,-0.001978447616999262,-0.0025838476685350813,0.00015241579027587272,0.0033491562571278115
b1.5_float64,1.5,float64,double,1.7171192732802207,0,50000,50000,1,-0.3298224251564312,-0.0029670525408884013,-0.33333333333333337,0.004596724595517009
b1.5_float64,1.5,float64,double,1.7171192732802207,0,50000,50000,2,0.10452063955842242,0.011881596047354056,0.11111111111111113,0.013587002609821592
b1.5_float64,1.5,float64,double,1.7171192732802207,0,50000,50000,3,-0.034228321941237136,-0.002525030479118553,-0.03703703703703705,0.003776858404792531
b1.5_float64,1.5,float64,double,1.7171192732802207,0,50000,50000,4,0.005971124776852077,0.0052740921831657345,0.012345679012345685,0.008273511349951688
b1.5_float64,1.5,float64,double,1.7171192732802207,0,50000,50000,5,-0.0014712981346419699,-0.006800515957630244,-0.004115226337448562,0.007296394563863696
b1.5_float64,1.5,float64,double,1.7171192732802207,0,50000,50000,6,-0.0010133909531258253,0.005333521709007636,0.0013717421124828542,0.005842543415424108
b1.5_float64,1.5,float64,double,1.7171192732802207,0,50000,50000,7,0.004945782991886819,-0.0024644431659163286,-0.0004572473708276181,0.005938536622640783
b1.5_float64,1.5,float64,double,1.7171192732802207,0,50000,50000,8,-0.0033002366646696247,-0.004044846358672165,0.00015241579027587272,0.005318043911054575
b1.5_float64,1.5,float64,double,1.7171192732802207,50000,100000,50000,1,-0.32897726393285726,0.006636999163145368,-0.33333333333333337,0.007938834833485117
b1.5_float64,1.5,float64,double,1.7171192732802207,50000,100000,50000,2,0.11019424041770622,-0.006225326571232565,0.11111111111111113,0.006292483038270268
b1.5_float64,1.5,float64,double,1.7171192732802207,50000,100000,50000,3,-0.03595358795665054,0.0030461077538088783,-0.03703703703703705,0.003233053410880331
b1.5_float64,1.5,float64,double,1.7171192732802207,50000,100000,50000,4,0.008928022993061238,-0.0020450802234111202,0.012345679012345685,0.003982803759456206
b1.5_float64,1.5,float64,double,1.7171192732802207,50000,100000,50000,5,-0.00733005528323447,0.0018697554879697563,-0.004115226337448562,0.0037190201310904406
b1.5_float64,1.5,float64,double,1.7171192732802207,50000,100000,50000,6,0.0067435342064039805,0.00404139147962465,0.0013717421124828542,0.006722276057400219
b1.5_float64,1.5,float64,double,1.7171192732802207,50000,100000,50000,7,-0.005873552951414709,0.003495216058007925,-0.0004572473708276181,0.006446154003315103
b1.5_float64,1.5,float64,double,1.7171192732802207,50000,100000,50000,8,-0.0043153798181633325,-0.004209417141782173,0.00015241579027587272,0.006138435490604935
b1.5_float64,1.5,float64,double,1.7171192732802207,100000,150000,50000,1,-0.329629509242607,-0.0005297452823850573,-0.33333333333333337,0.0037415161310963793
b1.5_float64,1.5,float64,double,1.7171192732802207,100000,150000,50000,2,0.10450399762878913,0.00037930610007875517,0.11111111111111113,0.006617992270004407
b1.5_float64,1.5,float64,double,1.7171192732802207,100000,150000,50000,3,-0.029024620568380885,0.00025810743293694393,-0.03703703703703705,0.00801657265382968
b1.5_float64,1.5,float64,double,1.7171192732802207,100000,150000,50000,4,0.013342187873943335,-0.002953385385165138,0.012345679012345685,0.0031169721116092253
b1.5_float64,1.5,float64,double,1.7171192732802207,100000,150000,50000,5,-0.0013086343898365477,0.00160932446573,-0.004115226337448562,0.0032352563416826415
b1.5_float64,1.5,float64,double,1.7171192732802207,100000,150000,50000,6,-0.0033948371713342458,-0.0074234424584421555,0.0013717421124828542,0.00882200521438953
b1.5_float64,1.5,float64,double,1.7171192732802207,100000,150000,50000,7,0.0016410739072067117,0.0014097541110809318,-0.0004572473708276181,0.0025279159083247235
b1.5_float64,1.5,float64,double,1.7171192732802207,100000,150000,50000,8,-0.0023006329115141085,-0.001920820620017172,0.00015241579027587272,0.00311560584600117
b1.5_float64,1.5,float64,double,1.7171192732802207,150000,200000,50000,1,-0.33187902594645724,0.0031429646575979187,-0.33333333333333337,0.0034631252958032114
b1.5_float64,1.5,float64,double,1.7171192732802207,150000,200000,50000,2,0.11181082941568346,0.0031160329887590333,0.11111111111111113,0.0031936291727105897
b1.5_float64,1.5,float64,double,1.7171192732802207,150000,200000,50000,3,-0.034556593026462405,-0.0017636827382862868,-0.03703703703703705,0.0030435471560211844
b1.5_float64,1.5,float64,double,1.7171192732802207,150000,200000,50000,4,0.012809435081922255,-0.003690057964315101,0.012345679012345685,0.0037190855693401857
b1.5_float64,1.5,float64,double,1.7171192732802207,150000,200000,50000,5,-0.001782200351817284,0.001872160464768903,-0.004115226337448562,0.0029913199520403212
b1.5_float64,1.5,float64,double,1.7171192732802207,150000,200000,50000,6,0.003918124211859825,0.004365703066991982,0.0013717421124828542,0.005054050362350049
b1.5_float64,1.5,float64,double,1.7171192732802207,150000,200000,50000,7,-0.0005729524801533483,-0.00019125310700631124,-0.0004572473708276181,0.00022352946844576607
b1.5_float64,1.5,float64,double,1.7171192732802207,150000,200000,50000,8,0.002002458926350016,-0.00016030655366860484,0.00015241579027587272,0.0018569754431559285
b2.0_float32,2.0,float32,fixed,1.0,0,200000,200000,1,-0.02046294148238511,0.015177589444998465,-0.021709266187977857,0.015228675143711604
b2.0_float32,2.0,float32,fixed,1.0,0,200000,200000,2,-0.008717861456677974,-0.020735104212933158,0.0004712922384204786,0.022680059355154693
b2.0_float32,2.0,float32,fixed,1.0,0,200000,200000,3,0.005865150190939989,-0.007079839265413894,-1.0231408656198095e-05,0.009200230049567772
b2.0_float32,2.0,float32,fixed,1.0,0,200000,200000,4,0.0012687939699292845,-0.020732986764577833,2.2211637399538527e-07,0.020771760029612136
b2.0_float32,2.0,float32,fixed,1.0,0,200000,200000,5,0.009124548030288905,0.014295221904214003,-4.821983487774261e-09,0.016959092960551637
b2.0_float32,2.0,float32,fixed,1.0,0,200000,200000,6,0.005710892982480426,-0.0002364880329830362,1.0468172309012532e-10,0.005715787264361415
b2.0_float32,2.0,float32,fixed,1.0,0,200000,200000,7,0.00052079121383143,-0.012476266601876262,-2.2725633915797183e-12,0.012487131448489846
b2.0_float32,2.0,float32,fixed,1.0,0,200000,200000,8,0.0022847802529499927,-0.008391469947718366,4.933568359685786e-14,0.008696952839213587
b2.0_float32,2.0,float32,fixed,1.0,0,50000,50000,1,-0.021937755729899967,0.015748361433264194,-0.021709266187977857,0.015750018898512182
b2.0_float32,2.0,float32,fixed,1.0,0,50000,50000,2,-0.00772007130916791,-0.020094274042722453,0.0004712922384204786,0.02169973009216449
b2.0_float32,2.0,float32,fixed,1.0,0,50000,50000,3,0.004777414517780418,-0.006507093937305197,-1.0231408656198095e-05,0.00807860291299425
b2.0_float32,2.0,float32,fixed,1.0,0,50000,50000,4,0.001980194724818244,-0.018973434876089875,2.2211637399538527e-07,0.019076465147595166
b2.0_float32,2.0,float32,fixed,1.0,0,50000,50000,5,0.009180968405754913,0.013740620581439754,-4.821983487774261e-09,0.016525583904102602
b2.0_float32,2.0,float32,fixed,1.0,0,50000,50000,6,0.00632884990284581,-0.00011798089915102071,1.0468172309012532e-10,0.006329949388445858
b2.0_float32,2.0,float32,fixed,1.0,0,50000,50000,7,-0.0005507097350688904,-0.011977409791811082,-2.2725633915797183e-12,0.011990063658328448
b2.0_float32,2.0,float32,fixed,1.0,0,50000,50000,8,0.002246565252877813,-0.007522559883780371,4.933568359685786e-14,0.007850857446182425
b2.0_float32,2.0,float32,fixed,1.0,50000,100000,50000,1,-0.019806989456474758,0.014993021930544926,-0.021709266187977857,0.015113218167320261
b2.0_float32,2.0,float32,fixed,1.0,50000,100000,50000,2,-0.009047498677509445,-0.021135341925585378,0.0004712922384204786,0.023179949499785305
b2.0_float32,2.0,float32,fixed,1.0,50000,100000,50000,3,0.006209732074674702,-0.007435821154837286,-1.0231408656198095e-05,0.009694296363362095
b2.0_float32,2.0,float32,fixed,1.0,50000,100000,50000,4,0.0010503165263396979,-0.02141853727964462,2.2211637399538527e-07,0.02144426350960479
b2.0_float32,2.0,float32,fixed,1.0,50000,100000,50000,5,0.009051120153413214,0.014555502708569023,-4.821983487774261e-09,0.017140172765156426
b2.0_float32,2.0,float32,fixed,1.0,50000,100000,50000,6,0.005590889767057739,-0.0002988172921433052,1.0468172309012532e-10,0.005598869438640881
b2.0_float32,2.0,float32,fixed,1.0,50000,100000,50000,7,0.0011640882354597487,-0.012581510513287583,-2.2725633915797183e-12,0.012635248641051458
b2.0_float32,2.0,float32,fixed,1.0,50000,100000,50000,8,0.0024562768430590985,-0.008459230844183322,4.933568359685786e-14,0.008808625454898652
b2.0_float32,2.0,float32,fixed,1.0,100000,150000,50000,1,-0.01975838556429459,0.014884774145479765,-0.021709266187977857,0.015012076357713003
b2.0_float32,2.0,float32,fixed,1.0,100000,150000,50000,2,-0.009275694729233883,-0.020569666674603485,0.0004712922384204786,0.022762138345329447
b2.0_float32,2.0,float32,fixed,1.0,100000,150000,50000,3,0.006414929725048125,-0.0072423442218404735,-1.0231408656198095e-05,0.009681644768410515
b2.0_float32,2.0,float32,fixed,1.0,100000,150000,50000,4,0.000854684052013531,-0.020994346975272922,2.2211637399538527e-07,0.021011727918417565
b2.0_float32,2.0,float32,fixed,1.0,100000,150000,50000,5,0.00908726846846823,0.01440975329093766,-4.821983487774261e-09,0.017035830644880394
b2.0_float32,2.0,float32,fixed,1.0,100000,150000,50000,6,0.005407565510050291,-0.00031884560178232005,1.0468172309012532e-10,0.005416957276102041
b2.0_float32,2.0,float32,fixed,1.0,100000,150000,50000,7,0.0009794375710832175,-0.01274563651435652,-2.2725633915797183e-12,0.012783213528538092
b2.0_float32,2.0,float32,fixed,1.0,100000,150000,50000,8,0.002126179954565105,-0.008803326362072482,4.933568359685786e-14,0.009056445010938066
b2.0_float32,2.0,float32,fixed,1.0,150000,200000,50000,1,-0.02034863517886659,0.015084200270703806,-0.021709266187977857,0.015145442038767172
b2.0_float32,2.0,float32,fixed,1.0,150000,200000,50000,2,-0.008828181110801022,-0.021141134208821834,0.0004712922384204786,0.023096055078915483
b2.0_float32,2.0,float32,fixed,1.0,150000,200000,50000,3,0.006058524446257198,-0.007134097747673258,-1.0231408656198095e-05,0.00936617041804719
b2.0_float32,2.0,float32,fixed,1.0,150000,200000,50000,4,0.0011899805765452885,-0.021545627927307003,2.2211637399538527e-07,0.021578452399917392
b2.0_float32,2.0,float32,fixed,1.0,150000,200000,50000,5,0.009178835093519876,0.014475011035912097,-4.821983487774261e-09,0.017139925515713736
b2.0_float32,2.0,float32,fixed,1.0,150000,200000,50000,6,0.005516266749968144,-0.00021030833885545916,1.0468172309012532e-10,0.005520274205081813
b2.0_float32,2.0,float32,fixed,1.0,150000,200000,50000,7,0.0004903487838516645,-0.012600509588050788,-2.2725633915797183e-12,0.012610046939270819
b2.0_float32,2.0,float32,fixed,1.0,150000,200000,50000,8,0.0023100989612981036,-0.008780762700834681,4.933568359685786e-14,0.009079556752349324
b2.0_float32,2.0,float32,half,0.4787520120386344,0,200000,200000,1,0.33794803914436294,0.019898394032654122,0.3333333333333333,0.020426492474262824
b2.0_float32,2.0,float32,half,0.4787520120386344,0,200000,200000,2,0.10361614697373418,-0.00573488149920931,0.1111111111111111,0.00943733824923847
b2.0_float32,2.0,float32,half,0.4787520120386344,0,200000,200000,3,0.03335972242039007,0.0028944760330632847,0.03703703703703703,0.004679811352584965
b2.0_float32,2.0,float32,half,0.4787520120386344,0,200000,200000,4,0.010380217834560482,-0.011080456590969484,0.012345679012345677,0.011253424185808507
b2.0_float32,2.0,float32,half,0.4787520120386344,0,200000,200000,5,0.004538279943411277,-0.01697260745163465,0.004115226337448558,0.01697787908016788
b2.0_float32,2.0,float32,half,0.4787520120386344,0,200000,200000,6,-0.005798416627554746,-0.0250888903318659,0.0013717421124828527,0.02609336303433752
b2.0_float32,2.0,float32,half,0.4787520120386344,0,200000,200000,7,0.010505656276730793,-0.014976409692357138,0.00045724737082761756,0.018035059434711134
b2.0_float32,2.0,float32,half,0.4787520120386344,0,200000,200000,8,0.009273620821364932,0.009678755888341996,0.0001524157902758725,0.013299424677980594
b2.0_float32,2.0,float32,half,0.4787520120386344,0,50000,50000,1,0.33619873183336674,0.020187252245473547,0.3333333333333333,0.02038959690102702
b2.0_float32,2.0,float32,half,0.4787520120386344,0,50000,50000,2,0.1039977709722857,-0.004762936340511413,0.1111111111111111,0.008560675821124691
b2.0_float32,2.0,float32,half,0.4787520120386344,0,50000,50000,3,0.03283571237198682,0.0025984976642262803,0.03703703703703703,0.004939971563900817
b2.0_float32,2.0,float32,half,0.4787520120386344,0,50000,50000,4,0.010570035353923878,-0.01031708782297368,0.012345679012345677,0.010468773163491762
b2.0_float32,2.0,float32,half,0.4787520120386344,0,50000,50000,5,0.0036784092016810426,-0.016267389971972055,0.004115226337448558,0.016273253691573702
b2.0_float32,2.0,float32,half,0.4787520120386344,0,50000,50000,6,-0.005575317869687857,-0.023286388390799842,0.0013717421124828527,0.024300566386054778
b2.0_float32,2.0,float32,half,0.4787520120386344,0,50000,50000,7,0.009821668720144991,-0.013341062816289615,0.00045724737082761756,0.016299581107370103
b2.0_float32,2.0,float32,half,0.4787520120386344,0,50000,50000,8,0.010495313841230453,0.009441761736672273,0.0001524157902758725,0.014004370917129005
b2.0_float32,2.0,float32,half,0.4787520120386344,50000,100000,50000,1,0.33867070319141934,0.01985170086030175,0.3333333333333333,0.02055669098004128
b2.0_float32,2.0,float32,half,0.4787520120386344,50000,100000,50000,2,0.1036118527240334,-0.006118094129709143,0.1111111111111111,0.009678323828852642
b2.0_float32,2.0,float32,half,0.4787520120386344,50000,100000,50000,3,0.033564489686542125,0.0029198515598175506,0.03703703703703703,0.00453697236412105
b2.0_float32,2.0,float32,half,0.4787520120386344,50000,100000,50000,4,0.010323270504784753,-0.011543431697737265,0.012345679012345677,0.01171925558778288
b2.0_float32,2.0,float32,half,0.4787520120386344,50000,100000,50000,5,0.004863713876633338,-0.017371174674374868,0.004115226337448558,0.01738729257716559
b2.0_float32,2.0,float32,half,0.4787520120386344,50000,100000,50000,6,-0.005814880796242501,-0.025953697091019405,0.0013717421124828527,0.026930316402237187
b2.0_float32,2.0,float32,half,0.4787520120386344,50000,100000,50000,7,0.010680945252354053,-0.015517484212248729,0.00045724737082761756,0.018582688574318752
b2.0_float32,2.0,float32,half,0.4787520120386344,50000,100000,50000,8,0.008842793722537058,0.009736093852813231,0.0001524157902758725,0.01305044796611671
b2.0_float32,2.0,float32,half,0.4787520120386344,100000,150000,50000,1,0.3388148497103544,0.01958495276342754,0.3333333333333333,0.020337585808970507
b2.0_float32,2.0,float32,half,0.4787520120386344,100000,150000,50000,2,0.10335595097216806,-0.005833295869312071,0.1111111111111111,0.009704115079675448
b2.0_float32,2.0,float32,half,0.4787520120386344,100000,150000,50000,3,0.033595299721873945,0.0030520308207173967,0.03703703703703703,0.00460004868204619
b2.0_float32,2.0,float32,half,0.4787520120386344,100000,150000,50000,4,0.01024680344038098,-0.011121771467594306,0.012345679012345677,0.011318086377298281
b2.0_float32,2.0,float32,half,0.4787520120386344,100000,150000,50000,5,0.004981313144414979,-0.0171452892756272,0.004115226337448558,0.01716715033726152
b2.0_float32,2.0,float32,half,0.4787520120386344,100000,150000,50000,6,-0.005938173652172933,-0.025207873141536753,0.0013717421124828527,0.02624636616383634
b2.0_float32,2.0,float32,half,0.4787520120386344,100000,150000,50000,7,0.010682638182625043,-0.015387182638891855,0.00045724737082761756,0.018474956206080872
b2.0_float32,2.0,float32,half,0.4787520120386344,100000,150000,50000,8,0.008656808494835069,0.009778942887436469,0.0001524157902758725,0.012959645800295006
b2.0_float32,2.0,float32,half,0.4787520120386344,150000,200000,50000,1,0.3381078718421606,0.01996967026141882,0.3333333333333333,0.020532509547594762
b2.0_float32,2.0,float32,half,0.4787520120386344,150000,200000,50000,2,0.10349901322643935,-0.006225199657303088,0.1111111111111111,0.009833470647696602
b2.0_float32,2.0,float32,half,0.4787520120386344,150000,200000,50000,3,0.03344338790116774,0.0030075240874924644,0.03703703703703703,0.0046860980835425805
b2.0_float32,2.0,float32,half,0.4787520120386344,150000,200000,50000,4,0.010380762039152424,-0.011339535375573893,0.012345679012345677,0.011508516900341012
b2.0_float32,2.0,float32,half,0.4787520120386344,150000,200000,50000,5,0.004629683550915023,-0.017106575884563376,0.004115226337448558,0.017114309939895704
b2.0_float32,2.0,float32,half,0.4787520120386344,150000,200000,50000,6,-0.005865294192116828,-0.025907602704107115,0.0013717421124828527,0.026899415836555855
b2.0_float32,2.0,float32,half,0.4787520120386344,150000,200000,50000,7,0.010837372951797673,-0.015659909101997375,0.00045724737082761756,0.018787755591329402
b2.0_float32,2.0,float32,half,0.4787520120386344,150000,200000,50000,8,0.009099567226855263,0.009758225076445685,0.0001524157902758725,0.013239126688405775
b2.0_float32,2.0,float32,matched,0.9575040240772688,0,200000,200000,1,0.0014478898299048395,0.01561724821286346,0.0,0.015684222221765694
b2.0_float32,2.0,float32,matched,0.9575040240772688,0,200000,200000,2,-0.009371063819320409,-0.019760250342998335,0.0,0.02186971263468594
b2.0_float32,2.0,float32,matched,0.9575040240772688,0,200000,200000,3,0.005197395553511486,-0.006990121131360524,0.0,0.008710609276666812
b2.0_float32,2.0,float32,matched,0.9575040240772688,0,200000,200000,4,0.0009799869460604092,-0.02248206282134664,0.0,0.02250341136622236
b2.0_float32,2.0,float32,matched,0.9575040240772688,0,200000,200000,5,0.008568349794849207,0.011792876074393712,0.0,0.01457698680499163
b2.0_float32,2.0,float32,matched,0.9575040240772688,0,200000,200000,6,0.00676204898099754,0.002990540971133349,0.0,0.00739382456658508
b2.0_float32,2.0,float32,matched,0.9575040240772688,0,200000,200000,7,0.0010696050380076068,-0.010716773563972857,0.0,0.010770018131776693
b2.0_float32,2.0,float32,matched,0.9575040240772688,0,200000,200000,8,0.0029166086764768006,-0.01187150502835222,0.0,0.012224534257381415
b2.0_float32,2.0,float32,matched,0.9575040240772688,0,50000,50000,1,-4.8400097758704585e-05,0.0161740974899232,0.0,0.016174169907077242
b2.0_float32,2.0,float32,matched,0.9575040240772688,0,50000,50000,2,-0.008390993988765565,-0.019118182576996982,0.0,0.02087854605011783
b2.0_float32,2.0,float32,matched,0.9575040240772688,0,50000,50000,3,0.004130968570775409,-0.006493166460196507,0.0,0.0076958503112102596
b2.0_float32,2.0,float32,matched,0.9575040240772688,0,50000,50000,4,0.001592844887687316,-0.020635932588378803,0.0,0.020697315493279456
b2.0_float32,2.0,float32,matched,0.9575040240772688,0,50000,50000,5,0.008621821955516563,0.011428054462905346,0.0,0.014315594386533806
b2.0_float32,2.0,float32,matched,0.9575040240772688,0,50000,50000,6,0.0075196349845031195,0.002992553325089853,0.0,0.008093224678931728
b2.0_float32,2.0,float32,matched,0.9575040240772688,0,50000,50000,7,0.00011826583380685218,-0.010359096822912703,0.0,0.01035977189874015
b2.0_float32,2.0,float32,matched,0.9575040240772688,0,50000,50000,8,0.0027600553157407855,-0.010772444880834552,0.0,0.011120407998655782
b2.0_float32,2.0,float32,matched,0.9575040240772688,50000,100000,50000,1,0.0021108500610868674,0.015441291832178714,0.0,0.015584902355385467
b2.0_float32,2.0,float32,matched,0.9575040240772688,50000,100000,50000,2,-0.009686858541386493,-0.020153288087454965,0.0,0.022360461738005023
b2.0_float32,2.0,float32,matched,0.9575040240772688,50000,100000,50000,3,0.005534001998789844,-0.007325622551281595,0.0,0.009180954410433343
b2.0_float32,2.0,float32,matched,0.9575040240772688,50000,100000,50000,4,0.000797740822764658,-0.023217183443726,0.0,0.023230884560858416
b2.0_float32,2.0,float32,matched,0.9575040240772688,50000,100000,50000,5,0.008491163298708693,0.011980331190429709,0.0,0.01468428376182238
b2.0_float32,2.0,float32,matched,0.9575040240772688,50000,100000,50000,6,0.0065518545552623484,0.0029706046720251625,0.0,0.0071938369616477765
b2.0_float32,2.0,float32,matched,0.9575040240772688,50000,100000,50000,7,0.0016529935483471116,-0.01080884030791173,0.0,0.010934505771767395
b2.0_float32,2.0,float32,matched,0.9575040240772688,50000,100000,50000,8,0.0031961262549545957,-0.012058664747963552,0.0,0.012475039821234598
b2.0_float32,2.0,float32,matched,0.9575040240772688,100000,150000,50000,1,0.0021644813527177567,0.015320907227415227,0.0,0.015473046816878925
b2.0_float32,2.0,float32,matched,0.9575040240772688,100000,150000,50000,2,-0.00992168995858681,-0.01960116026941868,0.0,0.021969192418970704
b2.0_float32,2.0,float32,matched,0.9575040240772688,100000,150000,50000,3,0.005736383111223348,-0.007124287529943647,0.0,0.009146669558262122
b2.0_float32,2.0,float32,matched,0.9575040240772688,100000,150000,50000,4,0.000616756901213703,-0.02276530569181622,0.0,0.022773658738047223
b2.0_float32,2.0,float32,matched,0.9575040240772688,100000,150000,50000,5,0.008525276916953354,0.01188420664983422,0.0,0.014625823539435364
b2.0_float32,2.0,float32,matched,0.9575040240772688,100000,150000,50000,6,0.006395338814526794,0.002953247257180617,0.0,0.007044290447918641
b2.0_float32,2.0,float32,matched,0.9575040240772688,100000,150000,50000,7,0.0014993294992235613,-0.010930383851759809,0.0,0.01103273674543418
b2.0_float32,2.0,float32,matched,0.9575040240772688,100000,150000,50000,8,0.0027837776856231055,-0.012307947621396219,0.0,0.012618834845341546
b2.0_float32,2.0,float32,matched,0.9575040240772688,150000,200000,50000,1,0.0015646280035734315,0.015532696301936771,0.0,0.01561130088102098
b2.0_float32,2.0,float32,matched,0.9575040240772688,150000,200000,50000,2,-0.00948471278854516,-0.020168370438127515,0.0,0.02228728208666835
b2.0_float32,2.0,float32,matched,0.9575040240772688,150000,200000,50000,3,0.005388228533259053,-0.007017407984021348,0.0,0.008847430222433719
b2.0_float32,2.0,float32,matched,0.9575040240772688,150000,200000,50000,4,0.0009126051725760549,-0.023309829561464462,0.0,0.02332768746330281
b2.0_float32,2.0,float32,matched,0.9575040240772688,150000,200000,50000,5,0.008635137008217815,0.011878911994404062,0.0,0.014685848335097621
b2.0_float32,2.0,float32,matched,0.9575040240772688,150000,200000,50000,6,0.006581367569697527,0.0030457586302377986,0.0,0.007251968334261697
b2.0_float32,2.0,float32,matched,0.9575040240772688,150000,200000,50000,7,0.0010078312706526804,-0.010768773273308796,0.0,0.01081583106756181
b2.0_float32,2.0,float32,matched,0.9575040240772688,150000,200000,50000,8,0.0029264754495898107,-0.012346962863213604,0.0,0.012689040566671216
b2.0_float32,2.0,float32,double,1.9150080481545375,0,200000,200000,1,-0.334156883920355,0.00671973078446933,-0.3333333333333333,0.006770008669501725
b2.0_float32,2.0,float32,double,1.9150080481545375,0,200000,200000,2,0.10860875041189368,-0.02845499884214815,0.1111111111111111,0.028564816963804276
b2.0_float32,2.0,float32,double,1.9150080481545375,0,200000,200000,3,-0.02403157106871394,0.009823930323887106,-0.03703703703703703,0.016298826708134505
b2.0_float32,2.0,float32,double,1.9150080481545375,0,200000,200000,4,0.009292453936332238,-0.00479987836080807,0.012345679012345677,0.00568867433092727
b2.0_float32,2.0,float32,double,1.9150080481545375,0,200000,200000,5,-0.003308615570462769,0.000215767498798254,-0.004115226337448558,0.0008349709833012508
b2.0_float32,2.0,float32,double,1.9150080481545375,0,200000,200000,6,-0.009980743478571601,-0.011528383762708332,0.0013717421124828527,0.016179695957445433
b2.0_float32,2.0,float32,double,1.9150080481545375,0,200000,200000,7,0.0008533380975644666,0.029055916168178084,-0.00045724737082761756,0.029085458542752133
b2.0_float32,2.0,float32,double,1.9150080481545375,0,200000,200000,8,-0.0008726707529147,-0.0059338257934737505,0.0001524157902758725,0.006021718273742535
b2.0_float32,2.0,float32,double,1.9150080481545375,0,50000,50000,1,-0.33527956715082957,0.007511620131187151,-0.3333333333333333,0.007759656117871598
b2.0_float32,2.0,float32,double,1.9150080481545375,0,50000,50000,2,0.10975430489836693,-0.027756441466291037,0.1111111111111111,0.027789583767494283
b2.0_float32,2.0,float32,double,1.9150080481545375,0,50000,50000,3,-0.025035349458947267,0.010436772192107169,-0.03703703703703703,0.01590492749156737
b2.0_float32,2.0,float32,double,1.9150080481545375,0,50000,50000,4,0.010496366200940545,-0.004951401135401519,0.012345679012345677,0.005285483050590798
b2.0_float32,2.0,float32,double,1.9150080481545375,0,50000,50000,5,-0.0048125450857254,0.00021285736627905388,-0.004115226337448558,0.0007290827765608218
b2.0_float32,2.0,float32,double,1.9150080481545375,0,50000,50000,6,-0.009092339270019428,-0.010622021465599388,0.0013717421124828527,0.014910544564008553
b2.0_float32,2.0,float32,double,1.9150080481545375,0,50000,50000,7,0.0005657631979351168,0.02748827615248263,-0.00045724737082761756,0.027507305874239038
b2.0_float32,2.0,float32,double,1.9150080481545375,0,50000,50000,8,-0.0013693287026002832,-0.005429940940293706,0.0001524157902758725,0.005639145761254678
b2.0_float32,2.0,float32,double,1.9150080481545375,50000,100000,50000,1,-0.33363471445434423,0.0063913982272972274,-0.3333333333333333,0.006398499971086968
b2.0_float32,2.0,float32,double,1.9150080481545375,50000,100000,50000,2,0.10813428752162096,-0.02889776035973595,0.1111111111111111,0.029050680413575024
b2.0_float32,2.0,float32,double,1.9150080481545375,50000,100000,50000,3,-0.02362473520139111,0.00969710568452112,-0.03703703703703703,0.01655064044643719
b2.0_float32,2.0,float32,double,1.9150080481545375,50000,100000,50000,4,0.008984427848799261,-0.0046246714287145,0.012345679012345677,0.005717131729111228
b2.0_float32,2.0,float32,double,1.9150080481545375,50000,100000,50000,5,-0.0027049009146534533,0.0003551683880128717,-0.004115226337448558,0.0014543597842438622
b2.0_float32,2.0,float32,double,1.9150080481545375,50000,100000,50000,6,-0.010371620572183575,-0.01169934178734499,0.0013717421124828527,0.01657652452719606
b2.0_float32,2.0,float32,double,1.9150080481545375,50000,100000,50000,7,0.0007957858092631571,0.029591025909457228,-0.00045724737082761756,0.029617543897571545
b2.0_float32,2.0,float32,double,1.9150080481545375,50000,100000,50000,8,-0.0004530185104921646,-0.006261613391430017,0.0001524157902758725,0.0062908149675763156
b2.0_float32,2.0,float32,double,1.9150080481545375,100000,150000,50000,1,-0.33364310207358994,0.0064812830129173235,-0.3333333333333333,0.006488681388847108
b2.0_float32,2.0,float32,double,1.9150080481545375,100000,150000,50000,2,0.10800443753398428,-0.02831472164331289,0.1111111111111111,0.02848464292304029
b2.0_float32,2.0,float32,double,1.9150080481545375,100000,150000,50000,3,-0.023537954600287337,0.00944390771835149,-0.03703703703703703,0.016474605295026125
b2.0_float32,2.0,float32,double,1.9150080481545375,100000,150000,50000,4,0.008628930784921747,-0.004720732759302012,0.012345679012345677,0.006008288872117094
b2.0_float32,2.0,float32,double,1.9150080481545375,100000,150000,50000,5,-0.0025655238666455315,-0.0001121490279431506,-0.004115226337448558,0.001553755177781107
b2.0_float32,2.0,float32,double,1.9150080481545375,100000,150000,50000,6,-0.010476836621853844,-0.011636922299623705,0.0013717421124828527,0.016607431427865516
b2.0_float32,2.0,float32,double,1.9150080481545375,100000,150000,50000,7,0.0010098438526203728,0.029480576425367555,-0.00045724737082761756,0.029517058509103772
b2.0_float32,2.0,float32,double,1.9150080481545375,100000,150000,50000,8,-0.0008420134204828647,-0.005894459754489071,0.0001524157902758725,0.0059777541980664956
b2.0_float32,2.0,float32,double,1.9150080481545375,150000,200000,50000,1,-0.3340701520026782,0.0064946217664786305,-0.3333333333333333,0.0065362843910828404
b2.0_float32,2.0,float32,double,1.9150080481545375,150000,200000,50000,2,0.10854197169359735,-0.02885107189924916,0.1111111111111111,0.028965234801089864
b2.0_float32,2.0,float32,double,1.9150080481545375,150000,200000,50000,3,-0.023928245014231436,0.00971793570056862,-0.03703703703703703,0.01631804836913893
b2.0_float32,2.0,float32,double,1.9150080481545375,150000,200000,50000,4,0.009060090910667583,-0.004902708119813808,0.012345679012345677,0.005901833281445427
b2.0_float32,2.0,float32,double,1.9150080481545375,150000,200000,50000,5,-0.0031514924148280227,0.0004071932688442707,-0.004115226337448558,0.0010462262813567852
b2.0_float32,2.0,float32,double,1.9150080481545375,150000,200000,50000,6,-0.009982177450229323,-0.012155249498263248,0.0013717421124828527,0.016633147020379734
b2.0_float32,2.0,float32,double,1.9150080481545375,150000,200000,50000,7,0.0010419595304390593,0.029663786185407787,-0.00045724737082761756,0.02970164696084033
b2.0_float32,2.0,float32,double,1.9150080481545375,150000,200000,50000,8,-0.0008263223780833647,-0.006149289087682504,0.0001524157902758725,0.006226691311289995
b2.0_float64,2.0,float64,fixed,1.0,0,200000,200000,1,-0.01886893489287746,-0.0007483382478662597,-0.021709266187977857,0.0029372592665861557
b2.0_float64,2.0,float64,fixed,1.0,0,200000,200000,2,-0.0015464652625560072,0.0016868891343840074,0.0004712922384204786,0.0026300076586294762
b2.0_float64,2.0,float64,fixed,1.0,0,200000,200000,3,0.0023019275575175816,0.0003429630514493891,-1.0231408656198095e-05,0.002337456467940586
b2.0_float64,2.0,float64,fixed,1.0,0,200000,200000,4,0.0005809369166541729,-0.001572389633419152,2.2211637399538527e-07,0.0016761977325329077
b2.0_float64,2.0,float64,fixed,1.0,0,200000,200000,5,0.0028088500932146663,-0.00010244689779285937,-4.821983487774261e-09,0.002810722558613747
b2.0_float64,2.0,float64,fixed,1.0,0,200000,200000,6,-0.0008740604008229779,0.002145365927943247,1.0468172309012532e-10,0.0023165873029227547
b2.0_float64,2.0,float64,fixed,1.0,0,200000,200000,7,0.003454498073728465,-0.0005061728237659952,-2.2725633915797183e-12,0.003491384809014046
b2.0_float64,2.0,float64,fixed,1.0,0,200000,200000,8,0.0008238855733211266,-0.0019045688994365768,4.933568359685786e-14,0.0020751313526007073
b2.0_float64,2.0,float64,fixed,1.0,0,50000,50000,1,-0.015702581791381356,-0.0029831928843614157,-0.021709266187977857,0.006706690482318417
b2.0_float64,2.0,float64,fixed,1.0,0,50000,50000,2,-0.0017616877068975395,0.001116535838644221,0.0004712922384204786,0.0024965679872916368
b2.0_float64,2.0,float64,fixed,1.0,0,50000,50000,3,0.005928634983846706,0.0010933514982455997,-1.0231408656198095e-05,0.0060386713378620255
b2.0_float64,2.0,float64,fixed,1.0,0,50000,50000,4,-0.0021168963529870997,0.00036489934098872973,2.2211637399538527e-07,0.00214833473703794
b2.0_float64,2.0,float64,fixed,1.0,0,50000,50000,5,0.0021080675852839844,-0.002634565334026905,-4.821983487774261e-09,0.003374152304437186
b2.0_float64,2.0,float64,fixed,1.0,0,50000,50000,6,-0.004209523467327465,0.0025928115738746223,1.0468172309012532e-10,0.004943962030691497
b2.0_float64,2.0,float64,fixed,1.0,0,50000,50000,7,0.003922587423283732,-0.005344175113556525,-2.2725633915797183e-12,0.006629245790849006
b2.0_float64,2.0,float64,fixed,1.0,0,50000,50000,8,0.00012327157686372334,-0.0003022555069952741,4.933568359685786e-14,0.0003264265203062944
b2.0_float64,2.0,float64,fixed,1.0,50000,100000,50000,1,-0.01525266013721848,-0.0014641661822516775,-0.021709266187977857,0.006620539578006617
b2.0_float64,2.0,float64,fixed,1.0,50000,100000,50000,2,-0.003568829100649378,0.003372359692122116,0.0004712922384204786,0.00526264100309508
b2.0_float64,2.0,float64,fixed,1.0,50000,100000,50000,3,0.0049116858330578534,0.00018055392075189017,-1.0231408656198095e-05,0.004925227817327939
b2.0_float64,2.0,float64,fixed,1.0,50000,100000,50000,4,0.0015541354413793175,-0.0019932627268016727,2.2211637399538527e-07,0.0025273984489363635
b2.0_float64,2.0,float64,fixed,1.0,50000,100000,50000,5,0.0004960715529671024,0.00218008929624481,-4.821983487774261e-09,0.0022358177719539914
b2.0_float64,2.0,float64,fixed,1.0,50000,100000,50000,6,-0.0020067082408700737,-0.005489014294268224,1.0468172309012532e-10,0.005844326848045728
b2.0_float64,2.0,float64,fixed,1.0,50000,100000,50000,7,0.00667772713062384,0.0023932141443854128,-2.2725633915797183e-12,0.007093624856327491
b2.0_float64,2.0,float64,fixed,1.0,50000,100000,50000,8,-0.002404754892323509,-0.0038705832332188326,4.933568359685786e-14,0.0045567818312561206
b2.0_float64,2.0,float64,fixed,1.0,100000,150000,50000,1,-0.022792943662511164,0.0009923127692737655,-0.021709266187977857,0.0014693677214620766
b2.0_float64,2.0,float64,fixed,1.0,100000,150000,50000,2,0.0016233652661838032,-0.0030531124150347992,0.0004712922384204786,0.003263244961712096
b2.0_float64,2.0,float64,fixed,1.0,100000,150000,50000,3,0.0013514827478696115,-0.0055337717618662375,-1.0231408656198095e-05,0.005698850353932006
b2.0_float64,2.0,float64,fixed,1.0,100000,150000,50000,4,0.00472043548269247,-0.006778290669499769,2.2211637399538527e-07,0.008259881271773779
b2.0_float64,2.0,float64,fixed,1.0,100000,150000,50000,5,0.004488461500574123,0.000410545237020191,-4.821983487774261e-09,0.004507202826629151
b2.0_float64,2.0,float64,fixed,1.0,100000,150000,50000,6,-0.0011028627156291124,0.005484005516290732,1.0468172309012532e-10,0.005593802186628621
b2.0_float64,2.0,float64,fixed,1.0,100000,150000,50000,7,0.0036617845784163387,-0.0008203167718638792,-2.2725633915797183e-12,0.003752543926667904
b2.0_float64,2.0,float64,fixed,1.0,100000,150000,50000,8,0.001321007709339558,-0.00022280239264819906,4.933568359685786e-14,0.001339664985798301
b2.0_float64,2.0,float64,fixed,1.0,150000,200000,50000,1,-0.021727553980396955,0.0004616933058742018,-0.021709266187977857,0.00046205535603498123
b2.0_float64,2.0,float64,fixed,1.0,150000,200000,50000,2,-0.0024787095088610153,0.0053117734218044105,0.0004712922384204786,0.0060759729421345846
b2.0_float64,2.0,float64,fixed,1.0,150000,200000,50000,3,-0.0029840933347040693,0.005631718548666242,-1.0231408656198095e-05,0.006368681854715978
b2.0_float64,2.0,float64,fixed,1.0,150000,200000,50000,4,-0.0018339269044679717,0.0021170955216360627,2.2211637399538527e-07,0.0028011062240456035
b2.0_float64,2.0,float64,fixed,1.0,150000,200000,50000,5,0.004142799734033583,-0.00036585679040952056,-4.821983487774261e-09,0.004158927840254572
b2.0_float64,2.0,float64,fixed,1.0,150000,200000,50000,6,0.003822852820534703,0.005993660915875913,1.0468172309012532e-10,0.00710902061198327
b2.0_float64,2.0,float64,fixed,1.0,150000,200000,50000,7,-0.00044410683741006197,0.001746586445970939,-2.2725633915797183e-12,0.0018021640031543305
b2.0_float64,2.0,float64,fixed,1.0,150000,200000,50000,8,0.0042560178994047486,-0.00322263446488403,4.933568359685786e-14,0.005338451203663104
b2.0_float64,2.0,float64,half,0.4787520120386344,0,200000,200000,1,0.33672068408761663,-0.0010905208544002593,0.3333333333333333,0.0035585644389873857
b2.0_float64,2.0,float64,half,0.4787520120386344,0,200000,200000,2,0.11035455070923125,3.8616775956180526e-05,0.1111111111111111,0.0007575453102474156
b2.0_float64,2.0,float64,half,0.4787520120386344,0,200000,200000,3,0.03830458765843845,0.0010467848326007876,0.03703703703703703,0.0016439109050000828
b2.0_float64,2.0,float64,half,0.4787520120386344,0,200000,200000,4,0.010872204398932241,0.0023307724998398857,0.012345679012345677,0.0027574676575408356
b2.0_float64,2.0,float64,half,0.4787520120386344,0,200000,200000,5,0.005193648313489124,-0.00038324228765288946,0.004115226337448558,0.0011444949145595442
b2.0_float64,2.0,float64,half,0.4787520120386344,0,200000,200000,6,0.002831913817911726,0.00012216493616835152,0.0013717421124828527,0.0014652732444715155
b2.0_float64,2.0,float64,half,0.4787520120386344,0,200000,200000,7,0.002735018235740303,-0.0021757852927233126,0.00045724737082761756,0.003149965357440642
b2.0_float64,2.0,float64,half,0.4787520120386344,0,200000,200000,8,0.0006977753314731958,-0.0008064009030484652,0.0001524157902758725,0.0009734985596354703
b2.0_float64,2.0,float64,half,0.4787520120386344,0,50000,50000,1,0.34006574895575964,-0.0029102516814625908,0.3333333333333333,0.007334506456643546
b2.0_float64,2.0,float64,half,0.4787520120386344,0,50000,50000,2,0.10969362641255276,-0.0010184745909265496,0.1111111111111111,0.001745437871426551
b2.0_float64,2.0,float64,half,0.4787520120386344,0,50000,50000,3,0.04147015950912167,-0.0026365567166180322,0.03703703703703703,0.005157907150428891
b2.0_float64,2.0,float64,half,0.4787520120386344,0,50000,50000,4,0.012455411839941765,0.0046802024196019865,0.012345679012345677,0.004681488650194564
b2.0_float64,2.0,float64,half,0.4787520120386344,0,50000,50000,5,0.007538096021594449,-0.0012936962998513146,0.004115226337448558,0.0036591921227087775
b2.0_float64,2.0,float64,half,0.4787520120386344,0,50000,50000,6,0.0036172056304138696,0.001258087197679856,0.0013717421124828527,0.002573886129440285
b2.0_float64,2.0,float64,half,0.4787520120386344,0,50000,50000,7,0.003865205703854886,-0.0009448207754550928,0.00045724737082761756,0.0035365048137082408
b2.0_float64,2.0,float64,half,0.4787520120386344,0,50000,50000,8,-0.000523372149642729,0.0008534759401399106,0.0001524157902758725,0.0010886278152505253
b2.0_float64,2.0,float64,half,0.4787520120386344,50000,100000,50000,1,0.3407406199425432,-0.0021663107385076546,0.3333333333333333,0.007717564196477624
b2.0_float64,2.0,float64,half,0.4787520120386344,50000,100000,50000,2,0.11062352320501241,-0.0003052840114977873,0.1111111111111111,0.0005752741032324414
b2.0_float64,2.0,float64,half,0.4787520120386344,50000,100000,50000,3,0.03816243804127282,0.005228963754207323,0.03703703703703703,0.005348699782484419
b2.0_float64,2.0,float64,half,0.4787520120386344,50000,100000,50000,4,0.009774858042865998,-0.001485659182685859,0.012345679012345677,0.0029692261052697297
b2.0_float64,2.0,float64,half,0.4787520120386344,50000,100000,50000,5,0.009732712654274884,0.0005146409988434367,0.004115226337448558,0.005641011245993184
b2.0_float64,2.0,float64,half,0.4787520120386344,50000,100000,50000,6,0.005177568112096907,0.0010513378567509738,0.0013717421124828527,0.003948369641811168
b2.0_float64,2.0,float64,half,0.4787520120386344,50000,100000,50000,7,0.002917951270105179,0.0035832629004161416,0.00045724737082761756,0.004346819146619571
b2.0_float64,2.0,float64,half,0.4787520120386344,50000,100000,50000,8,-0.004708495774595954,-0.0036430508848159598,0.0001524157902758725,0.006074560147933595
b2.0_float64,2.0,float64,half,0.4787520120386344,100000,150000,50000,1,0.33206607505870933,0.0014477970753664332,0.3333333333333333,0.001924073778742009
b2.0_float64,2.0,float64,half,0.4787520120386344,100000,150000,50000,2,0.11098808739149602,1.5163923958266957e-05,0.1111111111111111,0.0001239547505251182
b2.0_float64,2.0,float64,half,0.4787520120386344,100000,150000,50000,3,0.03780943074514213,-0.0008919930188433172,0.03703703703703703,0.0011799337210138367
b2.0_float64,2.0,float64,half,0.4787520120386344,100000,150000,50000,4,0.010920746515686934,-0.001231578324042062,0.012345679012345677,0.0018834059010963012
b2.0_float64,2.0,float64,half,0.4787520120386344,100000,150000,50000,5,0.003962912104730524,-0.005914367147441413,0.004115226337448558,0.0059163281163423275
b2.0_float64,2.0,float64,half,0.4787520120386344,100000,150000,50000,6,0.0066998413879712036,-0.008365685258850513,0.0013717421124828527,0.00991833311295846
b2.0_float64,2.0,float64,half,0.4787520120386344,100000,150000,50000,7,0.005918433402059277,-0.009498667810970246,0.00045724737082761756,0.010956698547047925
b2.0_float64,2.0,float64,half,0.4787520120386344,100000,150000,50000,8,0.0034029740253552912,-0.0004452957832445617,0.0001524157902758725,0.0032809171239484266
b2.0_float64,2.0,float64,half,0.4787520120386344,150000,200000,50000,1,0.334010292393468,-0.0007333180729971746,0.3333333333333333,0.0009980125075783148
b2.0_float64,2.0,float64,half,0.4787520120386344,150000,200000,50000,2,0.11011296582787675,0.0014630617822907449,0.1111111111111111,0.0017711137132445135
b2.0_float64,2.0,float64,half,0.4787520120386344,150000,200000,50000,3,0.035776322338220645,0.002486725311657266,0.03703703703703703,0.0027880466867412045
b2.0_float64,2.0,float64,half,0.4787520120386344,150000,200000,50000,4,0.010337801197234344,0.0073601250864855396,0.012345679012345677,0.00762909002497218
b2.0_float64,2.0,float64,half,0.4787520120386344,150000,200000,50000,5,-0.00045912752664253236,0.005160453297837703,0.004115226337448558,0.006896012725705277
b2.0_float64,2.0,float64,half,0.4787520120386344,150000,200000,50000,6,-0.0041669598588354876,0.006544919949093062,0.0013717421124828527,0.008573983710453502
b2.0_float64,2.0,float64,half,0.4787520120386344,150000,200000,50000,7,-0.0017615174330581152,-0.0018429154848840672,0.00045724737082761756,0.0028843118311631236
b2.0_float64,2.0,float64,half,0.4787520120386344,150000,200000,50000,8,0.004619995224776162,9.267115726663032e-06,0.0001524157902758725,0.0044675890458953154
b2.0_float64,2.0,float64,matched,0.9575040240772688,0,200000,200000,1,0.00288385993764409,-0.0007844118211620657,0.0,0.002988636820546679
b2.0_float64,2.0,float64,matched,0.9575040240772688,0,200000,200000,2,-0.001990234650357266,0.0016341500561661976,0.0,0.002575166085818679
b2.0_float64,2.0,float64,matched,0.9575040240772688,0,200000,200000,3,0.002145459387722808,0.0005517676068307329,0.0,0.002215275034011723
b2.0_float64,2.0,float64,matched,0.9575040240772688,0,200000,200000,4,0.0005234077672750042,-0.0015071059436070327,0.0,0.0015954071631089817
b2.0_float64,2.0,float64,matched,0.9575040240772688,0,200000,200000,5,0.0029674811049034086,-0.0005034897589109873,0.0,0.0030098913676887074
b2.0_float64,2.0,float64,matched,0.9575040240772688,0,200000,200000,6,-0.0009296563896546114,0.0021332075905820197,0.0,0.0023269799370304834
b2.0_float64,2.0,float64,matched,0.9575040240772688,0,200000,200000,7,0.0031656500340922797,7.16000478153479e-05,0.0,0.0031664596484395017
b2.0_float64,2.0,float64,matched,0.9575040240772688,0,200000,200000,8,0.0011518484658563698,-0.001369594029972573,0.0,0.0017895649457988906
b2.0_float64,2.0,float64,matched,0.9575040240772688,0,50000,50000,1,0.006055126764483988,-0.0030055039631150695,0.0,0.006760001050759587
b2.0_float64,2.0,float64,matched,0.9575040240772688,0,50000,50000,2,-0.002228666320250993,0.0009381882916062554,0.0,0.0024180882609053304
b2.0_float64,2.0,float64,matched,0.9575040240772688,0,50000,50000,3,0.005920848407598094,0.0011257043633635681,0.0,0.006026910998135999
b2.0_float64,2.0,float64,matched,0.9575040240772688,0,50000,50000,4,-0.0017957473088483983,0.0007008229863786963,0.0,0.0019276569340712624
b2.0_float64,2.0,float64,matched,0.9575040240772688,0,50000,50000,5,0.0023635344834810035,-0.00287593633129679,0.0,0.0037225401322587043
b2.0_float64,2.0,float64,matched,0.9575040240772688,0,50000,50000,6,-0.0043845963595658495,0.0029002197821321888,0.0,0.005256991537085539
b2.0_float64,2.0,float64,matched,0.9575040240772688,0,50000,50000,7,0.0032112987993395212,-0.00487889494420904,0.0,0.005840895124488025
b2.0_float64,2.0,float64,matched,0.9575040240772688,0,50000,50000,8,0.0005966570101163781,-0.0002829463795017257,0.0,0.0006603470613201442
b2.0_float64,2.0,float64,matched,0.9575040240772688,50000,100000,50000,1,0.0065435326333278115,-0.0015365471337907756,0.0,0.006721517419287601
b2.0_float64,2.0,float64,matched,0.9575040240772688,50000,100000,50000,2,-0.0039635322683329016,0.003291724215521344,0.0,0.005152187530861601
b2.0_float64,2.0,float64,matched,0.9575040240772688,50000,100000,50000,3,0.0045481420249104095,0.0005332125429066412,0.0,0.00457929159310358
b2.0_float64,2.0,float64,matched,0.9575040240772688,50000,100000,50000,4,0.0019035886052442968,-0.0021678698368653546,0.0,0.0028850145940023503
b2.0_float64,2.0,float64,matched,0.9575040240772688,50000,100000,50000,5,0.0009450403111221044,0.002550042699926177,0.0,0.0027195255029310813
b2.0_float64,2.0,float64,matched,0.9575040240772688,50000,100000,50000,6,-0.0027847845630543417,-0.005471437191155084,0.0,0.006139352571678938
b2.0_float64,2.0,float64,matched,0.9575040240772688,50000,100000,50000,7,0.006661642906393106,0.002033095621467253,0.0,0.006964981264750603
b2.0_float64,2.0,float64,matched,0.9575040240772688,50000,100000,50000,8,-0.002142451030131035,-0.0023774682629384308,0.0,0.0032003830642266893
b2.0_float64,2.0,float64,matched,0.9575040240772688,100000,150000,50000,1,-0.0011075714250781698,0.0010555572813135813,0.0,0.0015300051097247378
b2.0_float64,2.0,float64,matched,0.9575040240772688,100000,150000,50000,2,0.0010503129793790682,-0.002773948013978767,0.0,0.0029661329941371275
b2.0_float64,2.0,float64,matched,0.9575040240772688,100000,150000,50000,3,0.0011355767011635549,-0.005266677376617429,0.0,0.005387710555848314
b2.0_float64,2.0,float64,matched,0.9575040240772688,100000,150000,50000,4,0.004411960927088211,-0.007224597686092133,0.0,0.008465235433704185
b2.0_float64,2.0,float64,matched,0.9575040240772688,100000,150000,50000,5,0.005096260143013202,-0.0009496564501634089,0.0,0.005183986382949121
b2.0_float64,2.0,float64,matched,0.9575040240772688,100000,150000,50000,6,-0.0009264690398129219,0.005498957104124714,0.0,0.0055764571292833895
b2.0_float64,2.0,float64,matched,0.9575040240772688,100000,150000,50000,7,0.003190969332062383,6.468848070330321e-05,0.0,0.0031916249588099087
b2.0_float64,2.0,float64,matched,0.9575040240772688,100000,150000,50000,8,0.0027874173619530647,-0.0003911964977720221,0.0,0.0028147344900694414
b2.0_float64,2.0,float64,matched,0.9575040240772688,150000,200000,50000,1,4.4351777842184885e-05,0.00034884653094403753,0.0,0.0003516546350461655
b2.0_float64,2.0,float64,matched,0.9575040240772688,150000,200000,50000,2,-0.002819052992224182,0.005080635731515976,0.0,0.0058103286662051215
b2.0_float64,2.0,float64,matched,0.9575040240772688,150000,200000,50000,3,-0.0030227295827808015,0.005814830897670246,0.0,0.006553560291865695
b2.0_float64,2.0,float64,matched,0.9575040240772688,150000,200000,50000,4,-0.0024261711543838945,0.0026632207621503047,0.0,0.00360264504195361
b2.0_float64,2.0,float64,matched,0.9575040240772688,150000,200000,50000,5,0.0034650894819969465,-0.0007384089541099374,0.0,0.0035428932952822046
b2.0_float64,2.0,float64,matched,0.9575040240772688,150000,200000,50000,6,0.004377224403814626,0.005605090667226347,0.0,0.007111760321409756
b2.0_float64,2.0,float64,matched,0.9575040240772688,150000,200000,50000,7,-0.00040131090142598804,0.0030675110332999515,0.0,0.003093650655620359
b2.0_float64,2.0,float64,matched,0.9575040240772688,150000,200000,50000,8,0.003365770521487042,-0.002426764979678109,0.0,0.004149409532680915
b2.0_float64,2.0,float64,double,1.9150080481545375,0,200000,200000,1,-0.3310967469593693,-0.00020684875319216555,-0.3333333333333333,0.0022461311214839255
b2.0_float64,2.0,float64,double,1.9150080481545375,0,200000,200000,2,0.10969310878053962,0.0013487593293162957,0.1111111111111111,0.0019570085175910495
b2.0_float64,2.0,float64,double,1.9150080481545375,0,200000,200000,3,-0.03281162790645104,-0.001800548507838753,-0.03703703703703703,0.004593044442406341
b2.0_float64,2.0,float64,double,1.9150080481545375,0,200000,200000,4,0.011528822299479815,0.0008046398232203138,0.012345679012345677,0.001146603739077297
b2.0_float64,2.0,float64,double,1.9150080481545375,0,200000,200000,5,-0.0015181407245531539,-0.0007767509235422197,-0.004115226337448558,0.0027107555548097637
b2.0_float64,2.0,float64,double,1.9150080481545375,0,200000,200000,6,0.0010742231567198578,-0.0029167947236649503,0.0013717421124828527,0.002931929226471539
b2.0_float64,2.0,float64,double,1.9150080481545375,0,200000,200000,7,0.0004507832070287294,0.0015573169249008243,-0.00045724737082761756,0.0018027078340387527
b2.0_float64,2.0,float64,double,1.9150080481545375,0,200000,200000,8,-0.0004493802970930435,0.0007297655207149657,0.0001524157902758725,0.0009458944158820903
b2.0_float64,2.0,float64,double,1.9150080481545375,0,50000,50000,1,-0.3280715173104932,-0.002286962654012022,-0.3333333333333333,0.005737325687030713
b2.0_float64,2.0,float64,double,1.9150080481545375,0,50000,50000,2,0.10862053246669483,0.0027381491802706322,0.1111111111111111,0.0037014109360403577
b2.0_float64,2.0,float64,double,1.9150080481545375,0,50000,50000,3,-0.03296170049210388,-0.0020497866163805482,-0.03703703703703703,0.004561797137878936
b2.0_float64,2.0,float64,double,1.9150080481545375,0,50000,50000,4,0.0073523193303742474,-0.0015798788543821079,0.012345679012345677,0.005237333110282516
b2.0_float64,2.0,float64,double,1.9150080481545375,0,50000,50000,5,0.0012640208436966605,-0.0011339583085982759,-0.004115226337448558,0.005497468661256547
b2.0_float64,2.0,float64,double,1.9150080481545375,0,50000,50000,6,-0.001439584926516905,8.39092183736799e-05,0.0013717421124828527,0.0028125789726048986
b2.0_float64,2.0,float64,double,1.9150080481545375,0,50000,50000,7,0.0012435465541084784,0.0029442412847629465,-0.00045724737082761756,0.0034001848064483344
b2.0_float64,2.0,float64,double,1.9150080481545375,0,50000,50000,8,-0.0014950363542026888,0.002218939533180842,0.0001524157902758725,0.0027636554091021955
b2.0_float64,2.0,float64,double,1.9150080481545375,50000,100000,50000,1,-0.32817108881134055,-0.00040076173659435297,-0.3333333333333333,0.005177777368172798
b2.0_float64,2.0,float64,double,1.9150080481545375,50000,100000,50000,2,0.10754217787097924,0.002608367722078408,0.1111111111111111,0.004420505247830689
b2.0_float64,2.0,float64,double,1.9150080481545375,50000,100000,50000,3,-0.030021996972502785,-0.003952917153523645,-0.03703703703703703,0.0080521016591721
b2.0_float64,2.0,float64,double,1.9150080481545375,50000,100000,50000,4,0.008168221310230732,-0.00037446099247070817,0.012345679012345677,0.0041942071822743355
b2.0_float64,2.0,float64,double,1.9150080481545375,50000,100000,50000,5,0.002238718161588052,-0.0038461382043587272,-0.004115226337448558,0.007427340693940556
b2.0_float64,2.0,float64,double,1.9150080481545375,50000,100000,50000,6,0.0021474630892851696,-0.0033696404973123004,0.0013717421124828527,0.003457776758985205
b2.0_float64,2.0,float64,double,1.9150080481545375,50000,100000,50000,7,-0.0007229296696444189,-0.0006053845654131029,-0.00045724737082761756,0.0006611184129526204
b2.0_float64,2.0,float64,double,1.9150080481545375,50000,100000,50000,8,-0.0006077320563022933,-0.0016482340857596207,0.0001524157902758725,0.0018150758524417858
b2.0_float64,2.0,float64,double,1.9150080481545375,100000,150000,50000,1,-0.33369238666297235,-0.0006321551476254024,-0.3333333333333333,0.0007270071692866396
b2.0_float64,2.0,float64,double,1.9150080481545375,100000,150000,50000,2,0.11455978934656386,-0.006295328664763405,0.1111111111111111,0.007178059944656167
b2.0_float64,2.0,float64,double,1.9150080481545375,100000,150000,50000,3,-0.03388757346784778,-0.0013377632535672187,-0.03703703703703703,0.003421802346168615
b2.0_float64,2.0,float64,double,1.9150080481545375,100000,150000,50000,4,0.013679788929660947,0.00421937257871865,0.012345679012345677,0.004425263181949954
b2.0_float64,2.0,float64,double,1.9150080481545375,100000,150000,50000,5,-0.006912152792203697,-0.00016620102405108083,-0.004115226337448558,0.00280186016312463
b2.0_float64,2.0,float64,double,1.9150080481545375,100000,150000,50000,6,0.00162202464754129,-0.006205817238154008,0.0013717421124828527,0.0062108621737021925
b2.0_float64,2.0,float64,double,1.9150080481545375,100000,150000,50000,7,-0.0020546578688620015,0.0020610700975552836,-0.00045724737082761756,0.002607629238650887
b2.0_float64,2.0,float64,double,1.9150080481545375,100000,150000,50000,8,0.0017162496915869821,3.408162041148311e-06,0.0001524157902758725,0.0015638376151181504
b2.0_float64,2.0,float64,double,1.9150080481545375,150000,200000,50000,1,-0.3344519950526801,0.0024924845254630733,-0.3333333333333333,0.0027320108257480884
b2.0_float64,2.0,float64,double,1.9150080481545375,150000,200000,50000,2,0.10804993543791681,0.006343849079679567,0.1111111111111111,0.007043807042211464
b2.0_float64,2.0,float64,double,1.9150080481545375,150000,200000,50000,3,-0.03437524069335151,0.00013827299211661355,-0.03703703703703703,0.0026653853746890855
b2.0_float64,2.0,float64,double,1.9150080481545375,150000,200000,50000,4,0.016914959627654005,0.0009535265610154536,0.012345679012345677,0.004667712313756538
b2.0_float64,2.0,float64,double,1.9150080481545375,150000,200000,50000,5,-0.0026631491112936046,0.002039293842839096,-0.004115226337448558,0.0025034471530590197
b2.0_float64,2.0,float64,double,1.9150080481545375,150000,200000,50000,6,0.001966989816569933,-0.0021756303775671594,0.0013717421124828527,0.0022555902484746562
b2.0_float64,2.0,float64,double,1.9150080481545375,150000,200000,50000,7,0.0033371738125127707,0.0018293408826981809,-0.00045724737082761756,0.004212377022738258
b2.0_float64,2.0,float64,double,1.9150080481545375,150000,200000,50000,8,-0.0014110024694541875,0.0023449484733975355,0.0001524157902758725,0.002818343484699266
