beta,name,kappa,regime,seed,initial,x0,y0,initial_equal,tail_real,tail_chord,finite_sync,first_exact,first_escape,max_abs
1.0001,uncoupled,0.0,unstable,0,near,-0.13157073973117722,-0.13157073990436674,0,143912.4158198022,1.999999998246,0,-1,87,4433.749635417032
1.0001,uncoupled,0.0,unstable,0,independent,-0.005462657694507116,0.013031140051117121,0,78183.26448431342,1.9999999989370545,0,-1,1,17009.039791736886
1.0001,q-1.0,0.03328193260141849,stable,0,near,-0.13157073973117722,-0.13157073990436674,0,0.0,0.0,1,804,89,428238.50506540475
1.0001,q-1.0,0.03328193260141849,stable,0,independent,-0.005462657694507116,0.013031140051117121,0,0.0,0.0,1,580,1,2984.4188695762336
1.0001,q-0.25,0.021069070265121483,stable,0,near,-0.13157073973117722,-0.13157073990436674,0,0.0,0.0,1,1951,87,626.0986884193514
1.0001,q-0.25,0.021069070265121483,stable,0,independent,-0.005462657694507116,0.013031140051117121,0,0.0,0.0,1,865,1,1236.9086034688755
1.0001,q0.0,0.016927506786723823,neutral,0,near,-0.13157073973117722,-0.13157073990436674,0,0.0,0.0,1,3511,87,3639.441759734226
1.0001,q0.0,0.016927506786723823,neutral,0,independent,-0.005462657694507116,0.013031140051117121,0,0.0,0.0,1,1092,1,2442.317094145781
1.0001,q0.25,0.012750129066687833,unstable,0,near,-0.13157073973117722,-0.13157073990436674,0,0.0,0.0,1,1696,87,1722.7283898885194
1.0001,q0.25,0.012750129066687833,unstable,0,independent,-0.005462657694507116,0.013031140051117121,0,0.0,0.0,1,1455,1,1228.2454373576466
1.0001,q0.75,0.004286689406437763,unstable,0,near,-0.13157073973117722,-0.13157073990436674,0,0.0,0.0,1,9158,87,6200.911522482513
1.0001,q0.75,0.004286689406437763,unstable,0,independent,-0.005462657694507116,0.013031140051117121,0,0.0,0.0,1,4456,1,36850.27887725354
1.0001,one_step,0.5,one_step,0,near,-0.13157073973117722,-0.13157073990436674,0,0.0,0.0,1,1,-1,7723.598836469375
1.0001,one_step,0.5,one_step,0,independent,-0.005462657694507116,0.013031140051117121,0,0.0,0.0,1,1,-1,2294.6488425577454
1.0001,uncoupled,0.0,unstable,1,near,0.05977902185902329,0.0597790216858338,0,11665.500417301317,1.9999999999631901,0,-1,417,14575.131224059458
1.0001,uncoupled,0.0,unstable,1,independent,-0.02834471567801568,-0.00976495233225451,0,14489.755919577314,1.9999999995045028,0,-1,1,2783.3791893920998
1.0001,q-1.0,0.03328193260141849,stable,1,near,0.05977902185902329,0.0597790216858338,0,0.0,0.0,1,262,-1,3052.098140369308
1.0001,q-1.0,0.03328193260141849,stable,1,independent,-0.02834471567801568,-0.00976495233225451,0,0.0,0.0,1,516,1,3308.1657182852173
1.0001,q-0.25,0.021069070265121483,stable,1,near,0.05977902185902329,0.0597790216858338,0,0.0,0.0,1,2023,475,773.5441692591338
1.0001,q-0.25,0.021069070265121483,stable,1,independent,-0.02834471567801568,-0.00976495233225451,0,0.0,0.0,1,864,1,1401.8696059458205
1.0001,q0.0,0.016927506786723823,neutral,1,near,0.05977902185902329,0.0597790216858338,0,0.0,0.0,1,6229,469,29204.709622370425
1.0001,q0.0,0.016927506786723823,neutral,1,independent,-0.02834471567801568,-0.00976495233225451,0,0.0,0.0,1,1118,1,744.2636646517981
1.0001,q0.25,0.012750129066687833,unstable,1,near,0.05977902185902329,0.0597790216858338,0,0.0,0.0,1,3751,427,6506.511936786547
1.0001,q0.25,0.012750129066687833,unstable,1,independent,-0.02834471567801568,-0.00976495233225451,0,0.0,0.0,1,1450,1,1209.630966792188
1.0001,q0.75,0.004286689406437763,unstable,1,near,0.05977902185902329,0.0597790216858338,0,0.0,0.0,1,10942,420,23598.682391627844
1.0001,q0.75,0.004286689406437763,unstable,1,independent,-0.02834471567801568,-0.00976495233225451,0,0.0,0.0,1,13421,1,7064.098311272624
1.0001,one_step,0.5,one_step,1,near,0.05977902185902329,0.0597790216858338,0,0.0,0.0,1,1,-1,4066.2249767885723
1.0001,one_step,0.5,one_step,1,independent,-0.02834471567801568,-0.00976495233225451,0,0.0,0.0,1,1,-1,47379.76221889028
1.0001,uncoupled,0.0,unstable,2,near,-0.05516502864441687,-0.05516502881760636,0,12682.563675677222,1.9999999949678893,0,-1,1082,3408.716388251583
1.0001,uncoupled,0.0,unstable,2,independent,-0.019019092166285487,0.021956508201866662,0,64476.824006972936,1.99999999965104,0,-1,1,6869.015542194415
1.0001,q-1.0,0.03328193260141849,stable,2,near,-0.05516502864441687,-0.05516502881760636,0,0.0,0.0,1,250,-1,67543.47117790344
1.0001,q-1.0,0.03328193260141849,stable,2,independent,-0.019019092166285487,0.021956508201866662,0,0.0,0.0,1,578,1,1358.720195494758
1.0001,q-0.25,0.021069070265121483,stable,2,near,-0.05516502864441687,-0.05516502881760636,0,0.0,0.0,1,671,-1,2497.0517792871146
1.0001,q-0.25,0.021069070265121483,stable,2,independent,-0.019019092166285487,0.021956508201866662,0,0.0,0.0,1,976,1,135863.3017511871
1.0001,q0.0,0.016927506786723823,neutral,2,near,-0.05516502864441687,-0.05516502881760636,0,0.0,0.0,1,899,-1,2124.172683640628
1.0001,q0.0,0.016927506786723823,neutral,2,independent,-0.019019092166285487,0.021956508201866662,0,0.0,0.0,1,1148,1,695.5998905683563
1.0001,q0.25,0.012750129066687833,unstable,2,near,-0.05516502864441687,-0.05516502881760636,0,0.0,0.0,1,3842,1298,2796.0867472315035
1.0001,q0.25,0.012750129066687833,unstable,2,independent,-0.019019092166285487,0.021956508201866662,0,0.0,0.0,1,1641,1,10257.58429534989
1.0001,q0.75,0.004286689406437763,unstable,2,near,-0.05516502864441687,-0.05516502881760636,0,0.0,0.0,1,16712,1250,3652.3792738428847
1.0001,q0.75,0.004286689406437763,unstable,2,independent,-0.019019092166285487,0.021956508201866662,0,0.0,0.0,1,4667,1,2604.309605250154
1.0001,one_step,0.5,one_step,2,near,-0.05516502864441687,-0.05516502881760636,0,0.0,0.0,1,1,-1,10949.457056913821
1.0001,one_step,0.5,one_step,2,independent,-0.019019092166285487,0.021956508201866662,0,0.0,0.0,1,1,-1,14320.071829138817
1.0001,uncoupled,0.0,unstable,3,near,0.05495185146280185,0.05495185128961236,0,61777.401640341945,1.9999999903523238,0,-1,475,37660.77487124555
1.0001,uncoupled,0.0,unstable,3,independent,0.005939986308979996,-0.006296208248211313,0,69076.94571254529,1.999999999657658,0,-1,1,2063.817927534775
1.0001,q-1.0,0.03328193260141849,stable,3,near,0.05495185146280185,0.05495185128961236,0,0.0,0.0,1,281,-1,4927.577045403829
1.0001,q-1.0,0.03328193260141849,stable,3,independent,0.005939986308979996,-0.006296208248211313,0,0.0,0.0,1,594,1,498.26905284082306
1.0001,q-0.25,0.021069070265121483,stable,3,near,0.05495185146280185,0.05495185128961236,0,0.0,0.0,1,448,-1,6966.512931624761
1.0001,q-0.25,0.021069070265121483,stable,3,independent,0.005939986308979996,-0.006296208248211313,0,0.0,0.0,1,970,1,7238.333600494131
1.0001,q0.0,0.016927506786723823,neutral,3,near,0.05495185146280185,0.05495185128961236,0,0.0,0.0,1,1722,485,3410.896128631634
1.0001,q0.0,0.016927506786723823,neutral,3,independent,0.005939986308979996,-0.006296208248211313,0,0.0,0.0,1,1219,1,488.7050826225461
1.0001,q0.25,0.012750129066687833,unstable,3,near,0.05495185146280185,0.05495185128961236,0,0.0,0.0,1,2685,483,23261.97356350432
1.0001,q0.25,0.012750129066687833,unstable,3,independent,0.005939986308979996,-0.006296208248211313,0,0.0,0.0,1,1554,1,17190.261522737223
1.0001,q0.75,0.004286689406437763,unstable,3,near,0.05495185146280185,0.05495185128961236,0,0.0,0.0,1,8694,479,375.83280542773446
1.0001,q0.75,0.004286689406437763,unstable,3,independent,0.005939986308979996,-0.006296208248211313,0,0.0,0.0,1,4726,1,962.5841514616562
1.0001,one_step,0.5,one_step,3,near,0.05495185146280185,0.05495185128961236,0,0.0,0.0,1,1,-1,3182.568178732383
1.0001,one_step,0.5,one_step,3,independent,0.005939986308979996,-0.006296208248211313,0,0.0,0.0,1,1,-1,1151.0205370951373
1.0001,uncoupled,0.0,unstable,4,near,-0.03304197191105426,-0.033041972084243754,0,55267.44930276831,1.997719491819984,0,-1,1215,2379.513885537933
1.0001,uncoupled,0.0,unstable,4,independent,-0.09675578064000853,-0.17421037888291813,0,17274.449334196444,1.999999998551202,0,-1,1,12761.893904461456
1.0001,q-1.0,0.03328193260141849,stable,4,near,-0.03304197191105426,-0.033041972084243754,0,0.0,0.0,1,265,-1,1283.4811818549927
1.0001,q-1.0,0.03328193260141849,stable,4,independent,-0.09675578064000853,-0.17421037888291813,0,0.0,0.0,1,1441,1,1749.687442617771
1.0001,q-0.25,0.021069070265121483,stable,4,near,-0.03304197191105426,-0.033041972084243754,0,0.0,0.0,1,410,-1,2059.4247323620766
1.0001,q-0.25,0.021069070265121483,stable,4,independent,-0.09675578064000853,-0.17421037888291813,0,0.0,0.0,1,2154,1,15617.69723976992
1.0001,q0.0,0.016927506786723823,neutral,4,near,-0.03304197191105426,-0.033041972084243754,0,0.0,0.0,1,633,-1,7841.300359406818
1.0001,q0.0,0.016927506786723823,neutral,4,independent,-0.09675578064000853,-0.17421037888291813,0,0.0,0.0,1,2880,1,25013.6498103975
1.0001,q0.25,0.012750129066687833,unstable,4,near,-0.03304197191105426,-0.033041972084243754,0,0.0,0.0,1,728,-1,2791.798099472489
1.0001,q0.25,0.012750129066687833,unstable,4,independent,-0.09675578064000853,-0.17421037888291813,0,0.0,0.0,1,2466,1,1212.8304599525588
1.0001,q0.75,0.004286689406437763,unstable,4,near,-0.03304197191105426,-0.033041972084243754,0,0.0,0.0,1,16947,1224,1982.5486384977723
1.0001,q0.75,0.004286689406437763,unstable,4,independent,-0.09675578064000853,-0.17421037888291813,0,0.0,0.0,1,17948,1,2688.606769471742
1.0001,one_step,0.5,one_step,4,near,-0.03304197191105426,-0.033041972084243754,0,0.0,0.0,1,1,-1,43798.15751471398
1.0001,one_step,0.5,one_step,4,independent,-0.09675578064000853,-0.17421037888291813,0,0.0,0.0,1,1,-1,3051.4814111946503
1.0001,uncoupled,0.0,unstable,5,near,-0.009493544909958962,-0.009493545083148456,0,51768.84143968543,1.999999999886337,0,-1,7327,25930.825335980357
1.0001,uncoupled,0.0,unstable,5,independent,-0.006329183000460457,-0.003845546082452807,0,19192.58720578856,1.9999999870409544,0,-1,1,32381.112274104413
1.0001,q-1.0,0.03328193260141849,stable,5,near,-0.009493544909958962,-0.009493545083148456,0,0.0,0.0,1,260,-1,10512.319286298043
1.0001,q-1.0,0.03328193260141849,stable,5,independent,-0.006329183000460457,-0.003845546082452807,0,0.0,0.0,1,544,1,10916.416866606996
1.0001,q-0.25,0.021069070265121483,stable,5,near,-0.009493544909958962,-0.009493545083148456,0,0.0,0.0,1,470,-1,864.810525155955
1.0001,q-0.25,0.021069070265121483,stable,5,independent,-0.006329183000460457,-0.003845546082452807,0,0.0,0.0,1,842,1,982.7486220038784
1.0001,q0.0,0.016927506786723823,neutral,5,near,-0.009493544909958962,-0.009493545083148456,0,0.0,0.0,1,575,-1,49316.887679147774
1.0001,q0.0,0.016927506786723823,neutral,5,independent,-0.006329183000460457,-0.003845546082452807,0,0.0,0.0,1,1141,1,36725.39582412111
1.0001,q0.25,0.012750129066687833,unstable,5,near,-0.009493544909958962,-0.009493545083148456,0,0.0,0.0,1,685,-1,502.1570814026548
1.0001,q0.25,0.012750129066687833,unstable,5,independent,-0.006329183000460457,-0.003845546082452807,0,0.0,0.0,1,1339,1,4366.95391745462
1.0001,q0.75,0.004286689406437763,unstable,5,near,-0.009493544909958962,-0.009493545083148456,0,0.0,0.0,1,2024,-1,91608.34726766501
1.0001,q0.75,0.004286689406437763,unstable,5,independent,-0.006329183000460457,-0.003845546082452807,0,0.0,0.0,1,4127,1,1616.9558956508654
1.0001,one_step,0.5,one_step,5,near,-0.009493544909958962,-0.009493545083148456,0,0.0,0.0,1,1,-1,397232.68927472056
1.0001,one_step,0.5,one_step,5,independent,-0.006329183000460457,-0.003845546082452807,0,0.0,0.0,1,1,-1,16360.159275787883
1.0001,uncoupled,0.0,unstable,6,near,-0.05152282711594294,-0.051522827289132433,0,5140.963942173653,1.9999997387443051,0,-1,538,1280.5201825694571
1.0001,uncoupled,0.0,unstable,6,independent,0.14750401339720484,0.01161802753608495,0,112599.92397554238,1.952836361781658,0,-1,1,1950.212507293716
1.0001,q-1.0,0.03328193260141849,stable,6,near,-0.05152282711594294,-0.051522827289132433,0,0.0,0.0,1,239,-1,6081.051596413513
1.0001,q-1.0,0.03328193260141849,stable,6,independent,0.14750401339720484,0.01161802753608495,0,0.0,0.0,1,1392,1,2153.5894415856524
1.0001,q-0.25,0.021069070265121483,stable,6,near,-0.05152282711594294,-0.051522827289132433,0,0.0,0.0,1,3589,551,6709.429730183274
1.0001,q-0.25,0.021069070265121483,stable,6,independent,0.14750401339720484,0.01161802753608495,0,0.0,0.0,1,2656,1,5128.078271076456
1.0001,q0.0,0.016927506786723823,neutral,6,near,-0.05152282711594294,-0.051522827289132433,0,0.0,0.0,1,3550,550,4731.771068733398
1.0001,q0.0,0.016927506786723823,neutral,6,independent,0.14750401339720484,0.01161802753608495,0,0.0,0.0,1,2760,1,7601.262395370178
1.0001,q0.25,0.012750129066687833,unstable,6,near,-0.05152282711594294,-0.051522827289132433,0,0.0,0.0,1,10121,547,2344.5229322130767
1.0001,q0.25,0.012750129066687833,unstable,6,independent,0.14750401339720484,0.01161802753608495,0,0.0,0.0,1,2653,1,35637.458625290616
1.0001,q0.75,0.004286689406437763,unstable,6,near,-0.05152282711594294,-0.051522827289132433,0,0.0,0.0,1,6520,539,91373.68336625503
1.0001,q0.75,0.004286689406437763,unstable,6,independent,0.14750401339720484,0.01161802753608495,0,0.0,0.0,1,6167,1,4670.363073799641
1.0001,one_step,0.5,one_step,6,near,-0.05152282711594294,-0.051522827289132433,0,0.0,0.0,1,1,-1,2147.033551097375
1.0001,one_step,0.5,one_step,6,independent,0.14750401339720484,0.01161802753608495,0,0.0,0.0,1,1,-1,12848.959499611858
1.0001,uncoupled,0.0,unstable,7,near,-0.009918938199374993,-0.009918938372564487,0,22606.220559902627,1.9999999957132728,0,-1,6994,27709.368833535045
1.0001,uncoupled,0.0,unstable,7,independent,-0.009647792390449588,-0.019727147859212438,0,43231.13909539759,1.9999999940748705,0,-1,1,1875.1476099843344
1.0001,q-1.0,0.03328193260141849,stable,7,near,-0.009918938199374993,-0.009918938372564487,0,0.0,0.0,1,296,-1,550.6031481933203
1.0001,q-1.0,0.03328193260141849,stable,7,independent,-0.009647792390449588,-0.019727147859212438,0,0.0,0.0,1,607,1,1281.6305791112202
1.0001,q-0.25,0.021069070265121483,stable,7,near,-0.009918938199374993,-0.009918938372564487,0,0.0,0.0,1,477,-1,4470.552346692653
1.0001,q-0.25,0.021069070265121483,stable,7,independent,-0.009647792390449588,-0.019727147859212438,0,0.0,0.0,1,844,1,3525.068419063189
1.0001,q0.0,0.016927506786723823,neutral,7,near,-0.009918938199374993,-0.009918938372564487,0,0.0,0.0,1,568,-1,7342.528371466823
1.0001,q0.0,0.016927506786723823,neutral,7,independent,-0.009647792390449588,-0.019727147859212438,0,0.0,0.0,1,1047,1,4379.708181687801
1.0001,q0.25,0.012750129066687833,unstable,7,near,-0.009918938199374993,-0.009918938372564487,0,0.0,0.0,1,734,-1,3137.2844713693626
1.0001,q0.25,0.012750129066687833,unstable,7,independent,-0.009647792390449588,-0.019727147859212438,0,0.0,0.0,1,1424,1,3131.091454471162
1.0001,q0.75,0.004286689406437763,unstable,7,near,-0.009918938199374993,-0.009918938372564487,0,0.0,0.0,1,2486,-1,599.7087538944787
1.0001,q0.75,0.004286689406437763,unstable,7,independent,-0.009647792390449588,-0.019727147859212438,0,0.0,0.0,1,14536,1,18259.446666117783
1.0001,one_step,0.5,one_step,7,near,-0.009918938199374993,-0.009918938372564487,0,0.0,0.0,1,1,-1,14784.120105384909
1.0001,one_step,0.5,one_step,7,independent,-0.009647792390449588,-0.019727147859212438,0,0.0,0.0,1,1,-1,1944.7239268703377
1.0001,uncoupled,0.0,unstable,8,near,-0.000986316196639292,-0.000986316369828786,0,68946.8133759415,1.999999999597767,0,-1,28672,4698.564513550415
1.0001,uncoupled,0.0,unstable,8,independent,0.12543807284727826,0.10398789022536252,0,805101.333318685,1.9999999992788793,0,-1,1,13943.458466897016
1.0001,q-1.0,0.03328193260141849,stable,8,near,-0.000986316196639292,-0.000986316369828786,0,0.0,0.0,1,368,-1,796.5589652259795
1.0001,q-1.0,0.03328193260141849,stable,8,independent,0.12543807284727826,0.10398789022536252,0,0.0,0.0,1,756,1,2345.38624870088
1.0001,q-0.25,0.021069070265121483,stable,8,near,-0.000986316196639292,-0.000986316369828786,0,0.0,0.0,1,455,-1,689.2379328692289
1.0001,q-0.25,0.021069070265121483,stable,8,independent,0.12543807284727826,0.10398789022536252,0,0.0,0.0,1,1126,1,3511.408952101426
1.0001,q0.0,0.016927506786723823,neutral,8,near,-0.000986316196639292,-0.000986316369828786,0,0.0,0.0,1,591,-1,85767.61917271386
1.0001,q0.0,0.016927506786723823,neutral,8,independent,0.12543807284727826,0.10398789022536252,0,0.0,0.0,1,1365,1,4392.823941401979
1.0001,q0.25,0.012750129066687833,unstable,8,near,-0.000986316196639292,-0.000986316369828786,0,0.0,0.0,1,813,-1,3706.948308447749
1.0001,q0.25,0.012750129066687833,unstable,8,independent,0.12543807284727826,0.10398789022536252,0,0.0,0.0,1,3451,1,4579.189894482444
1.0001,q0.75,0.004286689406437763,unstable,8,near,-0.000986316196639292,-0.000986316369828786,0,0.0,0.0,1,2467,-1,24422.193721962627
1.0001,q0.75,0.004286689406437763,unstable,8,independent,0.12543807284727826,0.10398789022536252,0,0.0,0.0,1,13101,1,73942.8459880403
1.0001,one_step,0.5,one_step,8,near,-0.000986316196639292,-0.000986316369828786,0,0.0,0.0,1,1,-1,1603.8089599712134
1.0001,one_step,0.5,one_step,8,independent,0.12543807284727826,0.10398789022536252,0,0.0,0.0,1,1,-1,4315.8512703926235
1.0001,uncoupled,0.0,unstable,9,near,0.28041291788179934,0.2804129177086099,0,2760.820689152176,1.9999999641990396,0,-1,21,1900.6225502681643
1.0001,uncoupled,0.0,unstable,9,independent,-0.0067907980814935235,0.1270296099738542,0,26960.31008010933,1.9821888592503976,0,-1,1,20688.433975735046
1.0001,q-1.0,0.03328193260141849,stable,9,near,0.28041291788179934,0.2804129177086099,0,0.0,0.0,1,672,21,10688.77961561243
1.0001,q-1.0,0.03328193260141849,stable,9,independent,-0.0067907980814935235,0.1270296099738542,0,0.0,0.0,1,1106,1,2311.1105048993295
1.0001,q-0.25,0.021069070265121483,stable,9,near,0.28041291788179934,0.2804129177086099,0,0.0,0.0,1,2279,21,1594935.4565661089
1.0001,q-0.25,0.021069070265121483,stable,9,independent,-0.0067907980814935235,0.1270296099738542,0,0.0,0.0,1,1360,1,5065.962421705854
1.0001,q0.0,0.016927506786723823,neutral,9,near,0.28041291788179934,0.2804129177086099,0,0.0,0.0,1,1325,21,1910.5016101470608
1.0001,q0.0,0.016927506786723823,neutral,9,independent,-0.0067907980814935235,0.1270296099738542,0,0.0,0.0,1,2258,1,11108.188967846956
1.0001,q0.25,0.012750129066687833,unstable,9,near,0.28041291788179934,0.2804129177086099,0,0.0,0.0,1,4170,21,9988.988206683425
1.0001,q0.25,0.012750129066687833,unstable,9,independent,-0.0067907980814935235,0.1270296099738542,0,0.0,0.0,1,2174,1,648.0194418719124
1.0001,q0.75,0.004286689406437763,unstable,9,near,0.28041291788179934,0.2804129177086099,0,0.0,0.0,1,8259,21,2913.5803504113155
1.0001,q0.75,0.004286689406437763,unstable,9,independent,-0.0067907980814935235,0.1270296099738542,0,0.0,0.0,1,6948,1,706.3722584691482
1.0001,one_step,0.5,one_step,9,near,0.28041291788179934,0.2804129177086099,0,0.0,0.0,1,1,-1,603.9749977941703
1.0001,one_step,0.5,one_step,9,independent,-0.0067907980814935235,0.1270296099738542,0,0.0,0.0,1,1,-1,245.68485648223086
1.0001,uncoupled,0.0,unstable,10,near,0.055202075549606267,0.055202075376416776,0,180264.75484445313,1.9999999953089471,0,-1,475,23533.979334291005
1.0001,uncoupled,0.0,unstable,10,independent,-0.07059813087112528,0.03463832658006344,0,18260.29022647774,1.9999999916837141,0,-1,1,2312.715359615193
1.0001,q-1.0,0.03328193260141849,stable,10,near,0.055202075549606267,0.055202075376416776,0,0.0,0.0,1,280,-1,3237.6110514967413
1.0001,q-1.0,0.03328193260141849,stable,10,independent,-0.07059813087112528,0.03463832658006344,0,0.0,0.0,1,541,1,6590.63691636599
1.0001,q-0.25,0.021069070265121483,stable,10,near,0.055202075549606267,0.055202075376416776,0,0.0,0.0,1,2474,504,2001.255553480478
1.0001,q-0.25,0.021069070265121483,stable,10,independent,-0.07059813087112528,0.03463832658006344,0,0.0,0.0,1,914,1,589.6266927691067
1.0001,q0.0,0.016927506786723823,neutral,10,near,0.055202075549606267,0.055202075376416776,0,0.0,0.0,1,5776,499,24694.21045909138
1.0001,q0.0,0.016927506786723823,neutral,10,independent,-0.07059813087112528,0.03463832658006344,0,0.0,0.0,1,1130,1,5527.2567125483065
1.0001,q0.25,0.012750129066687833,unstable,10,near,0.055202075549606267,0.055202075376416776,0,0.0,0.0,1,4086,490,8274.387522100193
1.0001,q0.25,0.012750129066687833,unstable,10,independent,-0.07059813087112528,0.03463832658006344,0,0.0,0.0,1,1524,1,1657.5100743964597
1.0001,q0.75,0.004286689406437763,unstable,10,near,0.055202075549606267,0.055202075376416776,0,0.0,0.0,1,7810,479,1830.8784367527014
1.0001,q0.75,0.004286689406437763,unstable,10,independent,-0.07059813087112528,0.03463832658006344,0,0.0,0.0,1,9576,1,9004.459543867182
1.0001,one_step,0.5,one_step,10,near,0.055202075549606267,0.055202075376416776,0,0.0,0.0,1,1,-1,3889.1986946198263
1.0001,one_step,0.5,one_step,10,independent,-0.07059813087112528,0.03463832658006344,0,0.0,0.0,1,1,-1,383.2416755921341
1.0001,uncoupled,0.0,unstable,11,near,0.14445627736328587,0.14445627719009635,0,21974.06744392071,1.9999999996619624,0,-1,90,20387.92298040383
1.0001,uncoupled,0.0,unstable,11,independent,0.011975398492194849,0.017160741148048504,0,303134.5457528413,1.9999999981862713,0,-1,1,5249.972393108678
1.0001,q-1.0,0.03328193260141849,stable,11,near,0.14445627736328587,0.14445627719009635,0,0.0,0.0,1,725,97,3253.986559778066
1.0001,q-1.0,0.03328193260141849,stable,11,independent,0.011975398492194849,0.017160741148048504,0,0.0,0.0,1,512,1,23805.50854104628
1.0001,q-0.25,0.021069070265121483,stable,11,near,0.14445627736328587,0.14445627719009635,0,0.0,0.0,1,1077,95,4451.84441875072
1.0001,q-0.25,0.021069070265121483,stable,11,independent,0.011975398492194849,0.017160741148048504,0,0.0,0.0,1,903,1,4731.715880276359
1.0001,q0.0,0.016927506786723823,neutral,11,near,0.14445627736328587,0.14445627719009635,0,0.0,0.0,1,1213,93,881.4742606181557
1.0001,q0.0,0.016927506786723823,neutral,11,independent,0.011975398492194849,0.017160741148048504,0,0.0,0.0,1,1017,1,1905.3418516217323
1.0001,q0.25,0.012750129066687833,unstable,11,near,0.14445627736328587,0.14445627719009635,0,0.0,0.0,1,3707,91,787.9161876414163
1.0001,q0.25,0.012750129066687833,unstable,11,independent,0.011975398492194849,0.017160741148048504,0,0.0,0.0,1,1395,1,855277.3619124874
1.0001,q0.75,0.004286689406437763,unstable,11,near,0.14445627736328587,0.14445627719009635,0,0.0,0.0,1,6076,91,118774.57928498759
1.0001,q0.75,0.004286689406437763,unstable,11,independent,0.011975398492194849,0.017160741148048504,0,0.0,0.0,1,23896,1,1997.81372759311
1.0001,one_step,0.5,one_step,11,near,0.14445627736328587,0.14445627719009635,0,0.0,0.0,1,1,-1,4158.918463488954
1.0001,one_step,0.5,one_step,11,independent,0.011975398492194849,0.017160741148048504,0,0.0,0.0,1,1,-1,914.8107029302065
1.0001,uncoupled,0.0,unstable,12,near,0.015027797782638894,0.0150277976094494,0,12189.826202185985,1.999999999904393,0,-1,4227,10362.004573836031
1.0001,uncoupled,0.0,unstable,12,independent,-0.005092809249599117,0.0058997735787632705,0,24316.90288399925,1.9999999971325397,0,-1,1,985.905358766884
1.0001,q-1.0,0.03328193260141849,stable,12,near,0.015027797782638894,0.0150277976094494,0,0.0,0.0,1,325,-1,2609.573711008476
1.0001,q-1.0,0.03328193260141849,stable,12,independent,-0.005092809249599117,0.0058997735787632705,0,0.0,0.0,1,566,1,5446.25335305918
1.0001,q-0.25,0.021069070265121483,stable,12,near,0.015027797782638894,0.0150277976094494,0,0.0,0.0,1,396,-1,551.5432171487062
1.0001,q-0.25,0.021069070265121483,stable,12,independent,-0.005092809249599117,0.0058997735787632705,0,0.0,0.0,1,897,1,675.5909403783503
1.0001,q0.0,0.016927506786723823,neutral,12,near,0.015027797782638894,0.0150277976094494,0,0.0,0.0,1,513,-1,53178.260875479515
1.0001,q0.0,0.016927506786723823,neutral,12,independent,-0.005092809249599117,0.0058997735787632705,0,0.0,0.0,1,1168,1,34155.59881113792
1.0001,q0.25,0.012750129066687833,unstable,12,near,0.015027797782638894,0.0150277976094494,0,0.0,0.0,1,732,-1,1626.9699380960972
1.0001,q0.25,0.012750129066687833,unstable,12,independent,-0.005092809249599117,0.0058997735787632705,0,0.0,0.0,1,1548,1,6306.409866567428
1.0001,q0.75,0.004286689406437763,unstable,12,near,0.015027797782638894,0.0150277976094494,0,0.0,0.0,1,2168,-1,1731.4938749547975
1.0001,q0.75,0.004286689406437763,unstable,12,independent,-0.005092809249599117,0.0058997735787632705,0,0.0,0.0,1,4532,1,792.4321272752725
1.0001,one_step,0.5,one_step,12,near,0.015027797782638894,0.0150277976094494,0,0.0,0.0,1,1,-1,2763.474073134731
1.0001,one_step,0.5,one_step,12,independent,-0.005092809249599117,0.0058997735787632705,0,0.0,0.0,1,1,-1,6433.987949000799
1.0001,uncoupled,0.0,unstable,13,near,0.12499972409470742,0.12499972392151792,0,11593.161681549962,1.9933305575676785,0,-1,99,4065.9861058281253
1.0001,uncoupled,0.0,unstable,13,independent,-0.007611737194104924,-0.007595201619290952,0,116053.06916130855,1.9999999999633493,0,-1,7421,3170.211950256422
1.0001,q-1.0,0.03328193260141849,stable,13,near,0.12499972409470742,0.12499972392151792,0,0.0,0.0,1,976,105,628.4509665560525
1.0001,q-1.0,0.03328193260141849,stable,13,independent,-0.007611737194104924,-0.007595201619290952,0,0.0,0.0,1,463,-1,1938.1565953539766
1.0001,q-0.25,0.021069070265121483,stable,13,near,0.12499972409470742,0.12499972392151792,0,0.0,0.0,1,1888,102,4745.768787402198
1.0001,q-0.25,0.021069070265121483,stable,13,independent,-0.007611737194104924,-0.007595201619290952,0,0.0,0.0,1,667,-1,4812.711585028992
1.0001,q0.0,0.016927506786723823,neutral,13,near,0.12499972409470742,0.12499972392151792,0,0.0,0.0,1,2478,101,4092.897479533429
1.0001,q0.0,0.016927506786723823,neutral,13,independent,-0.007611737194104924,-0.007595201619290952,0,0.0,0.0,1,876,-1,11838.849079491787
1.0001,q0.25,0.012750129066687833,unstable,13,near,0.12499972409470742,0.12499972392151792,0,0.0,0.0,1,4411,101,3142.1934743873903
1.0001,q0.25,0.012750129066687833,unstable,13,independent,-0.007611737194104924,-0.007595201619290952,0,0.0,0.0,1,1171,-1,1096.272204974798
1.0001,q0.75,0.004286689406437763,unstable,13,near,0.12499972409470742,0.12499972392151792,0,0.0,0.0,1,12704,100,3034.438447018317
1.0001,q0.75,0.004286689406437763,unstable,13,independent,-0.007611737194104924,-0.007595201619290952,0,0.0,0.0,1,3617,-1,1306.5260860132862
1.0001,one_step,0.5,one_step,13,near,0.12499972409470742,0.12499972392151792,0,0.0,0.0,1,1,-1,1613.2686269870114
1.0001,one_step,0.5,one_step,13,independent,-0.007611737194104924,-0.007595201619290952,0,0.0,0.0,1,1,-1,2295.463181143356
1.0001,uncoupled,0.0,unstable,14,near,-0.0050677148296195225,-0.0050677150028090165,0,42137.49907797403,1.999999999934915,0,-1,12701,8869.425584827466
1.0001,uncoupled,0.0,unstable,14,independent,-0.1784033016097076,-0.015391065445359127,0,62322.56955254227,1.9999999980203538,0,-1,1,5002.125979311471
1.0001,q-1.0,0.03328193260141849,stable,14,near,-0.0050677148296195225,-0.0050677150028090165,0,0.0,0.0,1,304,-1,25235.460544491034
1.0001,q-1.0,0.03328193260141849,stable,14,independent,-0.1784033016097076,-0.015391065445359127,0,0.0,0.0,1,965,1,1714.4428333669223
1.0001,q-0.25,0.021069070265121483,stable,14,near,-0.0050677148296195225,-0.0050677150028090165,0,0.0,0.0,1,476,-1,2062.5367203924075
1.0001,q-0.25,0.021069070265121483,stable,14,independent,-0.1784033016097076,-0.015391065445359127,0,0.0,0.0,1,1148,1,203808.1545459812
1.0001,q0.0,0.016927506786723823,neutral,14,near,-0.0050677148296195225,-0.0050677150028090165,0,0.0,0.0,1,621,-1,139441.47240019758
1.0001,q0.0,0.016927506786723823,neutral,14,independent,-0.1784033016097076,-0.015391065445359127,0,0.0,0.0,1,1311,1,4242.483585934027
1.0001,q0.25,0.012750129066687833,unstable,14,near,-0.0050677148296195225,-0.0050677150028090165,0,0.0,0.0,1,709,-1,33932.10134045766
1.0001,q0.25,0.012750129066687833,unstable,14,independent,-0.1784033016097076,-0.015391065445359127,0,0.0,0.0,1,2555,1,69419.27923208968
1.0001,q0.75,0.004286689406437763,unstable,14,near,-0.0050677148296195225,-0.0050677150028090165,0,0.0,0.0,1,2470,-1,32539.19734829187
1.0001,q0.75,0.004286689406437763,unstable,14,independent,-0.1784033016097076,-0.015391065445359127,0,0.0,0.0,1,8651,1,4580.562245996751
1.0001,one_step,0.5,one_step,14,near,-0.0050677148296195225,-0.0050677150028090165,0,0.0,0.0,1,1,-1,2343.67184687643
1.0001,one_step,0.5,one_step,14,independent,-0.1784033016097076,-0.015391065445359127,0,0.0,0.0,1,1,-1,842.5541299052514
1.0001,uncoupled,0.0,unstable,15,near,-0.005355134402199901,-0.005355134575389395,0,4171.74782545292,1.9999999988157564,0,-1,12195,30851.196103578364
1.0001,uncoupled,0.0,unstable,15,independent,-0.030902216883813158,0.15140388110776767,0,103873.69334749442,1.999999998253058,0,-1,1,86215.86751771178
1.0001,q-1.0,0.03328193260141849,stable,15,near,-0.005355134402199901,-0.005355134575389395,0,0.0,0.0,1,304,-1,537.0136629839811
1.0001,q-1.0,0.03328193260141849,stable,15,independent,-0.030902216883813158,0.15140388110776767,0,0.0,0.0,1,1640,1,3211.7226658003383
1.0001,q-0.25,0.021069070265121483,stable,15,near,-0.005355134402199901,-0.005355134575389395,0,0.0,0.0,1,458,-1,2527.764613423375
1.0001,q-0.25,0.021069070265121483,stable,15,independent,-0.030902216883813158,0.15140388110776767,0,0.0,0.0,1,1557,1,22908.798421228716
1.0001,q0.0,0.016927506786723823,neutral,15,near,-0.005355134402199901,-0.005355134575389395,0,0.0,0.0,1,556,-1,1326.6662152732515
1.0001,q0.0,0.016927506786723823,neutral,15,independent,-0.030902216883813158,0.15140388110776767,0,0.0,0.0,1,3555,1,6023.723518761553
1.0001,q0.25,0.012750129066687833,unstable,15,near,-0.005355134402199901,-0.005355134575389395,0,0.0,0.0,1,800,-1,1699.9119209798932
1.0001,q0.25,0.012750129066687833,unstable,15,independent,-0.030902216883813158,0.15140388110776767,0,0.0,0.0,1,3797,1,2399.633271340258
1.0001,q0.75,0.004286689406437763,unstable,15,near,-0.005355134402199901,-0.005355134575389395,0,0.0,0.0,1,2295,-1,9045.831045840183
1.0001,q0.75,0.004286689406437763,unstable,15,independent,-0.030902216883813158,0.15140388110776767,0,0.0,0.0,1,11953,1,4364.06070718865
1.0001,one_step,0.5,one_step,15,near,-0.005355134402199901,-0.005355134575389395,0,0.0,0.0,1,1,-1,5447.729826907491
1.0001,one_step,0.5,one_step,15,independent,-0.030902216883813158,0.15140388110776767,0,0.0,0.0,1,1,-1,4498.6430686083895
1.0001,uncoupled,0.0,unstable,16,near,0.017317102813421838,0.017317102640232347,0,35280.83492742226,1.9999999960379844,0,-1,3468,3745.5482646599844
1.0001,uncoupled,0.0,unstable,16,independent,0.01009688884694004,0.011492856977059103,0,40019.609808398825,1.9999999995467357,0,-1,1,2716.1795898961254
1.0001,q-1.0,0.03328193260141849,stable,16,near,0.017317102813421838,0.017317102640232347,0,0.0,0.0,1,294,-1,14158.996698906667
1.0001,q-1.0,0.03328193260141849,stable,16,independent,0.01009688884694004,0.011492856977059103,0,0.0,0.0,1,498,1,1748.4464960718265
1.0001,q-0.25,0.021069070265121483,stable,16,near,0.017317102813421838,0.017317102640232347,0,0.0,0.0,1,459,-1,2110.6715297882165
1.0001,q-0.25,0.021069070265121483,stable,16,independent,0.01009688884694004,0.011492856977059103,0,0.0,0.0,1,843,1,4947.639570909869
1.0001,q0.0,0.016927506786723823,neutral,16,near,0.017317102813421838,0.017317102640232347,0,0.0,0.0,1,553,-1,2332.2976249217763
1.0001,q0.0,0.016927506786723823,neutral,16,independent,0.01009688884694004,0.011492856977059103,0,0.0,0.0,1,1075,1,3236.6508890702785
1.0001,q0.25,0.012750129066687833,unstable,16,near,0.017317102813421838,0.017317102640232347,0,0.0,0.0,1,707,-1,2665.274126626732
1.0001,q0.25,0.012750129066687833,unstable,16,independent,0.01009688884694004,0.011492856977059103,0,0.0,0.0,1,1310,1,990.5815729230987
1.0001,q0.75,0.004286689406437763,unstable,16,near,0.017317102813421838,0.017317102640232347,0,0.0,0.0,1,2128,-1,2728.724876540296
1.0001,q0.75,0.004286689406437763,unstable,16,independent,0.01009688884694004,0.011492856977059103,0,0.0,0.0,1,4089,1,26638.321324901844
1.0001,one_step,0.5,one_step,16,near,0.017317102813421838,0.017317102640232347,0,0.0,0.0,1,1,-1,14342.030994779427
1.0001,one_step,0.5,one_step,16,independent,0.01009688884694004,0.011492856977059103,0,0.0,0.0,1,1,-1,2840.2479602630033
1.0001,uncoupled,0.0,unstable,17,near,-0.008770472004259917,-0.00877047217744941,0,47376.06575863158,1.9999999997180993,0,-1,7947,2525.9471715884447
1.0001,uncoupled,0.0,unstable,17,independent,-0.008358227133157469,0.7974964745469961,0,17371.953731644095,1.9993497900894803,0,-1,1,3989.4418092202973
1.0001,q-1.0,0.03328193260141849,stable,17,near,-0.008770472004259917,-0.00877047217744941,0,0.0,0.0,1,267,-1,17323.040381612955
1.0001,q-1.0,0.03328193260141849,stable,17,independent,-0.008358227133157469,0.7974964745469961,0,0.0,0.0,1,1898,1,16133.152873621644
1.0001,q-0.25,0.021069070265121483,stable,17,near,-0.008770472004259917,-0.00877047217744941,0,0.0,0.0,1,500,-1,4782.704070819198
1.0001,q-0.25,0.021069070265121483,stable,17,independent,-0.008358227133157469,0.7974964745469961,0,0.0,0.0,1,1960,1,762.7595983740291
1.0001,q0.0,0.016927506786723823,neutral,17,near,-0.008770472004259917,-0.00877047217744941,0,0.0,0.0,1,563,-1,102009.8184226439
1.0001,q0.0,0.016927506786723823,neutral,17,independent,-0.008358227133157469,0.7974964745469961,0,0.0,0.0,1,1814,1,924.4982227498244
1.0001,q0.25,0.012750129066687833,unstable,17,near,-0.008770472004259917,-0.00877047217744941,0,0.0,0.0,1,767,-1,5546.589356968875
1.0001,q0.25,0.012750129066687833,unstable,17,independent,-0.008358227133157469,0.7974964745469961,0,0.0,0.0,1,2364,1,22020.239361539323
1.0001,q0.75,0.004286689406437763,unstable,17,near,-0.008770472004259917,-0.00877047217744941,0,0.0,0.0,1,2324,-1,2061.748960192025
1.0001,q0.75,0.004286689406437763,unstable,17,independent,-0.008358227133157469,0.7974964745469961,0,0.0,0.0,1,5218,1,4608.391802868211
1.0001,one_step,0.5,one_step,17,near,-0.008770472004259917,-0.00877047217744941,0,0.0,0.0,1,1,-1,43686.62569113536
1.0001,one_step,0.5,one_step,17,independent,-0.008358227133157469,0.7974964745469961,0,0.0,0.0,1,1,-1,583.6084877833243
1.0001,uncoupled,0.0,unstable,18,near,0.028325134273233514,0.028325134100044023,0,74009.83767140126,1.99999998999537,0,-1,1590,11519.272967674216
1.0001,uncoupled,0.0,unstable,18,independent,-0.015781273273859753,0.030336062486935406,0,27198.519722498615,1.9999999993411843,0,-1,1,5352.420001430564
1.0001,q-1.0,0.03328193260141849,stable,18,near,0.028325134273233514,0.028325134100044023,0,0.0,0.0,1,329,-1,7562.950251673428
1.0001,q-1.0,0.03328193260141849,stable,18,independent,-0.015781273273859753,0.030336062486935406,0,0.0,0.0,1,730,1,775.1072830387836
1.0001,q-0.25,0.021069070265121483,stable,18,near,0.028325134273233514,0.028325134100044023,0,0.0,0.0,1,387,-1,6756.45840416724
1.0001,q-0.25,0.021069070265121483,stable,18,independent,-0.015781273273859753,0.030336062486935406,0,0.0,0.0,1,933,1,2873.9832269259173
1.0001,q0.0,0.016927506786723823,neutral,18,near,0.028325134273233514,0.028325134100044023,0,0.0,0.0,1,551,-1,744091.6197855031
1.0001,q0.0,0.016927506786723823,neutral,18,independent,-0.015781273273859753,0.030336062486935406,0,0.0,0.0,1,1144,1,2653.3785202813774
1.0001,q0.25,0.012750129066687833,unstable,18,near,0.028325134273233514,0.028325134100044023,0,0.0,0.0,1,681,-1,26137.410183948734
1.0001,q0.25,0.012750129066687833,unstable,18,independent,-0.015781273273859753,0.030336062486935406,0,0.0,0.0,1,1496,1,8185.628277128345
1.0001,q0.75,0.004286689406437763,unstable,18,near,0.028325134273233514,0.028325134100044023,0,0.0,0.0,1,12780,1602,1909.2311997074562
1.0001,q0.75,0.004286689406437763,unstable,18,independent,-0.015781273273859753,0.030336062486935406,0,0.0,0.0,1,4859,1,2464.9041985328
1.0001,one_step,0.5,one_step,18,near,0.028325134273233514,0.028325134100044023,0,0.0,0.0,1,1,-1,24535.67652665168
1.0001,one_step,0.5,one_step,18,independent,-0.015781273273859753,0.030336062486935406,0,0.0,0.0,1,1,-1,5689.385958388301
1.0001,uncoupled,0.0,unstable,19,near,-0.0015589560572822313,-0.0015589562304717253,0,7959.4385689710125,1.9999999918689522,0,-1,24119,37086.906655618564
1.0001,uncoupled,0.0,unstable,19,independent,-0.05606472274073643,-0.010823166351887332,0,2341114.7980947723,1.9999999932450323,0,-1,1,40545.645515359
1.0001,q-1.0,0.03328193260141849,stable,19,near,-0.0015589560572822313,-0.0015589562304717253,0,0.0,0.0,1,311,-1,6000.934549524167
1.0001,q-1.0,0.03328193260141849,stable,19,independent,-0.05606472274073643,-0.010823166351887332,0,0.0,0.0,1,554,1,3392.1713485524006
1.0001,q-0.25,0.021069070265121483,stable,19,near,-0.0015589560572822313,-0.0015589562304717253,0,0.0,0.0,1,463,-1,4460.0034072505505
1.0001,q-0.25,0.021069070265121483,stable,19,independent,-0.05606472274073643,-0.010823166351887332,0,0.0,0.0,1,914,1,4373.209580342697
1.0001,q0.0,0.016927506786723823,neutral,19,near,-0.0015589560572822313,-0.0015589562304717253,0,0.0,0.0,1,669,-1,4529.870518803714
1.0001,q0.0,0.016927506786723823,neutral,19,independent,-0.05606472274073643,-0.010823166351887332,0,0.0,0.0,1,4101,1,1209.8764663182883
1.0001,q0.25,0.012750129066687833,unstable,19,near,-0.0015589560572822313,-0.0015589562304717253,0,0.0,0.0,1,774,-1,2044.471598126676
1.0001,q0.25,0.012750129066687833,unstable,19,independent,-0.05606472274073643,-0.010823166351887332,0,0.0,0.0,1,2570,1,6882.150748008239
1.0001,q0.75,0.004286689406437763,unstable,19,near,-0.0015589560572822313,-0.0015589562304717253,0,0.0,0.0,1,2434,-1,481.9806104811536
1.0001,q0.75,0.004286689406437763,unstable,19,independent,-0.05606472274073643,-0.010823166351887332,0,0.0,0.0,1,7904,1,37366.51165102307
1.0001,one_step,0.5,one_step,19,near,-0.0015589560572822313,-0.0015589562304717253,0,0.0,0.0,1,1,-1,6611.400923816195
1.0001,one_step,0.5,one_step,19,independent,-0.05606472274073643,-0.010823166351887332,0,0.0,0.0,1,1,-1,1093.0055883520472
1.0001,uncoupled,0.0,unstable,20,near,-0.0806285262433957,-0.08062852641658519,0,36986.083644716055,1.9999999999514482,0,-1,236,2176.910790584007
1.0001,uncoupled,0.0,unstable,20,independent,-0.005022915937470409,0.0749106464523051,0,79698.44925778307,1.9999999956035797,0,-1,1,2395.8252089598636
1.0001,q-1.0,0.03328193260141849,stable,20,near,-0.0806285262433957,-0.08062852641658519,0,0.0,0.0,1,1572,260,922.7477730921903
1.0001,q-1.0,0.03328193260141849,stable,20,independent,-0.005022915937470409,0.0749106464523051,0,0.0,0.0,1,540,1,12846.275970505838
1.0001,q-0.25,0.021069070265121483,stable,20,near,-0.0806285262433957,-0.08062852641658519,0,0.0,0.0,1,1192,256,1376.6139345498693
1.0001,q-0.25,0.021069070265121483,stable,20,independent,-0.005022915937470409,0.0749106464523051,0,0.0,0.0,1,909,1,974.1269787392376
1.0001,q0.0,0.016927506786723823,neutral,20,near,-0.0806285262433957,-0.08062852641658519,0,0.0,0.0,1,2650,255,6279.098518331468
1.0001,q0.0,0.016927506786723823,neutral,20,independent,-0.005022915937470409,0.0749106464523051,0,0.0,0.0,1,3762,1,4239.4016027224125
1.0001,q0.25,0.012750129066687833,unstable,20,near,-0.0806285262433957,-0.08062852641658519,0,0.0,0.0,1,2123,248,501.9144951813749
1.0001,q0.25,0.012750129066687833,unstable,20,independent,-0.005022915937470409,0.0749106464523051,0,0.0,0.0,1,4049,1,1357.3523757607209
1.0001,q0.75,0.004286689406437763,unstable,20,near,-0.0806285262433957,-0.08062852641658519,0,0.0,0.0,1,5874,238,230772.2318210186
1.0001,q0.75,0.004286689406437763,unstable,20,independent,-0.005022915937470409,0.0749106464523051,0,0.0,0.0,1,6412,1,937.7514657124491
1.0001,one_step,0.5,one_step,20,near,-0.0806285262433957,-0.08062852641658519,0,0.0,0.0,1,1,-1,7966.5733970162755
1.0001,one_step,0.5,one_step,20,independent,-0.005022915937470409,0.0749106464523051,0,0.0,0.0,1,1,-1,5181.303732379752
1.0001,uncoupled,0.0,unstable,21,near,-0.021176807185376262,-0.021176807358565752,0,201154.12638071203,1.9999999940225777,0,-1,2562,34705.93146613784
1.0001,uncoupled,0.0,unstable,21,independent,-0.014677085072658285,0.003314681693191462,0,30480.031150368126,1.9999999976380776,0,-1,1,7526.1760257561955
1.0001,q-1.0,0.03328193260141849,stable,21,near,-0.021176807185376262,-0.021176807358565752,0,0.0,0.0,1,249,-1,1703.6675428050341
1.0001,q-1.0,0.03328193260141849,stable,21,independent,-0.014677085072658285,0.003314681693191462,0,0.0,0.0,1,536,1,2282.512579865825
1.0001,q-0.25,0.021069070265121483,stable,21,near,-0.021176807185376262,-0.021176807358565752,0,0.0,0.0,1,423,-1,1582.1178212976486
1.0001,q-0.25,0.021069070265121483,stable,21,independent,-0.014677085072658285,0.003314681693191462,0,0.0,0.0,1,914,1,14283.375069889149
1.0001,q0.0,0.016927506786723823,neutral,21,near,-0.021176807185376262,-0.021176807358565752,0,0.0,0.0,1,547,-1,1606.0908157370893
1.0001,q0.0,0.016927506786723823,neutral,21,independent,-0.014677085072658285,0.003314681693191462,0,0.0,0.0,1,1097,1,24164.89452431532
1.0001,q0.25,0.012750129066687833,unstable,21,near,-0.021176807185376262,-0.021176807358565752,0,0.0,0.0,1,743,-1,9128.919061889563
1.0001,q0.25,0.012750129066687833,unstable,21,independent,-0.014677085072658285,0.003314681693191462,0,0.0,0.0,1,1471,1,2187.555383811137
1.0001,q0.75,0.004286689406437763,unstable,21,near,-0.021176807185376262,-0.021176807358565752,0,0.0,0.0,1,2093,-1,10852.27843685972
1.0001,q0.75,0.004286689406437763,unstable,21,independent,-0.014677085072658285,0.003314681693191462,0,0.0,0.0,1,4249,1,3672.207097976726
1.0001,one_step,0.5,one_step,21,near,-0.021176807185376262,-0.021176807358565752,0,0.0,0.0,1,1,-1,796.0912790404969
1.0001,one_step,0.5,one_step,21,independent,-0.014677085072658285,0.003314681693191462,0,0.0,0.0,1,1,-1,15454.178154714187
1.0001,uncoupled,0.0,unstable,22,near,0.012690690809275134,0.01269069063608564,0,5681.849965414599,1.9999999946350373,0,-1,5260,31110.237708416793
1.0001,uncoupled,0.0,unstable,22,independent,-0.3468539126072024,-0.21548812111222337,0,507776.8233187417,1.9999999998591147,0,-1,1,17701.846808558115
1.0001,q-1.0,0.03328193260141849,stable,22,near,0.012690690809275134,0.01269069063608564,0,0.0,0.0,1,290,-1,324.0450020453256
1.0001,q-1.0,0.03328193260141849,stable,22,independent,-0.3468539126072024,-0.21548812111222337,0,0.0,0.0,1,598,1,3602.7252466934815
1.0001,q-0.25,0.021069070265121483,stable,22,near,0.012690690809275134,0.01269069063608564,0,0.0,0.0,1,482,-1,5049.027134354677
1.0001,q-0.25,0.021069070265121483,stable,22,independent,-0.3468539126072024,-0.21548812111222337,0,0.0,0.0,1,962,1,1646.0057916263552
1.0001,q0.0,0.016927506786723823,neutral,22,near,0.012690690809275134,0.01269069063608564,0,0.0,0.0,1,554,-1,6459.829578710737
1.0001,q0.0,0.016927506786723823,neutral,22,independent,-0.3468539126072024,-0.21548812111222337,0,0.0,0.0,1,3310,1,16391.214746781727
1.0001,q0.25,0.012750129066687833,unstable,22,near,0.012690690809275134,0.01269069063608564,0,0.0,0.0,1,788,-1,3949.487706878496
1.0001,q0.25,0.012750129066687833,unstable,22,independent,-0.3468539126072024,-0.21548812111222337,0,0.0,0.0,1,1651,1,466.3755754766394
1.0001,q0.75,0.004286689406437763,unstable,22,near,0.012690690809275134,0.01269069063608564,0,0.0,0.0,1,2048,-1,2689.938378779603
1.0001,q0.75,0.004286689406437763,unstable,22,independent,-0.3468539126072024,-0.21548812111222337,0,0.0,0.0,1,5509,1,1363.4130741575386
1.0001,one_step,0.5,one_step,22,near,0.012690690809275134,0.01269069063608564,0,0.0,0.0,1,1,-1,994.6636312182994
1.0001,one_step,0.5,one_step,22,independent,-0.3468539126072024,-0.21548812111222337,0,0.0,0.0,1,1,-1,1754.5363375818742
1.0001,uncoupled,0.0,unstable,23,near,0.007634227796615681,0.007634227623426187,0,96579.85761725607,1.9321548621800382,0,-1,9081,3035.725657815958
1.0001,uncoupled,0.0,unstable,23,independent,-0.02170497433138281,-0.051358521515575774,0,204792.07278772554,1.9999999998624496,0,-1,1,3546.7660214695543
1.0001,q-1.0,0.03328193260141849,stable,23,near,0.007634227796615681,0.007634227623426187,0,0.0,0.0,1,341,-1,5376.6517778654415
1.0001,q-1.0,0.03328193260141849,stable,23,independent,-0.02170497433138281,-0.051358521515575774,0,0.0,0.0,1,534,1,977.2455243162791
1.0001,q-0.25,0.021069070265121483,stable,23,near,0.007634227796615681,0.007634227623426187,0,0.0,0.0,1,426,-1,35476.71288025125
1.0001,q-0.25,0.021069070265121483,stable,23,independent,-0.02170497433138281,-0.051358521515575774,0,0.0,0.0,1,865,1,2652.545767694196
1.0001,q0.0,0.016927506786723823,neutral,23,near,0.007634227796615681,0.007634227623426187,0,0.0,0.0,1,529,-1,3783.326895356919
1.0001,q0.0,0.016927506786723823,neutral,23,independent,-0.02170497433138281,-0.051358521515575774,0,0.0,0.0,1,2782,1,3011.2423173764746
1.0001,q0.25,0.012750129066687833,unstable,23,near,0.007634227796615681,0.007634227623426187,0,0.0,0.0,1,783,-1,2437.6107612668015
1.0001,q0.25,0.012750129066687833,unstable,23,independent,-0.02170497433138281,-0.051358521515575774,0,0.0,0.0,1,4201,1,4372.518636642226
1.0001,q0.75,0.004286689406437763,unstable,23,near,0.007634227796615681,0.007634227623426187,0,0.0,0.0,1,2449,-1,4386.409407353243
1.0001,q0.75,0.004286689406437763,unstable,23,independent,-0.02170497433138281,-0.051358521515575774,0,0.0,0.0,1,6968,1,3562.5743737514613
1.0001,one_step,0.5,one_step,23,near,0.007634227796615681,0.007634227623426187,0,0.0,0.0,1,1,-1,4302.438337501073
1.0001,one_step,0.5,one_step,23,independent,-0.02170497433138281,-0.051358521515575774,0,0.0,0.0,1,1,-1,640.3292326640725
1.0001,uncoupled,0.0,unstable,24,near,0.009310779269208678,0.009310779096019184,0,180703.4762840069,1.9999999936660522,0,-1,7477,28607.370323607607
1.0001,uncoupled,0.0,unstable,24,independent,0.0055573864827972675,0.008944011992469183,0,19220.27650167142,1.9999999979640255,0,-1,1,3248.329002003444
1.0001,q-1.0,0.03328193260141849,stable,24,near,0.009310779269208678,0.009310779096019184,0,0.0,0.0,1,252,-1,1563.5062931824887
1.0001,q-1.0,0.03328193260141849,stable,24,independent,0.0055573864827972675,0.008944011992469183,0,0.0,0.0,1,522,1,1877.5503723526422
1.0001,q-0.25,0.021069070265121483,stable,24,near,0.009310779269208678,0.009310779096019184,0,0.0,0.0,1,458,-1,4119.192386164963
1.0001,q-0.25,0.021069070265121483,stable,24,independent,0.0055573864827972675,0.008944011992469183,0,0.0,0.0,1,865,1,4138.733079725525
1.0001,q0.0,0.016927506786723823,neutral,24,near,0.009310779269208678,0.009310779096019184,0,0.0,0.0,1,559,-1,11697.616372674262
1.0001,q0.0,0.016927506786723823,neutral,24,independent,0.0055573864827972675,0.008944011992469183,0,0.0,0.0,1,1020,1,103344.33085340411
1.0001,q0.25,0.012750129066687833,unstable,24,near,0.009310779269208678,0.009310779096019184,0,0.0,0.0,1,759,-1,7392.328926419775
1.0001,q0.25,0.012750129066687833,unstable,24,independent,0.0055573864827972675,0.008944011992469183,0,0.0,0.0,1,1422,1,2727.3512843637245
1.0001,q0.75,0.004286689406437763,unstable,24,near,0.009310779269208678,0.009310779096019184,0,0.0,0.0,1,2244,-1,15261.788345778925
1.0001,q0.75,0.004286689406437763,unstable,24,independent,0.0055573864827972675,0.008944011992469183,0,0.0,0.0,1,4067,1,9772.525326154871
1.0001,one_step,0.5,one_step,24,near,0.009310779269208678,0.009310779096019184,0,0.0,0.0,1,1,-1,4893.667790937772
1.0001,one_step,0.5,one_step,24,independent,0.0055573864827972675,0.008944011992469183,0,0.0,0.0,1,1,-1,10769.399202273766
1.0001,uncoupled,0.0,unstable,25,near,-0.008586784087852354,-0.008586784261041848,0,9243.092435590228,1.9999999998778428,0,-1,8116,46881.37089075888
1.0001,uncoupled,0.0,unstable,25,independent,-0.02930503146152346,-0.01512495469663195,0,65601.91116396048,1.9999999934197696,0,-1,1,8553.37853169236
1.0001,q-1.0,0.03328193260141849,stable,25,near,-0.008586784087852354,-0.008586784261041848,0,0.0,0.0,1,268,-1,1602.2882433654675
1.0001,q-1.0,0.03328193260141849,stable,25,independent,-0.02930503146152346,-0.01512495469663195,0,0.0,0.0,1,533,1,580.181093457724
1.0001,q-0.25,0.021069070265121483,stable,25,near,-0.008586784087852354,-0.008586784261041848,0,0.0,0.0,1,440,-1,38164.886257975595
1.0001,q-0.25,0.021069070265121483,stable,25,independent,-0.02930503146152346,-0.01512495469663195,0,0.0,0.0,1,858,1,1600.765911730624
1.0001,q0.0,0.016927506786723823,neutral,25,near,-0.008586784087852354,-0.008586784261041848,0,0.0,0.0,1,516,-1,4346.592127053413
1.0001,q0.0,0.016927506786723823,neutral,25,independent,-0.02930503146152346,-0.01512495469663195,0,0.0,0.0,1,1092,1,1944.815540723217
1.0001,q0.25,0.012750129066687833,unstable,25,near,-0.008586784087852354,-0.008586784261041848,0,0.0,0.0,1,753,-1,80445.52471360103
1.0001,q0.25,0.012750129066687833,unstable,25,independent,-0.02930503146152346,-0.01512495469663195,0,0.0,0.0,1,1389,1,2605.7674622831696
1.0001,q0.75,0.004286689406437763,unstable,25,near,-0.008586784087852354,-0.008586784261041848,0,0.0,0.0,1,2183,-1,23188.118046322696
1.0001,q0.75,0.004286689406437763,unstable,25,independent,-0.02930503146152346,-0.01512495469663195,0,0.0,0.0,1,19839,1,2862.4652685794276
1.0001,one_step,0.5,one_step,25,near,-0.008586784087852354,-0.008586784261041848,0,0.0,0.0,1,1,-1,55728.24367479046
1.0001,one_step,0.5,one_step,25,independent,-0.02930503146152346,-0.01512495469663195,0,0.0,0.0,1,1,-1,1606.45870386264
1.0001,uncoupled,0.0,unstable,26,near,0.001453227488607745,0.001453227315418251,0,5040.581448973324,1.9999999935074004,0,-1,24816,21486.213819464137
1.0001,uncoupled,0.0,unstable,26,independent,0.003080117473538592,0.0200528843533495,0,132323.90344122727,1.9999999981869265,0,-1,1,32061.012032021717
1.0001,q-1.0,0.03328193260141849,stable,26,near,0.001453227488607745,0.001453227315418251,0,0.0,0.0,1,319,-1,6201.489747767656
1.0001,q-1.0,0.03328193260141849,stable,26,independent,0.003080117473538592,0.0200528843533495,0,0.0,0.0,1,555,1,7865.8218810917515
1.0001,q-0.25,0.021069070265121483,stable,26,near,0.001453227488607745,0.001453227315418251,0,0.0,0.0,1,501,-1,5529.91466004231
1.0001,q-0.25,0.021069070265121483,stable,26,independent,0.003080117473538592,0.0200528843533495,0,0.0,0.0,1,881,1,3589.282648191255
1.0001,q0.0,0.016927506786723823,neutral,26,near,0.001453227488607745,0.001453227315418251,0,0.0,0.0,1,658,-1,2425.1119501952153
1.0001,q0.0,0.016927506786723823,neutral,26,independent,0.003080117473538592,0.0200528843533495,0,0.0,0.0,1,1064,1,148884.28060021243
1.0001,q0.25,0.012750129066687833,unstable,26,near,0.001453227488607745,0.001453227315418251,0,0.0,0.0,1,805,-1,3997.710674491859
1.0001,q0.25,0.012750129066687833,unstable,26,independent,0.003080117473538592,0.0200528843533495,0,0.0,0.0,1,1453,1,4254.405089496724
1.0001,q0.75,0.004286689406437763,unstable,26,near,0.001453227488607745,0.001453227315418251,0,0.0,0.0,1,2662,-1,3678.695091853069
1.0001,q0.75,0.004286689406437763,unstable,26,independent,0.003080117473538592,0.0200528843533495,0,0.0,0.0,1,4405,1,1231.4354609948139
1.0001,one_step,0.5,one_step,26,near,0.001453227488607745,0.001453227315418251,0,0.0,0.0,1,1,-1,36061.51259515751
1.0001,one_step,0.5,one_step,26,independent,0.003080117473538592,0.0200528843533495,0,0.0,0.0,1,1,-1,1518.3379369758068
1.0001,uncoupled,0.0,unstable,27,near,0.04514193659960525,0.04514193642641576,0,254074.30950858636,1.999999998222618,0,-1,688,15445.008097094571
1.0001,uncoupled,0.0,unstable,27,independent,-0.0960686791351356,-0.9533430135929546,0,79827.13285575152,1.9999999945066143,0,-1,1,7267.718076612359
1.0001,q-1.0,0.03328193260141849,stable,27,near,0.04514193659960525,0.04514193642641576,0,0.0,0.0,1,281,-1,6269.290877521899
1.0001,q-1.0,0.03328193260141849,stable,27,independent,-0.0960686791351356,-0.9533430135929546,0,0.0,0.0,1,611,1,4465.418088061921
1.0001,q-0.25,0.021069070265121483,stable,27,near,0.04514193659960525,0.04514193642641576,0,0.0,0.0,1,478,-1,58663.11728612857
1.0001,q-0.25,0.021069070265121483,stable,27,independent,-0.0960686791351356,-0.9533430135929546,0,0.0,0.0,1,4752,1,7507.44033794843
1.0001,q0.0,0.016927506786723823,neutral,27,near,0.04514193659960525,0.04514193642641576,0,0.0,0.0,1,592,-1,556.9567251969662
1.0001,q0.0,0.016927506786723823,neutral,27,independent,-0.0960686791351356,-0.9533430135929546,0,0.0,0.0,1,2334,1,2491.3098003065725
1.0001,q0.25,0.012750129066687833,unstable,27,near,0.04514193659960525,0.04514193642641576,0,0.0,0.0,1,2397,699,15421.755898953064
1.0001,q0.25,0.012750129066687833,unstable,27,independent,-0.0960686791351356,-0.9533430135929546,0,0.0,0.0,1,2699,1,716.193896389103
1.0001,q0.75,0.004286689406437763,unstable,27,near,0.04514193659960525,0.04514193642641576,0,0.0,0.0,1,37271,690,4492.037733787255
1.0001,q0.75,0.004286689406437763,unstable,27,independent,-0.0960686791351356,-0.9533430135929546,0,0.0,0.0,1,6378,1,620.8905309088449
1.0001,one_step,0.5,one_step,27,near,0.04514193659960525,0.04514193642641576,0,0.0,0.0,1,1,-1,10313.349681115786
1.0001,one_step,0.5,one_step,27,independent,-0.0960686791351356,-0.9533430135929546,0,0.0,0.0,1,1,-1,1578.4343964046082
1.0001,uncoupled,0.0,unstable,28,near,0.011597170393612693,0.0115971702204232,0,92931.01138521734,1.9999999979058296,0,-1,5864,3220.2943236413485
1.0001,uncoupled,0.0,unstable,28,independent,-0.052711499614792434,-0.0024829783413947235,0,1204756.2734931528,1.8957492542385759,0,-1,1,20865.056545645857
1.0001,q-1.0,0.03328193260141849,stable,28,near,0.011597170393612693,0.0115971702204232,0,0.0,0.0,1,284,-1,3264.0374249184674
1.0001,q-1.0,0.03328193260141849,stable,28,independent,-0.052711499614792434,-0.0024829783413947235,0,0.0,0.0,1,534,1,2252.0671420034946
1.0001,q-0.25,0.021069070265121483,stable,28,near,0.011597170393612693,0.0115971702204232,0,0.0,0.0,1,426,-1,16943.242783440983
1.0001,q-0.25,0.021069070265121483,stable,28,independent,-0.052711499614792434,-0.0024829783413947235,0,0.0,0.0,1,878,1,71246.35609056572
1.0001,q0.0,0.016927506786723823,neutral,28,near,0.011597170393612693,0.0115971702204232,0,0.0,0.0,1,590,-1,1228.6483046255196
1.0001,q0.0,0.016927506786723823,neutral,28,independent,-0.052711499614792434,-0.0024829783413947235,0,0.0,0.0,1,1092,1,4807.429991796745
1.0001,q0.25,0.012750129066687833,unstable,28,near,0.011597170393612693,0.0115971702204232,0,0.0,0.0,1,725,-1,43116.517241227026
1.0001,q0.25,0.012750129066687833,unstable,28,independent,-0.052711499614792434,-0.0024829783413947235,0,0.0,0.0,1,1462,1,5382.545699057315
1.0001,q0.75,0.004286689406437763,unstable,28,near,0.011597170393612693,0.0115971702204232,0,0.0,0.0,1,2134,-1,2080.620789779664
1.0001,q0.75,0.004286689406437763,unstable,28,independent,-0.052711499614792434,-0.0024829783413947235,0,0.0,0.0,1,11024,1,2293.369972977505
1.0001,one_step,0.5,one_step,28,near,0.011597170393612693,0.0115971702204232,0,0.0,0.0,1,1,-1,2653.366571123769
1.0001,one_step,0.5,one_step,28,independent,-0.052711499614792434,-0.0024829783413947235,0,0.0,0.0,1,1,-1,258152.95828187585
1.0001,uncoupled,0.0,unstable,29,near,-0.0828683321415945,-0.082868332314784,0,19802.22656239207,1.99999999661035,0,-1,215,8316.082154379348
1.0001,uncoupled,0.0,unstable,29,independent,-0.007508437171880774,0.02708653701519277,0,35358.87511917271,1.9999999996521307,0,-1,1,2171.1619810778675
1.0001,q-1.0,0.03328193260141849,stable,29,near,-0.0828683321415945,-0.082868332314784,0,0.0,0.0,1,551,-1,7569.080422776713
1.0001,q-1.0,0.03328193260141849,stable,29,independent,-0.007508437171880774,0.02708653701519277,0,0.0,0.0,1,563,1,545.2701667888058
1.0001,q-0.25,0.021069070265121483,stable,29,near,-0.0828683321415945,-0.082868332314784,0,0.0,0.0,1,887,-1,482.8948719050796
1.0001,q-0.25,0.021069070265121483,stable,29,independent,-0.007508437171880774,0.02708653701519277,0,0.0,0.0,1,914,1,2836.8075751512524
1.0001,q0.0,0.016927506786723823,neutral,29,near,-0.0828683321415945,-0.082868332314784,0,0.0,0.0,1,1078,-1,1825.580281795831
1.0001,q0.0,0.016927506786723823,neutral,29,independent,-0.007508437171880774,0.02708653701519277,0,0.0,0.0,1,1099,1,82778.46201784948
1.0001,q0.25,0.012750129066687833,unstable,29,near,-0.0828683321415945,-0.082868332314784,0,0.0,0.0,1,1380,-1,4131.159853037466
1.0001,q0.25,0.012750129066687833,unstable,29,independent,-0.007508437171880774,0.02708653701519277,0,0.0,0.0,1,1425,1,4068.6684056235827
1.0001,q0.75,0.004286689406437763,unstable,29,near,-0.0828683321415945,-0.082868332314784,0,0.0,0.0,1,13623,215,8069.391968086325
1.0001,q0.75,0.004286689406437763,unstable,29,independent,-0.007508437171880774,0.02708653701519277,0,0.0,0.0,1,4471,1,1037.0713398871242
1.0001,one_step,0.5,one_step,29,near,-0.0828683321415945,-0.082868332314784,0,0.0,0.0,1,1,-1,18529.277723827312
1.0001,one_step,0.5,one_step,29,independent,-0.007508437171880774,0.02708653701519277,0,0.0,0.0,1,1,-1,6920.372509983346
1.0001,uncoupled,0.0,unstable,30,near,-0.003340017155385071,-0.003340017328574565,0,33921.38239475751,1.9999999890304454,0,-1,16642,1161.0504968625505
1.0001,uncoupled,0.0,unstable,30,independent,-0.45144579623022546,-0.04979400579430678,0,26632.25206333552,1.9999999994032898,0,-1,1,2830.6481875261134
1.0001,q-1.0,0.03328193260141849,stable,30,near,-0.003340017155385071,-0.003340017328574565,0,0.0,0.0,1,288,-1,7182.49280239644
1.0001,q-1.0,0.03328193260141849,stable,30,independent,-0.45144579623022546,-0.04979400579430678,0,0.0,0.0,1,835,1,6964.073693524083
1.0001,q-0.25,0.021069070265121483,stable,30,near,-0.003340017155385071,-0.003340017328574565,0,0.0,0.0,1,439,-1,157.08085054278246
1.0001,q-0.25,0.021069070265121483,stable,30,independent,-0.45144579623022546,-0.04979400579430678,0,0.0,0.0,1,1062,1,7581.890703376649
1.0001,q0.0,0.016927506786723823,neutral,30,near,-0.003340017155385071,-0.003340017328574565,0,0.0,0.0,1,556,-1,6093.020001965591
1.0001,q0.0,0.016927506786723823,neutral,30,independent,-0.45144579623022546,-0.04979400579430678,0,0.0,0.0,1,1863,1,9404.517699518774
1.0001,q0.25,0.012750129066687833,unstable,30,near,-0.003340017155385071,-0.003340017328574565,0,0.0,0.0,1,833,-1,1325.5048544116935
1.0001,q0.25,0.012750129066687833,unstable,30,independent,-0.45144579623022546,-0.04979400579430678,0,0.0,0.0,1,8098,1,1473.8283093219513
1.0001,q0.75,0.004286689406437763,unstable,30,near,-0.003340017155385071,-0.003340017328574565,0,0.0,0.0,1,2408,-1,10220.277356186063
1.0001,q0.75,0.004286689406437763,unstable,30,independent,-0.45144579623022546,-0.04979400579430678,0,0.0,0.0,1,6524,1,3560.3364035332334
1.0001,one_step,0.5,one_step,30,near,-0.003340017155385071,-0.003340017328574565,0,0.0,0.0,1,1,-1,718.112242150689
1.0001,one_step,0.5,one_step,30,independent,-0.45144579623022546,-0.04979400579430678,0,0.0,0.0,1,1,-1,34154.57956794485
1.0001,uncoupled,0.0,unstable,31,near,-0.0007521019554665366,-0.0007521021286560304,0,15440.056993227628,1.9999999976939353,0,-1,31375,8761.56983038189
1.0001,uncoupled,0.0,unstable,31,independent,-0.01599786958302641,-0.016720413033235196,0,9357.527777606032,1.999985780477552,0,-1,1,7163.4488807658745
1.0001,q-1.0,0.03328193260141849,stable,31,near,-0.0007521019554665366,-0.0007521021286560304,0,0.0,0.0,1,302,-1,1543.3341734527498
1.0001,q-1.0,0.03328193260141849,stable,31,independent,-0.01599786958302641,-0.016720413033235196,0,0.0,0.0,1,502,1,2677.926601689949
1.0001,q-0.25,0.021069070265121483,stable,31,near,-0.0007521019554665366,-0.0007521021286560304,0,0.0,0.0,1,480,-1,3051.7363363302375
1.0001,q-0.25,0.021069070265121483,stable,31,independent,-0.01599786958302641,-0.016720413033235196,0,0.0,0.0,1,769,1,31851.51195841016
1.0001,q0.0,0.016927506786723823,neutral,31,near,-0.0007521019554665366,-0.0007521021286560304,0,0.0,0.0,1,576,-1,2016.882581232915
1.0001,q0.0,0.016927506786723823,neutral,31,independent,-0.01599786958302641,-0.016720413033235196,0,0.0,0.0,1,945,1,4921.60951933
1.0001,q0.25,0.012750129066687833,unstable,31,near,-0.0007521019554665366,-0.0007521021286560304,0,0.0,0.0,1,826,-1,1499.8606689470748
1.0001,q0.25,0.012750129066687833,unstable,31,independent,-0.01599786958302641,-0.016720413033235196,0,0.0,0.0,1,1303,1,2738.096419371056
1.0001,q0.75,0.004286689406437763,unstable,31,near,-0.0007521019554665366,-0.0007521021286560304,0,0.0,0.0,1,2548,-1,618.0695538182135
1.0001,q0.75,0.004286689406437763,unstable,31,independent,-0.01599786958302641,-0.016720413033235196,0,0.0,0.0,1,23451,1,10738.603286733063
1.0001,one_step,0.5,one_step,31,near,-0.0007521019554665366,-0.0007521021286560304,0,0.0,0.0,1,1,-1,2646.739693010345
1.0001,one_step,0.5,one_step,31,independent,-0.01599786958302641,-0.016720413033235196,0,0.0,0.0,1,1,-1,71018.08658127111
1.01,uncoupled,0.0,unstable,0,near,-0.23961538391234652,-0.2396153856289643,0,10894.79762626913,1.9999999984750187,0,-1,32,171775.36670773508
1.01,uncoupled,0.0,unstable,0,independent,-0.0249707159888801,-0.8371541631986972,0,10071.336917494225,1.9999999918981144,0,-1,1,4826114.220057931
1.01,q-1.0,0.2399132639382234,stable,0,near,-0.23961538391234652,-0.2396153856289643,0,0.0,0.0,1,117,-1,13922.924726796302
1.01,q-1.0,0.2399132639382234,stable,0,independent,-0.0249707159888801,-0.8371541631986972,0,0.0,0.0,1,191,1,40331.336400848784
1.01,q-0.25,0.1676752938025044,stable,0,near,-0.23961538391234652,-0.2396153856289643,0,0.0,0.0,1,537,50,10181.658812194077
1.01,q-0.25,0.1676752938025044,stable,0,independent,-0.0249707159888801,-0.8371541631986972,0,0.0,0.0,1,269,1,60935.72744310295
1.01,q0.0,0.13938473683038835,neutral,0,near,-0.23961538391234652,-0.2396153856289643,0,0.0,0.0,1,548,48,114056.18364850077
1.01,q0.0,0.13938473683038835,neutral,0,independent,-0.0249707159888801,-0.8371541631986972,0,0.0,0.0,1,153,1,11762.72622328202
1.01,q0.25,0.10868582562259013,unstable,0,near,-0.23961538391234652,-0.2396153856289643,0,0.0,0.0,1,1300,44,7177.5969560687345
1.01,q0.25,0.10868582562259013,unstable,0,independent,-0.0249707159888801,-0.8371541631986972,0,0.0,0.0,1,448,1,25672.4062452387
1.01,q0.75,0.039225401503332806,unstable,0,near,-0.23961538391234652,-0.2396153856289643,0,0.0,0.0,1,10781,37,40045.46172697527
1.01,q0.75,0.039225401503332806,unstable,0,independent,-0.0249707159888801,-0.8371541631986972,0,0.0,0.0,1,41484,1,37506.55381018253
1.01,one_step,0.5,one_step,0,near,-0.23961538391234652,-0.2396153856289643,0,0.0,0.0,1,1,-1,40841.831495595834
1.01,one_step,0.5,one_step,0,independent,-0.0249707159888801,-0.8371541631986972,0,0.0,0.0,1,1,-1,94508.96698636038
1.01,uncoupled,0.0,unstable,1,near,-0.2597754823377146,-0.25977548405433243,0,30825.0199306237,1.9999999906888772,0,-1,74,79985.38543634056
1.01,uncoupled,0.0,unstable,1,independent,-0.0332677865133159,-0.017734020883595984,0,49488.0285864508,1.999999998205345,0,-1,1,208836.999978249
1.01,q-1.0,0.2399132639382234,stable,1,near,-0.2597754823377146,-0.25977548405433243,0,0.0,0.0,1,48,-1,4265317.221323164
1.01,q-1.0,0.2399132639382234,stable,1,independent,-0.0332677865133159,-0.017734020883595984,0,0.0,0.0,1,57,1,10614.307821744032
1.01,q-0.25,0.1676752938025044,stable,1,near,-0.2597754823377146,-0.25977548405433243,0,0.0,0.0,1,83,-1,152443.5032166749
1.01,q-0.25,0.1676752938025044,stable,1,independent,-0.0332677865133159,-0.017734020883595984,0,0.0,0.0,1,96,1,24901.717057584574
1.01,q0.0,0.13938473683038835,neutral,1,near,-0.2597754823377146,-0.25977548405433243,0,0.0,0.0,1,104,-1,28503.7677979998
1.01,q0.0,0.13938473683038835,neutral,1,independent,-0.0332677865133159,-0.017734020883595984,0,0.0,0.0,1,113,1,39248.304078429
1.01,q0.25,0.10868582562259013,unstable,1,near,-0.2597754823377146,-0.25977548405433243,0,0.0,0.0,1,859,251,11411.341515793914
1.01,q0.25,0.10868582562259013,unstable,1,independent,-0.0332677865133159,-0.017734020883595984,0,0.0,0.0,1,155,1,31278.383964776305
1.01,q0.75,0.039225401503332806,unstable,1,near,-0.2597754823377146,-0.25977548405433243,0,0.0,0.0,1,25746,119,38491.00494498319
1.01,q0.75,0.039225401503332806,unstable,1,independent,-0.0332677865133159,-0.017734020883595984,0,0.0,0.0,1,4053,1,71702.26056626599
1.01,one_step,0.5,one_step,1,near,-0.2597754823377146,-0.25977548405433243,0,0.0,0.0,1,1,-1,97647.81211762219
1.01,one_step,0.5,one_step,1,independent,-0.0332677865133159,-0.017734020883595984,0,0.0,0.0,1,1,-1,10505.373608359516
1.01,uncoupled,0.0,unstable,2,near,-0.44691472018868333,-0.4469147219053012,0,134350.31456744927,1.9999999966236568,0,-1,13,1153410.9434785247
1.01,uncoupled,0.0,unstable,2,independent,0.14199491729673377,0.01812988983020001,0,21712.465842928414,1.9999999649919087,0,-1,1,104829.80936680827
1.01,q-1.0,0.2399132639382234,stable,2,near,-0.44691472018868333,-0.4469147219053012,0,0.0,0.0,1,119,31,233142.93626451594
1.01,q-1.0,0.2399132639382234,stable,2,independent,0.14199491729673377,0.01812988983020001,0,0.0,0.0,1,65,1,76737.72272026307
1.01,q-0.25,0.1676752938025044,stable,2,near,-0.44691472018868333,-0.4469147219053012,0,0.0,0.0,1,678,29,78728.36506745135
1.01,q-0.25,0.1676752938025044,stable,2,independent,0.14199491729673377,0.01812988983020001,0,0.0,0.0,1,213,1,123938.38663439812
1.01,q0.0,0.13938473683038835,neutral,2,near,-0.44691472018868333,-0.4469147219053012,0,0.0,0.0,1,214,28,1419590.4437178543
1.01,q0.0,0.13938473683038835,neutral,2,independent,0.14199491729673377,0.01812988983020001,0,0.0,0.0,1,565,1,154839.90639546287
1.01,q0.25,0.10868582562259013,unstable,2,near,-0.44691472018868333,-0.4469147219053012,0,0.0,0.0,1,177,17,76801.94721454117
1.01,q0.25,0.10868582562259013,unstable,2,independent,0.14199491729673377,0.01812988983020001,0,0.0,0.0,1,748,1,32021.03255740372
1.01,q0.75,0.039225401503332806,unstable,2,near,-0.44691472018868333,-0.4469147219053012,0,0.0,0.0,1,10961,13,64024.40415533981
1.01,q0.75,0.039225401503332806,unstable,2,independent,0.14199491729673377,0.01812988983020001,0,0.0,0.0,1,15804,1,13347.147096410938
1.01,one_step,0.5,one_step,2,near,-0.44691472018868333,-0.4469147219053012,0,0.0,0.0,1,1,-1,16227.385128758131
1.01,one_step,0.5,one_step,2,independent,0.14199491729673377,0.01812988983020001,0,0.0,0.0,1,1,-1,277632.8032398199
1.01,uncoupled,0.0,unstable,3,near,0.13804872855616387,0.13804872683954608,0,16386.612373150416,1.9999999986776955,0,-1,49,206059.28056048765
1.01,uncoupled,0.0,unstable,3,independent,0.006379252196060163,-1.415546815652752,0,99512.88404889866,1.9999999994111342,0,-1,1,85965.52587215962
1.01,q-1.0,0.2399132639382234,stable,3,near,0.13804872855616387,0.13804872683954608,0,0.0,0.0,1,29,-1,15046.604268872346
1.01,q-1.0,0.2399132639382234,stable,3,independent,0.006379252196060163,-1.415546815652752,0,0.0,0.0,1,97,1,36444.53816614724
1.01,q-0.25,0.1676752938025044,stable,3,near,0.13804872855616387,0.13804872683954608,0,0.0,0.0,1,231,67,6477.873822287715
1.01,q-0.25,0.1676752938025044,stable,3,independent,0.006379252196060163,-1.415546815652752,0,0.0,0.0,1,111,1,15379361.110879501
1.01,q0.0,0.13938473683038835,neutral,3,near,0.13804872855616387,0.13804872683954608,0,0.0,0.0,1,363,63,33492.64486164852
1.01,q0.0,0.13938473683038835,neutral,3,independent,0.006379252196060163,-1.415546815652752,0,0.0,0.0,1,339,1,34459.392358982026
1.01,q0.25,0.10868582562259013,unstable,3,near,0.13804872855616387,0.13804872683954608,0,0.0,0.0,1,834,60,51648.37541014808
1.01,q0.25,0.10868582562259013,unstable,3,independent,0.006379252196060163,-1.415546815652752,0,0.0,0.0,1,608,1,83660.89702811591
1.01,q0.75,0.039225401503332806,unstable,3,near,0.13804872855616387,0.13804872683954608,0,0.0,0.0,1,21245,52,40446.415448773696
1.01,q0.75,0.039225401503332806,unstable,3,independent,0.006379252196060163,-1.415546815652752,0,0.0,0.0,1,13673,1,100152.55268863264
1.01,one_step,0.5,one_step,3,near,0.13804872855616387,0.13804872683954608,0,0.0,0.0,1,1,-1,12634.20621575263
1.01,one_step,0.5,one_step,3,independent,0.006379252196060163,-1.415546815652752,0,0.0,0.0,1,1,-1,5534.1153998242235
1.01,uncoupled,0.0,unstable,4,near,0.26806499007288004,0.2680649883562622,0,6370.054003440145,1.999999999977164,0,-1,33,41495.63936835307
1.01,uncoupled,0.0,unstable,4,independent,-11.083689164658454,-0.25490029932166647,0,34220.49031795525,1.9999999932967247,0,-1,1,11764.687853641322
1.01,q-1.0,0.2399132639382234,stable,4,near,0.26806499007288004,0.2680649883562622,0,0.0,0.0,1,427,50,33629.49246300753
1.01,q-1.0,0.2399132639382234,stable,4,independent,-11.083689164658454,-0.25490029932166647,0,0.0,0.0,1,68,1,15258.040178196916
1.01,q-0.25,0.1676752938025044,stable,4,near,0.26806499007288004,0.2680649883562622,0,0.0,0.0,1,166,48,19764.84964953022
1.01,q-0.25,0.1676752938025044,stable,4,independent,-11.083689164658454,-0.25490029932166647,0,0.0,0.0,1,152,1,23664.15393594936
1.01,q0.0,0.13938473683038835,neutral,4,near,0.26806499007288004,0.2680649883562622,0,0.0,0.0,1,268,42,17062.307321358556
1.01,q0.0,0.13938473683038835,neutral,4,independent,-11.083689164658454,-0.25490029932166647,0,0.0,0.0,1,243,1,30254.88607092115
1.01,q0.25,0.10868582562259013,unstable,4,near,0.26806499007288004,0.2680649883562622,0,0.0,0.0,1,435,38,14718.088321619383
1.01,q0.25,0.10868582562259013,unstable,4,independent,-11.083689164658454,-0.25490029932166647,0,0.0,0.0,1,193,1,21093.567874806402
1.01,q0.75,0.039225401503332806,unstable,4,near,0.26806499007288004,0.2680649883562622,0,0.0,0.0,1,13790,34,40774.97736571799
1.01,q0.75,0.039225401503332806,unstable,4,independent,-11.083689164658454,-0.25490029932166647,0,0.0,0.0,1,128903,1,54017.787419162436
1.01,one_step,0.5,one_step,4,near,0.26806499007288004,0.2680649883562622,0,0.0,0.0,1,1,-1,32969.8595454938
1.01,one_step,0.5,one_step,4,independent,-11.083689164658454,-0.25490029932166647,0,0.0,0.0,1,1,-1,941853.4450697919
1.01,uncoupled,0.0,unstable,5,near,-0.18068243155879654,-0.18068243327541433,0,21102.87058394849,1.9999999993825763,0,-1,34,384143.83709017583
1.01,uncoupled,0.0,unstable,5,independent,0.0023636533094715194,0.07791734439801694,0,12245.663763118398,1.9999999990783834,0,-1,1,646265.1522610926
1.01,q-1.0,0.2399132639382234,stable,5,near,-0.18068243155879654,-0.18068243327541433,0,0.0,0.0,1,30,-1,101436.41947842245
1.01,q-1.0,0.2399132639382234,stable,5,independent,0.0023636533094715194,0.07791734439801694,0,0.0,0.0,1,61,1,12845.280987199596
1.01,q-0.25,0.1676752938025044,stable,5,near,-0.18068243155879654,-0.18068243327541433,0,0.0,0.0,1,361,94,648018.0003774127
1.01,q-0.25,0.1676752938025044,stable,5,independent,0.0023636533094715194,0.07791734439801694,0,0.0,0.0,1,94,1,47404.99406547585
1.01,q0.0,0.13938473683038835,neutral,5,near,-0.18068243155879654,-0.18068243327541433,0,0.0,0.0,1,811,85,75737.915812682
1.01,q0.0,0.13938473683038835,neutral,5,independent,0.0023636533094715194,0.07791734439801694,0,0.0,0.0,1,121,1,28674.099141245002
1.01,q0.25,0.10868582562259013,unstable,5,near,-0.18068243155879654,-0.18068243327541433,0,0.0,0.0,1,304,82,25981.650986958342
1.01,q0.25,0.10868582562259013,unstable,5,independent,0.0023636533094715194,0.07791734439801694,0,0.0,0.0,1,1864,1,92094.92673387147
1.01,q0.75,0.039225401503332806,unstable,5,near,-0.18068243155879654,-0.18068243327541433,0,0.0,0.0,1,63749,53,20836.62883443798
1.01,q0.75,0.039225401503332806,unstable,5,independent,0.0023636533094715194,0.07791734439801694,0,0.0,0.0,1,2135,1,129187.41390736923
1.01,one_step,0.5,one_step,5,near,-0.18068243155879654,-0.18068243327541433,0,0.0,0.0,1,1,-1,27220.67363692192
1.01,one_step,0.5,one_step,5,independent,0.0023636533094715194,0.07791734439801694,0,0.0,0.0,1,1,-1,11757.68013153223
1.01,uncoupled,0.0,unstable,6,near,0.9848813524512772,0.9848813507346594,0,102829.8264174933,1.9999999998706908,0,-1,6,82389.24557821036
1.01,uncoupled,0.0,unstable,6,independent,0.06384383740617768,-0.010956795506005302,0,171152.76164455814,1.9999999896566185,0,-1,1,178146.6800273112
1.01,q-1.0,0.2399132639382234,stable,6,near,0.9848813524512772,0.9848813507346594,0,0.0,0.0,1,112,12,17943.396836904918
1.01,q-1.0,0.2399132639382234,stable,6,independent,0.06384383740617768,-0.010956795506005302,0,0.0,0.0,1,59,1,16701.629358793034
1.01,q-0.25,0.1676752938025044,stable,6,near,0.9848813524512772,0.9848813507346594,0,0.0,0.0,1,215,10,36429.49547432474
1.01,q-0.25,0.1676752938025044,stable,6,independent,0.06384383740617768,-0.010956795506005302,0,0.0,0.0,1,93,1,18553.807843620812
1.01,q0.0,0.13938473683038835,neutral,6,near,0.9848813524512772,0.9848813507346594,0,0.0,0.0,1,608,8,46278.156367124786
1.01,q0.0,0.13938473683038835,neutral,6,independent,0.06384383740617768,-0.010956795506005302,0,0.0,0.0,1,121,1,63098.783986468596
1.01,q0.25,0.10868582562259013,unstable,6,near,0.9848813524512772,0.9848813507346594,0,0.0,0.0,1,961,7,32816.92100017272
1.01,q0.25,0.10868582562259013,unstable,6,independent,0.06384383740617768,-0.010956795506005302,0,0.0,0.0,1,156,1,109412.01504017277
1.01,q0.75,0.039225401503332806,unstable,6,near,0.9848813524512772,0.9848813507346594,0,0.0,0.0,1,5246,7,87123.42562370125
1.01,q0.75,0.039225401503332806,unstable,6,independent,0.06384383740617768,-0.010956795506005302,0,0.0,0.0,1,15066,1,46531.223239064806
1.01,one_step,0.5,one_step,6,near,0.9848813524512772,0.9848813507346594,0,0.0,0.0,1,1,-1,77060.53658169215
1.01,one_step,0.5,one_step,6,independent,0.06384383740617768,-0.010956795506005302,0,0.0,0.0,1,1,-1,7396.1505554718815
1.01,uncoupled,0.0,unstable,7,near,0.14567416035875527,0.14567415864213748,0,19782.380047022103,1.9999999979903567,0,-1,47,37688.0045959211
1.01,uncoupled,0.0,unstable,7,independent,0.017778335551922174,0.024841426274782946,0,21367.42046209169,1.999999999859399,0,-1,1,127253.42674917965
1.01,q-1.0,0.2399132639382234,stable,7,near,0.14567416035875527,0.14567415864213748,0,0.0,0.0,1,29,-1,151022.06741121452
1.01,q-1.0,0.2399132639382234,stable,7,independent,0.017778335551922174,0.024841426274782946,0,0.0,0.0,1,58,1,37452.6122549258
1.01,q-0.25,0.1676752938025044,stable,7,near,0.14567416035875527,0.14567415864213748,0,0.0,0.0,1,301,112,6555.890606868025
1.01,q-0.25,0.1676752938025044,stable,7,independent,0.017778335551922174,0.024841426274782946,0,0.0,0.0,1,88,1,32631.81514029414
1.01,q0.0,0.13938473683038835,neutral,7,near,0.14567416035875527,0.14567415864213748,0,0.0,0.0,1,655,88,137299.70087280005
1.01,q0.0,0.13938473683038835,neutral,7,independent,0.017778335551922174,0.024841426274782946,0,0.0,0.0,1,117,1,438681.3586841804
1.01,q0.25,0.10868582562259013,unstable,7,near,0.14567416035875527,0.14567415864213748,0,0.0,0.0,1,1361,80,22520.28544340584
1.01,q0.25,0.10868582562259013,unstable,7,independent,0.017778335551922174,0.024841426274782946,0,0.0,0.0,1,146,1,168482.7412267405
1.01,q0.75,0.039225401503332806,unstable,7,near,0.14567416035875527,0.14567415864213748,0,0.0,0.0,1,10855,72,1980857.4425370675
1.01,q0.75,0.039225401503332806,unstable,7,independent,0.017778335551922174,0.024841426274782946,0,0.0,0.0,1,19591,1,16664.210869172133
1.01,one_step,0.5,one_step,7,near,0.14567416035875527,0.14567415864213748,0,0.0,0.0,1,1,-1,27665.8455751099
1.01,one_step,0.5,one_step,7,independent,0.017778335551922174,0.024841426274782946,0,0.0,0.0,1,1,-1,22611.03352392687
1.01,uncoupled,0.0,unstable,8,near,0.09745190184090934,0.09745190012429154,0,297115.74790678686,1.999999997938301,0,-1,74,51002.951676226396
1.01,uncoupled,0.0,unstable,8,independent,-2.5058248733890705,0.6140007246989924,0,25874.876436378065,1.9999999898491148,0,-1,1,230479.07247558166
1.01,q-1.0,0.2399132639382234,stable,8,near,0.09745190184090934,0.09745190012429154,0,0.0,0.0,1,30,-1,3628.029750482977
1.01,q-1.0,0.2399132639382234,stable,8,independent,-2.5058248733890705,0.6140007246989924,0,0.0,0.0,1,328,1,32940.54230774947
1.01,q-0.25,0.1676752938025044,stable,8,near,0.09745190184090934,0.09745190012429154,0,0.0,0.0,1,47,-1,205158.49767855325
1.01,q-0.25,0.1676752938025044,stable,8,independent,-2.5058248733890705,0.6140007246989924,0,0.0,0.0,1,119,1,13506.198142687193
1.01,q0.0,0.13938473683038835,neutral,8,near,0.09745190184090934,0.09745190012429154,0,0.0,0.0,1,684,145,17938859.73782885
1.01,q0.0,0.13938473683038835,neutral,8,independent,-2.5058248733890705,0.6140007246989924,0,0.0,0.0,1,355,1,19376.221716356515
1.01,q0.25,0.10868582562259013,unstable,8,near,0.09745190184090934,0.09745190012429154,0,0.0,0.0,1,391,122,432099.7406541285
1.01,q0.25,0.10868582562259013,unstable,8,independent,-2.5058248733890705,0.6140007246989924,0,0.0,0.0,1,180,1,8184.900470808897
1.01,q0.75,0.039225401503332806,unstable,8,near,0.09745190184090934,0.09745190012429154,0,0.0,0.0,1,14824,74,328466.34278891823
1.01,q0.75,0.039225401503332806,unstable,8,independent,-2.5058248733890705,0.6140007246989924,0,0.0,0.0,1,43891,1,92554.47140575513
1.01,one_step,0.5,one_step,8,near,0.09745190184090934,0.09745190012429154,0,0.0,0.0,1,1,-1,7641.131041818434
1.01,one_step,0.5,one_step,8,independent,-2.5058248733890705,0.6140007246989924,0,0.0,0.0,1,1,-1,18087.712908272064
1.01,uncoupled,0.0,unstable,9,near,0.061952600265147706,0.061952598548529914,0,84044.444949482,1.9999999883719366,0,-1,113,87011.47608758428
1.01,uncoupled,0.0,unstable,9,independent,0.23070208254861108,-0.242365051762602,0,31949.886203208338,1.9999999934614718,0,-1,1,220487.6900243203
1.01,q-1.0,0.2399132639382234,stable,9,near,0.061952600265147706,0.061952598548529914,0,0.0,0.0,1,31,-1,41697.252077140765
1.01,q-1.0,0.2399132639382234,stable,9,independent,0.23070208254861108,-0.242365051762602,0,0.0,0.0,1,64,1,5465359.258512291
1.01,q-0.25,0.1676752938025044,stable,9,near,0.061952600265147706,0.061952598548529914,0,0.0,0.0,1,55,-1,62023.60419562215
1.01,q-0.25,0.1676752938025044,stable,9,independent,0.23070208254861108,-0.242365051762602,0,0.0,0.0,1,104,1,204057.60034526783
1.01,q0.0,0.13938473683038835,neutral,9,near,0.061952600265147706,0.061952598548529914,0,0.0,0.0,1,66,-1,23094.02446611
1.01,q0.0,0.13938473683038835,neutral,9,independent,0.23070208254861108,-0.242365051762602,0,0.0,0.0,1,125,1,60928.968934858625
1.01,q0.25,0.10868582562259013,unstable,9,near,0.061952600265147706,0.061952598548529914,0,0.0,0.0,1,83,-1,30289.08652392038
1.01,q0.25,0.10868582562259013,unstable,9,independent,0.23070208254861108,-0.242365051762602,0,0.0,0.0,1,172,1,26772.743390820808
1.01,q0.75,0.039225401503332806,unstable,9,near,0.061952600265147706,0.061952598548529914,0,0.0,0.0,1,6331,119,187538.51798662185
1.01,q0.75,0.039225401503332806,unstable,9,independent,0.23070208254861108,-0.242365051762602,0,0.0,0.0,1,29797,1,16850.679558638953
1.01,one_step,0.5,one_step,9,near,0.061952600265147706,0.061952598548529914,0,0.0,0.0,1,1,-1,5078.775155703818
1.01,one_step,0.5,one_step,9,independent,0.23070208254861108,-0.242365051762602,0,0.0,0.0,1,1,-1,29707.591724600366
1.01,uncoupled,0.0,unstable,10,near,0.2717515261663687,0.27175152444975087,0,14050.750027793332,1.9999999981368162,0,-1,25,89696.45265150598
1.01,uncoupled,0.0,unstable,10,independent,0.08947918813137808,-0.005594515307549302,0,6695.134038018329,1.9999999996668967,0,-1,1,52130.91090024103
1.01,q-1.0,0.2399132639382234,stable,10,near,0.2717515261663687,0.27175152444975087,0,0.0,0.0,1,122,-1,21456.139522936337
1.01,q-1.0,0.2399132639382234,stable,10,independent,0.08947918813137808,-0.005594515307549302,0,0.0,0.0,1,57,1,18501.75536638651
1.01,q-0.25,0.1676752938025044,stable,10,near,0.2717515261663687,0.27175152444975087,0,0.0,0.0,1,432,33,31866.30481716705
1.01,q-0.25,0.1676752938025044,stable,10,independent,0.08947918813137808,-0.005594515307549302,0,0.0,0.0,1,96,1,6851.1159346581135
1.01,q0.0,0.13938473683038835,neutral,10,near,0.2717515261663687,0.27175152444975087,0,0.0,0.0,1,328,30,14203.678371328795
1.01,q0.0,0.13938473683038835,neutral,10,independent,0.08947918813137808,-0.005594515307549302,0,0.0,0.0,1,115,1,143531.45546021563
1.01,q0.25,0.10868582562259013,unstable,10,near,0.2717515261663687,0.27175152444975087,0,0.0,0.0,1,392,29,16821.040216913825
1.01,q0.25,0.10868582562259013,unstable,10,independent,0.08947918813137808,-0.005594515307549302,0,0.0,0.0,1,300,1,12002.155828718996
1.01,q0.75,0.039225401503332806,unstable,10,near,0.2717515261663687,0.27175152444975087,0,0.0,0.0,1,13085,27,53684.32573799443
1.01,q0.75,0.039225401503332806,unstable,10,independent,0.08947918813137808,-0.005594515307549302,0,0.0,0.0,1,21389,1,3568.76860049513
1.01,one_step,0.5,one_step,10,near,0.2717515261663687,0.27175152444975087,0,0.0,0.0,1,1,-1,5051871.432451806
1.01,one_step,0.5,one_step,10,independent,0.08947918813137808,-0.005594515307549302,0,0.0,0.0,1,1,-1,21909.34024303266
1.01,uncoupled,0.0,unstable,11,near,-0.7189800553237697,-0.7189800570403875,0,131300.9352952775,1.9999999771642536,0,-1,138,30198.44106781698
1.01,uncoupled,0.0,unstable,11,independent,0.026948595937982565,-0.7828912424756652,0,11103.6588938046,1.9999999989866117,0,-1,1,114819.57774225887
1.01,q-1.0,0.2399132639382234,stable,11,near,-0.7189800553237697,-0.7189800570403875,0,0.0,0.0,1,40,-1,17250.190602553255
1.01,q-1.0,0.2399132639382234,stable,11,independent,0.026948595937982565,-0.7828912424756652,0,0.0,0.0,1,97,1,77283.97643874065
1.01,q-0.25,0.1676752938025044,stable,11,near,-0.7189800553237697,-0.7189800570403875,0,0.0,0.0,1,58,-1,215443.3029011998
1.01,q-0.25,0.1676752938025044,stable,11,independent,0.026948595937982565,-0.7828912424756652,0,0.0,0.0,1,112,1,26010.717399126777
1.01,q0.0,0.13938473683038835,neutral,11,near,-0.7189800553237697,-0.7189800570403875,0,0.0,0.0,1,80,-1,26060.073338993705
1.01,q0.0,0.13938473683038835,neutral,11,independent,0.026948595937982565,-0.7828912424756652,0,0.0,0.0,1,912,1,15616.890665523366
1.01,q0.25,0.10868582562259013,unstable,11,near,-0.7189800553237697,-0.7189800570403875,0,0.0,0.0,1,96,-1,19396.732661688533
1.01,q0.25,0.10868582562259013,unstable,11,independent,0.026948595937982565,-0.7828912424756652,0,0.0,0.0,1,289,1,97550.89377903556
1.01,q0.75,0.039225401503332806,unstable,11,near,-0.7189800553237697,-0.7189800570403875,0,0.0,0.0,1,21372,161,95556.80859000733
1.01,q0.75,0.039225401503332806,unstable,11,independent,0.026948595937982565,-0.7828912424756652,0,0.0,0.0,1,54219,1,64778.44713068998
1.01,one_step,0.5,one_step,11,near,-0.7189800553237697,-0.7189800570403875,0,0.0,0.0,1,1,-1,151367.91327253642
1.01,one_step,0.5,one_step,11,independent,0.026948595937982565,-0.7828912424756652,0,0.0,0.0,1,1,-1,57850.76120039791
1.01,uncoupled,0.0,unstable,12,near,0.02217499155554008,0.02217498983892229,0,15332.683193695142,1.9999999997785087,0,-1,211,27587.94428304133
1.01,uncoupled,0.0,unstable,12,independent,0.03865629938002987,-0.2551693662154476,0,68599.59843233858,1.999999998991517,0,-1,1,24763.104897689907
1.01,q-1.0,0.2399132639382234,stable,12,near,0.02217499155554008,0.02217498983892229,0,0.0,0.0,1,31,-1,20516.330091171934
1.01,q-1.0,0.2399132639382234,stable,12,independent,0.03865629938002987,-0.2551693662154476,0,0.0,0.0,1,164,1,16653.874535004208
1.01,q-0.25,0.1676752938025044,stable,12,near,0.02217499155554008,0.02217498983892229,0,0.0,0.0,1,52,-1,28519.828329488017
1.01,q-0.25,0.1676752938025044,stable,12,independent,0.03865629938002987,-0.2551693662154476,0,0.0,0.0,1,260,1,10609.177466705934
1.01,q0.0,0.13938473683038835,neutral,12,near,0.02217499155554008,0.02217498983892229,0,0.0,0.0,1,61,-1,31059.18455358165
1.01,q0.0,0.13938473683038835,neutral,12,independent,0.03865629938002987,-0.2551693662154476,0,0.0,0.0,1,153,1,16655.22642546132
1.01,q0.25,0.10868582562259013,unstable,12,near,0.02217499155554008,0.02217498983892229,0,0.0,0.0,1,86,-1,3728675.259196351
1.01,q0.25,0.10868582562259013,unstable,12,independent,0.03865629938002987,-0.2551693662154476,0,0.0,0.0,1,565,1,53838.14240807673
1.01,q0.75,0.039225401503332806,unstable,12,near,0.02217499155554008,0.02217498983892229,0,0.0,0.0,1,10219,248,13519.834472114424
1.01,q0.75,0.039225401503332806,unstable,12,independent,0.03865629938002987,-0.2551693662154476,0,0.0,0.0,1,3889,1,29761.53662419484
1.01,one_step,0.5,one_step,12,near,0.02217499155554008,0.02217498983892229,0,0.0,0.0,1,1,-1,10554.53440816265
1.01,one_step,0.5,one_step,12,independent,0.03865629938002987,-0.2551693662154476,0,0.0,0.0,1,1,-1,7170.201584528793
1.01,uncoupled,0.0,unstable,13,near,-0.601002439731445,-0.6010024414480627,0,10045.102287043032,1.9999999995236053,0,-1,8,62915.23831935102
1.01,uncoupled,0.0,unstable,13,independent,0.09268349282129401,0.3186349401657277,0,90047.00007520131,1.9999999890728608,0,-1,1,15457.583235071665
1.01,q-1.0,0.2399132639382234,stable,13,near,-0.601002439731445,-0.6010024414480627,0,0.0,0.0,1,80,18,16988.482365414366
1.01,q-1.0,0.2399132639382234,stable,13,independent,0.09268349282129401,0.3186349401657277,0,0.0,0.0,1,328,1,45199.27329102371
1.01,q-0.25,0.1676752938025044,stable,13,near,-0.601002439731445,-0.6010024414480627,0,0.0,0.0,1,135,15,258221.82107801974
1.01,q-0.25,0.1676752938025044,stable,13,independent,0.09268349282129401,0.3186349401657277,0,0.0,0.0,1,172,1,10212.147695690153
1.01,q0.0,0.13938473683038835,neutral,13,near,-0.601002439731445,-0.6010024414480627,0,0.0,0.0,1,214,15,760316.1611491882
1.01,q0.0,0.13938473683038835,neutral,13,independent,0.09268349282129401,0.3186349401657277,0,0.0,0.0,1,446,1,102640.9524903754
1.01,q0.25,0.10868582562259013,unstable,13,near,-0.601002439731445,-0.6010024414480627,0,0.0,0.0,1,1020,13,138025.42283717758
1.01,q0.25,0.10868582562259013,unstable,13,independent,0.09268349282129401,0.3186349401657277,0,0.0,0.0,1,644,1,80801.6013260173
1.01,q0.75,0.039225401503332806,unstable,13,near,-0.601002439731445,-0.6010024414480627,0,0.0,0.0,1,13396,8,176142.4091993677
1.01,q0.75,0.039225401503332806,unstable,13,independent,0.09268349282129401,0.3186349401657277,0,0.0,0.0,1,12769,1,26750.084231380686
1.01,one_step,0.5,one_step,13,near,-0.601002439731445,-0.6010024414480627,0,0.0,0.0,1,1,-1,17897.62142716585
1.01,one_step,0.5,one_step,13,independent,0.09268349282129401,0.3186349401657277,0,0.0,0.0,1,1,-1,36649.652846099874
1.01,uncoupled,0.0,unstable,14,near,0.12201145776690393,0.12201145605028614,0,117275.77795487059,1.999999939643742,0,-1,58,45891.13676194535
1.01,uncoupled,0.0,unstable,14,independent,0.06429196185001274,-0.6080275170589372,0,450581.97953803884,1.9999999981517482,0,-1,1,77348.00264816821
1.01,q-1.0,0.2399132639382234,stable,14,near,0.12201145776690393,0.12201145605028614,0,0.0,0.0,1,30,-1,52683.053383436156
1.01,q-1.0,0.2399132639382234,stable,14,independent,0.06429196185001274,-0.6080275170589372,0,0.0,0.0,1,213,1,32046.995590990504
1.01,q-0.25,0.1676752938025044,stable,14,near,0.12201145776690393,0.12201145605028614,0,0.0,0.0,1,50,-1,277545.3249585031
1.01,q-0.25,0.1676752938025044,stable,14,independent,0.06429196185001274,-0.6080275170589372,0,0.0,0.0,1,294,1,36886.97556122071
1.01,q0.0,0.13938473683038835,neutral,14,near,0.12201145776690393,0.12201145605028614,0,0.0,0.0,1,470,166,569781.8327978398
1.01,q0.0,0.13938473683038835,neutral,14,independent,0.06429196185001274,-0.6080275170589372,0,0.0,0.0,1,602,1,37537.27948417046
1.01,q0.25,0.10868582562259013,unstable,14,near,0.12201145776690393,0.12201145605028614,0,0.0,0.0,1,248,96,26170.3338888438
1.01,q0.25,0.10868582562259013,unstable,14,independent,0.06429196185001274,-0.6080275170589372,0,0.0,0.0,1,616,1,268405.22592711274
1.01,q0.75,0.039225401503332806,unstable,14,near,0.12201145776690393,0.12201145605028614,0,0.0,0.0,1,37841,69,22088.38920329465
1.01,q0.75,0.039225401503332806,unstable,14,independent,0.06429196185001274,-0.6080275170589372,0,0.0,0.0,1,28054,1,27896.08751620985
1.01,one_step,0.5,one_step,14,near,0.12201145776690393,0.12201145605028614,0,0.0,0.0,1,1,-1,15237.078254528333
1.01,one_step,0.5,one_step,14,independent,0.06429196185001274,-0.6080275170589372,0,0.0,0.0,1,1,-1,30019.854521958234
1.01,uncoupled,0.0,unstable,15,near,1.4576842557582883,1.4576842540416703,0,58938.31307465435,1.999999990381324,0,-1,6,73793.32851437548
1.01,uncoupled,0.0,unstable,15,independent,0.2617810441298888,-1.5059554457042423,0,410035.8156800926,1.9999999998556985,0,-1,1,148903.9127403996
1.01,q-1.0,0.2399132639382234,stable,15,near,1.4576842557582883,1.4576842540416703,0,0.0,0.0,1,67,13,36133.04489776526
1.01,q-1.0,0.2399132639382234,stable,15,independent,0.2617810441298888,-1.5059554457042423,0,0.0,0.0,1,150,1,16247.47132989575
1.01,q-0.25,0.1676752938025044,stable,15,near,1.4576842557582883,1.4576842540416703,0,0.0,0.0,1,266,8,5474.633571839868
1.01,q-0.25,0.1676752938025044,stable,15,independent,0.2617810441298888,-1.5059554457042423,0,0.0,0.0,1,120,1,145093.5671641701
1.01,q0.0,0.13938473683038835,neutral,15,near,1.4576842557582883,1.4576842540416703,0,0.0,0.0,1,227,6,2154184.04021471
1.01,q0.0,0.13938473683038835,neutral,15,independent,0.2617810441298888,-1.5059554457042423,0,0.0,0.0,1,130,1,34395.75898450328
1.01,q0.25,0.10868582562259013,unstable,15,near,1.4576842557582883,1.4576842540416703,0,0.0,0.0,1,309,6,20914.69429038794
1.01,q0.25,0.10868582562259013,unstable,15,independent,0.2617810441298888,-1.5059554457042423,0,0.0,0.0,1,313,1,23788.884352219888
1.01,q0.75,0.039225401503332806,unstable,15,near,1.4576842557582883,1.4576842540416703,0,0.0,0.0,1,52197,6,36786.064004319924
1.01,q0.75,0.039225401503332806,unstable,15,independent,0.2617810441298888,-1.5059554457042423,0,0.0,0.0,1,81785,1,216583.66032112637
1.01,one_step,0.5,one_step,15,near,1.4576842557582883,1.4576842540416703,0,0.0,0.0,1,1,-1,110751.59343494814
1.01,one_step,0.5,one_step,15,independent,0.2617810441298888,-1.5059554457042423,0,0.0,0.0,1,1,-1,164450.54658721405
1.01,uncoupled,0.0,unstable,16,near,-0.25890739141424524,-0.2589073931308631,0,30444.612761317254,1.9999999999633775,0,-1,32,45741.00463109816
1.01,uncoupled,0.0,unstable,16,independent,0.049347648720681675,0.1967193561642473,0,234789.1771801014,1.9999999997488511,0,-1,1,40304.16997926572
1.01,q-1.0,0.2399132639382234,stable,16,near,-0.25890739141424524,-0.2589073931308631,0,0.0,0.0,1,235,163,215978.77422573266
1.01,q-1.0,0.2399132639382234,stable,16,independent,0.049347648720681675,0.1967193561642473,0,0.0,0.0,1,103,1,16624.664520025945
1.01,q-0.25,0.1676752938025044,stable,16,near,-0.25890739141424524,-0.2589073931308631,0,0.0,0.0,1,218,68,13404.81514694744
1.01,q-0.25,0.1676752938025044,stable,16,independent,0.049347648720681675,0.1967193561642473,0,0.0,0.0,1,283,1,13629.837568810637
1.01,q0.0,0.13938473683038835,neutral,16,near,-0.25890739141424524,-0.2589073931308631,0,0.0,0.0,1,351,61,13672.291458460004
1.01,q0.0,0.13938473683038835,neutral,16,independent,0.049347648720681675,0.1967193561642473,0,0.0,0.0,1,440,1,23507.539214706765
1.01,q0.25,0.10868582562259013,unstable,16,near,-0.25890739141424524,-0.2589073931308631,0,0.0,0.0,1,865,59,9811.090547614085
1.01,q0.25,0.10868582562259013,unstable,16,independent,0.049347648720681675,0.1967193561642473,0,0.0,0.0,1,220,1,28883.56162611957
1.01,q0.75,0.039225401503332806,unstable,16,near,-0.25890739141424524,-0.2589073931308631,0,0.0,0.0,1,41124,33,167966.41019322164
1.01,q0.75,0.039225401503332806,unstable,16,independent,0.049347648720681675,0.1967193561642473,0,0.0,0.0,1,5974,1,47886.27867501399
1.01,one_step,0.5,one_step,16,near,-0.25890739141424524,-0.2589073931308631,0,0.0,0.0,1,1,-1,32305.208683023066
1.01,one_step,0.5,one_step,16,independent,0.049347648720681675,0.1967193561642473,0,0.0,0.0,1,1,-1,20531.518851920104
1.01,uncoupled,0.0,unstable,17,near,0.05975808734506323,0.05975808562844544,0,1750957.6390801463,1.9999999916759161,0,-1,116,300572.6908252853
1.01,uncoupled,0.0,unstable,17,independent,-0.04924616143990159,-0.09903743486442373,0,16591.789939117818,1.999999999839378,0,-1,1,37201.22467081047
1.01,q-1.0,0.2399132639382234,stable,17,near,0.05975808734506323,0.05975808562844544,0,0.0,0.0,1,30,-1,82421.85735712551
1.01,q-1.0,0.2399132639382234,stable,17,independent,-0.04924616143990159,-0.09903743486442373,0,0.0,0.0,1,58,1,33248.71118527657
1.01,q-0.25,0.1676752938025044,stable,17,near,0.05975808734506323,0.05975808562844544,0,0.0,0.0,1,48,-1,32665.89204574883
1.01,q-0.25,0.1676752938025044,stable,17,independent,-0.04924616143990159,-0.09903743486442373,0,0.0,0.0,1,221,1,37264.795409591876
1.01,q0.0,0.13938473683038835,neutral,17,near,0.05975808734506323,0.05975808562844544,0,0.0,0.0,1,72,-1,72929.63019798067
1.01,q0.0,0.13938473683038835,neutral,17,independent,-0.04924616143990159,-0.09903743486442373,0,0.0,0.0,1,562,1,51476.5295634969
1.01,q0.25,0.10868582562259013,unstable,17,near,0.05975808734506323,0.05975808562844544,0,0.0,0.0,1,79,-1,20792.82553460438
1.01,q0.25,0.10868582562259013,unstable,17,independent,-0.04924616143990159,-0.09903743486442373,0,0.0,0.0,1,615,1,1381156.7735222392
1.01,q0.75,0.039225401503332806,unstable,17,near,0.05975808734506323,0.05975808562844544,0,0.0,0.0,1,92352,135,21393.212688660828
1.01,q0.75,0.039225401503332806,unstable,17,independent,-0.04924616143990159,-0.09903743486442373,0,0.0,0.0,1,23578,1,565453.9268415231
1.01,one_step,0.5,one_step,17,near,0.05975808734506323,0.05975808562844544,0,0.0,0.0,1,1,-1,6813.365208894791
1.01,one_step,0.5,one_step,17,independent,-0.04924616143990159,-0.09903743486442373,0,0.0,0.0,1,1,-1,14524.571933239873
1.01,uncoupled,0.0,unstable,18,near,-0.042047951244495674,-0.042047952961113466,0,294022.46622383245,1.9999999813150497,0,-1,151,50472.2370453067
1.01,uncoupled,0.0,unstable,18,independent,-0.3781256736954739,-0.03004933957765481,0,488587.0497736535,1.9999999989546422,0,-1,1,83871.83682257154
1.01,q-1.0,0.2399132639382234,stable,18,near,-0.042047951244495674,-0.042047952961113466,0,0.0,0.0,1,36,-1,41284.363561466445
1.01,q-1.0,0.2399132639382234,stable,18,independent,-0.3781256736954739,-0.03004933957765481,0,0.0,0.0,1,289,1,67912.39708013792
1.01,q-0.25,0.1676752938025044,stable,18,near,-0.042047951244495674,-0.042047952961113466,0,0.0,0.0,1,48,-1,10484.614214346942
1.01,q-0.25,0.1676752938025044,stable,18,independent,-0.3781256736954739,-0.03004933957765481,0,0.0,0.0,1,487,1,17117.941939469558
1.01,q0.0,0.13938473683038835,neutral,18,near,-0.042047951244495674,-0.042047952961113466,0,0.0,0.0,1,67,-1,7648.640715556947
1.01,q0.0,0.13938473683038835,neutral,18,independent,-0.3781256736954739,-0.03004933957765481,0,0.0,0.0,1,258,1,322945.9643191402
1.01,q0.25,0.10868582562259013,unstable,18,near,-0.042047951244495674,-0.042047952961113466,0,0.0,0.0,1,78,-1,8766.091142128096
1.01,q0.25,0.10868582562259013,unstable,18,independent,-0.3781256736954739,-0.03004933957765481,0,0.0,0.0,1,2365,1,13556.714615405357
1.01,q0.75,0.039225401503332806,unstable,18,near,-0.042047951244495674,-0.042047952961113466,0,0.0,0.0,1,34643,163,22493.92207589342
1.01,q0.75,0.039225401503332806,unstable,18,independent,-0.3781256736954739,-0.03004933957765481,0,0.0,0.0,1,66855,1,18670.132118357335
1.01,one_step,0.5,one_step,18,near,-0.042047951244495674,-0.042047952961113466,0,0.0,0.0,1,1,-1,35655.35609213202
1.01,one_step,0.5,one_step,18,independent,-0.3781256736954739,-0.03004933957765481,0,0.0,0.0,1,1,-1,48031.73864913002
1.01,uncoupled,0.0,unstable,19,near,-0.834723272554769,-0.8347232742713867,0,25052.289157067426,1.9999999995973918,0,-1,10,9384.222128595244
1.01,uncoupled,0.0,unstable,19,independent,-13.05189044357553,-0.019420770047789804,0,12008.034771529812,1.999999946616393,0,-1,1,62964.98094327969
1.01,q-1.0,0.2399132639382234,stable,19,near,-0.834723272554769,-0.8347232742713867,0,0.0,0.0,1,67,-1,7718.862347207821
1.01,q-1.0,0.2399132639382234,stable,19,independent,-13.05189044357553,-0.019420770047789804,0,0.0,0.0,1,170,1,31592.907246201103
1.01,q-0.25,0.1676752938025044,stable,19,near,-0.834723272554769,-0.8347232742713867,0,0.0,0.0,1,108,17,48309.63818409767
1.01,q-0.25,0.1676752938025044,stable,19,independent,-13.05189044357553,-0.019420770047789804,0,0.0,0.0,1,227,1,14233.675222239994
1.01,q0.0,0.13938473683038835,neutral,19,near,-0.834723272554769,-0.8347232742713867,0,0.0,0.0,1,135,16,42733.36553502728
1.01,q0.0,0.13938473683038835,neutral,19,independent,-13.05189044357553,-0.019420770047789804,0,0.0,0.0,1,382,1,103490.10668449622
1.01,q0.25,0.10868582562259013,unstable,19,near,-0.834723272554769,-0.8347232742713867,0,0.0,0.0,1,394,14,31156.69221061299
1.01,q0.25,0.10868582562259013,unstable,19,independent,-13.05189044357553,-0.019420770047789804,0,0.0,0.0,1,1008,1,1419980.3245816599
1.01,q0.75,0.039225401503332806,unstable,19,near,-0.834723272554769,-0.8347232742713867,0,0.0,0.0,1,8748,10,12413.257374144105
1.01,q0.75,0.039225401503332806,unstable,19,independent,-13.05189044357553,-0.019420770047789804,0,0.0,0.0,1,4182,1,35242.05171149073
1.01,one_step,0.5,one_step,19,near,-0.834723272554769,-0.8347232742713867,0,0.0,0.0,1,1,-1,7247.187804627003
1.01,one_step,0.5,one_step,19,independent,-13.05189044357553,-0.019420770047789804,0,0.0,0.0,1,1,-1,33926.53453630558
1.01,uncoupled,0.0,unstable,20,near,-0.5122162000437771,-0.5122162017603948,0,33249.86840873135,1.9999999949946288,0,-1,9,26384.63337158965
1.01,uncoupled,0.0,unstable,20,independent,0.36619420345384346,-0.42244833693090855,0,400207.12467641255,1.9999999997828306,0,-1,1,68700.43997899035
1.01,q-1.0,0.2399132639382234,stable,20,near,-0.5122162000437771,-0.5122162017603948,0,0.0,0.0,1,292,9,70314.58196088296
1.01,q-1.0,0.2399132639382234,stable,20,independent,0.36619420345384346,-0.42244833693090855,0,0.0,0.0,1,62,1,15235.620373920465
1.01,q-0.25,0.1676752938025044,stable,20,near,-0.5122162000437771,-0.5122162017603948,0,0.0,0.0,1,322,9,59191.71897739343
1.01,q-0.25,0.1676752938025044,stable,20,independent,0.36619420345384346,-0.42244833693090855,0,0.0,0.0,1,98,1,32673.849552860825
1.01,q0.0,0.13938473683038835,neutral,20,near,-0.5122162000437771,-0.5122162017603948,0,0.0,0.0,1,245,9,78677.7508806412
1.01,q0.0,0.13938473683038835,neutral,20,independent,0.36619420345384346,-0.42244833693090855,0,0.0,0.0,1,125,1,37015.18226251004
1.01,q0.25,0.10868582562259013,unstable,20,near,-0.5122162000437771,-0.5122162017603948,0,0.0,0.0,1,638,9,43504.01614779346
1.01,q0.25,0.10868582562259013,unstable,20,independent,0.36619420345384346,-0.42244833693090855,0,0.0,0.0,1,699,1,53655.698558146614
1.01,q0.75,0.039225401503332806,unstable,20,near,-0.5122162000437771,-0.5122162017603948,0,0.0,0.0,1,55940,9,20068.961507134667
1.01,q0.75,0.039225401503332806,unstable,20,independent,0.36619420345384346,-0.42244833693090855,0,0.0,0.0,1,12816,1,37690.90826060122
1.01,one_step,0.5,one_step,20,near,-0.5122162000437771,-0.5122162017603948,0,0.0,0.0,1,1,-1,21676.544745750514
1.01,one_step,0.5,one_step,20,independent,0.36619420345384346,-0.42244833693090855,0,0.0,0.0,1,1,-1,64061.22191721584
1.01,uncoupled,0.0,unstable,21,near,0.22113535446594007,0.22113535274932228,0,54709.57346354607,1.9999999985570178,0,-1,29,141365.73564768204
1.01,uncoupled,0.0,unstable,21,independent,0.45512596953323736,-24.214171538179276,0,198586.96423083785,1.9999999985536958,0,-1,1,154298.56371864866
1.01,q-1.0,0.2399132639382234,stable,21,near,0.22113535446594007,0.22113535274932228,0,0.0,0.0,1,308,56,26755.470334142436
1.01,q-1.0,0.2399132639382234,stable,21,independent,0.45512596953323736,-24.214171538179276,0,0.0,0.0,1,105,1,53389.48827536432
1.01,q-0.25,0.1676752938025044,stable,21,near,0.22113535446594007,0.22113535274932228,0,0.0,0.0,1,420,46,6420802.712205679
1.01,q-0.25,0.1676752938025044,stable,21,independent,0.45512596953323736,-24.214171538179276,0,0.0,0.0,1,146,1,33166.78373896402
1.01,q0.0,0.13938473683038835,neutral,21,near,0.22113535446594007,0.22113535274932228,0,0.0,0.0,1,236,43,38522.43815953926
1.01,q0.0,0.13938473683038835,neutral,21,independent,0.45512596953323736,-24.214171538179276,0,0.0,0.0,1,743,1,19494.24993101339
1.01,q0.25,0.10868582562259013,unstable,21,near,0.22113535446594007,0.22113535274932228,0,0.0,0.0,1,749,42,32531.477121101278
1.01,q0.25,0.10868582562259013,unstable,21,independent,0.45512596953323736,-24.214171538179276,0,0.0,0.0,1,536,1,81281.74226974705
1.01,q0.75,0.039225401503332806,unstable,21,near,0.22113535446594007,0.22113535274932228,0,0.0,0.0,1,2920,31,6824.61872583148
1.01,q0.75,0.039225401503332806,unstable,21,independent,0.45512596953323736,-24.214171538179276,0,0.0,0.0,1,19201,1,317495.06948861957
1.01,one_step,0.5,one_step,21,near,0.22113535446594007,0.22113535274932228,0,0.0,0.0,1,1,-1,21583.637192010563
1.01,one_step,0.5,one_step,21,independent,0.45512596953323736,-24.214171538179276,0,0.0,0.0,1,1,-1,11444.748385473295
1.01,uncoupled,0.0,unstable,22,near,0.1356244807729228,0.135624479056305,0,258656.92631247803,1.9999999991797504,0,-1,49,280070.9340951059
1.01,uncoupled,0.0,unstable,22,independent,0.4496895844268676,-0.10878487010730659,0,27862.356364883355,1.9999999996683413,0,-1,1,1076533.856869271
1.01,q-1.0,0.2399132639382234,stable,22,near,0.1356244807729228,0.135624479056305,0,0.0,0.0,1,37,-1,121757.31100466641
1.01,q-1.0,0.2399132639382234,stable,22,independent,0.4496895844268676,-0.10878487010730659,0,0.0,0.0,1,175,1,17388.89405578683
1.01,q-0.25,0.1676752938025044,stable,22,near,0.1356244807729228,0.135624479056305,0,0.0,0.0,1,94,-1,162013.33567274798
1.01,q-0.25,0.1676752938025044,stable,22,independent,0.4496895844268676,-0.10878487010730659,0,0.0,0.0,1,192,1,16255.19889900701
1.01,q0.0,0.13938473683038835,neutral,22,near,0.1356244807729228,0.135624479056305,0,0.0,0.0,1,124,-1,103108.3493898496
1.01,q0.0,0.13938473683038835,neutral,22,independent,0.4496895844268676,-0.10878487010730659,0,0.0,0.0,1,368,1,92300.20363506686
1.01,q0.25,0.10868582562259013,unstable,22,near,0.1356244807729228,0.135624479056305,0,0.0,0.0,1,158,-1,24243.833436275054
1.01,q0.25,0.10868582562259013,unstable,22,independent,0.4496895844268676,-0.10878487010730659,0,0.0,0.0,1,425,1,13421.476797622268
1.01,q0.75,0.039225401503332806,unstable,22,near,0.1356244807729228,0.135624479056305,0,0.0,0.0,1,6746,224,398403.0817445856
1.01,q0.75,0.039225401503332806,unstable,22,independent,0.4496895844268676,-0.10878487010730659,0,0.0,0.0,1,50478,1,1779691.1720338762
1.01,one_step,0.5,one_step,22,near,0.1356244807729228,0.135624479056305,0,0.0,0.0,1,1,-1,18157.648510365445
1.01,one_step,0.5,one_step,22,independent,0.4496895844268676,-0.10878487010730659,0,0.0,0.0,1,1,-1,379664.6336493786
1.01,uncoupled,0.0,unstable,23,near,-0.3298011625017699,-0.32980116421838773,0,26462.33731239099,1.9999999991058632,0,-1,16,43325.8974145115
1.01,uncoupled,0.0,unstable,23,independent,-0.05342929815690373,-0.09153618744348704,0,37989.97293658354,1.9999999980812369,0,-1,1,16120.76232010659
1.01,q-1.0,0.2399132639382234,stable,23,near,-0.3298011625017699,-0.32980116421838773,0,0.0,0.0,1,98,24,4881.068222309882
1.01,q-1.0,0.2399132639382234,stable,23,independent,-0.05342929815690373,-0.09153618744348704,0,0.0,0.0,1,61,1,2408386.2215794045
1.01,q-0.25,0.1676752938025044,stable,23,near,-0.3298011625017699,-0.32980116421838773,0,0.0,0.0,1,144,23,73385.99414393256
1.01,q-0.25,0.1676752938025044,stable,23,independent,-0.05342929815690373,-0.09153618744348704,0,0.0,0.0,1,310,1,75586.83388468092
1.01,q0.0,0.13938473683038835,neutral,23,near,-0.3298011625017699,-0.32980116421838773,0,0.0,0.0,1,671,21,20094.01535930229
1.01,q0.0,0.13938473683038835,neutral,23,independent,-0.05342929815690373,-0.09153618744348704,0,0.0,0.0,1,160,1,5215.077009665949
1.01,q0.25,0.10868582562259013,unstable,23,near,-0.3298011625017699,-0.32980116421838773,0,0.0,0.0,1,582,19,9710.825816718138
1.01,q0.25,0.10868582562259013,unstable,23,independent,-0.05342929815690373,-0.09153618744348704,0,0.0,0.0,1,571,1,22520.026418664656
1.01,q0.75,0.039225401503332806,unstable,23,near,-0.3298011625017699,-0.32980116421838773,0,0.0,0.0,1,8769,18,18711.72633209536
1.01,q0.75,0.039225401503332806,unstable,23,independent,-0.05342929815690373,-0.09153618744348704,0,0.0,0.0,1,52651,1,187535.02233298938
1.01,one_step,0.5,one_step,23,near,-0.3298011625017699,-0.32980116421838773,0,0.0,0.0,1,1,-1,44071.1821815164
1.01,one_step,0.5,one_step,23,independent,-0.05342929815690373,-0.09153618744348704,0,0.0,0.0,1,1,-1,48903.52799140399
1.01,uncoupled,0.0,unstable,24,near,-0.14326490984287965,-0.14326491155949744,0,54862.90779713421,1.9999999999919775,0,-1,54,57266.06481230785
1.01,uncoupled,0.0,unstable,24,independent,0.3258818314813297,0.014308242235178388,0,61171.66117152828,1.9999999906705728,0,-1,1,61444.813023840296
1.01,q-1.0,0.2399132639382234,stable,24,near,-0.14326490984287965,-0.14326491155949744,0,0.0,0.0,1,35,-1,10932.351163150477
1.01,q-1.0,0.2399132639382234,stable,24,independent,0.3258818314813297,0.014308242235178388,0,0.0,0.0,1,259,1,12310.221861158738
1.01,q-0.25,0.1676752938025044,stable,24,near,-0.14326490984287965,-0.14326491155949744,0,0.0,0.0,1,195,102,9700.173367476495
1.01,q-0.25,0.1676752938025044,stable,24,independent,0.3258818314813297,0.014308242235178388,0,0.0,0.0,1,228,1,36747.253967349556
1.01,q0.0,0.13938473683038835,neutral,24,near,-0.14326490984287965,-0.14326491155949744,0,0.0,0.0,1,232,71,5560.355342612003
1.01,q0.0,0.13938473683038835,neutral,24,independent,0.3258818314813297,0.014308242235178388,0,0.0,0.0,1,144,1,15734.081564038921
1.01,q0.25,0.10868582562259013,unstable,24,near,-0.14326490984287965,-0.14326491155949744,0,0.0,0.0,1,724,70,48367.220323470814
1.01,q0.25,0.10868582562259013,unstable,24,independent,0.3258818314813297,0.014308242235178388,0,0.0,0.0,1,212,1,28062.657358980046
1.01,q0.75,0.039225401503332806,unstable,24,near,-0.14326490984287965,-0.14326491155949744,0,0.0,0.0,1,31477,54,701124.1991570386
1.01,q0.75,0.039225401503332806,unstable,24,independent,0.3258818314813297,0.014308242235178388,0,0.0,0.0,1,24002,1,71899.28085650825
1.01,one_step,0.5,one_step,24,near,-0.14326490984287965,-0.14326491155949744,0,0.0,0.0,1,1,-1,15557.58241102741
1.01,one_step,0.5,one_step,24,independent,0.3258818314813297,0.014308242235178388,0,0.0,0.0,1,1,-1,20224.013780635978
1.01,uncoupled,0.0,unstable,25,near,0.3063690911192822,0.30636908940266433,0,92171.7116825607,1.9999999997532696,0,-1,35,24038.768038973685
1.01,uncoupled,0.0,unstable,25,independent,0.13560834027364932,-0.09746158471296597,0,7835.494969122832,1.9999999997850164,0,-1,1,77213.18717974982
1.01,q-1.0,0.2399132639382234,stable,25,near,0.3063690911192822,0.30636908940266433,0,0.0,0.0,1,307,57,7549.920195385485
1.01,q-1.0,0.2399132639382234,stable,25,independent,0.13560834027364932,-0.09746158471296597,0,0.0,0.0,1,69,1,22241.41974815458
1.01,q-0.25,0.1676752938025044,stable,25,near,0.3063690911192822,0.30636908940266433,0,0.0,0.0,1,152,46,19991.249354368752
1.01,q-0.25,0.1676752938025044,stable,25,independent,0.13560834027364932,-0.09746158471296597,0,0.0,0.0,1,95,1,24578.220356500064
1.01,q0.0,0.13938473683038835,neutral,25,near,0.3063690911192822,0.30636908940266433,0,0.0,0.0,1,315,44,51719.801386698586
1.01,q0.0,0.13938473683038835,neutral,25,independent,0.13560834027364932,-0.09746158471296597,0,0.0,0.0,1,133,1,8069.4185065581
1.01,q0.25,0.10868582562259013,unstable,25,near,0.3063690911192822,0.30636908940266433,0,0.0,0.0,1,413,42,11161.25762293755
1.01,q0.25,0.10868582562259013,unstable,25,independent,0.13560834027364932,-0.09746158471296597,0,0.0,0.0,1,163,1,7502.766362101049
1.01,q0.75,0.039225401503332806,unstable,25,near,0.3063690911192822,0.30636908940266433,0,0.0,0.0,1,3661,37,30365.82254618658
1.01,q0.75,0.039225401503332806,unstable,25,independent,0.13560834027364932,-0.09746158471296597,0,0.0,0.0,1,35777,1,12887.708992476351
1.01,one_step,0.5,one_step,25,near,0.3063690911192822,0.30636908940266433,0,0.0,0.0,1,1,-1,17188.5762760165
1.01,one_step,0.5,one_step,25,independent,0.13560834027364932,-0.09746158471296597,0,0.0,0.0,1,1,-1,97156.48369287304
1.01,uncoupled,0.0,unstable,26,near,-0.6038899703055741,-0.6038899720221919,0,63286.843319146516,1.999999985511612,0,-1,161,14309.388575452647
1.01,uncoupled,0.0,unstable,26,independent,0.1424841312898,-0.30713828037314,0,203520.8881799796,1.9999999995228763,0,-1,1,57124.75879327791
1.01,q-1.0,0.2399132639382234,stable,26,near,-0.6038899703055741,-0.6038899720221919,0,0.0,0.0,1,43,-1,26293.380104529708
1.01,q-1.0,0.2399132639382234,stable,26,independent,0.1424841312898,-0.30713828037314,0,0.0,0.0,1,62,1,31355.680500342103
1.01,q-0.25,0.1676752938025044,stable,26,near,-0.6038899703055741,-0.6038899720221919,0,0.0,0.0,1,69,-1,31215.299268806717
1.01,q-0.25,0.1676752938025044,stable,26,independent,0.1424841312898,-0.30713828037314,0,0.0,0.0,1,171,1,31334.00854885217
1.01,q0.0,0.13938473683038835,neutral,26,near,-0.6038899703055741,-0.6038899720221919,0,0.0,0.0,1,81,-1,7553.169441100647
1.01,q0.0,0.13938473683038835,neutral,26,independent,0.1424841312898,-0.30713828037314,0,0.0,0.0,1,410,1,7001.823142909194
1.01,q0.25,0.10868582562259013,unstable,26,near,-0.6038899703055741,-0.6038899720221919,0,0.0,0.0,1,110,-1,18421.848807093404
1.01,q0.25,0.10868582562259013,unstable,26,independent,0.1424841312898,-0.30713828037314,0,0.0,0.0,1,391,1,24773.44264228425
1.01,q0.75,0.039225401503332806,unstable,26,near,-0.6038899703055741,-0.6038899720221919,0,0.0,0.0,1,10685,175,57153.92495838745
1.01,q0.75,0.039225401503332806,unstable,26,independent,0.1424841312898,-0.30713828037314,0,0.0,0.0,1,97837,1,26234.370483987972
1.01,one_step,0.5,one_step,26,near,-0.6038899703055741,-0.6038899720221919,0,0.0,0.0,1,1,-1,14436.639150380452
1.01,one_step,0.5,one_step,26,independent,0.1424841312898,-0.30713828037314,0,0.0,0.0,1,1,-1,9189.538304187976
1.01,uncoupled,0.0,unstable,27,near,-0.7823079395797011,-0.7823079412963189,0,8515.230675134071,1.9999999995889994,0,-1,24,11210.87564161485
1.01,uncoupled,0.0,unstable,27,independent,-0.07305237759863054,-0.3005475874970479,0,10649.581616851834,1.999999999012208,0,-1,1,16419.41371339467
1.01,q-1.0,0.2399132639382234,stable,27,near,-0.7823079395797011,-0.7823079412963189,0,0.0,0.0,1,140,53,11768.467535255102
1.01,q-1.0,0.2399132639382234,stable,27,independent,-0.07305237759863054,-0.3005475874970479,0,0.0,0.0,1,145,1,58118.008374964185
1.01,q-0.25,0.1676752938025044,stable,27,near,-0.7823079395797011,-0.7823079412963189,0,0.0,0.0,1,403,28,978498.6933497883
1.01,q-0.25,0.1676752938025044,stable,27,independent,-0.07305237759863054,-0.3005475874970479,0,0.0,0.0,1,223,1,104358.61022635992
1.01,q0.0,0.13938473683038835,neutral,27,near,-0.7823079395797011,-0.7823079412963189,0,0.0,0.0,1,359,27,32398.93592039367
1.01,q0.0,0.13938473683038835,neutral,27,independent,-0.07305237759863054,-0.3005475874970479,0,0.0,0.0,1,329,1,168869.7134809417
1.01,q0.25,0.10868582562259013,unstable,27,near,-0.7823079395797011,-0.7823079412963189,0,0.0,0.0,1,2249,27,27068.15564539866
1.01,q0.25,0.10868582562259013,unstable,27,independent,-0.07305237759863054,-0.3005475874970479,0,0.0,0.0,1,278,1,9739.858986273892
1.01,q0.75,0.039225401503332806,unstable,27,near,-0.7823079395797011,-0.7823079412963189,0,171675.12662012535,1.999999323465973,0,-1,26,34326.88526606867
1.01,q0.75,0.039225401503332806,unstable,27,independent,-0.07305237759863054,-0.3005475874970479,0,0.0,0.0,1,13068,1,180352.23018808055
1.01,one_step,0.5,one_step,27,near,-0.7823079395797011,-0.7823079412963189,0,0.0,0.0,1,1,-1,41048.031651753176
1.01,one_step,0.5,one_step,27,independent,-0.07305237759863054,-0.3005475874970479,0,0.0,0.0,1,1,-1,58662.34825355622
1.01,uncoupled,0.0,unstable,28,near,-1.3294592693937746,-1.3294592711103925,0,34435.46657095424,1.9999999878040298,0,-1,20,41970177.9083949
1.01,uncoupled,0.0,unstable,28,independent,0.29425607515236485,-0.05836952341232655,0,55176.28965034047,1.999999998360717,0,-1,1,144465.42923396578
1.01,q-1.0,0.2399132639382234,stable,28,near,-1.3294592693937746,-1.3294592711103925,0,0.0,0.0,1,158,-1,1021793.7203249575
1.01,q-1.0,0.2399132639382234,stable,28,independent,0.29425607515236485,-0.05836952341232655,0,0.0,0.0,1,116,1,15050.890829552725
1.01,q-0.25,0.1676752938025044,stable,28,near,-1.3294592693937746,-1.3294592711103925,0,0.0,0.0,1,260,68,6744.597623150265
1.01,q-0.25,0.1676752938025044,stable,28,independent,0.29425607515236485,-0.05836952341232655,0,0.0,0.0,1,307,1,348475.5323251019
1.01,q0.0,0.13938473683038835,neutral,28,near,-1.3294592693937746,-1.3294592711103925,0,0.0,0.0,1,215,61,78947.82078527518
1.01,q0.0,0.13938473683038835,neutral,28,independent,0.29425607515236485,-0.05836952341232655,0,0.0,0.0,1,148,1,85672.46703147201
1.01,q0.25,0.10868582562259013,unstable,28,near,-1.3294592693937746,-1.3294592711103925,0,0.0,0.0,1,363,61,18091.359290101853
1.01,q0.25,0.10868582562259013,unstable,28,independent,0.29425607515236485,-0.05836952341232655,0,0.0,0.0,1,443,1,25162.253435440944
1.01,q0.75,0.039225401503332806,unstable,28,near,-1.3294592693937746,-1.3294592711103925,0,0.0,0.0,1,20765,21,581305.514874008
1.01,q0.75,0.039225401503332806,unstable,28,independent,0.29425607515236485,-0.05836952341232655,0,0.0,0.0,1,6058,1,17669.380252220835
1.01,one_step,0.5,one_step,28,near,-1.3294592693937746,-1.3294592711103925,0,0.0,0.0,1,1,-1,121824.14875073732
1.01,one_step,0.5,one_step,28,independent,0.29425607515236485,-0.05836952341232655,0,0.0,0.0,1,1,-1,972975.1094408962
1.01,uncoupled,0.0,unstable,29,near,0.02001410837603332,0.020014106659415526,0,550455.8863170644,1.9999999904938512,0,-1,221,94492.2742841886
1.01,uncoupled,0.0,unstable,29,independent,-0.17650843540344519,-0.4994429227472016,0,90784.53614817775,1.9999999883713262,0,-1,1,29948.211379059045
1.01,q-1.0,0.2399132639382234,stable,29,near,0.02001410837603332,0.020014106659415526,0,0.0,0.0,1,32,-1,32794.8458592213
1.01,q-1.0,0.2399132639382234,stable,29,independent,-0.17650843540344519,-0.4994429227472016,0,0.0,0.0,1,134,1,72419.2685433551
1.01,q-0.25,0.1676752938025044,stable,29,near,0.02001410837603332,0.020014106659415526,0,0.0,0.0,1,50,-1,188827.1382751055
1.01,q-0.25,0.1676752938025044,stable,29,independent,-0.17650843540344519,-0.4994429227472016,0,0.0,0.0,1,220,1,44106.6535722495
1.01,q0.0,0.13938473683038835,neutral,29,near,0.02001410837603332,0.020014106659415526,0,0.0,0.0,1,72,-1,9586.769828079909
1.01,q0.0,0.13938473683038835,neutral,29,independent,-0.17650843540344519,-0.4994429227472016,0,0.0,0.0,1,221,1,18031.307306505227
1.01,q0.25,0.10868582562259013,unstable,29,near,0.02001410837603332,0.020014106659415526,0,0.0,0.0,1,81,-1,33730.740851749586
1.01,q0.25,0.10868582562259013,unstable,29,independent,-0.17650843540344519,-0.4994429227472016,0,0.0,0.0,1,1746,1,22910.454099004673
1.01,q0.75,0.039225401503332806,unstable,29,near,0.02001410837603332,0.020014106659415526,0,0.0,0.0,1,1733,234,270693.02835729346
1.01,q0.75,0.039225401503332806,unstable,29,independent,-0.17650843540344519,-0.4994429227472016,0,0.0,0.0,1,1704,1,173015.43187357835
1.01,one_step,0.5,one_step,29,near,0.02001410837603332,0.020014106659415526,0,0.0,0.0,1,1,-1,7356.793237237815
1.01,one_step,0.5,one_step,29,independent,-0.17650843540344519,-0.4994429227472016,0,0.0,0.0,1,1,-1,9319.680968297782
1.01,uncoupled,0.0,unstable,30,near,0.0008932164248094643,0.0008932147081916715,0,24121.270096154698,1.9999999987595631,0,-1,532,59603.52786170746
1.01,uncoupled,0.0,unstable,30,independent,-0.06468970432407721,-2.7137864456632745,0,162790.91373667074,1.9999999644624349,0,-1,1,31033.442447916917
1.01,q-1.0,0.2399132639382234,stable,30,near,0.0008932164248094643,0.0008932147081916715,0,0.0,0.0,1,39,-1,7981.823248455677
1.01,q-1.0,0.2399132639382234,stable,30,independent,-0.06468970432407721,-2.7137864456632745,0,0.0,0.0,1,169,1,28189.945921404622
1.01,q-0.25,0.1676752938025044,stable,30,near,0.0008932164248094643,0.0008932147081916715,0,0.0,0.0,1,59,-1,465358.29151305964
1.01,q-0.25,0.1676752938025044,stable,30,independent,-0.06468970432407721,-2.7137864456632745,0,0.0,0.0,1,280,1,21870.669746863816
1.01,q0.0,0.13938473683038835,neutral,30,near,0.0008932164248094643,0.0008932147081916715,0,0.0,0.0,1,77,-1,223481.34890852423
1.01,q0.0,0.13938473683038835,neutral,30,independent,-0.06468970432407721,-2.7137864456632745,0,0.0,0.0,1,190,1,63258.800834159614
1.01,q0.25,0.10868582562259013,unstable,30,near,0.0008932164248094643,0.0008932147081916715,0,0.0,0.0,1,96,-1,48380.110293664824
1.01,q0.25,0.10868582562259013,unstable,30,independent,-0.06468970432407721,-2.7137864456632745,0,0.0,0.0,1,335,1,46481.58151948412
1.01,q0.75,0.039225401503332806,unstable,30,near,0.0008932164248094643,0.0008932147081916715,0,0.0,0.0,1,294,-1,547503.6418354851
1.01,q0.75,0.039225401503332806,unstable,30,independent,-0.06468970432407721,-2.7137864456632745,0,0.0,0.0,1,1176,1,13538.792582689111
1.01,one_step,0.5,one_step,30,near,0.0008932164248094643,0.0008932147081916715,0,0.0,0.0,1,1,-1,15979.551159651037
1.01,one_step,0.5,one_step,30,independent,-0.06468970432407721,-2.7137864456632745,0,0.0,0.0,1,1,-1,15545.230562175648
1.01,uncoupled,0.0,unstable,31,near,-0.011656116430470244,-0.011656118147088036,0,76884.3996133005,1.9999999657679566,0,-1,274,103436.90500509141
1.01,uncoupled,0.0,unstable,31,independent,-0.1542971348544034,-0.07526949887423828,0,386072.02008545666,1.9999999978392398,0,-1,1,72965.69832323235
1.01,q-1.0,0.2399132639382234,stable,31,near,-0.011656116430470244,-0.011656118147088036,0,0.0,0.0,1,33,-1,7256.09424355637
1.01,q-1.0,0.2399132639382234,stable,31,independent,-0.1542971348544034,-0.07526949887423828,0,0.0,0.0,1,195,1,10009.784339061236
1.01,q-0.25,0.1676752938025044,stable,31,near,-0.011656116430470244,-0.011656118147088036,0,0.0,0.0,1,50,-1,13888.681331496125
1.01,q-0.25,0.1676752938025044,stable,31,independent,-0.1542971348544034,-0.07526949887423828,0,0.0,0.0,1,312,1,117202.51332370072
1.01,q0.0,0.13938473683038835,neutral,31,near,-0.011656116430470244,-0.011656118147088036,0,0.0,0.0,1,65,-1,19985.017690745022
1.01,q0.0,0.13938473683038835,neutral,31,independent,-0.1542971348544034,-0.07526949887423828,0,0.0,0.0,1,471,1,84111.28426632531
1.01,q0.25,0.10868582562259013,unstable,31,near,-0.011656116430470244,-0.011656118147088036,0,0.0,0.0,1,83,-1,1283884.0799611069
1.01,q0.25,0.10868582562259013,unstable,31,independent,-0.1542971348544034,-0.07526949887423828,0,0.0,0.0,1,471,1,39617.81482821009
1.01,q0.75,0.039225401503332806,unstable,31,near,-0.011656116430470244,-0.011656118147088036,0,0.0,0.0,1,39103,381,6037.226596198111
1.01,q0.75,0.039225401503332806,unstable,31,independent,-0.1542971348544034,-0.07526949887423828,0,0.0,0.0,1,15742,1,11982.713125101187
1.01,one_step,0.5,one_step,31,near,-0.011656116430470244,-0.011656118147088036,0,0.0,0.0,1,1,-1,200703.22465840014
1.01,one_step,0.5,one_step,31,independent,-0.1542971348544034,-0.07526949887423828,0,0.0,0.0,1,1,-1,51879.637799809265
1.1,uncoupled,0.0,unstable,0,near,-0.19005265690779752,-0.19005266193720324,0,17463.076010409557,1.99999999080801,0,-1,22,622689.2970812686
1.1,uncoupled,0.0,unstable,0,independent,0.4312873139180147,0.11727866429825395,0,112921.50042470146,1.9999999982255785,0,-1,1,454668.6784018151
1.1,q-1.0,0.4190126111476618,stable,0,near,-0.19005265690779752,-0.19005266193720324,0,0.0,0.0,1,18,-1,93239.34938552948
1.1,q-1.0,0.4190126111476618,stable,0,independent,0.4312873139180147,0.11727866429825395,0,0.0,0.0,1,39,1,96431.88246346952
1.1,q-0.25,0.33972173790715965,stable,0,near,-0.19005265690779752,-0.19005266193720324,0,0.0,0.0,1,48,-1,93819.0355938136
1.1,q-0.25,0.33972173790715965,stable,0,independent,0.4312873139180147,0.11727866429825395,0,0.0,0.0,1,81,1,997122.0583449712
1.1,q0.0,0.2987695489589881,neutral,0,near,-0.19005265690779752,-0.19005266193720324,0,0.0,0.0,1,226,96,33552.36085548211
1.1,q0.0,0.2987695489589881,neutral,0,independent,0.4312873139180147,0.11727866429825395,0,0.0,0.0,1,108,1,42174.14241527373
1.1,q0.25,0.24735379646983366,unstable,0,near,-0.19005265690779752,-0.19005266193720324,0,0.0,0.0,1,1393,163,114018.97780490038
1.1,q0.25,0.24735379646983366,unstable,0,independent,0.4312873139180147,0.11727866429825395,0,0.0,0.0,1,2202,1,28905.74194807669
1.1,q0.75,0.10175445300727688,unstable,0,near,-0.19005265690779752,-0.19005266193720324,0,5748.135641847964,1.9999999818241136,0,-1,31,478282.58215743717
1.1,q0.75,0.10175445300727688,unstable,0,independent,0.4312873139180147,0.11727866429825395,0,15041.524762071762,1.9999999999809686,0,-1,1,85303.41747956863
1.1,one_step,0.5,one_step,0,near,-0.19005265690779752,-0.19005266193720324,0,0.0,0.0,1,1,-1,476757.6987689233
1.1,one_step,0.5,one_step,0,independent,0.4312873139180147,0.11727866429825395,0,0.0,0.0,1,1,-1,2798347.677495902
1.1,uncoupled,0.0,unstable,1,near,-0.3695098747210568,-0.36950987975046257,0,230152.37725624064,1.9999999954120906,0,-1,15,3600883.108070594
1.1,uncoupled,0.0,unstable,1,independent,0.7188355709588731,0.44940793669619167,0,27000.63001986229,1.9999999888133173,0,-1,1,276357.95835494634
1.1,q-1.0,0.4190126111476618,stable,1,near,-0.3695098747210568,-0.36950987975046257,0,0.0,0.0,1,22,-1,177968.21343470638
1.1,q-1.0,0.4190126111476618,stable,1,independent,0.7188355709588731,0.44940793669619167,0,0.0,0.0,1,42,1,111085.31339875996
1.1,q-0.25,0.33972173790715965,stable,1,near,-0.3695098747210568,-0.36950987975046257,0,0.0,0.0,1,35,-1,20773.101573373962
1.1,q-0.25,0.33972173790715965,stable,1,independent,0.7188355709588731,0.44940793669619167,0,0.0,0.0,1,74,1,185552.05285243748
1.1,q0.0,0.2987695489589881,neutral,1,near,-0.3695098747210568,-0.36950987975046257,0,0.0,0.0,1,487,73,624139.0010802563
1.1,q0.0,0.2987695489589881,neutral,1,independent,0.7188355709588731,0.44940793669619167,0,0.0,0.0,1,924,1,74021.83595496711
1.1,q0.25,0.24735379646983366,unstable,1,near,-0.3695098747210568,-0.36950987975046257,0,0.0,0.0,1,799,150,39182.90491104399
1.1,q0.25,0.24735379646983366,unstable,1,independent,0.7188355709588731,0.44940793669619167,0,0.0,0.0,1,1400,1,914549.55699107
1.1,q0.75,0.10175445300727688,unstable,1,near,-0.3695098747210568,-0.36950987975046257,0,684129.3390503459,1.9999999998689997,0,-1,18,388032.75728215266
1.1,q0.75,0.10175445300727688,unstable,1,independent,0.7188355709588731,0.44940793669619167,0,393356.71273957216,1.9999999993629298,0,-1,1,223108.7043257753
1.1,one_step,0.5,one_step,1,near,-0.3695098747210568,-0.36950987975046257,0,0.0,0.0,1,1,-1,38921.374935932465
1.1,one_step,0.5,one_step,1,independent,0.7188355709588731,0.44940793669619167,0,0.0,0.0,1,1,-1,80280.36467155583
1.1,uncoupled,0.0,unstable,2,near,0.21733767977317786,0.21733767474377214,0,24034.897551275695,1.9999999989800885,0,-1,23,129112.6133011507
1.1,uncoupled,0.0,unstable,2,independent,-4.232130271210275,-2.707068178123967,0,163794.82753095083,1.999999999261056,0,-1,1,82381.2758030534
1.1,q-1.0,0.4190126111476618,stable,2,near,0.21733767977317786,0.21733767474377214,0,0.0,0.0,1,14,-1,24289.452909337007
1.1,q-1.0,0.4190126111476618,stable,2,independent,-4.232130271210275,-2.707068178123967,0,0.0,0.0,1,34,1,1770357.5331001868
1.1,q-0.25,0.33972173790715965,stable,2,near,0.21733767977317786,0.21733767474377214,0,0.0,0.0,1,34,-1,129815.71202512665
1.1,q-0.25,0.33972173790715965,stable,2,independent,-4.232130271210275,-2.707068178123967,0,0.0,0.0,1,48,1,170542.9331352162
1.1,q0.0,0.2987695489589881,neutral,2,near,0.21733767977317786,0.21733767474377214,0,0.0,0.0,1,42,-1,99354.64570469099
1.1,q0.0,0.2987695489589881,neutral,2,independent,-4.232130271210275,-2.707068178123967,0,0.0,0.0,1,585,1,82728.46603316079
1.1,q0.25,0.24735379646983366,unstable,2,near,0.21733767977317786,0.21733767474377214,0,0.0,0.0,1,316,68,72130.04341284223
1.1,q0.25,0.24735379646983366,unstable,2,independent,-4.232130271210275,-2.707068178123967,0,0.0,0.0,1,130,1,48007.17402589771
1.1,q0.75,0.10175445300727688,unstable,2,near,0.21733767977317786,0.21733767474377214,0,119449.64610460594,1.9999999997017328,0,-1,44,6754325.134085845
1.1,q0.75,0.10175445300727688,unstable,2,independent,-4.232130271210275,-2.707068178123967,0,13685.51847411589,1.9999999954782126,0,-1,1,6509722.461081732
1.1,one_step,0.5,one_step,2,near,0.21733767977317786,0.21733767474377214,0,0.0,0.0,1,1,-1,505683.45744918496
1.1,one_step,0.5,one_step,2,independent,-4.232130271210275,-2.707068178123967,0,0.0,0.0,1,1,-1,104056.41343004814
1.1,uncoupled,0.0,unstable,3,near,-0.24161062968143435,-0.24161063471084007,0,9880.953722609978,1.999999997167925,0,-1,26,104084.0644834203
1.1,uncoupled,0.0,unstable,3,independent,1.258167021173084,-0.09065455591664016,0,16369.671577567933,1.9999999836546374,0,-1,1,5765924.7497369135
1.1,q-1.0,0.4190126111476618,stable,3,near,-0.24161062968143435,-0.24161063471084007,0,0.0,0.0,1,14,-1,64898.31076567446
1.1,q-1.0,0.4190126111476618,stable,3,independent,1.258167021173084,-0.09065455591664016,0,0.0,0.0,1,50,1,157355.95433319575
1.1,q-0.25,0.33972173790715965,stable,3,near,-0.24161062968143435,-0.24161063471084007,0,0.0,0.0,1,33,-1,208111.77899549672
1.1,q-0.25,0.33972173790715965,stable,3,independent,1.258167021173084,-0.09065455591664016,0,0.0,0.0,1,249,1,590264.593589694
1.1,q0.0,0.2987695489589881,neutral,3,near,-0.24161062968143435,-0.24161063471084007,0,0.0,0.0,1,39,-1,63482.78131794865
1.1,q0.0,0.2987695489589881,neutral,3,independent,1.258167021173084,-0.09065455591664016,0,0.0,0.0,1,175,1,33760.02226274795
1.1,q0.25,0.24735379646983366,unstable,3,near,-0.24161062968143435,-0.24161063471084007,0,0.0,0.0,1,55,-1,177867.78563547216
1.1,q0.25,0.24735379646983366,unstable,3,independent,1.258167021173084,-0.09065455591664016,0,0.0,0.0,1,7012,1,40532.29946609989
1.1,q0.75,0.10175445300727688,unstable,3,near,-0.24161062968143435,-0.24161063471084007,0,21207.052034374254,1.999999998146346,0,-1,71,55105.90084388639
1.1,q0.75,0.10175445300727688,unstable,3,independent,1.258167021173084,-0.09065455591664016,0,7270.6448543478355,1.9999999904835393,0,-1,1,80300.170420826
1.1,one_step,0.5,one_step,3,near,-0.24161062968143435,-0.24161063471084007,0,0.0,0.0,1,1,-1,21424.471487151262
1.1,one_step,0.5,one_step,3,independent,1.258167021173084,-0.09065455591664016,0,0.0,0.0,1,1,-1,65929.16796622275
1.1,uncoupled,0.0,unstable,4,near,-0.09507668228260162,-0.09507668731200737,0,19968.059754873702,1.999999994270274,0,-1,29,104433.10851081857
1.1,uncoupled,0.0,unstable,4,independent,0.7531529013895134,0.1927878237559834,0,2244897.8157811305,1.999999998091665,0,-1,1,1129050.4468570964
1.1,q-1.0,0.4190126111476618,stable,4,near,-0.09507668228260162,-0.09507668731200737,0,0.0,0.0,1,12,-1,38043.92598043364
1.1,q-1.0,0.4190126111476618,stable,4,independent,0.7531529013895134,0.1927878237559834,0,0.0,0.0,1,25,1,250835.8170973756
1.1,q-0.25,0.33972173790715965,stable,4,near,-0.09507668228260162,-0.09507668731200737,0,0.0,0.0,1,23,-1,57234.691521450266
1.1,q-0.25,0.33972173790715965,stable,4,independent,0.7531529013895134,0.1927878237559834,0,0.0,0.0,1,52,1,46007.83250877471
1.1,q0.0,0.2987695489589881,neutral,4,near,-0.09507668228260162,-0.09507668731200737,0,0.0,0.0,1,40,-1,74829.35086956677
1.1,q0.0,0.2987695489589881,neutral,4,independent,0.7531529013895134,0.1927878237559834,0,0.0,0.0,1,171,1,26431.52671978198
1.1,q0.25,0.24735379646983366,unstable,4,near,-0.09507668228260162,-0.09507668731200737,0,0.0,0.0,1,2510,116,974641.6489230519
1.1,q0.25,0.24735379646983366,unstable,4,independent,0.7531529013895134,0.1927878237559834,0,0.0,0.0,1,717,1,435822.3561772565
1.1,q0.75,0.10175445300727688,unstable,4,near,-0.09507668228260162,-0.09507668731200737,0,147854.02231552944,1.9999999850935357,0,-1,43,4347430.148790158
1.1,q0.75,0.10175445300727688,unstable,4,independent,0.7531529013895134,0.1927878237559834,0,48477.69992704347,1.999999929311049,0,-1,1,484480.5115381873
1.1,one_step,0.5,one_step,4,near,-0.09507668228260162,-0.09507668731200737,0,0.0,0.0,1,1,-1,44106.01727540756
1.1,one_step,0.5,one_step,4,independent,0.7531529013895134,0.1927878237559834,0,0.0,0.0,1,1,-1,488658.2940909011
1.1,uncoupled,0.0,unstable,5,near,-0.2708050743227995,-0.27080507935220527,0,67320.2291864304,1.9999999565536302,0,-1,20,414974.15493262996
1.1,uncoupled,0.0,unstable,5,independent,0.08657076314360858,0.03510510150725058,0,4822.17274356592,1.9999999949554983,0,-1,1,58302.15700806709
1.1,q-1.0,0.4190126111476618,stable,5,near,-0.2708050743227995,-0.27080507935220527,0,0.0,0.0,1,16,-1,303659.83136455494
1.1,q-1.0,0.4190126111476618,stable,5,independent,0.08657076314360858,0.03510510150725058,0,0.0,0.0,1,21,1,341068.7873062332
1.1,q-0.25,0.33972173790715965,stable,5,near,-0.2708050743227995,-0.27080507935220527,0,0.0,0.0,1,65,-1,93683.89762077603
1.1,q-0.25,0.33972173790715965,stable,5,independent,0.08657076314360858,0.03510510150725058,0,0.0,0.0,1,124,1,97416.1009582507
1.1,q0.0,0.2987695489589881,neutral,5,near,-0.2708050743227995,-0.27080507935220527,0,0.0,0.0,1,436,207,67305.60631460261
1.1,q0.0,0.2987695489589881,neutral,5,independent,0.08657076314360858,0.03510510150725058,0,0.0,0.0,1,75,1,47135.01864101643
1.1,q0.25,0.24735379646983366,unstable,5,near,-0.2708050743227995,-0.27080507935220527,0,0.0,0.0,1,9524,37,16317.179145435355
1.1,q0.25,0.24735379646983366,unstable,5,independent,0.08657076314360858,0.03510510150725058,0,0.0,0.0,1,1510,1,120397.59797663847
1.1,q0.75,0.10175445300727688,unstable,5,near,-0.2708050743227995,-0.27080507935220527,0,31852.862221810745,1.9999999091019591,0,-1,24,22789.097692779465
1.1,q0.75,0.10175445300727688,unstable,5,independent,0.08657076314360858,0.03510510150725058,0,24838.170038502394,1.9999998940277237,0,-1,1,62785.554252939
1.1,one_step,0.5,one_step,5,near,-0.2708050743227995,-0.27080507935220527,0,0.0,0.0,1,1,-1,101607.89609317937
1.1,one_step,0.5,one_step,5,independent,0.08657076314360858,0.03510510150725058,0,0.0,0.0,1,1,-1,22376.22280116235
1.1,uncoupled,0.0,unstable,6,near,-0.6591608000269605,-0.6591608050563663,0,219391.96544404374,1.999999994510124,0,-1,12,641991.0475623817
1.1,uncoupled,0.0,unstable,6,independent,0.8310887915027582,-0.9088564485699255,0,30390.1023237371,1.999999998650815,0,-1,1,44805.257140959104
1.1,q-1.0,0.4190126111476618,stable,6,near,-0.6591608000269605,-0.6591608050563663,0,0.0,0.0,1,29,-1,111462.64180654616
1.1,q-1.0,0.4190126111476618,stable,6,independent,0.8310887915027582,-0.9088564485699255,0,0.0,0.0,1,32,1,74081.72584163486
1.1,q-0.25,0.33972173790715965,stable,6,near,-0.6591608000269605,-0.6591608050563663,0,0.0,0.0,1,216,-1,14624.931660099879
1.1,q-0.25,0.33972173790715965,stable,6,independent,0.8310887915027582,-0.9088564485699255,0,0.0,0.0,1,72,1,38406.79474880336
1.1,q0.0,0.2987695489589881,neutral,6,near,-0.6591608000269605,-0.6591608050563663,0,0.0,0.0,1,246,52,173006.61906618963
1.1,q0.0,0.2987695489589881,neutral,6,independent,0.8310887915027582,-0.9088564485699255,0,0.0,0.0,1,99,1,25136.062274527532
1.1,q0.25,0.24735379646983366,unstable,6,near,-0.6591608000269605,-0.6591608050563663,0,0.0,0.0,1,864,24,111706.97137085702
1.1,q0.25,0.24735379646983366,unstable,6,independent,0.8310887915027582,-0.9088564485699255,0,0.0,0.0,1,7500,1,812474.723494808
1.1,q0.75,0.10175445300727688,unstable,6,near,-0.6591608000269605,-0.6591608050563663,0,39061.78396654326,1.9999998881720682,0,-1,17,496703.11775459273
1.1,q0.75,0.10175445300727688,unstable,6,independent,0.8310887915027582,-0.9088564485699255,0,24593.240900762252,1.9999999989863244,0,-1,1,96633.51644232028
1.1,one_step,0.5,one_step,6,near,-0.6591608000269605,-0.6591608050563663,0,0.0,0.0,1,1,-1,20528.77405991012
1.1,one_step,0.5,one_step,6,independent,0.8310887915027582,-0.9088564485699255,0,0.0,0.0,1,1,-1,127247.14265764365
1.1,uncoupled,0.0,unstable,7,near,-0.7154226024990262,-0.715422607528432,0,8274.132740610003,1.9999999698282782,0,-1,4,120418.67452737136
1.1,uncoupled,0.0,unstable,7,independent,-1.3097076124298,-0.31138348015304995,0,6858.50750716603,1.9999999305231553,0,-1,1,148835.08919341688
1.1,q-1.0,0.4190126111476618,stable,7,near,-0.7154226024990262,-0.715422607528432,0,0.0,0.0,1,27,-1,179117.7138426344
1.1,q-1.0,0.4190126111476618,stable,7,independent,-1.3097076124298,-0.31138348015304995,0,0.0,0.0,1,93,1,172503.211144807
1.1,q-0.25,0.33972173790715965,stable,7,near,-0.7154226024990262,-0.715422607528432,0,0.0,0.0,1,74,-1,17679.918735542225
1.1,q-0.25,0.33972173790715965,stable,7,independent,-1.3097076124298,-0.31138348015304995,0,0.0,0.0,1,88,1,61576.635704977685
1.1,q0.0,0.2987695489589881,neutral,7,near,-0.7154226024990262,-0.715422607528432,0,0.0,0.0,1,212,14,79082.76577485069
1.1,q0.0,0.2987695489589881,neutral,7,independent,-1.3097076124298,-0.31138348015304995,0,0.0,0.0,1,82,1,108019.75836919347
1.1,q0.25,0.24735379646983366,unstable,7,near,-0.7154226024990262,-0.715422607528432,0,0.0,0.0,1,425,13,48663.66778363634
1.1,q0.25,0.24735379646983366,unstable,7,independent,-1.3097076124298,-0.31138348015304995,0,0.0,0.0,1,245,1,95916.76626321353
1.1,q0.75,0.10175445300727688,unstable,7,near,-0.7154226024990262,-0.715422607528432,0,45955.554779484904,1.9999998233063654,0,-1,7,60258.9878593973
1.1,q0.75,0.10175445300727688,unstable,7,independent,-1.3097076124298,-0.31138348015304995,0,23843.420978976148,1.9999999934142854,0,-1,1,45241.92802773312
1.1,one_step,0.5,one_step,7,near,-0.7154226024990262,-0.715422607528432,0,0.0,0.0,1,1,-1,878420.1463132201
1.1,one_step,0.5,one_step,7,independent,-1.3097076124298,-0.31138348015304995,0,0.0,0.0,1,1,-1,12613.75839756063
1.1,uncoupled,0.0,unstable,8,near,-0.2991431165236544,-0.29914312155306017,0,21516.030057496122,1.9999999982490846,0,-1,12,61044.973550163544
1.1,uncoupled,0.0,unstable,8,independent,-0.4381802952369257,1.3489839950470641,0,44556.2330666755,1.9999999997633815,0,-1,1,132179.30144556737
1.1,q-1.0,0.4190126111476618,stable,8,near,-0.2991431165236544,-0.29914312155306017,0,0.0,0.0,1,40,-1,77310.61601408826
1.1,q-1.0,0.4190126111476618,stable,8,independent,-0.4381802952369257,1.3489839950470641,0,0.0,0.0,1,69,1,72547.21246138311
1.1,q-0.25,0.33972173790715965,stable,8,near,-0.2991431165236544,-0.29914312155306017,0,0.0,0.0,1,198,31,23725.7429364407
1.1,q-0.25,0.33972173790715965,stable,8,independent,-0.4381802952369257,1.3489839950470641,0,0.0,0.0,1,95,1,179723.23138201385
1.1,q0.0,0.2987695489589881,neutral,8,near,-0.2991431165236544,-0.29914312155306017,0,0.0,0.0,1,109,26,35774.96394728362
1.1,q0.0,0.2987695489589881,neutral,8,independent,-0.4381802952369257,1.3489839950470641,0,0.0,0.0,1,276,1,77562.23539800239
1.1,q0.25,0.24735379646983366,unstable,8,near,-0.2991431165236544,-0.29914312155306017,0,0.0,0.0,1,2829,20,122266.11500375957
1.1,q0.25,0.24735379646983366,unstable,8,independent,-0.4381802952369257,1.3489839950470641,0,0.0,0.0,1,2397,1,81197.7661998587
1.1,q0.75,0.10175445300727688,unstable,8,near,-0.2991431165236544,-0.29914312155306017,0,37819.801820135996,1.999999965058685,0,-1,14,1052921.749502895
1.1,q0.75,0.10175445300727688,unstable,8,independent,-0.4381802952369257,1.3489839950470641,0,11583.348039503879,1.9999999953143037,0,-1,1,127939.91183028738
1.1,one_step,0.5,one_step,8,near,-0.2991431165236544,-0.29914312155306017,0,0.0,0.0,1,1,-1,168002.7672933083
1.1,one_step,0.5,one_step,8,independent,-0.4381802952369257,1.3489839950470641,0,0.0,0.0,1,1,-1,108517.04653758815
1.1,uncoupled,0.0,unstable,9,near,0.1398716552241761,0.13987165019477038,0,41509.497223667924,1.9999999926415843,0,-1,20,730623.2725099196
1.1,uncoupled,0.0,unstable,9,independent,0.5350598938267489,1.9331525981829625,0,699059.9824698139,1.999999999839765,0,-1,1,351585.16995264194
1.1,q-1.0,0.4190126111476618,stable,9,near,0.1398716552241761,0.13987165019477038,0,0.0,0.0,1,12,-1,58887.31131266764
1.1,q-1.0,0.4190126111476618,stable,9,independent,0.5350598938267489,1.9331525981829625,0,0.0,0.0,1,39,1,57384.56134126369
1.1,q-0.25,0.33972173790715965,stable,9,near,0.1398716552241761,0.13987165019477038,0,0.0,0.0,1,32,-1,148095.79479236418
1.1,q-0.25,0.33972173790715965,stable,9,independent,0.5350598938267489,1.9331525981829625,0,0.0,0.0,1,508,1,310828.03490511485
1.1,q0.0,0.2987695489589881,neutral,9,near,0.1398716552241761,0.13987165019477038,0,0.0,0.0,1,88,-1,447977.96670853766
1.1,q0.0,0.2987695489589881,neutral,9,independent,0.5350598938267489,1.9331525981829625,0,0.0,0.0,1,87,1,10309.563306792928
1.1,q0.25,0.24735379646983366,unstable,9,near,0.1398716552241761,0.13987165019477038,0,0.0,0.0,1,1016,121,214007.51307596976
1.1,q0.25,0.24735379646983366,unstable,9,independent,0.5350598938267489,1.9331525981829625,0,0.0,0.0,1,5855,1,64342.08002831857
1.1,q0.75,0.10175445300727688,unstable,9,near,0.1398716552241761,0.13987165019477038,0,5930.111889013983,1.9999999776631916,0,-1,39,367465.17788658146
1.1,q0.75,0.10175445300727688,unstable,9,independent,0.5350598938267489,1.9331525981829625,0,10249.50517419193,1.9999999995715483,0,-1,1,167896.40295259724
1.1,one_step,0.5,one_step,9,near,0.1398716552241761,0.13987165019477038,0,0.0,0.0,1,1,-1,88592.03286634592
1.1,one_step,0.5,one_step,9,independent,0.5350598938267489,1.9331525981829625,0,0.0,0.0,1,1,-1,174714.51062820942
1.1,uncoupled,0.0,unstable,10,near,-0.6022806636720455,-0.6022806687014512,0,21618.638077470903,1.99999999405844,0,-1,13,122409.6291092166
1.1,uncoupled,0.0,unstable,10,independent,0.8900431829179619,-0.6663277944315258,0,15297.528344253085,1.9999999989371149,0,-1,1,278994.8700335569
1.1,q-1.0,0.4190126111476618,stable,10,near,-0.6022806636720455,-0.6022806687014512,0,0.0,0.0,1,22,-1,59430.57727011293
1.1,q-1.0,0.4190126111476618,stable,10,independent,0.8900431829179619,-0.6663277944315258,0,0.0,0.0,1,60,1,578254.977146973
1.1,q-0.25,0.33972173790715965,stable,10,near,-0.6022806636720455,-0.6022806687014512,0,0.0,0.0,1,104,-1,15527.82091431171
1.1,q-0.25,0.33972173790715965,stable,10,independent,0.8900431829179619,-0.6663277944315258,0,0.0,0.0,1,71,1,37565.77739268528
1.1,q0.0,0.2987695489589881,neutral,10,near,-0.6022806636720455,-0.6022806687014512,0,0.0,0.0,1,107,-1,93484.92391208038
1.1,q0.0,0.2987695489589881,neutral,10,independent,0.8900431829179619,-0.6663277944315258,0,0.0,0.0,1,524,1,152213.87515964903
1.1,q0.25,0.24735379646983366,unstable,10,near,-0.6022806636720455,-0.6022806687014512,0,0.0,0.0,1,2862,39,67467.45673868952
1.1,q0.25,0.24735379646983366,unstable,10,independent,0.8900431829179619,-0.6663277944315258,0,0.0,0.0,1,2484,1,24496.774270607166
1.1,q0.75,0.10175445300727688,unstable,10,near,-0.6022806636720455,-0.6022806687014512,0,17420.471916516,1.9999999917017373,0,-1,14,76543.84935091657
1.1,q0.75,0.10175445300727688,unstable,10,independent,0.8900431829179619,-0.6663277944315258,0,9889.352786282587,1.9999994654824453,0,-1,1,485180.1746230309
1.1,one_step,0.5,one_step,10,near,-0.6022806636720455,-0.6022806687014512,0,0.0,0.0,1,1,-1,316434.46431417635
1.1,one_step,0.5,one_step,10,independent,0.8900431829179619,-0.6663277944315258,0,0.0,0.0,1,1,-1,68723.71088099435
1.1,uncoupled,0.0,unstable,11,near,-3.2475293630262243,-3.2475293680556296,0,87866.44725956686,1.9999999927788805,0,-1,18,343276.52189786115
1.1,uncoupled,0.0,unstable,11,independent,0.10619325562016775,-0.33624717523423614,0,16068.547325831845,1.9999999905899277,0,-1,1,301416.4092239752
1.1,q-1.0,0.4190126111476618,stable,11,near,-3.2475293630262243,-3.2475293680556296,0,0.0,0.0,1,18,-1,416480.16567462264
1.1,q-1.0,0.4190126111476618,stable,11,independent,0.10619325562016775,-0.33624717523423614,0,0.0,0.0,1,35,1,36763.21359319713
1.1,q-0.25,0.33972173790715965,stable,11,near,-3.2475293630262243,-3.2475293680556296,0,0.0,0.0,1,135,39,31925.417438193574
1.1,q-0.25,0.33972173790715965,stable,11,independent,0.10619325562016775,-0.33624717523423614,0,0.0,0.0,1,106,1,15595.325545600843
1.1,q0.0,0.2987695489589881,neutral,11,near,-3.2475293630262243,-3.2475293680556296,0,0.0,0.0,1,80,-1,131103.869860982
1.1,q0.0,0.2987695489589881,neutral,11,independent,0.10619325562016775,-0.33624717523423614,0,0.0,0.0,1,267,1,179092.88643712332
1.1,q0.25,0.24735379646983366,unstable,11,near,-3.2475293630262243,-3.2475293680556296,0,0.0,0.0,1,484,34,47210.653720668095
1.1,q0.25,0.24735379646983366,unstable,11,independent,0.10619325562016775,-0.33624717523423614,0,0.0,0.0,1,2121,1,17228.677305421472
1.1,q0.75,0.10175445300727688,unstable,11,near,-3.2475293630262243,-3.2475293680556296,0,730399.892239865,1.999999977794714,0,-1,24,414275.3207970716
1.1,q0.75,0.10175445300727688,unstable,11,independent,0.10619325562016775,-0.33624717523423614,0,14411.335582655463,1.999999998480286,0,-1,1,80230.7520621069
1.1,one_step,0.5,one_step,11,near,-3.2475293630262243,-3.2475293680556296,0,0.0,0.0,1,1,-1,28389.00120317115
1.1,one_step,0.5,one_step,11,independent,0.10619325562016775,-0.33624717523423614,0,0.0,0.0,1,1,-1,113973.63583967366
1.1,uncoupled,0.0,unstable,12,near,1.04764967680515,1.0476496717757442,0,10336.271684474701,1.9999999931286585,0,-1,10,76822.17653176175
1.1,uncoupled,0.0,unstable,12,independent,2.6333752731367945,-2.691369936173782,0,47024.73501137295,1.9999999980958567,0,-1,1,110897.33921185581
1.1,q-1.0,0.4190126111476618,stable,12,near,1.04764967680515,1.0476496717757442,0,0.0,0.0,1,34,-1,94038.17874423089
1.1,q-1.0,0.4190126111476618,stable,12,independent,2.6333752731367945,-2.691369936173782,0,0.0,0.0,1,24,1,176073.8053855495
1.1,q-0.25,0.33972173790715965,stable,12,near,1.04764967680515,1.0476496717757442,0,0.0,0.0,1,107,-1,36096.951365843335
1.1,q-0.25,0.33972173790715965,stable,12,independent,2.6333752731367945,-2.691369936173782,0,0.0,0.0,1,63,1,121056.16042404297
1.1,q0.0,0.2987695489589881,neutral,12,near,1.04764967680515,1.0476496717757442,0,0.0,0.0,1,126,19,24649.140877485595
1.1,q0.0,0.2987695489589881,neutral,12,independent,2.6333752731367945,-2.691369936173782,0,0.0,0.0,1,134,1,124255.46399683371
1.1,q0.25,0.24735379646983366,unstable,12,near,1.04764967680515,1.0476496717757442,0,0.0,0.0,1,4014,15,101687.91752030118
1.1,q0.25,0.24735379646983366,unstable,12,independent,2.6333752731367945,-2.691369936173782,0,0.0,0.0,1,4727,1,325635.7072894455
1.1,q0.75,0.10175445300727688,unstable,12,near,1.04764967680515,1.0476496717757442,0,18876.736065918074,1.999999990005891,0,-1,11,928329.9685334871
1.1,q0.75,0.10175445300727688,unstable,12,independent,2.6333752731367945,-2.691369936173782,0,12711.211817206591,1.9999994951356992,0,-1,1,130392.34951638065
1.1,one_step,0.5,one_step,12,near,1.04764967680515,1.0476496717757442,0,0.0,0.0,1,1,-1,20419.798834759153
1.1,one_step,0.5,one_step,12,independent,2.6333752731367945,-2.691369936173782,0,0.0,0.0,1,1,-1,41282.25350790878
1.1,uncoupled,0.0,unstable,13,near,0.6204614496533163,0.6204614446239105,0,39469.9396210048,1.9999999999963876,0,-1,7,202047.71100081896
1.1,uncoupled,0.0,unstable,13,independent,-0.586919460514914,0.2992635201469558,0,37999.123227825345,1.9999999992584472,0,-1,1,42239.883305486044
1.1,q-1.0,0.4190126111476618,stable,13,near,0.6204614496533163,0.6204614446239105,0,0.0,0.0,1,34,-1,84077.51714616973
1.1,q-1.0,0.4190126111476618,stable,13,independent,-0.586919460514914,0.2992635201469558,0,0.0,0.0,1,26,1,212640.66972937388
1.1,q-0.25,0.33972173790715965,stable,13,near,0.6204614496533163,0.6204614446239105,0,0.0,0.0,1,146,35,236292.11378569476
1.1,q-0.25,0.33972173790715965,stable,13,independent,-0.586919460514914,0.2992635201469558,0,0.0,0.0,1,271,1,174188.79059021518
1.1,q0.0,0.2987695489589881,neutral,13,near,0.6204614496533163,0.6204614446239105,0,0.0,0.0,1,154,11,38326.274908827254
1.1,q0.0,0.2987695489589881,neutral,13,independent,-0.586919460514914,0.2992635201469558,0,0.0,0.0,1,140,1,126020.94789418898
1.1,q0.25,0.24735379646983366,unstable,13,near,0.6204614496533163,0.6204614446239105,0,0.0,0.0,1,2721,9,52996.29958719451
1.1,q0.25,0.24735379646983366,unstable,13,independent,-0.586919460514914,0.2992635201469558,0,0.0,0.0,1,2177,1,78698.10335201405
1.1,q0.75,0.10175445300727688,unstable,13,near,0.6204614496533163,0.6204614446239105,0,20689.972798667375,1.9999999988725692,0,-1,8,161133.66958756582
1.1,q0.75,0.10175445300727688,unstable,13,independent,-0.586919460514914,0.2992635201469558,0,420055.76557932765,1.9999999582868864,0,-1,1,238253.5038780422
1.1,one_step,0.5,one_step,13,near,0.6204614496533163,0.6204614446239105,0,0.0,0.0,1,1,-1,328160.82173671963
1.1,one_step,0.5,one_step,13,independent,-0.586919460514914,0.2992635201469558,0,0.0,0.0,1,1,-1,79071.75208134242
1.1,uncoupled,0.0,unstable,14,near,1.7227940096938434,1.7227940046644377,0,39958.32392106168,1.999999998844032,0,-1,19,45993.52236530182
1.1,uncoupled,0.0,unstable,14,independent,0.054632482933341976,0.0693012544772187,0,9865.022013901873,1.9999999999906233,0,-1,1,46075.13060258387
1.1,q-1.0,0.4190126111476618,stable,14,near,1.7227940096938434,1.7227940046644377,0,0.0,0.0,1,13,-1,109068.99517949321
1.1,q-1.0,0.4190126111476618,stable,14,independent,0.054632482933341976,0.0693012544772187,0,0.0,0.0,1,25,-1,184446.85139466723
1.1,q-0.25,0.33972173790715965,stable,14,near,1.7227940096938434,1.7227940046644377,0,0.0,0.0,1,47,-1,667500.7154036443
1.1,q-0.25,0.33972173790715965,stable,14,independent,0.054632482933341976,0.0693012544772187,0,0.0,0.0,1,64,1,561847.3451228907
1.1,q0.0,0.2987695489589881,neutral,14,near,1.7227940096938434,1.7227940046644377,0,0.0,0.0,1,143,-1,86028.30227901902
1.1,q0.0,0.2987695489589881,neutral,14,independent,0.054632482933341976,0.0693012544772187,0,0.0,0.0,1,132,1,157456.03076629248
1.1,q0.25,0.24735379646983366,unstable,14,near,1.7227940096938434,1.7227940046644377,0,0.0,0.0,1,990,93,67481.95277348651
1.1,q0.25,0.24735379646983366,unstable,14,independent,0.054632482933341976,0.0693012544772187,0,0.0,0.0,1,804,1,60338.202516458
1.1,q0.75,0.10175445300727688,unstable,14,near,1.7227940096938434,1.7227940046644377,0,21729.17916620639,1.9999999433615017,0,-1,27,2293723.533992833
1.1,q0.75,0.10175445300727688,unstable,14,independent,0.054632482933341976,0.0693012544772187,0,11590.025474611102,1.9999998650716428,0,-1,1,6042924.939809363
1.1,one_step,0.5,one_step,14,near,1.7227940096938434,1.7227940046644377,0,0.0,0.0,1,1,-1,1898079.0599175862
1.1,one_step,0.5,one_step,14,independent,0.054632482933341976,0.0693012544772187,0,0.0,0.0,1,1,-1,126995.09907028251
1.1,uncoupled,0.0,unstable,15,near,9.589495417604155,9.589495412574749,0,51256.856718086994,1.9999999988220778,0,-1,29,54232.38268852884
1.1,uncoupled,0.0,unstable,15,independent,1.2272957949957068,1.7179758924772701,0,20150.05679477916,1.999999999554634,0,-1,1,83421.31318061618
1.1,q-1.0,0.4190126111476618,stable,15,near,9.589495417604155,9.589495412574749,0,0.0,0.0,1,16,-1,48990.15691799783
1.1,q-1.0,0.4190126111476618,stable,15,independent,1.2272957949957068,1.7179758924772701,0,0.0,0.0,1,47,1,295589.2994333911
1.1,q-0.25,0.33972173790715965,stable,15,near,9.589495417604155,9.589495412574749,0,0.0,0.0,1,30,-1,487876.80951581296
1.1,q-0.25,0.33972173790715965,stable,15,independent,1.2272957949957068,1.7179758924772701,0,0.0,0.0,1,58,1,67186.79539806649
1.1,q0.0,0.2987695489589881,neutral,15,near,9.589495417604155,9.589495412574749,0,0.0,0.0,1,82,-1,58485.76809199921
1.1,q0.0,0.2987695489589881,neutral,15,independent,1.2272957949957068,1.7179758924772701,0,0.0,0.0,1,375,1,857671.1453597526
1.1,q0.25,0.24735379646983366,unstable,15,near,9.589495417604155,9.589495412574749,0,0.0,0.0,1,392,118,61571.83735361643
1.1,q0.25,0.24735379646983366,unstable,15,independent,1.2272957949957068,1.7179758924772701,0,0.0,0.0,1,161,1,44304.573769938754
1.1,q0.75,0.10175445300727688,unstable,15,near,9.589495417604155,9.589495412574749,0,17773.2718614456,1.999999999998534,0,-1,39,33774.64465059966
1.1,q0.75,0.10175445300727688,unstable,15,independent,1.2272957949957068,1.7179758924772701,0,142410.3451480651,1.9999993480598128,0,-1,1,3682683.0888773333
1.1,one_step,0.5,one_step,15,near,9.589495417604155,9.589495412574749,0,0.0,0.0,1,1,-1,21193.153791512646
1.1,one_step,0.5,one_step,15,independent,1.2272957949957068,1.7179758924772701,0,0.0,0.0,1,1,-1,142564.65649683334
1.1,uncoupled,0.0,unstable,16,near,1.6728696339056712,1.6728696288762654,0,50767.072510597485,1.9999999953285477,0,-1,54,257699.74283387823
1.1,uncoupled,0.0,unstable,16,independent,-0.7354233554842808,0.545588195834966,0,511550.21346831525,1.999999999983797,0,-1,1,257280.27914673963
1.1,q-1.0,0.4190126111476618,stable,16,near,1.6728696339056712,1.6728696288762654,0,0.0,0.0,1,16,-1,17961.186020388537
1.1,q-1.0,0.4190126111476618,stable,16,independent,-0.7354233554842808,0.545588195834966,0,0.0,0.0,1,34,1,86507.95327064762
1.1,q-0.25,0.33972173790715965,stable,16,near,1.6728696339056712,1.6728696288762654,0,0.0,0.0,1,26,-1,197824.24726081587
1.1,q-0.25,0.33972173790715965,stable,16,independent,-0.7354233554842808,0.545588195834966,0,0.0,0.0,1,143,1,184907.96885234377
1.1,q0.0,0.2987695489589881,neutral,16,near,1.6728696339056712,1.6728696288762654,0,0.0,0.0,1,33,-1,269838.10566855205
1.1,q0.0,0.2987695489589881,neutral,16,independent,-0.7354233554842808,0.545588195834966,0,0.0,0.0,1,168,1,62757.49975856992
1.1,q0.25,0.24735379646983366,unstable,16,near,1.6728696339056712,1.6728696288762654,0,0.0,0.0,1,46,-1,40411.48811240036
1.1,q0.25,0.24735379646983366,unstable,16,independent,-0.7354233554842808,0.545588195834966,0,0.0,0.0,1,5995,1,227019.21364201585
1.1,q0.75,0.10175445300727688,unstable,16,near,1.6728696339056712,1.6728696288762654,0,6922.507397952377,1.9999999179794112,0,-1,67,532955.3699967475
1.1,q0.75,0.10175445300727688,unstable,16,independent,-0.7354233554842808,0.545588195834966,0,69104.66825197237,1.9999999467143343,0,-1,1,152920.78484623117
1.1,one_step,0.5,one_step,16,near,1.6728696339056712,1.6728696288762654,0,0.0,0.0,1,1,-1,302731.1275816005
1.1,one_step,0.5,one_step,16,independent,-0.7354233554842808,0.545588195834966,0,0.0,0.0,1,1,-1,48905.1532988619
1.1,uncoupled,0.0,unstable,17,near,0.5302660055174555,0.5302660004880497,0,93154.50874039906,1.9999999687046257,0,-1,7,511699.4515128518
1.1,uncoupled,0.0,unstable,17,independent,0.31096464441901484,-0.504848348564232,0,99236.84292516121,1.9999999865011213,0,-1,1,1702777.0360068425
1.1,q-1.0,0.4190126111476618,stable,17,near,0.5302660055174555,0.5302660004880497,0,0.0,0.0,1,26,-1,31937.961563936908
1.1,q-1.0,0.4190126111476618,stable,17,independent,0.31096464441901484,-0.504848348564232,0,0.0,0.0,1,56,1,60757.84029469796
1.1,q-0.25,0.33972173790715965,stable,17,near,0.5302660055174555,0.5302660004880497,0,0.0,0.0,1,50,-1,270771.9367670764
1.1,q-0.25,0.33972173790715965,stable,17,independent,0.31096464441901484,-0.504848348564232,0,0.0,0.0,1,82,1,14212.974568012969
1.1,q0.0,0.2987695489589881,neutral,17,near,0.5302660055174555,0.5302660004880497,0,0.0,0.0,1,238,-1,121779.32449047604
1.1,q0.0,0.2987695489589881,neutral,17,independent,0.31096464441901484,-0.504848348564232,0,0.0,0.0,1,161,1,77910.29431298004
1.1,q0.25,0.24735379646983366,unstable,17,near,0.5302660055174555,0.5302660004880497,0,0.0,0.0,1,2085,37,60454.82511566559
1.1,q0.25,0.24735379646983366,unstable,17,independent,0.31096464441901484,-0.504848348564232,0,0.0,0.0,1,1087,1,2760874.957841513
1.1,q0.75,0.10175445300727688,unstable,17,near,0.5302660055174555,0.5302660004880497,0,21975.017506591423,1.9999999633139998,0,-1,17,132899.50120150333
1.1,q0.75,0.10175445300727688,unstable,17,independent,0.31096464441901484,-0.504848348564232,0,215199.31849644298,1.99999999347933,0,-1,1,122058.09183797115
1.1,one_step,0.5,one_step,17,near,0.5302660055174555,0.5302660004880497,0,0.0,0.0,1,1,-1,90195.87127792447
1.1,one_step,0.5,one_step,17,independent,0.31096464441901484,-0.504848348564232,0,0.0,0.0,1,1,-1,39808.63837792731
1.1,uncoupled,0.0,unstable,18,near,0.027513217992131658,0.02751321296272591,0,116457.30042161536,1.9999999994698137,0,-1,38,119929108.62615761
1.1,uncoupled,0.0,unstable,18,independent,-0.10464817959801617,0.4395921362094252,0,23198.340320558542,1.9999999999676845,0,-1,1,7775605.7454599505
1.1,q-1.0,0.4190126111476618,stable,18,near,0.027513217992131658,0.02751321296272591,0,0.0,0.0,1,13,-1,206692.50536821748
1.1,q-1.0,0.4190126111476618,stable,18,independent,-0.10464817959801617,0.4395921362094252,0,0.0,0.0,1,47,1,199891.99465654482
1.1,q-0.25,0.33972173790715965,stable,18,near,0.027513217992131658,0.02751321296272591,0,0.0,0.0,1,25,-1,199006.87823380483
1.1,q-0.25,0.33972173790715965,stable,18,independent,-0.10464817959801617,0.4395921362094252,0,0.0,0.0,1,60,1,151664.58278965118
1.1,q0.0,0.2987695489589881,neutral,18,near,0.027513217992131658,0.02751321296272591,0,0.0,0.0,1,23,-1,100413.37316044231
1.1,q0.0,0.2987695489589881,neutral,18,independent,-0.10464817959801617,0.4395921362094252,0,0.0,0.0,1,78,1,633978.2775287159
1.1,q0.25,0.24735379646983366,unstable,18,near,0.027513217992131658,0.02751321296272591,0,0.0,0.0,1,1444,87,121001.30751766119
1.1,q0.25,0.24735379646983366,unstable,18,independent,-0.10464817959801617,0.4395921362094252,0,0.0,0.0,1,190,1,144986.70576810418
1.1,q0.75,0.10175445300727688,unstable,18,near,0.027513217992131658,0.02751321296272591,0,19876.671122575317,1.9999998513635315,0,-1,46,156325.14219479318
1.1,q0.75,0.10175445300727688,unstable,18,independent,-0.10464817959801617,0.4395921362094252,0,19695.43103404467,1.9999999752266007,0,-1,1,455439.89029285894
1.1,one_step,0.5,one_step,18,near,0.027513217992131658,0.02751321296272591,0,0.0,0.0,1,1,-1,102810.612675593
1.1,one_step,0.5,one_step,18,independent,-0.10464817959801617,0.4395921362094252,0,0.0,0.0,1,1,-1,16774.880473338566
1.1,uncoupled,0.0,unstable,19,near,0.5241549683426697,0.5241549633132639,0,17037.86648387492,1.9999999915785114,0,-1,16,203440.82634423696
1.1,uncoupled,0.0,unstable,19,independent,-0.5267159857056953,-0.056331339317085075,0,99331.21305129975,1.9999999979702396,0,-1,1,227351.379996016
1.1,q-1.0,0.4190126111476618,stable,19,near,0.5241549683426697,0.5241549633132639,0,0.0,0.0,1,22,-1,29703.7802643552
1.1,q-1.0,0.4190126111476618,stable,19,independent,-0.5267159857056953,-0.056331339317085075,0,0.0,0.0,1,46,1,697250.266914399
1.1,q-0.25,0.33972173790715965,stable,19,near,0.5241549683426697,0.5241549633132639,0,0.0,0.0,1,64,-1,218560.38258104975
1.1,q-0.25,0.33972173790715965,stable,19,independent,-0.5267159857056953,-0.056331339317085075,0,0.0,0.0,1,290,1,78488.29777923213
1.1,q0.0,0.2987695489589881,neutral,19,near,0.5241549683426697,0.5241549633132639,0,0.0,0.0,1,1030,36,27839.637240880733
1.1,q0.0,0.2987695489589881,neutral,19,independent,-0.5267159857056953,-0.056331339317085075,0,0.0,0.0,1,141,1,57313.0525116277
1.1,q0.25,0.24735379646983366,unstable,19,near,0.5241549683426697,0.5241549633132639,0,0.0,0.0,1,455,25,85463.78110096442
1.1,q0.25,0.24735379646983366,unstable,19,independent,-0.5267159857056953,-0.056331339317085075,0,0.0,0.0,1,1075,1,1237847.234129716
1.1,q0.75,0.10175445300727688,unstable,19,near,0.5241549683426697,0.5241549633132639,0,46597.747737407786,1.9999999982418795,0,-1,18,46372.62694090326
1.1,q0.75,0.10175445300727688,unstable,19,independent,-0.5267159857056953,-0.056331339317085075,0,25300.162104113453,1.9999999582408652,0,-1,1,27992.84493692239
1.1,one_step,0.5,one_step,19,near,0.5241549683426697,0.5241549633132639,0,0.0,0.0,1,1,-1,97561.29812834
1.1,one_step,0.5,one_step,19,independent,-0.5267159857056953,-0.056331339317085075,0,0.0,0.0,1,1,-1,40423.91164011091
1.1,uncoupled,0.0,unstable,20,near,9.886729831027415,9.886729825998009,0,1113915.8561332172,1.9999999991653474,0,-1,9,560235.1969219517
1.1,uncoupled,0.0,unstable,20,independent,-0.8782250184218965,-1.6896413347638841,0,38823.98300987034,1.9999999276150529,0,-1,1,328383.3970390761
1.1,q-1.0,0.4190126111476618,stable,20,near,9.886729831027415,9.886729825998009,0,0.0,0.0,1,20,-1,53683.845070252006
1.1,q-1.0,0.4190126111476618,stable,20,independent,-0.8782250184218965,-1.6896413347638841,0,0.0,0.0,1,48,1,213624.9403844463
1.1,q-0.25,0.33972173790715965,stable,20,near,9.886729831027415,9.886729825998009,0,0.0,0.0,1,79,-1,351230.7570114656
1.1,q-0.25,0.33972173790715965,stable,20,independent,-0.8782250184218965,-1.6896413347638841,0,0.0,0.0,1,138,1,2193764.2764497874
1.1,q0.0,0.2987695489589881,neutral,20,near,9.886729831027415,9.886729825998009,0,0.0,0.0,1,302,-1,17909.678055606117
1.1,q0.0,0.2987695489589881,neutral,20,independent,-0.8782250184218965,-1.6896413347638841,0,0.0,0.0,1,166,1,1140336.11454922
1.1,q0.25,0.24735379646983366,unstable,20,near,9.886729831027415,9.886729825998009,0,0.0,0.0,1,267,37,168708.61266489347
1.1,q0.25,0.24735379646983366,unstable,20,independent,-0.8782250184218965,-1.6896413347638841,0,0.0,0.0,1,642,1,33932.3260945256
1.1,q0.75,0.10175445300727688,unstable,20,near,9.886729831027415,9.886729825998009,0,215369.14970848756,1.9999999525600205,0,-1,10,122161.432649903
1.1,q0.75,0.10175445300727688,unstable,20,independent,-0.8782250184218965,-1.6896413347638841,0,282697.6233705828,1.9999998043053122,0,-1,1,160343.57906478655
1.1,one_step,0.5,one_step,20,near,9.886729831027415,9.886729825998009,0,0.0,0.0,1,1,-1,252213.00829720616
1.1,one_step,0.5,one_step,20,independent,-0.8782250184218965,-1.6896413347638841,0,0.0,0.0,1,1,-1,24372.47455930022
1.1,uncoupled,0.0,unstable,21,near,0.95581106559736,0.9558110605679542,0,579270.4890367234,1.9999999998125229,0,-1,21,291338.54544243234
1.1,uncoupled,0.0,unstable,21,independent,-1.8679639529438092,-0.7257829202626911,0,26441.202309986966,1.999999999996074,0,-1,1,244246.167770625
1.1,q-1.0,0.4190126111476618,stable,21,near,0.95581106559736,0.9558110605679542,0,0.0,0.0,1,14,-1,61788.573472413256
1.1,q-1.0,0.4190126111476618,stable,21,independent,-1.8679639529438092,-0.7257829202626911,0,0.0,0.0,1,35,1,172740.45906808093
1.1,q-0.25,0.33972173790715965,stable,21,near,0.95581106559736,0.9558110605679542,0,0.0,0.0,1,151,86,950425.1738279226
1.1,q-0.25,0.33972173790715965,stable,21,independent,-1.8679639529438092,-0.7257829202626911,0,0.0,0.0,1,218,1,232888.7893933236
1.1,q0.0,0.2987695489589881,neutral,21,near,0.95581106559736,0.9558110605679542,0,0.0,0.0,1,121,32,13398.576176445138
1.1,q0.0,0.2987695489589881,neutral,21,independent,-1.8679639529438092,-0.7257829202626911,0,0.0,0.0,1,189,1,38071.40492281603
1.1,q0.25,0.24735379646983366,unstable,21,near,0.95581106559736,0.9558110605679542,0,0.0,0.0,1,987,28,2617291.226162351
1.1,q0.25,0.24735379646983366,unstable,21,independent,-1.8679639529438092,-0.7257829202626911,0,0.0,0.0,1,2448,1,167575.14615515515
1.1,q0.75,0.10175445300727688,unstable,21,near,0.95581106559736,0.9558110605679542,0,11891.851420836469,1.9999997673539553,0,-1,25,107356.77715624386
1.1,q0.75,0.10175445300727688,unstable,21,independent,-1.8679639529438092,-0.7257829202626911,0,86504.30928962184,1.9999999988142618,0,-1,1,150038.61678979485
1.1,one_step,0.5,one_step,21,near,0.95581106559736,0.9558110605679542,0,0.0,0.0,1,1,-1,303749.5607675495
1.1,one_step,0.5,one_step,21,independent,-1.8679639529438092,-0.7257829202626911,0,0.0,0.0,1,1,-1,59648.67179267201
1.1,uncoupled,0.0,unstable,22,near,-0.19377650408898972,-0.19377650911839545,0,1149572.2166202618,1.9999999885688213,0,-1,39,578167.1998812625
1.1,uncoupled,0.0,unstable,22,independent,-0.8503049283779844,0.7405700713195049,0,38462.386013642266,1.9999999993848416,0,-1,1,282915.5437978558
1.1,q-1.0,0.4190126111476618,stable,22,near,-0.19377650408898972,-0.19377650911839545,0,0.0,0.0,1,16,-1,749750.7630921865
1.1,q-1.0,0.4190126111476618,stable,22,independent,-0.8503049283779844,0.7405700713195049,0,0.0,0.0,1,33,1,38192.78256975681
1.1,q-0.25,0.33972173790715965,stable,22,near,-0.19377650408898972,-0.19377650911839545,0,0.0,0.0,1,23,-1,5282415.515644991
1.1,q-0.25,0.33972173790715965,stable,22,independent,-0.8503049283779844,0.7405700713195049,0,0.0,0.0,1,195,1,150818.20306068187
1.1,q0.0,0.2987695489589881,neutral,22,near,-0.19377650408898972,-0.19377650911839545,0,0.0,0.0,1,30,-1,45733.486851043024
1.1,q0.0,0.2987695489589881,neutral,22,independent,-0.8503049283779844,0.7405700713195049,0,0.0,0.0,1,481,1,50503.75262810847
1.1,q0.25,0.24735379646983366,unstable,22,near,-0.19377650408898972,-0.19377650911839545,0,0.0,0.0,1,579,148,317839.7684130379
1.1,q0.25,0.24735379646983366,unstable,22,independent,-0.8503049283779844,0.7405700713195049,0,0.0,0.0,1,655,1,211309.48314689228
1.1,q0.75,0.10175445300727688,unstable,22,near,-0.19377650408898972,-0.19377650911839545,0,40323.967310018,1.9999999973249316,0,-1,60,504011.8064362693
1.1,q0.75,0.10175445300727688,unstable,22,independent,-0.8503049283779844,0.7405700713195049,0,16027.660344715501,1.9999999984913475,0,-1,1,17016.75605487597
1.1,one_step,0.5,one_step,22,near,-0.19377650408898972,-0.19377650911839545,0,0.0,0.0,1,1,-1,23248.01253148035
1.1,one_step,0.5,one_step,22,independent,-0.8503049283779844,0.7405700713195049,0,0.0,0.0,1,1,-1,210332.3590877187
1.1,uncoupled,0.0,unstable,23,near,-3.0428442577557684,-3.0428442627851737,0,25914.97041208096,1.9999999999458937,0,-1,21,118075.11481711871
1.1,uncoupled,0.0,unstable,23,independent,0.4956361381732429,-3.5185779837895894,0,137256.8161882014,1.9999999963315491,0,-1,1,101197.19155165086
1.1,q-1.0,0.4190126111476618,stable,23,near,-3.0428442577557684,-3.0428442627851737,0,0.0,0.0,1,17,-1,96967.53636104142
1.1,q-1.0,0.4190126111476618,stable,23,independent,0.4956361381732429,-3.5185779837895894,0,0.0,0.0,1,46,1,19040.744089365846
1.1,q-0.25,0.33972173790715965,stable,23,near,-3.0428442577557684,-3.0428442627851737,0,0.0,0.0,1,39,-1,20587.002912030475
1.1,q-0.25,0.33972173790715965,stable,23,independent,0.4956361381732429,-3.5185779837895894,0,0.0,0.0,1,90,1,1551325.7087685883
1.1,q0.0,0.2987695489589881,neutral,23,near,-3.0428442577557684,-3.0428442627851737,0,0.0,0.0,1,49,-1,42636.96985043174
1.1,q0.0,0.2987695489589881,neutral,23,independent,0.4956361381732429,-3.5185779837895894,0,0.0,0.0,1,103,1,33280.247735183606
1.1,q0.25,0.24735379646983366,unstable,23,near,-3.0428442577557684,-3.0428442627851737,0,0.0,0.0,1,1203,313,363185.62803169905
1.1,q0.25,0.24735379646983366,unstable,23,independent,0.4956361381732429,-3.5185779837895894,0,0.0,0.0,1,837,1,19105.83582207991
1.1,q0.75,0.10175445300727688,unstable,23,near,-3.0428442577557684,-3.0428442627851737,0,68311.49415911935,1.9999999900154113,0,-1,26,65914.48599321496
1.1,q0.75,0.10175445300727688,unstable,23,independent,0.4956361381732429,-3.5185779837895894,0,6770.507331838055,1.9999999985085215,0,-1,1,11479.158546972652
1.1,one_step,0.5,one_step,23,near,-3.0428442577557684,-3.0428442627851737,0,0.0,0.0,1,1,-1,37850.611506675996
1.1,one_step,0.5,one_step,23,independent,0.4956361381732429,-3.5185779837895894,0,0.0,0.0,1,1,-1,28572.921404610854
1.1,uncoupled,0.0,unstable,24,near,1.257085663500085,1.2570856584706793,0,35988.55418273987,1.9999999965999296,0,-1,12,120739.14980752263
1.1,uncoupled,0.0,unstable,24,independent,-1.3511880106105274,-0.6593793748994927,0,23829.236893809717,1.9999999984756698,0,-1,1,8341947.644797975
1.1,q-1.0,0.4190126111476618,stable,24,near,1.257085663500085,1.2570856584706793,0,0.0,0.0,1,32,-1,45954.43127473563
1.1,q-1.0,0.4190126111476618,stable,24,independent,-1.3511880106105274,-0.6593793748994927,0,0.0,0.0,1,43,1,54112.97815104497
1.1,q-0.25,0.33972173790715965,stable,24,near,1.257085663500085,1.2570856584706793,0,0.0,0.0,1,383,21,107817.05013158944
1.1,q-0.25,0.33972173790715965,stable,24,independent,-1.3511880106105274,-0.6593793748994927,0,0.0,0.0,1,473,1,91431.2391075931
1.1,q0.0,0.2987695489589881,neutral,24,near,1.257085663500085,1.2570856584706793,0,0.0,0.0,1,181,18,515043.39150607237
1.1,q0.0,0.2987695489589881,neutral,24,independent,-1.3511880106105274,-0.6593793748994927,0,0.0,0.0,1,162,1,30024.565133144126
1.1,q0.25,0.24735379646983366,unstable,24,near,1.257085663500085,1.2570856584706793,0,0.0,0.0,1,827,14,1150583.566891411
1.1,q0.25,0.24735379646983366,unstable,24,independent,-1.3511880106105274,-0.6593793748994927,0,0.0,0.0,1,2294,1,49221.43267163217
1.1,q0.75,0.10175445300727688,unstable,24,near,1.257085663500085,1.2570856584706793,0,243079.88155995097,1.9999999998263973,0,-1,12,450546.67847363
1.1,q0.75,0.10175445300727688,unstable,24,independent,-1.3511880106105274,-0.6593793748994927,0,11194.233043926184,1.999999937519976,0,-1,1,51030.17273111564
1.1,one_step,0.5,one_step,24,near,1.257085663500085,1.2570856584706793,0,0.0,0.0,1,1,-1,109308.0559507192
1.1,one_step,0.5,one_step,24,independent,-1.3511880106105274,-0.6593793748994927,0,0.0,0.0,1,1,-1,38486.07718908433
1.1,uncoupled,0.0,unstable,25,near,-0.8598825196156499,-0.8598825246450557,0,11128.305997496813,1.9999999816865364,0,-1,10,353983.70848222426
1.1,uncoupled,0.0,unstable,25,independent,0.2057547623101689,-1.4136103964447277,0,74650.38595820892,1.9999999988122747,0,-1,1,66332.83465068282
1.1,q-1.0,0.4190126111476618,stable,25,near,-0.8598825196156499,-0.8598825246450557,0,0.0,0.0,1,25,-1,46376.74968684853
1.1,q-1.0,0.4190126111476618,stable,25,independent,0.2057547623101689,-1.4136103964447277,0,0.0,0.0,1,28,1,37336.53152781424
1.1,q-0.25,0.33972173790715965,stable,25,near,-0.8598825196156499,-0.8598825246450557,0,0.0,0.0,1,50,-1,331187.86668572534
1.1,q-0.25,0.33972173790715965,stable,25,independent,0.2057547623101689,-1.4136103964447277,0,0.0,0.0,1,91,1,58554.71704761262
1.1,q0.0,0.2987695489589881,neutral,25,near,-0.8598825196156499,-0.8598825246450557,0,0.0,0.0,1,76,-1,43048.42090786752
1.1,q0.0,0.2987695489589881,neutral,25,independent,0.2057547623101689,-1.4136103964447277,0,0.0,0.0,1,384,1,737379.1404152558
1.1,q0.25,0.24735379646983366,unstable,25,near,-0.8598825196156499,-0.8598825246450557,0,0.0,0.0,1,1180,49,46294.79740277434
1.1,q0.25,0.24735379646983366,unstable,25,independent,0.2057547623101689,-1.4136103964447277,0,0.0,0.0,1,1819,1,30765.276439026355
1.1,q0.75,0.10175445300727688,unstable,25,near,-0.8598825196156499,-0.8598825246450557,0,47980.091867472904,1.9999994815412,0,-1,20,219314.76827243256
1.1,q0.75,0.10175445300727688,unstable,25,independent,0.2057547623101689,-1.4136103964447277,0,26036.990552109826,1.9999999992961486,0,-1,1,103772.49596401518
1.1,one_step,0.5,one_step,25,near,-0.8598825196156499,-0.8598825246450557,0,0.0,0.0,1,1,-1,1169478.7470616698
1.1,one_step,0.5,one_step,25,independent,0.2057547623101689,-1.4136103964447277,0,0.0,0.0,1,1,-1,45175.977455603854
1.1,uncoupled,0.0,unstable,26,near,-1.1645644078361381,-1.164564412865544,0,20981.020033148274,1.9999999996961981,0,-1,12,55660.248240630994
1.1,uncoupled,0.0,unstable,26,independent,0.506799464120018,-2.6577958609647183,0,12018.263194278152,1.999999999900548,0,-1,1,188937.26830024255
1.1,q-1.0,0.4190126111476618,stable,26,near,-1.1645644078361381,-1.164564412865544,0,0.0,0.0,1,28,-1,205619.70412435848
1.1,q-1.0,0.4190126111476618,stable,26,independent,0.506799464120018,-2.6577958609647183,0,0.0,0.0,1,38,1,431201.41884131986
1.1,q-0.25,0.33972173790715965,stable,26,near,-1.1645644078361381,-1.164564412865544,0,0.0,0.0,1,47,-1,217589.8649788997
1.1,q-0.25,0.33972173790715965,stable,26,independent,0.506799464120018,-2.6577958609647183,0,0.0,0.0,1,72,1,124126.62381885556
1.1,q0.0,0.2987695489589881,neutral,26,near,-1.1645644078361381,-1.164564412865544,0,0.0,0.0,1,65,-1,146078.17653765567
1.1,q0.0,0.2987695489589881,neutral,26,independent,0.506799464120018,-2.6577958609647183,0,0.0,0.0,1,601,1,69529.03571075972
1.1,q0.25,0.24735379646983366,unstable,26,near,-1.1645644078361381,-1.164564412865544,0,0.0,0.0,1,124,18,14458.69057766653
1.1,q0.25,0.24735379646983366,unstable,26,independent,0.506799464120018,-2.6577958609647183,0,0.0,0.0,1,108,1,45389.97100895822
1.1,q0.75,0.10175445300727688,unstable,26,near,-1.1645644078361381,-1.164564412865544,0,29983.252698634147,1.9999999661286358,0,-1,14,209958.17085034918
1.1,q0.75,0.10175445300727688,unstable,26,independent,0.506799464120018,-2.6577958609647183,0,23503.151409045466,1.9999999031807913,0,-1,1,204051.54032942659
1.1,one_step,0.5,one_step,26,near,-1.1645644078361381,-1.164564412865544,0,0.0,0.0,1,1,-1,1771053.2229558364
1.1,one_step,0.5,one_step,26,independent,0.506799464120018,-2.6577958609647183,0,0.0,0.0,1,1,-1,485865.27117436274
1.1,uncoupled,0.0,unstable,27,near,-0.7488400706731667,-0.7488400757025725,0,38351.07515929944,1.999999935420343,0,-1,18,405565.8563116477
1.1,uncoupled,0.0,unstable,27,independent,25.46629914626097,-0.752844722744306,0,14387.24828095873,1.9999999401916946,0,-1,1,1833678.836524819
1.1,q-1.0,0.4190126111476618,stable,27,near,-0.7488400706731667,-0.7488400757025725,0,0.0,0.0,1,18,-1,65017.91931132598
1.1,q-1.0,0.4190126111476618,stable,27,independent,25.46629914626097,-0.752844722744306,0,0.0,0.0,1,61,1,31095.53370574121
1.1,q-0.25,0.33972173790715965,stable,27,near,-0.7488400706731667,-0.7488400757025725,0,0.0,0.0,1,101,58,23368.497173075277
1.1,q-0.25,0.33972173790715965,stable,27,independent,25.46629914626097,-0.752844722744306,0,0.0,0.0,1,173,1,207151.9005670863
1.1,q0.0,0.2987695489589881,neutral,27,near,-0.7488400706731667,-0.7488400757025725,0,0.0,0.0,1,105,-1,22554.26825109687
1.1,q0.0,0.2987695489589881,neutral,27,independent,25.46629914626097,-0.752844722744306,0,0.0,0.0,1,410,1,40922.20047710498
1.1,q0.25,0.24735379646983366,unstable,27,near,-0.7488400706731667,-0.7488400757025725,0,0.0,0.0,1,459,39,746093.6056678639
1.1,q0.25,0.24735379646983366,unstable,27,independent,25.46629914626097,-0.752844722744306,0,0.0,0.0,1,1350,1,168254.9929893846
1.1,q0.75,0.10175445300727688,unstable,27,near,-0.7488400706731667,-0.7488400757025725,0,20408.047459179015,1.9999999553570067,0,-1,22,52044.70999467696
1.1,q0.75,0.10175445300727688,unstable,27,independent,25.46629914626097,-0.752844722744306,0,18584.0640513289,1.9999999964066688,0,-1,1,216532.65923000555
1.1,one_step,0.5,one_step,27,near,-0.7488400706731667,-0.7488400757025725,0,0.0,0.0,1,1,-1,40868.702427157004
1.1,one_step,0.5,one_step,27,independent,25.46629914626097,-0.752844722744306,0,0.0,0.0,1,1,-1,103168.63528185847
1.1,uncoupled,0.0,unstable,28,near,-0.16561463198600343,-0.16561463701540916,0,5962.546992439742,1.999999998804775,0,-1,17,36062.582929854914
1.1,uncoupled,0.0,unstable,28,independent,3.111684892791736,-0.23730527752524708,0,21975.35404055212,1.9999999789322884,0,-1,1,148958.40651621984
1.1,q-1.0,0.4190126111476618,stable,28,near,-0.16561463198600343,-0.16561463701540916,0,0.0,0.0,1,21,-1,22868.752423666003
1.1,q-1.0,0.4190126111476618,stable,28,independent,3.111684892791736,-0.23730527752524708,0,0.0,0.0,1,23,1,73428.91465496353
1.1,q-0.25,0.33972173790715965,stable,28,near,-0.16561463198600343,-0.16561463701540916,0,0.0,0.0,1,77,-1,79926.04121133494
1.1,q-0.25,0.33972173790715965,stable,28,independent,3.111684892791736,-0.23730527752524708,0,0.0,0.0,1,36,1,29894.348580517537
1.1,q0.0,0.2987695489589881,neutral,28,near,-0.16561463198600343,-0.16561463701540916,0,0.0,0.0,1,229,150,94469.82079804495
1.1,q0.0,0.2987695489589881,neutral,28,independent,3.111684892791736,-0.23730527752524708,0,0.0,0.0,1,221,1,150017.82195100875
1.1,q0.25,0.24735379646983366,unstable,28,near,-0.16561463198600343,-0.16561463701540916,0,0.0,0.0,1,521,70,46069.393963654045
1.1,q0.25,0.24735379646983366,unstable,28,independent,3.111684892791736,-0.23730527752524708,0,0.0,0.0,1,841,1,186965.97014928714
1.1,q0.75,0.10175445300727688,unstable,28,near,-0.16561463198600343,-0.16561463701540916,0,3058.4530361254806,1.9999999745412154,0,-1,22,393517.6875543972
1.1,q0.75,0.10175445300727688,unstable,28,independent,3.111684892791736,-0.23730527752524708,0,149353.9496529267,1.9999999985858834,0,-1,1,116500.450990011
1.1,one_step,0.5,one_step,28,near,-0.16561463198600343,-0.16561463701540916,0,0.0,0.0,1,1,-1,98762.01467375827
1.1,one_step,0.5,one_step,28,independent,3.111684892791736,-0.23730527752524708,0,0.0,0.0,1,1,-1,40514.25328799179
1.1,uncoupled,0.0,unstable,29,near,0.612762877905815,0.6127628728764092,0,43089.37186808136,1.9999999891145106,0,-1,9,405257.6593691916
1.1,uncoupled,0.0,unstable,29,independent,0.09824487051125319,0.43216545967966485,0,67362.62724733893,1.999999965397885,0,-1,1,91507.15282597962
1.1,q-1.0,0.4190126111476618,stable,29,near,0.612762877905815,0.6127628728764092,0,0.0,0.0,1,33,-1,86641.70191424798
1.1,q-1.0,0.4190126111476618,stable,29,independent,0.09824487051125319,0.43216545967966485,0,0.0,0.0,1,52,1,48735.87183286387
1.1,q-0.25,0.33972173790715965,stable,29,near,0.612762877905815,0.6127628728764092,0,0.0,0.0,1,49,-1,3406703.0387372393
1.1,q-0.25,0.33972173790715965,stable,29,independent,0.09824487051125319,0.43216545967966485,0,0.0,0.0,1,129,1,23859.092076715904
1.1,q0.0,0.2987695489589881,neutral,29,near,0.612762877905815,0.6127628728764092,0,0.0,0.0,1,67,-1,72100.37221001352
1.1,q0.0,0.2987695489589881,neutral,29,independent,0.09824487051125319,0.43216545967966485,0,0.0,0.0,1,109,1,114241.64627478078
1.1,q0.25,0.24735379646983366,unstable,29,near,0.612762877905815,0.6127628728764092,0,0.0,0.0,1,85,27,65490.240562491665
1.1,q0.25,0.24735379646983366,unstable,29,independent,0.09824487051125319,0.43216545967966485,0,0.0,0.0,1,1626,1,158394.87760480086
1.1,q0.75,0.10175445300727688,unstable,29,near,0.612762877905815,0.6127628728764092,0,12433.215851860328,1.999999988491561,0,-1,10,52947.86406446587
1.1,q0.75,0.10175445300727688,unstable,29,independent,0.09824487051125319,0.43216545967966485,0,29986.41319226179,1.9999999955333865,0,-1,1,52454.11080798316
1.1,one_step,0.5,one_step,29,near,0.612762877905815,0.6127628728764092,0,0.0,0.0,1,1,-1,147568.9498896412
1.1,one_step,0.5,one_step,29,independent,0.09824487051125319,0.43216545967966485,0,0.0,0.0,1,1,-1,499886.8768871107
1.1,uncoupled,0.0,unstable,30,near,-1.789619696074472,-1.7896197011038777,0,227652.2163451791,1.9999999991531847,0,-1,11,1205048.3748515486
1.1,uncoupled,0.0,unstable,30,independent,-0.326481974466146,0.5361802972544046,0,34799.207114006334,1.9999999958220582,0,-1,1,51016.57385823818
1.1,q-1.0,0.4190126111476618,stable,30,near,-1.789619696074472,-1.7896197011038777,0,0.0,0.0,1,19,-1,24404.55697192659
1.1,q-1.0,0.4190126111476618,stable,30,independent,-0.326481974466146,0.5361802972544046,0,0.0,0.0,1,31,1,321771.39650683093
1.1,q-0.25,0.33972173790715965,stable,30,near,-1.789619696074472,-1.7896197011038777,0,0.0,0.0,1,43,-1,94992.28756223196
1.1,q-0.25,0.33972173790715965,stable,30,independent,-0.326481974466146,0.5361802972544046,0,0.0,0.0,1,295,1,56826.15726870393
1.1,q0.0,0.2987695489589881,neutral,30,near,-1.789619696074472,-1.7896197011038777,0,0.0,0.0,1,67,-1,61118.62324694134
1.1,q0.0,0.2987695489589881,neutral,30,independent,-0.326481974466146,0.5361802972544046,0,0.0,0.0,1,149,1,101446.7738229886
1.1,q0.25,0.24735379646983366,unstable,30,near,-1.789619696074472,-1.7896197011038777,0,0.0,0.0,1,98,-1,2090595.8664838886
1.1,q0.25,0.24735379646983366,unstable,30,independent,-0.326481974466146,0.5361802972544046,0,0.0,0.0,1,424,1,37785.096498166815
1.1,q0.75,0.10175445300727688,unstable,30,near,-1.789619696074472,-1.7896197011038777,0,28307.87020997384,1.9999999941423154,0,-1,26,597613.0855485911
1.1,q0.75,0.10175445300727688,unstable,30,independent,-0.326481974466146,0.5361802972544046,0,235342.88821519786,1.9999999366661965,0,-1,1,194143.1954691732
1.1,one_step,0.5,one_step,30,near,-1.789619696074472,-1.7896197011038777,0,0.0,0.0,1,1,-1,200711.71984557397
1.1,one_step,0.5,one_step,30,independent,-0.326481974466146,0.5361802972544046,0,0.0,0.0,1,1,-1,145669.39032711837
1.1,uncoupled,0.0,unstable,31,near,-0.34713573526485436,-0.34713574029426014,0,54459.693806329495,1.999999995357173,0,-1,18,52209.08025921836
1.1,uncoupled,0.0,unstable,31,independent,2.401501449409941,0.6181965106603353,0,15994.540425120374,1.9999999987497603,0,-1,1,106437.5964734627
1.1,q-1.0,0.4190126111476618,stable,31,near,-0.34713573526485436,-0.34713574029426014,0,0.0,0.0,1,17,-1,166898.48744823178
1.1,q-1.0,0.4190126111476618,stable,31,independent,2.401501449409941,0.6181965106603353,0,0.0,0.0,1,38,1,239195.9974964669
1.1,q-0.25,0.33972173790715965,stable,31,near,-0.34713573526485436,-0.34713574029426014,0,0.0,0.0,1,109,-1,56330.66677934655
1.1,q-0.25,0.33972173790715965,stable,31,independent,2.401501449409941,0.6181965106603353,0,0.0,0.0,1,78,1,57692.87438550788
1.1,q0.0,0.2987695489589881,neutral,31,near,-0.34713573526485436,-0.34713574029426014,0,0.0,0.0,1,107,-1,327189.5085745061
1.1,q0.0,0.2987695489589881,neutral,31,independent,2.401501449409941,0.6181965106603353,0,0.0,0.0,1,65,1,67342.88729077857
1.1,q0.25,0.24735379646983366,unstable,31,near,-0.34713573526485436,-0.34713574029426014,0,0.0,0.0,1,2936,41,182492.0459159655
1.1,q0.25,0.24735379646983366,unstable,31,independent,2.401501449409941,0.6181965106603353,0,0.0,0.0,1,2079,1,129406.41190488797
1.1,q0.75,0.10175445300727688,unstable,31,near,-0.34713573526485436,-0.34713574029426014,0,131657.1617436442,1.9999998339089269,0,-1,18,264887.3600834222
1.1,q0.75,0.10175445300727688,unstable,31,independent,2.401501449409941,0.6181965106603353,0,32633.611749032956,1.9999999551611303,0,-1,1,292566.2835644517
1.1,one_step,0.5,one_step,31,near,-0.34713573526485436,-0.34713574029426014,0,0.0,0.0,1,1,-1,24458.01779968331
1.1,one_step,0.5,one_step,31,independent,2.401501449409941,0.6181965106603353,0,0.0,0.0,1,1,-1,80360.38532180351
2.0,uncoupled,0.0,unstable,0,near,-0.6760049545131247,-0.676004964088165,0,54315.65801662167,1.9999999993187998,0,-1,6,139706.33771331332
2.0,uncoupled,0.0,unstable,0,independent,-0.0763944718730073,-0.770072971964992,0,28038.155657114847,1.9999999920003455,0,-1,1,355583.1963561268
2.0,q-1.0,0.49148667214114505,stable,0,near,-0.6760049545131247,-0.676004964088165,0,0.0,0.0,1,12,-1,75272.02296172777
2.0,q-1.0,0.49148667214114505,stable,0,independent,-0.0763944718730073,-0.770072971964992,0,0.0,0.0,1,22,1,273210.3047027506
2.0,q-0.25,0.46078738088413185,stable,0,near,-0.6760049545131247,-0.676004964088165,0,0.0,0.0,1,35,-1,121015.11436970187
2.0,q-0.25,0.46078738088413185,stable,0,independent,-0.0763944718730073,-0.770072971964992,0,0.0,0.0,1,39,1,81567.95706392563
2.0,q0.0,0.4347568859616015,neutral,0,near,-0.6760049545131247,-0.676004964088165,0,0.0,0.0,1,66,-1,337709.9359450899
2.0,q0.0,0.4347568859616015,neutral,0,independent,-0.0763944718730073,-0.770072971964992,0,0.0,0.0,1,331,1,235695.6142295614
2.0,q0.25,0.391446579560279,unstable,0,near,-0.6760049545131247,-0.676004964088165,0,29458.364440150868,1.9999990264353686,0,-1,29,104783.38460141467
2.0,q0.25,0.391446579560279,unstable,0,independent,-0.0763944718730073,-0.770072971964992,0,3641.752227192539,1.9999999999998146,0,-1,1,1640840.931295123
2.0,q0.75,0.19948844645283387,unstable,0,near,-0.6760049545131247,-0.676004964088165,0,67503.44039208192,1.9999999922516718,0,-1,7,909138.221500626
2.0,q0.75,0.19948844645283387,unstable,0,independent,-0.0763944718730073,-0.770072971964992,0,26615.19844949178,1.9999999626432838,0,-1,1,224279.44919194846
2.0,one_step,0.5,one_step,0,near,-0.6760049545131247,-0.676004964088165,0,0.0,0.0,1,1,-1,62252.607680178626
2.0,one_step,0.5,one_step,0,independent,-0.0763944718730073,-0.770072971964992,0,0.0,0.0,1,1,-1,131071.32943327668
2.0,uncoupled,0.0,unstable,1,near,-0.15825664745940446,-0.15825665703444472,0,154950.9896019423,1.9999999629465126,0,-1,4,837532.7281477081
2.0,uncoupled,0.0,unstable,1,independent,1.1334952984893423,-0.9628014328000603,0,74296.68223476894,1.9999999927810501,0,-1,1,121685.26036546846
2.0,q-1.0,0.49148667214114505,stable,1,near,-0.15825664745940446,-0.15825665703444472,0,0.0,0.0,1,19,-1,263524.6221073258
2.0,q-1.0,0.49148667214114505,stable,1,independent,1.1334952984893423,-0.9628014328000603,0,0.0,0.0,1,21,1,375828.06109322206
2.0,q-0.25,0.46078738088413185,stable,1,near,-0.15825664745940446,-0.15825665703444472,0,0.0,0.0,1,68,-1,1286434.939977003
2.0,q-0.25,0.46078738088413185,stable,1,independent,1.1334952984893423,-0.9628014328000603,0,0.0,0.0,1,87,1,85879.97337360703
2.0,q0.0,0.4347568859616015,neutral,1,near,-0.15825664745940446,-0.15825665703444472,0,0.0,0.0,1,455,11,52438.1346849604
2.0,q0.0,0.4347568859616015,neutral,1,independent,1.1334952984893423,-0.9628014328000603,0,0.0,0.0,1,445,1,116958.417782231
2.0,q0.25,0.391446579560279,unstable,1,near,-0.15825664745940446,-0.15825665703444472,0,27226.594845873213,1.999997542219772,0,-1,6,576060.0507809086
2.0,q0.25,0.391446579560279,unstable,1,independent,1.1334952984893423,-0.9628014328000603,0,12461.368441194063,1.999999715961631,0,-1,1,666256.1483918958
2.0,q0.75,0.19948844645283387,unstable,1,near,-0.15825664745940446,-0.15825665703444472,0,22481.791164295173,1.9999999233787469,0,-1,4,2636976.5383137823
2.0,q0.75,0.19948844645283387,unstable,1,independent,1.1334952984893423,-0.9628014328000603,0,524628.3936255045,1.9999999862955484,0,-1,1,669068.1998650698
2.0,one_step,0.5,one_step,1,near,-0.15825664745940446,-0.15825665703444472,0,0.0,0.0,1,1,-1,233307.10277135053
2.0,one_step,0.5,one_step,1,independent,1.1334952984893423,-0.9628014328000603,0,0.0,0.0,1,1,-1,142853.1320568402
2.0,uncoupled,0.0,unstable,2,near,0.2316466631644481,0.23164665358940784,0,127701.76333237065,1.9999999955368604,0,-1,11,276320.36409668537
2.0,uncoupled,0.0,unstable,2,independent,-2.3095429794500437,-0.5419124168698712,0,43384.007726909826,1.9999999975054705,0,-1,1,438214.04173491086
2.0,q-1.0,0.49148667214114505,stable,2,near,0.2316466631644481,0.23164665358940784,0,0.0,0.0,1,7,-1,98435.84331706922
2.0,q-1.0,0.49148667214114505,stable,2,independent,-2.3095429794500437,-0.5419124168698712,0,0.0,0.0,1,15,1,84555.65036734223
2.0,q-0.25,0.46078738088413185,stable,2,near,0.2316466631644481,0.23164665358940784,0,0.0,0.0,1,56,-1,359665.1266005316
2.0,q-0.25,0.46078738088413185,stable,2,independent,-2.3095429794500437,-0.5419124168698712,0,0.0,0.0,1,51,1,167122.33296079494
2.0,q0.0,0.4347568859616015,neutral,2,near,0.2316466631644481,0.23164665358940784,0,0.0,0.0,1,350,23,142777.46263870428
2.0,q0.0,0.4347568859616015,neutral,2,independent,-2.3095429794500437,-0.5419124168698712,0,0.0,0.0,1,319,1,86841.58700397503
2.0,q0.25,0.391446579560279,unstable,2,near,0.2316466631644481,0.23164665358940784,0,800625.117096459,1.9999997881373002,0,-1,21,2148785.425874589
2.0,q0.25,0.391446579560279,unstable,2,independent,-2.3095429794500437,-0.5419124168698712,0,4004.628042525169,1.9999713655526816,0,-1,1,34283.24745843184
2.0,q0.75,0.19948844645283387,unstable,2,near,0.2316466631644481,0.23164665358940784,0,5892.416404232647,1.9999997616551397,0,-1,13,988641.4452903109
2.0,q0.75,0.19948844645283387,unstable,2,independent,-2.3095429794500437,-0.5419124168698712,0,4160.5390172554435,1.9999998747124907,0,-1,1,578659.2735966628
2.0,one_step,0.5,one_step,2,near,0.2316466631644481,0.23164665358940784,0,0.0,0.0,1,1,-1,371365.5532508083
2.0,one_step,0.5,one_step,2,independent,-2.3095429794500437,-0.5419124168698712,0,0.0,0.0,1,1,-1,149604.03931831737
2.0,uncoupled,0.0,unstable,3,near,-3.1087498343390605,-3.108749843914101,0,41649.08730237914,1.9999998996155093,0,-1,9,144177.4454258997
2.0,uncoupled,0.0,unstable,3,independent,0.07154531757077086,1.2178359007611934,0,33861.11001230669,1.9999999956689067,0,-1,1,254211.84225096705
2.0,q-1.0,0.49148667214114505,stable,3,near,-3.1087498343390605,-3.108749843914101,0,0.0,0.0,1,7,-1,644086.3809409498
2.0,q-1.0,0.49148667214114505,stable,3,independent,0.07154531757077086,1.2178359007611934,0,0.0,0.0,1,19,1,168109.9047927931
2.0,q-0.25,0.46078738088413185,stable,3,near,-3.1087498343390605,-3.108749843914101,0,0.0,0.0,1,150,-1,342759.8796181688
2.0,q-0.25,0.46078738088413185,stable,3,independent,0.07154531757077086,1.2178359007611934,0,0.0,0.0,1,54,1,73374.289042808
2.0,q0.0,0.4347568859616015,neutral,3,near,-3.1087498343390605,-3.108749843914101,0,0.0,0.0,1,172,12,695440.3408525123
2.0,q0.0,0.4347568859616015,neutral,3,independent,0.07154531757077086,1.2178359007611934,0,0.0,0.0,1,490,1,49529.89871566695
2.0,q0.25,0.391446579560279,unstable,3,near,-3.1087498343390605,-3.108749843914101,0,6341.373210896818,1.9999999689555672,0,-1,11,169865.3714406797
2.0,q0.25,0.391446579560279,unstable,3,independent,0.07154531757077086,1.2178359007611934,0,5018.448339018253,1.9999961210248016,0,-1,1,105010.0537606028
2.0,q0.75,0.19948844645283387,unstable,3,near,-3.1087498343390605,-3.108749843914101,0,17292.29632934467,1.9999999951669583,0,-1,9,116302.25221992578
2.0,q0.75,0.19948844645283387,unstable,3,independent,0.07154531757077086,1.2178359007611934,0,15790.46631903072,1.9999999205520107,0,-1,1,899734.239718604
2.0,one_step,0.5,one_step,3,near,-3.1087498343390605,-3.108749843914101,0,0.0,0.0,1,1,-1,101821.89242720188
2.0,one_step,0.5,one_step,3,independent,0.07154531757077086,1.2178359007611934,0,0.0,0.0,1,1,-1,280102.07900977065
2.0,uncoupled,0.0,unstable,4,near,11.947667667173395,11.947667657598355,0,300400.0295365266,1.999999998192531,0,-1,9,287633.6411400009
2.0,uncoupled,0.0,unstable,4,independent,-3.336467371494962,0.5107746269633527,0,2668604.72563858,1.9999999996333566,0,-1,1,2555198.125446962
2.0,q-1.0,0.49148667214114505,stable,4,near,11.947667667173395,11.947667657598355,0,0.0,0.0,1,8,-1,343482.85584089014
2.0,q-1.0,0.49148667214114505,stable,4,independent,-3.336467371494962,0.5107746269633527,0,0.0,0.0,1,23,1,92406.78348068029
2.0,q-0.25,0.46078738088413185,stable,4,near,11.947667667173395,11.947667657598355,0,0.0,0.0,1,28,-1,120094.45469165265
2.0,q-0.25,0.46078738088413185,stable,4,independent,-3.336467371494962,0.5107746269633527,0,0.0,0.0,1,70,1,162659.7621644442
2.0,q0.0,0.4347568859616015,neutral,4,near,11.947667667173395,11.947667657598355,0,0.0,0.0,1,72,-1,103147.84367177184
2.0,q0.0,0.4347568859616015,neutral,4,independent,-3.336467371494962,0.5107746269633527,0,0.0,0.0,1,213,1,283736.5846021312
2.0,q0.25,0.391446579560279,unstable,4,near,11.947667667173395,11.947667657598355,0,2736.1250441677894,1.9999901108626381,0,-1,19,269998.68464876973
2.0,q0.25,0.391446579560279,unstable,4,independent,-3.336467371494962,0.5107746269633527,0,3323.164254317539,1.9999724005313546,0,-1,1,50919.36617494641
2.0,q0.75,0.19948844645283387,unstable,4,near,11.947667667173395,11.947667657598355,0,37542.22971433445,1.9999999981998702,0,-1,10,234299.83881318767
2.0,q0.75,0.19948844645283387,unstable,4,independent,-3.336467371494962,0.5107746269633527,0,8463.165239488992,1.999999999775408,0,-1,1,653742.4769472932
2.0,one_step,0.5,one_step,4,near,11.947667667173395,11.947667657598355,0,0.0,0.0,1,1,-1,457022.7792246324
2.0,one_step,0.5,one_step,4,independent,-3.336467371494962,0.5107746269633527,0,0.0,0.0,1,1,-1,35495.41963959476
2.0,uncoupled,0.0,unstable,5,near,19.494531258529147,19.494531248954107,0,39015.570238098386,1.9999999820245598,0,-1,4,643455.9247873103
2.0,uncoupled,0.0,unstable,5,independent,-0.4540161922532053,2.9040903491567107,0,1129064.6697669572,1.999999999480475,0,-1,1,1081083.4838078322
2.0,q-1.0,0.49148667214114505,stable,5,near,19.494531258529147,19.494531248954107,0,0.0,0.0,1,15,-1,1090623.3977100053
2.0,q-1.0,0.49148667214114505,stable,5,independent,-0.4540161922532053,2.9040903491567107,0,0.0,0.0,1,19,1,757933.2310918235
2.0,q-0.25,0.46078738088413185,stable,5,near,19.494531258529147,19.494531248954107,0,0.0,0.0,1,134,-1,303800.32104894565
2.0,q-0.25,0.46078738088413185,stable,5,independent,-0.4540161922532053,2.9040903491567107,0,0.0,0.0,1,60,1,1548763.7856687983
2.0,q0.0,0.4347568859616015,neutral,5,near,19.494531258529147,19.494531248954107,0,0.0,0.0,1,123,8,185094.82070233586
2.0,q0.0,0.4347568859616015,neutral,5,independent,-0.4540161922532053,2.9040903491567107,0,0.0,0.0,1,276,1,519259.6027370946
2.0,q0.25,0.391446579560279,unstable,5,near,19.494531258529147,19.494531248954107,0,2601.4457427275534,1.9999998688241327,0,-1,7,1410044.789157081
2.0,q0.25,0.391446579560279,unstable,5,independent,-0.4540161922532053,2.9040903491567107,0,28543.486633268287,1.9999963545013513,0,-1,1,2184502.183657107
2.0,q0.75,0.19948844645283387,unstable,5,near,19.494531258529147,19.494531248954107,0,14713.105752597072,1.9999999799813075,0,-1,5,581993.1942032769
2.0,q0.75,0.19948844645283387,unstable,5,independent,-0.4540161922532053,2.9040903491567107,0,450342.7820187026,1.999999947914528,0,-1,1,2928945.584266427
2.0,one_step,0.5,one_step,5,near,19.494531258529147,19.494531248954107,0,0.0,0.0,1,1,-1,63715.708301590545
2.0,one_step,0.5,one_step,5,independent,-0.4540161922532053,2.9040903491567107,0,0.0,0.0,1,1,-1,43676.5625863315
2.0,uncoupled,0.0,unstable,6,near,-0.23621283132789525,-0.2362128409029355,0,30160.404923003036,1.9999999771394357,0,-1,9,559248.6033534366
2.0,uncoupled,0.0,unstable,6,independent,0.49385627008969774,0.08398061263046792,0,22625.750526737076,1.9999999999485516,0,-1,1,2848783.089257287
2.0,q-1.0,0.49148667214114505,stable,6,near,-0.23621283132789525,-0.2362128409029355,0,0.0,0.0,1,6,-1,57875.63494341331
2.0,q-1.0,0.49148667214114505,stable,6,independent,0.49385627008969774,0.08398061263046792,0,0.0,0.0,1,17,1,485927.4072977667
2.0,q-0.25,0.46078738088413185,stable,6,near,-0.23621283132789525,-0.2362128409029355,0,0.0,0.0,1,20,-1,143473.340102577
2.0,q-0.25,0.46078738088413185,stable,6,independent,0.49385627008969774,0.08398061263046792,0,0.0,0.0,1,65,1,140132.2467755039
2.0,q0.0,0.4347568859616015,neutral,6,near,-0.23621283132789525,-0.2362128409029355,0,0.0,0.0,1,95,-1,446156.0469561035
2.0,q0.0,0.4347568859616015,neutral,6,independent,0.49385627008969774,0.08398061263046792,0,0.0,0.0,1,492,1,364517.6913972524
2.0,q0.25,0.391446579560279,unstable,6,near,-0.23621283132789525,-0.2362128409029355,0,1837.0805566098209,1.9999963574664794,0,-1,31,412921.88487271016
2.0,q0.25,0.391446579560279,unstable,6,independent,0.49385627008969774,0.08398061263046792,0,2647.5043296908,1.9999824882320412,0,-1,1,131790.82764209117
2.0,q0.75,0.19948844645283387,unstable,6,near,-0.23621283132789525,-0.2362128409029355,0,40266.58581591845,1.9999999714514387,0,-1,12,100241.38311033476
2.0,q0.75,0.19948844645283387,unstable,6,independent,0.49385627008969774,0.08398061263046792,0,50087.031314011845,1.9999999973761966,0,-1,1,63877.50327764484
2.0,one_step,0.5,one_step,6,near,-0.23621283132789525,-0.2362128409029355,0,0.0,0.0,1,1,-1,991652.2979854174
2.0,one_step,0.5,one_step,6,independent,0.49385627008969774,0.08398061263046792,0,0.0,0.0,1,1,-1,179759.32839357323
2.0,uncoupled,0.0,unstable,7,near,-1.6907276852182354,-1.6907276947932757,0,21472.271858571363,1.9999999950499268,0,-1,13,187639.0534473234
2.0,uncoupled,0.0,unstable,7,independent,0.3659656104545668,0.5981572778197255,0,227068.85801055975,1.9999999791068013,0,-1,1,2563759.5149501422
2.0,q-1.0,0.49148667214114505,stable,7,near,-1.6907276852182354,-1.6907276947932757,0,0.0,0.0,1,8,-1,71312.7567980439
2.0,q-1.0,0.49148667214114505,stable,7,independent,0.3659656104545668,0.5981572778197255,0,0.0,0.0,1,23,1,34808.455064550595
2.0,q-0.25,0.46078738088413185,stable,7,near,-1.6907276852182354,-1.6907276947932757,0,0.0,0.0,1,12,-1,129712.35133612658
2.0,q-0.25,0.46078738088413185,stable,7,independent,0.3659656104545668,0.5981572778197255,0,0.0,0.0,1,95,1,239837.17835398437
2.0,q0.0,0.4347568859616015,neutral,7,near,-1.6907276852182354,-1.6907276947932757,0,0.0,0.0,1,30,-1,78543.93142120766
2.0,q0.0,0.4347568859616015,neutral,7,independent,0.3659656104545668,0.5981572778197255,0,0.0,0.0,1,1047,1,773366.5617826763
2.0,q0.25,0.391446579560279,unstable,7,near,-1.6907276852182354,-1.6907276947932757,0,1660.5570020531186,1.999962509251931,0,-1,73,38744.063449095076
2.0,q0.25,0.391446579560279,unstable,7,independent,0.3659656104545668,0.5981572778197255,0,0.0,0.0,1,76383,1,81550.58446836304
2.0,q0.75,0.19948844645283387,unstable,7,near,-1.6907276852182354,-1.6907276947932757,0,13546.383495537375,1.9999999805748254,0,-1,18,75449.71147018501
2.0,q0.75,0.19948844645283387,unstable,7,independent,0.3659656104545668,0.5981572778197255,0,9044.996421129723,1.9999985895907684,0,-1,1,481521.09635634295
2.0,one_step,0.5,one_step,7,near,-1.6907276852182354,-1.6907276947932757,0,0.0,0.0,1,1,-1,206585.44750922453
2.0,one_step,0.5,one_step,7,independent,0.3659656104545668,0.5981572778197255,0,0.0,0.0,1,1,-1,234811.47750324273
2.0,uncoupled,0.0,unstable,8,near,-2.112811514022659,-2.112811523597699,0,14215.338795977661,1.9999999687947725,0,-1,8,93582.32229960166
2.0,uncoupled,0.0,unstable,8,independent,1.0588660512279302,0.477622194923226,0,91860.43550162426,1.999999995067846,0,-1,1,807451.5752654686
2.0,q-1.0,0.49148667214114505,stable,8,near,-2.112811514022659,-2.112811523597699,0,0.0,0.0,1,9,-1,331640.65413397306
2.0,q-1.0,0.49148667214114505,stable,8,independent,1.0588660512279302,0.477622194923226,0,0.0,0.0,1,13,1,167517.5078251958
2.0,q-0.25,0.46078738088413185,stable,8,near,-2.112811514022659,-2.112811523597699,0,0.0,0.0,1,22,-1,1230748.997626757
2.0,q-0.25,0.46078738088413185,stable,8,independent,1.0588660512279302,0.477622194923226,0,0.0,0.0,1,192,1,175085.70307653613
2.0,q0.0,0.4347568859616015,neutral,8,near,-2.112811514022659,-2.112811523597699,0,0.0,0.0,1,66,-1,129228.43683335306
2.0,q0.0,0.4347568859616015,neutral,8,independent,1.0588660512279302,0.477622194923226,0,0.0,0.0,1,1276,1,129224.3297363315
2.0,q0.25,0.391446579560279,unstable,8,near,-2.112811514022659,-2.112811523597699,0,21505.919761814155,1.9999975493100717,0,-1,64,341677.5061914538
2.0,q0.25,0.391446579560279,unstable,8,independent,1.0588660512279302,0.477622194923226,0,6297.682672727804,1.9999988488896872,0,-1,1,175002.16070699238
2.0,q0.75,0.19948844645283387,unstable,8,near,-2.112811514022659,-2.112811523597699,0,9678.079168480426,1.9999999971576647,0,-1,13,1496263.4302522424
2.0,q0.75,0.19948844645283387,unstable,8,independent,1.0588660512279302,0.477622194923226,0,48284.11872869666,1.9999998600191564,0,-1,1,2789608.9853302366
2.0,one_step,0.5,one_step,8,near,-2.112811514022659,-2.112811523597699,0,0.0,0.0,1,1,-1,56192.38406427251
2.0,one_step,0.5,one_step,8,independent,1.0588660512279302,0.477622194923226,0,0.0,0.0,1,1,-1,84540.20347150479
2.0,uncoupled,0.0,unstable,9,near,1.7226197942447345,1.7226197846696942,0,6019.478022322305,1.999999995699429,0,-1,8,119337.61656358643
2.0,uncoupled,0.0,unstable,9,independent,0.8621879609381268,0.0209733600509557,0,38574.75625257841,1.9999999952026506,0,-1,1,504251.518409488
2.0,q-1.0,0.49148667214114505,stable,9,near,1.7226197942447345,1.7226197846696942,0,0.0,0.0,1,8,-1,145122.63278330598
2.0,q-1.0,0.49148667214114505,stable,9,independent,0.8621879609381268,0.0209733600509557,0,0.0,0.0,1,19,1,138498.3881545098
2.0,q-0.25,0.46078738088413185,stable,9,near,1.7226197942447345,1.7226197846696942,0,0.0,0.0,1,36,-1,447169.0539675336
2.0,q-0.25,0.46078738088413185,stable,9,independent,0.8621879609381268,0.0209733600509557,0,0.0,0.0,1,43,1,135626.36149011002
2.0,q0.0,0.4347568859616015,neutral,9,near,1.7226197942447345,1.7226197846696942,0,0.0,0.0,1,715,37,863851.6864707076
2.0,q0.0,0.4347568859616015,neutral,9,independent,0.8621879609381268,0.0209733600509557,0,0.0,0.0,1,283,1,367102.55692801357
2.0,q0.25,0.391446579560279,unstable,9,near,1.7226197942447345,1.7226197846696942,0,11629.135848416003,1.999984060271243,0,-1,17,253137.34004826567
2.0,q0.25,0.391446579560279,unstable,9,independent,0.8621879609381268,0.0209733600509557,0,57869.355276354625,1.9999554007632794,0,-1,1,184780.33821816967
2.0,q0.75,0.19948844645283387,unstable,9,near,1.7226197942447345,1.7226197846696942,0,46206.092259580146,1.9999999665960877,0,-1,11,5210371.277018994
2.0,q0.75,0.19948844645283387,unstable,9,independent,0.8621879609381268,0.0209733600509557,0,9525.657381416515,1.9999999394436523,0,-1,1,8371655.676795476
2.0,one_step,0.5,one_step,9,near,1.7226197942447345,1.7226197846696942,0,0.0,0.0,1,1,-1,14477.781648296417
2.0,one_step,0.5,one_step,9,independent,0.8621879609381268,0.0209733600509557,0,0.0,0.0,1,1,-1,665892.6144257572
2.0,uncoupled,0.0,unstable,10,near,-2.036518360860425,-2.0365183704354655,0,10824.84730739897,1.9999999898063971,0,-1,11,59849.180445553786
2.0,uncoupled,0.0,unstable,10,independent,-0.9988194336475429,-0.19102449508460526,0,20490.473315072577,1.9999999666452466,0,-1,1,494411.27060719725
2.0,q-1.0,0.49148667214114505,stable,10,near,-2.036518360860425,-2.0365183704354655,0,0.0,0.0,1,8,-1,1792267.5099420543
2.0,q-1.0,0.49148667214114505,stable,10,independent,-0.9988194336475429,-0.19102449508460526,0,0.0,0.0,1,18,1,64762.31922276513
2.0,q-0.25,0.46078738088413185,stable,10,near,-2.036518360860425,-2.0365183704354655,0,0.0,0.0,1,31,-1,140638.23460048583
2.0,q-0.25,0.46078738088413185,stable,10,independent,-0.9988194336475429,-0.19102449508460526,0,0.0,0.0,1,86,1,175314.49188635004
2.0,q0.0,0.4347568859616015,neutral,10,near,-2.036518360860425,-2.0365183704354655,0,0.0,0.0,1,503,214,181993.9576852818
2.0,q0.0,0.4347568859616015,neutral,10,independent,-0.9988194336475429,-0.19102449508460526,0,0.0,0.0,1,438,1,218327.31755406075
2.0,q0.25,0.391446579560279,unstable,10,near,-2.036518360860425,-2.0365183704354655,0,2264.1944479287654,1.999988818093695,0,-1,26,184108.75935424346
2.0,q0.25,0.391446579560279,unstable,10,independent,-0.9988194336475429,-0.19102449508460526,0,4798.866390517345,1.9999993520343047,0,-1,1,52068.618364158705
2.0,q0.75,0.19948844645283387,unstable,10,near,-2.036518360860425,-2.0365183704354655,0,98973.72427233277,1.9999999939129598,0,-1,15,156439.73505798198
2.0,q0.75,0.19948844645283387,unstable,10,independent,-0.9988194336475429,-0.19102449508460526,0,7777.66659182022,1.9999999823871273,0,-1,1,62612.20252426057
2.0,one_step,0.5,one_step,10,near,-2.036518360860425,-2.0365183704354655,0,0.0,0.0,1,1,-1,71432.97935434249
2.0,one_step,0.5,one_step,10,independent,-0.9988194336475429,-0.19102449508460526,0,0.0,0.0,1,1,-1,341638.1476195027
2.0,uncoupled,0.0,unstable,11,near,2.767938122826157,2.7679381132511165,0,45367.90035752796,1.999999997410083,0,-1,8,202346.3329227777
2.0,uncoupled,0.0,unstable,11,independent,-0.9524034889052794,1.5983054560214538,0,21289.501670950445,1.9999999958472816,0,-1,1,184230.20422634896
2.0,q-1.0,0.49148667214114505,stable,11,near,2.767938122826157,2.7679381132511165,0,0.0,0.0,1,9,-1,73598.05315592459
2.0,q-1.0,0.49148667214114505,stable,11,independent,-0.9524034889052794,1.5983054560214538,0,0.0,0.0,1,20,1,452021.0309288843
2.0,q-0.25,0.46078738088413185,stable,11,near,2.767938122826157,2.7679381132511165,0,0.0,0.0,1,43,-1,134330.19776945683
2.0,q-0.25,0.46078738088413185,stable,11,independent,-0.9524034889052794,1.5983054560214538,0,0.0,0.0,1,65,1,755746.5132970233
2.0,q0.0,0.4347568859616015,neutral,11,near,2.767938122826157,2.7679381132511165,0,0.0,0.0,1,684,126,450752.8049067361
2.0,q0.0,0.4347568859616015,neutral,11,independent,-0.9524034889052794,1.5983054560214538,0,0.0,0.0,1,605,1,862551.4801521641
2.0,q0.25,0.391446579560279,unstable,11,near,2.767938122826157,2.7679381132511165,0,1403.6992751550342,1.9999999867424745,0,-1,22,80302.84310460233
2.0,q0.25,0.391446579560279,unstable,11,independent,-0.9524034889052794,1.5983054560214538,0,5232.823472381333,1.9999842628860363,0,-1,1,105254.6491137799
2.0,q0.75,0.19948844645283387,unstable,11,near,2.767938122826157,2.7679381132511165,0,45383.50768407584,1.9999999897936576,0,-1,12,387248021.23204327
2.0,q0.75,0.19948844645283387,unstable,11,independent,-0.9524034889052794,1.5983054560214538,0,54436.943185903125,1.9999999074084724,0,-1,1,1340443.49265087
2.0,one_step,0.5,one_step,11,near,2.767938122826157,2.7679381132511165,0,0.0,0.0,1,1,-1,286590.56326118915
2.0,one_step,0.5,one_step,11,independent,-0.9524034889052794,1.5983054560214538,0,0.0,0.0,1,1,-1,49156.08844821359
2.0,uncoupled,0.0,unstable,12,near,3.4556828686321643,3.455682859057124,0,136569.55381484173,1.9999997239856784,0,-1,7,287676.43809759774
2.0,uncoupled,0.0,unstable,12,independent,0.6480445906763663,0.3943129306701964,0,74022.3549803751,1.9999999933630903,0,-1,1,466299.22070776526
2.0,q-1.0,0.49148667214114505,stable,12,near,3.4556828686321643,3.455682859057124,0,0.0,0.0,1,13,-1,94966.57084027794
2.0,q-1.0,0.49148667214114505,stable,12,independent,0.6480445906763663,0.3943129306701964,0,0.0,0.0,1,17,1,206314.660679323
2.0,q-0.25,0.46078738088413185,stable,12,near,3.4556828686321643,3.455682859057124,0,0.0,0.0,1,24,-1,100211.99337290566
2.0,q-0.25,0.46078738088413185,stable,12,independent,0.6480445906763663,0.3943129306701964,0,0.0,0.0,1,64,1,19342377.463324986
2.0,q0.0,0.4347568859616015,neutral,12,near,3.4556828686321643,3.455682859057124,0,0.0,0.0,1,74,-1,37794.32410117476
2.0,q0.0,0.4347568859616015,neutral,12,independent,0.6480445906763663,0.3943129306701964,0,0.0,0.0,1,190,1,228382.69678164402
2.0,q0.25,0.391446579560279,unstable,12,near,3.4556828686321643,3.455682859057124,0,8101.80169018865,1.9998757399181448,0,-1,26,112499.0199528621
2.0,q0.25,0.391446579560279,unstable,12,independent,0.6480445906763663,0.3943129306701964,0,2027.518523189497,1.9999419465206847,0,-1,1,104859.95196684694
2.0,q0.75,0.19948844645283387,unstable,12,near,3.4556828686321643,3.455682859057124,0,3901.4059460435737,1.9999999912321549,0,-1,7,793520.8478140569
2.0,q0.75,0.19948844645283387,unstable,12,independent,0.6480445906763663,0.3943129306701964,0,157754.42600620489,1.9999999431596016,0,-1,1,201187.09072969545
2.0,one_step,0.5,one_step,12,near,3.4556828686321643,3.455682859057124,0,0.0,0.0,1,1,-1,57552.385406990725
2.0,one_step,0.5,one_step,12,independent,0.6480445906763663,0.3943129306701964,0,0.0,0.0,1,1,-1,117936664.94468574
2.0,uncoupled,0.0,unstable,13,near,0.29947321782764186,0.29947320825260165,0,55362.063998409976,1.9999999999043518,0,-1,7,201606.50297898095
2.0,uncoupled,0.0,unstable,13,independent,2.026854103668552,0.9647005742173707,0,207074.5551918275,1.9999999992143564,0,-1,1,568808.5553238905
2.0,q-1.0,0.49148667214114505,stable,13,near,0.29947321782764186,0.29947320825260165,0,0.0,0.0,1,15,-1,2602945.3267740533
2.0,q-1.0,0.49148667214114505,stable,13,independent,2.026854103668552,0.9647005742173707,0,0.0,0.0,1,18,1,539337.7792111865
2.0,q-0.25,0.46078738088413185,stable,13,near,0.29947321782764186,0.29947320825260165,0,0.0,0.0,1,75,-1,1233012.4778457123
2.0,q-0.25,0.46078738088413185,stable,13,independent,2.026854103668552,0.9647005742173707,0,0.0,0.0,1,70,1,940986.7332861891
2.0,q0.0,0.4347568859616015,neutral,13,near,0.29947321782764186,0.29947320825260165,0,0.0,0.0,1,119,-1,263758.6459364008
2.0,q0.0,0.4347568859616015,neutral,13,independent,2.026854103668552,0.9647005742173707,0,0.0,0.0,1,665,1,718938.7276514133
2.0,q0.25,0.391446579560279,unstable,13,near,0.29947321782764186,0.29947320825260165,0,5747.04304529985,1.9999439579858875,0,-1,11,120247.54008914036
2.0,q0.25,0.391446579560279,unstable,13,independent,2.026854103668552,0.9647005742173707,0,446255.9973049188,1.999991662586684,0,-1,1,1197704.7988881832
2.0,q0.75,0.19948844645283387,unstable,13,near,0.29947321782764186,0.29947320825260165,0,22684.142493714826,1.9999998279628979,0,-1,8,113285.00298550242
2.0,q0.75,0.19948844645283387,unstable,13,independent,2.026854103668552,0.9647005742173707,0,36016.98079009738,1.999999920979863,0,-1,1,186131.46374111198
2.0,one_step,0.5,one_step,13,near,0.29947321782764186,0.29947320825260165,0,0.0,0.0,1,1,-1,15785.69917619612
2.0,one_step,0.5,one_step,13,independent,2.026854103668552,0.9647005742173707,0,0.0,0.0,1,1,-1,40106.726072520265
2.0,uncoupled,0.0,unstable,14,near,0.31050495388061206,0.31050494430557185,0,87812.23812010814,1.9999999432212325,0,-1,5,493496.5716591032
2.0,uncoupled,0.0,unstable,14,independent,1.160573600167506,-5.222599135374141,0,5621.281766610194,1.9999999957242522,0,-1,1,440245.1002976567
2.0,q-1.0,0.49148667214114505,stable,14,near,0.31050495388061206,0.31050494430557185,0,0.0,0.0,1,11,-1,51722.04304255226
2.0,q-1.0,0.49148667214114505,stable,14,independent,1.160573600167506,-5.222599135374141,0,0.0,0.0,1,16,-1,171001.97329708328
2.0,q-0.25,0.46078738088413185,stable,14,near,0.31050495388061206,0.31050494430557185,0,0.0,0.0,1,31,-1,343511.7049135809
2.0,q-0.25,0.46078738088413185,stable,14,independent,1.160573600167506,-5.222599135374141,0,0.0,0.0,1,66,1,130897.1385912891
2.0,q0.0,0.4347568859616015,neutral,14,near,0.31050495388061206,0.31050494430557185,0,0.0,0.0,1,333,71,71027.18580589141
2.0,q0.0,0.4347568859616015,neutral,14,independent,1.160573600167506,-5.222599135374141,0,0.0,0.0,1,317,1,277531.7889256306
2.0,q0.25,0.391446579560279,unstable,14,near,0.31050495388061206,0.31050494430557185,0,28561.411878478804,1.9999885948936584,0,-1,28,1683298.2065010634
2.0,q0.25,0.391446579560279,unstable,14,independent,1.160573600167506,-5.222599135374141,0,42230.613207577706,1.9999265222609532,0,-1,1,488655372.51130253
2.0,q0.75,0.19948844645283387,unstable,14,near,0.31050495388061206,0.31050494430557185,0,25613.72254688961,1.999999023954323,0,-1,7,14184422.796506705
2.0,q0.75,0.19948844645283387,unstable,14,independent,1.160573600167506,-5.222599135374141,0,60399.52164817188,1.9999999979078305,0,-1,1,221705.70394672558
2.0,one_step,0.5,one_step,14,near,0.31050495388061206,0.31050494430557185,0,0.0,0.0,1,1,-1,36376.14098534631
2.0,one_step,0.5,one_step,14,independent,1.160573600167506,-5.222599135374141,0,0.0,0.0,1,1,-1,547141.2003635889
2.0,uncoupled,0.0,unstable,15,near,-0.0941370888214664,-0.09413709839650664,0,4438478.765286067,1.9999999950444802,0,-1,8,4249866.199629385
2.0,uncoupled,0.0,unstable,15,independent,0.27458431735640837,0.5423466843017414,0,8297.384821985943,1.9999999992970836,0,-1,1,3212756.7976150564
2.0,q-1.0,0.49148667214114505,stable,15,near,-0.0941370888214664,-0.09413709839650664,0,0.0,0.0,1,8,-1,208408.63659782114
2.0,q-1.0,0.49148667214114505,stable,15,independent,0.27458431735640837,0.5423466843017414,0,0.0,0.0,1,16,1,221630.4203266003
2.0,q-0.25,0.46078738088413185,stable,15,near,-0.0941370888214664,-0.09413709839650664,0,0.0,0.0,1,24,-1,172722.15724741886
2.0,q-0.25,0.46078738088413185,stable,15,independent,0.27458431735640837,0.5423466843017414,0,0.0,0.0,1,62,1,417816.41336476937
2.0,q0.0,0.4347568859616015,neutral,15,near,-0.0941370888214664,-0.09413709839650664,0,0.0,0.0,1,379,-1,189270.45493874498
2.0,q0.0,0.4347568859616015,neutral,15,independent,0.27458431735640837,0.5423466843017414,0,0.0,0.0,1,183,1,59275.39862174825
2.0,q0.25,0.391446579560279,unstable,15,near,-0.0941370888214664,-0.09413709839650664,0,16955.972765612256,1.9999763775817827,0,-1,42,453403.4038494718
2.0,q0.25,0.391446579560279,unstable,15,independent,0.27458431735640837,0.5423466843017414,0,5891.181125937494,1.9999770345468362,0,-1,1,185554.220288358
2.0,q0.75,0.19948844645283387,unstable,15,near,-0.0941370888214664,-0.09413709839650664,0,3057.9347904575893,1.9999996957580417,0,-1,12,269819.55071255565
2.0,q0.75,0.19948844645283387,unstable,15,independent,0.27458431735640837,0.5423466843017414,0,7225.128596806922,1.999999693327842,0,-1,1,1750571.2305559614
2.0,one_step,0.5,one_step,15,near,-0.0941370888214664,-0.09413709839650664,0,0.0,0.0,1,1,-1,231143.79448892502
2.0,one_step,0.5,one_step,15,independent,0.27458431735640837,0.5423466843017414,0,0.0,0.0,1,1,-1,55642.28781253226
2.0,uncoupled,0.0,unstable,16,near,1.452554319986221,1.4525543104111807,0,31994.3501650152,1.9999999990742157,0,-1,7,9916798.884172348
2.0,uncoupled,0.0,unstable,16,independent,1.3788904101118866,1.212231377663326,0,63090.451869859855,1.9999999980719312,0,-1,1,1842597.9965029617
2.0,q-1.0,0.49148667214114505,stable,16,near,1.452554319986221,1.4525543104111807,0,0.0,0.0,1,13,-1,348834.21454903786
2.0,q-1.0,0.49148667214114505,stable,16,independent,1.3788904101118866,1.212231377663326,0,0.0,0.0,1,20,-1,156693.05316691453
2.0,q-0.25,0.46078738088413185,stable,16,near,1.452554319986221,1.4525543104111807,0,0.0,0.0,1,54,-1,2284844.321823009
2.0,q-0.25,0.46078738088413185,stable,16,independent,1.3788904101118866,1.212231377663326,0,0.0,0.0,1,44,1,651253.1274496368
2.0,q0.0,0.4347568859616015,neutral,16,near,1.452554319986221,1.4525543104111807,0,0.0,0.0,1,273,27,245132.32926910563
2.0,q0.0,0.4347568859616015,neutral,16,independent,1.3788904101118866,1.212231377663326,0,0.0,0.0,1,416,1,110562.710491042
2.0,q0.25,0.391446579560279,unstable,16,near,1.452554319986221,1.4525543104111807,0,10226.915799078552,1.9999672656292853,0,-1,11,61828.44256888547
2.0,q0.25,0.391446579560279,unstable,16,independent,1.3788904101118866,1.212231377663326,0,10128.667836297389,1.9999741937440096,0,-1,1,31936.829389474788
2.0,q0.75,0.19948844645283387,unstable,16,near,1.452554319986221,1.4525543104111807,0,31495.227158750928,1.999999986640802,0,-1,7,291759.3993866923
2.0,q0.75,0.19948844645283387,unstable,16,independent,1.3788904101118866,1.212231377663326,0,50315.11456145891,1.9999999938879058,0,-1,1,64166.2116745421
2.0,one_step,0.5,one_step,16,near,1.452554319986221,1.4525543104111807,0,0.0,0.0,1,1,-1,262937.52849615825
2.0,one_step,0.5,one_step,16,independent,1.3788904101118866,1.212231377663326,0,0.0,0.0,1,1,-1,2193587.8589614425
2.0,uncoupled,0.0,unstable,17,near,1.4389033928507309,1.4389033832756906,0,48990.85365347227,1.9999999999879008,0,-1,6,1536492.3151116336
2.0,uncoupled,0.0,unstable,17,independent,0.5629491502649829,1.2322753468963994,0,16107.666711266555,1.9999999987850057,0,-1,1,1056076.0922210715
2.0,q-1.0,0.49148667214114505,stable,17,near,1.4389033928507309,1.4389033832756906,0,0.0,0.0,1,10,-1,337615.2718711105
2.0,q-1.0,0.49148667214114505,stable,17,independent,0.5629491502649829,1.2322753468963994,0,0.0,0.0,1,16,1,144447.07620381078
2.0,q-0.25,0.46078738088413185,stable,17,near,1.4389033928507309,1.4389033832756906,0,0.0,0.0,1,97,-1,424500.7317805481
2.0,q-0.25,0.46078738088413185,stable,17,independent,0.5629491502649829,1.2322753468963994,0,0.0,0.0,1,81,1,245240.8821793287
2.0,q0.0,0.4347568859616015,neutral,17,near,1.4389033928507309,1.4389033832756906,0,0.0,0.0,1,246,18,47393.31781570648
2.0,q0.0,0.4347568859616015,neutral,17,independent,0.5629491502649829,1.2322753468963994,0,0.0,0.0,1,229,1,331498.87785021623
2.0,q0.25,0.391446579560279,unstable,17,near,1.4389033928507309,1.4389033832756906,0,4446.518553166363,1.9999901458400353,0,-1,11,32854.57716801903
2.0,q0.25,0.391446579560279,unstable,17,independent,0.5629491502649829,1.2322753468963994,0,4287.935321634797,1.9999976764027954,0,-1,1,125056.71242821863
2.0,q0.75,0.19948844645283387,unstable,17,near,1.4389033928507309,1.4389033832756906,0,13231.997892766423,1.999999999072876,0,-1,7,246906.02000173315
2.0,q0.75,0.19948844645283387,unstable,17,independent,0.5629491502649829,1.2322753468963994,0,6187.607713456366,1.9999999987175732,0,-1,1,245299.7276507669
2.0,one_step,0.5,one_step,17,near,1.4389033928507309,1.4389033832756906,0,0.0,0.0,1,1,-1,75691.7191854975
2.0,one_step,0.5,one_step,17,independent,0.5629491502649829,1.2322753468963994,0,0.0,0.0,1,1,-1,140476.35725691452
2.0,uncoupled,0.0,unstable,18,near,7.162280397884315,7.162280388309275,0,43949.75830638017,1.9999999998989175,0,-1,9,121075.65117748088
2.0,uncoupled,0.0,unstable,18,independent,-1.240895717873512,3.914625203873352,0,130755.33312349394,1.999999998920015,0,-1,1,1182768.4896993472
2.0,q-1.0,0.49148667214114505,stable,18,near,7.162280397884315,7.162280388309275,0,0.0,0.0,1,8,-1,889604.3415156548
2.0,q-1.0,0.49148667214114505,stable,18,independent,-1.240895717873512,3.914625203873352,0,0.0,0.0,1,21,1,276685.1114531314
2.0,q-0.25,0.46078738088413185,stable,18,near,7.162280397884315,7.162280388309275,0,0.0,0.0,1,25,-1,1404630.7620983382
2.0,q-0.25,0.46078738088413185,stable,18,independent,-1.240895717873512,3.914625203873352,0,0.0,0.0,1,64,1,91448.00965220948
2.0,q0.0,0.4347568859616015,neutral,18,near,7.162280397884315,7.162280388309275,0,0.0,0.0,1,429,36,60354.06306686727
2.0,q0.0,0.4347568859616015,neutral,18,independent,-1.240895717873512,3.914625203873352,0,0.0,0.0,1,515,1,333049.1839031597
2.0,q0.25,0.391446579560279,unstable,18,near,7.162280397884315,7.162280388309275,0,3421.6815240383767,1.9999895698600745,0,-1,40,155935.1332935274
2.0,q0.25,0.391446579560279,unstable,18,independent,-1.240895717873512,3.914625203873352,0,5488.2369255406675,1.9999575522279716,0,-1,1,249867.61231584466
2.0,q0.75,0.19948844645283387,unstable,18,near,7.162280397884315,7.162280388309275,0,81249.39590663339,1.9999998432261583,0,-1,11,631366.7226165811
2.0,q0.75,0.19948844645283387,unstable,18,independent,-1.240895717873512,3.914625203873352,0,18804.44684937371,1.999999985675625,0,-1,1,133831.16544647727
2.0,one_step,0.5,one_step,18,near,7.162280397884315,7.162280388309275,0,0.0,0.0,1,1,-1,26418.110359377188
2.0,one_step,0.5,one_step,18,independent,-1.240895717873512,3.914625203873352,0,0.0,0.0,1,1,-1,197094.84014748098
2.0,uncoupled,0.0,unstable,19,near,-0.027988041622138974,-0.027988051197179214,0,107199.13885403713,1.999999998281626,0,-1,12,399554.8107028357
2.0,uncoupled,0.0,unstable,19,independent,0.885864349166903,-0.8541413745081553,0,166144.38381386726,1.9999999764889194,0,-1,1,195775.19782398827
2.0,q-1.0,0.49148667214114505,stable,19,near,-0.027988041622138974,-0.027988051197179214,0,0.0,0.0,1,7,-1,44217.82014165331
2.0,q-1.0,0.49148667214114505,stable,19,independent,0.885864349166903,-0.8541413745081553,0,0.0,0.0,1,17,1,10571162.8667999
2.0,q-0.25,0.46078738088413185,stable,19,near,-0.027988041622138974,-0.027988051197179214,0,0.0,0.0,1,17,-1,121183.40611152713
2.0,q-0.25,0.46078738088413185,stable,19,independent,0.885864349166903,-0.8541413745081553,0,0.0,0.0,1,52,1,1177271.72008015
2.0,q0.0,0.4347568859616015,neutral,19,near,-0.027988041622138974,-0.027988051197179214,0,0.0,0.0,1,668,121,308024.4649910848
2.0,q0.0,0.4347568859616015,neutral,19,independent,0.885864349166903,-0.8541413745081553,0,0.0,0.0,1,176,1,115551.42163067096
2.0,q0.25,0.391446579560279,unstable,19,near,-0.027988041622138974,-0.027988051197179214,0,7446.609074957163,1.9999755775439183,0,-1,84,114286.22395241927
2.0,q0.25,0.391446579560279,unstable,19,independent,0.885864349166903,-0.8541413745081553,0,5387.065164277513,1.9999998518080904,0,-1,1,1872321.312541813
2.0,q0.75,0.19948844645283387,unstable,19,near,-0.027988041622138974,-0.027988051197179214,0,57886.9554315142,1.9999999761197695,0,-1,14,4920344.1905028075
2.0,q0.75,0.19948844645283387,unstable,19,independent,0.885864349166903,-0.8541413745081553,0,11420.002598527746,1.9999999929517942,0,-1,1,2423002.8831735123
2.0,one_step,0.5,one_step,19,near,-0.027988041622138974,-0.027988051197179214,0,0.0,0.0,1,1,-1,91414.61838689448
2.0,one_step,0.5,one_step,19,independent,0.885864349166903,-0.8541413745081553,0,0.0,0.0,1,1,-1,2181215.132223891
2.0,uncoupled,0.0,unstable,20,near,0.9336219104138133,0.933621900838773,0,27652.306056198715,1.9999999996437066,0,-1,7,398719.6939981011
2.0,uncoupled,0.0,unstable,20,independent,1.130408290915217,-0.9659260866845303,0,22836.446768057478,1.999999982949789,0,-1,1,2096888.8096705812
2.0,q-1.0,0.49148667214114505,stable,20,near,0.9336219104138133,0.933621900838773,0,0.0,0.0,1,15,-1,92906.14801225963
2.0,q-1.0,0.49148667214114505,stable,20,independent,1.130408290915217,-0.9659260866845303,0,0.0,0.0,1,21,1,91043.16478961028
2.0,q-0.25,0.46078738088413185,stable,20,near,0.9336219104138133,0.933621900838773,0,0.0,0.0,1,171,-1,320893.2798147147
2.0,q-0.25,0.46078738088413185,stable,20,independent,1.130408290915217,-0.9659260866845303,0,0.0,0.0,1,107,1,3245325.939195775
2.0,q0.0,0.4347568859616015,neutral,20,near,0.9336219104138133,0.933621900838773,0,0.0,0.0,1,1340,51,130104.5369985873
2.0,q0.0,0.4347568859616015,neutral,20,independent,1.130408290915217,-0.9659260866845303,0,0.0,0.0,1,605,1,576297.0164670013
2.0,q0.25,0.391446579560279,unstable,20,near,0.9336219104138133,0.933621900838773,0,7518.273246664493,1.9999517589833937,0,-1,11,215618.87631319236
2.0,q0.25,0.391446579560279,unstable,20,independent,1.130408290915217,-0.9659260866845303,0,21047.094311034707,1.999984131594472,0,-1,1,85317.8184690848
2.0,q0.75,0.19948844645283387,unstable,20,near,0.9336219104138133,0.933621900838773,0,6487.148810024213,1.9999998782067714,0,-1,9,1269454.7939816646
2.0,q0.75,0.19948844645283387,unstable,20,independent,1.130408290915217,-0.9659260866845303,0,38000.917764994556,1.9999999683889742,0,-1,1,746512.3421893182
2.0,one_step,0.5,one_step,20,near,0.9336219104138133,0.933621900838773,0,0.0,0.0,1,1,-1,207897.55958038254
2.0,one_step,0.5,one_step,20,independent,1.130408290915217,-0.9659260866845303,0,0.0,0.0,1,1,-1,220007.15303518903
2.0,uncoupled,0.0,unstable,21,near,0.8786611364637107,0.8786611268886704,0,811535.9323072925,1.999999848713224,0,-1,4,777048.2811336999
2.0,uncoupled,0.0,unstable,21,independent,1.835559742794738,-0.6855435006997823,0,81112.89363799593,1.9999999999929363,0,-1,1,77666.3981573747
2.0,q-1.0,0.49148667214114505,stable,21,near,0.8786611364637107,0.8786611268886704,0,0.0,0.0,1,15,-1,39322.3179031317
2.0,q-1.0,0.49148667214114505,stable,21,independent,1.835559742794738,-0.6855435006997823,0,0.0,0.0,1,17,1,264119.8442098267
2.0,q-0.25,0.46078738088413185,stable,21,near,0.8786611364637107,0.8786611268886704,0,0.0,0.0,1,32,-1,298894.76452317333
2.0,q-0.25,0.46078738088413185,stable,21,independent,1.835559742794738,-0.6855435006997823,0,0.0,0.0,1,54,1,401360.958661514
2.0,q0.0,0.4347568859616015,neutral,21,near,0.8786611364637107,0.8786611268886704,0,0.0,0.0,1,943,14,421763.55329734425
2.0,q0.0,0.4347568859616015,neutral,21,independent,1.835559742794738,-0.6855435006997823,0,0.0,0.0,1,100,1,75405.49693292964
2.0,q0.25,0.391446579560279,unstable,21,near,0.8786611364637107,0.8786611268886704,0,2464.4942869990973,1.9999960845492701,0,-1,12,160150.65199014274
2.0,q0.25,0.391446579560279,unstable,21,independent,1.835559742794738,-0.6855435006997823,0,1828.9728829799994,1.999999909563733,0,-1,1,5224198.913823508
2.0,q0.75,0.19948844645283387,unstable,21,near,0.8786611364637107,0.8786611268886704,0,18136.93756236513,1.999999844517152,0,-1,5,207901.61811317102
2.0,q0.75,0.19948844645283387,unstable,21,independent,1.835559742794738,-0.6855435006997823,0,7993.875187773825,1.9999999947663798,0,-1,1,464102.37646090664
2.0,one_step,0.5,one_step,21,near,0.8786611364637107,0.8786611268886704,0,0.0,0.0,1,1,-1,27427159.951494295
2.0,one_step,0.5,one_step,21,independent,1.835559742794738,-0.6855435006997823,0,0.0,0.0,1,1,-1,59588.18766346567
2.0,uncoupled,0.0,unstable,22,near,-1.2512440788923276,-1.251244088467368,0,66902.13379770749,1.999999999823037,0,-1,4,82808.00758671582
2.0,uncoupled,0.0,unstable,22,independent,0.5644933509217676,-1.1496385527726705,0,13771.269065174834,1.9999999803442177,0,-1,1,169669.14358688262
2.0,q-1.0,0.49148667214114505,stable,22,near,-1.2512440788923276,-1.251244088467368,0,0.0,0.0,1,12,-1,71007.17205760583
2.0,q-1.0,0.49148667214114505,stable,22,independent,0.5644933509217676,-1.1496385527726705,0,0.0,0.0,1,16,1,371504.13042498473
2.0,q-0.25,0.46078738088413185,stable,22,near,-1.2512440788923276,-1.251244088467368,0,0.0,0.0,1,47,-1,245525.76989965627
2.0,q-0.25,0.46078738088413185,stable,22,independent,0.5644933509217676,-1.1496385527726705,0,0.0,0.0,1,40,1,1245232.8382926537
2.0,q0.0,0.4347568859616015,neutral,22,near,-1.2512440788923276,-1.251244088467368,0,0.0,0.0,1,350,180,234071.94946878357
2.0,q0.0,0.4347568859616015,neutral,22,independent,0.5644933509217676,-1.1496385527726705,0,0.0,0.0,1,369,1,393912.7228786781
2.0,q0.25,0.391446579560279,unstable,22,near,-1.2512440788923276,-1.251244088467368,0,6754.250413633401,1.9999969135154572,0,-1,23,2104666.513522392
2.0,q0.25,0.391446579560279,unstable,22,independent,0.5644933509217676,-1.1496385527726705,0,13462.646942570213,1.9999983949440483,0,-1,1,512671.5111996036
2.0,q0.75,0.19948844645283387,unstable,22,near,-1.2512440788923276,-1.251244088467368,0,18853.96210189386,1.9999999995665825,0,-1,9,2420846.439368792
2.0,q0.75,0.19948844645283387,unstable,22,independent,0.5644933509217676,-1.1496385527726705,0,47655.285649113954,1.9999994684196312,0,-1,1,178328.73866803432
2.0,one_step,0.5,one_step,22,near,-1.2512440788923276,-1.251244088467368,0,0.0,0.0,1,1,-1,136637.1267407448
2.0,one_step,0.5,one_step,22,independent,0.5644933509217676,-1.1496385527726705,0,0.0,0.0,1,1,-1,78604.00258681733
2.0,uncoupled,0.0,unstable,23,near,-2.2992552974892972,-2.2992553070643376,0,22854.56497620375,1.9999999974358782,0,-1,7,353829.6255336031
2.0,uncoupled,0.0,unstable,23,independent,10.73481030641688,-0.8611843309619165,0,11749.175889624006,1.9999999985358534,0,-1,1,64667.15890540759
2.0,q-1.0,0.49148667214114505,stable,23,near,-2.2992552974892972,-2.2992553070643376,0,0.0,0.0,1,9,-1,103189.75582231852
2.0,q-1.0,0.49148667214114505,stable,23,independent,10.73481030641688,-0.8611843309619165,0,0.0,0.0,1,20,1,54481.256680049
2.0,q-0.25,0.46078738088413185,stable,23,near,-2.2992552974892972,-2.2992553070643376,0,0.0,0.0,1,40,-1,200546.8859432805
2.0,q-0.25,0.46078738088413185,stable,23,independent,10.73481030641688,-0.8611843309619165,0,0.0,0.0,1,78,1,131055.09537759227
2.0,q0.0,0.4347568859616015,neutral,23,near,-2.2992552974892972,-2.2992553070643376,0,0.0,0.0,1,928,80,82251.6211914527
2.0,q0.0,0.4347568859616015,neutral,23,independent,10.73481030641688,-0.8611843309619165,0,0.0,0.0,1,494,1,371854.22974929074
2.0,q0.25,0.391446579560279,unstable,23,near,-2.2992552974892972,-2.2992553070643376,0,3286.954520284122,1.9999969287385317,0,-1,21,585220.2826962009
2.0,q0.25,0.391446579560279,unstable,23,independent,10.73481030641688,-0.8611843309619165,0,17694.210092745376,1.999924368463959,0,-1,1,378921.71660788165
2.0,q0.75,0.19948844645283387,unstable,23,near,-2.2992552974892972,-2.2992553070643376,0,123762.28882259135,1.9999999986617976,0,-1,11,1828606.289447271
2.0,q0.75,0.19948844645283387,unstable,23,independent,10.73481030641688,-0.8611843309619165,0,17477.522290430763,1.9999999907885528,0,-1,1,832834.023806826
2.0,one_step,0.5,one_step,23,near,-2.2992552974892972,-2.2992553070643376,0,0.0,0.0,1,1,-1,820125.789314954
2.0,one_step,0.5,one_step,23,independent,10.73481030641688,-0.8611843309619165,0,0.0,0.0,1,1,-1,97572.59846008218
2.0,uncoupled,0.0,unstable,24,near,-9.6368349534356,-9.636834963010639,0,62272.318866000336,1.9999999990094355,0,-1,7,71950.94349675316
2.0,uncoupled,0.0,unstable,24,independent,-2.927013476870468,-2.243226607568613,0,54420.59165744054,1.9999999999862152,0,-1,1,1471345.0828163065
2.0,q-1.0,0.49148667214114505,stable,24,near,-9.6368349534356,-9.636834963010639,0,0.0,0.0,1,9,-1,98096.88824008088
2.0,q-1.0,0.49148667214114505,stable,24,independent,-2.927013476870468,-2.243226607568613,0,0.0,0.0,1,20,1,37229.68230838011
2.0,q-0.25,0.46078738088413185,stable,24,near,-9.6368349534356,-9.636834963010639,0,0.0,0.0,1,23,-1,210780.27480334262
2.0,q-0.25,0.46078738088413185,stable,24,independent,-2.927013476870468,-2.243226607568613,0,0.0,0.0,1,40,1,296860.8529692819
2.0,q0.0,0.4347568859616015,neutral,24,near,-9.6368349534356,-9.636834963010639,0,0.0,0.0,1,63,-1,1108288.0034287479
2.0,q0.0,0.4347568859616015,neutral,24,independent,-2.927013476870468,-2.243226607568613,0,0.0,0.0,1,326,1,260911.13181866385
2.0,q0.25,0.391446579560279,unstable,24,near,-9.6368349534356,-9.636834963010639,0,42116.56423755368,1.9999999083018962,0,-1,101,167981.99090039675
2.0,q0.25,0.391446579560279,unstable,24,independent,-2.927013476870468,-2.243226607568613,0,11787.576736194558,1.9999925394406262,0,-1,1,80799.51216464421
2.0,q0.75,0.19948844645283387,unstable,24,near,-9.6368349534356,-9.636834963010639,0,14733.11024365106,1.9999998194159496,0,-1,10,22715.934567914956
2.0,q0.75,0.19948844645283387,unstable,24,independent,-2.927013476870468,-2.243226607568613,0,4632.845465438505,1.9999999959571662,0,-1,1,1853883.8495353092
2.0,one_step,0.5,one_step,24,near,-9.6368349534356,-9.636834963010639,0,0.0,0.0,1,1,-1,452556.62836283154
2.0,one_step,0.5,one_step,24,independent,-2.927013476870468,-2.243226607568613,0,0.0,0.0,1,1,-1,268718.6265629122
2.0,uncoupled,0.0,unstable,25,near,-1.5339055580567273,-1.5339055676317677,0,12115.599575992806,1.9999999966526298,0,-1,10,429179.2904609895
2.0,uncoupled,0.0,unstable,25,independent,0.026706591932533982,-0.18792110968384307,0,50520.0370949353,1.9999999974619052,0,-1,1,2969989.691414933
2.0,q-1.0,0.49148667214114505,stable,25,near,-1.5339055580567273,-1.5339055676317677,0,0.0,0.0,1,7,-1,252362.0029235228
2.0,q-1.0,0.49148667214114505,stable,25,independent,0.026706591932533982,-0.18792110968384307,0,0.0,0.0,1,18,-1,111475.32298867645
2.0,q-0.25,0.46078738088413185,stable,25,near,-1.5339055580567273,-1.5339055676317677,0,0.0,0.0,1,33,-1,5174035.455437331
2.0,q-0.25,0.46078738088413185,stable,25,independent,0.026706591932533982,-0.18792110968384307,0,0.0,0.0,1,34,1,67267.94868166767
2.0,q0.0,0.4347568859616015,neutral,25,near,-1.5339055580567273,-1.5339055676317677,0,0.0,0.0,1,649,80,34497.86809799941
2.0,q0.0,0.4347568859616015,neutral,25,independent,0.026706591932533982,-0.18792110968384307,0,0.0,0.0,1,301,1,101242.18812784905
2.0,q0.25,0.391446579560279,unstable,25,near,-1.5339055580567273,-1.5339055676317677,0,60017.79599447516,1.999940886037914,0,-1,20,212733.52441779766
2.0,q0.25,0.391446579560279,unstable,25,independent,0.026706591932533982,-0.18792110968384307,0,2586.532642407933,1.9999847996911944,0,-1,1,1179889.5537702125
2.0,q0.75,0.19948844645283387,unstable,25,near,-1.5339055580567273,-1.5339055676317677,0,120629.40641458862,1.9999999997352749,0,-1,10,341554.7918702794
2.0,q0.75,0.19948844645283387,unstable,25,independent,0.026706591932533982,-0.18792110968384307,0,138210.71134057644,1.999999872038845,0,-1,1,176263.29288518883
2.0,one_step,0.5,one_step,25,near,-1.5339055580567273,-1.5339055676317677,0,0.0,0.0,1,1,-1,64565.852779721456
2.0,one_step,0.5,one_step,25,independent,0.026706591932533982,-0.18792110968384307,0,0.0,0.0,1,1,-1,533851.6752725105
2.0,uncoupled,0.0,unstable,26,near,2.1136617841509144,2.113661774575874,0,35282.28592420188,1.9999999985000403,0,-1,4,101017.94300445069
2.0,uncoupled,0.0,unstable,26,independent,1.3430854238134622,-0.5124094775308647,0,5237.0343064695235,1.9999999654869627,0,-1,1,171370.25301153513
2.0,q-1.0,0.49148667214114505,stable,26,near,2.1136617841509144,2.113661774575874,0,0.0,0.0,1,13,-1,513821.66531405004
2.0,q-1.0,0.49148667214114505,stable,26,independent,1.3430854238134622,-0.5124094775308647,0,0.0,0.0,1,13,1,359169.6449775286
2.0,q-0.25,0.46078738088413185,stable,26,near,2.1136617841509144,2.113661774575874,0,0.0,0.0,1,75,-1,214283.57607037597
2.0,q-0.25,0.46078738088413185,stable,26,independent,1.3430854238134622,-0.5124094775308647,0,0.0,0.0,1,40,1,189938.6961973113
2.0,q0.0,0.4347568859616015,neutral,26,near,2.1136617841509144,2.113661774575874,0,0.0,0.0,1,76,-1,270954.06744860474
2.0,q0.0,0.4347568859616015,neutral,26,independent,1.3430854238134622,-0.5124094775308647,0,0.0,0.0,1,798,1,85629.0790825265
2.0,q0.25,0.391446579560279,unstable,26,near,2.1136617841509144,2.113661774575874,0,1417.159300995958,1.9999521702980882,0,-1,15,225229.42784565696
2.0,q0.25,0.391446579560279,unstable,26,independent,1.3430854238134622,-0.5124094775308647,0,4644.169832053042,1.9999307831996207,0,-1,1,366950.88932926476
2.0,q0.75,0.19948844645283387,unstable,26,near,2.1136617841509144,2.113661774575874,0,7711.461940020379,1.999999997332343,0,-1,6,425935.69823542796
2.0,q0.75,0.19948844645283387,unstable,26,independent,1.3430854238134622,-0.5124094775308647,0,66697.05270477111,1.9999999870083909,0,-1,1,333318.7113481005
2.0,one_step,0.5,one_step,26,near,2.1136617841509144,2.113661774575874,0,0.0,0.0,1,1,-1,522661.98712046386
2.0,one_step,0.5,one_step,26,independent,1.3430854238134622,-0.5124094775308647,0,0.0,0.0,1,1,-1,178423.86113148576
2.0,uncoupled,0.0,unstable,27,near,0.47320499494616075,0.47320498537112055,0,152319.04240589295,1.9999999998852371,0,-1,7,338629.4218957271
2.0,uncoupled,0.0,unstable,27,independent,-1.3507211272148298,0.095128887672816,0,27626.916963506683,1.9999999950054836,0,-1,1,1062002.9391997354
2.0,q-1.0,0.49148667214114505,stable,27,near,0.47320499494616075,0.47320498537112055,0,0.0,0.0,1,9,-1,506330.1826108155
2.0,q-1.0,0.49148667214114505,stable,27,independent,-1.3507211272148298,0.095128887672816,0,0.0,0.0,1,26,3,115533.42538426763
2.0,q-0.25,0.46078738088413185,stable,27,near,0.47320499494616075,0.47320498537112055,0,0.0,0.0,1,23,-1,328732.163458547
2.0,q-0.25,0.46078738088413185,stable,27,independent,-1.3507211272148298,0.095128887672816,0,0.0,0.0,1,189,1,107859.2736291747
2.0,q0.0,0.4347568859616015,neutral,27,near,0.47320499494616075,0.47320498537112055,0,0.0,0.0,1,585,96,616451.5921274982
2.0,q0.0,0.4347568859616015,neutral,27,independent,-1.3507211272148298,0.095128887672816,0,0.0,0.0,1,95,1,776303.133815888
2.0,q0.25,0.391446579560279,unstable,27,near,0.47320499494616075,0.47320498537112055,0,5008.199754662577,1.9999850027903576,0,-1,55,170669.35503345248
2.0,q0.25,0.391446579560279,unstable,27,independent,-1.3507211272148298,0.095128887672816,0,6774.404810930832,1.999968514529621,0,-1,1,726260.4624422212
2.0,q0.75,0.19948844645283387,unstable,27,near,0.47320499494616075,0.47320498537112055,0,31027.768255795603,1.9999993813939887,0,-1,13,1444082.6610384483
2.0,q0.75,0.19948844645283387,unstable,27,independent,-1.3507211272148298,0.095128887672816,0,2618.5854458943327,1.999999926454076,0,-1,1,117205.0788320836
2.0,one_step,0.5,one_step,27,near,0.47320499494616075,0.47320498537112055,0,0.0,0.0,1,1,-1,258682.97464788306
2.0,one_step,0.5,one_step,27,independent,-1.3507211272148298,0.095128887672816,0,0.0,0.0,1,1,-1,1257005.3231268453
2.0,uncoupled,0.0,unstable,28,near,1.1523121980567106,1.1523121884816703,0,27866.906053614857,1.999999999106037,0,-1,9,13846282.933555664
2.0,uncoupled,0.0,unstable,28,independent,-0.16367548281968244,-2.903887080173887,0,46494.86097423602,1.9999999994219797,0,-1,1,386800.69750888477
2.0,q-1.0,0.49148667214114505,stable,28,near,1.1523121980567106,1.1523121884816703,0,0.0,0.0,1,8,-1,112829.40587755929
2.0,q-1.0,0.49148667214114505,stable,28,independent,-0.16367548281968244,-2.903887080173887,0,0.0,0.0,1,15,1,359660.0886895697
2.0,q-0.25,0.46078738088413185,stable,28,near,1.1523121980567106,1.1523121884816703,0,0.0,0.0,1,23,-1,149580.86032630337
2.0,q-0.25,0.46078738088413185,stable,28,independent,-0.16367548281968244,-2.903887080173887,0,0.0,0.0,1,57,1,1230683.7497242938
2.0,q0.0,0.4347568859616015,neutral,28,near,1.1523121980567106,1.1523121884816703,0,0.0,0.0,1,498,121,6832956.290218836
2.0,q0.0,0.4347568859616015,neutral,28,independent,-0.16367548281968244,-2.903887080173887,0,0.0,0.0,1,190,1,464129.010677794
2.0,q0.25,0.391446579560279,unstable,28,near,1.1523121980567106,1.1523121884816703,0,123825.99704868528,1.9999747584647867,0,-1,35,1337971.78092568
2.0,q0.25,0.391446579560279,unstable,28,independent,-0.16367548281968244,-2.903887080173887,0,22407.05476639321,1.9999903845382818,0,-1,1,388573.5609946507
2.0,q0.75,0.19948844645283387,unstable,28,near,1.1523121980567106,1.1523121884816703,0,1497816.3019462542,1.9999999407991105,0,-1,11,1910190.037662007
2.0,q0.75,0.19948844645283387,unstable,28,independent,-0.16367548281968244,-2.903887080173887,0,101011.46140606611,1.999999999029535,0,-1,1,128820.43013242299
2.0,one_step,0.5,one_step,28,near,1.1523121980567106,1.1523121884816703,0,0.0,0.0,1,1,-1,1420186.9159562774
2.0,one_step,0.5,one_step,28,independent,-0.16367548281968244,-2.903887080173887,0,0.0,0.0,1,1,-1,1006428.2151662211
2.0,uncoupled,0.0,unstable,29,near,0.8128604007052765,0.8128603911302362,0,25444.508642960533,1.9999999910388957,0,-1,3,544102.297267017
2.0,uncoupled,0.0,unstable,29,independent,0.9503962142327451,-0.35623058051782247,0,71139.96553657865,1.9999999997270457,0,-1,1,215159.07306564107
2.0,q-1.0,0.49148667214114505,stable,29,near,0.8128604007052765,0.8128603911302362,0,0.0,0.0,1,14,-1,93841.34961199731
2.0,q-1.0,0.49148667214114505,stable,29,independent,0.9503962142327451,-0.35623058051782247,0,0.0,0.0,1,17,1,93545.81802735009
2.0,q-0.25,0.46078738088413185,stable,29,near,0.8128604007052765,0.8128603911302362,0,0.0,0.0,1,40,-1,360245.42378702573
2.0,q-0.25,0.46078738088413185,stable,29,independent,0.9503962142327451,-0.35623058051782247,0,0.0,0.0,1,66,1,32551.75556092422
2.0,q0.0,0.4347568859616015,neutral,29,near,0.8128604007052765,0.8128603911302362,0,0.0,0.0,1,171,-1,539461.9861794899
2.0,q0.0,0.4347568859616015,neutral,29,independent,0.9503962142327451,-0.35623058051782247,0,0.0,0.0,1,395,1,94221.38840957786
2.0,q0.25,0.391446579560279,unstable,29,near,0.8128604007052765,0.8128603911302362,0,5251.210519786377,1.9999992651339487,0,-1,3,861614.2393300448
2.0,q0.25,0.391446579560279,unstable,29,independent,0.9503962142327451,-0.35623058051782247,0,2284.0748734538042,1.9999839393573948,0,-1,1,130368.33702132778
2.0,q0.75,0.19948844645283387,unstable,29,near,0.8128604007052765,0.8128603911302362,0,15499.594129267607,1.9999999997077877,0,-1,3,193569.58426371907
2.0,q0.75,0.19948844645283387,unstable,29,independent,0.9503962142327451,-0.35623058051782247,0,75344.12172702218,1.99999965694297,0,-1,1,465456.23992488143
2.0,one_step,0.5,one_step,29,near,0.8128604007052765,0.8128603911302362,0,0.0,0.0,1,1,-1,579007.4515834894
2.0,one_step,0.5,one_step,29,independent,0.9503962142327451,-0.35623058051782247,0,0.0,0.0,1,1,-1,50087.37665968403
2.0,uncoupled,0.0,unstable,30,near,5.03903403234081,5.039034022765771,0,31227.347152508937,1.99999995756189,0,-1,6,87898.34893503682
2.0,uncoupled,0.0,unstable,30,independent,-3.1198761969354862,-0.5709085495030456,0,74123.4466570699,1.9999999811435347,0,-1,1,70973.78078812595
2.0,q-1.0,0.49148667214114505,stable,30,near,5.03903403234081,5.039034022765771,0,0.0,0.0,1,9,-1,416573.3195989235
2.0,q-1.0,0.49148667214114505,stable,30,independent,-3.1198761969354862,-0.5709085495030456,0,0.0,0.0,1,14,1,400131.95897942357
2.0,q-0.25,0.46078738088413185,stable,30,near,5.03903403234081,5.039034022765771,0,0.0,0.0,1,64,-1,1534423.984085772
2.0,q-0.25,0.46078738088413185,stable,30,independent,-3.1198761969354862,-0.5709085495030456,0,0.0,0.0,1,59,1,244150.03031897877
2.0,q0.0,0.4347568859616015,neutral,30,near,5.03903403234081,5.039034022765771,0,0.0,0.0,1,836,248,188499.60893269087
2.0,q0.0,0.4347568859616015,neutral,30,independent,-3.1198761969354862,-0.5709085495030456,0,0.0,0.0,1,344,1,490280.32107674977
2.0,q0.25,0.391446579560279,unstable,30,near,5.03903403234081,5.039034022765771,0,2068.5521644704168,1.9999939819193298,0,-1,14,106813.34831890189
2.0,q0.25,0.391446579560279,unstable,30,independent,-3.1198761969354862,-0.5709085495030456,0,5394.196634237882,1.9999971672392882,0,-1,1,120085.66210059119
2.0,q0.75,0.19948844645283387,unstable,30,near,5.03903403234081,5.039034022765771,0,11593.25291291591,1.9999999608159542,0,-1,11,197889.4155251361
2.0,q0.75,0.19948844645283387,unstable,30,independent,-3.1198761969354862,-0.5709085495030456,0,40905.83315730557,1.999999980025599,0,-1,1,135846.30687023504
2.0,one_step,0.5,one_step,30,near,5.03903403234081,5.039034022765771,0,0.0,0.0,1,1,-1,463874.00196083606
2.0,one_step,0.5,one_step,30,independent,-3.1198761969354862,-0.5709085495030456,0,0.0,0.0,1,1,-1,669763.6351069949
2.0,uncoupled,0.0,unstable,31,near,-0.7357841193116639,-0.7357841288867042,0,11120.535835744105,1.9999999748280606,0,-1,8,96811.51457427008
2.0,uncoupled,0.0,unstable,31,independent,-6.2493182963932155,0.8318106307521332,0,82927.34683395333,1.999999984776606,0,-1,1,1306485.1649445507
2.0,q-1.0,0.49148667214114505,stable,31,near,-0.7357841193116639,-0.7357841288867042,0,0.0,0.0,1,9,-1,175618.90396507538
2.0,q-1.0,0.49148667214114505,stable,31,independent,-6.2493182963932155,0.8318106307521332,0,0.0,0.0,1,18,1,680968.9308565875
2.0,q-0.25,0.46078738088413185,stable,31,near,-0.7357841193116639,-0.7357841288867042,0,0.0,0.0,1,40,-1,1762462.8650346987
2.0,q-0.25,0.46078738088413185,stable,31,independent,-6.2493182963932155,0.8318106307521332,0,0.0,0.0,1,56,1,380791.22545050207
2.0,q0.0,0.4347568859616015,neutral,31,near,-0.7357841193116639,-0.7357841288867042,0,0.0,0.0,1,134,-1,572873.1803848227
2.0,q0.0,0.4347568859616015,neutral,31,independent,-6.2493182963932155,0.8318106307521332,0,0.0,0.0,1,1322,1,110145.47160573231
2.0,q0.25,0.391446579560279,unstable,31,near,-0.7357841193116639,-0.7357841288867042,0,15332.384185119869,1.999998845608539,0,-1,13,325099.45051300153
2.0,q0.25,0.391446579560279,unstable,31,independent,-6.2493182963932155,0.8318106307521332,0,5416.4962018279475,1.9999677247740844,0,-1,1,198177.29863768903
2.0,q0.75,0.19948844645283387,unstable,31,near,-0.7357841193116639,-0.7357841288867042,0,67341.92484307865,1.999999935192926,0,-1,12,157130.83286085413
2.0,q0.75,0.19948844645283387,unstable,31,independent,-6.2493182963932155,0.8318106307521332,0,6869.395731897611,1.9999999975989469,0,-1,1,165952.29708716556
2.0,one_step,0.5,one_step,31,near,-0.7357841193116639,-0.7357841288867042,0,0.0,0.0,1,1,-1,368675.9723211806
2.0,one_step,0.5,one_step,31,independent,-6.2493182963932155,0.8318106307521332,0,0.0,0.0,1,1,-1,9012033.06562611
