replicate,fourier_minus_tm_rmse
0,0.0013403892101720037
1,0.001331028840028509
2,0.001429977824302697
3,0.0011689060763544177
4,0.0011771293484824775
5,0.001266517549136218
6,0.001363581812188499
7,0.0014539930359061515
8,0.001156056389695483
9,0.0014026497200943001
10,0.0012149077036155234
11,0.0013314428026326608
12,0.001233086487466847
13,0.0013542981544378441
14,0.001337894098177769
15,0.0012294577651860627
16,0.0012350818744320065
17,0.0011101914684993473
18,0.0012884355728017755
19,0.0009871976617455418
20,0.0012973467015864881
21,0.0012355260029066912
22,0.0013451542526337755
23,0.0013707156076017283
24,0.0012511439889063892
25,0.0011852108725423178
26,0.0011849988981461404
27,0.0015441893653993044
28,0.0014828771049602467
29,0.00133077775086033
30,0.001315691333945929
31,0.0013971667620504746
32,0.0012449774515799626
33,0.0013488628091482067
34,0.0012015103760167711
35,0.0010989531810648263
36,0.001404159997511844
37,0.0011492980388716578
38,0.0012524367503867187
39,0.001383871497231285
40,0.001145093215205556
41,0.0012091401291367757
42,0.0010763136596664419
43,0.0010697898087642086
44,0.0011742591051440577
45,0.0014256134322918341
46,0.001364025337628981
47,0.0012829463877899027
48,0.0013340867973397259
49,0.001411098168608191
50,0.001355135305344892
51,0.0008066530736131703
52,0.0016191286335820651
53,0.0015052873302609827
54,0.0012076422511235123
55,0.0013913008379606631
56,0.0012373048868436376
57,0.0012525256003900035
58,0.0013367365828717043
59,0.0012606903760696484
60,0.0011610482187972366
61,0.0011316880574312222
62,0.0014550065322852792
63,0.0011694416216180845
64,0.001484927202444413
65,0.001286646533783544
66,0.0011918684368197796
67,0.0010668619549855638
68,0.0011416008169720456
69,0.0012158913447684184
70,0.0011153019657537666
71,0.0013573476855414694
72,0.0013094559137979476
73,0.001369347959823534
74,0.0014540732234035883
75,0.0013312495127042283
76,0.0013943944889157906
77,0.0011865705837498942
78,0.0013801188245577793
79,0.0012261460485233225
80,0.0012594657978329603
81,0.0013532051328576029
82,0.0014531685386590559
83,0.0012788594090732345
84,0.0011816045406845466
85,0.0011727568711172654
86,0.001341281147755657
87,0.0013347312757968927
88,0.0014795795286675247
89,0.0014686624280818566
90,0.001181789154354496
91,0.0008653733686485884
92,0.001233631947369112
93,0.0013031278439963902
94,0.0013532570355559493
95,0.0008856993859851987
96,0.0012140055768696649
97,0.0012943390818887538
98,0.0014699170589555033
99,0.001353595500922598
100,0.0011893994860937588
101,0.0010716307600741606
102,0.001196855879626345
103,0.001498852476626388
104,0.0011296450957084157
105,0.0012577824381439617
106,0.0011736984215967802
107,0.001124348490025977
108,0.0013920279430817263
109,0.0011228836404955599
110,0.001260815880695556
111,0.0011945519816310842
112,0.0012848191772244397
113,0.001379119744674497
114,0.0013628333572031442
115,0.0012044703569351778
116,0.0010375214673872374
117,0.0010961128232461306
118,0.0012438641675275941
119,0.0012206084990165256
120,0.001564697418075929
121,0.0012556517806616729
122,0.0014399522213420896
123,0.0010422987623937311
124,0.0012832878202435158
125,0.0014169711842222038
126,0.0013139897055317866
127,0.0013814513046575766
128,0.001235377213227232
129,0.001123059981142625
130,0.0009584290682123052
131,0.0011773787940795523
132,0.001179598879563932
133,0.0011029076818033633
134,0.001344802019533413
135,0.0010424776110477228
136,0.001260652438963651
137,0.0010205519630040304
138,0.0012556171210144544
139,0.0013582002513906465
140,0.0012797186715376018
141,0.0012205280315239321
142,0.001280586791378742
143,0.0012870693539369282
144,0.0012671022537329667
145,0.0012805015649377427
146,0.0014145455302189188
147,0.001460504050581436
148,0.0014646189719725172
149,0.0013000896112927004
150,0.001259466944950595
151,0.0011515804160847078
152,0.0012801687849813177
153,0.0010984822503863987
154,0.0013969566466822078
155,0.001285083065209252
156,0.001444689588865946
157,0.0015409425730360104
158,0.001094788572669951
159,0.0014935004121865944
160,0.0010424386243460676
161,0.0013040485427623248
162,0.0013373809988744946
163,0.0011044920326282604
164,0.0007584301788674823
165,0.0012270451831720547
166,0.001346834162764319
167,0.0013910249921868598
168,0.0012399793355967919
169,0.0013351165366116012
170,0.0010698898829882373
171,0.0014702596655536133
172,0.0010678913447555653
173,0.0010689533953581899
174,0.0012539441449726998
175,0.0009976382342814986
176,0.0014957304301844937
177,0.0014103151258543726
178,0.0013072587267567157
179,0.0010939668641273522
180,0.0013320832116022736
181,0.0011239877969830602
182,0.0010942203145787766
183,0.001153629129912735
184,0.001274915122228878
185,0.001176276329808777
186,0.0013702358258139238
187,0.0013340378906488367
188,0.001268600053302967
189,0.001176267106676811
190,0.0013961026687697971
191,0.0014595574094818154
192,0.001288611037976784
193,0.0014165071682300577
194,0.001174169567442589
195,0.001488823074763657
196,0.0011424235315917262
197,0.001278566329977459
198,0.001642110187085476
199,0.0010357712384050873
200,0.001287261771349393
201,0.0013880885060178127
202,0.0014400868397706444
203,0.0011081148156036442
204,0.0011871749144452782
205,0.0013722911414154652
206,0.0012880949856537306
207,0.0012035145981971
208,0.0011572827066042306
209,0.0012009392363298008
210,0.0011692167169395236
211,0.001071789087370924
212,0.0013402039153722223
213,0.0012563186188254442
214,0.0014085269236888023
215,0.0011185872898058684
216,0.0010301293631819416
217,0.0011043407897432253
218,0.0015288382734179229
219,0.0010673271380746327
220,0.0011893937980085635
221,0.0011102904183662096
222,0.001264773948100746
223,0.001347852205110314
224,0.0013327370946241133
225,0.0012497774239600056
226,0.0014093487536067397
227,0.0011760773559126346
228,0.0013205127910969217
229,0.0011266310156552205
230,0.001392836647772008
231,0.0012200929614254374
232,0.0013138425566795117
233,0.0012675218031279333
234,0.0009676871789896205
235,0.0012441164840170682
236,0.001173349457513706
237,0.001470639757108042
238,0.001272545481495466
239,0.0012659912609448674
240,0.0010170303530430815
241,0.0015688622008387442
242,0.0013706128558822175
243,0.0015236168239618746
244,0.0013016065844218912
245,0.0012260197864974948
246,0.0012597088770035759
247,0.0012957807963652548
248,0.0012266024772003617
249,0.0011370733626280727
250,0.0015244933092652371
251,0.0011839557924016623
252,0.0011850927737412807
253,0.0012253129476490717
254,0.0013510668285980165
255,0.0013713986847526441
256,0.0012331384606858653
257,0.0013521119644694815
258,0.001402486347752465
259,0.0012797884410484014
260,0.0013850991182541665
261,0.0013641115214955456
262,0.0013010088189641346
263,0.0011668239889977704
264,0.0012353367724562178
265,0.0015961743433386957
266,0.001477958532347537
267,0.0012550169361207058
268,0.0011723040384224155
269,0.0011151424664330456
270,0.001303322534645973
271,0.0011830858715446504
272,0.001463945240460307
273,0.0012391363445316843
274,0.0010356123712197674
275,0.0015162051562124274
276,0.0009081548808739807
277,0.001262912471703123
278,0.0014931134773732927
279,0.0013915081924527675
280,0.0016100547644601693
281,0.001273447192492948
282,0.0009930216132102453
283,0.0014539241697317635
284,0.0013710723205839557
285,0.0013485337244260316
286,0.0011401665537035227
287,0.0011695071134225688
288,0.0012821134783047331
289,0.0012521158810458704
290,0.0016412370377555702
291,0.0011525100648635642
292,0.0011361009996732497
293,0.0009676114456462946
294,0.0012524687783099855
295,0.0013164583720798907
296,0.0015725339458724011
297,0.0016490195884173741
298,0.001109145231206269
299,0.0014721841473686087
300,0.00107527478266765
301,0.0013158730588277315
302,0.0011332898039961249
303,0.0014348306181398822
304,0.0012676537112193546
305,0.0012110576901860107
306,0.0011283497166215952
307,0.001311066768312369
308,0.0011890611813456437
309,0.0012086939318714574
310,0.0014794897767160268
311,0.0012756412981300676
312,0.001233389812616443
313,0.0012676824247708168
314,0.0014577365696751118
315,0.0014178561854822672
316,0.0010663633777495529
317,0.0014200585148119748
318,0.0011507918022729056
319,0.0012458412958004177
320,0.0012203129296635916
321,0.0012472644274827906
322,0.0010697620140411059
323,0.001445070537419259
324,0.001182212942031629
325,0.0011179264309887642
326,0.0013390789771676706
327,0.001318592066965742
328,0.0013675231238060794
329,0.0010878186595303981
330,0.001477473189973755
331,0.0012127153914580433
332,0.001329584666508996
333,0.0013751724045456702
334,0.0012017565852213837
335,0.001486938381858771
336,0.001299695530841144
337,0.001457798072881008
338,0.0011630934340136443
339,0.0013585921605143868
340,0.0014196119172995105
341,0.001323585344389818
342,0.0015838624168468367
343,0.001411044751843758
344,0.0011159455722073567
345,0.0011705982817862876
346,0.0015675272462121084
347,0.0014692042806589613
348,0.001357101935533872
349,0.0012983724090030679
350,0.0013895007385569596
351,0.0012371233037684567
352,0.0012924424854586585
353,0.0013833415302072116
354,0.0011998217138235105
355,0.0014855777269519276
356,0.0015265397291145458
357,0.0010780931308299008
358,0.0013389845375531815
359,0.0013469301861516315
360,0.0012462835191079905
361,0.001138259462298673
362,0.0015167898784252004
363,0.001146430273092879
364,0.0012552808728923351
365,0.0011946863319658605
366,0.0012172408005291543
367,0.0008108387659957817
368,0.0015083859837372877
369,0.0012445285730878061
370,0.0013961989356718891
371,0.0011992715131632953
372,0.0009405648078296513
373,0.0011446171873424307
374,0.0011773042650046453
375,0.001289024842341771
376,0.0011670483229485027
377,0.0012874325559382254
378,0.001338528877499784
379,0.0011068568982375924
380,0.0013182250619636706
381,0.0012194028709239212
382,0.0008878352042491358
383,0.0011738822170856414
384,0.0012445957766150728
385,0.0010289707623737775
386,0.0013033369608569062
387,0.0013299648662237506
388,0.0011557033006569146
389,0.0014089069902787307
390,0.0013782210187720813
391,0.001425660231282861
392,0.0011845144225116429
393,0.0011496134091576785
394,0.001346040884500158
395,0.001207437810724084
396,0.001034899540709858
397,0.0011034701336396686
398,0.0013227636172056243
399,0.0016646428685217157
400,0.0014202290151810193
401,0.0011876327297730108
402,0.0011391661333104378
403,0.001289318906365089
404,0.0012818083489549495
405,0.0012831960180924166
406,0.0012957280626411925
407,0.0013698733040376243
408,0.0013096993110066353
409,0.001428301234264318
410,0.0013565670689139246
411,0.0009017590364109745
412,0.00123448802489193
413,0.0009851513008763105
414,0.0012431799743408275
415,0.0011664969552727486
416,0.0012857577430319342
417,0.0014515248776129947
418,0.001119840286401256
419,0.0008699554056371226
420,0.0013332287337176657
421,0.0011076715520776878
422,0.0012967737526366522
423,0.0015988928094469567
424,0.0014447105529597026
425,0.001274270034969419
426,0.001402953017586591
427,0.0013826769232055593
428,0.0012177056230274908
429,0.0010336030749019246
430,0.0011104001293988075
431,0.0013371529429614688
432,0.001276305444243704
433,0.0010775310501195214
434,0.0011028651563384196
435,0.001049221489784518
436,0.001245373934762884
437,0.00133892541259269
438,0.001030299403863309
439,0.0011711740068956684
440,0.001176946792447192
441,0.0010662091083461609
442,0.0013645994546131902
443,0.0011270126740560906
444,0.0013402132922397294
445,0.0010599512403819075
446,0.0015344510691156258
447,0.0013592209761322258
448,0.0016186616949450895
449,0.0010513681952540968
450,0.0012586737973775805
451,0.0012664959596605846
452,0.0010499212895823062
453,0.0013737744995021826
454,0.0012335666446770864
455,0.0013188543397720132
456,0.0010960091194008401
457,0.0012447926603051571
458,0.0011927911580086826
459,0.001245494013174235
460,0.0010684000986582087
461,0.0013194224706344227
462,0.0012108498699461916
463,0.001308241645424203
464,0.0014537787917727446
465,0.00131561063279955
466,0.001220413248488693
467,0.0011680895007826744
468,0.001466024804205778
469,0.0014609286469519976
470,0.001125978185232219
471,0.001213615816894839
472,0.0012081434056540545
473,0.0010496530498375857
474,0.0012931831900503774
475,0.001240896579281177
476,0.001170277030402475
477,0.0013569611066098588
478,0.001188675005852041
479,0.0014932338277227355
480,0.001191501759914602
481,0.0012856008235535888
482,0.0014462515843506035
483,0.0012171356474836043
484,0.0012092478842732296
485,0.0009851211188118432
486,0.001271864112897164
487,0.0014944869511671257
488,0.0012862478414931303
489,0.0013448001826863612
490,0.0011924171766520926
491,0.0010753008771504557
492,0.0013871602429638182
493,0.0014045715883326021
494,0.0010337871831461853
495,0.0011504273930002915
496,0.0013664067261782453
497,0.0010619474962214536
498,0.0011147331259845576
499,0.0013107159768646905
500,0.00145544920024147
501,0.0013011181837651886
502,0.0010359712152136966
503,0.0014122949122767551
504,0.0013444607666594154
505,0.00142897926065863
506,0.0011324989645174908
507,0.0010529182955635557
508,0.0011358539957095893
509,0.0013437447061518534
510,0.0013432664038380714
511,0.0015475808676463987
512,0.0013153210679790511
513,0.0013424306800807698
514,0.0012429740301420646
515,0.0013408471360301284
516,0.0013257040052285592
517,0.0012379783430571806
518,0.001141327744356062
519,0.0012056305354642132
520,0.0012792255134929861
521,0.0013307893895748303
522,0.0014581409291733161
523,0.0014097909423618166
524,0.0013529648753668835
525,0.0010765150743557495
526,0.001057596443800873
527,0.0012597923949427816
528,0.0012134122665884305
529,0.0011145220699108694
530,0.001128709294746107
531,0.0013831471142962532
532,0.0010684745066775524
533,0.0012703096278123404
534,0.0011536889097871277
535,0.0013937592819300044
536,0.001296477882598979
537,0.0011532716343649208
538,0.0011123699914635874
539,0.0012815456747763824
540,0.0009471824005218303
541,0.001243853638227348
542,0.0015350928041675494
543,0.0012109235415372292
544,0.0010992117934120536
545,0.0012492782912717337
546,0.0011644934456840562
547,0.0013087501439070198
548,0.001272099130298351
549,0.0011231322575489654
550,0.0012252869375629703
551,0.001306313360832132
552,0.0012404126774775233
553,0.0011991843811859743
554,0.0016475636630793663
555,0.0011315676827795378
556,0.001171670085553854
557,0.0011916795110124233
558,0.0012563378859004118
559,0.0012022276857774883
560,0.001449797964372544
561,0.0011557715173164122
562,0.0014120144453661956
563,0.0010779381539876018
564,0.0012428060143292246
565,0.0012753838122866225
566,0.0012366421260022712
567,0.001211725492887736
568,0.001517778993311402
569,0.0010875715255863102
570,0.0010998173840818053
571,0.0011875579478540163
572,0.0012298973444020789
573,0.0014837215012382544
574,0.0013591165696271916
575,0.0014368327472283387
576,0.0013221298601452684
577,0.0014680558174017717
578,0.0013526157880378103
579,0.0011657438835833058
580,0.0011387121087317704
581,0.0010755066187839082
582,0.0012685314330706614
583,0.001223455214149688
584,0.0010284616101126807
585,0.0012631017405989673
586,0.0010724139101247452
587,0.001502821033570988
588,0.001355441708150804
589,0.0013133576544998929
590,0.0011970909833375828
591,0.0012615187055911204
592,0.0013296738339961091
593,0.0014469600627618501
594,0.0011532175891170273
595,0.0013410365205030657
596,0.0011208284820544707
597,0.0012913768533186092
598,0.001304433471863159
599,0.0013799069155163092
600,0.0014586823544917697
601,0.001332951412909898
602,0.0011928407794693245
603,0.0010882957443529837
604,0.001199637572307589
605,0.0013283234184278787
606,0.0014138986638122528
607,0.0012483886633238175
608,0.0013677138965897356
609,0.001490542712255818
610,0.001516624046037224
611,0.00109183290968769
612,0.0011445421337505984
613,0.0012797991049379705
614,0.0016583894735362151
615,0.001266155234376268
616,0.00120072741492598
617,0.0013314130611361077
618,0.0010988660635499667
619,0.0014664979602266555
620,0.0011335529443946004
621,0.001167665712537377
622,0.0011200233556732037
623,0.0011719395846259435
624,0.0011895865746195198
625,0.0010886335642803862
626,0.0009685396545301775
627,0.001336493977824935
628,0.0013152452192725114
629,0.001267211186333887
630,0.0012700354602934105
631,0.0013417080636774045
632,0.001210831495540926
633,0.0014508771140422424
634,0.0012670084722985833
635,0.001169879784854508
636,0.0010646468127124763
637,0.001351738225687189
638,0.001497754216027863
639,0.0014187969977396693
640,0.0011813625040544783
641,0.0011401881320888161
642,0.0011674734268170375
643,0.0014637255520832623
644,0.0012494942348521747
645,0.0013324349187431666
646,0.0010341036378497452
647,0.001131576239179634
648,0.00133697867078984
649,0.0013717151865018226
650,0.0013002928146031737
651,0.0012645803027745946
652,0.0013337010215299875
653,0.0015229010610056598
654,0.0014039061409116822
655,0.0011751112986542037
656,0.0012682968252697986
657,0.0011947767275808372
658,0.0013608862400844933
659,0.0014005760218311013
660,0.001329986990296635
661,0.0011872843375833621
662,0.0010399710750659834
663,0.001109615152085618
664,0.0011618782866045898
665,0.0013138708234743625
666,0.0012836937876927724
667,0.0010081831747385606
668,0.0009923598329600015
669,0.0013853401272708227
670,0.0014911445311601606
671,0.0012464017772605691
672,0.001181389026688343
673,0.0010456494558516239
674,0.0012935830214302103
675,0.001166243437408836
676,0.0016173763057100614
677,0.0012061424010008136
678,0.0012066507570308415
679,0.0012409952760441697
680,0.001502901031513485
681,0.0013045135948561092
682,0.0012592046342942667
683,0.0012194490122365708
684,0.0013511190945881553
685,0.0013629066806609416
686,0.0012565307082108186
687,0.0013803212347926097
688,0.0010422338820820706
689,0.0013868949035913463
690,0.001548652456752399
691,0.0013116948493472017
692,0.0015854594595384715
693,0.0013038755891005254
694,0.0012567807357541693
695,0.0014064180856196828
696,0.0011846761003451393
697,0.0012980192509699836
698,0.0014669787663320003
699,0.0012774078955656515
700,0.0014224715319800883
701,0.0013233944001432695
702,0.001346904514598455
703,0.0012016662080334892
704,0.0013824894973395187
705,0.0011416072459770785
706,0.0010933677394814113
707,0.0010861430610218327
708,0.0014161334800157474
709,0.0011064771539599783
710,0.0014279974924033176
711,0.001251701983478272
712,0.001373912853795906
713,0.0014266959430922386
714,0.0011644470732729627
715,0.001190869985825106
716,0.0015519717202620955
717,0.0014731854001878374
718,0.0011124559935599678
719,0.0013445405512464068
720,0.001117789416285604
721,0.0011730268622339118
722,0.001296364387430316
723,0.0010017725201858067
724,0.0010215395624489493
725,0.0013110818471529387
726,0.0013157618193603974
727,0.001298488484080421
728,0.0012945548039093406
729,0.0011905869569935209
730,0.0011810343307043498
731,0.0011323523970488455
732,0.0012362151827482635
733,0.0014597842752272368
734,0.0011200132453011102
735,0.0014723634167237041
736,0.0014001037328500692
737,0.0012154417852849905
738,0.0010776685736795693
739,0.0013573250551581566
740,0.0012434509585742513
741,0.0011449737399387735
742,0.0011424384035630263
743,0.0011746257102293936
744,0.0011523247674282506
745,0.0011261719330528902
746,0.0015215602338228768
747,0.0013838425696912021
748,0.0012243875441828058
749,0.001577734405802299
750,0.0012133694018593162
751,0.001215316769676171
752,0.0011639799559410196
753,0.0011940561143179982
754,0.0012426000033430127
755,0.0013118661055576948
756,0.0012471372751507003
757,0.0013939226003495807
758,0.0011006136111314634
759,0.0012652091954625283
760,0.001203955109034257
761,0.0011534004623606207
762,0.0015479849382910977
763,0.0012302253403275686
764,0.0013665926961857879
765,0.0012283400756223375
766,0.0011399023526469847
767,0.0010680219225519892
768,0.0015636049296856329
769,0.0013765642147269552
770,0.001160457351830813
771,0.0012522914654027296
772,0.0012970437600723949
773,0.0015633870932146958
774,0.0014189337909982789
775,0.0011641402860415775
776,0.0011819424176053373
777,0.001089390242639564
778,0.001155622705789027
779,0.0012584722311160905
780,0.0014425703665674637
781,0.0014530299925520445
782,0.001435359732325437
783,0.001251580579707401
784,0.0010711546805284898
785,0.0011373542411808365
786,0.0014306300824607555
787,0.0011325759456126798
788,0.00138500531605045
789,0.0013011127298749943
790,0.0012618388023495411
791,0.0014745040696706232
792,0.0013330048505155092
793,0.0013242867247513065
794,0.001221140296277487
795,0.0011985978729213394
796,0.0012763347359658474
797,0.0013998853143170223
798,0.0012321141384825207
799,0.0013053083616216376
800,0.0013063850867263524
801,0.0011654005945027322
802,0.0012907154498974635
803,0.0013968570597416281
804,0.0014737009368159457
805,0.0012200078407500455
806,0.0014394521813756113
807,0.0011422070820224413
808,0.0011050554627850871
809,0.0013387002761315963
810,0.0014436665534575276
811,0.0011431631187909025
812,0.0015758085972446656
813,0.0012052304021492846
814,0.0012375241041292155
815,0.0012978958073159564
816,0.0011428746119287252
817,0.0012671586063875912
818,0.001300570474176027
819,0.0014133723628970835
820,0.0012994612292627306
821,0.0012017016396878614
822,0.0012372310233447362
823,0.001418777036626193
824,0.001249255009651175
825,0.0012728901268782794
826,0.0013839986435256906
827,0.0011637996555500967
828,0.0013126677782185116
829,0.0010535089055217198
830,0.0011961993161548664
831,0.0013079890693654236
832,0.0010773125614126982
833,0.0011452246119013864
834,0.0012950943838018901
835,0.0011133558583299242
836,0.0011890104084292584
837,0.0012225391686527393
838,0.0011191180321338825
839,0.0012541918497144203
840,0.0012780747892704013
841,0.0012715945067253652
842,0.001273742703089865
843,0.0012988915930492926
844,0.0014931539176909862
845,0.0013421554992391746
846,0.0013110963890858318
847,0.0012968443973702135
848,0.001318007311922112
849,0.0012058847790424637
850,0.0013341474283954837
851,0.001162801730633778
852,0.0011297925861587423
853,0.0013778095573107492
854,0.0013619864200179925
855,0.0013144697321541565
856,0.0013105774798690313
857,0.0011847466337134372
858,0.0015499419029397505
859,0.0015364583172633635
860,0.0011289508019465173
861,0.00146778547115171
862,0.0012315408720323883
863,0.0015654126882272419
864,0.0012810391378862806
865,0.0011627207081956466
866,0.0010834887045514188
867,0.0013830555872839639
868,0.0008638906089464419
869,0.0012408543524637348
870,0.0012676896456581249
871,0.0015382603783528372
872,0.0013732319679393566
873,0.0012864257647038676
874,0.0012421093347242341
875,0.0012719753579911637
876,0.001484622628308679
877,0.0011756719073718759
878,0.0013124591236824575
879,0.0014206105813045849
880,0.0016146226506315027
881,0.001216237224468648
882,0.0010933722290115877
883,0.0013712883949057112
884,0.0012671020989612626
885,0.0012362025187762252
886,0.0012676664785134899
887,0.0013303156590066735
888,0.0015384434699521616
889,0.0011231478685460128
890,0.0012610379199429788
891,0.0009768331787957697
892,0.0011836941698970104
893,0.0012110158241970194
894,0.001343511002591158
895,0.001302052701977629
896,0.001101527258087952
897,0.0009063535267741464
898,0.0010227514450960404
899,0.0012801906593798975
900,0.001177419054099033
901,0.0014033221799467357
902,0.0015615034372528027
903,0.0015350753714044587
904,0.001217511245889486
905,0.0014164768614881324
906,0.0015673407289888447
907,0.0013788760085489279
908,0.0010370796369973865
909,0.0013821602522608994
910,0.001161354660527584
911,0.0013205178487850151
912,0.001433453843681429
913,0.0010891187659679
914,0.0011158786780512938
915,0.0012958071249269925
916,0.0012916075275084381
917,0.0012781283069568169
918,0.0013964458077585949
919,0.0013464966405338065
920,0.0009857202196877485
921,0.0011843067983449398
922,0.0013938316903218913
923,0.001126162446314183
924,0.0013326980208001565
925,0.0010969359374781646
926,0.000990977688316118
927,0.0011656153164536292
928,0.0012920845967658618
929,0.0013339392977466376
930,0.0012610206027745617
931,0.0014178508211302363
932,0.0012836767890173164
933,0.001099898189192409
934,0.0012392141004239912
935,0.0014224232316386706
936,0.0013282255829653031
937,0.0014280050152517354
938,0.001156655999433302
939,0.0009702348387483791
940,0.0013974295359291476
941,0.0010667556420646718
942,0.001357800711605897
943,0.0010594038434776892
944,0.0012349633805267021
945,0.0013127400931930296
946,0.001464623186176605
947,0.001109208267998285
948,0.0009558451729933198
949,0.0009982297395356378
950,0.001220029654712512
951,0.001130388588355471
952,0.0015222430518111812
953,0.0012269375959952802
954,0.0015427898166751745
955,0.001379984930650751
956,0.0014871811288777266
957,0.00151681765567012
958,0.0011882768969708275
959,0.0013905988556830236
960,0.0013749738790116762
961,0.0010695007265492872
962,0.0013706345351283155
963,0.0011175564675831521
964,0.0013356033417353432
965,0.0014009644307269697
966,0.001312122613359264
967,0.0013979251236296798
968,0.001261387381174498
969,0.0010370759667382395
970,0.0015851041535842917
971,0.001392250068813015
972,0.0011871569856474794
973,0.0012081901898954226
974,0.0011505414434728912
975,0.0014326413263230369
976,0.0014458770352266228
977,0.0013170366345036774
978,0.0015628073864790114
979,0.0013165672807910942
980,0.0012986043320360324
981,0.0012953389012525457
982,0.0013107185382647225
983,0.0015007431583354386
984,0.0013548436467254164
985,0.001095765307731219
986,0.001154731415343655
987,0.0013069054845291134
988,0.0016025118563794362
989,0.001414835999754982
990,0.0013561279869262765
991,0.0011994720756912786
992,0.0012355532477387608
993,0.001519414554236122
994,0.0015243299922896329
995,0.001364204794368559
996,0.0014470400285457184
997,0.001555276463241712
998,0.0013110669099750986
999,0.0013071119115005726
1000,0.0011594912553547071
1001,0.0013654171044928916
1002,0.0012263772877881525
1003,0.0014326461940101785
1004,0.0012592304459033677
1005,0.0011243321774643239
1006,0.0015232729334971674
1007,0.0011722566979780874
1008,0.001277700188551288
1009,0.001483012712693231
1010,0.0014712715353595706
1011,0.0011780466375587708
1012,0.0012786181733526153
1013,0.0013107157320959193
1014,0.00122095166695595
1015,0.00123768151333938
1016,0.0010831415906027036
1017,0.0014008785696589191
1018,0.0010574743295955853
1019,0.00144408567572557
1020,0.0011250729229734756
1021,0.0015642911186014067
1022,0.0016118138433006603
1023,0.0012907479141475635
1024,0.0014679563967020437
1025,0.0013323424009939486
1026,0.0016493916047360397
1027,0.0011287523348331014
1028,0.0009176270425144584
1029,0.0012898041776800502
1030,0.001374348818541775
1031,0.0013282403501348387
1032,0.0011064604381548894
1033,0.0014428580174172766
1034,0.0011974679461841159
1035,0.0014682940721363021
1036,0.0011571112062106381
1037,0.0013507593448442326
1038,0.0013019948610626093
1039,0.0010511732725083079
1040,0.0012615761491112346
1041,0.0011311140869429642
1042,0.0011976979763886405
1043,0.0014204442658007001
1044,0.0012528735460750852
1045,0.001296704332669178
1046,0.0009833908926997125
1047,0.0014748441918443636
1048,0.0013721660969465445
1049,0.0014494228501707369
1050,0.0013404348238435387
1051,0.001102801532321465
1052,0.0012495022428783574
1053,0.0011500028678015821
1054,0.001054224495325044
1055,0.001082646907055794
1056,0.001274604621263932
1057,0.0013506001325273888
1058,0.0012214868765415285
1059,0.0009792480681175945
1060,0.001127139595387699
1061,0.0013041918081737136
1062,0.0011741184496348814
1063,0.0013393100191493672
1064,0.0011073260631633657
1065,0.0013612383901367314
1066,0.0014033748708499724
1067,0.001321675763731382
1068,0.001418440932007572
1069,0.001450074936930659
1070,0.0012996191064307998
1071,0.001742174497623598
1072,0.0010321549804423345
1073,0.0009884169602797335
1074,0.001244516199620216
1075,0.001257645051116954
1076,0.0014786989795492235
1077,0.0015330452323010252
1078,0.0009938770041578102
1079,0.001450378899530687
1080,0.0012262936653995552
1081,0.0012844984476804591
1082,0.0011709215638670619
1083,0.0012214146403273867
1084,0.0014424906560388075
1085,0.001208590222280009
1086,0.0011657926710889454
1087,0.0013337372255841939
1088,0.0012267668449742824
1089,0.0012826298927134513
1090,0.0011253953090826297
1091,0.0015109019543602519
1092,0.0013677338118651089
1093,0.0012989159631167165
1094,0.0013073169987716765
1095,0.0008864904468082854
1096,0.001471411560953367
1097,0.0012861501406907204
1098,0.0011669677926881054
1099,0.0016530051320893305
1100,0.0012227457670273179
1101,0.0012703964049429984
1102,0.0008887124019251486
1103,0.001442980473885627
1104,0.0012977264715498902
1105,0.0010206471646397714
1106,0.001372881871348475
1107,0.0012861697024719812
1108,0.0016119119690488496
1109,0.0013259818936727532
1110,0.0011550877126649604
1111,0.0012386596863971232
1112,0.0012443723012145996
1113,0.0012262566819182456
1114,0.0014232540662051066
1115,0.0011778592983747332
1116,0.0013389552331220479
1117,0.0013419354961480689
1118,0.0011739321358025963
1119,0.0012114504608918778
1120,0.00135943949354727
1121,0.0011574790842018227
1122,0.0008789368371963618
1123,0.0012833161381816764
1124,0.0014478994176098552
1125,0.0012796498500984
1126,0.0011854009853250707
1127,0.0015159316472477791
1128,0.0010264873585526697
1129,0.001311744543274498
1130,0.0011203951758545713
1131,0.0011617390256045586
1132,0.0015882498337113692
1133,0.0010893796045527188
1134,0.0011929936112312178
1135,0.0011066180754892756
1136,0.0012366868334007508
1137,0.0011562637349091462
1138,0.0013498828600205647
1139,0.001279272839560216
1140,0.0013335251714143297
1141,0.0013258680994756393
1142,0.001193025173867692
1143,0.0011349800472373096
1144,0.001181766665695226
1145,0.0014824183776824134
1146,0.0013986206161979643
1147,0.0012080272658696427
1148,0.0012020523692573713
1149,0.0012120339608706495
1150,0.0010785706148025154
1151,0.001142864698982952
1152,0.0009176806279254353
1153,0.0014630581492519222
1154,0.001367085224784894
1155,0.001281404690894171
1156,0.0011386567343455464
1157,0.0013001630366588194
1158,0.0015537203851932078
1159,0.0013883211179105891
1160,0.0012604304800101734
1161,0.0012153764125232196
1162,0.0013657220669434855
1163,0.0011730909599031432
1164,0.0010262199624089627
1165,0.0016038668720585322
1166,0.0011946049704484824
1167,0.0014338096156801229
1168,0.0013439251690082743
1169,0.0010371493653461164
1170,0.0011074731030759825
1171,0.0012854311940727321
1172,0.0012064777745701863
1173,0.0012904599937097784
1174,0.0009822132128954972
1175,0.0011593797089418812
1176,0.0012462810773099962
1177,0.0013023495597650656
1178,0.00115342168244071
1179,0.0011127536884405244
1180,0.001271203252404089
1181,0.0010936204317557778
1182,0.0012082996166211289
1183,0.001235728754055197
1184,0.0013763152108474193
1185,0.0013564239080194923
1186,0.0010021622515562628
1187,0.0013629724229603517
1188,0.0011463455368001523
1189,0.0012990068653670856
1190,0.0012431915171006484
1191,0.0015013399423537911
1192,0.0012526725019399814
1193,0.0013048498408744942
1194,0.0011378042568174868
1195,0.0011780435947856937
1196,0.001241845203816994
1197,0.001051429091579108
1198,0.0014193900973108009
1199,0.0012209965695378097
1200,0.001433557576446153
1201,0.0013040279510802626
1202,0.0010082312678066684
1203,0.0011303700200897453
1204,0.0013281502192735893
1205,0.0013474208312327155
1206,0.0012788850585810294
1207,0.0012306979886834964
1208,0.001243811348158256
1209,0.001016045335521458
1210,0.0011432642043772154
1211,0.001505668840223748
1212,0.0012689438472594965
1213,0.0013641944315207033
1214,0.0012037501670511654
1215,0.0011421748857388394
1216,0.0014272859500081142
1217,0.0011468828815975566
1218,0.0013028449713686464
1219,0.0013215238816060087
1220,0.001356594018656921
1221,0.0012440430182368767
1222,0.0012510136316671585
1223,0.0011190058952277328
1224,0.0012731185139089015
1225,0.0012489640488684117
1226,0.0014378555535093265
1227,0.0011980075857053447
1228,0.0010805464610149833
1229,0.0009718843311460391
1230,0.0010326208105150131
1231,0.0013188360514124163
1232,0.0012473982651465
1233,0.0014436333753648808
1234,0.0012938038330123243
1235,0.0013474864507122567
1236,0.001327880271032262
1237,0.0011352428932957987
1238,0.0012577876677572343
1239,0.001237496744096804
1240,0.001369400199583606
1241,0.001233164937277995
1242,0.0015590609278908045
1243,0.0011467100854307291
1244,0.001143216482815177
1245,0.0011454631204396374
1246,0.0014031081912027126
1247,0.001281574340300892
1248,0.0010042812065288176
1249,0.001121337268134436
1250,0.0011975382632049537
1251,0.0016234589900091104
1252,0.0009497171525227857
1253,0.0011870351724315878
1254,0.0011978992264834816
1255,0.0014565962501116344
1256,0.0015302349731682067
1257,0.0011128888798584077
1258,0.0015210381314412537
1259,0.0013322707270487623
1260,0.0011506740836638044
1261,0.0012535895924571997
1262,0.0009874789969552796
1263,0.001317733309230934
1264,0.0010323936063568178
1265,0.001159367297898043
1266,0.0013950704052547722
1267,0.00114548436275433
1268,0.001372750204343421
1269,0.0013048141102709827
1270,0.001189563536048284
1271,0.0015223224654814101
1272,0.0011385738836512177
1273,0.0013666724890608578
1274,0.0014326285764486397
1275,0.0013311429835721192
1276,0.0014461539310032029
1277,0.0014131217165738732
1278,0.001075669799375006
1279,0.0012974498282011056
1280,0.0014296699776011241
1281,0.0012384188144807283
1282,0.0014298062889310213
1283,0.0013280051826861715
1284,0.0013033250749933186
1285,0.0012362079885126468
1286,0.001461189069858419
1287,0.0011852114026594883
1288,0.0013771994398548526
1289,0.001127971110443482
1290,0.0014389629349257746
1291,0.0012692279597728525
1292,0.0012988120039173826
1293,0.0013120930694169412
1294,0.0010927195607199926
1295,0.001113297024485312
1296,0.0012089237239837098
1297,0.001358625983264974
1298,0.0011977660317820207
1299,0.0010255715271558447
1300,0.001197044256265322
1301,0.0013586628358798402
1302,0.001646449449988633
1303,0.001173242030424896
1304,0.0010635821696672269
1305,0.0014242108673443773
1306,0.0012122129468501851
1307,0.0012270291142599241
1308,0.0012415962176802024
1309,0.0012471074917328796
1310,0.0012590454691964977
1311,0.001247738420663938
1312,0.0013337753692302704
1313,0.0012769442268897662
1314,0.0014033921647231098
1315,0.0011915336432623308
1316,0.0013685918667815302
1317,0.0012878419711127448
1318,0.0013861905283163844
1319,0.00124038842214231
1320,0.000990328985948858
1321,0.0012355490949409796
1322,0.0010796471274433748
1323,0.0016568045140267962
1324,0.0013402622269457222
1325,0.0015795204230922245
1326,0.001255879147215996
1327,0.0013133833604086467
1328,0.0011503676575006865
1329,0.0014993100003496572
1330,0.0013008854208721738
1331,0.0011691030794031571
1332,0.0014526492428218944
1333,0.0012332971680824273
1334,0.00141285092252441
1335,0.0010449578639013426
1336,0.0014743928018304238
1337,0.0015278489701448354
1338,0.0013139166310638763
1339,0.0013085935007463316
1340,0.0012488648176493837
1341,0.0014965199240986448
1342,0.0012462665098287198
1343,0.0013427099500287953
1344,0.0013255829752460767
1345,0.0012498997395848186
1346,0.0012667240553785033
1347,0.0014404657676265198
1348,0.0011051761643887039
1349,0.0010670043662222963
1350,0.0011184849200015891
1351,0.0013395190096611225
1352,0.0011134705923254707
1353,0.0012706462526114503
1354,0.0013553641787843469
1355,0.0013695720008723667
1356,0.001225678361477642
1357,0.0012341526446336469
1358,0.0011935825807134486
1359,0.0013280342942761734
1360,0.0015210309690699684
1361,0.0011128510733569433
1362,0.0012473438110051137
1363,0.001417844557986029
1364,0.0012955083367100087
1365,0.0012266260168262413
1366,0.0015199217789295368
1367,0.001057736077561778
1368,0.0010116641324750036
1369,0.0011258744070641858
1370,0.0012803237486933305
1371,0.001395948262452587
1372,0.001367528051000065
1373,0.0011839862800227243
1374,0.001271451075473995
1375,0.0013071567242477439
1376,0.0013810628503507997
1377,0.0013614791715470468
1378,0.001092583969327109
1379,0.001136768244851902
1380,0.0013385843671990028
1381,0.0013479564266063357
1382,0.0014090291852819042
1383,0.0011570068017674488
1384,0.001117726480240098
1385,0.001462109587158742
1386,0.0012501098095094262
1387,0.0012772603624913025
1388,0.0014483873864589779
1389,0.001288256282336616
1390,0.0012734846208029508
1391,0.0014504906354151639
1392,0.0013457159033067234
1393,0.0011713598581722495
1394,0.0013969065683816244
1395,0.0015422734024431004
1396,0.0013312688004660886
1397,0.0011839129293971567
1398,0.0011137908076404972
1399,0.0013209029665410782
1400,0.0012598738161205862
1401,0.0012167685201077264
1402,0.0013308085087635024
1403,0.0012832570074032908
1404,0.0013525447860437895
1405,0.0012874542952730505
1406,0.0013248188031516701
1407,0.0011790199632218646
1408,0.0015051724332212353
1409,0.0011340082916968064
1410,0.0012716386392469215
1411,0.0010021755682166975
1412,0.0010880168237476873
1413,0.0015251370386838254
1414,0.0010650119247180086
1415,0.0014471912427448802
1416,0.001467593124489733
1417,0.0013173810698876983
1418,0.001094495129436127
1419,0.0014130859771013479
1420,0.0013740865606234574
1421,0.0012635065512837133
1422,0.001108197746575585
1423,0.0012638606109520586
1424,0.0013106816636187988
1425,0.001214810527836259
1426,0.0013372059580940706
1427,0.0013924453412672503
1428,0.001279703957267752
1429,0.001089559923692838
1430,0.0013272069638910608
1431,0.0013871555852453022
1432,0.0015099382067917438
1433,0.0014576210683992386
1434,0.0015703616391691674
1435,0.0015022862250532044
1436,0.0012140656254540523
1437,0.0013762913941086443
1438,0.0013167293066695454
1439,0.001224032200812039
1440,0.001325785352344492
1441,0.0012900090310934344
1442,0.0011380005773934997
1443,0.001155874751598005
1444,0.0010584709353766283
1445,0.0011870109029763491
1446,0.0013563012224121682
1447,0.0014712671263208417
1448,0.0013391730697378365
1449,0.00126345955444875
1450,0.0011648604737700405
1451,0.0013381589314455104
1452,0.001257947178248837
1453,0.0013896996780071395
1454,0.0011962349605187472
1455,0.0012582486301342447
1456,0.0012387557044631786
1457,0.0013852989484086872
1458,0.0012602214978854403
1459,0.001253770293930605
1460,0.0015558599157950495
1461,0.0013781678642038335
1462,0.0011284790879123705
1463,0.001253984099474122
1464,0.0015780596490732092
1465,0.0011794029262370061
1466,0.001096971342202561
1467,0.0010467599948318046
1468,0.0012162071834598879
1469,0.0012512035767758031
1470,0.0013652671797017449
1471,0.0013670924217334347
1472,0.0010713909095363037
1473,0.0012345265349947285
1474,0.0011722515081468276
1475,0.0012795287767253796
1476,0.0014135333925121146
1477,0.001368053777970875
1478,0.0011432481637274337
1479,0.001421165585490183
1480,0.001270891442579548
1481,0.0011809250063621057
1482,0.0012805732648681226
1483,0.0012507347961342621
1484,0.0011314376089919943
1485,0.0012506532608011426
1486,0.0011048097299027617
1487,0.0012737193484496346
1488,0.0013047259894230494
1489,0.001421857271640457
1490,0.0011507542185660556
1491,0.0011979974000397226
1492,0.001125497196201044
1493,0.0013382865115432743
1494,0.0012408868780608307
1495,0.001304172651179793
1496,0.0014831753129985609
1497,0.0011638990410237746
1498,0.0012481812635486628
1499,0.001217101824083802
1500,0.0011757082787419203
1501,0.0014125850430734515
1502,0.0011481440299401366
1503,0.0012736743107938616
1504,0.0011196587933173477
1505,0.0014511916945472948
1506,0.0009297712437133748
1507,0.0011788994172515117
1508,0.0012951501455754663
1509,0.001203927681950974
1510,0.001146791793432607
1511,0.001403340429311487
1512,0.0012657210661043163
1513,0.001388369396601577
1514,0.0013199822671429513
1515,0.00141564802973524
1516,0.0012623644588052373
1517,0.0012147382066736796
1518,0.0012595591698324044
1519,0.0014680150660305899
1520,0.0013495987193237623
1521,0.0014238109313050643
1522,0.0012480651887598357
1523,0.00106390853070968
1524,0.0011511668972779983
1525,0.0013079036701158272
1526,0.0012512289514020059
1527,0.0013073424599819874
1528,0.0012672397300936206
1529,0.0014851325147203762
1530,0.0013316674742496237
1531,0.0012823543649270015
1532,0.0012091294552398627
1533,0.0009425205993032944
1534,0.0013318788719088725
1535,0.0012940134597039792
1536,0.0014021409605092104
1537,0.00162277715031183
1538,0.0009978674268099805
1539,0.0014608005327791476
1540,0.0012809636203008792
1541,0.0010303333697627812
1542,0.0013625201531934038
1543,0.0013020420580067197
1544,0.0016488476812970745
1545,0.0011698794308029228
1546,0.001192571604724445
1547,0.0012473831778962094
1548,0.0013214961320145962
1549,0.0009351144220876655
1550,0.0012989398297765828
1551,0.0014046732642298172
1552,0.001407455654818563
1553,0.0012515298760425572
1554,0.0011715657769109692
1555,0.0011998918965883294
1556,0.0014073453428364794
1557,0.001314273780708044
1558,0.0014520488160434902
1559,0.0013501254475901633
1560,0.001334055174369217
1561,0.0013860000886730245
1562,0.001292869429198783
1563,0.0015440223457125221
1564,0.0009384788873235763
1565,0.0012759726345743616
1566,0.001275519689274266
1567,0.0011519216199580916
1568,0.0015178179184036726
1569,0.0010370201046109812
1570,0.0014006369024607398
1571,0.0012736524608192923
1572,0.001075070048652362
1573,0.0012201093048613558
1574,0.0013057666724406202
1575,0.0013357735818077484
1576,0.0012076515852189457
1577,0.0014281651763580789
1578,0.0012566793628334915
1579,0.001374666700304619
1580,0.001175939352837841
1581,0.001470401380252207
1582,0.0013341133125103475
1583,0.0013981607206517
1584,0.001369625894294754
1585,0.0013254332681432268
1586,0.001159443873268025
1587,0.0013702180392155486
1588,0.0009892245091102107
1589,0.001484412138475481
1590,0.0014430651437666337
1591,0.0011296910750635825
1592,0.0013898501418511467
1593,0.0011617380825964328
1594,0.00126661285540734
1595,0.0014696872131384558
1596,0.0011234393200327153
1597,0.0013133949596355007
1598,0.0011653246799581004
1599,0.0010850688391659663
1600,0.0012218252642716189
1601,0.0013901742197173527
1602,0.001202438641250711
1603,0.0011539751065408228
1604,0.0013267140773528003
1605,0.0013838493845611
1606,0.0010146283311717834
1607,0.0012538082756782115
1608,0.00122991087792357
1609,0.0011534950506048287
1610,0.0011913133643934397
1611,0.0012105169278609049
1612,0.0011528308356664773
1613,0.0013538276041035594
1614,0.0014329391300457778
1615,0.0012256782854725477
1616,0.0012146857392095712
1617,0.0014296556711022425
1618,0.001079388380843474
1619,0.001184901013988777
1620,0.001505201092471711
1621,0.0012496233358199383
1622,0.001423386262951291
1623,0.0013329951479757645
1624,0.001222214161948009
1625,0.0012144971065694982
1626,0.001250570509300156
1627,0.0013234170584593176
1628,0.0012827337690490667
1629,0.0010592523284426926
1630,0.001244884422478212
1631,0.0015391432900768518
1632,0.00114219155793916
1633,0.001322468969186869
1634,0.0011017852238488755
1635,0.00119897413064623
1636,0.001154548443772952
1637,0.0013247624629167494
1638,0.0012175480462157096
1639,0.0011574642522155273
1640,0.0014611877938669798
1641,0.0013185190639415857
1642,0.0013047229851841818
1643,0.0014040722403378754
1644,0.0012998283929562024
1645,0.0014007355646245164
1646,0.0013112737574872148
1647,0.0011042800654713512
1648,0.0013774536883590417
1649,0.0014153642352417283
1650,0.0012554742293665435
1651,0.001104771099050468
1652,0.0010096631683532437
1653,0.0011082811064291689
1654,0.0010932800655370667
1655,0.0012854756894237751
1656,0.0010879754586195721
1657,0.0011955975603414964
1658,0.001087928665227406
1659,0.0014261610928180948
1660,0.001423428196137931
1661,0.0014853034921558095
1662,0.001385114597839552
1663,0.001301787409704182
1664,0.0013659160486273597
1665,0.0013089835029124132
1666,0.00128144615924673
1667,0.0012305413512333151
1668,0.0013813723806213134
1669,0.0013138297835089644
1670,0.0014144648721905859
1671,0.0010272606087424585
1672,0.001450226597841867
1673,0.0011375822229313316
1674,0.0013995811457006033
1675,0.0010690476960049638
1676,0.0012347610658726418
1677,0.00109311461916948
1678,0.0013570641643152264
1679,0.001235292294726575
1680,0.0011627807161498191
1681,0.0014812937172559468
1682,0.0010914571926538353
1683,0.001116872818011397
1684,0.0015542832307229968
1685,0.0010139735050706913
1686,0.0011061738469658067
1687,0.0011004285325568021
1688,0.0011300691537040179
1689,0.0010902715452193658
1690,0.0012297891045338447
1691,0.0012991744810612025
1692,0.0015184943817067944
1693,0.001373918966353253
1694,0.0012447732728383364
1695,0.0011956400763779031
1696,0.001155484437661956
1697,0.0014314191081785201
1698,0.0013233479088258825
1699,0.001352376450989207
1700,0.0011386577954434732
1701,0.0014807116657909519
1702,0.0010895570302402017
1703,0.0011527065544452142
1704,0.0009634335666357751
1705,0.0009780869213998355
1706,0.001448980499332445
1707,0.0013183011828612257
1708,0.0012739864041971648
1709,0.0013571005256720586
1710,0.001049589323205195
1711,0.0013432110658770425
1712,0.0011550185566498417
1713,0.0014014574601289417
1714,0.0012163204617896576
1715,0.0012140137315722406
1716,0.001318864182095872
1717,0.0011152242043427072
1718,0.0013667795292510445
1719,0.001131943479678693
1720,0.001147183015268613
1721,0.0012936303546108256
1722,0.0013423180405785608
1723,0.0010696586933852004
1724,0.0013827964020096861
1725,0.0013204667526436514
1726,0.00147948632319082
1727,0.001456626143379923
1728,0.0010324570533183847
1729,0.0009928043345804195
1730,0.0014072024605467498
1731,0.0012894656097753848
1732,0.0014014565643556537
1733,0.0015122685289313982
1734,0.0012242354255509018
1735,0.0010561188713364303
1736,0.0013194044171399855
1737,0.0014643200092826292
1738,0.0011475248105421937
1739,0.0012106462273340386
1740,0.0012584408093755097
1741,0.001318637317999185
1742,0.00129853167277859
1743,0.0013881226261243675
1744,0.0012255446398214856
1745,0.001285248099250653
1746,0.0013847952090046123
1747,0.0011478033255366363
1748,0.0015533713617325324
1749,0.0011803824943077616
1750,0.0013111700870455062
1751,0.001417218517523011
1752,0.0014297163923058466
1753,0.001239247510913893
1754,0.0013102537270061093
1755,0.0014248387425790652
1756,0.0012730499107514383
1757,0.0014098127206562804
1758,0.001336406238455847
1759,0.001112684612779442
1760,0.0012696308249168231
1761,0.0013873571796572564
1762,0.0011491392394063114
1763,0.0011951665173051092
1764,0.0012581586081826827
1765,0.0014702849019605352
1766,0.0012163174140292833
1767,0.0011440109357245109
1768,0.0012091121983670336
1769,0.0013236392137424397
1770,0.0012398795593578154
1771,0.0013589720304409837
1772,0.0012751096908939505
1773,0.001079798332036878
1774,0.0015123422429694305
1775,0.0013428914330248917
1776,0.0008548059049209064
1777,0.0013854271492181555
1778,0.0011302275544989775
1779,0.0013551139219015725
1780,0.0009796213993615937
1781,0.001303272784249537
1782,0.001174549489080353
1783,0.0010021079723219143
1784,0.001404415158779227
1785,0.0010593706441511912
1786,0.001321817898043101
1787,0.0011611924906736553
1788,0.0013758845256663852
1789,0.0012119791345328592
1790,0.0010014568376066006
1791,0.0013831407360607598
1792,0.0012776404873124526
1793,0.0014480814040127704
1794,0.0010527051124361768
1795,0.0012594380826834407
1796,0.001288238286831591
1797,0.0013460035628488668
1798,0.0014552550561690025
1799,0.0013271116726090017
1800,0.0012724432827152425
1801,0.0012359602227188027
1802,0.0012929908804980086
1803,0.001267684834774593
1804,0.0013399995532231378
1805,0.0012695319703608806
1806,0.0012587188105530576
1807,0.0010735379258332435
1808,0.0010111341659052866
1809,0.0012683128111054198
1810,0.001361738944724206
1811,0.0015364900188457153
1812,0.0010788382924359614
1813,0.001448883081358936
1814,0.0013351262072348279
1815,0.0011837217953959128
1816,0.0012320659688690376
1817,0.001389802610931709
1818,0.0011887035811571328
1819,0.0016966499756567311
1820,0.0013220613101542352
1821,0.0013024948032859288
1822,0.001186524491505817
1823,0.001045285027608072
1824,0.0015027507660403123
1825,0.0013064065544231877
1826,0.0010183375688900865
1827,0.001181237088684914
1828,0.0011133154387088235
1829,0.0013591011432552203
1830,0.0010140382004028379
1831,0.0011970564440745531
1832,0.0014977557584591292
1833,0.0011630125027198954
1834,0.0012894777675354953
1835,0.0010586892374845323
1836,0.001308557494466537
1837,0.0011186679431655143
1838,0.00121153393973005
1839,0.001022667709320947
1840,0.0012242083209063036
1841,0.0012657574213298156
1842,0.0012458487472655202
1843,0.0013076551443169141
1844,0.0013077278322511283
1845,0.0013390539501518385
1846,0.001190615824850177
1847,0.0014255149028527651
1848,0.001337672991533082
1849,0.001127415972498811
1850,0.0012987735573803936
1851,0.0013164159561114787
1852,0.0013628241113909812
1853,0.0012901678453871176
1854,0.0012983574580578542
1855,0.001023597409951277
1856,0.0013641204186481558
1857,0.0009597703352650796
1858,0.0009349912413250485
1859,0.0013560892531749252
1860,0.001094447099250546
1861,0.0010094463618554891
1862,0.0011993542307174242
1863,0.0012195131979409702
1864,0.0011057997983095194
1865,0.0010721292045238922
1866,0.001241453285204037
1867,0.001150990920419851
1868,0.0011701779880266517
1869,0.001192229496438288
1870,0.0014340386379642052
1871,0.0012909943294703672
1872,0.0014100266665814786
1873,0.0010430589533223958
1874,0.00111864722028651
1875,0.0012795641112180733
1876,0.001209688467135563
1877,0.001172091253335037
1878,0.0012868911074176673
1879,0.0013119573569722214
1880,0.0012745043461449466
1881,0.00122530602481463
1882,0.0013200175980496846
1883,0.0010661074679768321
1884,0.0012599637446227714
1885,0.0011433536073530146
1886,0.0012464403669933384
1887,0.0013835545161029238
1888,0.0012485001557581464
1889,0.0010499199013631712
1890,0.0011921709297980274
1891,0.001469837192788537
1892,0.00142031653988215
1893,0.0015632314384685594
1894,0.0013643456951217422
1895,0.0016100915362476616
1896,0.0013884340250551463
1897,0.0013661057689660023
1898,0.0012181825154597425
1899,0.0012694550766164927
1900,0.0011532983777958461
1901,0.0013377339029203028
1902,0.0012425800826717426
1903,0.0014465464847854903
1904,0.001273056765056008
1905,0.0013394644383567056
1906,0.0017409307058102715
1907,0.000963380105411927
1908,0.001235539636538608
1909,0.0016677974449610662
1910,0.001386230473998921
1911,0.0010650688367419272
1912,0.0011332767885942102
1913,0.0013738709278349483
1914,0.0013184093282651843
1915,0.0014626251051146621
1916,0.001372214664447798
1917,0.001308884398354959
1918,0.0013395395688963513
1919,0.0010399160485635092
1920,0.001341892429168868
1921,0.0013056554122794976
1922,0.0012441625522857322
1923,0.0014983183540906886
1924,0.0013920034382306633
1925,0.0015058084622046762
1926,0.0009878313070111324
1927,0.0011656764084074032
1928,0.0011323620098513533
1929,0.0013324195087442293
1930,0.0012229206781287868
1931,0.0014404422805409688
1932,0.0014358364219901158
1933,0.0012794281922320408
1934,0.0013277246014696134
1935,0.001047113437053193
1936,0.0010930167218783872
1937,0.0010385521747267002
1938,0.0011341787407988023
1939,0.0011098416419782595
1940,0.001225139183501539
1941,0.0010583799387623486
1942,0.0010259694364619168
1943,0.0012050025868022135
1944,0.0014040915634459094
1945,0.0014503872764010286
1946,0.00151041553428877
1947,0.0011448613532895771
1948,0.00126138165212231
1949,0.0012499149659852239
1950,0.0013952346372942221
1951,0.001280613039407897
1952,0.0012746969386769804
1953,0.001339995350623801
1954,0.0010826608871032258
1955,0.0012958301112380556
1956,0.0014955993770757495
1957,0.0013662909445021653
1958,0.0011249072788484605
1959,0.0012752744628139947
1960,0.0012599037323424373
1961,0.0014809136603972778
1962,0.001159672793744365
1963,0.0013222763410002335
1964,0.0012677790441399967
1965,0.0013114010989676895
1966,0.001073565592695023
1967,0.0017234887031951248
1968,0.001381813246329336
1969,0.001305585722616672
1970,0.0015066549965843446
1971,0.001185591765651116
1972,0.001163159068454313
1973,0.0011262125802515143
1974,0.0011429921429478975
1975,0.0013081792876054573
1976,0.001142915500884482
1977,0.0012502704106624732
1978,0.0013100521081186897
1979,0.0011431015780765162
1980,0.0008611101016757364
1981,0.0013507550863586196
1982,0.0013032340080899201
1983,0.0012719183303933968
1984,0.0014197349049879858
1985,0.0014495694163584052
1986,0.0011406921733282324
1987,0.0012082309449508609
1988,0.0012754028015366792
1989,0.0010900617819896024
1990,0.0013468437901405005
1991,0.00150450316510226
1992,0.0011320450431163435
1993,0.0012718880700225124
1994,0.0011737299942193437
1995,0.0011315681140070023
1996,0.001387851704273479
1997,0.001194336003382511
1998,0.0014209558042796932
1999,0.0012288242685526151
2000,0.0013567285614037403
2001,0.0012295096406433595
2002,0.001224927781457535
2003,0.000993562540003272
2004,0.001134876714529391
2005,0.0011915790668647335
2006,0.001191563098429658
2007,0.0011061329128977115
2008,0.0012878734660692053
2009,0.0010000686792848907
2010,0.0014269812592671504
2011,0.0013816631712566167
2012,0.0012565756758247221
2013,0.001489907363737462
2014,0.0011663364876458955
2015,0.0014319883801808585
2016,0.0011471000517438734
2017,0.0013903597463566203
2018,0.00145311334789434
2019,0.001219979964685605
2020,0.0013293758803298347
2021,0.0011344856266384267
2022,0.001248728314710879
2023,0.0012371711992236304
2024,0.0013390313391402372
2025,0.0012834436455188307
2026,0.0013426603200748272
2027,0.0012249411569038883
2028,0.0012527133179647703
2029,0.001174838001658717
2030,0.0011452461859143646
2031,0.0013715461866206963
2032,0.001373536547670315
2033,0.001526313341422448
2034,0.0014450060428570176
2035,0.0012898480947694687
2036,0.0009572147795076388
2037,0.0013145282410215657
2038,0.0012453653740199411
2039,0.0012257343217086803
2040,0.0010493371680876519
2041,0.0013577218744915225
2042,0.001341518981739876
2043,0.0012697153954558628
2044,0.001223067380789431
2045,0.0012998515398539125
2046,0.00111153989630085
2047,0.0011517346698056285
2048,0.0012993620829759587
2049,0.0011747709512259948
2050,0.001801818756272139
2051,0.0013258459139770206
2052,0.0013250217192946703
2053,0.001281706396005663
2054,0.0011220269031188663
2055,0.0010983330929893289
2056,0.0011942357199550343
2057,0.0012727664657215209
2058,0.0011531770913599253
2059,0.0013332420465132669
2060,0.0013693143646992404
2061,0.001442627007051743
2062,0.001143680276204833
2063,0.0012591522324670178
2064,0.0012807331887364024
2065,0.0011094455604501476
2066,0.0013502762149361512
2067,0.001344092829673723
2068,0.0012090380001617785
2069,0.001051401717767613
2070,0.0013202730991931236
2071,0.0013441002923347658
2072,0.00135143282491294
2073,0.0012515454929264867
2074,0.0013625138306277821
2075,0.001100539465448465
2076,0.0011430900019201449
2077,0.0011085949257486761
2078,0.0012428343923831468
2079,0.0013795354697319737
2080,0.0011767669462584803
2081,0.0012001772840755918
2082,0.0014377325086188015
2083,0.0013262474159461595
2084,0.0014269039070399963
2085,0.0010652339021434806
2086,0.0013092963828073715
2087,0.0015097703168162676
2088,0.00133745475861932
2089,0.0012889417715854945
2090,0.0009345904762991116
2091,0.0013630746616903199
2092,0.0014581804510017458
2093,0.0012473354953210876
2094,0.0012467185248813246
2095,0.0011906180753962446
2096,0.0012724139404517738
2097,0.0010917571447058635
2098,0.00117269200418935
2099,0.0012872284951996854
2100,0.0010262895997803778
2101,0.0012934875594089936
2102,0.0013392517765372645
2103,0.001307162415994336
2104,0.0011014231397417664
2105,0.0014239468903277785
2106,0.001310141518882114
2107,0.001322098966027956
2108,0.0013809429593449217
2109,0.0010260209222406407
2110,0.0013900728427481837
2111,0.0012109003413884804
2112,0.0014163353082034542
2113,0.0009607601483564022
2114,0.0012873847226273175
2115,0.0014866658404838582
2116,0.0012578451029792172
2117,0.0012510738971360813
2118,0.0014187190592354387
2119,0.0012102157141722246
2120,0.0013107782185037594
2121,0.001318872165519714
2122,0.0012812420995941794
2123,0.0015841839117393002
2124,0.0012175236623356185
2125,0.0009335752255436572
2126,0.0014205633400379343
2127,0.0012412964544409803
2128,0.0013666897782097548
2129,0.0013804701628461664
2130,0.0013983926356890813
2131,0.001429628343278099
2132,0.0012850646858098829
2133,0.0013065757019412685
2134,0.0013138525725454504
2135,0.001159444388379731
2136,0.001289142315050508
2137,0.0010260008839776914
2138,0.0012626714217649048
2139,0.001246508513963345
2140,0.0013476760335289185
2141,0.001278815519084864
2142,0.0011529253694132543
2143,0.001217899183108001
2144,0.0010936300225705845
2145,0.001245831379701133
2146,0.001235922670991449
2147,0.0014896234447236386
2148,0.0014324990679903402
2149,0.0012110173055393497
2150,0.0012285283581173617
2151,0.001356151106848892
2152,0.0013253523791084256
2153,0.0010785495631263607
2154,0.0011067759708254673
2155,0.001705757045775919
2156,0.0013233342490360468
2157,0.001576486836472586
2158,0.0013334780038647353
2159,0.0012800318140259604
2160,0.0013383195597748757
2161,0.0012907908726628248
2162,0.0011902200191831623
2163,0.0011855203563856307
2164,0.001135591501283676
2165,0.001552712768611983
2166,0.0014616030204798488
2167,0.0013894955746645524
2168,0.0014602024319439737
2169,0.001166132957784296
2170,0.0016179465614466393
2171,0.0013815610784296932
2172,0.0012585160503903357
2173,0.0013060029142652589
2174,0.0009564600458995477
2175,0.0014650341428981749
2176,0.0010230276212605729
2177,0.0010120685068069786
2178,0.0015009249536839582
2179,0.00134658531769982
2180,0.0015321406024103813
2181,0.001457621791517277
2182,0.0012024341540210102
2183,0.0012332604091228525
2184,0.0010707780386066844
2185,0.0010446435162509667
2186,0.0013430957156394094
2187,0.0011745261581438918
2188,0.001040134010068343
2189,0.0012813830134362147
2190,0.0011603019646706798
2191,0.0014663734784112967
2192,0.001011169028461085
2193,0.0014231418920479055
2194,0.0013431295783865613
2195,0.0013508010064152232
2196,0.0013303029779958289
2197,0.0012032072843128593
2198,0.0013583910307027696
2199,0.0009345654963520543
2200,0.001296028899041695
2201,0.0012857993487334772
2202,0.0011275019523836482
2203,0.0014306424686067432
2204,0.0014610062170076178
2205,0.0013848555054113958
2206,0.0013394673525962625
2207,0.00145221603973953
2208,0.0015123780443636492
2209,0.001307454245966884
2210,0.0013102007579612232
2211,0.001325363339859522
2212,0.0012551993066613125
2213,0.0013347357756860415
2214,0.0010830739019750768
2215,0.0012567052695436804
2216,0.0013584049289044374
2217,0.0013227974955730619
2218,0.0012685864463516286
2219,0.0012833487290087018
2220,0.0015205167697654536
2221,0.0015104378581627571
2222,0.001071938045403088
2223,0.00105518912008737
2224,0.0012449025573697922
2225,0.0011475358823986143
2226,0.0013745646583422772
2227,0.0015275240599020177
2228,0.0011595661479752682
2229,0.0011197094780823471
2230,0.0012701685913687197
2231,0.0014394807671325685
2232,0.0013816259822261995
2233,0.0013705202683623064
2234,0.0012653740771921007
2235,0.0014537960869162431
2236,0.0011956055817951736
2237,0.0013311029463988374
2238,0.0013312642427151411
2239,0.0011915517997192636
2240,0.0011257003843032382
2241,0.0013225247414222797
2242,0.0013225933782176793
2243,0.0011100760485122287
2244,0.0014185064910869885
2245,0.0011829728163671085
2246,0.0013434868385954794
2247,0.0010534195096367173
2248,0.0013860500205413763
2249,0.0014293292363340474
2250,0.00113803426275836
2251,0.0009586777546815831
2252,0.0011678878725520062
2253,0.0014562983974482908
2254,0.0014805748591914046
2255,0.0012802148646166092
2256,0.0009808878284924968
2257,0.0012661488999242633
2258,0.001294886302342423
2259,0.0012639167769532165
2260,0.001270425260626493
2261,0.0014771791754582052
2262,0.0010228699019347583
2263,0.0012135325857849442
2264,0.0015495018272668592
2265,0.0011138728184360396
2266,0.0011297193650239028
2267,0.0013665422715078202
2268,0.0013485542749809244
2269,0.0014189391771125633
2270,0.0014756160544217366
2271,0.0011504345137478948
2272,0.00157514342480575
2273,0.0013486515998153146
2274,0.0011949496218695555
2275,0.0012269779747458617
2276,0.001042340394589251
2277,0.001673441019412836
2278,0.001333802188134259
2279,0.001531643074282779
2280,0.0014606283609822556
2281,0.0014768521803797889
2282,0.0014593696010905901
2283,0.001294520283851437
2284,0.001768695852988828
2285,0.0011061846810912197
2286,0.0014921655022647484
2287,0.00130859709986535
2288,0.0014439693173901762
2289,0.0012810509393539923
2290,0.0014009091899341583
2291,0.0011095314935319512
2292,0.001282447473553914
2293,0.0013602987858705653
2294,0.0010864458978572405
2295,0.0012138370889384343
2296,0.0012046123134326044
2297,0.0008965599687820712
2298,0.0012131585249198769
2299,0.0013332404838324312
2300,0.0013674219809799058
2301,0.0013638256819381836
2302,0.0012510103359535643
2303,0.001008848648604479
2304,0.0015362197489535807
2305,0.0010875335343040024
2306,0.001643006756928831
2307,0.0011700398312717885
2308,0.0011637458420460883
2309,0.0012993923729979397
2310,0.001115334067639118
2311,0.0015076673424142275
2312,0.0013199591230268384
2313,0.0011635762826909526
2314,0.0012544460990102989
2315,0.0014872678209409491
2316,0.0016674808667346693
2317,0.0011710231791929597
2318,0.0011905943918457853
2319,0.001222682729339118
2320,0.001224057311206076
2321,0.0015095259423814735
2322,0.0012877753158108325
2323,0.0011667241267380303
2324,0.0011785942106058436
2325,0.0014698149117038763
2326,0.0013694602688842123
2327,0.0011264551214011551
2328,0.0013868260723162256
2329,0.0011339232399106734
2330,0.001442676907942197
2331,0.0013937436024431004
2332,0.0012377147908090367
2333,0.0012441383890876003
2334,0.0012960898017019236
2335,0.0015502911482743308
2336,0.0013688686810094384
2337,0.001314708016364764
2338,0.0013503963961036174
2339,0.001494388638575121
2340,0.0013989171668254276
2341,0.0013058065318500324
2342,0.0015758800161366018
2343,0.001320146132053784
2344,0.0014155620576601767
2345,0.001283027834483836
2346,0.0013677120587369397
2347,0.0013834586194003992
2348,0.0014359582237477907
2349,0.001198303235686465
2350,0.0012615868731157686
2351,0.0011070559284862163
2352,0.0012314722666798672
2353,0.0014108791364049803
2354,0.0010768334447252411
2355,0.0013692674576127083
2356,0.001433455035032366
2357,0.0011334301410300407
2358,0.0011751258865904178
2359,0.0013361060573073302
2360,0.0012296858978345115
2361,0.0009980992384859566
2362,0.0013130754639361817
2363,0.0015036941543327992
2364,0.0011000932949433598
2365,0.0011703570692279087
2366,0.0012697473332689022
2367,0.0013903204240316742
2368,0.0015301595975394757
2369,0.0011172503794337739
2370,0.001572214357050332
2371,0.001183234958227785
2372,0.001016187981242855
2373,0.0013291061319331996
2374,0.0014253986025300198
2375,0.0014403472801151197
2376,0.001147861487211394
2377,0.0008987089011837693
2378,0.0013138368088720688
2379,0.0012347874021231167
2380,0.0012929346676644484
2381,0.0013916114084610478
2382,0.001117955886673116
2383,0.0012107886820621327
2384,0.0013317878252986333
2385,0.0014900611437517848
2386,0.0014984404606823998
2387,0.0014900925193977086
2388,0.001101397613491081
2389,0.001446559250574591
2390,0.0011995892618399194
2391,0.0010723249883072012
2392,0.0013679620315348584
2393,0.001225989118646676
2394,0.0012280556019541354
2395,0.0013366934986776768
2396,0.0010312766689391964
2397,0.0014369436155934924
2398,0.0012135591610932949
2399,0.0010515333879578571
2400,0.0013014316941390902
2401,0.0011439524772061918
2402,0.0014132753904044534
2403,0.0011624598791308252
2404,0.0011132874495258598
2405,0.001309427396136391
2406,0.0011358889025399426
2407,0.0011080131587665465
2408,0.0012701993480148982
2409,0.001327777749614908
2410,0.0011034877812756108
2411,0.0011052686191462156
2412,0.001460803049902693
2413,0.0013359523457977278
2414,0.0015593429826488018
2415,0.0011930574766541734
2416,0.0014904604664340714
2417,0.0010733193230804006
2418,0.0013218671303836529
2419,0.0012923855036428677
2420,0.001603942601025676
2421,0.0013002235019179112
2422,0.0013560749180052496
2423,0.0013204268140895813
2424,0.0015694703833089756
2425,0.0011221045700481166
2426,0.001461119999339746
2427,0.0011766138068658725
2428,0.0011274852165491925
2429,0.0012458627381210711
2430,0.0012100736119410723
2431,0.0013890198135750335
2432,0.0012145846477705274
2433,0.0011565105834003128
2434,0.0015702058101743077
2435,0.001369830374454366
2436,0.0010540134655267416
2437,0.001364190511898089
2438,0.0014745324060170388
2439,0.001092032998709872
2440,0.0013292383453464484
2441,0.0011361957501828605
2442,0.0011844634984620568
2443,0.0012870226989269427
2444,0.001084209658563135
2445,0.0015910821659170008
2446,0.0013241907046853383
2447,0.0014640850269251843
2448,0.0014235635344634428
2449,0.0013264652913767892
2450,0.0012139319182148352
2451,0.0016337880997052735
2452,0.0012725476148942874
2453,0.0014182796976782797
2454,0.0012544194895334675
2455,0.0011141985601026444
2456,0.001157565137241305
2457,0.0011765478541842552
2458,0.0012646275777521486
2459,0.0012897058169166079
2460,0.001125743451884529
2461,0.0014463075150033197
2462,0.0013126946250338418
2463,0.0014596357059678345
2464,0.001224750422219626
2465,0.0010425907350294903
2466,0.0015011169857246525
2467,0.0013790777153537004
2468,0.0015049360105609225
2469,0.0010981116873366892
2470,0.0013167650388410989
2471,0.0012776801512782944
2472,0.0012996561260515684
2473,0.001394697884285808
2474,0.0010571639087200804
2475,0.0011713882523961235
2476,0.001535984168904979
2477,0.001138459060690913
2478,0.0010689873369514936
2479,0.0012755856727340808
2480,0.0012264308490823387
2481,0.0012314795013785456
2482,0.0013369664324340848
2483,0.000951170318657932
2484,0.0012940572706298975
2485,0.0013998426238537622
2486,0.0010292933299050453
2487,0.0012293895235566375
2488,0.0012839161416264627
2489,0.0012270322803957638
2490,0.001274501797748342
2491,0.0013881965375513547
2492,0.0012818899836503398
2493,0.001360347686730361
2494,0.0011731841211563667
2495,0.0011060412990661717
2496,0.0013410972737522488
2497,0.0012805108811987057
2498,0.0012025212739993512
2499,0.0014286143183668322
2500,0.0013453461577688434
2501,0.0014280213621080833
2502,0.0015323335051493302
2503,0.001311113922492854
2504,0.0014114120520564181
2505,0.0014875240114623142
2506,0.0011294575451155128
2507,0.0012156816421607238
2508,0.0011177518642326019
2509,0.0016006411786927835
2510,0.0013267594749182732
2511,0.0011040495560293434
2512,0.0012050053144343465
2513,0.001348121381926079
2514,0.0014057840371600318
2515,0.0013067119417841083
2516,0.0013225485859497145
2517,0.0012815978529000583
2518,0.0015722784842516285
2519,0.00141027006790235
2520,0.0011854833728650893
2521,0.0013329805019823083
2522,0.0011359909912187923
2523,0.0012465088800724213
2524,0.001068747344275627
2525,0.001090345956698109
2526,0.0012487260746993447
2527,0.0013338879421199567
2528,0.0012439396043226452
2529,0.0012678281165161385
2530,0.0012799861016689383
2531,0.0011566379868127336
2532,0.0011316501037827004
2533,0.001290543068587282
2534,0.0010530643016152968
2535,0.0013904665861238568
2536,0.0011261625676161056
2537,0.0011409940563574213
2538,0.0014849201527289198
2539,0.001289216572548864
2540,0.0012283758409846874
2541,0.001210795325480649
2542,0.0011452408217354642
2543,0.0013607096187776987
2544,0.0009552985231653052
2545,0.0014827350016938994
2546,0.0014699134549068713
2547,0.0013101178480005417
2548,0.0013673992406547136
2549,0.0012968708108961214
2550,0.001181433826299476
2551,0.0014603472889404825
2552,0.00115664124928316
2553,0.0011582666783990232
2554,0.0012727713431867624
2555,0.0012161783800278005
2556,0.0013731027698508332
2557,0.0013644785618470146
2558,0.0010479899376969607
2559,0.001147572479201232
2560,0.0012922587405981923
2561,0.0011475489542089085
2562,0.0011473106938219902
2563,0.0013472416774834713
2564,0.001417721155525128
2565,0.0011458127104871985
2566,0.0013822140899783053
2567,0.0013255112850513167
2568,0.0013152729506277132
2569,0.0014718578698780403
2570,0.0013158335206695658
2571,0.0013789441193765295
2572,0.0015245701013022932
2573,0.0012392026619659356
2574,0.0013222849035529555
2575,0.0012603783311457945
2576,0.0011902288541880684
2577,0.0012413024541250946
2578,0.0015044412859629602
2579,0.0012217322639483078
2580,0.0012208972686120552
2581,0.0010152880277150256
2582,0.0011290133850819066
2583,0.0013169417325859308
2584,0.001219604246027665
2585,0.0011975064600307091
2586,0.0011765024967318252
2587,0.0015220708588627053
2588,0.0011295999270866516
2589,0.0012517008540259306
2590,0.0013160757013404147
2591,0.0012301318062166863
2592,0.0015247672722284167
2593,0.0008667064803859234
2594,0.001083441650803108
2595,0.0014764878146415275
2596,0.0013606054451696468
2597,0.0013635754441927517
2598,0.0011068678674834138
2599,0.001509290397455559
2600,0.0013999294072252282
2601,0.0011617768241581128
2602,0.0014635941182938185
2603,0.0010067278576638237
2604,0.0012197572708305604
2605,0.0013072834464791536
2606,0.0012899384720608937
2607,0.001348220840650866
2608,0.0014451270257737512
2609,0.001245036464114081
2610,0.0010718129921958217
2611,0.0013355317897665844
2612,0.0014209088557258997
2613,0.0014773077200365087
2614,0.0011738487082958375
2615,0.00132887086562284
2616,0.0010812290658654105
2617,0.0012957830924380906
2618,0.0014059398719273762
2619,0.001347063056654192
2620,0.0012236844852823846
2621,0.0010878521299664972
2622,0.0013941626091112695
2623,0.0016174272120193826
2624,0.0012830954868902013
2625,0.001173772320375611
2626,0.0011853532204285856
2627,0.0013272557243586675
2628,0.001310681100195745
2629,0.0015352811380113394
2630,0.0014467048682353116
2631,0.0013259929925137492
2632,0.0015003450553409958
2633,0.0009793559082509084
2634,0.001369696908069168
2635,0.001201243814059711
2636,0.0010364045739455052
2637,0.0013926603647248423
2638,0.0013400597944222858
2639,0.0012173407443894777
2640,0.0014115273665240066
2641,0.0011679596790508979
2642,0.0012016365841986969
2643,0.0013403800563471552
2644,0.0016135407225145026
2645,0.0011148787830600792
2646,0.0012895537125259596
2647,0.0010652949055967283
2648,0.001379733603674038
2649,0.001242629786098669
2650,0.0009693377568589841
2651,0.0015152300643802357
2652,0.001263101387657426
2653,0.00115254091338443
2654,0.0014946776408542005
2655,0.001399570115714834
2656,0.0014581578650466928
2657,0.0013997917274195563
2658,0.0011022208198410558
2659,0.0014742094798489804
2660,0.001216981584559551
2661,0.0013096017661947635
2662,0.0010744493095218841
2663,0.0011780449714233212
2664,0.0014946510134535628
2665,0.0011598699597461402
2666,0.0014402890227081
2667,0.0012553943702865314
2668,0.0013944553734749658
2669,0.0009846012976440226
2670,0.0013185808063412008
2671,0.001224690261183114
2672,0.0012909687530686254
2673,0.001237706593647465
2674,0.0013369314039887114
2675,0.001142225471799329
2676,0.0012913714541843997
2677,0.0011409492692086214
2678,0.0014045468364451293
2679,0.0014463168901718082
2680,0.0012247343938084482
2681,0.0012342654994831467
2682,0.0013420689332711425
2683,0.0010617360079972216
2684,0.0011876324226419892
2685,0.0014801495235566813
2686,0.001197156008685953
2687,0.0011823527837803956
2688,0.0011541977658582458
2689,0.0014370372114350617
2690,0.0013253161180485314
2691,0.0014921174940296803
2692,0.0012489561246870695
2693,0.0010947885965648244
2694,0.001016991084450775
2695,0.0012005570285114375
2696,0.0012261191473282732
2697,0.0009408200757448867
2698,0.001447128313993101
2699,0.0011741001527604004
2700,0.001420329849220231
2701,0.0011220498611481723
2702,0.0009047207651948373
2703,0.0014121553576842102
2704,0.0007947569656258618
2705,0.0015688295568971322
2706,0.0013403221491888548
2707,0.0013487632420001367
2708,0.001317804802416156
2709,0.0011769091234771507
2710,0.0011083623098377758
2711,0.001559901043499535
2712,0.0011515976568097588
2713,0.0011083960255830435
2714,0.0012264735871392923
2715,0.0016527882240185566
2716,0.0012855474800154984
2717,0.001273483912608211
2718,0.0013327546171571299
2719,0.0011803065081377562
2720,0.0012231696233085862
2721,0.0011643945956897252
2722,0.001202193302096433
2723,0.0011752430583732395
2724,0.0012101044185804262
2725,0.0013350264626790932
2726,0.0013990763034051072
2727,0.0011765289925598917
2728,0.0016473165644997254
2729,0.0011175860707950411
2730,0.0011614242197922325
2731,0.001230575007576144
2732,0.0012715830363889738
2733,0.001090677008795234
2734,0.0015602046827218488
2735,0.00159308131975063
2736,0.001289138197561213
2737,0.0011786727677727767
2738,0.0012237384020554287
2739,0.0012532530241104883
2740,0.0008751080623250645
2741,0.0014066179205547064
2742,0.0012633450228731128
2743,0.0011650316050364287
2744,0.0012527044819617406
2745,0.00097705211891101
2746,0.0013696328710892831
2747,0.0013554525114858077
2748,0.001536075099287563
2749,0.00138077852938395
2750,0.0011466232887883136
2751,0.0012060363726223162
2752,0.001341994183719638
2753,0.0012388068629578088
2754,0.0013403864862442554
2755,0.0013848163234024278
2756,0.0012584452611833074
2757,0.0013242783199732468
2758,0.0015372991039933296
2759,0.0012492465377038065
2760,0.0009106931116881062
2761,0.001425551577231913
2762,0.0012050456091879816
2763,0.0013283793427954268
2764,0.001565029306511751
2765,0.0012110584999063547
2766,0.0012649339429343907
2767,0.0011828745141617908
2768,0.0012291628628368714
2769,0.001205927575775005
2770,0.0011229504038355238
2771,0.0012812081209219585
2772,0.0011377139966459008
2773,0.0010471871553241118
2774,0.0014698646931519397
2775,0.0013983850566399762
2776,0.0011738205637109454
2777,0.0013966792949062774
2778,0.001181310389312353
2779,0.0013426792199946335
2780,0.000926911984937125
2781,0.001384502001304699
2782,0.0012764689238738346
2783,0.0012168778016791023
2784,0.001144229065684089
2785,0.0012760307854588118
2786,0.0011602227109546877
2787,0.0013739006949830142
2788,0.001269463133593645
2789,0.0011857963248172378
2790,0.001274957529034539
2791,0.001191825357410757
2792,0.001156165084714707
2793,0.0011796578144126868
2794,0.0016011006759105745
2795,0.0013500300127656081
2796,0.0012076750913666383
2797,0.0014972566478086526
2798,0.0012225068936571385
2799,0.0013557929276855096
2800,0.0013144193661965564
2801,0.0011323322261921058
2802,0.0012375832188266205
2803,0.0011611676021867877
2804,0.001126386868276056
2805,0.001291464340717958
2806,0.001138180121124929
2807,0.0012769362254117331
2808,0.0012503948264881311
2809,0.0015409254635137233
2810,0.0014953187510663702
2811,0.001231143288957957
2812,0.0010034256632725448
2813,0.0015073618247125162
2814,0.0012271922992237046
2815,0.0014156360531389898
2816,0.0012100225525179561
2817,0.0013705997044386232
2818,0.0013425549413152
2819,0.0013306567333735999
2820,0.001283502582610281
2821,0.0013548733070673253
2822,0.001217355837762887
2823,0.0010744671538875225
2824,0.0012882457384801767
2825,0.0013437312409316053
2826,0.001734287743164916
2827,0.001164516730196353
2828,0.0012781090702102128
2829,0.0013038708180448688
2830,0.0010303071381802145
2831,0.0012771620499317253
2832,0.0014233644217929273
2833,0.00122961888502399
2834,0.0015694477868735545
2835,0.001259455863939876
2836,0.0012259980760690415
2837,0.0012376876623499031
2838,0.0013818022733176514
2839,0.0011040642269940805
2840,0.0013147765912475792
2841,0.0014471003422596035
2842,0.0013378750956039565
2843,0.0013530031923555807
2844,0.0012813683007346075
2845,0.0016075485049595632
2846,0.0015527554754292453
2847,0.0013541481910890362
2848,0.0012004931152402361
2849,0.001300415363832327
2850,0.0011476714051201343
2851,0.0013531865171157711
2852,0.0013114432955003954
2853,0.0013468527454401226
2854,0.0012956687229043525
2855,0.001122379646043285
2856,0.0011740561984853726
2857,0.0015160650634944337
2858,0.0012528372060687022
2859,0.0014393267213704912
2860,0.0011514216410357758
2861,0.001108491956762357
2862,0.0011341686243929005
2863,0.0013979943665047064
2864,0.0014638003326191153
2865,0.0011191766229501296
2866,0.001193342547183648
2867,0.001321189199204421
2868,0.0013812051728664975
2869,0.0011352374497281316
2870,0.001264684970442469
2871,0.0015024202404890765
2872,0.0011006665615593896
2873,0.0014947825543490704
2874,0.0009479630885942253
2875,0.0014790702196841184
2876,0.001447822048972895
2877,0.0009166809409828409
2878,0.0012025772319640983
2879,0.0013402855655205528
2880,0.0015818978342939463
2881,0.0011916464099812683
2882,0.0009008429311918047
2883,0.0012894920596454437
2884,0.0014458488185536559
2885,0.001192623378058508
2886,0.0014000155785709135
2887,0.0010773681335114265
2888,0.0013078469555719318
2889,0.0012518092490138451
2890,0.0012249272655812794
2891,0.0014085246564167785
2892,0.0014549837535120175
2893,0.0012752241437891901
2894,0.0013373707736620347
2895,0.0011495917399526072
2896,0.0013228035895188892
2897,0.0012561014172042559
2898,0.0012483895648753678
2899,0.001306905246831738
2900,0.001451633239564026
2901,0.0013336024780135091
2902,0.0013512278165709914
2903,0.0009574369491533422
2904,0.001449071205169693
2905,0.0013195565849453848
2906,0.0012049886734978904
2907,0.0014788545948295488
2908,0.0015088541741894819
2909,0.001256394466928466
2910,0.0013551543876642522
2911,0.0013524558022341004
2912,0.0013753176766835792
2913,0.0010356718824560936
2914,0.0009636355955724184
2915,0.001322870434674462
2916,0.0015412592611773316
2917,0.001464027453194005
2918,0.0011404776121863589
2919,0.0011136546393195655
2920,0.0013878441919060584
2921,0.0010884037644446221
2922,0.001209116132537843
2923,0.0012408523198995571
2924,0.001359261713695904
2925,0.0011992668044613335
2926,0.0012214927757931368
2927,0.0011841762316642521
2928,0.001296590308271403
2929,0.0013988059023485593
2930,0.0013499606332338196
2931,0.0013621346091963712
2932,0.001263229487762579
2933,0.0014989713212624895
2934,0.0010994800352735906
2935,0.001398777797583891
2936,0.0013852147364044227
2937,0.001133224643971488
2938,0.0012057906340265034
2939,0.0013451600307982313
2940,0.0013103190267194766
2941,0.0011404518317342522
2942,0.0012750742594680124
2943,0.0013603184487660381
2944,0.0014397678785974181
2945,0.0011964374706458023
2946,0.0014305713330727212
2947,0.0010446702638083642
2948,0.001519248511451852
2949,0.00132058962135517
2950,0.001324737734828879
2951,0.0014822658182589814
2952,0.0011438904994054094
2953,0.0012527418672131445
2954,0.0011394715147471039
2955,0.0011851328455412527
2956,0.0011001549576481154
2957,0.0012464716886072408
2958,0.0011946354575908106
2959,0.001363935533627635
2960,0.0010029777297010766
2961,0.0012072752453396994
2962,0.0013511231441089245
2963,0.001519841092389575
2964,0.0014509365185643285
2965,0.00141508980666934
2966,0.001152553998829061
2967,0.0012531426962745635
2968,0.0011817660943324053
2969,0.001327505351965942
2970,0.001148315830695389
2971,0.0013198991856567123
2972,0.0010564953456947087
2973,0.0011999010188534815
2974,0.001490575563963482
2975,0.0015449406115098858
2976,0.0010997584387214155
2977,0.0013924418658710963
2978,0.001111094763912895
2979,0.0012899321687606271
2980,0.001021494999803121
2981,0.0015119428938486627
2982,0.0015329762301877145
2983,0.0010387932327352617
2984,0.0014001462834744066
2985,0.001530961399515817
2986,0.001348110854743363
2987,0.0009551718541215008
2988,0.0012214623905360063
2989,0.0011650249655297108
2990,0.0012655562408486712
2991,0.0010561648092715537
2992,0.0010986487501022405
2993,0.0011919033065367153
2994,0.0017906713005752654
2995,0.0011626785966021545
2996,0.0014291987870533231
2997,0.0011916992658260492
2998,0.0011951232961477628
2999,0.0013380123404438064
3000,0.001199616221828053
3001,0.0011180819013719286
3002,0.0014118400803026982
3003,0.0012813837058430878
3004,0.0012162118915088791
3005,0.0014930571089345613
3006,0.001303063512287113
3007,0.0011233986424642128
3008,0.0015460009205048968
3009,0.0012542513151486158
3010,0.0010831087107299753
3011,0.001320916739412854
3012,0.0013906420261638338
3013,0.001076438781338882
3014,0.0012693133644072826
3015,0.001164377782348628
3016,0.0012082338031580394
3017,0.0010784626291852786
3018,0.0014157380396633296
3019,0.0013045709765801628
3020,0.0015241126274890878
3021,0.0016105143644704536
3022,0.0014156249387104439
3023,0.0014608854262400546
3024,0.0012115833712021027
3025,0.0011884795758402389
3026,0.0013693358946194527
3027,0.0012800036323259486
3028,0.0012351013074971117
3029,0.0013717843381493404
3030,0.0012378360185666586
3031,0.0012470858793809764
3032,0.001351240363379533
3033,0.0012980927607917437
3034,0.001076635032107568
3035,0.0013382638757056444
3036,0.0013788724372228438
3037,0.0012057398201787003
3038,0.0014083729587626764
3039,0.0013137180482790283
3040,0.001170228326321324
3041,0.0015863477290636136
3042,0.0013483970582207285
3043,0.001563997761114668
3044,0.0009425351318685853
3045,0.0013825241318644718
3046,0.0013499010913532333
3047,0.0012069550391004768
3048,0.0013601366556157473
3049,0.0013101364155247471
3050,0.0011173863910991014
3051,0.001481349415498572
3052,0.0014836495281384688
3053,0.0014667335913232144
3054,0.001243785779713283
3055,0.001228610533435376
3056,0.001374361101463492
3057,0.0013374459555654805
3058,0.0015741561649668184
3059,0.0012271914613168626
3060,0.0012075580268349328
3061,0.001173612408354933
3062,0.0013677307754662246
3063,0.0012311581205839428
3064,0.0014322957560661388
3065,0.0014357353273115256
3066,0.0011684079588594038
3067,0.0012191466136956272
3068,0.0012036499902375048
3069,0.001129474591526947
3070,0.001528756348940431
3071,0.0011238100335457396
3072,0.0010873429750874316
3073,0.0014751936491936622
3074,0.0010347244467725954
3075,0.0012226098690684012
3076,0.001397293946592636
3077,0.000969979954235528
3078,0.0011809956324161618
3079,0.0012811114718414296
3080,0.0011460260145568786
3081,0.0012955302104154438
3082,0.0009319975224670338
3083,0.0012820146969356736
3084,0.0012417521355490453
3085,0.001478066201621721
3086,0.0013810033915939233
3087,0.001414376242330228
3088,0.0013918977564538585
3089,0.0011157713546337126
3090,0.0013639992438376504
3091,0.0012559611263423245
3092,0.0012113506519822398
3093,0.0013388212056026092
3094,0.0016540357252297483
3095,0.0015878083600232508
3096,0.001108955919423195
3097,0.0012065961502895882
3098,0.0012424318136605831
3099,0.0016258645717974814
3100,0.001425133280956596
3101,0.0011686220967351642
3102,0.001283348470003363
3103,0.0015533575940537192
3104,0.0012730964803856655
3105,0.0014864213569623019
3106,0.001185899542551094
3107,0.0013754522731943112
3108,0.0013003442889477142
3109,0.0013376753082417739
3110,0.0009496258416426782
3111,0.0014672751198742326
3112,0.0014024672738492216
3113,0.0014385151550111986
3114,0.0013265260675075535
3115,0.0012915080793153078
3116,0.0009789850926032642
3117,0.0011740088288108399
3118,0.0013947460222819062
3119,0.0011541005576448024
3120,0.0013978019778515729
3121,0.0012102449869513523
3122,0.0008476066395419818
3123,0.0014593681669498658
3124,0.0013255984519677615
3125,0.0010387457700736288
3126,0.001268082622250572
3127,0.0013719785466076108
3128,0.0016952525753071274
3129,0.0012510441353592457
3130,0.0011892009957256
3131,0.0011130662019129896
3132,0.001399592131369019
3133,0.001246731046673659
3134,0.001396655713486863
3135,0.001324995899918964
3136,0.0010907272051713236
3137,0.0011094798264337463
3138,0.001201887813719924
3139,0.0010661416906785001
3140,0.001361173023295334
3141,0.0015577908406852025
3142,0.0011101675673838934
3143,0.0011947630176325369
3144,0.0012878443087231501
3145,0.0011075713465055115
3146,0.0012859690398069619
3147,0.0016014524112323988
3148,0.0012078951314462847
3149,0.0012998674507834114
3150,0.0011280669135847285
3151,0.001404306816012637
3152,0.0011268643719958122
3153,0.0012443705852667399
3154,0.0013435294840800094
3155,0.0013350750547553528
3156,0.0014478296690775456
3157,0.0012918796789119819
3158,0.0010985991286543441
3159,0.0011648301930274538
3160,0.0011867696229440749
3161,0.0011172089196299136
3162,0.0012397434591366716
3163,0.0013756744729901617
3164,0.0013469006672399521
3165,0.001246387132070454
3166,0.0011322308832050238
3167,0.0014286795635485186
3168,0.0012420571826503005
3169,0.0012939828811588698
3170,0.0012430617012274044
3171,0.0012828629876905418
3172,0.001194145327752669
3173,0.0010144363486019132
3174,0.0012974648692380695
3175,0.0014438332756888717
3176,0.0013937510239164562
3177,0.0012266492682858076
3178,0.0011213867257916367
3179,0.0012603619028519724
3180,0.001165786519816196
3181,0.0011820802446173206
3182,0.0015289360571086256
3183,0.0013015812650640413
3184,0.001329292399897019
3185,0.0013429600617608345
3186,0.0010914852128452047
3187,0.0014493850291328544
3188,0.0011190928731869814
3189,0.0013770067930495029
3190,0.0012192789875899999
3191,0.0012191371933906788
3192,0.0010478376332002627
3193,0.0013859419165810957
3194,0.0014221907463039382
3195,0.0014715448701808538
3196,0.0013113373532143285
3197,0.0011108335093617861
3198,0.0011984017905246897
3199,0.001155175878842259
3200,0.0015674951663793607
3201,0.0013327831834199016
3202,0.0012915641018699324
3203,0.0011735176566412882
3204,0.0011946927276337445
3205,0.0012860612658343656
3206,0.0012541545504117868
3207,0.0014111909399722423
3208,0.001357226000323354
3209,0.0012046121769161366
3210,0.0012290275047361627
3211,0.0012449333474628592
3212,0.0014112497759274619
3213,0.0015022193572216851
3214,0.0015730992369593214
3215,0.0012318700746712819
3216,0.001395227447025739
3217,0.0012300743239041824
3218,0.0012107439308838282
3219,0.0014517493283017493
3220,0.0012250407033743936
3221,0.0012109348474914677
3222,0.00109734933529838
3223,0.0013304327252409607
3224,0.0012919918664553278
3225,0.001125994772989669
3226,0.0012954099377736107
3227,0.00149159985580947
3228,0.001368649217884546
3229,0.001555738838095422
3230,0.0015352077019513432
3231,0.001409579468379436
3232,0.0010492532657944498
3233,0.0013297041455752438
3234,0.0012224608756306946
3235,0.0012912612372190846
3236,0.0015859676396071617
3237,0.0013668962804567208
3238,0.0013781538441686252
3239,0.0012374233063194467
3240,0.0012148072565644809
3241,0.0013054782999568427
3242,0.0012766733667864197
3243,0.0009978700062404134
3244,0.0014066331632646718
3245,0.0013541393591372554
3246,0.0014320093466529409
3247,0.0012314936255983613
3248,0.001219047769297355
3249,0.0013242241161913275
3250,0.0012819655481664596
3251,0.0011894591763284687
3252,0.0014327333761364686
3253,0.0010902817764856364
3254,0.0015572817253155767
3255,0.001440378287469494
3256,0.0009063670191867088
3257,0.0010570632069169664
3258,0.0011434755373587392
3259,0.0012101037787870508
3260,0.0010700204273803144
3261,0.0012169421069410003
3262,0.0014539227063366817
3263,0.001077851104159474
3264,0.0012898009343324693
3265,0.0014160011967574307
3266,0.0012001070483326026
3267,0.0013484514142325023
3268,0.0014934734817497902
3269,0.0012359086946599279
3270,0.0012249098414603534
3271,0.00138453439590687
3272,0.0011741896568323285
3273,0.0013499970563102225
3274,0.0010650554359390011
3275,0.001529247399228002
3276,0.001476496564434073
3277,0.0012938937263247035
3278,0.0012138149456550282
3279,0.0012613873971251649
3280,0.0011602444660920727
3281,0.0012810796410337659
3282,0.0012432363449997644
3283,0.0013015806619743019
3284,0.0011206326154903669
3285,0.001167731172797321
3286,0.0011948423469520535
3287,0.001230136111044967
3288,0.001229813457324424
3289,0.0012848523092097185
3290,0.001322550589509597
3291,0.0012877301344057111
3292,0.001372982899087156
3293,0.0015089304353482435
3294,0.0014386566438072989
3295,0.001311997682438704
3296,0.001397496828065673
3297,0.0012134693351727355
3298,0.0012258533799107824
3299,0.0014013610085784806
3300,0.001277885636708566
3301,0.0010806609073683352
3302,0.0011138627184281958
3303,0.0009535434749575176
3304,0.0011658334205754285
3305,0.0012233464094670813
3306,0.0012619842974222666
3307,0.0013016716025688472
3308,0.0014045816924484083
3309,0.0015028250017278266
3310,0.0010229821766458381
3311,0.001153416928280183
3312,0.001121406113417519
3313,0.0012029122157222556
3314,0.0010703749149900059
3315,0.0013297172053494827
3316,0.001371248592213386
3317,0.0011593624305127452
3318,0.0014409499209704403
3319,0.0012802074414446556
3320,0.001107385154308509
3321,0.001336250592337223
3322,0.001543690471095049
3323,0.0012122823604030432
3324,0.0015313234615471688
3325,0.0015116573649978935
3326,0.001179293425711424
3327,0.00116817384365108
3328,0.0013876241906074533
3329,0.001347309672364522
3330,0.0010944063477972168
3331,0.0011375623599197567
3332,0.0012161244388903835
3333,0.0012142857716648347
3334,0.0011077029264915375
3335,0.0010657267334893972
3336,0.0016266153027939666
3337,0.0014565495066049326
3338,0.001263378130093614
3339,0.0011967890138784155
3340,0.0012985346109733928
3341,0.0014791836120993092
3342,0.0014569240074259135
3343,0.0014057574941641281
3344,0.001287766676569115
3345,0.0013807076279525256
3346,0.0012654735751456189
3347,0.0012881457589025097
3348,0.0013399634650134043
3349,0.0014281635336361644
3350,0.0012169797751504176
3351,0.0010336790332079536
3352,0.0012705139906149833
3353,0.0014002135607301613
3354,0.0015007405998160917
3355,0.0012351333891912869
3356,0.0010883475654155528
3357,0.0012241933300272023
3358,0.001218693426207293
3359,0.0014822623444634506
3360,0.0012987103110284988
3361,0.001336435339335853
3362,0.0013578079056017433
3363,0.0011672352618873878
3364,0.0009957795082994848
3365,0.0011796368957765722
3366,0.0013333887824367103
3367,0.0013733645659625886
3368,0.0011229507813131719
3369,0.0013852307069948178
3370,0.001084906672433966
3371,0.0013015063273131486
3372,0.001235999674053019
3373,0.0011972684708668972
3374,0.0012581328337266172
3375,0.0012521871387809712
3376,0.0014005035270044787
3377,0.001194270673659272
3378,0.001539265503790152
3379,0.0011288453243556342
3380,0.0014156431569696652
3381,0.0011119832505841023
3382,0.0013182201080984084
3383,0.0013146917361305302
3384,0.0014772430185997915
3385,0.0012589597593766601
3386,0.0014995475792108632
3387,0.0014852910089068361
3388,0.0015006830561735485
3389,0.0012560717612684544
3390,0.0011914834802715956
3391,0.0013473188810743631
3392,0.0013177666388570226
3393,0.001381913347304492
3394,0.0014181699584777615
3395,0.0012412738006305271
3396,0.001181132919330668
3397,0.0012520733816446447
3398,0.0014202482011547622
3399,0.0011999794582506034
3400,0.0013236765200801163
3401,0.0012727900717200817
3402,0.0012243056215133588
3403,0.0012766847773058485
3404,0.001487834815946135
3405,0.001291174026749358
3406,0.0012326691293465003
3407,0.0012464354584120374
3408,0.001011139101473018
3409,0.0011516021499296562
3410,0.0013346936857742263
3411,0.0012951938089878073
3412,0.0014271131677631617
3413,0.0011969728683516453
3414,0.0014105658277758111
3415,0.001254828581512401
3416,0.0012976786683961841
3417,0.0010604242881676856
3418,0.0012830258330724575
3419,0.0012390618085203473
3420,0.0009612272274841032
3421,0.0014040444031095617
3422,0.0010941045215821718
3423,0.0013181502343757425
3424,0.0009946299487532278
3425,0.0013329478063428132
3426,0.0011022508164554672
3427,0.001519848227488999
3428,0.0012688213030822332
3429,0.0012831150905588638
3430,0.001315311684127755
3431,0.0014468009418447463
3432,0.0010523881317071003
3433,0.0010496488120884046
3434,0.0012004209553545134
3435,0.0014793600766456773
3436,0.001024882634888179
3437,0.0013126648037268813
3438,0.001282654389190818
3439,0.0012397473357499194
3440,0.00122502999306702
3441,0.0012880505042512798
3442,0.0011996492301948308
3443,0.0013166113447000973
3444,0.0012846567801748146
3445,0.0013640674522468694
3446,0.0011874739261910408
3447,0.0012775858958806103
3448,0.0010575999219286625
3449,0.0011871340731318875
3450,0.0014794506821879509
3451,0.0013767763921320912
3452,0.0010902508822831366
3453,0.0013585280350469507
3454,0.0012838772171634755
3455,0.001180215863337079
3456,0.0012983521757787793
3457,0.0011900826971252094
3458,0.0011164067416630263
3459,0.0012993865733064924
3460,0.0013043271150541885
3461,0.0012528582771205515
3462,0.0016223882812876661
3463,0.0013038184037841136
3464,0.0013416348410499163
3465,0.0011075644525760438
3466,0.00117463314689529
3467,0.0013285213841647263
3468,0.0011655063629313687
3469,0.0011422155308440567
3470,0.0013649347946323904
3471,0.0013270625566620582
3472,0.0012291017444474614
3473,0.0012493632958393403
3474,0.00117740194855702
3475,0.0011958716346189017
3476,0.0012006843977936776
3477,0.0013276882092736588
3478,0.0013997713237691302
3479,0.0010332950687359272
3480,0.0013021192883560639
3481,0.0013927682288616583
3482,0.0012468542657378449
3483,0.0013418198571706803
3484,0.0013470595371598163
3485,0.0010510280948152527
3486,0.0013567554756734714
3487,0.0010600265462690497
3488,0.0011884876222737774
3489,0.0012223554867095581
3490,0.0010885367439647034
3491,0.0009882851070421418
3492,0.0009958603730632995
3493,0.0010337173594067053
3494,0.0012441150035541586
3495,0.0011869410087865702
3496,0.001316862992423257
3497,0.0013572911251431019
3498,0.001329366865608887
3499,0.0011522412133951306
3500,0.0015735267097789843
3501,0.0013939053908874695
3502,0.0013964303487597283
3503,0.0012021637056769746
3504,0.0011744560394791352
3505,0.0012875483007004965
3506,0.0010986763585915204
3507,0.0015081730031290142
3508,0.0011826694893139317
3509,0.0011899084205809459
3510,0.0013539038079053859
3511,0.00116647647911649
3512,0.0012194206499764333
3513,0.0013832424208297884
3514,0.0010994638416698232
3515,0.0011440401319245666
3516,0.001031592535830232
3517,0.001118319321740469
3518,0.0013034662124709385
3519,0.001410827392602224
3520,0.0011304900984632595
3521,0.0012020879504992768
3522,0.0012151477503980596
3523,0.0012559315733507265
3524,0.001335572051955162
3525,0.0012572541984288903
3526,0.0011047443532395307
3527,0.0012125881991739687
3528,0.0013920177845311024
3529,0.0013635841776129384
3530,0.0012558297996452365
3531,0.0011186239297048324
3532,0.0016437651462348636
3533,0.0012025504915650236
3534,0.0010638649235070268
3535,0.0011361484642458475
3536,0.0012147961406671292
3537,0.0011834677600553688
3538,0.001281702918501893
3539,0.0010396511070072743
3540,0.0013300065046363385
3541,0.001067770326574915
3542,0.0011243070010481747
3543,0.0014124983163163363
3544,0.0012659717180822498
3545,0.0011343797900919162
3546,0.0014666359007328852
3547,0.0011654219500637358
3548,0.001442552856943967
3549,0.0012970272735199934
3550,0.001419031137244037
3551,0.0014593137313844398
3552,0.0012488276217537946
3553,0.0010703068879536091
3554,0.0015589360079194222
3555,0.0013331155525713148
3556,0.0010221429820082596
3557,0.0014478723226504266
3558,0.0014514962320917708
3559,0.0010201627471425206
3560,0.0010367500700969431
3561,0.0011131248893466459
3562,0.0015038752587750704
3563,0.001264242643587159
3564,0.0011227333757491164
3565,0.0012366141857724977
3566,0.0012521700183668453
3567,0.0013064957510855626
3568,0.0013654708281689329
3569,0.001320423704776538
3570,0.001314229475282269
3571,0.001189798602984319
3572,0.0011976574125528668
3573,0.0013160073226181563
3574,0.0011590867225312993
3575,0.0011691607667257443
3576,0.0011729235667969893
3577,0.0009779920497319252
3578,0.0014142276165487735
3579,0.0011887245468988111
3580,0.001426223793392758
3581,0.00119824754098351
3582,0.001091137987387735
3583,0.0011148985587365085
3584,0.0015357471088430596
3585,0.0016083957276331992
3586,0.0011826362324601932
3587,0.0013702437092586869
3588,0.00122432642754778
3589,0.001270608251528839
3590,0.001221154404776894
3591,0.0014611625354413068
3592,0.001075387237044903
3593,0.0012025764643946656
3594,0.001005186023780006
3595,0.0012624086797990034
3596,0.0011513289512034893
3597,0.001170126283977498
3598,0.0012602422059941824
3599,0.0011432555724625376
3600,0.0014143462501547274
3601,0.0013557053273451664
3602,0.0013111891242086782
3603,0.0013066450313196233
3604,0.001287841761238724
3605,0.0014692623844445925
3606,0.0010533863070184345
3607,0.0012442081453077965
3608,0.0015063736887338042
3609,0.0011679906315567423
3610,0.0012166742423700813
3611,0.0013875341107673063
3612,0.001139377939892485
3613,0.0014003773480204312
3614,0.0013407250244180985
3615,0.001363099504739097
3616,0.0013469349397599944
3617,0.00129786158228858
3618,0.0011094647006661164
3619,0.0012930078632179699
3620,0.0015519411838044038
3621,0.0013074735603353278
3622,0.0012376556590995085
3623,0.0016279132335391465
3624,0.001080890834702756
3625,0.0013615599843914748
3626,0.00121967293333965
3627,0.0012024956320016327
3628,0.0014802450758910264
3629,0.0015106406692114382
3630,0.0012893094118994275
3631,0.001114260658239568
3632,0.0013198676687523343
3633,0.0013931989740232418
3634,0.001225248199821078
3635,0.0012535809981006835
3636,0.001273440270075557
3637,0.0014184937344005823
3638,0.0011912001384055129
3639,0.0011961915715977117
3640,0.0012564923553757888
3641,0.0013890682936827242
3642,0.0012805617809481167
3643,0.0013932346048958497
3644,0.0009104633177589956
3645,0.0012998104796672699
3646,0.0015024301188865173
3647,0.0014791090803797477
3648,0.00123030028258785
3649,0.0011832534357074035
3650,0.001247068482640327
3651,0.0012536235341986306
3652,0.0012369874798094905
3653,0.0012168337185353107
3654,0.001228926187052338
3655,0.0010034308431383268
3656,0.0010712993491756753
3657,0.0013706740708495492
3658,0.0013924251567226642
3659,0.0012543558774463475
3660,0.0011145208087671918
3661,0.0014041476403488604
3662,0.0012066297680851418
3663,0.001225112183043609
3664,0.0014780032158670567
3665,0.0015738154469433067
3666,0.0013159667695789325
3667,0.0014789184955968015
3668,0.0010734540378386046
3669,0.0012015817884900447
3670,0.001136376927684409
3671,0.0016471925857517687
3672,0.0014846022234729995
3673,0.000991301453267767
3674,0.0013728576245320072
3675,0.001193383241000651
3676,0.0012033451587288488
3677,0.0013429583565224875
3678,0.0009998244301313063
3679,0.0011159039078520133
3680,0.0014617708585963583
3681,0.0011430732097857316
3682,0.001394183867582812
3683,0.0013418365520163032
3684,0.0011381841088645272
3685,0.0012431600807205107
3686,0.001029998627066314
3687,0.0011864922780066638
3688,0.0013178979015534165
3689,0.0011999528476440316
3690,0.0012266883024196378
3691,0.0012385084894855104
3692,0.001384073595763346
3693,0.0014877412651740798
3694,0.0010938339915246228
3695,0.0012138198215042846
3696,0.0011317026788784249
3697,0.0012953744620498105
3698,0.0011147394408182955
3699,0.0011882891132184343
3700,0.0013757087890128243
3701,0.0014657598599792806
3702,0.0014064693291513494
3703,0.001170992447377341
3704,0.0010924482918645638
3705,0.001100982302765613
3706,0.0013563215419130396
3707,0.0014358501740784756
3708,0.0013748253296220916
3709,0.001416935767207083
3710,0.0012327281359346086
3711,0.0012148260129969442
3712,0.001249334141296283
3713,0.0013439677999727033
3714,0.0014561671318153886
3715,0.0011659207460134498
3716,0.0010743141042035343
3717,0.0012220728831054224
3718,0.0013078552575264528
3719,0.0012951433233929094
3720,0.0011752151101314583
3721,0.001398420316442446
3722,0.0010244071478393247
3723,0.0014085151478059822
3724,0.0012225500125527115
3725,0.0013049971873083817
3726,0.0010470663763523078
3727,0.0012591633937519026
3728,0.0011778873086571368
3729,0.0013604381784271084
3730,0.0009449858665320132
3731,0.0012017149512282656
3732,0.0014272845123846141
3733,0.0011946089871519938
3734,0.0010875768978647832
3735,0.0012306893503316908
3736,0.0013002361775372976
3737,0.0011648044472505775
3738,0.0009518151241125709
3739,0.0013795342756078633
3740,0.0015426875985983248
3741,0.0011702830368186732
3742,0.0013481882952510226
3743,0.00111317983631451
3744,0.0012916333699083057
3745,0.001366049993973795
3746,0.0009765119948876926
3747,0.001311334921600559
3748,0.0012543315114549095
3749,0.001397667021669953
3750,0.0011486893362862556
3751,0.000980999665082204
3752,0.0011220204082531876
3753,0.0012368081964243074
3754,0.0010780976691210338
3755,0.0012593552519741353
3756,0.001185012054936783
3757,0.0011892466240802336
3758,0.0013916275352041322
3759,0.0011243833433626923
3760,0.0013456041899977214
3761,0.0011185761870575327
3762,0.0014728695246573134
3763,0.001285145324762381
3764,0.00137293652277314
3765,0.0013559294017067283
3766,0.0011870249198087813
3767,0.0013269573748724579
3768,0.0011167204859760973
3769,0.0012351400616388442
3770,0.0017080132572596318
3771,0.0012647171740246756
3772,0.0010519412677115114
3773,0.0011397857413310264
3774,0.001306047949065729
3775,0.0012833656590405175
3776,0.0012495390823931386
3777,0.0012301466312477961
3778,0.0013972709762411501
3779,0.001205289361822661
3780,0.0010660132586335549
3781,0.001342562065133408
3782,0.0010606232945785967
3783,0.0013292310132969106
3784,0.0014662271196673557
3785,0.0011125285494243552
3786,0.0011700773901988277
3787,0.0014122029972947028
3788,0.0012589636785076985
3789,0.0012588421503086555
3790,0.0013460873708029274
3791,0.001216424450679906
3792,0.0012989079607585152
3793,0.0008088687482842383
3794,0.0012401635803827443
3795,0.0012886320076687103
3796,0.0011309606743134957
3797,0.0011906896710558396
3798,0.0011432458530167581
3799,0.0015376418527946161
3800,0.0008555665314217697
3801,0.0015738838478961052
3802,0.000988554683634469
3803,0.001168012454593545
3804,0.0014608912493834433
3805,0.001489107592420576
3806,0.0013736671400710527
3807,0.0012122313733368517
3808,0.001148397979730821
3809,0.0010933300451158832
3810,0.0014042975929174039
3811,0.001078357935129437
3812,0.001392193338507814
3813,0.0013528198732054549
3814,0.0011868850975752024
3815,0.0011185571584671084
3816,0.0011719745371072982
3817,0.0011805945696726685
3818,0.00130181706251519
3819,0.0013667622490743812
3820,0.001121856044440178
3821,0.0012000683708840714
3822,0.0012354746627022265
3823,0.0010852230403565393
3824,0.001264857606015951
3825,0.0015361364607764361
3826,0.001442170095084443
3827,0.0012255559243124386
3828,0.0013031909630888713
3829,0.001329587829614808
3830,0.0011945310300652922
3831,0.0013272650190525022
3832,0.001031240580500445
3833,0.0010288115130255332
3834,0.0012688067156240257
3835,0.0014058109078066295
3836,0.0012330586372192318
3837,0.0012989033826515221
3838,0.001280671535050719
3839,0.0013219670356060796
3840,0.0014282475624534784
3841,0.0012161707086370756
3842,0.0011786277425841433
3843,0.0013098952491291684
3844,0.0013920441589514005
3845,0.0011460332276448004
3846,0.001184584776411943
3847,0.0010462204281115647
3848,0.0014884181483881414
3849,0.001032382371054764
3850,0.0013872969029374467
3851,0.00109011301127371
3852,0.0009270575720515901
3853,0.0015679644324722761
3854,0.0013754452815893346
3855,0.0013060135335507294
3856,0.0013070664470313906
3857,0.001279330457540082
3858,0.0015165974503335298
3859,0.0015238340259791372
3860,0.0012917417532500562
3861,0.001451765716021972
3862,0.0011233523699523899
3863,0.0013595320427975664
3864,0.0015114166934785695
3865,0.0013038089318609235
3866,0.0013439791989521969
3867,0.0012256935937682168
3868,0.0012296282820706639
3869,0.0012119016527470956
3870,0.0013285501121456616
3871,0.001395344299771004
3872,0.001454030716381078
3873,0.0009960324322818405
3874,0.0010156689862279265
3875,0.0011185281545857302
3876,0.0014536090004667987
3877,0.0011518957597810668
3878,0.0016311278562434512
3879,0.0012394947200340294
3880,0.0013339829004758498
3881,0.0012668149607020815
3882,0.0011037722420717598
3883,0.0011445254288019303
3884,0.001273178278214531
3885,0.0013092610230804813
3886,0.0012515198301163337
3887,0.0010247480365854164
3888,0.0009209706770591099
3889,0.0011327431463658316
3890,0.0012748028588231803
3891,0.0012199531830116507
3892,0.0013091361649156426
3893,0.0012384084870221332
3894,0.0011111593578551136
3895,0.0010690306868158576
3896,0.0013172814213498034
3897,0.0012861352207783944
3898,0.0013746469186130081
3899,0.0012388670276660817
3900,0.0012949255260864408
3901,0.00119134582474645
3902,0.0013711069424092363
3903,0.0014701032892517124
3904,0.0011122942235456533
3905,0.0011712125854218193
3906,0.0013003173134648663
3907,0.0013721214438711788
3908,0.0013279786949923229
3909,0.000949274773215265
3910,0.0012725145316997784
3911,0.0013190995500999164
3912,0.001315770657423251
3913,0.0013334930454518927
3914,0.001199627212966652
3915,0.0012450550751687034
3916,0.0012648017153689792
3917,0.0011846410314692427
3918,0.001348509258761394
3919,0.0012091056566921694
3920,0.0011575101707709454
3921,0.0011430220542839793
3922,0.0009669972397350212
3923,0.0014138875806595668
3924,0.0011626772265236817
3925,0.0012604573503802044
3926,0.0013713599599011438
3927,0.0012090827183170328
3928,0.0012910035955956557
3929,0.0011666556419767213
3930,0.001146753583858897
3931,0.0013493645454318894
3932,0.0014130828249258184
3933,0.0011286265708193742
3934,0.0012602313241910242
3935,0.0012192285912293352
3936,0.001180410082254574
3937,0.0014065802980731351
3938,0.0013477317787338053
3939,0.0011605744800971553
3940,0.0014587979571737953
3941,0.0014239146955565961
3942,0.001000570582466141
3943,0.0013008844493970265
3944,0.0011957907939959098
3945,0.0011219386831632257
3946,0.0011797802776320197
3947,0.0011461788047898737
3948,0.0015606223414691527
3949,0.0012925397549840142
3950,0.001079668986164705
3951,0.0013538157861032556
3952,0.001384852639966913
3953,0.0013769025202757723
3954,0.0012830285895450327
3955,0.0013126576573864739
3956,0.0010389594782641823
3957,0.0012228636171842033
3958,0.0014099671867539034
3959,0.0011380072233307492
3960,0.0013876518450994082
3961,0.0014666515960915086
3962,0.0011708785282641932
3963,0.0011968465952219179
3964,0.0014649642779252744
3965,0.001396072360155023
3966,0.001325862439529338
3967,0.0013192311195115072
3968,0.0011614606246877696
3969,0.00143053024110338
3970,0.001321041279934533
3971,0.0014144244640077453
3972,0.001268743987136
3973,0.0013197019531461405
3974,0.0013675949343252376
3975,0.001203147142843542
3976,0.0013120558121073097
3977,0.0013131209752253947
3978,0.001115988498009681
3979,0.0014291009431596777
3980,0.0011939070516993036
3981,0.001367086360437801
3982,0.0012752674211915936
3983,0.0012152482088210541
3984,0.0011503756128218706
3985,0.0015639745752128978
3986,0.001175183396888055
3987,0.0013152213633152259
3988,0.001224468041418806
3989,0.0013902532360399004
3990,0.0014258079697074294
3991,0.0013467052614896655
3992,0.0012395532020081895
3993,0.0012071384679016208
3994,0.001296032665403334
3995,0.0013286437231609524
3996,0.0010640354629938848
3997,0.0015048087175090592
3998,0.0016747374738066653
3999,0.001453333364961237
4000,0.0012373922062625573
4001,0.0012095812723284655
4002,0.0010968025821762215
4003,0.001351661311144691
4004,0.001148664659002236
4005,0.0012792199895924803
4006,0.0010597104953968253
4007,0.001156767581840311
4008,0.0012492169620964718
4009,0.0011759195898592115
4010,0.0011340138587370482
4011,0.0011674813188064768
4012,0.001229068829134898
4013,0.0015389030402711693
4014,0.0015889416643174068
4015,0.0013427555409618029
4016,0.001132134792524533
4017,0.0013960498041222155
4018,0.0009453836328358175
4019,0.001169252714392547
4020,0.0011596541490786782
4021,0.0011472577493150187
4022,0.0013432946769585525
4023,0.0011360950285889215
4024,0.0012680700527286442
4025,0.001230290427988778
4026,0.0012415291014710702
4027,0.001472629695291337
4028,0.0011396175842056013
4029,0.0014768043860512528
4030,0.001281285028352109
4031,0.0011888412872725876
4032,0.00134215979559916
4033,0.0011677871421211532
4034,0.0009710383371152617
4035,0.0012056440130152695
4036,0.0009619634555149035
4037,0.0013474839463700832
4038,0.0014730684897493807
4039,0.0015397441576603178
4040,0.001220673014428817
4041,0.0012790381409987252
4042,0.0014474405878406689
4043,0.001198598778672216
4044,0.0015021888645746343
4045,0.0014958118887074484
4046,0.0010230364946835146
4047,0.001184783105286073
4048,0.001425114442590957
4049,0.0015905994865492554
4050,0.001148866621803323
4051,0.0010866172570144067
4052,0.0013077125636358432
4053,0.0011311407647700692
4054,0.0015261755433409803
4055,0.0013886166147248193
4056,0.001363246371691481
4057,0.0014303934735801678
4058,0.0010936693012884074
4059,0.0014131528377540807
4060,0.001171704302812763
4061,0.00110338688869604
4062,0.0012285567355178914
4063,0.0010242124225786568
4064,0.001130341543664889
4065,0.0011563006347260977
4066,0.001223121278950032
4067,0.0016365805514255464
4068,0.0012086211036583287
4069,0.0013670669519423057
4070,0.0009790591790416162
4071,0.001531095969748468
4072,0.0011054098290976242
4073,0.0012058768034325076
4074,0.0010528858228329905
4075,0.001305168597213254
4076,0.001236298235939628
4077,0.0014279676741685836
4078,0.0012820279943074682
4079,0.0013239360141804135
4080,0.0013789507224972772
4081,0.00124716318981826
4082,0.0011252339531460777
4083,0.0013132200566492813
4084,0.0012891650379507006
4085,0.001177120032455022
4086,0.0010094884056567526
4087,0.0010643855935748158
4088,0.001395296490976248
4089,0.0010888529179234128
4090,0.0013463304126998053
4091,0.0012410277611508713
4092,0.0013233838737002988
4093,0.0013383126870881638
4094,0.0014691354661192431
4095,0.0011701797201861066
4096,0.0012856066725324123
4097,0.0012140788288884253
4098,0.0013761393814305043
4099,0.0014724230875095565
4100,0.0010657707362459394
4101,0.0012767600167445546
4102,0.0010571714081738302
4103,0.0013181479349855356
4104,0.0013550290951956524
4105,0.0013867239508020238
4106,0.0012657066824758349
4107,0.0012404872900139859
4108,0.00116740203581115
4109,0.0009203050898788315
4110,0.0011101183200796492
4111,0.001194552750455411
4112,0.0012463802538502384
4113,0.0011016161957278238
4114,0.0013521829453708
4115,0.001156758668963606
4116,0.0011857997022590154
4117,0.0013193015031569841
4118,0.0012562080581579994
4119,0.001208178603004735
4120,0.0012613935469980445
4121,0.0012999035166861256
4122,0.001109903177150041
4123,0.0014653296503193323
4124,0.001406582945921517
4125,0.001250159946702641
4126,0.0010974266910591546
4127,0.0013742827207559997
4128,0.001260427056312334
4129,0.0011552394163673785
4130,0.001196803995779001
4131,0.0013074187721722843
4132,0.001463724172919861
4133,0.0009336138702962255
4134,0.0011892468960729332
4135,0.0013375541271375016
4136,0.0011981271829784154
4137,0.0012718966447635637
4138,0.0014772064057395262
4139,0.0011531766062502686
4140,0.0013142274094895608
4141,0.0015500856638754313
4142,0.001238469606328975
4143,0.0012345004314466665
4144,0.0012536246729267216
4145,0.0012212109410410356
4146,0.0011556142460236035
4147,0.001521592693888803
4148,0.0015514153200890542
4149,0.0013521720024389638
4150,0.0012412641763409923
4151,0.0014126227623785586
4152,0.0010981715140859656
4153,0.0011010961409075827
4154,0.001359669278965127
4155,0.0013779992819243877
4156,0.0013697946625696512
4157,0.0013018480758405766
4158,0.0013342554860813075
4159,0.0010433978361552416
4160,0.0012372148188420724
4161,0.0011287506524381037
4162,0.001340321280497506
4163,0.0010489846236947911
4164,0.0012707377572739227
4165,0.0012940381160519174
4166,0.0011214695108493814
4167,0.001030823278377802
4168,0.0012692233708961533
4169,0.0010953638478104855
4170,0.0011368791061715912
4171,0.0012026792615391021
4172,0.001401855364126426
4173,0.0013088647691963428
4174,0.0013233201057417257
4175,0.0014093545831843192
4176,0.0011570215251129378
4177,0.0013967803108937591
4178,0.0014138550842169829
4179,0.0012261358539238855
4180,0.0011382812184619717
4181,0.0012510602900062534
4182,0.0013469965337865298
4183,0.0010572064339109048
4184,0.0014513576930762554
4185,0.0013213517699107707
4186,0.0014406594028407251
4187,0.0012067384844177695
4188,0.001348979403631456
4189,0.0014488018587537628
4190,0.0012080750342786603
4191,0.0009443419713782433
4192,0.0015665134497996856
4193,0.0012962240192681519
4194,0.0013504979333857732
4195,0.0011504564757999782
4196,0.0013524402843282921
4197,0.000875561813657133
4198,0.0011805382777287632
4199,0.0014130548138290198
4200,0.001186671792813111
4201,0.0012279016412711367
4202,0.0013727259020914666
4203,0.0012185169574578715
4204,0.0011553547406091625
4205,0.00132459549370396
4206,0.0014792481691581606
4207,0.001177195718356285
4208,0.0015027832242033175
4209,0.0014806131805335954
4210,0.0013359410391222818
4211,0.001160463100430558
4212,0.0012998294073224756
4213,0.001365934689935548
4214,0.0013377955334684926
4215,0.0013330857424045709
4216,0.0015168561509416069
4217,0.0013030785788875295
4218,0.0014113976074880954
4219,0.0015774236051556252
4220,0.001190949636754215
4221,0.0014425742572068384
4222,0.0015853154653766809
4223,0.001168346850641774
4224,0.001322004684703288
4225,0.0012476303996506641
4226,0.0013180412002118682
4227,0.001650500210154964
4228,0.0014183850752437393
4229,0.00170085713752097
4230,0.0014455292726026506
4231,0.0013632109252018965
4232,0.0012582764781574843
4233,0.0011816451975509763
4234,0.0011398493831585755
4235,0.0012774597535377742
4236,0.0010624313717258812
4237,0.0010104882882360404
4238,0.0011668214135075693
4239,0.001268425763019513
4240,0.0014988488883300492
4241,0.0010528000364287918
4242,0.0013968293252376335
4243,0.0014730275357432699
4244,0.0011515097316553802
4245,0.000987444730063248
4246,0.0010606219566767674
4247,0.00136690760810835
4248,0.0009751844009331582
4249,0.001454545681462333
4250,0.0012975081462989944
4251,0.0011615570921982505
4252,0.0013279641494678587
4253,0.0011194058469716156
4254,0.0012480560610897496
4255,0.0015355709265884453
4256,0.001346274228276304
4257,0.0010257112244007882
4258,0.0013237371934734562
4259,0.0008994032867142043
4260,0.0013822976273597512
4261,0.0013412120408821616
4262,0.0012104969733993587
4263,0.0013783332477342437
4264,0.0012756630660880957
4265,0.001239071920365198
4266,0.001196269082936868
4267,0.0012180947012708373
4268,0.0010424578757324548
4269,0.0013916131749182532
4270,0.0010220457918867223
4271,0.001098455321502367
4272,0.0013117141054034684
4273,0.0011767619179480421
4274,0.0013359538887513648
4275,0.0012513539605973711
4276,0.001404841504650282
4277,0.0015564531617625048
4278,0.0014528332266657736
4279,0.0010901534874655477
4280,0.0013304340738683259
4281,0.0011812752758950421
4282,0.0013514230447485172
4283,0.001597381386071176
4284,0.0013017050451237953
4285,0.0012215000597719352
4286,0.0011505418319232683
4287,0.0011904001362321949
4288,0.001323936544461616
4289,0.0012191073618766735
4290,0.0012529014176411743
4291,0.0014189853495140633
4292,0.0011807049478740038
4293,0.001319659185309652
4294,0.0012201348432722033
4295,0.0013437806992650134
4296,0.0010053938634626855
4297,0.0013745351354790213
4298,0.0010618343654585339
4299,0.0013702909325080713
4300,0.0011918137226951454
4301,0.0015009830929435725
4302,0.0010954997252845646
4303,0.0012030782867731515
4304,0.0013363396873321816
4305,0.0011347793338432187
4306,0.00141996645678868
4307,0.0013316242501777576
4308,0.0012715402480728958
4309,0.0014991913448292333
4310,0.0013856196184329121
4311,0.001362741673177725
4312,0.001189823919326767
4313,0.0010014274774291616
4314,0.001221979295842928
4315,0.0011712652274681547
4316,0.0013645262763984747
4317,0.0014784930401798258
4318,0.0012348908712912867
4319,0.0014481520108280167
4320,0.0011278380190126618
4321,0.0013541638644831695
4322,0.001224167817654981
4323,0.0012208957747908212
4324,0.0012715452488106602
4325,0.001381647056733545
4326,0.0013860513916349904
4327,0.0015469628167972481
4328,0.0009335682687834799
4329,0.001242627830350488
4330,0.0013406142040379352
4331,0.0015097046345146964
4332,0.001213248652129313
4333,0.0011027832640153534
4334,0.0014285460190651394
4335,0.0014399543332001678
4336,0.0011056442796467656
4337,0.0015678793639080498
4338,0.0009692287548200981
4339,0.0014893519008812026
4340,0.0011530933960749647
4341,0.001171465757464856
4342,0.001062150400109943
4343,0.0011946549959881343
4344,0.0014349510661079848
4345,0.0012749175545324369
4346,0.0012759986984154752
4347,0.0011779443979224933
4348,0.0012545842011094334
4349,0.0015140211044116102
4350,0.0011515224987204834
4351,0.0014903332446161161
4352,0.0013824626498734767
4353,0.0012385023782913163
4354,0.0011364636351272653
4355,0.0010934280480977287
4356,0.0012726830351429653
4357,0.0014147625604306578
4358,0.0013624379186687077
4359,0.001031702137516273
4360,0.0014839792602336106
4361,0.0010861199042956839
4362,0.0013343873949919485
4363,0.0011800337646009243
4364,0.001379995426519044
4365,0.0012136230896804853
4366,0.0012757447524983918
4367,0.0010325985506653913
4368,0.0014265469172369297
4369,0.0011424742468517108
4370,0.0014408875184984081
4371,0.0011798524684086776
4372,0.00116618367639404
4373,0.0008056052168104197
4374,0.0012398133829860415
4375,0.001229398464047136
4376,0.0013730190696803505
4377,0.0013483055475761907
4378,0.001469955384647199
4379,0.0011537035709096003
4380,0.0013934005485843764
4381,0.0014787896089361072
4382,0.0012799898118070038
4383,0.0014112552683611297
4384,0.0010491296529144302
4385,0.0012056904565297373
4386,0.0011098391138780036
4387,0.0012736691053491832
4388,0.0013953944256783742
4389,0.0010627489888182687
4390,0.0011242667814397094
4391,0.0012694362850297523
4392,0.0012734413435897523
4393,0.0012306570000530496
4394,0.0015213480545275655
4395,0.0010319796330141484
4396,0.001391598366375929
4397,0.0012288969453318093
4398,0.0013163072060000777
4399,0.0012850802282816946
4400,0.0014109029109251547
4401,0.0011714410941545564
4402,0.0012520045102525884
4403,0.0012406987774223998
4404,0.0011902197693917345
4405,0.0012793923313173343
4406,0.0012867451427565296
4407,0.0009452152552461468
4408,0.0009429632370594302
4409,0.0009581643608089288
4410,0.0014001922248276179
4411,0.0015729210868741298
4412,0.0011176616907560967
4413,0.001036310401375408
4414,0.0011145756034019808
4415,0.0014030907561265165
4416,0.0012767378616947403
4417,0.001083644506334639
4418,0.001172273794796622
4419,0.0013903639634659532
4420,0.0011997969652195698
4421,0.0012150461641291157
4422,0.001260104087818492
4423,0.0012185674078393708
4424,0.0012989976702862031
4425,0.0011615023515833486
4426,0.0014480729022558407
4427,0.001268218117721707
4428,0.0011121173030033495
4429,0.0014953797354957347
4430,0.001175712989410217
4431,0.0011314605636389154
4432,0.0011818612415176388
4433,0.0013078126569782682
4434,0.0011172615787816695
4435,0.0011165013210289773
4436,0.0012793499797560846
4437,0.0011658575621191023
4438,0.0014079838819966134
4439,0.001331894166153086
4440,0.0012585594756158514
4441,0.0010086161746434015
4442,0.0015396133562025909
4443,0.001177144405860719
4444,0.0013097274093508123
4445,0.0014704388819620081
4446,0.00106741842942123
4447,0.0009737216460738742
4448,0.0014045399120346104
4449,0.0012169674201062044
4450,0.0012598952153071276
4451,0.0011746789142073385
4452,0.0012327032143430484
4453,0.0012648160414882512
4454,0.0012496724551604732
4455,0.0013491540892583537
4456,0.0011443946603889531
4457,0.0011721555074954099
4458,0.0014203067516342148
4459,0.0011032587181670807
4460,0.001391151788442037
4461,0.001314571225486287
4462,0.0012190078588238636
4463,0.0011606973420284312
4464,0.0013030548292404932
4465,0.0013290362821502776
4466,0.001340872190425167
4467,0.001547931918667149
4468,0.0014464824052394108
4469,0.0012821030894927595
4470,0.001159649324693229
4471,0.001399151755629263
4472,0.0013510395127596636
4473,0.0013158742346733917
4474,0.0010831896074204842
4475,0.0011892534570111374
4476,0.0011654840464151966
4477,0.0012229357608268927
4478,0.0015371676144530074
4479,0.0012808503186954154
4480,0.0014102930938147107
4481,0.0011779225274826883
4482,0.0011461642232619101
4483,0.0011324411242143683
4484,0.0013385990035658596
4485,0.0010055831914092678
4486,0.0013722332618280122
4487,0.0013805565468904299
4488,0.0011128041010997818
4489,0.0011484212382247769
4490,0.0011224554867454264
4491,0.0012005614597153241
4492,0.0015170708287330073
4493,0.0010123295289087726
4494,0.0011254808546480419
4495,0.0012664867432776517
4496,0.0012219268079090065
4497,0.0014725717548526409
4498,0.001276936803081654
4499,0.0013945870869624772
4500,0.0014005608589326118
4501,0.0011424294309034426
4502,0.0013803025027395426
4503,0.0012760565764894703
4504,0.0014028059330987136
4505,0.0012281544310865727
4506,0.001243599568989627
4507,0.0012085620110029252
4508,0.0012309789655026993
4509,0.0014196738714329286
4510,0.0011495862436332381
4511,0.0012621250944266364
4512,0.0011873660934732721
4513,0.0012110432189115742
4514,0.001460030187325086
4515,0.001430400101184809
4516,0.0013899375690007388
4517,0.0011198011527567746
4518,0.0012858257415017122
4519,0.001404264738366901
4520,0.0013002442095728965
4521,0.0013356364774028998
4522,0.0013102853639707249
4523,0.0013666604523666012
4524,0.0013587400652319357
4525,0.0013698866278943533
4526,0.001513719085661593
4527,0.001229413977971725
4528,0.0013908865461177546
4529,0.0013606124551144075
4530,0.0012089046519309556
4531,0.0010935793278879192
4532,0.001198164882554556
4533,0.0012965279151617853
4534,0.001252106769331021
4535,0.00138595751959204
4536,0.0013687693702969476
4537,0.0011931848092776108
4538,0.0011564670387000204
4539,0.0012068771207090745
4540,0.0011718095652678798
4541,0.0014492921864936042
4542,0.0010088575370535509
4543,0.0012285002469869138
4544,0.001338546613879615
4545,0.001262615407430904
4546,0.001187119003219969
4547,0.001247593488713158
4548,0.0013640649751102062
4549,0.0009926818121479865
4550,0.0012086038616013692
4551,0.001422956978279596
4552,0.001132488165324216
4553,0.0012205393413075116
4554,0.0012067034639326197
4555,0.0012406855148436161
4556,0.0011485584475808264
4557,0.0010237093497799622
4558,0.0013141753509864605
4559,0.0010971716286193522
4560,0.001322863382034089
4561,0.0010102492113447125
4562,0.0013971377524603667
4563,0.0010396041992589442
4564,0.0013342114174490743
4565,0.001446598196490926
4566,0.001530586700989403
4567,0.0013128636119480255
4568,0.0015806906300495065
4569,0.0012842432647585543
4570,0.0013813384135547432
4571,0.00122524323892438
4572,0.0012359055435242094
4573,0.0010774815570295001
4574,0.0012287982793324642
4575,0.0013231772461212857
4576,0.0012075203244102234
4577,0.001475245763903099
4578,0.001301917143054349
4579,0.0012361140718774883
4580,0.0013173721209350725
4581,0.0015226211383267297
4582,0.0012854747825710134
4583,0.001194614564872594
4584,0.0010614597464604636
4585,0.0011956974969251873
4586,0.001256246570055054
4587,0.001174952409385319
4588,0.0014538665374515313
4589,0.0012325510128807084
4590,0.001199546787364192
4591,0.0014727669819570484
4592,0.0014345338997692931
4593,0.001416957624513196
4594,0.0012101774637334815
4595,0.0013627694156788937
4596,0.001088513774100932
4597,0.0014057935668299046
4598,0.0012368387144598536
4599,0.001381065964741065
4600,0.0013010261122816185
4601,0.0013145864646082076
4602,0.0011331742566611774
4603,0.0013461625082858263
4604,0.0014144975788486361
4605,0.0014957460699764507
4606,0.0011624047709616466
4607,0.001138497135094173
4608,0.001347401200217443
4609,0.0011998188846768945
4610,0.0012718618276708982
4611,0.0012588786427586364
4612,0.0010735993817252403
4613,0.0010967346837805732
4614,0.0011914445080741284
4615,0.0013747430843432705
4616,0.0011463778646232227
4617,0.001232504391392852
4618,0.0012146283924631277
4619,0.0013866604780369918
4620,0.0016508804940458645
4621,0.0010121972151677181
4622,0.001403706429717005
4623,0.0007876446435226925
4624,0.0013130381495656668
4625,0.001449833696508532
4626,0.0012579879006163522
4627,0.0014000168205757074
4628,0.0012782779512620307
4629,0.001433954151506998
4630,0.0014509670253239832
4631,0.001379512909652447
4632,0.001373047156950393
4633,0.0012934624876481107
4634,0.0011562476684728324
4635,0.0011646639869918602
4636,0.0012659717662466062
4637,0.0011151387660119324
4638,0.0012875989830431413
4639,0.0015033794303409348
4640,0.0015196859400558986
4641,0.0012056715923745433
4642,0.0009855569275354055
4643,0.0015374484206457934
4644,0.0015629361875844087
4645,0.0014211189447522058
4646,0.001109117910402164
4647,0.001138489394362427
4648,0.0009713711501515487
4649,0.0015600884392864207
4650,0.0012759607920220775
4651,0.001343392096309861
4652,0.001244280317595762
4653,0.0011758710140863456
4654,0.0013342790764808191
4655,0.0010380255581564554
4656,0.0014347031668802532
4657,0.0013421374125523163
4658,0.0012505104314646223
4659,0.0013922837297666948
4660,0.001355424347940968
4661,0.001061792191174482
4662,0.00143358990069974
4663,0.0012385232377869356
4664,0.0012701966464524585
4665,0.0011736087477712675
4666,0.0011752428974049131
4667,0.001307444075891508
4668,0.0011058449782122852
4669,0.0012854223352724709
4670,0.0013291310063971386
4671,0.0013749654019470361
4672,0.0014401165686882677
4673,0.001060224625749613
4674,0.0009456819712108874
4675,0.001053408442340184
4676,0.0012411413357614968
4677,0.0012315149241954853
4678,0.0013863564037125441
4679,0.0010958169309409507
4680,0.0013775450535203019
4681,0.0013871640399145838
4682,0.0013824824431904136
4683,0.0011863298060079415
4684,0.0015710936833663168
4685,0.0013323564097895205
4686,0.0012028673982216167
4687,0.001022991874011725
4688,0.001355497953158186
4689,0.001327054473793302
4690,0.0010191058444071334
4691,0.0010894655249220275
4692,0.0013268415526525503
4693,0.001041376696525123
4694,0.0011868686926446825
4695,0.0013336686958927114
4696,0.0012967937838979974
4697,0.0011855582818182267
4698,0.0013793576238839568
4699,0.0015024853977072979
4700,0.0011402843908384114
4701,0.0015102661121554086
4702,0.0010622574862034844
4703,0.0011816663575346523
4704,0.0013676455299938368
4705,0.0010818430333730464
4706,0.0012808046215668748
4707,0.001605028500160775
4708,0.0014129025401630603
4709,0.0011459962706026911
4710,0.0011930136576690418
4711,0.0012988821784516546
4712,0.001234627791158689
4713,0.0011123787970699077
4714,0.0011077656432991188
4715,0.0013107817001665118
4716,0.0011197970386576054
4717,0.0014455466127618135
4718,0.0010431136798910046
4719,0.0011359158266775287
4720,0.0012574815496098149
4721,0.0012814004580304714
4722,0.0014373509475209354
4723,0.0012898041269199022
4724,0.001120044287557813
4725,0.0014897689993335782
4726,0.0011509895613705946
4727,0.0011232433151919963
4728,0.0012181841239084254
4729,0.001299286642229985
4730,0.0013862336202853933
4731,0.0013849815275124755
4732,0.0013782855041088908
4733,0.0012617151708803945
4734,0.001593469474329691
4735,0.0014533682763705495
4736,0.0014243724130037342
4737,0.0013427480047254526
4738,0.001244725515544436
4739,0.0014416286507205078
4740,0.0012329431828205588
4741,0.0012026054932587568
4742,0.0012148131489639327
4743,0.0011160049854990295
4744,0.0012954581299922023
4745,0.0014432548063744903
4746,0.0012215975239241066
4747,0.0014010249876286122
4748,0.0012794266367524335
4749,0.0011820967201854997
4750,0.0012476537545211177
4751,0.0012558859285717208
4752,0.0010178733994126133
4753,0.0012220503622550668
4754,0.0015756732251480695
4755,0.0011305330216116165
4756,0.0013271190645156878
4757,0.00126051193510393
4758,0.0010424498512305927
4759,0.001087650374207624
4760,0.0012493873764612157
4761,0.0013725456170416872
4762,0.0014259996103226484
4763,0.0010925567564733043
4764,0.0009079428252842287
4765,0.0012045717083921388
4766,0.0009233878127523527
4767,0.0012861687061073476
4768,0.0012768015781934436
4769,0.0012616872903480072
4770,0.0013632378701258776
4771,0.001657183076322591
4772,0.000904648182475474
4773,0.0011637097222636909
4774,0.0012057794779176767
4775,0.0013916979352995658
4776,0.0013539302275020486
4777,0.0013915726259966976
4778,0.0015444714043578208
4779,0.0010498377973524524
4780,0.001193833236803317
4781,0.0012989750326109874
4782,0.0012135832164057426
4783,0.0013834944010844804
4784,0.0011275791655323364
4785,0.0012215061728155635
4786,0.0012012739654825855
4787,0.001137259355884711
4788,0.0015761964326650208
4789,0.0014487031324481325
4790,0.0013754357991329698
4791,0.001420408760204434
4792,0.001449041069343343
4793,0.001165264623745167
4794,0.0011182095682049232
4795,0.0011277103094337062
4796,0.001365269293831076
4797,0.0011925233698494644
4798,0.0011991347251750128
4799,0.001373749520903776
4800,0.0015495298156929839
4801,0.001431387898700946
4802,0.0011455131636621593
4803,0.000914931288721925
4804,0.001073600453564732
4805,0.0009753917014622331
4806,0.0012194920302633127
4807,0.0012383718002156744
4808,0.001380735549078967
4809,0.001340041803958078
4810,0.0011571830398814948
4811,0.0011654638540831875
4812,0.0011838491425000231
4813,0.0012088914380505116
4814,0.0015236546467742261
4815,0.0011529992711779102
4816,0.0011269386755987662
4817,0.0011477525571909116
4818,0.00133946280799417
4819,0.0011502834475515535
4820,0.0013425214214155376
4821,0.0009142702793197108
4822,0.001366553791642409
4823,0.0011743229889089133
4824,0.0010245484286078095
4825,0.001239838949751294
4826,0.0013218609817740087
4827,0.0009873479953823197
4828,0.0014905235161756616
4829,0.0009720292000385557
4830,0.0012172241498707847
4831,0.0012462624089611507
4832,0.001003450889704215
4833,0.0012879682087015233
4834,0.0012934295140206334
4835,0.001135505075879751
4836,0.0012112375185068002
4837,0.0011843654839602364
4838,0.0012678849553986477
4839,0.001225018454752445
4840,0.0011155796491725616
4841,0.0011691475952617404
4842,0.0010141381034314064
4843,0.0012053896644038168
4844,0.0013935618757187802
4845,0.0013730282684327134
4846,0.0012536703772231708
4847,0.0011067030005972845
4848,0.00125345533059467
4849,0.001345768901609042
4850,0.0013731630669204815
4851,0.001476929201788857
4852,0.0010558385574096388
4853,0.001544813227979458
4854,0.0012794182204281385
4855,0.0013756744488203942
4856,0.0012648724978606106
4857,0.0014141594843668948
4858,0.0011584432371889075
4859,0.0015761652995651752
4860,0.0013006347947644226
4861,0.0013749533346747616
4862,0.0010709839535692055
4863,0.0014209650412485234
4864,0.001255774821413085
4865,0.0012127182426736225
4866,0.0012818237399550955
4867,0.0011841558412172006
4868,0.0012729714776544348
4869,0.0013031281975594588
4870,0.001182779290623125
4871,0.0014298799858182135
4872,0.0012497244397971469
4873,0.0013213830636740862
4874,0.0011168749321654563
4875,0.0013844480172765148
4876,0.0012941537229327932
4877,0.0010376999385981983
4878,0.0012652593499259347
4879,0.001080662267885726
4880,0.0011012648850803578
4881,0.0013077783880740847
4882,0.0012276166479744796
4883,0.0012140137694992108
4884,0.0013297726859376172
4885,0.001324314183383567
4886,0.0013346388643664284
4887,0.0013906406429606865
4888,0.0013655340601389896
4889,0.0013495307644614393
4890,0.0013116233353317364
4891,0.0014121315302532515
4892,0.0011347523042717187
4893,0.0010777380840773366
4894,0.0014600848416393946
4895,0.0012541920787489055
4896,0.0013901142764413353
4897,0.0014062482390576846
4898,0.0010071804994412571
4899,0.0015496331689642266
4900,0.0012747417009572408
4901,0.0011690665246100347
4902,0.0011062508540671087
4903,0.0012574060967922858
4904,0.0012529110638012392
4905,0.001190649202196437
4906,0.0011635849243014135
4907,0.0014698495069396615
4908,0.001186564416816209
4909,0.0014957994273732183
4910,0.001160194097497455
4911,0.0011648289408897987
4912,0.0013309266447471524
4913,0.0015031666447644107
4914,0.0014692558586701047
4915,0.0013409030309609697
4916,0.0011037339561496536
4917,0.0017456378627691358
4918,0.001127689214582561
4919,0.0012611375950115642
4920,0.0014687015895986735
4921,0.0011714766654857332
4922,0.001550340010590961
4923,0.0012619858257099889
4924,0.0011821686964170253
4925,0.0012129576300829634
4926,0.0010093803081787916
4927,0.001320342495960066
4928,0.001410600380446649
4929,0.0013430173703688143
4930,0.0014175346686418082
4931,0.001113594321025089
4932,0.001012181077299687
4933,0.0012693992243795228
4934,0.0012092132242325494
4935,0.0011028289354638023
4936,0.0012428746258366808
4937,0.0012900299010080195
4938,0.001198149698626694
4939,0.00137081958398643
4940,0.0014083487340394712
4941,0.0013774861339819068
4942,0.0012360800903471066
4943,0.0013248281517871368
4944,0.0010984728120800372
4945,0.001174520538575143
4946,0.0013079342176723426
4947,0.0013398654402146525
4948,0.001390556432201907
4949,0.00116738939187927
4950,0.0013257127486728793
4951,0.0013481176002816003
4952,0.001186087954280049
4953,0.0014088325929339691
4954,0.0010960406616331137
4955,0.0012111446752545297
4956,0.0014281241486002521
4957,0.0015089614073806046
4958,0.0013046301651602724
4959,0.0013619783805612796
4960,0.0011929316494631483
4961,0.0013053278130128125
4962,0.0013904897061326183
4963,0.001263903908672458
4964,0.0016514048445364833
4965,0.0014309569414034185
4966,0.001426451181865528
4967,0.0013126326666185338
4968,0.0012109531632816608
4969,0.001410454612154521
4970,0.0012068945437980535
4971,0.0015503509798044934
4972,0.001134964702857647
4973,0.0012621800828536592
4974,0.0011953013008261962
4975,0.0012679370167406052
4976,0.00149422821647562
4977,0.001074614330950482
4978,0.0010030911538215306
4979,0.0012150856503254156
4980,0.001363662555570701
4981,0.001323018855162967
4982,0.0012284143141940134
4983,0.0011452387515488653
4984,0.0012082649185715636
4985,0.0009481822975398119
4986,0.0012258430481781022
4987,0.001266121989820168
4988,0.0014570877568125787
4989,0.0010526864499265625
4990,0.000878411932555824
4991,0.0011635984589747602
4992,0.0014495048267634844
4993,0.0010474515723699759
4994,0.0011739180813495687
4995,0.001309330369864732
4996,0.0012574295202255436
4997,0.001410227381126515
4998,0.001236523540221998
4999,0.001323745788287656
5000,0.0013515554020079648
5001,0.0011240452370824621
5002,0.001195034405323468
5003,0.0012643827546089089
5004,0.00128560063958302
5005,0.0014961631355044525
5006,0.001574780008283557
5007,0.0013341948253209005
5008,0.0011012420513873578
5009,0.001175458059633876
5010,0.001775920249554019
5011,0.0013339614047141832
5012,0.0012464845815970656
5013,0.0011038121807896812
5014,0.001358452949678468
5015,0.0011960968736531067
5016,0.0012612502479524606
5017,0.0014174072092972823
5018,0.0014555230276875992
5019,0.0014520378240042101
5020,0.0009992113483313393
5021,0.0014177132757507392
5022,0.0012554615695514204
5023,0.0012781994604327577
5024,0.0010695243460499303
5025,0.0012355978177691275
5026,0.001279728792858198
5027,0.0012557126633129317
5028,0.000978980897331047
5029,0.0014211193889918602
5030,0.0011215105521177036
5031,0.0012234811675356473
5032,0.0012298110242974778
5033,0.0011962768359368233
5034,0.00147173196785854
5035,0.0013154531610768867
5036,0.0011426865564227442
5037,0.0012014733755073385
5038,0.0007724238472875686
5039,0.001278963422967601
5040,0.00140653430946756
5041,0.0011812258718775712
5042,0.0013160685857111613
5043,0.0010334111668296312
5044,0.0012382663656625758
5045,0.0012675267989202175
5046,0.0012724652058358403
5047,0.0013753650558839205
5048,0.0011724951408509157
5049,0.001279425761956319
5050,0.0011304474999149462
5051,0.00138227719492678
5052,0.0012567803320352334
5053,0.0012507077709989123
5054,0.0013062915455230985
5055,0.0012649380572561598
5056,0.0010015261527917413
5057,0.001480031974398689
5058,0.0011652267212768764
5059,0.0011981688063297776
5060,0.0013794590557548874
5061,0.0011641878043793282
5062,0.0012630916831087695
5063,0.001432691571878023
5064,0.0012069882426438943
5065,0.0012126635880104798
5066,0.0011046861959629062
5067,0.0012906186829072248
5068,0.0015591897341200329
5069,0.0010658763051491556
5070,0.0015952682296181545
5071,0.0013306149951536627
5072,0.0012502484974163495
5073,0.001410784805058339
5074,0.0015399558042617253
5075,0.0014582153485404572
5076,0.0012919889351743355
5077,0.0011212735875765951
5078,0.0011048012505706646
5079,0.001308987383435015
5080,0.0012663816110186552
5081,0.0014924097297825461
5082,0.0013238631719151074
5083,0.0013336721328797618
5084,0.0011359963267346944
5085,0.0014577645377261694
5086,0.0011967728949025408
5087,0.0012007880330342701
5088,0.0013761693792900367
5089,0.0010607753711863149
5090,0.0013798005380214462
5091,0.001244154902407047
5092,0.0014439809667176826
5093,0.0013074817014576744
5094,0.0013422799225284788
5095,0.0012604949916703492
5096,0.0016835571851548227
5097,0.0011081901671935233
5098,0.001251206159840414
5099,0.0015112246549331377
5100,0.0009175148610010696
5101,0.0011966730633643542
5102,0.0012421929788997558
5103,0.0011082399161777327
5104,0.0011860448574440186
5105,0.001096294494596994
5106,0.001257044995569419
5107,0.0011866799449236002
5108,0.0012778698020484436
5109,0.001449026842487236
5110,0.001240770718772724
5111,0.0011717353073045363
5112,0.0013372239525720087
5113,0.001389994072199972
5114,0.0011440591623001972
5115,0.0013435355405570883
5116,0.0010345130571555905
5117,0.0015575485053402347
5118,0.0013054336457504927
5119,0.001415467769073721
5120,0.001231848533672425
5121,0.0010959551990102354
5122,0.0011673900221123195
5123,0.0013517534922276077
5124,0.0013354893755943063
5125,0.0012941478249287879
5126,0.0012806454662632656
5127,0.0012507544522821481
5128,0.001326540983640622
5129,0.0014458731718201097
5130,0.0013550039230019696
5131,0.0011275032769682575
5132,0.0011182053335730866
5133,0.0012192262031970487
5134,0.0010505984502738397
5135,0.0012915713998581813
5136,0.001398417114609584
5137,0.00100346617462307
5138,0.0011528776996354905
5139,0.0015371895049022574
5140,0.001285361808445905
5141,0.0013190842690858045
5142,0.0012723663129646451
5143,0.0013399587267145733
5144,0.0012880425499271772
5145,0.0011073117022325732
5146,0.0010846438651852574
5147,0.001311330451692434
5148,0.00150093516182504
5149,0.001483877594825477
5150,0.0011716613563428901
5151,0.0011225046384298531
5152,0.0010731873787749725
5153,0.0010941980635119709
5154,0.001485648383461229
5155,0.0013515394937563508
5156,0.001072658254518318
5157,0.0011912992141927994
5158,0.0013749665704262527
5159,0.0011654225013484347
5160,0.0014916246988152864
5161,0.0010663811637443244
5162,0.0015753019970180353
5163,0.0010894559008243156
5164,0.0011763918508907365
5165,0.0013781721022593993
5166,0.0012255349113661862
5167,0.0014913356836982958
5168,0.0012677779633137516
5169,0.0016479420528540114
5170,0.000963775818992706
5171,0.0015894888500482842
5172,0.0013762097271248852
5173,0.0011541358811464814
5174,0.001288505007689228
5175,0.0012481211461678437
5176,0.001510574389181855
5177,0.0013554394653867753
5178,0.0012716871938059742
5179,0.0012833963501667192
5180,0.001379038051248728
5181,0.0014034900870941189
5182,0.0013106386671159656
5183,0.0012484755871078398
5184,0.001328467653277486
5185,0.0011169643857059188
5186,0.0012775447872249985
5187,0.0012451188801838203
5188,0.001049628254019949
5189,0.0012405152102190381
5190,0.00154135297676237
5191,0.0010053461835418432
5192,0.0015432767279821796
5193,0.0012849986810429437
5194,0.001466013887824202
5195,0.0012888868781811996
5196,0.001436618870073873
5197,0.0014111894837681648
5198,0.0014224759522857493
5199,0.001308236425512474
5200,0.0013681273803569296
5201,0.0014616144697889022
5202,0.0011645880289547924
5203,0.0011558610769733578
5204,0.0011298267713263216
5205,0.0015075578009980332
5206,0.001068804984046516
5207,0.0013008085080902893
5208,0.001014746569188108
5209,0.001425173204079681
5210,0.0014116376508966294
5211,0.001402382600367335
5212,0.0014319843557163215
5213,0.0009735185286566441
5214,0.001355476468508062
5215,0.0009583704069067661
5216,0.0012347295085981173
5217,0.001391912472793722
5218,0.0013357689646024112
5219,0.0013542020963883822
5220,0.0014543687649618327
5221,0.0013325832438185398
5222,0.0010511262012986838
5223,0.0011085124204542015
5224,0.0012308735508436343
5225,0.0013283762875779543
5226,0.0013955975625459542
5227,0.0011405347028281881
5228,0.0014231420952657986
5229,0.001417184506576165
5230,0.0013965284606854411
5231,0.0013328284261976912
5232,0.001129252811871964
5233,0.0010606217807313857
5234,0.0014222900936005454
5235,0.0011948976237749027
5236,0.0014435033688678925
5237,0.001383461532268176
5238,0.0012109602996719182
5239,0.0011582294288922563
5240,0.0011632376021643196
5241,0.0011367047681409951
5242,0.0011403156467326165
5243,0.0016638553569901355
5244,0.0013193355617772539
5245,0.0013487034878442669
5246,0.0012424632093053654
5247,0.0013342327935446337
5248,0.001195721699401503
5249,0.0013787498383310605
5250,0.001101779828940932
5251,0.0013975774488714757
5252,0.001297825538039715
5253,0.001345022237323737
5254,0.0011931491479184515
5255,0.0011196271028947647
5256,0.0014788807675655852
5257,0.0012592324202117815
5258,0.001157252048087465
5259,0.0012901705318237732
5260,0.0010892099661881111
5261,0.001689253051873824
5262,0.0013205678718580262
5263,0.0010661838026546607
5264,0.0011333271122736534
5265,0.0011209728204240566
5266,0.0014119626980834113
5267,0.000981427965139615
5268,0.0011251392392737317
5269,0.001379842716386385
5270,0.0012450722110253873
5271,0.0011825306831577099
5272,0.0014566623860635354
5273,0.0012729516802346525
5274,0.001224702486189583
5275,0.0011604770991247436
5276,0.0012891112727044646
5277,0.0014533732763824289
5278,0.0011628338045193342
5279,0.0012143874219537557
5280,0.0014097185205767604
5281,0.001200415386261535
5282,0.0010341982799144532
5283,0.0013845551253763425
5284,0.0012275096287765743
5285,0.0008161340823001576
5286,0.0010515867314111833
5287,0.0011978011936927165
5288,0.0014889161726286766
5289,0.0014336320560421288
5290,0.001253003228842723
5291,0.0011477389254995918
5292,0.0012517923734179312
5293,0.0014207091379270212
5294,0.0012798967100508503
5295,0.0014417167304840454
5296,0.0013085779063973261
5297,0.0009587899784648426
5298,0.001063604956150421
5299,0.0011129626197641622
5300,0.0010974492799029592
5301,0.0010095718044741979
5302,0.001102248662517425
5303,0.0009738994165275673
5304,0.0011406168290651287
5305,0.0011279945167505406
5306,0.0012300531775404902
5307,0.0012077675794850056
5308,0.0013217700754329662
5309,0.001168386255784514
5310,0.0010754371545132308
5311,0.001418536805344209
5312,0.0012871757889272258
5313,0.0013393594798896443
5314,0.0015058267827536501
5315,0.0010732805345902486
5316,0.0009529666342893714
5317,0.0015162624670040814
5318,0.0012091965039452012
5319,0.0010833492889746445
5320,0.0012688504064490471
5321,0.0011424503193975329
5322,0.0012818157114483182
5323,0.001329940842468053
5324,0.0014922510559206529
5325,0.0011003216582246586
5326,0.001018549312034727
5327,0.001156494244799609
5328,0.0013458202964415843
5329,0.0014067130020800306
5330,0.001300350064791111
5331,0.0013525705077779583
5332,0.0010759197221278168
5333,0.0011267211551794787
5334,0.001217331649679577
5335,0.0011119520309937183
5336,0.0011883765252834072
5337,0.001240850782904014
5338,0.0011426049910344253
5339,0.00101037552160062
5340,0.0012647756177218328
5341,0.0012027783421490945
5342,0.0013481830732403816
5343,0.0013200738975695794
5344,0.0014201937786545236
5345,0.0013410233143169856
5346,0.0011743692801563584
5347,0.001326849345813487
5348,0.001386499855989901
5349,0.0014286766490355701
5350,0.0010511835700967615
5351,0.001222487831888679
5352,0.0012826454437740364
5353,0.0012263352187590545
5354,0.0011144185869773904
5355,0.0009060893113094022
5356,0.0013565009251285656
5357,0.0011685266460415074
5358,0.0014265307276430813
5359,0.0012605115797826745
5360,0.0011586074980590986
5361,0.001274465342210313
5362,0.0011498077261014267
5363,0.0011224852198823858
5364,0.00115690796119416
5365,0.0014472274611267587
5366,0.0012192093311252086
5367,0.0011650450072958538
5368,0.0010225716746216898
5369,0.0012737652996393518
5370,0.001495720143583238
5371,0.001374280297551194
5372,0.0012845469653891169
5373,0.0015398848853292553
5374,0.0015135213720095949
5375,0.0015527340815747175
5376,0.0013244979444835222
5377,0.0015259862338458051
5378,0.00145451310388934
5379,0.0011108794011683233
5380,0.001318790698889741
5381,0.0013998606282768125
5382,0.0012295655127261718
5383,0.0012882133023263693
5384,0.001685265909296041
5385,0.0011936793307239237
5386,0.0014786540267771975
5387,0.0013818876617771403
5388,0.0011961397399457203
5389,0.0011257443539089511
5390,0.0012825134823046846
5391,0.0013116117764654187
5392,0.001403698020876402
5393,0.0012167999359855258
5394,0.0013381595480319098
5395,0.0014492466442563522
5396,0.0009517780033319039
5397,0.0012913159485677089
5398,0.0011167696732577077
5399,0.0010546431262313278
5400,0.0012886380713378008
5401,0.0010503411075886407
5402,0.0014309365183932715
5403,0.0012775697342465012
5404,0.001216251413291513
5405,0.000995205615896501
5406,0.0011179892915146664
5407,0.0011290761727563924
5408,0.0011133077832137922
5409,0.001409946865865479
5410,0.0009995314499755287
5411,0.001327470053365387
5412,0.0012568862917212834
5413,0.0011814967349165993
5414,0.001198488297898116
5415,0.0012247622155803558
5416,0.001359235476471924
5417,0.0013392016058795986
5418,0.0011403579414435954
5419,0.0009903612906060745
5420,0.001278165482068063
5421,0.001125340441919868
5422,0.0014302147273842316
5423,0.001323153708427715
5424,0.001351749700491212
5425,0.0014608072433925409
5426,0.0015153580724317594
5427,0.0012179396217556798
5428,0.001255696647978842
5429,0.0013880622787188152
5430,0.001227870925027726
5431,0.001349373752213982
5432,0.0011037639676988507
5433,0.001392659073465096
5434,0.0013095636191062419
5435,0.0011691750076703162
5436,0.0012939797581971654
5437,0.0012473830165442657
5438,0.0014050491884061496
5439,0.0015499540599599874
5440,0.0012167666469948188
5441,0.0012243471851487897
5442,0.0010937082401725512
5443,0.0013669156244864155
5444,0.0012343798041057688
5445,0.0014365478679522808
5446,0.0012352307048322892
5447,0.0011799953264402785
5448,0.0013232891810230167
5449,0.0012076149077443737
5450,0.0011510167330045082
5451,0.0011105983596190515
5452,0.0012412128860401631
5453,0.00115925725987425
5454,0.001486227622406514
5455,0.0014563736390370877
5456,0.0013455482977292239
5457,0.0012366093744426716
5458,0.0013814970646448142
5459,0.0014231388130985234
5460,0.001319690936506289
5461,0.0017100509082748764
5462,0.0011103918892599808
5463,0.0009784909545501284
5464,0.0013226202567293286
5465,0.001213332284184973
5466,0.0013929624148128134
5467,0.001271872193504816
5468,0.001119035868976187
5469,0.0012182491701020076
5470,0.001200455904062894
5471,0.001437708333897667
5472,0.00112838212240581
5473,0.0011093726389721998
5474,0.0013239801167602902
5475,0.0014742992601549558
5476,0.001439703268066917
5477,0.0012508904127454343
5478,0.0011791921687046834
5479,0.0012808967658113287
5480,0.001037798674300888
5481,0.0012715799727803024
5482,0.0013728425766949858
5483,0.0012896377045465855
5484,0.001273023192126523
5485,0.0015444529038829212
5486,0.0012665605456785498
5487,0.001437081322561595
5488,0.001072462707724467
5489,0.0014436612438789552
5490,0.001172122599721805
5491,0.0011401168353302278
5492,0.0012028478340965936
5493,0.0014901561682449844
5494,0.001191974145506739
5495,0.0011072286247736322
5496,0.001358277466259435
5497,0.001218358223264778
5498,0.001358327280676277
5499,0.0013694256928898784
5500,0.0012997929724009704
5501,0.0012392733499463585
5502,0.0013714297735619443
5503,0.0012961172820384502
5504,0.001223321152083687
5505,0.0017428180346535122
5506,0.0013620951002378718
5507,0.0013980780137526569
5508,0.0013009820029943463
5509,0.001400836063756815
5510,0.001274750218687331
5511,0.001081526745836088
5512,0.0010907201847521004
5513,0.0012077927167891567
5514,0.0013585822851387974
5515,0.0013758313932040551
5516,0.0010447556197147134
5517,0.0009946357680257305
5518,0.0013365180560851923
5519,0.0016078195220315733
5520,0.001207743659010129
5521,0.0013546936884193347
5522,0.0014063390263347735
5523,0.0010856817395591683
5524,0.0012903675204409732
5525,0.001315112757543539
5526,0.0015794722975140878
5527,0.0012989153001525058
5528,0.0012114622342664372
5529,0.0012019467380417319
5530,0.001562101721343781
5531,0.0011907331046399363
5532,0.0014340418457920614
5533,0.0011669717215020262
5534,0.0015898070779553602
5535,0.0013195986933448418
5536,0.0011459498896298902
5537,0.0014874445020027556
5538,0.0010264882199923523
5539,0.0011992367305013834
5540,0.0011723880965698946
5541,0.0012355190150975476
5542,0.0012912640167444557
5543,0.0012051366422536308
5544,0.0010772176237220097
5545,0.0011337117749378551
5546,0.00131983701276499
5547,0.0011890106405341332
5548,0.0013702365322394716
5549,0.0012234701084454789
5550,0.0012501133517477533
5551,0.0012422662650710518
5552,0.0013899614818974081
5553,0.001159492219864025
5554,0.0010693300977037184
5555,0.0015100326312180688
5556,0.001378053472144425
5557,0.0009689966701065004
5558,0.001314112122290848
5559,0.0013947377569996275
5560,0.001405845746753336
5561,0.0011590065789220502
5562,0.0010687241636036333
5563,0.0013437039507790587
5564,0.0010304521777896331
5565,0.0013862293102098592
5566,0.0013068757874631833
5567,0.00151857372822681
5568,0.001152994417128046
5569,0.0013333708224614156
5570,0.0012665750493337617
5571,0.0013754389942791133
5572,0.0014257030403378472
5573,0.0011332053126529296
5574,0.0012652707906414074
5575,0.0012365060018569793
5576,0.0012086127177652235
5577,0.0013652955400974345
5578,0.001421949893741648
5579,0.0013924632580505792
5580,0.0012917355278405885
5581,0.0012646409755819603
5582,0.0013221564908021072
5583,0.0011577394968606987
5584,0.0013996085475571054
5585,0.001135349194175766
5586,0.001375931350570851
5587,0.0011641694776660556
5588,0.0012292581152067365
5589,0.0011268000876781148
5590,0.0012407402775174157
5591,0.0009941692632169628
5592,0.0013065462441787501
5593,0.0011418034930526576
5594,0.0009674945853946294
5595,0.0014272231170768313
5596,0.001432977561724395
5597,0.0013052614611574218
5598,0.0012935794158603843
5599,0.0013185604517406044
5600,0.0011161203623584557
5601,0.0012238195803195612
5602,0.0013114952128678676
5603,0.001188258839170123
5604,0.0012574648634000917
5605,0.0011233366020675123
5606,0.001319492785419057
5607,0.0012585565875653714
5608,0.0010262469546668345
5609,0.0009936910805855659
5610,0.0014338949873427403
5611,0.001306046706156033
5612,0.0012547608556476794
5613,0.0014390257318598512
5614,0.0012450704579413698
5615,0.0011012110208482877
5616,0.0015606690818992578
5617,0.001135215339551215
5618,0.001237667380895776
5619,0.0012939341114708066
5620,0.0013234095417370142
5621,0.001312424406644424
5622,0.001197886753161908
5623,0.0012140202317786673
5624,0.0013197319634257417
5625,0.0016289750196316088
5626,0.001448855851981844
5627,0.001556721789285993
5628,0.0012390142246054693
5629,0.0013131150970485425
5630,0.001213025296367806
5631,0.0012452368075162605
5632,0.0010331409226564778
5633,0.0013411885579369806
5634,0.0011962255165439272
5635,0.0013981812256314327
5636,0.0014149889291147223
5637,0.0014620128330395596
5638,0.001503056454990135
5639,0.0011304533586745638
5640,0.0012256541892612265
5641,0.0015753452558302263
5642,0.001281856922386325
5643,0.001155540511958631
5644,0.0011545953042476388
5645,0.001422301279811915
5646,0.001461068196074236
5647,0.0011534968564733167
5648,0.0013950747304534476
5649,0.0011304660355979793
5650,0.0014922606896341452
5651,0.0013685051582240516
5652,0.001314225964726652
5653,0.0013011486987711321
5654,0.0010900959430060768
5655,0.0010742466762193642
5656,0.0015058790500704822
5657,0.001330778522828228
5658,0.0011826114158504215
5659,0.001389596192008969
5660,0.0010835485775427052
5661,0.0013024980842746936
5662,0.001201332563023383
5663,0.0013622178621724927
5664,0.0012394407291330158
5665,0.0013124947930040441
5666,0.001116996289249779
5667,0.0014979910704404076
5668,0.0014027999216563933
5669,0.0012661346542241782
5670,0.0010842288784326099
5671,0.0013720332970637349
5672,0.0011590287762143986
5673,0.0013274731184885929
5674,0.0015286144913046308
5675,0.0012231347386217903
5676,0.0011006910467520944
5677,0.0011129841740575663
5678,0.0013791694584464782
5679,0.0012431082780477662
5680,0.0014766693972318033
5681,0.0013971851951053963
5682,0.0012860195586106887
5683,0.0010318742377988406
5684,0.0012624412319644186
5685,0.0014808236798470066
5686,0.0011607000551711814
5687,0.001280549842948799
5688,0.0012875024277819557
5689,0.001505878156797808
5690,0.0012542194814274474
5691,0.0016014632316865023
5692,0.0010078808635177999
5693,0.001007841923127714
5694,0.0012990321265905047
5695,0.0013404733553567547
5696,0.001116697215527764
5697,0.0012900000898903921
5698,0.0013019884868761494
5699,0.0013644449407684371
5700,0.0014356213749462169
5701,0.0011641615482833802
5702,0.000994188238881665
5703,0.0013485669146309585
5704,0.0011181561775130888
5705,0.0013288397574017265
5706,0.0011681002071161836
5707,0.0014974612722835842
5708,0.001189162712277379
5709,0.0012437662713854574
5710,0.0012326888926224636
5711,0.0015685106111358747
5712,0.0014657409960400335
5713,0.0012183005590443038
5714,0.0010108191887417731
5715,0.001272235599244116
5716,0.0013263058644091242
5717,0.0011692099282708673
5718,0.0011221913434560314
5719,0.0013081779455479565
5720,0.0012568685256527528
5721,0.0011903038028994307
5722,0.0012286556568988176
5723,0.0012557362129595028
5724,0.0012496922032699835
5725,0.0014833283216844372
5726,0.0012300222710419936
5727,0.001387220769759586
5728,0.0012375290504262949
5729,0.0012378726016695311
5730,0.0012916293477589452
5731,0.0012847733756112913
5732,0.0013452747025908007
5733,0.0013681768385946085
5734,0.0011020481188778772
5735,0.0013427659844389933
5736,0.0010027826382767078
5737,0.0014255640545480378
5738,0.0014135797940644625
5739,0.0012991355754646185
5740,0.0008909410888692738
5741,0.0014091637122440454
5742,0.0013063968615292358
5743,0.0013516503420736743
5744,0.00125545915212508
5745,0.00117946215967632
5746,0.0013499292234496255
5747,0.0010163359197789198
5748,0.0012834950102730126
5749,0.0014342892763583692
5750,0.001191036123480547
5751,0.0011346814974205878
5752,0.0012241243902924312
5753,0.0012882180603144744
5754,0.0014341245968139723
5755,0.0011934250199872208
5756,0.0012845447451278525
5757,0.0012573526973187795
5758,0.0013018874605701812
5759,0.001239343846927348
5760,0.0011221303135051785
5761,0.0011817759638714411
5762,0.0012428367147711754
5763,0.001280752251513498
5764,0.0014809276092410486
5765,0.0010684446620991162
5766,0.0013564594201703772
5767,0.001368919064593396
5768,0.0012240496264324448
5769,0.0012841440254695964
5770,0.0011358119694547058
5771,0.0013419166758525329
5772,0.0014422969121957968
5773,0.0012793103898140487
5774,0.001062986572579388
5775,0.0011365562458348591
5776,0.0016947832865849119
5777,0.000903845583113566
5778,0.0012446894951981767
5779,0.0015284486245814354
5780,0.0014397492453628827
5781,0.0015491207176394194
5782,0.0014173749810553428
5783,0.0013650452582729918
5784,0.0012386059915518914
5785,0.0012656625592837405
5786,0.0013937529144988046
5787,0.001269379276453302
5788,0.0012351077294725304
5789,0.0013447138001536206
5790,0.0013634190669262476
5791,0.0013266749593659486
5792,0.0014983702893285955
5793,0.0013166526244992906
5794,0.0012929780459914214
5795,0.0012243349728498882
5796,0.0011778537714696653
5797,0.0010777132779801535
5798,0.0010778351898681272
5799,0.0013208667147484817
5800,0.0013044348651205355
5801,0.001223305396958924
5802,0.001275782474660326
5803,0.0012525412234856296
5804,0.0013668122703293887
5805,0.00138041602558653
5806,0.0012958567409663759
5807,0.0013924515481723123
5808,0.001457255712859428
5809,0.0011619880079033762
5810,0.0014189236487430203
5811,0.0012244998954089989
5812,0.001080625663654356
5813,0.0012891524490034091
5814,0.0012257799436788267
5815,0.0013340217937823976
5816,0.0012049572147657204
5817,0.0014277858844752775
5818,0.001625166194326179
5819,0.0013531838410110375
5820,0.0013412866597487076
5821,0.0013199170776725228
5822,0.001116211952525288
5823,0.001242574688946869
5824,0.0013055464316986908
5825,0.0011077100036483757
5826,0.001210837266740546
5827,0.0014502474316898761
5828,0.0012252349762764262
5829,0.0010452562104955386
5830,0.0011547543890852365
5831,0.001074024308585216
5832,0.0013792566085833846
5833,0.0011086507201025669
5834,0.0012606599070797526
5835,0.0011684551786650262
5836,0.0014230814818399539
5837,0.0014771995819680462
5838,0.0011331180270150996
5839,0.001170058262971339
5840,0.0013949146369797419
5841,0.001263912230783544
5842,0.001473580975627919
5843,0.0013408774454903086
5844,0.0012540110078683715
5845,0.0013689675223864377
5846,0.0011612774537743328
5847,0.0012647621824201669
5848,0.0014366558727972147
5849,0.0012372855171185705
5850,0.0011206775266724576
5851,0.0013731632354021983
5852,0.0014927378215029948
5853,0.0014194271898675163
5854,0.0011527662298968881
5855,0.00153272056391801
5856,0.0011856571915495652
5857,0.001137032902451146
5858,0.0013067365678724313
5859,0.0010930753647739905
5860,0.0013683194269926576
5861,0.0012756972084046441
5862,0.0012098479073983043
5863,0.0009685870196244435
5864,0.0011563937704812627
5865,0.0010732415833783087
5866,0.0012271522477247904
5867,0.0011772379061018906
5868,0.0012368803315695506
5869,0.001450904505689156
5870,0.0012393058375861036
5871,0.001223770244540944
5872,0.0010412479974275504
5873,0.001238074636523408
5874,0.001524230334769033
5875,0.0010695175403557487
5876,0.0010604195061031212
5877,0.0011518936935746092
5878,0.0013723035783227756
5879,0.0010483189705401586
5880,0.0012456741436155138
5881,0.0012610584143649699
5882,0.0012249337528618125
5883,0.0010631071460196647
5884,0.0012602593111590453
5885,0.0010867798115356284
5886,0.0011597036173499615
5887,0.001421262038654024
5888,0.001018416293012038
5889,0.0012887263210281297
5890,0.0012059409044781633
5891,0.0014755129041497661
5892,0.0013189811701513805
5893,0.0012890368451001157
5894,0.0011905340675807902
5895,0.0011525028267578307
5896,0.0014210787067270268
5897,0.0017916836048951573
5898,0.0012713913912013716
5899,0.001410309139014673
5900,0.0012216797743914854
5901,0.0012747950808968682
5902,0.0012970390617760418
5903,0.0011066884460999608
5904,0.001230548400934892
5905,0.001311732461716077
5906,0.0012212024258275395
5907,0.0011732410369648448
5908,0.0013575354641911861
5909,0.0013793627648971986
5910,0.001124616996119335
5911,0.0013582790333647142
5912,0.0013373161304226773
5913,0.0013595247386628054
5914,0.0011582365936506221
5915,0.0011674780173075484
5916,0.0013324839355157104
5917,0.0011509389395217156
5918,0.0008758628155955456
5919,0.0015430371266574614
5920,0.00109926513493507
5921,0.0013754058404163159
5922,0.001298382489443458
5923,0.0011590924435677208
5924,0.0013031105358758208
5925,0.0012869467816246554
5926,0.0011561403609763599
5927,0.0012487997165971736
5928,0.0013354145632536742
5929,0.0011864240945641722
5930,0.0010064082559190855
5931,0.0012856512556159772
5932,0.0010983646492936697
5933,0.0012335164988947257
5934,0.001570511025918399
5935,0.0014287860000409475
5936,0.0010843488302477748
5937,0.0011976797854254609
5938,0.0011339932273518258
5939,0.0010210710087450914
5940,0.0015092071496032552
5941,0.0012452910675787951
5942,0.001184270560462456
5943,0.0015196000895150831
5944,0.0014783928741895253
5945,0.0015339785948607612
5946,0.001316466621782423
5947,0.0014676080655254312
5948,0.0014173657529524127
5949,0.0013060782437936279
5950,0.0010726585954383588
5951,0.0015925174340995195
5952,0.0013971963546311643
5953,0.0014193638240897863
5954,0.0013722510694139571
5955,0.001244571857167947
5956,0.0014939536888258324
5957,0.0012455345037798813
5958,0.001414354088361629
5959,0.0009699933920634613
5960,0.0009238066932664676
5961,0.0011149343834313983
5962,0.0013389934538975503
5963,0.001097423194834576
5964,0.0011010440682886252
5965,0.0012813934729499436
5966,0.0015115942552014316
5967,0.0013565279654471113
5968,0.0012047531598331797
5969,0.001358510719428378
5970,0.0013594563467067761
5971,0.000897393495365797
5972,0.00133628724221634
5973,0.0012611312859333375
5974,0.00130624684674078
5975,0.00109497230247624
5976,0.0013563455706685887
5977,0.0012633476226058162
5978,0.0016674068566910351
5979,0.001330359132461265
5980,0.0013858138283433174
5981,0.001161233145738309
5982,0.001221143949557578
5983,0.0009455856395699722
5984,0.0010319461485605126
5985,0.0011616211709965798
5986,0.0013070320823187034
5987,0.0013075726163568374
5988,0.0014766554656276867
5989,0.0013023091877920373
5990,0.001050866074663712
5991,0.0010037884255050913
5992,0.0010828216752966904
5993,0.001574373540769414
5994,0.0011161519801688843
5995,0.0010389176145821266
5996,0.0013661154973103626
5997,0.001621472024467075
5998,0.0011762400017880158
5999,0.0012463397983037189
6000,0.0012649592488812053
6001,0.00112674621881497
6002,0.0013232462776276675
6003,0.0012111647173270827
6004,0.0012478691894295992
6005,0.0009891469266101191
6006,0.0012195030246213558
6007,0.0011025967188542855
6008,0.000994917891596858
6009,0.001039786549676402
6010,0.0013782481143862005
6011,0.001129365214214083
6012,0.00123202421426463
6013,0.0013031030460594578
6014,0.0012799161148336245
6015,0.0013753231060209677
6016,0.0012865495209883552
6017,0.0013288530583232226
6018,0.0011969910469583629
6019,0.0012821783225669555
6020,0.0010670972153003734
6021,0.0014277119361621937
6022,0.0015599556914505295
6023,0.0010837633458709703
6024,0.0011750256655925155
6025,0.0009843055947339236
6026,0.001404714583974534
6027,0.001264697260149218
6028,0.0011550550778037698
6029,0.0015219374067670095
6030,0.0012485643355998437
6031,0.0014578968517044086
6032,0.0016128294176525554
6033,0.0012919454942513764
6034,0.001455637300854116
6035,0.0011566793033840961
6036,0.001309945960677554
6037,0.0013856352456773928
6038,0.0013407617642723177
6039,0.0013996763777066028
6040,0.0012307004037560327
6041,0.0012526461309070103
6042,0.0009561224532602293
6043,0.0015278543973430946
6044,0.0012160017782496808
6045,0.0013095123043720457
6046,0.0012223890064306361
6047,0.0009030291235229235
6048,0.0011712441407937433
6049,0.001198306009584184
6050,0.0015514132952018013
6051,0.001128577160625662
6052,0.0015336137452450797
6053,0.00141372087434953
6054,0.0012179987972682795
6055,0.0012536893040419265
6056,0.0010728104855297126
6057,0.0013000306444094487
6058,0.001146690178442634
6059,0.0012794557124178084
6060,0.0009655273931257239
6061,0.0014508704893995699
6062,0.0012770461549426373
6063,0.001411735353866062
6064,0.0014048926625777347
6065,0.0012567018025919177
6066,0.0014694130927021274
6067,0.0014765765768302904
6068,0.0010913466738732534
6069,0.0011990307947668947
6070,0.0012656997952663505
6071,0.0013819237852787875
6072,0.0013679548553356988
6073,0.0012502020983850375
6074,0.0013612722196757769
6075,0.0015123366660451051
6076,0.001437760600594265
6077,0.0013113164293816477
6078,0.001226162207762061
6079,0.0010553239022102476
6080,0.0014427809146704313
6081,0.0010527001174815412
6082,0.0012268784453131508
6083,0.001215105544109446
6084,0.0010025202142054125
6085,0.0012732219639215955
6086,0.0013916297058289035
6087,0.0012189584709420193
6088,0.0014184293663090086
6089,0.0011013039502529736
6090,0.0013395795724813022
6091,0.0013764746968011623
6092,0.0013803392805043638
6093,0.0011305037005853687
6094,0.0013335375593702952
6095,0.0011988082890346963
6096,0.001461164980225883
6097,0.0014357301133107907
6098,0.0013220692427734332
6099,0.0011001921978337184
6100,0.0012063669541359564
6101,0.0014348582544429192
6102,0.0013573650840126455
6103,0.001032335507939457
6104,0.0013278123173740288
6105,0.0014563973638450022
6106,0.001212435929131847
6107,0.0013327173133285933
6108,0.0010317414906620592
6109,0.0010332565719641874
6110,0.001008959082180981
6111,0.0011473262055180099
6112,0.001241520374061802
6113,0.0012966797314505362
6114,0.0011998167009784413
6115,0.0014758833026323262
6116,0.001402927351123973
6117,0.0015113630031677711
6118,0.0015235208959704905
6119,0.0012551005112892344
6120,0.0013164953185575263
6121,0.0012489756298068367
6122,0.0013080797132452458
6123,0.0011095261830593782
6124,0.001117829412768865
6125,0.001386037014481766
6126,0.001202675327166494
6127,0.0014536523441845393
6128,0.0012906298368409134
6129,0.001360082147524478
6130,0.0012959214225092002
6131,0.0014216161587257165
6132,0.0012184702734074542
6133,0.001285416160755372
6134,0.001362774998952239
6135,0.0012440537542269038
6136,0.0013155118827865274
6137,0.00115817560230989
6138,0.0009341039185407317
6139,0.0011844930519868044
6140,0.0010988002029875138
6141,0.0013872966317534769
6142,0.0014028763995860287
6143,0.0011382162206382052
6144,0.0011485941374140187
6145,0.0014684334679845427
6146,0.0012793869732075109
6147,0.0011356491588945916
6148,0.0013483501932382122
6149,0.001333906339619781
6150,0.0012260853903019134
6151,0.0011810056232239162
6152,0.0009112020222300961
6153,0.001199484276369257
6154,0.0011835934341241116
6155,0.0015567299062042672
6156,0.0014204193594171527
6157,0.0011460292082904047
6158,0.0014384137346550008
6159,0.0012352217995325457
6160,0.0012190657766702646
6161,0.0010690871984693668
6162,0.0013437479910840598
6163,0.0010915454298704558
6164,0.0012283939781489624
6165,0.001480044033669667
6166,0.0014417826643129134
6167,0.0010887335051769887
6168,0.0011419591744178262
6169,0.0014328425174886888
6170,0.0010536303127817073
6171,0.0014092729286540957
6172,0.0013609945494413161
6173,0.001353151802129652
6174,0.0012020594874831202
6175,0.0013170360119854408
6176,0.0014116076987710337
6177,0.0013873959127377708
6178,0.001011520334766949
6179,0.0010803454823914566
6180,0.0013147509439548658
6181,0.0013407458541226105
6182,0.0013517369758313288
6183,0.001170940334758813
6184,0.0016453198431716088
6185,0.0009623374167022345
6186,0.001234525204568637
6187,0.0014762662898859533
6188,0.0013970322140960361
6189,0.00144058403236238
6190,0.0013001629654123218
6191,0.0014511944971417143
6192,0.0013777087525005728
6193,0.0011198951784136832
6194,0.0013420050662510449
6195,0.0013170720781990415
6196,0.001721082408599391
6197,0.0012139420143409214
6198,0.001314238597078557
6199,0.0013381960460578162
6200,0.0012988283840034342
6201,0.0008363913757953702
6202,0.0012935045789450078
6203,0.0012628212569072918
6204,0.0011595499971912124
6205,0.001222681025523977
6206,0.001161807264531642
6207,0.0009428441715790682
6208,0.001189125230784588
6209,0.0015774846078917637
6210,0.001238481472260083
6211,0.0012664361225034686
6212,0.0012013221057083708
6213,0.0013360130131463161
6214,0.00164050777323822
6215,0.0013778341305334962
6216,0.0011279283625633644
6217,0.0012355883490531758
6218,0.0011824999763048343
6219,0.0013270563567929195
6220,0.0013701194115774808
6221,0.0010924711914155685
6222,0.0010180251482492942
6223,0.0013425839712092914
6224,0.0013134485104601885
6225,0.0013008246575581986
6226,0.0013541730552750042
6227,0.0015111282680338469
6228,0.001143111271343602
6229,0.0011978175091448278
6230,0.0013094893425771531
6231,0.0013154906026507905
6232,0.0014332803504812012
6233,0.0012533634388213599
6234,0.0011287124119693274
6235,0.0010321812457828928
6236,0.001329845585171825
6237,0.0013272612557001283
6238,0.0010309781426459906
6239,0.0010418372570695884
6240,0.001334836231746937
6241,0.001537420070184855
6242,0.001217483997383623
6243,0.0009941166284286645
6244,0.0012759285221285428
6245,0.0012525616338810248
6246,0.0010038227192645476
6247,0.0011808962150781084
6248,0.0011910831451849263
6249,0.0011939584481275834
6250,0.0015429457913643911
6251,0.0013621033941547008
6252,0.0011268682588502328
6253,0.001295602004986972
6254,0.0012183456250031096
6255,0.0014643230521785133
6256,0.0014085491101770416
6257,0.0011941709352452788
6258,0.0013197223113981208
6259,0.0012829648461554818
6260,0.0011692736290381965
6261,0.0015334030903641543
6262,0.001111289034387778
6263,0.0013205087182434603
6264,0.0012725578759727452
6265,0.0014628994313217194
6266,0.0011738816889980597
6267,0.0014509239865157673
6268,0.0010138704440751701
6269,0.0012609379545114041
6270,0.0011639777065251865
6271,0.0012195283475173709
6272,0.0013074240082202883
6273,0.001184078709049228
6274,0.001228994752414072
6275,0.001363480211363816
6276,0.0014236863616344736
6277,0.0012093177768295476
6278,0.0011296592008888705
6279,0.0014142505747005481
6280,0.001375597526245374
6281,0.001462396664421703
6282,0.0012799792331992413
6283,0.0015173917939116967
6284,0.0012457662985781647
6285,0.001143940219796996
6286,0.0013688789909963083
6287,0.0012203779831942044
6288,0.0015006394935269992
6289,0.0011448793398505719
6290,0.0009697217958111043
6291,0.0010685570681118666
6292,0.0013653149670504719
6293,0.0014592993299804684
6294,0.0009705681041756239
6295,0.0013574189381673903
6296,0.0011938157076830864
6297,0.0014666701995976084
6298,0.0016137713978566452
6299,0.0012608976929362294
6300,0.001188995611693077
6301,0.001481053620340245
6302,0.0014041855262087518
6303,0.0012742157477983347
6304,0.0012245308338636191
6305,0.0010851679239877302
6306,0.001249014944822658
6307,0.0011399441736031964
6308,0.001181784818305272
6309,0.0013646370763226014
6310,0.0012128221357159993
6311,0.0012543639182192637
6312,0.0011273296259902042
6313,0.0012917841414443404
6314,0.0012005333098075738
6315,0.0013097468999787951
6316,0.0012125177034020742
6317,0.001182504562680439
6318,0.001122019491400641
6319,0.0010105102848866584
6320,0.0013548613785333893
6321,0.0010938764679486316
6322,0.0011191854311518564
6323,0.0012918277268393356
6324,0.0013018139916558577
6325,0.0011551479562690987
6326,0.0013010884297895012
6327,0.0014972703534770614
6328,0.0012990495651537147
6329,0.0013876960072002618
6330,0.0013010502238458418
6331,0.001259240388421753
6332,0.0012931333766249568
6333,0.001011236109859935
6334,0.001426051607111213
6335,0.0013191967405022298
6336,0.0014367205826458804
6337,0.0012095120095887372
6338,0.0012455891719605954
6339,0.0014198508695539304
6340,0.0011794240800230798
6341,0.0010520346116051611
6342,0.0011303804185794509
6343,0.0011390476366780241
6344,0.0011134852029754492
6345,0.0011064139152487417
6346,0.0013261243940913708
6347,0.0013834349187002695
6348,0.0013596716260080922
6349,0.0014829930924458445
6350,0.0014867824646199056
6351,0.0009008461797650298
6352,0.0013731193134532537
6353,0.001259746636157667
6354,0.0009776202183194565
6355,0.0011629314351533178
6356,0.0014704550153721546
6357,0.0013606525825681066
6358,0.001220249377396311
6359,0.0014378239620008988
6360,0.0011017467653411895
6361,0.0015160714977290875
6362,0.0012457415753053742
6363,0.0014096562087897923
6364,0.0012569185684496637
6365,0.000967098032576517
6366,0.001120073819242032
6367,0.0013202008772432252
6368,0.001283661999954871
6369,0.001152504831042323
6370,0.0011862351736939055
6371,0.0013253239599177093
6372,0.0012621104500219825
6373,0.001267139516560778
6374,0.0012325752774897836
6375,0.0014038193064799755
6376,0.0013572601644199858
6377,0.0012715217748748822
6378,0.0011346049836756826
6379,0.001329091540634406
6380,0.0013128357186471236
6381,0.0012281578752275236
6382,0.0012527417250419494
6383,0.0013218778170896125
6384,0.001310555970796144
6385,0.0010560021716700797
6386,0.0013236380916977761
6387,0.0012122369090220946
6388,0.0010327947156959034
6389,0.00116660299367027
6390,0.0015937775788091098
6391,0.0009874097324791044
6392,0.0015181865863229747
6393,0.0013196821334697118
6394,0.001256938293382922
6395,0.0013389888387532107
6396,0.001289517716526897
6397,0.001265963854478874
6398,0.0013925858479380744
6399,0.0015254948873659273
6400,0.0011980028019022988
6401,0.0011897233865255745
6402,0.0009659015746339987
6403,0.00135663678634681
6404,0.0014596863261178879
6405,0.001342762128992066
6406,0.00155325647117774
6407,0.001430414931418889
6408,0.0013402304828983975
6409,0.0013037576861286483
6410,0.0011647238582252004
6411,0.0015773542859571033
6412,0.0012832452373770264
6413,0.001266459535076006
6414,0.001106636838478785
6415,0.0010915264906149983
6416,0.0013219544584295567
6417,0.0013509515509119885
6418,0.0014543547363573403
6419,0.0011095991110009241
6420,0.0010789169149089041
6421,0.0014074274778575154
6422,0.0011052045586777946
6423,0.001027455963139453
6424,0.0012165273141349052
6425,0.0010760451461575605
6426,0.001432479386939976
6427,0.0011299657820171036
6428,0.001350103426568242
6429,0.0015528222620730082
6430,0.001405072185288169
6431,0.001379452911494888
6432,0.0014263089116561011
6433,0.001082361902412972
6434,0.0010906643036309187
6435,0.001150680459419253
6436,0.0010825820321921063
6437,0.0014650846942848566
6438,0.001523435961032299
6439,0.0012455746645359473
6440,0.0013040076886298305
6441,0.0014703109350389912
6442,0.0013434881787209836
6443,0.0013688719708967827
6444,0.00149127541848551
6445,0.0011486218881876402
6446,0.0013510746686517241
6447,0.0012518981417224575
6448,0.0010293903652045342
6449,0.001027619977860157
6450,0.0012309951915924025
6451,0.0011510099675633191
6452,0.001314170186243183
6453,0.001487692185760214
6454,0.0011901319181366447
6455,0.0013110730212115293
6456,0.0012779030888512236
6457,0.001362526709512758
6458,0.0015983748705799528
6459,0.0010473523814183952
6460,0.001097507383108423
6461,0.001202852036673503
6462,0.001512570879176211
6463,0.0011881368769066415
6464,0.0012088970169102928
6465,0.0015242289112376282
6466,0.0011335655628334983
6467,0.0011553384282351354
6468,0.0011183333512650854
6469,0.001026274730687173
6470,0.001269927278826477
6471,0.0011972734893019954
6472,0.0014007540008229198
6473,0.0012784410433335212
6474,0.0013965973786249372
6475,0.0011617112459389094
6476,0.0013628215187947133
6477,0.0012571188087135352
6478,0.0014727851182589223
6479,0.0012803242215332197
6480,0.0012052892270331293
6481,0.001286811670757933
6482,0.0013822498461692485
6483,0.0013051787579909208
6484,0.0013081739732358677
6485,0.0011396743588356583
6486,0.0013382972997313485
6487,0.0012093975614817707
6488,0.001481324736597821
6489,0.0011455405241703933
6490,0.001297959655284596
6491,0.001359117296922525
6492,0.001256901419502606
6493,0.0013750379319828786
6494,0.0012465160112406976
6495,0.0011258399440058021
6496,0.0010960582094599466
6497,0.001178095369040076
6498,0.0009848032691281794
6499,0.0014512723185543248
6500,0.0013560755611513558
6501,0.0013400682730787988
6502,0.0015748253999206983
6503,0.0013018025867437156
6504,0.0010844148945431745
6505,0.0012186882948650494
6506,0.0013157663530891258
6507,0.0014864181671720433
6508,0.0013973560989736914
6509,0.0011348044598501732
6510,0.0014982563752625737
6511,0.0011657699140737669
6512,0.0014546950031118781
6513,0.0012209933589464484
6514,0.0012057556584244176
6515,0.001216654411426
6516,0.0012647164813193537
6517,0.0013353069395536181
6518,0.0014226663917956551
6519,0.0013045016797799025
6520,0.0009798157681748538
6521,0.00131504062660844
6522,0.0013935558408346674
6523,0.0009272272250164509
6524,0.0013547473906155368
6525,0.0014498852666555702
6526,0.0011964052691288286
6527,0.001373490372770576
6528,0.0012284840636568217
6529,0.0010441607499036996
6530,0.0010052240722954718
6531,0.0009618422689309652
6532,0.0008945431291203932
6533,0.0015049386300063164
6534,0.0010865454203410928
6535,0.0013645797514058604
6536,0.0011141991019491093
6537,0.0013460680934494563
6538,0.0012704849622348687
6539,0.0013257894040458785
6540,0.001308315462908009
6541,0.0013376461273208844
6542,0.0010228682620634169
6543,0.0015533406840144684
6544,0.0012671837178081585
6545,0.0010378638413445203
6546,0.001101460337779474
6547,0.0010160872476010331
6548,0.0011014439345079967
6549,0.0012536139758508764
6550,0.0010945752283146723
6551,0.0012418015598604532
6552,0.0013154365028639483
6553,0.0013733999646458324
6554,0.0011226799492841531
6555,0.001164178101914272
6556,0.0013657191956462764
6557,0.0011951190410459502
6558,0.0011884507481665395
6559,0.001187962419406283
6560,0.0012573312916111593
6561,0.0013263363894398753
6562,0.001218390800759189
6563,0.0012248771678209434
6564,0.001067775098472509
6565,0.0013373166002096713
6566,0.001157812315003882
6567,0.0010773986403237658
6568,0.0015133732758084886
6569,0.001505225005708097
6570,0.0013168265632963944
6571,0.0013447891019812259
6572,0.0010091099252086734
6573,0.001335773107380532
6574,0.001189620106852685
6575,0.0012201024534336169
6576,0.0010850291717766178
6577,0.0014085555630125404
6578,0.0012210592185305296
6579,0.0012527214925482683
6580,0.0013227130974483327
6581,0.0010249408373188339
6582,0.001372855676779618
6583,0.0013631154729490526
6584,0.001169836505148869
6585,0.0011922528597780066
6586,0.0012192857734778509
6587,0.0012803069442974958
6588,0.0013238878293623116
6589,0.0014157083394418268
6590,0.0012146809616333208
6591,0.0012915068971509228
6592,0.0013088734647625719
6593,0.0013807795712102167
6594,0.0011086528934571103
6595,0.0013979865791207723
6596,0.00114821995940858
6597,0.0013930869337080876
6598,0.00132912318838928
6599,0.0015288764805918994
6600,0.0011228278258181034
6601,0.0015938713088332892
6602,0.0013352553320539803
6603,0.0012240401444314102
6604,0.0013076340374041462
6605,0.0014577696992963869
6606,0.001437615533317906
6607,0.0010483451391575958
6608,0.0011920510168767612
6609,0.0015108042162200192
6610,0.0011395521573545917
6611,0.0009268695481558617
6612,0.001415461777724298
6613,0.0012565213450477157
6614,0.0012493072437867825
6615,0.0012144448266096718
6616,0.0010990624226759125
6617,0.001102313499191192
6618,0.0010281948857508777
6619,0.001299947352177517
6620,0.0013898624010066501
6621,0.0014443521395106028
6622,0.0012355119155503412
6623,0.0012535502221277916
6624,0.0013301400856898932
6625,0.0014982646694496568
6626,0.0012562403823867597
6627,0.0012366486813626077
6628,0.0013352605515265779
6629,0.0013221780786624596
6630,0.0011774658190470883
6631,0.0012945166558697078
6632,0.0015385689787323043
6633,0.0013884635969886728
6634,0.0014506246920410388
6635,0.0012170985609551701
6636,0.0008695703972330371
6637,0.001281689829130082
6638,0.0012047908089275073
6639,0.0013396095389771423
6640,0.0011034786493968548
6641,0.0012809424171298857
6642,0.0012734450256349508
6643,0.0014425945013812785
6644,0.0013494377711088371
6645,0.0011175763841577704
6646,0.001294825061015243
6647,0.0012901320530071905
6648,0.0012630595359904217
6649,0.0014704855580604055
6650,0.0013352614486448564
6651,0.0009394635353430008
6652,0.0013493034601185126
6653,0.001362479186458608
6654,0.001131315368537769
6655,0.0010280464607014667
6656,0.0011016674182209338
6657,0.0011473847692414507
6658,0.0012882135338049775
6659,0.0013201796750622605
6660,0.0011703221004979102
6661,0.001189270892970872
6662,0.001458133994337981
6663,0.0011618107590067811
6664,0.0011931949879952618
6665,0.001220032707749674
6666,0.0012895190866649925
6667,0.0014391544058334257
6668,0.0015149078399131503
6669,0.0013331572087125693
6670,0.001276058724353311
6671,0.0011717270242990732
6672,0.001363635144221447
6673,0.0012255451565452082
6674,0.0012015515289033726
6675,0.0012483005526284581
6676,0.0012925136894484787
6677,0.001495076567978828
6678,0.0012479292866109837
6679,0.0009759427397113842
6680,0.0012761708703221035
6681,0.001261073866601558
6682,0.001425929048914286
6683,0.001231773332394615
6684,0.0012413638002479294
6685,0.0011334759563972423
6686,0.001269643372123402
6687,0.001423347552469394
6688,0.0014943324721790362
6689,0.001237481106233186
6690,0.0009544475050219732
6691,0.001177354778536968
6692,0.0009677709485644828
6693,0.001236278431741158
6694,0.0013570380743673687
6695,0.0011688139221216298
6696,0.0013616264806930718
6697,0.001359926392635046
6698,0.0014528281752940516
6699,0.0011144456158301904
6700,0.0013860843509717173
6701,0.0013998843217969282
6702,0.0013683632599946608
6703,0.0013130008739024306
6704,0.0014331680159351808
6705,0.0013107110066402183
6706,0.0013261981204288644
6707,0.0013205993735076484
6708,0.0011802460812671512
6709,0.0015347280125624816
6710,0.0013923633825629006
6711,0.0012220349700148357
6712,0.0011677770595066958
6713,0.0014746992544957384
6714,0.0010985725739572718
6715,0.001015810311441737
6716,0.0011782362460450839
6717,0.0011014338241870387
6718,0.0012268831427005235
6719,0.0012142568443724473
6720,0.001623447667159848
6721,0.0011724082514835128
6722,0.0013096768037053506
6723,0.0012257816922408103
6724,0.0010037392945509772
6725,0.0012920597599484522
6726,0.001146235680627269
6727,0.0014723698263664554
6728,0.0011895143991512873
6729,0.0011973823929231542
6730,0.0013503277483321273
6731,0.0011808108072964073
6732,0.0013009289708640034
6733,0.0014840370050921703
6734,0.001243063047605635
6735,0.001289633093370102
6736,0.0010527674903137376
6737,0.0014089401324839444
6738,0.001551189496225665
6739,0.001177495261078826
6740,0.0012795699257162096
6741,0.0015225888307480201
6742,0.0014685021869402831
6743,0.0013379451909943324
6744,0.00115411653083641
6745,0.0012246694856865902
6746,0.0012493687891699675
6747,0.0012033696025474736
6748,0.0010826024929573414
6749,0.001314494844140557
6750,0.0011415664187206778
6751,0.0009947969835683635
6752,0.001467001154929307
6753,0.0014038614887904998
6754,0.001197307846829799
6755,0.0015504361015869427
6756,0.0010444441292173053
6757,0.0014529609994208533
6758,0.0013631881396218982
6759,0.0014546116184054978
6760,0.0011174948052275202
6761,0.0013371721695955522
6762,0.0015036468345411562
6763,0.0012107056932276197
6764,0.0011846847885000511
6765,0.001274019255228045
6766,0.0012213086964325689
6767,0.0013258348549458811
6768,0.001370154322352673
6769,0.0012066604369635363
6770,0.0012682545933226643
6771,0.0010388584276997675
6772,0.0013135429990771613
6773,0.0012752510801370806
6774,0.0009671845853729006
6775,0.0013866990256717474
6776,0.0012126534351380978
6777,0.0013560158992827242
6778,0.0013683493582435258
6779,0.001232946057413436
6780,0.001231636814173614
6781,0.0014666739667679005
6782,0.0013517619823931802
6783,0.001279593946435149
6784,0.0012907668654523784
6785,0.0012539752384740264
6786,0.0011783062045103085
6787,0.00099161291919284
6788,0.0013428617976720483
6789,0.001237216368234143
6790,0.0012024906644599962
6791,0.0012133221552252293
6792,0.0013349836915162367
6793,0.0015295153787653263
6794,0.0013200538679749554
6795,0.0013410291998684981
6796,0.0012813101534154352
6797,0.001449059112671379
6798,0.0014601120346302682
6799,0.0011511059606973853
6800,0.0013740451416347406
6801,0.0010691232700744638
6802,0.0015622208973198194
6803,0.0013686871996874332
6804,0.0013242962133724718
6805,0.0012442765513484945
6806,0.0013440772080183696
6807,0.001264750694742687
6808,0.0013722380203441409
6809,0.0010134969124554552
6810,0.001165375335312888
6811,0.0012789340193357474
6812,0.001327642301684896
6813,0.0010762135457135804
6814,0.0010939125833378735
6815,0.0010701681364370453
6816,0.0011172569807513866
6817,0.0011918354408495364
6818,0.0010632662235185724
6819,0.001237084383562787
6820,0.0013781009407027322
6821,0.001318281687085472
6822,0.0012373391594478293
6823,0.0011385372311970734
6824,0.0012896472602315523
6825,0.0013709726580621855
6826,0.00126110072326735
6827,0.0013716031210539872
6828,0.0013523189825335616
6829,0.0013063890274377728
6830,0.001189029779539404
6831,0.0011967676439984718
6832,0.0012928546160780312
6833,0.0015321699349001802
6834,0.0011910219407911052
6835,0.0013547923681397473
6836,0.0011200590161660588
6837,0.0013228558714671076
6838,0.0012529422324356772
6839,0.0012441103819783748
6840,0.0012394294120154324
6841,0.0012076348450608602
6842,0.0011868088773853596
6843,0.0012160035187521628
6844,0.0011940851685348654
6845,0.00123785474915836
6846,0.0011763529944097185
6847,0.0012510728866131765
6848,0.0011708134059572287
6849,0.0012118650317842514
6850,0.0013953359869837132
6851,0.0012309426015899617
6852,0.0011422751493423643
6853,0.0008904894257770227
6854,0.0011113754482668576
6855,0.0014308730304017226
6856,0.0012273641487390876
6857,0.0014268879791999641
6858,0.0010640538100440298
6859,0.001332382922346628
6860,0.0011975190710284721
6861,0.0013383367750020817
6862,0.0013934600403935902
6863,0.0012172765742311771
6864,0.0013586477066687406
6865,0.001304370845763553
6866,0.001299008101745871
6867,0.0013793330063864959
6868,0.0013950076212614927
6869,0.0011441022812848567
6870,0.0012434743254698124
6871,0.0011983049167492408
6872,0.0014233334831344664
6873,0.0014494805942376048
6874,0.001336988115101867
6875,0.0011046667485497853
6876,0.001332125314825726
6877,0.0010513539991908428
6878,0.001166346521245391
6879,0.0010155972807194473
6880,0.0014088184333029606
6881,0.0014075287557559152
6882,0.0014417591190748536
6883,0.0013315892271129404
6884,0.0014079147855118725
6885,0.0013284998978212693
6886,0.0013288979632683528
6887,0.0013072708038669321
6888,0.0012100942019744898
6889,0.001125134446071539
6890,0.0009759333622077571
6891,0.0013831109053368386
6892,0.0012555903573286905
6893,0.0013103376244997514
6894,0.0013354232193281434
6895,0.00126187297604417
6896,0.0012354448822151276
6897,0.0012251052752548816
6898,0.0013679785909379088
6899,0.0011186679190543672
6900,0.0009042258756341414
6901,0.0011738753310313432
6902,0.0014863652281174524
6903,0.001055165565977922
6904,0.0012786250285197211
6905,0.001436941059166746
6906,0.0013720910214569623
6907,0.0013380410047430537
6908,0.001192505141795399
6909,0.0012781992027677208
6910,0.0012134378396000275
6911,0.001282176448444468
6912,0.0011653560975237406
6913,0.001264889365761189
6914,0.001203580110001318
6915,0.0011673152264815403
6916,0.001156283689776461
6917,0.001415869127795979
6918,0.0012272369225809234
6919,0.0011858432044327268
6920,0.0014461842158641138
6921,0.001103871771457802
6922,0.0012957882514016686
6923,0.001189284613960069
6924,0.0012390833660202631
6925,0.001541418634004467
6926,0.0011770085223065513
6927,0.0012859443993408503
6928,0.0013874784184768646
6929,0.0009151912292419818
6930,0.001138776192795187
6931,0.0013840185494307408
6932,0.001250131256047648
6933,0.001249170819509499
6934,0.0012709216230871235
6935,0.0014487873972794886
6936,0.0013569010395909778
6937,0.0012269891817532023
6938,0.001010313040938988
6939,0.001537554456664603
6940,0.0009984295459593237
6941,0.0014023876911697089
6942,0.0014832935335628264
6943,0.001354864810490464
6944,0.0011876150557929516
6945,0.0015667973202054687
6946,0.0011744824369839789
6947,0.001207505643152311
6948,0.0012381827771007084
6949,0.0013833643331212367
6950,0.0012261593629901554
6951,0.0009879648083552218
6952,0.001298601128535755
6953,0.00119141723694186
6954,0.001073075770541305
6955,0.0011751955444463825
6956,0.001310998460606453
6957,0.001347403292216581
6958,0.0012170690186055328
6959,0.0012652785626903816
6960,0.0013710443797681367
6961,0.0013365550987709275
6962,0.001438067556855484
6963,0.00119481456971482
6964,0.0012453412496916836
6965,0.00131795615541899
6966,0.0013430756555593694
6967,0.0011863484446343743
6968,0.0013164033227381418
6969,0.0013286444475242838
6970,0.0013548853424022026
6971,0.0009974157371468503
6972,0.0013669063005745982
6973,0.001083864400005747
6974,0.0011534855162329317
6975,0.001437853502339189
6976,0.0012964202762113792
6977,0.001422034684690438
6978,0.0015421721347479752
6979,0.001187800167398122
6980,0.0012732086027202282
6981,0.0012068079927817403
6982,0.0011101084843700552
6983,0.00141650058423888
6984,0.0012686741395855972
6985,0.0012206251305855963
6986,0.0010407762148315872
6987,0.0012195132317067774
6988,0.0013201299121440937
6989,0.001063739988692322
6990,0.0011653721499338193
6991,0.001386362643177894
6992,0.0013309811788063126
6993,0.0015518153544902325
6994,0.0016289734846154438
6995,0.0010731402675593139
6996,0.0013428207256167223
6997,0.0012829181094090687
6998,0.0013135239814367709
6999,0.0009767066545926214
7000,0.0013753780169927267
7001,0.0014322674401502167
7002,0.001189075594971964
7003,0.0012346645638671827
7004,0.0015117302447169492
7005,0.0015180765868666871
7006,0.0013573618566225377
7007,0.001401459389090359
7008,0.0013725626048282208
7009,0.0013616423438062946
7010,0.0012157959915032874
7011,0.0011813773306689852
7012,0.0013152867848581942
7013,0.0012977166869124724
7014,0.001478850112971201
7015,0.0010255687699926143
7016,0.001224314363210456
7017,0.0014209506203936451
7018,0.0012208743481421534
7019,0.0008720457610727776
7020,0.0013228388480594042
7021,0.0011484617404664095
7022,0.0014087184953857797
7023,0.0013091818124002631
7024,0.0015180920381273136
7025,0.0012338248601657575
7026,0.0013778909191696075
7027,0.0015096603555625886
7028,0.0012816271010954628
7029,0.0012449153710532483
7030,0.0011104606710128668
7031,0.0014844817360018666
7032,0.0013174792382327626
7033,0.0014015379723174618
7034,0.0010618715959348373
7035,0.0013411107084799997
7036,0.0015459707437486122
7037,0.0012404855274768826
7038,0.001171225972436159
7039,0.0011804021896331112
7040,0.0012824862916963145
7041,0.001271877713306371
7042,0.0012484142761287227
7043,0.0011174170629675805
7044,0.001445589606139325
7045,0.0013069721665276163
7046,0.0011460507238811519
7047,0.001154666914328894
7048,0.0010717875017430608
7049,0.0011877185882920856
7050,0.001281472601505655
7051,0.001337110421013168
7052,0.0013884527452047476
7053,0.0012016963471685722
7054,0.0014215020179985654
7055,0.0012767265322715994
7056,0.00140437969089646
7057,0.0014086877104807327
7058,0.001128775243679763
7059,0.0015192917868297477
7060,0.0013165840589857256
7061,0.0012979023317149095
7062,0.0012763289895995518
7063,0.0012702827306552314
7064,0.0011308080134482645
7065,0.001137827814516651
7066,0.0012228334508921726
7067,0.0014111621284318362
7068,0.0011711786349743064
7069,0.0011910691422652123
7070,0.0010092115692533112
7071,0.0012623991134280204
7072,0.0015803595107996328
7073,0.0012200805407551344
7074,0.001177660610631578
7075,0.0011084522810766875
7076,0.0012472730364368255
7077,0.0012291738122223984
7078,0.0014286793465625607
7079,0.0011441528279120701
7080,0.001060618387893897
7081,0.001497563096935744
7082,0.0012340435076768769
7083,0.0012656570645529928
7084,0.0012071191853322487
7085,0.0011433959368330987
7086,0.001294514068505225
7087,0.0014192730880730675
7088,0.00149144918318792
7089,0.0014344860311530003
7090,0.0012499989081973567
7091,0.001257098447943401
7092,0.0012177004854951412
7093,0.0014134365619132957
7094,0.001210129083327457
7095,0.0016107985495479075
7096,0.0014979743926603834
7097,0.0012323284830641134
7098,0.0013604835051598345
7099,0.0012806151040296997
7100,0.001239324242765063
7101,0.0013036887361432142
7102,0.0014645968179225982
7103,0.0009538100417413966
7104,0.0013840791565843055
7105,0.0011185929173563132
7106,0.0010893449539030574
7107,0.0013611567799207732
7108,0.0013993464081972912
7109,0.0011379569880880403
7110,0.0012202616781038574
7111,0.001108583580460547
7112,0.001392406301150217
7113,0.001395445483583244
7114,0.0013947359934032694
7115,0.001293731588197918
7116,0.0011681939336381166
7117,0.0014450133782184982
7118,0.0013263371497644286
7119,0.0012113007612306948
7120,0.0011850889676132447
7121,0.0011238921647347467
7122,0.001541421019840878
7123,0.0011748926824099656
7124,0.0013844487931738466
7125,0.0011564911150664945
7126,0.0014452168397143578
7127,0.0011298325199276572
7128,0.0010912960382674702
7129,0.0011068523000379742
7130,0.0014334622164175724
7131,0.0011378883703641405
7132,0.0010679949316141032
7133,0.0014297461061506995
7134,0.0013036541601673696
7135,0.0010253679411221048
7136,0.0013005914496487384
7137,0.001113953043221129
7138,0.001171710736686257
7139,0.0011526360657057187
7140,0.0012833766192813384
7141,0.0010425323626407413
7142,0.0010615395714460368
7143,0.0013888205973146394
7144,0.001092691898612937
7145,0.001288526864268528
7146,0.00103273062442751
7147,0.0010991277934145065
7148,0.0013005395475877636
7149,0.0012619244084553444
7150,0.0012907534074749483
7151,0.0011778660909317366
7152,0.0013427878199322877
7153,0.001424613535887734
7154,0.001258692229739475
7155,0.0012599811340230594
7156,0.0013884436351871033
7157,0.0011761028504979549
7158,0.0010986687749726773
7159,0.0013328015464786052
7160,0.001220110553059321
7161,0.0013559637757135673
7162,0.0012953673286075808
7163,0.0012201922135795058
7164,0.001378740803887892
7165,0.0011727784334560035
7166,0.0012905254676477006
7167,0.0010270840596502213
7168,0.0014358186328881249
7169,0.001395442179060946
7170,0.0013064208604500736
7171,0.0012217077926469503
7172,0.0015363039666744093
7173,0.001406762479756598
7174,0.0014207191079536833
7175,0.0014019839363314706
7176,0.0011202700922413847
7177,0.0014112121373825197
7178,0.0012608751109875953
7179,0.0014303368678998773
7180,0.0013587907932523433
7181,0.0011430747952648145
7182,0.001447051264978824
7183,0.0013662920661017227
7184,0.0013423625669848427
7185,0.0013543854386393874
7186,0.0013606864201276302
7187,0.001538639621000855
7188,0.0013666809708682314
7189,0.001455005222885694
7190,0.0013465131793859357
7191,0.0010896957157288704
7192,0.001522528536122181
7193,0.0013112672488813334
7194,0.001209892340543303
7195,0.001438136410485321
7196,0.0012187428384311334
7197,0.0012892016104274649
7198,0.001084365587093483
7199,0.0011696302710257772
7200,0.0011048874979620602
7201,0.0013867537509816173
7202,0.0013080810610358506
7203,0.0010862937646235232
7204,0.0011924530522050194
7205,0.0012565564213300213
7206,0.0014608758268609848
7207,0.000945540000939414
7208,0.001075114742601335
7209,0.0014442790445564051
7210,0.0012505787684054673
7211,0.0011615998530329933
7212,0.0012029646365587445
7213,0.0015504269885919092
7214,0.0010701536170748403
7215,0.001351473772137103
7216,0.001262331775771005
7217,0.0011585770585324172
7218,0.0013120150118619094
7219,0.0012001710211763696
7220,0.0014027136777110124
7221,0.0012614133908047769
7222,0.0013188710372721935
7223,0.0013233528745034014
7224,0.0013414947016716387
7225,0.0011009038029061908
7226,0.001442386379942131
7227,0.0011047616133346276
7228,0.0013703385539937686
7229,0.001334218523271315
7230,0.00126442293275254
7231,0.0014656476243185839
7232,0.0012998595065632044
7233,0.0012749914028958795
7234,0.0013674094303082617
7235,0.001339147377111236
7236,0.0013024956512143321
7237,0.0011904708733228614
7238,0.0013201428763174564
7239,0.0012201235745472679
7240,0.0013966664512510408
7241,0.0010899653656634529
7242,0.0014012662130581104
7243,0.0015190063871430566
7244,0.0015278344048852495
7245,0.0016120826348339564
7246,0.001424776692737055
7247,0.0012826164026410662
7248,0.0009988932200146897
7249,0.0013224986775868925
7250,0.0011739295592565788
7251,0.001094041174857559
7252,0.0014811318117231903
7253,0.0014492617149466694
7254,0.0012108970741227959
7255,0.001165209449923265
7256,0.0012631239170386387
7257,0.0011435972768725768
7258,0.001302013119126355
7259,0.001246982890736775
7260,0.0013068724698032763
7261,0.00126041851108335
7262,0.0013851530762792246
7263,0.0013960684351386457
7264,0.0013522037988846702
7265,0.0011830984912073236
7266,0.0013332152721859253
7267,0.001127802554067458
7268,0.0012608585184307104
7269,0.0011919323814333065
7270,0.0012757256122072906
7271,0.0012314518683006915
7272,0.0011866711214665745
7273,0.001299490018426318
7274,0.001303883209004075
7275,0.00122663763740441
7276,0.0013449911042284265
7277,0.0011487241906677017
7278,0.0010027165905155924
7279,0.0014670861722446223
7280,0.0014672206638177275
7281,0.0014886027092789302
7282,0.0011977048220734525
7283,0.0011018286031287542
7284,0.0012206717591001154
7285,0.00113751455538803
7286,0.001209556395620424
7287,0.001317961102324272
7288,0.0009958312409294415
7289,0.0012326891313807153
7290,0.0012835648016380726
7291,0.0012877762074510746
7292,0.0014217491492830093
7293,0.0015210228714751175
7294,0.0013187917455892064
7295,0.0012374463163649673
7296,0.0012187285686264843
7297,0.0010011645043774284
7298,0.0013884904187615656
7299,0.0009617713235481949
7300,0.0014115486036740386
7301,0.0012529748550477184
7302,0.001226167108135059
7303,0.0013886312412099762
7304,0.0012289180976551625
7305,0.0015683376331664283
7306,0.0011293503541313647
7307,0.0012912527600082064
7308,0.0013666105135454933
7309,0.001479417934419967
7310,0.00154677550348256
7311,0.0012501865948762903
7312,0.001115766520518663
7313,0.0012029241609783814
7314,0.0011264127801961887
7315,0.0013255986676073879
7316,0.001550153267965106
7317,0.0013496087405933499
7318,0.001454753534149031
7319,0.0012776538042430312
7320,0.0011592747216413368
7321,0.001409887299252348
7322,0.0010720069625710159
7323,0.0011488361651793896
7324,0.0010658117160861182
7325,0.0013700199002058642
7326,0.0010135445496814658
7327,0.0011907070828308785
7328,0.0013113256951402816
7329,0.0014484339673854704
7330,0.0014691208387902523
7331,0.0011540209862010745
7332,0.0013839373859333886
7333,0.0013004627571697664
7334,0.001021541864780943
7335,0.0013802395525403799
7336,0.0010041800449426357
7337,0.0011591611698535211
7338,0.0010929539416521521
7339,0.0012641330549159808
7340,0.0011403970871260308
7341,0.0012576318139940173
7342,0.0012693604301833312
7343,0.0014733273042084637
7344,0.0008725800254974693
7345,0.001326225974286126
7346,0.001014437354761175
7347,0.0012575973518317441
7348,0.0015225569621771442
7349,0.0014165167356224601
7350,0.0010798745826614696
7351,0.0013402564584941343
7352,0.0012525402717877897
7353,0.0015580859960976755
7354,0.0011779671261077276
7355,0.0010931507555938754
7356,0.001100959062601856
7357,0.0013526338807705895
7358,0.0010867615497996673
7359,0.0010428311801136956
7360,0.0012634624057374286
7361,0.001075354124886244
7362,0.0011027846934614886
7363,0.0012495229115856354
7364,0.0011323961305567622
7365,0.0011469379464368213
7366,0.0014703738812689496
7367,0.001053773873054592
7368,0.0013589297885014734
7369,0.0011924412046397212
7370,0.0012908376207818426
7371,0.0012986677005091098
7372,0.0012587807700419039
7373,0.0012840436989060026
7374,0.0013873278317094535
7375,0.0013397184750807414
7376,0.0014069685553805991
7377,0.001269805786067977
7378,0.0013269472120753787
7379,0.001167186217141257
7380,0.0011496271328922964
7381,0.000996038498722909
7382,0.0012955498464897878
7383,0.00127954337342743
7384,0.0015076208062937135
7385,0.0014312299514979063
7386,0.0012440652617737085
7387,0.0013151149463591103
7388,0.0012692699175045335
7389,0.001106425675310249
7390,0.0012444610149523233
7391,0.0011132879418325281
7392,0.001310410240146094
7393,0.0009283785082570598
7394,0.0012366011127620876
7395,0.0013230122357418771
7396,0.0009718859505994677
7397,0.0009793967626886189
7398,0.0014153360071994354
7399,0.0013966605171066434
7400,0.0011792144605768046
7401,0.0012746215770884804
7402,0.0015188444901904656
7403,0.0013341732177571369
7404,0.001179475006317581
7405,0.0012178298322110055
7406,0.0011657034368434715
7407,0.0014051826422515703
7408,0.0012806967019633319
7409,0.0011034862676979173
7410,0.001303385252618343
7411,0.0013450758013488111
7412,0.0013210085869169875
7413,0.0012931610629013375
7414,0.0013291994760402607
7415,0.001376903233319158
7416,0.0013701718842823677
7417,0.0014929809353648159
7418,0.0012635022904894742
7419,0.0011854113320013946
7420,0.0012029177844733374
7421,0.0013022711205112397
7422,0.001173684461887802
7423,0.0013052252421039989
7424,0.001288376743189079
7425,0.0011421878209774486
7426,0.0013908503051509727
7427,0.0014297982975309262
7428,0.0013872750607814388
7429,0.0011923810294756007
7430,0.0012079625514124428
7431,0.0014603702216801177
7432,0.0013511110127636431
7433,0.001131346097168731
7434,0.001380235808483961
7435,0.0013403405937942275
7436,0.0010725529522245512
7437,0.0014336169506463253
7438,0.0013625954617939944
7439,0.0013540932787719573
7440,0.0013662012828949662
7441,0.0012191735424228439
7442,0.001344529352630439
7443,0.0016391068342563638
7444,0.001273817190929514
7445,0.001331399409107288
7446,0.0013048556139041176
7447,0.0014167591758108436
7448,0.0012830998349992026
7449,0.0014053790019967632
7450,0.0011971420909736568
7451,0.0013244514012651326
7452,0.0011311504993013653
7453,0.0013059167853238477
7454,0.001112683739918142
7455,0.0010957889185081887
7456,0.0012255453718730774
7457,0.0011312888130380948
7458,0.0013033908733717362
7459,0.0011172644613221324
7460,0.0011462739868557574
7461,0.001428599530618979
7462,0.001267046571224019
7463,0.0014393493936102702
7464,0.0012090138362755383
7465,0.001347212415139469
7466,0.001481936456145502
7467,0.0011885443614847609
7468,0.0013609138409429596
7469,0.0010406882484541816
7470,0.001350830168142087
7471,0.001380505859246751
7472,0.0014377807243058135
7473,0.0014151701093892263
7474,0.0013602517311915314
7475,0.0013591314797273665
7476,0.0012768906089046994
7477,0.0011610978119599709
7478,0.0012136357267922711
7479,0.0016031958199371054
7480,0.0013692324951973414
7481,0.0011237346941330086
7482,0.001303514224154139
7483,0.0016051107646243004
7484,0.0012871891474032248
7485,0.0013226180564719187
7486,0.001299190903373833
7487,0.001219534823455192
7488,0.0012318706431918684
7489,0.0010134970327771741
7490,0.0011431652388428043
7491,0.0013755038703978492
7492,0.0012208984002429722
7493,0.0013941302043533976
7494,0.001490766954456487
7495,0.001215167685356972
7496,0.001298402324335669
7497,0.001391561081945608
7498,0.0013589934909433866
7499,0.0013323021921268605
7500,0.0014217871286401876
7501,0.001227813344777823
7502,0.0014769114235403987
7503,0.001312582447005566
7504,0.0013492288911903297
7505,0.0013274316429479271
7506,0.0010375434249847693
7507,0.001312740760803248
7508,0.0014222842806432738
7509,0.001181919188576075
7510,0.0012159959607935273
7511,0.0012667057579431947
7512,0.0011847133813214419
7513,0.0013731418060437162
7514,0.0014373237161086788
7515,0.0011514175740508852
7516,0.0012755189750455215
7517,0.0012556987727150885
7518,0.001215215461078609
7519,0.0009604282680717193
7520,0.0011356129902983425
7521,0.0012900906487773212
7522,0.001284506746789157
7523,0.0010499562669641282
7524,0.001354877130898841
7525,0.0011561390168052768
7526,0.0014445172740243475
7527,0.0013298203584898157
7528,0.0013306877453801039
7529,0.0011411350346427244
7530,0.0011566338292317833
7531,0.000990581207916323
7532,0.0012216895927081206
7533,0.001349912924405273
7534,0.0010172438402144875
7535,0.0012514378695959905
7536,0.0012778347940580412
7537,0.0010820923456525127
7538,0.0011649400561913666
7539,0.0014099643958359884
7540,0.0010676935612783701
7541,0.0014764675363498035
7542,0.0013966429856007913
7543,0.0013945866061584875
7544,0.001277520203475687
7545,0.001214195711809068
7546,0.0012225726564400385
7547,0.0009118838594272486
7548,0.0014897085101643196
7549,0.0017723297228468724
7550,0.0011639219272209392
7551,0.001213786456418553
7552,0.0013504934904269488
7553,0.0012490141935282532
7554,0.001456456318620449
7555,0.0013382815003801262
7556,0.0010853409038568934
7557,0.0012991900077750213
7558,0.0012794150150221264
7559,0.0016825724292223552
7560,0.0010043288349974855
7561,0.0011302498111860132
7562,0.0014240527543486394
7563,0.001063309098941284
7564,0.001303183003100285
7565,0.0012025351661981644
7566,0.0013332727252433093
7567,0.0012636762474975492
7568,0.0011415981356602655
7569,0.0011740566938288266
7570,0.0012206452025455127
7571,0.0013886194475706093
7572,0.0012015525270048038
7573,0.0012761843710262604
7574,0.0015406965394902485
7575,0.0011293485856431382
7576,0.0011076355636871098
7577,0.0012210839168839366
7578,0.0013363136484575344
7579,0.0014314718125765455
7580,0.0012300055078540888
7581,0.0015155883008340539
7582,0.0011753259433777445
7583,0.001232939330743912
7584,0.001107609711190115
7585,0.0015295658247485315
7586,0.001428600677735733
7587,0.001492410522568804
7588,0.001217616234888944
7589,0.0013024256872445196
7590,0.0012215347825703742
7591,0.0014109400878370376
7592,0.0011713732469127403
7593,0.0014538573502514778
7594,0.00107842710191247
7595,0.0010824693123487482
7596,0.001602683757812246
7597,0.0012202918229843205
7598,0.001009782991147762
7599,0.0010428721208700499
7600,0.0013579068189503614
7601,0.0013513099976948907
7602,0.001312267219065849
7603,0.0013197268954388641
7604,0.0012724277597570136
7605,0.0011852122088798053
7606,0.0012323900199219626
7607,0.0012784291527408547
7608,0.0012887782304545894
7609,0.0014449489724642826
7610,0.0011860961327741077
7611,0.0013603400525290974
7612,0.0010199474754466254
7613,0.0014048442780175369
7614,0.0009752542226496765
7615,0.0008887827783251917
7616,0.0013432885296522214
7617,0.0014403474880472706
7618,0.0014419089721253281
7619,0.0013662542999082715
7620,0.0011560730594752146
7621,0.0012443571493893008
7622,0.0011821576709597733
7623,0.001219251384520573
7624,0.0011012745348998295
7625,0.0012312258611090995
7626,0.0012020917529212774
7627,0.0014258889059902873
7628,0.0009599962416462964
7629,0.0010195075033635989
7630,0.001156782224015444
7631,0.0013518026345087678
7632,0.0013228498698384067
7633,0.0013240418384775886
7634,0.0011639071034952628
7635,0.0012543874196918193
7636,0.0011790786133767227
7637,0.0011112541837182228
7638,0.0009379082174326881
7639,0.0016372078606448684
7640,0.0014919057614100658
7641,0.0012988885064498896
7642,0.0013725930118946598
7643,0.0012847355860523255
7644,0.0010543753464226672
7645,0.0011650489233415932
7646,0.0013365556119971757
7647,0.0012917978193688116
7648,0.0014959579154088759
7649,0.0012679871826621958
7650,0.0012824835251583758
7651,0.001198471136121406
7652,0.0012535945114948563
7653,0.0010620288294804611
7654,0.0012995711887869173
7655,0.001152255806364328
7656,0.001224774654044628
7657,0.0013119980954832244
7658,0.0013877008267574077
7659,0.0012703695869021852
7660,0.0012027250913189812
7661,0.0012632751943162
7662,0.0014601079757592382
7663,0.00136170197685246
7664,0.0011543499409547874
7665,0.0011808983012890567
7666,0.0013668059893848273
7667,0.0013616288316487353
7668,0.001283571858636742
7669,0.0012716815935552726
7670,0.0011803643255059878
7671,0.001311647513006048
7672,0.0011414796262653362
7673,0.0014981710437984408
7674,0.0012895737497996846
7675,0.0012236673379694906
7676,0.0013725799689026904
7677,0.001185869577674643
7678,0.0014099923511165127
7679,0.001112774954177631
7680,0.0012751630517640567
7681,0.0011743718176985152
7682,0.0012497050026645169
7683,0.0012041426392983075
7684,0.0014649973697903164
7685,0.0010725827885700691
7686,0.0011583241769231754
7687,0.0013060672666634027
7688,0.0013227494453044765
7689,0.001433665404137754
7690,0.001127518303936951
7691,0.0009611860044587903
7692,0.0011892873753899585
7693,0.0014513997158355327
7694,0.0012082972641562586
7695,0.001384732761953254
7696,0.0013355785376350411
7697,0.0012167417978270927
7698,0.0011203813996804924
7699,0.0014044627899640004
7700,0.0013415320820918957
7701,0.001425947822938742
7702,0.001177218486081846
7703,0.0011266167384987417
7704,0.0012420288157470377
7705,0.0012391370886729312
7706,0.0014233534196493045
7707,0.0011704568258381958
7708,0.001330486188775414
7709,0.0013226981706326154
7710,0.0011114999510192208
7711,0.001124057836903224
7712,0.0013888351248816145
7713,0.0011342663915560468
7714,0.0012300334417845722
7715,0.001530669206320982
7716,0.001427784612215735
7717,0.0011996297068192438
7718,0.0010815270448156155
7719,0.0013323918889222052
7720,0.001136824810381252
7721,0.0014183375000019365
7722,0.0013687685702060827
7723,0.001267696680926722
7724,0.0011519454320851861
7725,0.0015628720878514057
7726,0.0012559907406175645
7727,0.000974679696861807
7728,0.0012065121269484458
7729,0.0012496440516910857
7730,0.0014727418074348127
7731,0.0013479568625987593
7732,0.0013654464738136365
7733,0.0014114933435509828
7734,0.0011875072165352164
7735,0.001325257387939531
7736,0.0009498642817804513
7737,0.0012080318429336402
7738,0.0013330042944084083
7739,0.0013267378828222395
7740,0.0011822160945289101
7741,0.0013100210117931775
7742,0.0012999601158798755
7743,0.001394222970009833
7744,0.0013809531649041286
7745,0.001367993311030798
7746,0.0010727807524169913
7747,0.0013380648812973321
7748,0.001062224608729056
7749,0.0010221530112112245
7750,0.00137363957679616
7751,0.001014742039505728
7752,0.001382323662776484
7753,0.0013437718566101516
7754,0.0013916373428687738
7755,0.0014146499128322781
7756,0.0010864398867924969
7757,0.0012193775750915894
7758,0.0014360541782745722
7759,0.0012802666636085652
7760,0.0014335076217794264
7761,0.0015072175982303586
7762,0.001353427198237007
7763,0.0010876565152449667
7764,0.0013587133212468476
7765,0.0013366389581308678
7766,0.0011973697356606546
7767,0.0014278613161718423
7768,0.0012109219001254288
7769,0.0013491974656304913
7770,0.0011640281942944134
7771,0.0012536555118885732
7772,0.0013131890634246158
7773,0.0014511051230297813
7774,0.0011103692983822258
7775,0.000994544570744956
7776,0.0014042541602100325
7777,0.0014041759585342647
7778,0.0012823888912417369
7779,0.001198294025359285
7780,0.0012628598810961334
7781,0.0012914083320500662
7782,0.00130354599242011
7783,0.0011350230519742094
7784,0.0012314559823926982
7785,0.001141040769404361
7786,0.0009519199935010831
7787,0.0014801052836149436
7788,0.0013762214392230318
7789,0.0011451307705648282
7790,0.0012054431902897007
7791,0.0010440204510971012
7792,0.0011433628610692439
7793,0.001267233893988844
7794,0.001170580588552766
7795,0.0016268010978573522
7796,0.0014558610977055734
7797,0.001002869080526491
7798,0.0011916256743299428
7799,0.0010275809935459581
7800,0.0012428786122445903
7801,0.0013955015313285957
7802,0.0012238313593745964
7803,0.0012269470757313896
7804,0.0016841959323693253
7805,0.0012537024060711955
7806,0.001192866693906405
7807,0.0014098577968227255
7808,0.0013483118041327632
7809,0.0014670784149286127
7810,0.0013251271262111565
7811,0.0015130966723972278
7812,0.0011381764664559653
7813,0.0011192728316239311
7814,0.0014284503832761063
7815,0.0010791780591201032
7816,0.0011482731731126037
7817,0.0011839188836061144
7818,0.0013014266605301055
7819,0.0012978503346835813
7820,0.0009634134305018681
7821,0.001306609738654898
7822,0.0010887083695255572
7823,0.001061855086598887
7824,0.001607648390424567
7825,0.0010112821199507371
7826,0.0014412969770257215
7827,0.0012652568360099745
7828,0.0014269338903140716
7829,0.0013603255672795828
7830,0.0013363631857436701
7831,0.0012917958520730066
7832,0.0012600946266952857
7833,0.0014517326015440252
7834,0.001197498145502241
7835,0.0013567639193199444
7836,0.0011618498723651094
7837,0.0014152464308277352
7838,0.001184399717158368
7839,0.0012599737817521896
7840,0.0012352409048307013
7841,0.0013029108897144048
7842,0.001356061901431009
7843,0.0012736097771983718
7844,0.0010701050754813798
7845,0.0013001199172639128
7846,0.0012465377721784397
7847,0.001047901109806869
7848,0.0013207177987490523
7849,0.0012670303056281334
7850,0.0010768687129814715
7851,0.0014387212927020497
7852,0.001109395391476842
7853,0.0012686782641403186
7854,0.0013957272650088498
7855,0.001168931395634961
7856,0.0013487676422333204
7857,0.0012624618282451518
7858,0.0013420785860795072
7859,0.0009739468279214394
7860,0.0011505090148745554
7861,0.001358370915633816
7862,0.0014000986874366619
7863,0.0012015975050730886
7864,0.0010637128862917434
7865,0.0013767075940079216
7866,0.0016012226786837156
7867,0.0012302888293956795
7868,0.0014131026686313368
7869,0.0011938597665491816
7870,0.0011788994388075903
7871,0.0014190797348700471
7872,0.001202728875791479
7873,0.0015563831384663382
7874,0.001100994071424036
7875,0.001266282349242349
7876,0.0013726503224341727
7877,0.0010685858531686598
7878,0.0010407135431604111
7879,0.001327809877743343
7880,0.0014014209707889093
7881,0.001327679381747948
7882,0.0011849837965021406
7883,0.0014940816118971106
7884,0.0014233161250078836
7885,0.0014938540294329972
7886,0.0010791159169678479
7887,0.0011845124844734687
7888,0.0011075780073433357
7889,0.0012049332302460818
7890,0.001416128318229796
7891,0.001319698318437833
7892,0.0011325370911022972
7893,0.0014113247550374332
7894,0.001277435381574614
7895,0.0012699284309992502
7896,0.0013691213192132809
7897,0.0011528451737966858
7898,0.001409388484298309
7899,0.0013772922132675688
7900,0.0011254169768278126
7901,0.0013358326206352814
7902,0.0014270740392732793
7903,0.001340289049780941
7904,0.0013636954860307498
7905,0.0009573992265476008
7906,0.0012536567737086468
7907,0.0013080958791754553
7908,0.001219435629079838
7909,0.001317293881066823
7910,0.0013152682183895298
7911,0.001056287701775304
7912,0.0011865002329996678
7913,0.0015740822578226695
7914,0.0013861149951955765
7915,0.0011036931315972724
7916,0.001146662213214712
7917,0.0011786785853950417
7918,0.0013067807749608956
7919,0.00161131144248114
7920,0.0012128057934367175
7921,0.0013910771118624025
7922,0.0014183287091157379
7923,0.0012918528355165897
7924,0.001377933493260192
7925,0.001360107531282182
7926,0.0009947067192223242
7927,0.0014044885334285663
7928,0.0014657278233569167
7929,0.0010153676661718621
7930,0.001182206867991453
7931,0.0011641886334625472
7932,0.0012247158538591337
7933,0.0013370634351507508
7934,0.0014309498664453197
7935,0.001355624838582311
7936,0.0011788548760634646
7937,0.001045680827650373
7938,0.0012344131355690165
7939,0.0015203878944826659
7940,0.0013759552613107488
7941,0.0013598211544870885
7942,0.0013740707899394036
7943,0.0010869828567483348
7944,0.0013178638503119414
7945,0.001455472337005513
7946,0.0013558484797328645
7947,0.0012273579647700367
7948,0.0011776254127719133
7949,0.0013503833698258676
7950,0.001322582952046529
7951,0.0010888989389921332
7952,0.0012204119084804864
7953,0.001209499230092159
7954,0.0013887058896832173
7955,0.0012869814012681819
7956,0.000976518070271729
7957,0.0012891864875400677
7958,0.0013256801048102378
7959,0.0010812502679226246
7960,0.0012732757569613453
7961,0.0013422003116265954
7962,0.0011099155660440798
7963,0.0013668662017933906
7964,0.0012143138647923229
7965,0.0012944771527663892
7966,0.0014703876828065772
7967,0.0014873341309457428
7968,0.001008883923306521
7969,0.0011679745926744254
7970,0.0013292471107476265
7971,0.001056619987431263
7972,0.001316771014486378
7973,0.0011123828759378083
7974,0.0014086796484315423
7975,0.0013556352699406486
7976,0.0011549938701920386
7977,0.0012195550866170596
7978,0.0009733731164061059
7979,0.0013061434770017936
7980,0.0012093504473720937
7981,0.0012324842617037915
7982,0.0012070945565304924
7983,0.0013987555134509823
7984,0.0011226636972159422
7985,0.0011219058800191084
7986,0.001501639855970824
7987,0.0015125057570623153
7988,0.0011658434041951918
7989,0.0015247949315007321
7990,0.0014469207665213902
7991,0.0011219876319729632
7992,0.001114296243171543
7993,0.0010577119303812998
7994,0.0013686523557750268
7995,0.0011805455292442902
7996,0.0012442869743018413
7997,0.0011516500916710643
7998,0.001313318288697978
7999,0.0011818158266953453
8000,0.001480669843682143
8001,0.0011617140961241094
8002,0.0012127182350046045
8003,0.0014024430987270812
8004,0.001374769845094452
8005,0.0012093399255684938
8006,0.00129238666683655
8007,0.0013970106349955505
8008,0.0015571066719266724
8009,0.0012132866982961493
8010,0.001404754779259693
8011,0.0014768983240200427
8012,0.0012578323240494322
8013,0.0011142871066870137
8014,0.0012210897246029465
8015,0.0012063810609240426
8016,0.0013834770848109325
8017,0.001292602532833203
8018,0.0012221245741313867
8019,0.001260550070488179
8020,0.0011910510845544243
8021,0.0012923803166580644
8022,0.001069590238375305
8023,0.0013052048553402252
8024,0.0014292187811074642
8025,0.0013253308669753903
8026,0.0008289743643620211
8027,0.0012162756374194286
8028,0.0010729816081366706
8029,0.0013266687897323254
8030,0.0014961746052267787
8031,0.0012342789605509611
8032,0.0011681564836286912
8033,0.0012303687257422867
8034,0.0011655126177240558
8035,0.0008217640366692783
8036,0.0010459131822710712
8037,0.0012582941907151332
8038,0.001555950124426339
8039,0.0012506849903880526
8040,0.0014065560514787045
8041,0.0011378495290324542
8042,0.001368524721132744
8043,0.0014506582526667366
8044,0.001602927225864666
8045,0.0012398077071911233
8046,0.0011459608394286454
8047,0.0011220672479567183
8048,0.001327560460905481
8049,0.0013394408264496922
8050,0.0013717628622035751
8051,0.001282350579050953
8052,0.0012889866091173611
8053,0.0012803025719484232
8054,0.0012941843188473876
8055,0.001143408074967737
8056,0.0011558004669368317
8057,0.0014617290222024445
8058,0.0012376009171610174
8059,0.00115527235829028
8060,0.001208686802519773
8061,0.0012679194087379508
8062,0.001363830756717297
8063,0.0013688733695534799
8064,0.0013230255451771528
8065,0.001044569112710184
8066,0.0011785196533917002
8067,0.0013137188342069754
8068,0.0014417531335085226
8069,0.0013476223407122346
8070,0.0012277888682148393
8071,0.0012395691373260692
8072,0.001514392691146502
8073,0.0013696215652045896
8074,0.001361573889305178
8075,0.0014807372096271919
8076,0.0012431973120313213
8077,0.0011956951714375374
8078,0.001484045686227838
8079,0.0015065804257806258
8080,0.0012986393591172805
8081,0.0013795057282676205
8082,0.0010119455174312276
8083,0.001286231040223937
8084,0.0011885462554521828
8085,0.0010044298496016014
8086,0.001271786293544467
8087,0.001296963960023227
8088,0.000980988186113226
8089,0.0014056026185439773
8090,0.0011812317078065875
8091,0.0008927553586765848
8092,0.001285051437609662
8093,0.0013533010261444851
8094,0.001098593596073995
8095,0.001204289380062507
8096,0.001307451098246677
8097,0.0010160959872703877
8098,0.001110339622380294
8099,0.0012086420064276282
8100,0.0011261279155113033
8101,0.0012377365067671143
8102,0.001314706813862017
8103,0.0012460921208215393
8104,0.0010910332517886344
8105,0.0012295853753422634
8106,0.0012374434187663473
8107,0.0012720800946249779
8108,0.001313572535379252
8109,0.00107774211160428
8110,0.0013951827209795677
8111,0.0014505208489421265
8112,0.0014332607199164685
8113,0.0010158652104949027
8114,0.0013601225083370908
8115,0.0011762568809650896
8116,0.0011110223523836452
8117,0.0015232429480400605
8118,0.001011291714230253
8119,0.0014001713313823991
8120,0.0013455883827999426
8121,0.0011271704860163424
8122,0.0011695496112545962
8123,0.0016826941717966093
8124,0.001299260540382954
8125,0.0013104548798655
8126,0.0014021232797264806
8127,0.0011456710284542331
8128,0.0012998021968226995
8129,0.0010095627145435564
8130,0.001264164044054321
8131,0.00105147310859282
8132,0.0014080523570143661
8133,0.001234372598019679
8134,0.001147594552288984
8135,0.001163518000444497
8136,0.001603051938718527
8137,0.0013505613698441626
8138,0.0010169979141267604
8139,0.0017117494202491237
8140,0.0012263627454095598
8141,0.0012826970757033856
8142,0.0012848344888039909
8143,0.001404770080665393
8144,0.001060057771102805
8145,0.0012576560327003422
8146,0.0013157868326825956
8147,0.0014869693713081584
8148,0.0011829315280593633
8149,0.0010694885651796162
8150,0.0014599315260766682
8151,0.0010669504767277893
8152,0.001307752966095236
8153,0.0011289355996000816
8154,0.0013233619685390468
8155,0.0010334727677828867
8156,0.0013586559097549195
8157,0.0014494398166134683
8158,0.0013355814597288392
8159,0.0012619867846783246
8160,0.001044550303475679
8161,0.00134885502204662
8162,0.0012501121084220212
8163,0.0012071635979308255
8164,0.0015621150288309272
8165,0.0014002923627059595
8166,0.001401743641402417
8167,0.0013406928254262246
8168,0.0011976241172677626
8169,0.0012134552171316699
8170,0.0012283052687662747
8171,0.0011873991417679583
8172,0.0014525213553637426
8173,0.0011588584282668237
8174,0.0014691280518225398
8175,0.0014198406100294713
8176,0.0010433210073164298
8177,0.0009626515382276848
8178,0.0014143391877442053
8179,0.0012033365607380323
8180,0.0012107567007313377
8181,0.0012975901108165469
8182,0.0013072765361761608
8183,0.0012803859043176737
8184,0.0012824338151045276
8185,0.0012993648311508319
8186,0.0013564998320405688
8187,0.001331483674029772
8188,0.0011618891660531217
8189,0.0011108295801147642
8190,0.0011616445614639334
8191,0.0014258361343827703
8192,0.0011204623298890154
8193,0.0014275791509924351
8194,0.0012188273324686466
8195,0.0013423279707412026
8196,0.0014424560366526472
8197,0.001155444133914728
8198,0.001160791912257085
8199,0.001382377889526017
8200,0.0011494696260566188
8201,0.0012235136633424676
8202,0.0013278430648555495
8203,0.0014536102498934659
8204,0.0011137283409818218
8205,0.0011117143780468052
8206,0.0012730012789312951
8207,0.0012625591015371378
8208,0.0013748598948000858
8209,0.0013061282205908365
8210,0.0014574357920866172
8211,0.0011047843722737465
8212,0.001215433794745721
8213,0.0013310865955294422
8214,0.0012680640613733953
8215,0.001411878982732953
8216,0.0013244760532914895
8217,0.001474100708571839
8218,0.0014247132408413653
8219,0.0014545768501877281
8220,0.0012977690441127192
8221,0.0013751406950058868
8222,0.0015261056767811032
8223,0.0011835478763086058
8224,0.0012277392074630238
8225,0.0011586091535422212
8226,0.001156891019992409
8227,0.0012250828887815492
8228,0.0012429901779106153
8229,0.0011151404962759723
8230,0.001204586765683969
8231,0.0015735461023978405
8232,0.0011803363161013072
8233,0.0013034575010370118
8234,0.0012480811669039857
8235,0.001239231733907868
8236,0.0012146553570191912
8237,0.0013054003067690225
8238,0.0012317745487539866
8239,0.0014067609122559344
8240,0.0010279859969736355
8241,0.0010457783611077568
8242,0.0014098068316962865
8243,0.0011457889015074876
8244,0.0012573947031957779
8245,0.0012002557468978152
8246,0.0013321075494840881
8247,0.0009748515895735457
8248,0.0012301906525819804
8249,0.0014643646955690328
8250,0.0013228836015943461
8251,0.0009970103657481533
8252,0.001218684791289485
8253,0.0013351716241957704
8254,0.0014798838208344447
8255,0.0012526163995957064
8256,0.001333808539371427
8257,0.00114305083974106
8258,0.0012572710669194402
8259,0.0012122990835632637
8260,0.0012584125697056895
8261,0.0011203186601259397
8262,0.001339491226659218
8263,0.001264832548647778
8264,0.0013464537637878948
8265,0.0012687040736066816
8266,0.0013277443487596063
8267,0.0013366730059758507
8268,0.0013097795907418572
8269,0.0012904952834814083
8270,0.0011558343076410159
8271,0.0012840021065769701
8272,0.00122291432329469
8273,0.001337318770659271
8274,0.001290605591146258
8275,0.001353110865381974
8276,0.0014011917554948017
8277,0.001174182882627449
8278,0.0010983706777204043
8279,0.0012883032886818943
8280,0.0013264309228799005
8281,0.0013049639099094493
8282,0.0012985212842704771
8283,0.0011075590393867935
8284,0.0013856349464790405
8285,0.001107865179933426
8286,0.001142230699774408
8287,0.0011238838483434736
8288,0.001177868410237353
8289,0.0012675336001115472
8290,0.0010888937903415917
8291,0.0012168664986243636
8292,0.0014388909274814846
8293,0.001128617956354464
8294,0.001292494438614938
8295,0.0009543329669359588
8296,0.0013959269342406183
8297,0.0013302276810503025
8298,0.001091994515966004
8299,0.0012742841849494408
8300,0.0012908046314426712
8301,0.0015140295957421833
8302,0.001214915284460033
8303,0.0013585362651572848
8304,0.001419330967778369
8305,0.0011819880754978282
8306,0.00143921052667039
8307,0.0010702415566230519
8308,0.0012230369507828787
8309,0.001434766064796651
8310,0.0013326766723860673
8311,0.0013726558228548617
8312,0.0016031311755542843
8313,0.001338479860112807
8314,0.001436074040797418
8315,0.0010680640164269196
8316,0.001249637347316155
8317,0.0011772181601766398
8318,0.001201708869786759
8319,0.00100136278588554
8320,0.0013605858341771782
8321,0.0014173398639432467
8322,0.0013450653595860368
8323,0.00113171088815188
8324,0.0014307454867451368
8325,0.0013364864846746975
8326,0.0012699911623374233
8327,0.0011151999091137392
8328,0.0011578190800883238
8329,0.0013424526593756386
8330,0.0012430041963991936
8331,0.001631859836002096
8332,0.0011228604788807194
8333,0.0012298764437592908
8334,0.0012842973976882768
8335,0.0011138074149807191
8336,0.0011415530410307487
8337,0.0012325376067205737
8338,0.0016045339518318358
8339,0.0009770903768996709
8340,0.0014867979957263354
8341,0.001367188167466731
8342,0.0012712942083144478
8343,0.001143212511054493
8344,0.001059428096950091
8345,0.0011764217955757355
8346,0.0012147292426920849
8347,0.0011307122817274407
8348,0.0013372979571710743
8349,0.0012553543568315246
8350,0.0016029426601580422
8351,0.0014292606690123764
8352,0.001178995605381882
8353,0.0010845488733574504
8354,0.0012381531765938765
8355,0.0014448268012018845
8356,0.0012743371760705808
8357,0.0012498712949669262
8358,0.0014052022047912709
8359,0.0010436101545154364
8360,0.001194000072907833
8361,0.0010457176735728744
8362,0.001381397385829196
8363,0.001247342304455108
8364,0.001345313676871197
8365,0.0011335703729365035
8366,0.0012991786413657969
8367,0.0010002143474438692
8368,0.0014408611219032886
8369,0.0012695147881338269
8370,0.0011376130337311379
8371,0.0015919418677177082
8372,0.0013535528034497033
8373,0.0014853615046885587
8374,0.0012013250107709426
8375,0.0013456228588522117
8376,0.001084554009068746
8377,0.0011590412399520595
8378,0.0013695544821513417
8379,0.0012757558975862464
8380,0.0013106812858154557
8381,0.0013358547365314973
8382,0.001466699055662337
8383,0.0014128159896525949
8384,0.001262153542042105
8385,0.0011528862081906105
8386,0.0015067656667138041
8387,0.0013284042680013692
8388,0.0013414110775969938
8389,0.0013338937402088394
8390,0.0012799492490589658
8391,0.0013853502365352756
8392,0.00134894406689396
8393,0.0013990431756761494
8394,0.0013928277742261662
8395,0.00135025515444233
8396,0.001210465385617134
8397,0.0012078222836337973
8398,0.0012691754069027485
8399,0.001384099521202943
8400,0.0009787164738153293
8401,0.0012102800784367616
8402,0.0011884847507337081
8403,0.0014281794541313722
8404,0.0011749373065294585
8405,0.0014276129059558086
8406,0.0015519488813582481
8407,0.00120457047337502
8408,0.0010993662779954234
8409,0.0011940872546504018
8410,0.0014687234001660857
8411,0.0012341091890975204
8412,0.0010733192359956053
8413,0.0012117000121756828
8414,0.0011397501659011196
8415,0.001108136704327287
8416,0.001238910273980211
8417,0.0012480581447867085
8418,0.0015956700648883954
8419,0.0015069204938329666
8420,0.0011848173985988149
8421,0.0010489994232478759
8422,0.0013023132821343565
8423,0.0014045933270270545
8424,0.001131186559084017
8425,0.0010335798929255286
8426,0.0013131295932054716
8427,0.0012961927834093047
8428,0.001394165852623591
8429,0.0013583116658559147
8430,0.0012374374569692748
8431,0.0011496441289152535
8432,0.0012893602985308665
8433,0.0012475348983916432
8434,0.0012179871426142507
8435,0.0014918670967644623
8436,0.0013007215447059103
8437,0.0011582658826934235
8438,0.0011912938769970975
8439,0.0012367144416513482
8440,0.0013969987591078755
8441,0.0012740803327528102
8442,0.0017212223934930594
8443,0.0012620871135919712
8444,0.0012359583808772081
8445,0.001148103965588213
8446,0.0012917197915764443
8447,0.001154688205739004
8448,0.0015647986063414589
8449,0.0013470569881541816
8450,0.0012466708206174517
8451,0.0014032238014403738
8452,0.0012524447942729362
8453,0.0010217965253836762
8454,0.0010127606178283591
8455,0.0011046814957862145
8456,0.0011672671577016643
8457,0.0012695927637755065
8458,0.001151164591052469
8459,0.0010594282571918785
8460,0.0015426957184819824
8461,0.0014484051705672286
8462,0.0011741607591943973
8463,0.001538266146864223
8464,0.001397808502202323
8465,0.0014184721406678945
8466,0.0011650780403418294
8467,0.0011158088562292384
8468,0.0011272899554863785
8469,0.001009510042778136
8470,0.001229795621721299
8471,0.0011001629164168803
8472,0.0011083335440369244
8473,0.001247157244814858
8474,0.0008329958224213389
8475,0.0013891395473406027
8476,0.0010536659831008944
8477,0.0013490354705447203
8478,0.001292831294010944
8479,0.0013476117266960957
8480,0.0013813751315508768
8481,0.0013776301968085162
8482,0.0013347423965410572
8483,0.0010884997304691877
8484,0.0013929161186643027
8485,0.001132271888861749
8486,0.001208933514003163
8487,0.0011369618685817624
8488,0.0013710670553570977
8489,0.0012320232080752771
8490,0.001277372502114948
8491,0.0011733828661733498
8492,0.0011402627151589028
8493,0.0013406651945021375
8494,0.0012495912092066997
8495,0.0012085562625068996
8496,0.0010908472888722328
8497,0.0013700357889537486
8498,0.001205347858848163
8499,0.0010474247283749174
8500,0.0015034929569548389
8501,0.0010285924520184178
8502,0.001404669580584783
8503,0.0007653992169724955
8504,0.0009804179656365817
8505,0.001265768790063478
8506,0.001375923177233972
8507,0.0013672072566003896
8508,0.0013189466682139736
8509,0.0010942592482266764
8510,0.0010708595862871666
8511,0.001434508318073157
8512,0.0012146045168283405
8513,0.0012808666719595625
8514,0.0013386463421670295
8515,0.0013909661975633927
8516,0.0013161758341490423
8517,0.0013612277034294091
8518,0.001182391881194849
8519,0.0014264887826916529
8520,0.0013804230780221074
8521,0.0012603739256378717
8522,0.0011868077871937475
8523,0.0010204434397689506
8524,0.0013473833792315925
8525,0.001278275093756779
8526,0.001464127840059549
8527,0.0014855237400605548
8528,0.001348085089166987
8529,0.0012600964012689307
8530,0.0012264925180645175
8531,0.0012928916377672906
8532,0.0014475367845124133
8533,0.0013288812873434087
8534,0.001091688002688207
8535,0.0012911120833489656
8536,0.0012775107434906438
8537,0.0010472796364256996
8538,0.0015158397450270795
8539,0.001343960727645965
8540,0.0013495958300981331
8541,0.0013000927239966314
8542,0.0010675175795364588
8543,0.0013628409972675842
8544,0.0013459258325159045
8545,0.0010990514397742248
8546,0.0010029192989435278
8547,0.001483236532022745
8548,0.001339662376991454
8549,0.001341011881376372
8550,0.0012611887580603264
8551,0.0012099608734086084
8552,0.0011435801335741584
8553,0.0009442682878483104
8554,0.0016011963735792461
8555,0.0013791238433601177
8556,0.0011255541066037375
8557,0.0013566296902234472
8558,0.0011895932095764444
8559,0.0013026890657888315
8560,0.0012183582771117308
8561,0.0014703653600802924
8562,0.0014527025030109486
8563,0.0014844863366746716
8564,0.001150798916134138
8565,0.0014729880473310895
8566,0.0011137381727788084
8567,0.0013519235481510446
8568,0.001459483271781957
8569,0.0013333963497036906
8570,0.0012941272017973353
8571,0.0014337666496357087
8572,0.0013257532996482219
8573,0.0013462358532507434
8574,0.0014836694259844603
8575,0.0014923011284844062
8576,0.0011676726380721969
8577,0.0014882171872534664
8578,0.001513598902226088
8579,0.0013799323555533341
8580,0.0013917651334266201
8581,0.001401652969880413
8582,0.0012891393968467253
8583,0.0014789419747265847
8584,0.0014208134333404516
8585,0.0011295252229792455
8586,0.0014232426100011695
8587,0.0010121994205943598
8588,0.0012587231954500479
8589,0.0013781193781608589
8590,0.001251233400935989
8591,0.0013289225854700077
8592,0.00128448511222667
8593,0.0012874573722174581
8594,0.0014444699836024398
8595,0.0013530814181972374
8596,0.0014040416067741175
8597,0.0012961897428203487
8598,0.0011364728618091686
8599,0.0014909548157811254
8600,0.001306925014861687
8601,0.0012733625627941233
8602,0.001109558506346485
8603,0.0013001466668178016
8604,0.0010936826501928092
8605,0.001215708260619571
8606,0.001292069770483656
8607,0.001264061464227182
8608,0.0014531930262359858
8609,0.00135565170682222
8610,0.0012048484822696308
8611,0.0013999787279886163
8612,0.0011753017393750786
8613,0.0015225256794205058
8614,0.0012164754673598462
8615,0.000784866549345299
8616,0.0010135082695885067
8617,0.0011490926431460523
8618,0.0014130222392331562
8619,0.0011003172140078138
8620,0.0013554161227569538
8621,0.001193929758609196
8622,0.0011168408654268758
8623,0.0012853453508450588
8624,0.001361596279734487
8625,0.0013442096833240157
8626,0.0012564835218814953
8627,0.0011744281530773073
8628,0.0014481624928517642
8629,0.001172743704861388
8630,0.0011879730460978906
8631,0.001280750481120449
8632,0.0009483720118043245
8633,0.0010636370925193046
8634,0.0015145981633291744
8635,0.0010345024835122301
8636,0.0013058542618184057
8637,0.0011843000941249091
8638,0.0013863029852114574
8639,0.0013928883267975728
8640,0.0013158117210589784
8641,0.0012954581477125956
8642,0.0013130487929279278
8643,0.0013091528016930074
8644,0.001163294165365024
8645,0.0013676566490041912
8646,0.0013138870418037325
8647,0.0012978051975860848
8648,0.0013701078566811721
8649,0.0013865296739068022
8650,0.0011845445360668416
8651,0.0010664523087223125
8652,0.0011993903132849414
8653,0.0012946790140812726
8654,0.0012613461416021894
8655,0.0012214470656441402
8656,0.0011244421523361418
8657,0.001325280420331552
8658,0.001377252925908767
8659,0.0013762818691574479
8660,0.00103891480453571
8661,0.001488739896084117
8662,0.0012644987704352546
8663,0.0013822698882038813
8664,0.0012266818086550592
8665,0.0014978232804809099
8666,0.0011478173420500434
8667,0.0014516540883793574
8668,0.0014281934773694015
8669,0.001167116132733337
8670,0.0013795222541885832
8671,0.001275702273324496
8672,0.0012124951508453205
8673,0.0011311755808429316
8674,0.0010715700408843254
8675,0.001358238782522079
8676,0.0013129498287496215
8677,0.0008429579184449539
8678,0.0011224592302522128
8679,0.001358506668397698
8680,0.001222798849152261
8681,0.0009651452732456689
8682,0.0009021102599598154
8683,0.001210004268860693
8684,0.0014405955094411325
8685,0.0012743971524085333
8686,0.0013927083033320792
8687,0.0015071280116489686
8688,0.0012991968395543293
8689,0.0012168174168325579
8690,0.0011528909212624174
8691,0.0011531281621335828
8692,0.001210250559219493
8693,0.0014013361500801397
8694,0.0010798172642873638
8695,0.0016041109480416959
8696,0.0014156782400803019
8697,0.0011990005411916757
8698,0.0011036028483941587
8699,0.0011638616851456782
8700,0.0012905775152193585
8701,0.001283014741833386
8702,0.0011548724620584017
8703,0.0011952720938462325
8704,0.0010822116904627955
8705,0.0012012392685809767
8706,0.0013773502951200426
8707,0.001361719020158633
8708,0.001272786421568948
8709,0.0012713563074295998
8710,0.001384805063003348
8711,0.0011908133962624048
8712,0.0011626752053536015
8713,0.0011808500124272459
8714,0.0013608812174365436
8715,0.0012024968887392141
8716,0.0012918720641238483
8717,0.0014096631914206335
8718,0.0012160776319849371
8719,0.001330921867591471
8720,0.0011843277999951838
8721,0.0013977545964081455
8722,0.0012616705193077445
8723,0.0012729488098454321
8724,0.001493834274758969
8725,0.001574376512413809
8726,0.0010923590823686971
8727,0.0013867441885050975
8728,0.001397608166552539
8729,0.00137185342147697
8730,0.0011195168204573037
8731,0.0013699979459605872
8732,0.0014317124114482354
8733,0.0010529432451714383
8734,0.0014579189737617042
8735,0.001321207221963959
8736,0.0012000338766221656
8737,0.0013104731745887084
8738,0.0010533662306578438
8739,0.0010450700544570252
8740,0.0013784143952009834
8741,0.0014615632591096946
8742,0.0010904529976661721
8743,0.0012421407703150948
8744,0.0014766656912682948
8745,0.0012441259020124632
8746,0.0017099940904110587
8747,0.001203171397418704
8748,0.0014107776443020388
8749,0.001189752734385103
8750,0.0012560111725088807
8751,0.001255413341428233
8752,0.0012943588761244109
8753,0.001132069451224776
8754,0.0011251942590658032
8755,0.0013165083562239864
8756,0.0013002988978528891
8757,0.0011104374092194929
8758,0.0014577467840253108
8759,0.0010643164943336643
8760,0.0012689946989574105
8761,0.0011426035220039243
8762,0.001288217897383347
8763,0.001247470310011387
8764,0.0012670232533222613
8765,0.0015217079076378114
8766,0.00113065891928827
8767,0.00115848756766807
8768,0.0015325289266653376
8769,0.0012386791501257906
8770,0.0015909665886192346
8771,0.0012460625628471782
8772,0.001165940840374319
8773,0.0013107892241925674
8774,0.0012328187206309253
8775,0.001428878919864605
8776,0.0011144406203335937
8777,0.0012606868064316931
8778,0.001094928165371884
8779,0.0008608744701805511
8780,0.0012831960133045832
8781,0.0011207097892605
8782,0.0008670381097443136
8783,0.0014089993280344694
8784,0.0011050902903713864
8785,0.0012191399077162868
8786,0.0015474359148444235
8787,0.0012653748711765865
8788,0.0011480766566750189
8789,0.0013385940433739709
8790,0.0012435511771225615
8791,0.0010963783214505082
8792,0.0011779228146065947
8793,0.0014113834804761972
8794,0.0014204539875422532
8795,0.001217691645998126
8796,0.0015164139064289671
8797,0.0014045504259220243
8798,0.0011058033358908664
8799,0.0014377534838727478
8800,0.001388886154086844
8801,0.0011364222103480807
8802,0.0011802010167750211
8803,0.0012871181496024809
8804,0.0014909763248864814
8805,0.0015205922344906626
8806,0.0010775956865668845
8807,0.001511622901988905
8808,0.001211451723642594
8809,0.0016451485155896976
8810,0.0014556294875526605
8811,0.0014686390879515292
8812,0.0010610640556030326
8813,0.001218568655311412
8814,0.0013308869675289275
8815,0.0011503627897050625
8816,0.0015285925676062223
8817,0.0013224768364418532
8818,0.0013865233375566634
8819,0.0011836056681469864
8820,0.0014100338371217686
8821,0.001387049738810391
8822,0.0016139107153006664
8823,0.001388388215782678
8824,0.0010601681971863024
8825,0.0011276261035001445
8826,0.001379165805341746
8827,0.001169938651599804
8828,0.001351534557450539
8829,0.0011113143818894436
8830,0.0011588745028843783
8831,0.0012568222849725634
8832,0.001097348106696598
8833,0.0013021727614481143
8834,0.0017384253251957085
8835,0.0009810091802092888
8836,0.0010453458995372306
8837,0.0012404576838834975
8838,0.001156661005258902
8839,0.0010489151023732064
8840,0.0016390239270702048
8841,0.0015188815465975458
8842,0.0010203198063371646
8843,0.001179457662410352
8844,0.0010020141462544153
8845,0.001108131540226275
8846,0.0011515242902135632
8847,0.001222116510273685
8848,0.001409937488998378
8849,0.0015081328423879312
8850,0.0012999742243635037
8851,0.001338774547504089
8852,0.0012480660873806881
8853,0.0012974492875276785
8854,0.001176075420792121
8855,0.0014007390495109232
8856,0.0012401179508869167
8857,0.0011417080867312563
8858,0.0014856634193900569
8859,0.001386287966959441
8860,0.0015227240050260241
8861,0.0012031195484991145
8862,0.001353718044733742
8863,0.001218263625103716
8864,0.001357966497034831
8865,0.0013128184799775493
8866,0.0010993585179577166
8867,0.001205211191755211
8868,0.0011916801215208679
8869,0.0012965119119245894
8870,0.0012928212708938468
8871,0.0012038066317144082
8872,0.0012694480095232594
8873,0.0012545467195007255
8874,0.001302764307601652
8875,0.001337750196051861
8876,0.0010692394967450921
8877,0.001244712800511594
8878,0.0013660982666503267
8879,0.0013679685076148393
8880,0.0013592479206493502
8881,0.0013411512235975078
8882,0.0014766091646986122
8883,0.0014171045986732477
8884,0.0012570629048043631
8885,0.0012833929958673575
8886,0.0013451459899558548
8887,0.001073003924434602
8888,0.00120202135214135
8889,0.0013574688611377084
8890,0.0009994352541875693
8891,0.0009641462658001917
8892,0.0012047396754204134
8893,0.001261998554700398
8894,0.0013936845086773022
8895,0.0010445803855194497
8896,0.0013782002593340679
8897,0.0013188183018145773
8898,0.0011109100050744245
8899,0.001417630657725988
8900,0.0012235194770656578
8901,0.00127297439570713
8902,0.0010608542778308477
8903,0.0012695955142615959
8904,0.0014384335045497284
8905,0.0011402832619027982
8906,0.0014546912251220262
8907,0.0011842130353650366
8908,0.0017441654718821458
8909,0.0013100598966110633
8910,0.0012297696478366406
8911,0.0011903887153834017
8912,0.000952008574683903
8913,0.0011223080806563612
8914,0.0012256022539890127
8915,0.0011552512790967133
8916,0.001279961418604833
8917,0.001293573011840216
8918,0.001316620870058095
8919,0.0014607169520654425
8920,0.001402715230585707
8921,0.0013470178701752843
8922,0.001211256413179806
8923,0.0012276625114349925
8924,0.0011069105946450951
8925,0.0012767455608767506
8926,0.0013576244680952021
8927,0.0014261279333908463
8928,0.001441255862989949
8929,0.0010893525365774362
8930,0.0011422671391779593
8931,0.0014657877033942565
8932,0.001305738315905995
8933,0.0011049607193102146
8934,0.0014432471683847945
8935,0.0013441784414435578
8936,0.0012731169174916301
8937,0.0012381882060289767
8938,0.001094076200956242
8939,0.001050389508789386
8940,0.0011760247110514223
8941,0.0013318974693727814
8942,0.0009667666464034832
8943,0.0012718521979989028
8944,0.0009715740897582579
8945,0.0010622865591345364
8946,0.001370711606634973
8947,0.0013442634902508467
8948,0.0013118731208721218
8949,0.0012949940830107342
8950,0.0015292285545981657
8951,0.0012290193943850004
8952,0.0013749245932252088
8953,0.0010216060518730206
8954,0.001392104381657282
8955,0.0014017283877386236
8956,0.0012827361550328137
8957,0.0011734536883540945
8958,0.0013450768954932702
8959,0.0012528400601050178
8960,0.0012845907750939243
8961,0.0013957471874077863
8962,0.001098752100674859
8963,0.0012386485055490223
8964,0.0013247629839986553
8965,0.001208088806012756
8966,0.0012714466663676842
8967,0.001319339750435054
8968,0.0012875758426488522
8969,0.0014467501955313458
8970,0.0016436284250432114
8971,0.001449095802883353
8972,0.0012638206249646106
8973,0.001458358326029359
8974,0.0014376372684185958
8975,0.0009556708444964203
8976,0.001392480166812416
8977,0.001262019584510996
8978,0.0011916423919360796
8979,0.0013521499342944623
8980,0.0013846118735182916
8981,0.0013301137993917641
8982,0.0013639956308553719
8983,0.0014260451044555273
8984,0.0014917933232246432
8985,0.001017144924165051
8986,0.0013171990811245403
8987,0.001399422381280475
8988,0.0013914352056686608
8989,0.0012006749249481613
8990,0.0013033596834273588
8991,0.0012793426161762126
8992,0.0012565488249450573
8993,0.0012917866604564702
8994,0.0013196002547104365
8995,0.0011384105532322617
8996,0.001182121022314794
8997,0.001239291992082237
8998,0.001323753861190478
8999,0.0012064958874141909
9000,0.0010812628457114208
9001,0.001130679011489631
9002,0.0012727007545445825
9003,0.00143959866818262
9004,0.0014531549504726235
9005,0.0014148735246419899
9006,0.0012313513593933017
9007,0.0010623762492527771
9008,0.0013872767161227735
9009,0.0015139686962930283
9010,0.0013350682543725079
9011,0.0012657369950688634
9012,0.0011410655294920844
9013,0.001404329481668707
9014,0.001179260955524855
9015,0.0012607787037153572
9016,0.0010346563563082742
9017,0.0011985164815659297
9018,0.001095709707521384
9019,0.0012143534460807195
9020,0.0011540706465725747
9021,0.0012019149485227717
9022,0.0012847062227639525
9023,0.0012789828664950208
9024,0.001320070202857704
9025,0.0012775259287958766
9026,0.0013411091340225585
9027,0.0012120065262811455
9028,0.0010927757499802338
9029,0.0011497068912704638
9030,0.0012573168510517335
9031,0.0014325848674140457
9032,0.001049728133140993
9033,0.0012548741154616038
9034,0.0009321040318000032
9035,0.0014767844230026595
9036,0.0014669674115656399
9037,0.0014141554820948634
9038,0.0010569684415762497
9039,0.0011897999003908336
9040,0.0010382687373199368
9041,0.0012517941132420348
9042,0.0016123027690227167
9043,0.001213802253732082
9044,0.0013824988290769753
9045,0.0013640820944171034
9046,0.0017983355686638557
9047,0.0012182177334620079
9048,0.001124865860264751
9049,0.0011505732289512531
9050,0.0014175620355238014
9051,0.001227535092955576
9052,0.0014904325333632263
9053,0.00134091309030223
9054,0.0012953844526024975
9055,0.0011953220219189814
9056,0.0015492555423464037
9057,0.0013489630714827864
9058,0.001567702732837715
9059,0.001372690180787238
9060,0.001318648177665825
9061,0.0012044880989811318
9062,0.0014860038399358325
9063,0.0013099045080927417
9064,0.0013166925933152792
9065,0.0012480083813756837
9066,0.001326461170859818
9067,0.0014821414932673174
9068,0.0010812845153862095
9069,0.0010937723523104588
9070,0.0014135204321693033
9071,0.0013197783956016066
9072,0.0014829608862686973
9073,0.0009980417993451943
9074,0.0013094469911594108
9075,0.0009494443116090281
9076,0.0012830144153854564
9077,0.0009113212389966472
9078,0.0013564561543662646
9079,0.0014310987758235645
9080,0.0013015477567098817
9081,0.0010629902186023998
9082,0.0013428144854159415
9083,0.0013757729283041913
9084,0.0013097972230642102
9085,0.0014253637069866346
9086,0.001312431939321225
9087,0.0010947300883485086
9088,0.0013256521430259065
9089,0.0012524824351256656
9090,0.0013961882291139414
9091,0.000810214040812848
9092,0.0010229230384671936
9093,0.001150100937868334
9094,0.0012321337615997334
9095,0.0013541486133601855
9096,0.0014274624598224965
9097,0.001253496573893642
9098,0.0013152831848844415
9099,0.0012924402772733511
9100,0.0014112084173625134
9101,0.00108353035481131
9102,0.001184787709336184
9103,0.001071881895317246
9104,0.0012899762070586777
9105,0.0011600468065427376
9106,0.0011942941632166607
9107,0.001344022678309817
9108,0.001391515937757091
9109,0.0013078712702076411
9110,0.0012394690638264294
9111,0.0013403159864080895
9112,0.0013102205374618356
9113,0.0015507694720677994
9114,0.0010725715102739906
9115,0.0012187328517310142
9116,0.001049790706423878
9117,0.0014580822650980434
9118,0.0012044888889052694
9119,0.0013009145192254903
9120,0.0011369917094009962
9121,0.001333138846804663
9122,0.001264103015860568
9123,0.001250684591999346
9124,0.0012396673455296076
9125,0.001145104223151022
9126,0.0014028368534961316
9127,0.0013263511874479518
9128,0.0011466378775060175
9129,0.001495035235640928
9130,0.0009167506548072718
9131,0.0011158111315496071
9132,0.0012620294469638266
9133,0.001052911392899279
9134,0.0010541102775746777
9135,0.0014030194556395599
9136,0.0014145824841498278
9137,0.00122643402855827
9138,0.0010132863642848067
9139,0.001464452977617992
9140,0.0011368772847043605
9141,0.0011856340327606107
9142,0.001301637758884839
9143,0.0012940481126528687
9144,0.001322797378371372
9145,0.0013631063467935331
9146,0.0011230288939234787
9147,0.0014341039094155625
9148,0.0012567191536082512
9149,0.0011719217448543054
9150,0.001369776870765146
9151,0.001218825858578855
9152,0.0012126751053084242
9153,0.0012373215399382699
9154,0.0010606129983913148
9155,0.0010602294952797011
9156,0.0014423418280771194
9157,0.0013300535333945823
9158,0.0011461514871474576
9159,0.0011759688149080517
9160,0.0011873766464346488
9161,0.0012504184635756118
9162,0.0014314050876442015
9163,0.0015175842676792967
9164,0.0012204200028488477
9165,0.0011328260051750214
9166,0.0013979861557742647
9167,0.001051652865391043
9168,0.0012574989248236546
9169,0.0012392519988905614
9170,0.0012968295900072024
9171,0.0012312923423517393
9172,0.0010792466192160743
9173,0.001374441187569414
9174,0.0013330254803726328
9175,0.0010803928841244376
9176,0.001176004203950053
9177,0.0015350439316880792
9178,0.0012870550110602582
9179,0.0011058000896708446
9180,0.0013423613763820972
9181,0.0011463623448748402
9182,0.0011474450066860627
9183,0.0014413210588605633
9184,0.001132383013142602
9185,0.0014660144434886573
9186,0.0012996965583467847
9187,0.0012219645116198987
9188,0.0010545438324457848
9189,0.0012592260574967027
9190,0.0013082925661840447
9191,0.001498942944525265
9192,0.0015173319431088497
9193,0.0012637790992016964
9194,0.0012200198867889952
9195,0.0014535912675001659
9196,0.001292497954154178
9197,0.001543670619584261
9198,0.0010287790879871988
9199,0.0012067869884935427
9200,0.0013278845146505263
9201,0.0011477332579014946
9202,0.001358112671765708
9203,0.0014302288480992143
9204,0.0011786737870689828
9205,0.001062125922462064
9206,0.0011220347245747546
9207,0.0014620680813087399
9208,0.001256359032269349
9209,0.0012083269718375202
9210,0.0013852490146036914
9211,0.00131460476337732
9212,0.0010778256439904535
9213,0.0013772261959725202
9214,0.0010441714260555968
9215,0.0012503509196682544
9216,0.0012604601449698887
9217,0.0012684525947615538
9218,0.001349975101341776
9219,0.001513173111503776
9220,0.001319262041535662
9221,0.0007590090635848773
9222,0.0011827254756723736
9223,0.0010584366054586034
9224,0.0012405648819089742
9225,0.0012344667728449775
9226,0.0010203749320225413
9227,0.0011923122700906374
9228,0.001206233481825251
9229,0.0013637519377651237
9230,0.0012443809046298084
9231,0.0012180002734593354
9232,0.0014365034676932136
9233,0.0010706098224715092
9234,0.0013490031957522893
9235,0.0013412534105525333
9236,0.001047907112014461
9237,0.0014730985032124732
9238,0.00110633945050196
9239,0.0015537438909612755
9240,0.0010159516660108686
9241,0.0011461727415899936
9242,0.0011960220400466248
9243,0.0012902052130979473
9244,0.0012383475115176046
9245,0.0014868266783965838
9246,0.0014997781081652387
9247,0.0014784932373482955
9248,0.00149368095168323
9249,0.0014376713473829973
9250,0.0010957899009918215
9251,0.0012697795687986908
9252,0.0011915392869385733
9253,0.0011259294424078674
9254,0.0011982255972490473
9255,0.0014805534849684637
9256,0.001431375517417868
9257,0.0012124497354991022
9258,0.000947198911580143
9259,0.001090622593507047
9260,0.0011449322914481703
9261,0.0013979298904846801
9262,0.001231000292525806
9263,0.0015183069809932355
9264,0.0014267225170753928
9265,0.0013008294649282232
9266,0.0013429691332042361
9267,0.001476583536349565
9268,0.0015567815091009597
9269,0.0011518073814498694
9270,0.001221333854066822
9271,0.0010370074940617697
9272,0.0016465339565549977
9273,0.0011478232157417913
9274,0.001271238938337227
9275,0.001456079859469209
9276,0.001149784974464846
9277,0.0011914950626986179
9278,0.0013408626425749199
9279,0.0015909927369622276
9280,0.0011749228967211215
9281,0.0012836964171157466
9282,0.0013296387626096178
9283,0.0013209682485099089
9284,0.0014082093109846134
9285,0.0015557077754731776
9286,0.0017211281238258818
9287,0.0013455318641603844
9288,0.0012858952077881081
9289,0.0015956137059980286
9290,0.0015907797404791288
9291,0.0012133816769529402
9292,0.001240692967273986
9293,0.0011717518059033457
9294,0.0012603133756471268
9295,0.00154703607553852
9296,0.0012572257907265386
9297,0.000990729232487772
9298,0.001034001404262535
9299,0.0013016762704543435
9300,0.0014113343438634865
9301,0.0012463253096152238
9302,0.0012351046134950123
9303,0.0015588330311832946
9304,0.001294125703306726
9305,0.0013989913676203892
9306,0.0012279446134576095
9307,0.0013030738408748386
9308,0.0009665307208862599
9309,0.0013867401377658296
9310,0.0012819404058834751
9311,0.0011978274646883222
9312,0.0013012850254483482
9313,0.0009545468798937125
9314,0.0011812710822419676
9315,0.001288796079141983
9316,0.0012468810493765682
9317,0.001090870320912446
9318,0.0013514060747301456
9319,0.0012512713253186418
9320,0.0010692695073657617
9321,0.00126664878001753
9322,0.0013232414379050188
9323,0.0010820406818921153
9324,0.0013240366090783782
9325,0.0014899189321354411
9326,0.0011497169450660376
9327,0.0013601647808046155
9328,0.0014632362567958215
9329,0.0012516577113968646
9330,0.0011619562603422456
9331,0.0011457287920484634
9332,0.0011022398707460509
9333,0.0014155331220562413
9334,0.0013808964014422474
9335,0.0014343415836677509
9336,0.0015581171078516453
9337,0.001327691994669895
9338,0.0013094494435010606
9339,0.0011795270398861398
9340,0.001070156272443309
9341,0.0016274356027464853
9342,0.0010311524769352864
9343,0.0012170408202630655
9344,0.0016533148684102549
9345,0.0011530486733477402
9346,0.001081933413838905
9347,0.0013246035546854986
9348,0.0011226162306703193
9349,0.0012648269441151612
9350,0.0012043698417634606
9351,0.0010132180440675384
9352,0.0010440143882982165
9353,0.001252503053999719
9354,0.001460562286426316
9355,0.0011484552860161743
9356,0.0012328061089711298
9357,0.0012225481966715293
9358,0.001319965152442969
9359,0.0014015341919055948
9360,0.001195935405548914
9361,0.0011591823388210178
9362,0.0012231593721368681
9363,0.0013750191843752582
9364,0.0011516141430892234
9365,0.0013066255595794072
9366,0.0014147953331729098
9367,0.0013935060111971665
9368,0.0011024691195552273
9369,0.001328207484902383
9370,0.001406918395637947
9371,0.0013132949740096674
9372,0.0013663087231375933
9373,0.0010942561938921493
9374,0.0011915758401173145
9375,0.0012833530743532387
9376,0.0013361615772767273
9377,0.0014108735248985688
9378,0.001246227695397491
9379,0.0012616861593286693
9380,0.001110818347110657
9381,0.0013165819936600523
9382,0.0014793650379330363
9383,0.001315660789197612
9384,0.00142736548116003
9385,0.001016740933022398
9386,0.0016692589709460196
9387,0.0013958545929929663
9388,0.001134449557371508
9389,0.0013516687469388574
9390,0.0012543354202685835
9391,0.0016148844689692922
9392,0.0014567787008029367
9393,0.0011524248454478517
9394,0.0014245764468626715
9395,0.0011766766942736082
9396,0.0015437532646032407
9397,0.001187867609894381
9398,0.0011604601700415903
9399,0.0012037038734232996
9400,0.0011597055398121514
9401,0.0013587997114968052
9402,0.001297528808797086
9403,0.001306819664018684
9404,0.0012924817220788917
9405,0.0012218043296615688
9406,0.001195844620778519
9407,0.0011567016559161508
9408,0.0013543741450124254
9409,0.0011905247065152006
9410,0.0013175585694128417
9411,0.0011096557376182002
9412,0.0013445007344850897
9413,0.0012182721886039984
9414,0.0012739416006785455
9415,0.0013897382593643496
9416,0.001377249833170592
9417,0.001340345477564991
9418,0.0011523176195462838
9419,0.0013339934347669155
9420,0.0011390016259137691
9421,0.0011879641773998072
9422,0.0013542978176751047
9423,0.0014157975554172945
9424,0.0011641739397389825
9425,0.0012844706402685556
9426,0.0012052926806355383
9427,0.0011086187656764385
9428,0.0011167030651781625
9429,0.001176512651963092
9430,0.0013555256709648024
9431,0.0012851020971780692
9432,0.0013964910023159223
9433,0.001505071578862668
9434,0.0013874985029007365
9435,0.0012602331156907742
9436,0.001073174457023364
9437,0.0010090488555658068
9438,0.0010911436577015104
9439,0.001343386104642918
9440,0.001229659340499076
9441,0.001395118886474611
9442,0.0013458283199056455
9443,0.0011034695265909025
9444,0.0010485203828960313
9445,0.0011652762713917865
9446,0.001554187853179803
9447,0.001265526883192157
9448,0.0010833629749516837
9449,0.0012747685000079442
9450,0.0013068202162122003
9451,0.0012983029539663676
9452,0.0012944953261208255
9453,0.0012371349014352773
9454,0.0013483987304757517
9455,0.0012427981187815534
9456,0.0013389373312440284
9457,0.001143766087726747
9458,0.0012133884274721112
9459,0.001175315817922523
9460,0.0013015767222846774
9461,0.0012146106266952995
9462,0.001248056113107853
9463,0.0014495872417400741
9464,0.0011094597458495815
9465,0.0013336655147697012
9466,0.0014508197355178672
9467,0.0013912271022095818
9468,0.001352679776637531
9469,0.0013206389602067067
9470,0.001311935464932997
9471,0.0015305257475055685
9472,0.0014061347566618279
9473,0.0012542785702114206
9474,0.0012078009231674628
9475,0.0010224895239197972
9476,0.001323520277267808
9477,0.0011170041568550613
9478,0.0012086443773525967
9479,0.00120092298298563
9480,0.0014682120509744835
9481,0.001234232225354121
9482,0.001336370231820699
9483,0.001342901703527793
9484,0.00113531919765306
9485,0.0014771932290137276
9486,0.0013141082560076736
9487,0.001114834435142633
9488,0.0013109347640012556
9489,0.0012161407567278625
9490,0.0010955113163189348
9491,0.0012528788840614506
9492,0.0014105723020498915
9493,0.0014033331241490045
9494,0.0011937590518591428
9495,0.0016552510827583136
9496,0.0013277947614825593
9497,0.0013050673779023368
9498,0.0009735580654802747
9499,0.0013858976684545709
9500,0.0014579962101992905
9501,0.0011655317995784857
9502,0.0013980981296560886
9503,0.0011751811196426079
9504,0.0014894769397806953
9505,0.0010844258451366035
9506,0.0013698150997961485
9507,0.00125563392021851
9508,0.001188459124562676
9509,0.0013411006862584535
9510,0.0012424000833285542
9511,0.0011694766462546494
9512,0.001497309685935659
9513,0.001487937405103396
9514,0.001239191251100097
9515,0.0011101952932502624
9516,0.001305659614601215
9517,0.0010332425768007668
9518,0.0012433739086647726
9519,0.001399876396990934
9520,0.0013861998034489934
9521,0.0012920397392616422
9522,0.0013075218306004771
9523,0.0013573493289685656
9524,0.0011537865080825406
9525,0.0012136851379357255
9526,0.0010328112979484274
9527,0.0013246758550782096
9528,0.0013401448406855573
9529,0.0010116163614491214
9530,0.0011279927558442628
9531,0.0012687126785670521
9532,0.0012243371695172202
9533,0.0010701581330898587
9534,0.001340918374083634
9535,0.0012366193898577635
9536,0.0014142793759693378
9537,0.0014169797946223118
9538,0.001066719700260599
9539,0.0013766826371483828
9540,0.0012534241818588324
9541,0.0013145611875022614
9542,0.0013911509346835407
9543,0.0009542080980733476
9544,0.001105292043300769
9545,0.0013169399878816762
9546,0.0011056733635776692
9547,0.001190998430946327
9548,0.0011722981003277964
9549,0.00111598130637522
9550,0.001260927022548557
9551,0.001070585165558978
9552,0.001438018827167963
9553,0.0011560558220209951
9554,0.0011916822701076944
9555,0.0014022297341269676
9556,0.0013736726906511062
9557,0.0014777748879491008
9558,0.0011987851335196185
9559,0.0011101210095756171
9560,0.0014280436269078504
9561,0.0016753431876082626
9562,0.0014215984268337973
9563,0.0015922378847691712
9564,0.0015967687543313495
9565,0.0011054388823579654
9566,0.0013619763760443573
9567,0.0010697331203114882
9568,0.0015218736481298677
9569,0.001241007561366921
9570,0.0013084059658602775
9571,0.0013799537493409543
9572,0.0014747547482243713
9573,0.0014659714006080426
9574,0.0012126921663735345
9575,0.001138785062907034
9576,0.001401806314512134
9577,0.001397828237906653
9578,0.0011414818147620724
9579,0.0011383669849813628
9580,0.0014046207533875985
9581,0.0013786067747814238
9582,0.0011673098880167995
9583,0.0009683158139507293
9584,0.0012764217384111688
9585,0.0011766975405291499
9586,0.0011203434025209697
9587,0.0012084794420988935
9588,0.0013328687900099774
9589,0.0010286376784094376
9590,0.0011318924674803325
9591,0.0009043650489520894
9592,0.001234839952763972
9593,0.0013623256299230616
9594,0.0012057134611175833
9595,0.0011562793229021224
9596,0.0012628151617762673
9597,0.0012793682968903744
9598,0.0013673779662828358
9599,0.0011068005438764207
9600,0.0014062561793968845
9601,0.0010883660943033164
9602,0.0010836286948513905
9603,0.0009769833371617107
9604,0.0011768431055848877
9605,0.0013604125161350942
9606,0.0014015343640542816
9607,0.0014567614533607344
9608,0.0010704899109387253
9609,0.0012105910793592716
9610,0.0012316424117920835
9611,0.0011605330358723297
9612,0.0014318726651369605
9613,0.0010365810209942968
9614,0.0012944749829054806
9615,0.0011625643491432302
9616,0.0013686276252697135
9617,0.0012863012066673097
9618,0.0014634765410730577
9619,0.0014343361463817403
9620,0.0013031263874397911
9621,0.0015020612823796655
9622,0.0013113594588292292
9623,0.0014398370965925426
9624,0.0012458675238667667
9625,0.0012277619471300417
9626,0.001314288091473785
9627,0.0013878469117977984
9628,0.0013830698589743188
9629,0.0013690988096723732
9630,0.0013075580393584107
9631,0.001297659613986399
9632,0.0013674037363599846
9633,0.0012083448407522006
9634,0.00127784514513005
9635,0.001060619904366863
9636,0.0011858037680513034
9637,0.001254428639909426
9638,0.0014066411003838966
9639,0.001107585226579014
9640,0.001316348861346521
9641,0.0010538218129143703
9642,0.0013379307237965138
9643,0.001260304358964014
9644,0.001326325477276216
9645,0.0013001025020565236
9646,0.0013755000067232014
9647,0.0011825870600410268
9648,0.0011945349838263831
9649,0.001092279581950255
9650,0.001390626299203665
9651,0.0012277115240277954
9652,0.001294847437430495
9653,0.0010269075212263955
9654,0.0014118201373559355
9655,0.0012214488445539697
9656,0.0013876846570947318
9657,0.001361361170912648
9658,0.0015498887237199177
9659,0.0012471350889698217
9660,0.0012286277699542522
9661,0.0013483241883605183
9662,0.0010751344362622088
9663,0.0013865411988509093
9664,0.0015760973893887821
9665,0.0012366394321389924
9666,0.0014192326124274777
9667,0.0013480666048029364
9668,0.001248420363950192
9669,0.001333006109042265
9670,0.0012033097516774153
9671,0.0012886281374176478
9672,0.0011611853075653687
9673,0.0012735406981167728
9674,0.0009044732788606217
9675,0.0009841017292057264
9676,0.0014035877797486506
9677,0.0012582141068006123
9678,0.0011792429984934121
9679,0.0009745381833578821
9680,0.0013161044065680863
9681,0.0012901905609532874
9682,0.0012949260560313647
9683,0.0012088399836957674
9684,0.0014573482384131196
9685,0.0013250414427714078
9686,0.0011752000087541302
9687,0.0013839814135566061
9688,0.0011635778136756
9689,0.0011607928767994838
9690,0.0013389761979608378
9691,0.0012014477828866431
9692,0.001427138211578052
9693,0.00131159123005208
9694,0.0010036119271633504
9695,0.0011088528468493602
9696,0.0011588776613719002
9697,0.0012036639141442139
9698,0.0011548557574016269
9699,0.0014221657731933479
9700,0.0011875577434986586
9701,0.0012930314118083349
9702,0.0014534519588636466
9703,0.0012699060101245975
9704,0.0014210622291962263
9705,0.0014504347741416074
9706,0.0011917827757107976
9707,0.0013802530321965114
9708,0.0012341280853303525
9709,0.0010709026370867277
9710,0.0011519387154418702
9711,0.0011666754458398447
9712,0.0014051311580163901
9713,0.0015276627025262212
9714,0.001315317485366011
9715,0.0011125792288096763
9716,0.001197068225346193
9717,0.0012539324744869147
9718,0.0010292167950051358
9719,0.0011850047167734957
9720,0.0011740075857147234
9721,0.0012284608054330657
9722,0.0013668610644691972
9723,0.0013551816707605174
9724,0.0013868774222113452
9725,0.0012331139775425617
9726,0.0011784163544370995
9727,0.0014442189952077467
9728,0.0013005577057417371
9729,0.0013950603642580116
9730,0.0011071926110714349
9731,0.0014085138499040503
9732,0.0012399814861585254
9733,0.0013261557217227366
9734,0.0012968020613665912
9735,0.0015382677354662008
9736,0.0012140381056919686
9737,0.0012867638342237123
9738,0.001317094847160089
9739,0.0014391684660690924
9740,0.0012627059535176412
9741,0.0012759305658082655
9742,0.0011160394164910334
9743,0.0014597174948381027
9744,0.001243198361914674
9745,0.00146595522442888
9746,0.0013365352183663558
9747,0.0011296055573486539
9748,0.0011920981980363251
9749,0.0015518392105710176
9750,0.001255841426557648
9751,0.0012014382441041394
9752,0.0014217702379339565
9753,0.001057124438584173
9754,0.001670544241539463
9755,0.0011976653062584796
9756,0.00142788817390304
9757,0.0010590184923016438
9758,0.0013305951831069196
9759,0.001169991161737928
9760,0.0012321905983918807
9761,0.001243230330018673
9762,0.0011033251914813898
9763,0.0014945026915832908
9764,0.0011523208533675226
9765,0.0014761095862449488
9766,0.0014239251499896517
9767,0.0014137792491210346
9768,0.0013934770285376947
9769,0.0010457527049536279
9770,0.0011756534212328993
9771,0.0011418262184949466
9772,0.0014667405364281053
9773,0.0014730807220236974
9774,0.0009133763480282183
9775,0.0012744301718868813
9776,0.0015596276712708786
9777,0.0012666599402775221
9778,0.0013314087540328926
9779,0.0014346498786419453
9780,0.0011869628298128297
9781,0.0012030215984039998
9782,0.001290333831373101
9783,0.0011208601445685373
9784,0.001112423602372814
9785,0.0014154497908597087
9786,0.0012196541392542292
9787,0.0016381466323445667
9788,0.001330107965432044
9789,0.0015676590176930147
9790,0.0014906120325708073
9791,0.0011960350065144541
9792,0.0011615762440265593
9793,0.0013517261082074546
9794,0.0012691861525366422
9795,0.0014162415359658639
9796,0.0013369476569796133
9797,0.0013138669846100653
9798,0.0012905120296419145
9799,0.0012503389343341182
9800,0.0014683162532601233
9801,0.0016012983322503246
9802,0.0013395733532089284
9803,0.0011643477145489593
9804,0.001421984166410019
9805,0.0015459339458655378
9806,0.0012629925771625832
9807,0.001284607877887112
9808,0.0012036210523689245
9809,0.0013009823836140231
9810,0.0013021492844384995
9811,0.0012589277650028596
9812,0.0010916502814525117
9813,0.0013643552272604707
9814,0.0009632877783761315
9815,0.0015175041938695268
9816,0.0015131584712791265
9817,0.0012959223187850083
9818,0.0011535054113781986
9819,0.0011015483534754364
9820,0.0012855455011467499
9821,0.0009672079995377797
9822,0.0011071305376361108
9823,0.0013179191031159586
9824,0.0013991691487993793
9825,0.0011907119784850082
9826,0.0014985969842172702
9827,0.00120379904159123
9828,0.0012316382503080468
9829,0.000978310922239418
9830,0.0014010701374868241
9831,0.0011830818325903798
9832,0.0013588735868315213
9833,0.0015106712083958708
9834,0.0012382307115015756
9835,0.001338428940453932
9836,0.0013153823514458155
9837,0.000910211642468155
9838,0.0014506249646588035
9839,0.001446278953664682
9840,0.0013324166883867793
9841,0.0011331124238064187
9842,0.001580615608946362
9843,0.0014455462698757572
9844,0.0011089600592226784
9845,0.0011392576504333017
9846,0.0011822150173704897
9847,0.0014031710388243764
9848,0.0011258249115941334
9849,0.0012267226710115072
9850,0.0010873465749214957
9851,0.001329031857416723
9852,0.0012702315335127892
9853,0.0011445556426198356
9854,0.0011846834360310736
9855,0.0013921973279724092
9856,0.0014868956303349574
9857,0.0014824046670845507
9858,0.0013432424933893185
9859,0.0010684699242439306
9860,0.0012727024552216181
9861,0.0013225290504372536
9862,0.0011473742014839771
9863,0.0012852536688237764
9864,0.0011868586472999325
9865,0.001333152777314007
9866,0.0011613726436002848
9867,0.001389994802299083
9868,0.001219175312500769
9869,0.0012709706218779744
9870,0.001269020343143741
9871,0.001269843711674144
9872,0.0013996027354079535
9873,0.0011593280877096343
9874,0.001224782953455303
9875,0.0012708546474269583
9876,0.001306191162401764
9877,0.0010604690510270171
9878,0.0013351589570734501
9879,0.0012374527370095877
9880,0.0013676051830977536
9881,0.0014569978574246584
9882,0.0011453773546125593
9883,0.0014711823488286117
9884,0.0012812643848203414
9885,0.001264253178646917
9886,0.001440180589477789
9887,0.0014453238475595714
9888,0.0013366062625142614
9889,0.0015255792513084654
9890,0.001322485192749961
9891,0.0013063379305971279
9892,0.001048418537632244
9893,0.0011232244537752371
9894,0.0014125928774879528
9895,0.0014702678934872704
9896,0.0010938563624188077
9897,0.001366814763116058
9898,0.0013344416902261098
9899,0.0010667506348697078
9900,0.0012528715858050536
9901,0.0012458955961164603
9902,0.0012882192529344717
9903,0.0010387439234322178
9904,0.0012525816847608051
9905,0.0013777802395861158
9906,0.0012547556663423983
9907,0.00142967510937506
9908,0.0014211243276743407
9909,0.0014844884755696932
9910,0.001368131190854556
9911,0.0012295977793505622
9912,0.0013317718701504931
9913,0.0011672731377734649
9914,0.001024561791177921
9915,0.001807547874699951
9916,0.0012517076780543448
9917,0.001309066206588117
9918,0.0014431209752441857
9919,0.0012906803315815183
9920,0.001218306245624219
9921,0.0012635078027738516
9922,0.0015897950940978757
9923,0.001204655345970465
9924,0.0011136996150723814
9925,0.0012792750037617245
9926,0.0014895602742161964
9927,0.0012576928234941187
9928,0.0012298594177904115
9929,0.0015393067769301405
9930,0.0012878567590949837
9931,0.0014278259818476101
9932,0.001581090380015286
9933,0.0011299208537178418
9934,0.0010768612023515382
9935,0.0014052996334386458
9936,0.00123578642070808
9937,0.0012751472928083727
9938,0.0013673665442281333
9939,0.0012500346759685365
9940,0.001208552728181949
9941,0.0012269410283596665
9942,0.0011375229509455903
9943,0.0011446764363183184
9944,0.0009812019640213427
9945,0.0014118279443610094
9946,0.0011744684904568242
9947,0.0013164545100679554
9948,0.0012765393384628375
9949,0.0010164739219576551
9950,0.001107088026924818
9951,0.001188638049940815
9952,0.0013768705994991301
9953,0.0011228337617926027
9954,0.0012454971409295672
9955,0.0011836896947411547
9956,0.001348819971335073
9957,0.0012852446275507462
9958,0.0012666818683621454
9959,0.001406812587495511
9960,0.0014880656202746246
9961,0.0010386869421099346
9962,0.0013122766198925854
9963,0.001012057272268779
9964,0.001383353021272138
9965,0.0013497031973973613
9966,0.0012147673052106327
9967,0.0011817273854307791
9968,0.00134219156363072
9969,0.001276304079760311
9970,0.0013039848551896856
9971,0.001211048984650476
9972,0.001285828279588225
9973,0.0010819323445419994
9974,0.0012189930105896995
9975,0.0013581498067249966
9976,0.0012451934158277931
9977,0.0013947597588191154
9978,0.0012077530154674665
9979,0.0011727786156836742
9980,0.0013940463001329132
9981,0.0011806399551440455
9982,0.0011609101469822866
9983,0.001015605372447048
9984,0.0012445217893898523
9985,0.001377048099886615
9986,0.001385439798371398
9987,0.0011390968918637344
9988,0.001168162477853993
9989,0.0013950040581279075
9990,0.0015812406739878992
9991,0.0012102215819799569
9992,0.0012922500602927077
9993,0.0013078674903459844
9994,0.0011185149435885824
9995,0.0010937014065105684
9996,0.0013287358040853777
9997,0.0010027219913338258
9998,0.0013738955355109025
9999,0.0012395467168885693
