suite,eta,kappa_index,kappa,snapshot,bins,batch_count,hx_bits_mean,hx_bits_batch_sd,hy_bits_mean,hy_bits_batch_sd,hxy_bits_mean,hxy_bits_batch_sd,hcond_bits_mean,hcond_bits_batch_sd,mi_bits_mean,mi_bits_batch_sd,mismatch_probability_mean,mismatch_probability_batch_sd,fano_bound_bits_mean,fano_bound_bits_batch_sd,sync_fraction_mean,sync_fraction_batch_sd,median_logd_mean,median_logd_batch_sd,invalid_count_mean,invalid_count_batch_sd,valid_count_mean,valid_count_batch_sd,shuffle_mi_bits_mean,shuffle_mi_bits_batch_sd,ever_entered_fraction_mean,ever_entered_fraction_batch_sd,reexit_fraction_mean,reexit_fraction_batch_sd,mean_exit_count_mean,mean_exit_count_batch_sd
main,1e-06,0,0.0,0,8,4,2.999477666909165,0.0002356470483412338,2.999477666909165,0.0002356470483412338,5.9940211198096724,0.0007733367465883726,2.9945434529005075,0.0007601843872510873,0.0049342140086579,0.0008177835559612366,0.8729248046875,0.0071498893000073805,2.9997235229857933,0.0003622571885006432,0.0,0.0,-0.41371581344517555,0.007406086252428738,0.0,0.0,4096.0,0.0,0.00540472205048137,0.0004024059394628557,0.0,0.0,0.0,0.0,0.0,0.0
main,1e-06,0,0.0,0,16,4,3.9987633282797246,0.000491872116592795,3.9987633282797246,0.000491872116592795,7.9752272600781104,0.003084649051044608,3.9764639317983863,0.0033902293357498535,0.022299396481338052,0.0037357899416335413,0.93804931640625,0.001863322451473846,3.999963752292774,6.0439837363770617e-05,0.0,0.0,-0.41371581344517555,0.007406086252428738,0.0,0.0,4096.0,0.0,0.02132001335452771,0.003719675884325616,0.0,0.0,0.0,0.0,0.0,0.0
main,1e-06,0,0.0,0,32,4,4.9973142105830375,0.0004627479287891864,4.9973142105830375,0.0004627479287891864,9.901786889510063,0.002188722080764019,4.904472678927027,0.0021949443559454032,0.09284153165601117,0.002296372878207402,0.96844482421875,0.0020559578607844695,4.999922996142708,6.896749670333766e-05,0.0,0.0,-0.41371581344517555,0.007406086252428738,0.0,0.0,4096.0,0.0,0.09078472189330888,0.0073769508466752735,0.0,0.0,0.0,0.0,0.0,0.0
main,1e-06,0,0.0,100,8,4,2.9991943102486287,0.000722157685231374,2.9991943102486287,0.000722157685231374,5.9937144672354385,0.002054330049256247,2.994520156986809,0.001513834161493354,0.004674153261819969,0.0011858074170829217,0.880126953125,0.002137683192800081,2.9998010724741917,0.000164453579788631,0.0,0.0,-0.3994555734694565,0.02843199973561491,0.0,0.0,4096.0,0.0,0.004429202605292781,0.0006950277514416906,0.00048828125,0.00019933998557805811,0.00048828125,0.00019933998557805811,0.00048828125,0.00019933998557805811
main,1e-06,0,0.0,100,16,4,3.998401855487691,0.000750831573295287,3.998401855487691,0.000750831573295287,7.975798763025807,0.0043602328093009166,3.9773969075381164,0.00389371889186217,0.02100494794957375,0.0035267491503222508,0.94061279296875,0.0006723108578230105,3.9998744365714485,5.381812458262763e-05,0.0,0.0,-0.3994555734694565,0.02843199973561491,0.0,0.0,4096.0,0.0,0.023340668397029196,0.0016403262949362875,0.00048828125,0.00019933998557805811,0.00048828125,0.00019933998557805811,0.00048828125,0.00019933998557805811
main,1e-06,0,0.0,100,32,4,4.996528315014835,0.0011934169205640923,4.996528315014835,0.0011934169205640923,9.907699169657594,0.004769182880140666,4.9111708546427595,0.005696156880722693,0.08535746037207614,0.006707890053359514,0.97003173828125,0.0023364057975188137,4.999859155863252,0.00016154037069348418,0.0,0.0,-0.3994555734694565,0.02843199973561491,0.0,0.0,4096.0,0.0,0.08548209846376675,0.0031129566146322956,0.00048828125,0.00019933998557805811,0.00048828125,0.00019933998557805811,0.00048828125,0.00019933998557805811
main,1e-06,0,0.0,1000,8,4,2.9993414162386847,0.0001481858972077778,2.9993414162386847,0.0001481858972077778,5.993766025469451,0.0015852258968533852,2.9944246092307663,0.0015207175158763338,0.004916807007918633,0.0014683802308646436,0.87548828125,0.004584819668295337,2.9998945605228684,9.351442565054012e-05,0.0,0.0,-0.43418736514860523,0.0236896500111933,0.0,0.0,4096.0,0.0,0.0047422462932082965,0.0003691556636706731,0.00360107421875,0.00023374685247957473,0.00360107421875,0.00023374685247957473,0.00360107421875,0.00023374685247957473
main,1e-06,0,0.0,1000,16,4,3.998888437532175,0.000286011280859947,3.998888437532175,0.000286011280859947,7.976257165357228,0.004796961657301828,3.9773687278250525,0.004784980895837169,0.02151970970712247,0.0047900780902807565,0.93524169921875,0.0027648319465102844,3.999869205377576,0.00012947522926791795,0.0,0.0,-0.43418736514860523,0.0236896500111933,0.0,0.0,4096.0,0.0,0.02387985371525958,0.0007639052583977748,0.00360107421875,0.00023374685247957473,0.00360107421875,0.00023374685247957473,0.00360107421875,0.00023374685247957473
main,1e-06,0,0.0,1000,32,4,4.997570721592499,0.00037352730680296993,4.997570721592499,0.00037352730680296993,9.903967588945205,0.010774097007617266,4.906396867352706,0.010688999304382324,0.0911738542397944,0.010616369022715783,0.967041015625,0.0029364613529734235,4.999787927404658,0.0003750428748129777,0.0,0.0,-0.43418736514860523,0.0236896500111933,0.0,0.0,4096.0,0.0,0.09029941763588933,0.0037292769166269966,0.00360107421875,0.00023374685247957473,0.00360107421875,0.00023374685247957473,0.00360107421875,0.00023374685247957473
main,1e-06,0,0.0,7500,8,4,2.99910637840286,0.000745979144048908,2.99910637840286,0.000745979144048908,5.993375073230781,0.002117658544514683,2.994268694827921,0.00138860118740064,0.0048376835749393,0.0006963609486873693,0.87225341796875,0.005600619993630108,2.9997980780821374,0.00020138584766843062,0.0,0.0,-0.4046448777433582,0.01512956631450194,0.0,0.0,4096.0,0.0,0.00466255564866791,0.000767324197854542,0.02581787109375,0.0022141549251973943,0.02581787109375,0.0022141549251973943,0.02606201171875,0.0020751953125
main,1e-06,0,0.0,7500,16,4,3.998283288642048,0.0006573979987676281,3.998283288642048,0.0006573979987676281,7.975445129462473,0.004150743004021766,3.9771618408204255,0.0035502580970053505,0.021121447821622397,0.002973943826442563,0.93408203125,0.00520578958063785,3.99961928497018,0.00045916893730776643,0.0,0.0,-0.4046448777433582,0.01512956631450194,0.0,0.0,4096.0,0.0,0.021368484766070894,0.0029225413392455434,0.02581787109375,0.0022141549251973943,0.02581787109375,0.0022141549251973943,0.02606201171875,0.0020751953125
main,1e-06,0,0.0,7500,32,4,4.996558452920396,0.0007984586294138701,4.996558452920396,0.0007984586294138701,9.903271256043958,0.009012106100474968,4.906712803123561,0.008559435958463603,0.08984564979683451,0.008159957343861074,0.96502685546875,0.002065598982177255,4.999613013765619,0.0003326831436969214,0.0,0.0,-0.4046448777433582,0.01512956631450194,0.0,0.0,4096.0,0.0,0.08975775314242052,0.004024496169967799,0.02581787109375,0.0022141549251973943,0.02581787109375,0.0022141549251973943,0.02606201171875,0.0020751953125
main,1e-06,0,0.0,30000,8,4,2.9993914008789444,0.0001906180903806534,2.9993914008789444,0.0001906180903806534,5.993765843633827,0.0010522523663906904,2.994374442754882,0.0008898789005769303,0.005016958124062221,0.0007410832514434116,0.873291015625,0.004788310769321501,2.9998685192952546,0.00011635959815216613,0.0,0.0,-0.4468194424151487,0.019711805800653716,0.0,0.0,4096.0,0.0,0.0037969289765376057,0.0009407703268627662,0.1024169921875,0.0023628305893486287,0.1024169921875,0.0023628305893486287,0.1072998046875,0.0033206715109217392
main,1e-06,0,0.0,30000,16,4,3.9988198882993666,0.0003186793099979737,3.9988198882993666,0.0003186793099979737,7.976835587291122,0.002077618642047464,3.9780156989917557,0.001898682379809884,0.020804189307610743,0.0017597168358174761,0.93536376953125,0.0035568364951986,3.9998306560173718,0.0001873589606907984,0.0,0.0,-0.4468194424151487,0.019711805800653716,0.0,0.0,4096.0,0.0,0.02402858956746856,0.002370175743712511,0.1024169921875,0.0023628305893486287,0.1024169921875,0.0023628305893486287,0.1072998046875,0.0033206715109217392
main,1e-06,0,0.0,30000,32,4,4.997712689944712,0.00038861147398627175,4.997712689944712,0.00038861147398627175,9.907926114230861,0.0022912218905724825,4.91021342428615,0.002429774811643437,0.08749926565856248,0.002619150868923519,0.96881103515625,0.0021318663570035375,4.999919655005339,8.433816221456572e-05,0.0,0.0,-0.4468194424151487,0.019711805800653716,0.0,0.0,4096.0,0.0,0.08581398680775187,0.007135166283701457,0.1024169921875,0.0023628305893486287,0.1024169921875,0.0023628305893486287,0.1072998046875,0.0033206715109217392
main,1e-06,1,0.3285318486896931,0,8,4,2.999477666909165,0.0002356470483412338,2.999477666909165,0.0002356470483412338,5.9940211198096724,0.0007733367465883726,2.9945434529005075,0.0007601843872510873,0.0049342140086579,0.0008177835559612366,0.8729248046875,0.0071498893000073805,2.9997235229857933,0.0003622571885006432,0.0,0.0,-0.41371581344517555,0.007406086252428738,0.0,0.0,4096.0,0.0,0.006208386153302881,0.0011668838784246952,0.0,0.0,0.0,0.0,0.0,0.0
main,1e-06,1,0.3285318486896931,0,16,4,3.9987633282797246,0.000491872116592795,3.9987633282797246,0.000491872116592795,7.9752272600781104,0.003084649051044608,3.9764639317983863,0.0033902293357498535,0.022299396481338052,0.0037357899416335413,0.93804931640625,0.001863322451473846,3.999963752292774,6.0439837363770617e-05,0.0,0.0,-0.41371581344517555,0.007406086252428738,0.0,0.0,4096.0,0.0,0.022866024311162025,0.004544929188505015,0.0,0.0,0.0,0.0,0.0,0.0
main,1e-06,1,0.3285318486896931,0,32,4,4.9973142105830375,0.0004627479287891864,4.9973142105830375,0.0004627479287891864,9.901786889510063,0.002188722080764019,4.904472678927027,0.0021949443559454032,0.09284153165601117,0.002296372878207402,0.96844482421875,0.0020559578607844695,4.999922996142708,6.896749670333766e-05,0.0,0.0,-0.41371581344517555,0.007406086252428738,0.0,0.0,4096.0,0.0,0.08926593375689817,0.006898741444308337,0.0,0.0,0.0,0.0,0.0,0.0
main,1e-06,1,0.3285318486896931,100,8,4,2.999026620962407,0.0005761388460103193,2.999026620962407,0.0005761388460103193,3.6735071179120355,0.036432822081468835,0.6744804969496283,0.0361071851170698,2.324546124012779,0.03578786080889013,0.1011962890625,0.006702390166628574,0.7566059428654142,0.039727852930340785,0.39337158203125,0.004258487192996194,-8.70459186240231,0.21863936068637593,0.0,0.0,4096.0,0.0,0.00489690881962157,0.0005982582160602362,0.808349609375,0.007983560200801251,0.646240234375,0.007092694846842749,1.19012451171875,0.01724305278368196
main,1e-06,1,0.3285318486896931,100,16,4,3.9969803812927345,0.0006603886896455153,3.9969803812927345,0.0006603886896455153,5.00054466797777,0.0321751078380074,1.0035642866850352,0.0320354260323825,2.9934160946076993,0.031908802926589375,0.15179443359375,0.004814689996655618,1.2072603241468611,0.03064237936898168,0.39337158203125,0.004258487192996194,-8.70459186240231,0.21863936068637593,0.0,0.0,4096.0,0.0,0.02338271997247232,0.0017961946451542624,0.808349609375,0.007983560200801251,0.646240234375,0.007092694846842749,1.19012451171875,0.01724305278368196
main,1e-06,1,0.3285318486896931,100,32,4,4.994669024968409,0.0006060297099218702,4.994669024968409,0.0006060297099218702,6.353139027614927,0.023526554377036542,1.3584700026465186,0.023135013489442992,3.6361990223218896,0.02275287853165786,0.205078125,0.003435363105339426,1.7479267771228155,0.023785348604334487,0.39337158203125,0.004258487192996194,-8.70459186240231,0.21863936068637593,0.0,0.0,4096.0,0.0,0.09108471446101074,0.0035841185295570625,0.808349609375,0.007983560200801251,0.646240234375,0.007092694846842749,1.19012451171875,0.01724305278368196
main,1e-06,1,0.3285318486896931,1000,8,4,2.9987027281331846,0.0009964238459050717,2.9987027281331846,0.0009964238459050717,3.533479194559657,0.02332368381614886,0.5347764664264727,0.023017397906450254,2.4639262617067117,0.022750663879839057,0.07611083984375,0.004498971433002926,0.601839503900985,0.0288248462785834,0.529296875,0.00870730200201514,-12.657366224569378,0.34968753873322483,0.0,0.0,4096.0,0.0,0.0038538974391766345,0.000592666295411766,1.0,0.0,0.99639892578125,0.0010041473534548393,13.49078369140625,0.07469303440460567
main,1e-06,1,0.3285318486896931,1000,16,4,3.9975473733541618,0.001144332146614504,3.9975473733541618,0.001144332146614504,4.796939900588004,0.03529504771002537,0.7993925272338431,0.03490327605661151,3.1981548461203184,0.034544984559826394,0.1153564453125,0.0058881266158560324,0.9663661518476712,0.04023413206914373,0.529296875,0.00870730200201514,-12.657366224569378,0.34968753873322483,0.0,0.0,4096.0,0.0,0.02115041625435654,0.0025924621332839466,1.0,0.0,0.99639892578125,0.0010041473534548393,13.49078369140625,0.07469303440460567
main,1e-06,1,0.3285318486896931,1000,32,4,4.9951182119672755,0.0007552215798117165,4.9951182119672755,0.0007552215798117165,6.070944142761141,0.036817035008439386,1.0758259307938647,0.03645301727933865,3.919292281173411,0.036101130037605456,0.155517578125,0.006511433839810389,1.3937688686250385,0.0479856870507613,0.529296875,0.00870730200201514,-12.657366224569378,0.34968753873322483,0.0,0.0,4096.0,0.0,0.0889289525563206,0.0016586160841830255,1.0,0.0,0.99639892578125,0.0010041473534548393,13.49078369140625,0.07469303440460567
main,1e-06,1,0.3285318486896931,7500,8,4,2.9991366099026333,0.0006595834784377367,2.9991366099026333,0.0006595834784377367,3.5377871359173585,0.027766625817599803,0.538650526014725,0.027239576617005098,2.4604860838879086,0.02671841424903128,0.07666015625,0.00396180385567646,0.6053912038604873,0.025461674474075498,0.52593994140625,0.01169902412876778,-12.458401165771384,0.4665776970726635,0.0,0.0,4096.0,0.0,0.0051240750557082215,0.00019151102667107364,1.0,0.0,1.0,0.0,98.83868408203125,0.29674576573242006
main,1e-06,1,0.3285318486896931,7500,16,4,3.997706094359482,0.0011457605761244403,3.997706094359482,0.0011457605761244403,4.810892381930428,0.027554486621831045,0.8131862875709456,0.026742594252223865,3.1845198067885367,0.025955895212477067,0.11737060546875,0.004135403970207243,0.9802200406324105,0.028190832493897942,0.52593994140625,0.01169902412876778,-12.458401165771384,0.4665776970726635,0.0,0.0,4096.0,0.0,0.020075176011108864,0.0030899996395851864,1.0,0.0,1.0,0.0,98.83868408203125,0.29674576573242006
main,1e-06,1,0.3285318486896931,7500,32,4,4.99498741541277,0.002002137166875977,4.99498741541277,0.002002137166875977,6.086578660546856,0.01965554914671978,1.0915912451340852,0.0182054523786099,3.903396170278685,0.016868713253550837,0.15899658203125,0.0022673554224861706,1.4195831722667995,0.01666602624616126,0.52593994140625,0.01169902412876778,-12.458401165771384,0.4665776970726635,0.0,0.0,4096.0,0.0,0.0856279074158226,0.004663027642233288,1.0,0.0,1.0,0.0,98.83868408203125,0.29674576573242006
main,1e-06,1,0.3285318486896931,30000,8,4,2.9992701592006417,0.00045470808883678744,2.9992701592006417,0.00045470808883678744,3.5324737342337036,0.03419501480209268,0.5332035750330621,0.03445607937323419,2.4660665841675793,0.03472113611513882,0.0750732421875,0.006165054351080296,0.5950338898988393,0.03985498882047424,0.52374267578125,0.009668246178547914,-12.392711659430674,0.2941923533184372,0.0,0.0,4096.0,0.0,0.0047621951531211515,0.0005000556417876339,1.0,0.0,1.0,0.0,393.70904541015625,0.441328660790529
main,1e-06,1,0.3285318486896931,30000,16,4,3.997803392349187,0.000614232225136188,3.997803392349187,0.000614232225136188,4.808009938059748,0.03616744205149733,0.8102065457105615,0.03677713140875634,3.1875968466386255,0.03738696948427672,0.1160888671875,0.0060937421749749435,0.9713639021979195,0.04162950738484281,0.52374267578125,0.009668246178547914,-12.392711659430674,0.2941923533184372,0.0,0.0,4096.0,0.0,0.019578665902465486,0.004449727448774387,1.0,0.0,1.0,0.0,393.70904541015625,0.441328660790529
main,1e-06,1,0.3285318486896931,30000,32,4,4.994823197637914,0.001619236586687376,4.994823197637914,0.001619236586687376,6.076009224244405,0.031637980385243035,1.0811860266064903,0.03153577238981216,3.9136371710314237,0.03151653426115233,0.15496826171875,0.0052186545783968336,1.3897665127578278,0.03849777061494718,0.52374267578125,0.009668246178547914,-12.392711659430674,0.2941923533184372,0.0,0.0,4096.0,0.0,0.0876513777977137,0.004255018084512653,1.0,0.0,1.0,0.0,393.70904541015625,0.441328660790529
main,1e-06,2,0.3385318486896931,0,8,4,2.999477666909165,0.0002356470483412338,2.999477666909165,0.0002356470483412338,5.9940211198096724,0.0007733367465883726,2.9945434529005075,0.0007601843872510873,0.0049342140086579,0.0008177835559612366,0.8729248046875,0.0071498893000073805,2.9997235229857933,0.0003622571885006432,0.0,0.0,-0.41371581344517555,0.007406086252428738,0.0,0.0,4096.0,0.0,0.0040385436452790024,0.000888106452187246,0.0,0.0,0.0,0.0,0.0,0.0
main,1e-06,2,0.3385318486896931,0,16,4,3.9987633282797246,0.000491872116592795,3.9987633282797246,0.000491872116592795,7.9752272600781104,0.003084649051044608,3.9764639317983863,0.0033902293357498535,0.022299396481338052,0.0037357899416335413,0.93804931640625,0.001863322451473846,3.999963752292774,6.0439837363770617e-05,0.0,0.0,-0.41371581344517555,0.007406086252428738,0.0,0.0,4096.0,0.0,0.022270373862154802,0.0024843014333696917,0.0,0.0,0.0,0.0,0.0,0.0
main,1e-06,2,0.3385318486896931,0,32,4,4.9973142105830375,0.0004627479287891864,4.9973142105830375,0.0004627479287891864,9.901786889510063,0.002188722080764019,4.904472678927027,0.0021949443559454032,0.09284153165601117,0.002296372878207402,0.96844482421875,0.0020559578607844695,4.999922996142708,6.896749670333766e-05,0.0,0.0,-0.41371581344517555,0.007406086252428738,0.0,0.0,4096.0,0.0,0.09214191448489073,0.005223182664905489,0.0,0.0,0.0,0.0,0.0,0.0
main,1e-06,2,0.3385318486896931,100,8,4,2.9988688847015945,0.000300944613010305,2.9988688847015945,0.000300944613010305,3.5337227320964493,0.020605542192794618,0.534853847394855,0.02038754629420515,2.464015037306739,0.020171684462579643,0.07672119140625,0.003918311254021861,0.605784594374889,0.02515963936242738,0.49224853515625,0.007757309840046878,-11.27266871106556,0.21946040923098498,0.0,0.0,4096.0,0.0,0.004855812886711108,0.0020192966851389255,0.870849609375,0.004619357404400513,0.66864013671875,0.008830502620315832,1.2994384765625,0.023927857185662847
main,1e-06,2,0.3385318486896931,100,16,4,3.9974753190865906,0.0011444840197060593,3.9974753190865906,0.0011444840197060593,4.797323040028752,0.019647693638018472,0.7998477209421614,0.019045981462530674,3.1976275981444293,0.018495584386318202,0.11602783203125,0.003741941270047609,0.9710684547420442,0.02556653729419271,0.49224853515625,0.007757309840046878,-11.27266871106556,0.21946040923098498,0.0,0.0,4096.0,0.0,0.020870334122074174,0.0025413350699551125,0.870849609375,0.004619357404400513,0.66864013671875,0.008830502620315832,1.2994384765625,0.023927857185662847
main,1e-06,2,0.3385318486896931,100,32,4,4.995608246031051,0.0012972610788411678,4.995608246031051,0.0012972610788411678,6.068803547838561,0.009513815816935008,1.0731953018075093,0.01043860463889612,3.922412944223542,0.011435996451081855,0.15679931640625,0.0019871607172973274,1.4033956604811886,0.014666015130905413,0.49224853515625,0.007757309840046878,-11.27266871106556,0.21946040923098498,0.0,0.0,4096.0,0.0,0.08983871200808302,0.0032587607211497943,0.870849609375,0.004619357404400513,0.66864013671875,0.008830502620315832,1.2994384765625,0.023927857185662847
main,1e-06,2,0.3385318486896931,1000,8,4,2.9990626117901815,0.00022681239529866672,2.9990626117901815,0.00022681239529866672,3.3540038798372973,0.005309450817275901,0.3549412680471157,0.005529789605187986,2.644121343743066,0.00575063178264273,0.046142578125,0.0011960399134683486,0.3993002604075328,0.0085777564908883,0.69927978515625,0.007273519732006676,-22.483157748026212,0.31259421143580124,0.0,0.0,4096.0,0.0,0.0055789121171205824,0.0008368236594195295,1.0,0.0,0.9810791015625,0.0005811709333124064,11.9886474609375,0.0862187493879524
main,1e-06,2,0.3385318486896931,1000,16,4,3.997245869228593,0.0007835987285145427,3.997245869228593,0.0007835987285145427,4.5175092909048224,0.01682621057683286,0.5202634216762295,0.0170718989748571,3.4769824475523636,0.01734952912254943,0.06854248046875,0.003778925704143618,0.6281280595226421,0.028963039892441964,0.69927978515625,0.007273519732006676,-22.483157748026212,0.31259421143580124,0.0,0.0,4096.0,0.0,0.02331167399500078,0.0015120705362019246,1.0,0.0,0.9810791015625,0.0005811709333124064,11.9886474609375,0.0862187493879524
main,1e-06,2,0.3385318486896931,1000,32,4,4.994214934047963,0.0010899710088681529,4.994214934047963,0.0010899710088681529,5.685439735285515,0.014845553926365747,0.6912248012375513,0.014213685891222641,4.302990132810411,0.013639770359078474,0.0919189453125,0.0027513251146446885,0.8981782557727961,0.022715638885112664,0.69927978515625,0.007273519732006676,-22.483157748026212,0.31259421143580124,0.0,0.0,4096.0,0.0,0.0956101898649,0.0018145153335511286,1.0,0.0,0.9810791015625,0.0005811709333124064,11.9886474609375,0.0862187493879524
main,1e-06,2,0.3385318486896931,7500,8,4,2.999277131866617,0.0002598956404719443,2.999277131866617,0.0002598956404719443,3.325070169899007,0.023950985749527746,0.32579303803239024,0.0238544319572325,2.673484093834227,0.02376032872496216,0.04168701171875,0.0038928756638432556,0.36680195774734065,0.028412386613999828,0.72308349609375,0.008212650157962761,-25.502689562578773,0.25564143911066073,0.0,0.0,4096.0,0.0,0.005749419712773429,0.0011734040148228754,1.0,0.0,0.99981689453125,0.00023374685247957473,74.9140625,0.2111095150948588
main,1e-06,2,0.3385318486896931,7500,16,4,3.9980955063462447,0.0006670504648028495,3.9980955063462447,0.0006670504648028495,4.488910477660218,0.03669613062356895,0.4908149713139729,0.036645348313739494,3.507280535032272,0.03660665261907639,0.06439208984375,0.005467787158310909,0.5959431865692065,0.04245491828247968,0.72308349609375,0.008212650157962761,-25.502689562578773,0.25564143911066073,0.0,0.0,4096.0,0.0,0.019003322876587347,0.00208982009148489,1.0,0.0,0.99981689453125,0.00023374685247957473,74.9140625,0.2111095150948588
main,1e-06,2,0.3385318486896931,7500,32,4,4.994078342747373,0.001743834439545522,4.994078342747373,0.001743834439545522,5.6405919898736485,0.039021470770740155,0.6465136471262756,0.038644218387972724,4.347564695621098,0.03834263900187388,0.085693359375,0.005893185869216039,0.8462265895751302,0.04959697892485098,0.72308349609375,0.008212650157962761,-25.502689562578773,0.25564143911066073,0.0,0.0,4096.0,0.0,0.08946409421488166,0.005146727644200827,1.0,0.0,0.99981689453125,0.00023374685247957473,74.9140625,0.2111095150948588
main,1e-06,2,0.3385318486896931,30000,8,4,2.9990626539042644,0.00047139160524410406,2.9990626539042644,0.00047139160524410406,3.3100212237534103,0.016232975277338035,0.3109585698491457,0.015769307413538765,2.6881040840551194,0.015306111404981303,0.038818359375,0.002637020140953719,0.3457248127656628,0.01956159219321369,0.72607421875,0.00657217614243814,-25.990707625843875,0.9424573045171679,0.0,0.0,4096.0,0.0,0.005308481823001587,0.001481680123952366,1.0,0.0,1.0,0.0,288.49224853515625,1.109802492812305
main,1e-06,2,0.3385318486896931,30000,16,4,3.997734604065963,0.0008759637929153368,3.997734604065963,0.0008759637929153368,4.479667931718274,0.020474415928917616,0.48193332765231156,0.019859616899029698,3.5158012764136513,0.01926503787318192,0.06219482421875,0.0032042003780289765,0.5789894006430055,0.02509074972533659,0.72607421875,0.00657217614243814,-25.990707625843875,0.9424573045171679,0.0,0.0,4096.0,0.0,0.02063475898282041,0.0025598296973936693,1.0,0.0,1.0,0.0,288.49224853515625,1.109802492812305
main,1e-06,2,0.3385318486896931,30000,32,4,4.9944307647226704,0.0021301155146715026,4.9944307647226704,0.0021301155146715026,5.626420238327252,0.008567447689224898,0.6319894736045817,0.009210497182388382,4.362441291118088,0.010263534527522771,0.0828857421875,0.0009455525747576702,0.8228924040415596,0.00796943028142267,0.72607421875,0.00657217614243814,-25.990707625843875,0.9424573045171679,0.0,0.0,4096.0,0.0,0.09066952849495413,0.005355659146058147,1.0,0.0,1.0,0.0,288.49224853515625,1.109802492812305
main,1e-06,3,0.3465318486896931,0,8,4,2.999477666909165,0.0002356470483412338,2.999477666909165,0.0002356470483412338,5.9940211198096724,0.0007733367465883726,2.9945434529005075,0.0007601843872510873,0.0049342140086579,0.0008177835559612366,0.8729248046875,0.0071498893000073805,2.9997235229857933,0.0003622571885006432,0.0,0.0,-0.41371581344517555,0.007406086252428738,0.0,0.0,4096.0,0.0,0.004209660186323738,0.0013783048297691981,0.0,0.0,0.0,0.0,0.0,0.0
main,1e-06,3,0.3465318486896931,0,16,4,3.9987633282797246,0.000491872116592795,3.9987633282797246,0.000491872116592795,7.9752272600781104,0.003084649051044608,3.9764639317983863,0.0033902293357498535,0.022299396481338052,0.0037357899416335413,0.93804931640625,0.001863322451473846,3.999963752292774,6.0439837363770617e-05,0.0,0.0,-0.41371581344517555,0.007406086252428738,0.0,0.0,4096.0,0.0,0.01959998831529841,0.001456520549674376,0.0,0.0,0.0,0.0,0.0,0.0
main,1e-06,3,0.3465318486896931,0,32,4,4.9973142105830375,0.0004627479287891864,4.9973142105830375,0.0004627479287891864,9.901786889510063,0.002188722080764019,4.904472678927027,0.0021949443559454032,0.09284153165601117,0.002296372878207402,0.96844482421875,0.0020559578607844695,4.999922996142708,6.896749670333766e-05,0.0,0.0,-0.41371581344517555,0.007406086252428738,0.0,0.0,4096.0,0.0,0.09053343323227159,0.0014194224416932378,0.0,0.0,0.0,0.0,0.0,0.0
main,1e-06,3,0.3465318486896931,100,8,4,2.9992026662991584,0.00014133436967238332,2.9992026662991584,0.00014133436967238332,3.4221076953882976,0.0199584602035953,0.42290502908913974,0.020005275202293473,2.5762976372100184,0.020052977059494187,0.057861328125,0.003956785736049225,0.48117784814164455,0.02703863242764354,0.57080078125,0.004070637695442643,-13.82602401470257,0.15067910186611622,0.0,0.0,4096.0,0.0,0.0039001179028459454,0.0012060119086744002,0.91107177734375,0.008819245680791158,0.679443359375,0.009102222598782836,1.36480712890625,0.027674087404379984
main,1e-06,3,0.3465318486896931,100,16,4,3.9980761468887516,0.00044251951247632895,3.9980761468887516,0.00044251951247632895,4.639261023010478,0.025574480839010903,0.6411848761217267,0.02566658986654604,3.356891270767025,0.02576597072900372,0.08929443359375,0.003983683806660332,0.7828677458292799,0.028967675479394613,0.57080078125,0.004070637695442643,-13.82602401470257,0.15067910186611622,0.0,0.0,4096.0,0.0,0.0216636721073018,0.0032259808421812963,0.91107177734375,0.008819245680791158,0.679443359375,0.009102222598782836,1.36480712890625,0.027674087404379984
main,1e-06,3,0.3465318486896931,100,32,4,4.9955186769076505,0.0009559142901525807,4.9955186769076505,0.0009559142901525807,5.860349783185374,0.032106619686302296,0.8648311062777243,0.031410089624023294,4.1306875706299255,0.03072751172740372,0.12078857421875,0.00377366440579804,1.1299609948217515,0.029520138283529646,0.57080078125,0.004070637695442643,-13.82602401470257,0.15067910186611622,0.0,0.0,4096.0,0.0,0.08777563237335784,0.008313302789851531,0.91107177734375,0.008819245680791158,0.679443359375,0.009102222598782836,1.36480712890625,0.027674087404379984
main,1e-06,3,0.3465318486896931,1000,8,4,2.9988434275533056,0.0006911588637150919,2.9988434275533056,0.0006911588637150919,3.1850320420455036,0.023349391518461732,0.18618861449219848,0.023353015495779086,2.8126548130611067,0.023377082417606512,0.02142333984375,0.0027934282542862792,0.20929503773967695,0.023416309037027225,0.83392333984375,0.005028645000987788,-40.342222373396346,0.6180776214424865,0.0,0.0,4096.0,0.0,0.00573790371183569,0.0009395698295454017,1.0,0.0,0.9478759765625,0.0007590640505443371,9.67724609375,0.06726447139493628
main,1e-06,3,0.3465318486896931,1000,16,4,3.9972841402329164,0.000944217304085605,3.9972841402329164,0.000944217304085605,4.272811432253301,0.021572710288501013,0.27552729202038506,0.021797613056984903,3.7217568482125314,0.022060669378039043,0.0322265625,0.0025135815773894045,0.33123342481205603,0.022184437424948935,0.83392333984375,0.005028645000987788,-40.342222373396346,0.6180776214424865,0.0,0.0,4096.0,0.0,0.021412818736989747,0.002200110307134212,1.0,0.0,0.9478759765625,0.0007590640505443371,9.67724609375,0.06726447139493628
main,1e-06,3,0.3465318486896931,1000,32,4,4.994752850413807,0.0011549573458790408,4.994752850413807,0.0011549573458790408,5.353083758343824,0.019754131819934042,0.35833090793001676,0.02035669430587102,4.636421942483791,0.021005526299229745,0.0439453125,0.0027907597980928135,0.4777096955877987,0.02631644777401732,0.83392333984375,0.005028645000987788,-40.342222373396346,0.6180776214424865,0.0,0.0,4096.0,0.0,0.08701596525180921,0.007608297197881555,1.0,0.0,0.9478759765625,0.0007590640505443371,9.67724609375,0.06726447139493628
main,1e-06,3,0.3465318486896931,7500,8,4,2.998914111728041,0.00032741195279895166,2.998914111728041,0.00032741195279895166,3.1019920527927165,0.01490459503974136,0.1030779410646755,0.014797607945735298,2.8958361706633653,0.014697137330322713,0.01129150390625,0.0017982079910469036,0.1207807317475723,0.01664792863573048,0.915283203125,0.004593478447809272,-86.0821346512184,1.0850990511124279,0.0,0.0,4096.0,0.0,0.0043893385631228465,0.0011129336939136446,1.0,0.0,0.9888916015625,0.0005082192381509113,38.4866943359375,0.32711105512672384
main,1e-06,3,0.3465318486896931,7500,16,4,3.997454061111157,0.001041936925765824,3.997454061111157,0.001041936925765824,4.150750545800793,0.011592220022319763,0.15329648468963675,0.010855418202727098,3.84415757642152,0.010172114272897013,0.01702880859375,0.0012186669215390575,0.19089725761055415,0.01192766787912817,0.915283203125,0.004593478447809272,-86.0821346512184,1.0850990511124279,0.0,0.0,4096.0,0.0,0.021533843192780955,0.002476084627375611,1.0,0.0,0.9888916015625,0.0005082192381509113,38.4866943359375,0.32711105512672384
main,1e-06,3,0.3465318486896931,7500,32,4,4.994031487869978,0.001780498874262525,4.994031487869978,0.001780498874262525,5.193654450429458,0.012572104516968354,0.1996229625594801,0.012074524557351009,4.794408525310498,0.011826699753907228,0.02325439453125,0.0011165708605153193,0.27451960392576646,0.011547576357071189,0.915283203125,0.004593478447809272,-86.0821346512184,1.0850990511124279,0.0,0.0,4096.0,0.0,0.08624446309049327,0.006889530134034453,1.0,0.0,0.9888916015625,0.0005082192381509113,38.4866943359375,0.32711105512672384
main,1e-06,3,0.3465318486896931,30000,8,4,2.999026691013224,0.0007115356702608151,2.999026691013224,0.0007115356702608151,3.0907307871237575,0.008416025354240181,0.0917040961105331,0.008060721650768758,2.9073225949026913,0.007754582536748055,0.00921630859375,0.0009429223816940484,0.10137334909822815,0.008978401355334524,0.93682861328125,0.0020942560599703404,-119.27434702262997,1.9046692907586271,0.0,0.0,4096.0,0.0,0.004755383196636043,0.0007473254935077879,1.0,0.0,0.99774169921875,0.0008309154401311091,106.599609375,1.04829960772348
main,1e-06,3,0.3465318486896931,30000,16,4,3.99793136205229,0.0007149195807835474,3.99793136205229,0.0007149195807835474,4.131767945624929,0.009981717571151339,0.13383658357263972,0.00938418532272744,3.8640947784796507,0.008804169619352542,0.01422119140625,0.0012022531496333135,0.16313336977056503,0.012063436321584572,0.93682861328125,0.0020942560599703404,-119.27434702262997,1.9046692907586271,0.0,0.0,4096.0,0.0,0.022302342656378205,0.0013538735324605286,1.0,0.0,0.99774169921875,0.0008309154401311091,106.599609375,1.04829960772348
main,1e-06,3,0.3465318486896931,30000,32,4,4.995120780672957,0.0008397461713406774,4.995120780672957,0.0008397461713406774,5.164398035894122,0.013169888870786182,0.1692772552211641,0.013032720618250795,4.825843525451793,0.012948667414929754,0.01898193359375,0.0017420877790208045,0.22963600102835996,0.01861659826650343,0.93682861328125,0.0020942560599703404,-119.27434702262997,1.9046692907586271,0.0,0.0,4096.0,0.0,0.09182572578294801,0.006233856910879001,1.0,0.0,0.99774169921875,0.0008309154401311091,106.599609375,1.04829960772348
main,1e-06,4,0.3485318486896931,0,8,4,2.999477666909165,0.0002356470483412338,2.999477666909165,0.0002356470483412338,5.9940211198096724,0.0007733367465883726,2.9945434529005075,0.0007601843872510873,0.0049342140086579,0.0008177835559612366,0.8729248046875,0.0071498893000073805,2.9997235229857933,0.0003622571885006432,0.0,0.0,-0.41371581344517555,0.007406086252428738,0.0,0.0,4096.0,0.0,0.004257070153982578,0.0015534517457216628,0.0,0.0,0.0,0.0,0.0,0.0
main,1e-06,4,0.3485318486896931,0,16,4,3.9987633282797246,0.000491872116592795,3.9987633282797246,0.000491872116592795,7.9752272600781104,0.003084649051044608,3.9764639317983863,0.0033902293357498535,0.022299396481338052,0.0037357899416335413,0.93804931640625,0.001863322451473846,3.999963752292774,6.0439837363770617e-05,0.0,0.0,-0.41371581344517555,0.007406086252428738,0.0,0.0,4096.0,0.0,0.01869675481226918,0.0009681039204741084,0.0,0.0,0.0,0.0,0.0,0.0
main,1e-06,4,0.3485318486896931,0,32,4,4.9973142105830375,0.0004627479287891864,4.9973142105830375,0.0004627479287891864,9.901786889510063,0.002188722080764019,4.904472678927027,0.0021949443559454032,0.09284153165601117,0.002296372878207402,0.96844482421875,0.0020559578607844695,4.999922996142708,6.896749670333766e-05,0.0,0.0,-0.41371581344517555,0.007406086252428738,0.0,0.0,4096.0,0.0,0.0881198131354548,0.006068476362495066,0.0,0.0,0.0,0.0,0.0,0.0
main,1e-06,4,0.3485318486896931,100,8,4,2.998512766644426,0.0004547841185451126,2.998512766644426,0.0004547841185451126,3.398909390959039,0.0066538890944511314,0.40039662431461287,0.006787775034647752,2.5981161423298134,0.0069488989739152655,0.05426025390625,0.0008774356548196543,0.456545333095819,0.006090630728797768,0.59234619140625,0.00861410562343126,-14.515391319763395,0.19450172159234422,0.0,0.0,4096.0,0.0,0.005652215805149741,0.0027140953044810187,0.918701171875,0.004275366385600162,0.6824951171875,0.00700106322070414,1.39361572265625,0.010616374909380904
main,1e-06,4,0.3485318486896931,100,16,4,3.9970149430014663,0.0004709741255634877,3.9970149430014663,0.0004709741255634877,4.599448820040681,0.01474577271619312,0.6024338770392149,0.014442942983933256,3.394581065962252,0.014149311797065217,0.082763671875,0.002156191617755822,0.7351586710739951,0.01588624532716647,0.59234619140625,0.00861410562343126,-14.515391319763395,0.19450172159234422,0.0,0.0,4096.0,0.0,0.02029052387793473,0.0038758652079309516,0.918701171875,0.004275366385600162,0.6824951171875,0.00700106322070414,1.39361572265625,0.010616374909380904
main,1e-06,4,0.3485318486896931,100,32,4,4.994341765591871,0.0010790077972468127,4.994341765591871,0.0010790077972468127,5.807446939999069,0.025092901056849044,0.8131051744071995,0.025368857704863884,4.181236591184671,0.025687209165331414,0.11279296875,0.004390007799238664,1.0669766694134117,0.03492629394183281,0.59234619140625,0.00861410562343126,-14.515391319763395,0.19450172159234422,0.0,0.0,4096.0,0.0,0.08854047067723814,0.00725277264154537,0.918701171875,0.004275366385600162,0.6824951171875,0.00700106322070414,1.39361572265625,0.010616374909380904
main,1e-06,4,0.3485318486896931,1000,8,4,2.9981514285930255,0.0013582052367712449,2.9981514285930255,0.0013582052367712449,3.145191173145694,0.02206891016901229,0.14703974455266855,0.021216162874281536,2.851111684040357,0.020418221790805772,0.016357421875,0.0023161213331311372,0.16621087964695866,0.020127772794243895,0.86505126953125,0.0024034732138057224,-46.62604679979102,0.7075459787513966,0.0,0.0,4096.0,0.0,0.004857167158926146,0.0011452564002738309,1.0,0.0,0.9404296875,0.003132873788235703,9.001953125,0.1270865497286314
main,1e-06,4,0.3485318486896931,1000,16,4,3.9967589887022683,0.0012411511211972367,3.9967589887022683,0.0012411511211972367,4.21095072418233,0.0188525086046851,0.21419173548006165,0.017668541508961525,3.782567253222206,0.016492984861127026,0.02459716796875,0.0021318663570035375,0.2625215535924057,0.01971033088915148,0.86505126953125,0.0024034732138057224,-46.62604679979102,0.7075459787513966,0.0,0.0,4096.0,0.0,0.020728077400556266,0.0023032976434886917,1.0,0.0,0.9404296875,0.003132873788235703,9.001953125,0.1270865497286314
main,1e-06,4,0.3485318486896931,1000,32,4,4.993710974733009,0.001473768738088846,4.993710974733009,0.001473768738088846,5.2797587069321885,0.020275336514915927,0.2860477321991788,0.018968440789992862,4.7076632425338305,0.01768779833106945,0.0341796875,0.002228688791931828,0.38418814133907025,0.021865723883104354,0.86505126953125,0.0024034732138057224,-46.62604679979102,0.7075459787513966,0.0,0.0,4096.0,0.0,0.09089362169511972,0.007718024545630569,1.0,0.0,0.9404296875,0.003132873788235703,9.001953125,0.1270865497286314
main,1e-06,4,0.3485318486896931,7500,8,4,2.9987592584941725,0.0007559501489769554,2.9987592584941725,0.0007559501489769554,3.0590903709354276,0.017334492076271465,0.060331112441254775,0.01791288193092431,2.9384281460529174,0.018504080194801018,0.00592041015625,0.001863322451473846,0.06861450128443035,0.019162480275805353,0.9493408203125,0.0032296768933893927,-129.707280941412,1.0881798354909578,0.0,0.0,4096.0,0.0,0.005101311086685545,0.0014325149182974697,1.0,0.0,0.97857666015625,0.0019871607172973274,29.535888671875,0.18238279698738732
main,1e-06,4,0.3485318486896931,7500,16,4,3.99734537150289,0.0007431410679917227,3.99734537150289,0.0007431410679917227,4.0892839743159595,0.013043049090283502,0.09193860281306998,0.013024959994921283,3.9054067686898195,0.013049235742407529,0.009765625,0.0012763986931443785,0.11729722532326235,0.013496719708139976,0.9493408203125,0.0032296768933893927,-129.707280941412,1.0881798354909578,0.0,0.0,4096.0,0.0,0.021853222583581466,0.0015633614185792928,1.0,0.0,0.97857666015625,0.0019871607172973274,29.535888671875,0.18238279698738732
main,1e-06,4,0.3485318486896931,7500,32,4,4.994241138373889,0.0016970834168052588,4.994241138373889,0.0016970834168052588,5.108569207181599,0.020260442833318154,0.11432806880770996,0.02041299044458717,4.87991306956618,0.020703985080816018,0.01287841796875,0.0022761012810786126,0.16290789721022253,0.025415266252220403,0.9493408203125,0.0032296768933893927,-129.707280941412,1.0881798354909578,0.0,0.0,4096.0,0.0,0.08798463825640912,0.009039926830440222,1.0,0.0,0.97857666015625,0.0019871607172973274,29.535888671875,0.18238279698738732
main,1e-06,4,0.3485318486896931,30000,8,4,2.9986830909709052,0.0003388226297518788,2.9986830909709052,0.0003388226297518788,3.0393531192030303,0.014323658847504544,0.0406700282321244,0.014566962837464992,2.9580130627387815,0.01481402077038307,0.00390625,0.00146484375,0.04757018846789314,0.015494312963313758,0.9732666015625,0.0018324105223303552,-257.3523676376975,1.7092239578990858,0.0,0.0,4096.0,0.0,0.005932834001082243,0.0014855045154303454,1.0,0.0,0.9893798828125,0.001100891052935277,62.53314208984375,0.9312282451973075
main,1e-06,4,0.3485318486896931,30000,16,4,3.9975607956336474,0.000493572587563448,3.9975607956336474,0.000493572587563448,4.054136909997641,0.013825634903058577,0.05657611436399401,0.013742443790400585,3.9409846812696534,0.01367657011060726,0.00579833984375,0.001386452232861395,0.07390562488247039,0.015540671175982616,0.9732666015625,0.0018324105223303552,-257.3523676376975,1.7092239578990858,0.0,0.0,4096.0,0.0,0.02194339406893775,0.002827227828420054,1.0,0.0,0.9893798828125,0.001100891052935277,62.53314208984375,0.9312282451973075
main,1e-06,4,0.3485318486896931,30000,32,4,4.995189306733163,0.0009302022205256876,4.995189306733163,0.0009302022205256876,5.0645843355778615,0.019030573962785124,0.06939502884469761,0.018579370766718912,4.925794277888466,0.018164631655046715,0.00750732421875,0.0020559578607844695,0.10067628185494842,0.024390206590003443,0.9732666015625,0.0018324105223303552,-257.3523676376975,1.7092239578990858,0.0,0.0,4096.0,0.0,0.09560580834622678,0.00469369141795042,1.0,0.0,0.9893798828125,0.001100891052935277,62.53314208984375,0.9312282451973075
main,1e-06,5,0.3505318486896931,0,8,4,2.999477666909165,0.0002356470483412338,2.999477666909165,0.0002356470483412338,5.9940211198096724,0.0007733367465883726,2.9945434529005075,0.0007601843872510873,0.0049342140086579,0.0008177835559612366,0.8729248046875,0.0071498893000073805,2.9997235229857933,0.0003622571885006432,0.0,0.0,-0.41371581344517555,0.007406086252428738,0.0,0.0,4096.0,0.0,0.005717879368244194,0.0014761429310842802,0.0,0.0,0.0,0.0,0.0,0.0
main,1e-06,5,0.3505318486896931,0,16,4,3.9987633282797246,0.000491872116592795,3.9987633282797246,0.000491872116592795,7.9752272600781104,0.003084649051044608,3.9764639317983863,0.0033902293357498535,0.022299396481338052,0.0037357899416335413,0.93804931640625,0.001863322451473846,3.999963752292774,6.0439837363770617e-05,0.0,0.0,-0.41371581344517555,0.007406086252428738,0.0,0.0,4096.0,0.0,0.020187614155224853,0.001746704290561563,0.0,0.0,0.0,0.0,0.0,0.0
main,1e-06,5,0.3505318486896931,0,32,4,4.9973142105830375,0.0004627479287891864,4.9973142105830375,0.0004627479287891864,9.901786889510063,0.002188722080764019,4.904472678927027,0.0021949443559454032,0.09284153165601117,0.002296372878207402,0.96844482421875,0.0020559578607844695,4.999922996142708,6.896749670333766e-05,0.0,0.0,-0.41371581344517555,0.007406086252428738,0.0,0.0,4096.0,0.0,0.08544646270651945,0.007571110315741947,0.0,0.0,0.0,0.0,0.0,0.0
main,1e-06,5,0.3505318486896931,100,8,4,2.9993561905312673,0.00020836898794290658,2.9993561905312673,0.00020836898794290658,3.366154807218704,0.018823611105718282,0.3667986166874365,0.018930926005008546,2.6325575738438314,0.01903991646581386,0.0478515625,0.0026818452235162892,0.4114498776319601,0.019137596021726686,0.609619140625,0.005506259708345466,-15.247904148205663,0.27665252677482716,0.0,0.0,4096.0,0.0,0.004269296662139155,0.0008369500266390777,0.92694091796875,0.0026623271163664698,0.6829833984375,0.005671564154956356,1.38421630859375,0.016213308873288836
main,1e-06,5,0.3505318486896931,100,16,4,3.997402006737236,0.0002859190623967407,3.997402006737236,0.0002859190623967407,4.559738854240139,0.028309644136415988,0.5623368475029044,0.028358187941841015,3.4350651592343313,0.028409526482845955,0.07611083984375,0.004794012684030401,0.6855029441389324,0.03612697307692654,0.609619140625,0.005506259708345466,-15.247904148205663,0.27665252677482716,0.0,0.0,4096.0,0.0,0.02059445508549662,0.0011302982134360714,0.92694091796875,0.0026623271163664698,0.6829833984375,0.005671564154956356,1.38421630859375,0.016213308873288836
main,1e-06,5,0.3505318486896931,100,32,4,4.995215919102043,0.0010127888937836538,4.995215919102043,0.0010127888937836538,5.752100147293415,0.01908602510910308,0.7568842281913724,0.01977768100836972,4.2383316909106705,0.020496059630062714,0.10418701171875,0.0035568364951986,0.9982181383518126,0.028758602154674556,0.609619140625,0.005506259708345466,-15.247904148205663,0.27665252677482716,0.0,0.0,4096.0,0.0,0.09163867439880491,0.0016570417719246103,0.92694091796875,0.0026623271163664698,0.6829833984375,0.005671564154956356,1.38421630859375,0.016213308873288836
main,1e-06,5,0.3505318486896931,1000,8,4,2.9985185992087446,0.0007105084792621552,2.9985185992087446,0.0007105084792621552,3.1160018267731697,0.007541083530487363,0.11748322756442531,0.007471225539524243,2.881035371644319,0.007468609369172933,0.0125732421875,0.0006459353786778786,0.13268549021424383,0.005869769628170241,0.887451171875,0.004228639666916205,-54.15804709721911,1.1175569885752372,0.0,0.0,4096.0,0.0,0.0046414373400638365,0.0011753015974894836,1.0,0.0,0.92572021484375,0.0063394346545892506,8.298095703125,0.13687923639671226
main,1e-06,5,0.3505318486896931,1000,16,4,3.997156606139531,0.0012066984452673206,3.997156606139531,0.0012066984452673206,4.176291698028214,0.0143512037566159,0.17913509188868282,0.01453587889382181,3.8180215142508485,0.014816839860220653,0.02020263671875,0.001753455519727803,0.22142162202977334,0.016696949147421165,0.887451171875,0.004228639666916205,-54.15804709721911,1.1175569885752372,0.0,0.0,4096.0,0.0,0.0195662270038639,0.0019286295467064946,1.0,0.0,0.92572021484375,0.0063394346545892506,8.298095703125,0.13687923639671226
main,1e-06,5,0.3505318486896931,1000,32,4,4.994759378313251,0.0016288986909871927,4.994759378313251,0.0016288986909871927,5.229586240710911,0.018306030987180224,0.2348268623976606,0.018258718672751292,4.75993251591559,0.01835640124122238,0.02783203125,0.002137683192800081,0.3211940738709349,0.02155704436338512,0.887451171875,0.004228639666916205,-54.15804709721911,1.1175569885752372,0.0,0.0,4096.0,0.0,0.09125282378121646,0.004831613391515758,1.0,0.0,0.92572021484375,0.0063394346545892506,8.298095703125,0.13687923639671226
main,1e-06,5,0.3505318486896931,7500,8,4,2.9992268130463016,0.0004082030228799435,2.9992268130463016,0.0004082030228799435,3.0326788538442835,0.00276196207366194,0.0334520407979817,0.0025928982191140626,2.9657747722483205,0.0024801345263512293,0.00311279296875,0.0003072035496122538,0.039127742001423285,0.0034329197395780273,0.97698974609375,0.001312847152091608,-189.59815645117138,3.2025423774206105,0.0,0.0,4096.0,0.0,0.004351963980317564,0.0007508055823630837,1.0,0.0,0.96124267578125,0.0035400390625,22.2889404296875,0.3222830411270089
main,1e-06,5,0.3505318486896931,7500,16,4,3.9977963050116982,0.0008195219853510403,3.9977963050116982,0.0008195219853510403,4.0395633344063295,0.00403156524546343,0.04176702939463195,0.004535212095766938,3.956029275617066,0.005121133834191439,0.004150390625,0.0004457377583863657,0.05500448959087675,0.005266987653967186,0.97698974609375,0.001312847152091608,-189.59815645117138,3.2025423774206105,0.0,0.0,4096.0,0.0,0.02101747948287236,0.0017856673170187866,1.0,0.0,0.96124267578125,0.0035400390625,22.2889404296875,0.3222830411270089
main,1e-06,5,0.3505318486896931,7500,32,4,4.994942439640985,0.0003986763939935988,4.994942439640985,0.0003986763939935988,5.04911792859481,0.006742414451534119,0.05417548895382529,0.006753963612979477,4.940766950687159,0.0067889455785785265,0.005859375,0.0007187305392519406,0.08085537001747467,0.008918383772742388,0.97698974609375,0.001312847152091608,-189.59815645117138,3.2025423774206105,0.0,0.0,4096.0,0.0,0.09080831026742775,0.005015081459169014,1.0,0.0,0.96124267578125,0.0035400390625,22.2889404296875,0.3222830411270089
main,1e-06,5,0.3505318486896931,30000,8,4,2.998797700328418,0.0007390139286249051,2.998797700328418,0.0007390139286249051,3.0061921988143885,0.00859629259142047,0.007394498485970402,0.0081267496457891,2.9914032018424477,0.007699620540439592,0.00067138671875,0.0007557851408287236,0.00941978648745925,0.010063949716878814,0.99554443359375,0.001977137144084691,-539.0584405155482,2.251202687102771,0.0,0.0,4096.0,0.0,0.005864680204309858,0.000977170046163943,1.0,0.0,0.968017578125,0.0038602022218852286,33.72113037109375,0.3295710579498711
main,1e-06,5,0.3505318486896931,30000,16,4,3.9971146348544524,0.0015431471825007829,3.9971146348544524,0.0015431471825007829,4.005907280748568,0.009255363758089677,0.008792645894114992,0.008488075799961976,3.9883219889603376,0.007949572927583005,0.0008544921875,0.0008338989881152017,0.01274898665001192,0.011882602043823041,0.99554443359375,0.001977137144084691,-539.0584405155482,2.251202687102771,0.0,0.0,4096.0,0.0,0.021629034240260747,0.0032958876406794543,1.0,0.0,0.968017578125,0.0038602022218852286,33.72113037109375,0.3295710579498711
main,1e-06,5,0.3505318486896931,30000,32,4,4.994286122125709,0.001673873873777729,4.994286122125709,0.001673873873777729,5.005133842467702,0.009730146352179253,0.010847720341992328,0.008977332079471096,4.983438401783716,0.008491933936742897,0.00115966796875,0.000963762962428956,0.018112909301309137,0.014692702837427069,0.99554443359375,0.001977137144084691,-539.0584405155482,2.251202687102771,0.0,0.0,4096.0,0.0,0.08901321236963256,0.0030165700880693965,1.0,0.0,0.968017578125,0.0038602022218852286,33.72113037109375,0.3295710579498711
main,1e-06,6,0.3585318486896931,0,8,4,2.999477666909165,0.0002356470483412338,2.999477666909165,0.0002356470483412338,5.9940211198096724,0.0007733367465883726,2.9945434529005075,0.0007601843872510873,0.0049342140086579,0.0008177835559612366,0.8729248046875,0.0071498893000073805,2.9997235229857933,0.0003622571885006432,0.0,0.0,-0.41371581344517555,0.007406086252428738,0.0,0.0,4096.0,0.0,0.004325278303514368,0.0012479558195187977,0.0,0.0,0.0,0.0,0.0,0.0
main,1e-06,6,0.3585318486896931,0,16,4,3.9987633282797246,0.000491872116592795,3.9987633282797246,0.000491872116592795,7.9752272600781104,0.003084649051044608,3.9764639317983863,0.0033902293357498535,0.022299396481338052,0.0037357899416335413,0.93804931640625,0.001863322451473846,3.999963752292774,6.0439837363770617e-05,0.0,0.0,-0.41371581344517555,0.007406086252428738,0.0,0.0,4096.0,0.0,0.02056050401558518,0.0035310095788445824,0.0,0.0,0.0,0.0,0.0,0.0
main,1e-06,6,0.3585318486896931,0,32,4,4.9973142105830375,0.0004627479287891864,4.9973142105830375,0.0004627479287891864,9.901786889510063,0.002188722080764019,4.904472678927027,0.0021949443559454032,0.09284153165601117,0.002296372878207402,0.96844482421875,0.0020559578607844695,4.999922996142708,6.896749670333766e-05,0.0,0.0,-0.41371581344517555,0.007406086252428738,0.0,0.0,4096.0,0.0,0.09219266854210373,0.0073331631533716,0.0,0.0,0.0,0.0,0.0,0.0
main,1e-06,6,0.3585318486896931,100,8,4,2.998244903520055,0.0012968856235907541,2.998244903520055,0.0012968856235907541,3.285808347459251,0.007721347963600447,0.287563443939196,0.008967686252568994,2.710681459580859,0.010226602745554647,0.0357666015625,0.001600937139722168,0.32290264606443686,0.01212324093594773,0.679931640625,0.01063624067909764,-18.509379968213516,0.49764594023652686,0.0,0.0,4096.0,0.0,0.0052280135622968515,0.0011012412766558506,0.948974609375,0.004558744653047174,0.66510009765625,0.0029859439793224825,1.38726806640625,0.02288017980717207
main,1e-06,6,0.3585318486896931,100,16,4,3.9966433716103946,0.001204013982085568,3.9966433716103946,0.001204013982085568,4.431212815124315,0.019618116743765245,0.4345694435139197,0.02012951587531146,3.562073928096475,0.020698396399599292,0.05572509765625,0.0037525454465184077,0.527802856083654,0.02999502243879433,0.679931640625,0.01063624067909764,-18.509379968213516,0.49764594023652686,0.0,0.0,4096.0,0.0,0.020585477664072815,0.003970611495119383,0.948974609375,0.004558744653047174,0.66510009765625,0.0029859439793224825,1.38726806640625,0.02288017980717207
main,1e-06,6,0.3585318486896931,100,32,4,4.994468394037298,0.0005923004083855599,4.994468394037298,0.0005923004083855599,5.588022988814023,0.024626394688222985,0.5935545947767251,0.024884650904219794,4.400913799260573,0.025154204925959874,0.07806396484375,0.004033249430663861,0.7819403591998726,0.034514207041620566,0.679931640625,0.01063624067909764,-18.509379968213516,0.49764594023652686,0.0,0.0,4096.0,0.0,0.08726636815004474,0.00681446886300158,0.948974609375,0.004558744653047174,0.66510009765625,0.0029859439793224825,1.38726806640625,0.02288017980717207
main,1e-06,6,0.3585318486896931,1000,8,4,2.998968003867861,0.0005296704693721994,2.998968003867861,0.0005296704693721994,3.0419247796447957,0.009954404823064453,0.04295677577693402,0.009616300542009232,2.9560112280909276,0.009296095871885962,0.004150390625,0.0010358009490037316,0.050327342407662456,0.011078492865451787,0.96270751953125,0.0036451157363218013,-94.4119066869028,1.0269555203586493,0.0,0.0,4096.0,0.0,0.004789555579124416,0.00153640916661464,1.0,0.0,0.85540771484375,0.005529214746783136,5.65765380859375,0.08899149043767103
main,1e-06,6,0.3585318486896931,1000,16,4,3.9976333556440844,0.000918812077149516,3.9976333556440844,0.000918812077149516,4.059548081802442,0.012813190628569601,0.061914726158356026,0.012164326586767332,3.935718629485729,0.011552153903114211,0.00634765625,0.0013071597008633635,0.08011457284499604,0.014672536352601975,0.96270751953125,0.0036451157363218013,-94.4119066869028,1.0269555203586493,0.0,0.0,4096.0,0.0,0.021148460912474132,0.0010685598672576157,1.0,0.0,0.85540771484375,0.005529214746783136,5.65765380859375,0.08899149043767103
main,1e-06,6,0.3585318486896931,1000,32,4,4.994522808704955,0.0024288230183974278,4.994522808704955,0.0024288230183974278,5.075291988288392,0.018828387496220206,0.0807691795834371,0.0169290417652821,4.913753629121517,0.015181406291345489,0.0087890625,0.0018805696628078359,0.11596868341032063,0.02228158561194935,0.96270751953125,0.0036451157363218013,-94.4119066869028,1.0269555203586493,0.0,0.0,4096.0,0.0,0.09605354892080653,0.007918151769070346,1.0,0.0,0.85540771484375,0.005529214746783136,5.65765380859375,0.08899149043767103
main,1e-06,6,0.3585318486896931,7500,8,4,2.9992539319463347,0.00015472432654013956,2.9992539319463347,0.00015472432654013956,2.9992539319463347,0.00015472432654013956,0.0,0.0,2.9992539319463347,0.00015472432654013956,0.0,0.0,0.0,0.0,0.99981689453125,0.0001220703125,-546.1037587796093,2.595788274491972,0.0,0.0,4096.0,0.0,0.00537704765036362,0.00160277335531235,1.0,0.0,0.868408203125,0.005821956257330703,7.4345703125,0.156717871488858
main,1e-06,6,0.3585318486896931,7500,16,4,3.997770968359495,0.0006042797393819234,3.997770968359495,0.0006042797393819234,3.997770968359495,0.0006042797393819234,0.0,0.0,3.997770968359495,0.0006042797393819234,0.0,0.0,0.0,0.0,0.99981689453125,0.0001220703125,-546.1037587796093,2.595788274491972,0.0,0.0,4096.0,0.0,0.020506115227995947,0.0012015834824197634,1.0,0.0,0.868408203125,0.005821956257330703,7.4345703125,0.156717871488858
main,1e-06,6,0.3585318486896931,7500,32,4,4.994789936750548,0.001472740099294327,4.994789936750548,0.001472740099294327,4.994789936750548,0.001472740099294327,0.0,0.0,4.994789936750548,0.001472740099294327,0.0,0.0,0.0,0.0,0.99981689453125,0.0001220703125,-546.1037587796093,2.595788274491972,0.0,0.0,4096.0,0.0,0.0914172880375137,0.0065948017698756745,1.0,0.0,0.868408203125,0.005821956257330703,7.4345703125,0.156717871488858
main,1e-06,6,0.3585318486896931,30000,8,4,2.99883015540996,0.000995451072151806,2.99883015540996,0.000995451072151806,2.99883015540996,0.000995451072151806,0.0,0.0,2.99883015540996,0.000995451072151806,0.0,0.0,0.0,0.0,1.0,0.0,-2079.4016107157754,7.966059821445453,0.0,0.0,4096.0,0.0,0.0051965814238668084,0.0018620291247576687,1.0,0.0,0.868408203125,0.005821956257330703,7.45623779296875,0.15878582615230752
main,1e-06,6,0.3585318486896931,30000,16,4,3.99743471425685,0.0015204949818052012,3.99743471425685,0.0015204949818052012,3.99743471425685,0.0015204949818052012,0.0,0.0,3.99743471425685,0.0015204949818052012,0.0,0.0,0.0,0.0,1.0,0.0,-2079.4016107157754,7.966059821445453,0.0,0.0,4096.0,0.0,0.020750612711676775,0.003139409892469175,1.0,0.0,0.868408203125,0.005821956257330703,7.45623779296875,0.15878582615230752
main,1e-06,6,0.3585318486896931,30000,32,4,4.994797720437926,0.0025998324818084784,4.994797720437926,0.0025998324818084784,4.994797720437926,0.0025998324818084784,0.0,0.0,4.994797720437926,0.0025998324818084784,0.0,0.0,0.0,0.0,1.0,0.0,-2079.4016107157754,7.966059821445453,0.0,0.0,4096.0,0.0,0.08789780311847384,0.006264709943068036,1.0,0.0,0.868408203125,0.005821956257330703,7.45623779296875,0.15878582615230752
main,1e-06,7,0.3985318486896931,0,8,4,2.999477666909165,0.0002356470483412338,2.999477666909165,0.0002356470483412338,5.9940211198096724,0.0007733367465883726,2.9945434529005075,0.0007601843872510873,0.0049342140086579,0.0008177835559612366,0.8729248046875,0.0071498893000073805,2.9997235229857933,0.0003622571885006432,0.0,0.0,-0.41371581344517555,0.007406086252428738,0.0,0.0,4096.0,0.0,0.005313145744755943,0.0020388631222159636,0.0,0.0,0.0,0.0,0.0,0.0
main,1e-06,7,0.3985318486896931,0,16,4,3.9987633282797246,0.000491872116592795,3.9987633282797246,0.000491872116592795,7.9752272600781104,0.003084649051044608,3.9764639317983863,0.0033902293357498535,0.022299396481338052,0.0037357899416335413,0.93804931640625,0.001863322451473846,3.999963752292774,6.0439837363770617e-05,0.0,0.0,-0.41371581344517555,0.007406086252428738,0.0,0.0,4096.0,0.0,0.02246576320232574,0.0017283984198218235,0.0,0.0,0.0,0.0,0.0,0.0
main,1e-06,7,0.3985318486896931,0,32,4,4.9973142105830375,0.0004627479287891864,4.9973142105830375,0.0004627479287891864,9.901786889510063,0.002188722080764019,4.904472678927027,0.0021949443559454032,0.09284153165601117,0.002296372878207402,0.96844482421875,0.0020559578607844695,4.999922996142708,6.896749670333766e-05,0.0,0.0,-0.41371581344517555,0.007406086252428738,0.0,0.0,4096.0,0.0,0.0857854187280922,0.005471992198915271,0.0,0.0,0.0,0.0,0.0,0.0
main,1e-06,7,0.3985318486896931,100,8,4,2.9987181169479373,0.0007959586110529923,2.9987181169479373,0.0007959586110529923,3.017764511937091,0.009599421749677694,0.019046394989153614,0.010308056883722942,2.979671721958784,0.011028611686380542,0.00177001953125,0.0010041473534548393,0.023348047638520737,0.01222675685995143,0.96124267578125,0.0029118311625675204,-45.596354735299656,0.19670868291747484,0.0,0.0,4096.0,0.0,0.0050986732119917555,0.0012863294014888998,0.99871826171875,0.00041694949405760083,0.47760009765625,0.0022761012810786126,0.92413330078125,0.016261030268246435
main,1e-06,7,0.3985318486896931,100,16,4,3.996817295147849,0.0014881225359178868,3.996817295147849,0.0014881225359178868,4.029833983007178,0.009296109716960169,0.03301668785932976,0.010750847881738631,3.963800607288519,0.012213632622877606,0.0032958984375,0.001082693253226731,0.04460703237596268,0.013122354935739985,0.96124267578125,0.0029118311625675204,-45.596354735299656,0.19670868291747484,0.0,0.0,4096.0,0.0,0.02282806564282369,0.0024140499728316413,0.99871826171875,0.00041694949405760083,0.47760009765625,0.0022761012810786126,0.92413330078125,0.016261030268246435
main,1e-06,7,0.3985318486896931,100,32,4,4.993470900793596,0.002092341865374042,4.993470900793596,0.002092341865374042,5.040940550762407,0.012990473506507253,0.04746964996881209,0.01382409675197274,4.946001250824782,0.014906867177771914,0.00518798828125,0.0015360177480612692,0.07227075768400096,0.019617557212393184,0.96124267578125,0.0029118311625675204,-45.596354735299656,0.19670868291747484,0.0,0.0,4096.0,0.0,0.09114525598379997,0.008375521912945038,0.99871826171875,0.00041694949405760083,0.47760009765625,0.0022761012810786126,0.92413330078125,0.016261030268246435
main,1e-06,7,0.3985318486896931,1000,8,4,2.999191735451335,0.00015284269459644957,2.999191735451335,0.00015284269459644957,2.999191735451335,0.00015284269459644957,0.0,0.0,2.999191735451335,0.00015284269459644957,0.0,0.0,0.0,0.0,1.0,0.0,-406.2792651067266,0.8718599655405509,0.0,0.0,4096.0,0.0,0.005013316665883005,0.0015054877498652676,1.0,0.0,0.48870849609375,0.0021037216723161726,1.05816650390625,0.019056918259853135
main,1e-06,7,0.3985318486896931,1000,16,4,3.997025389621184,0.0015869162312729217,3.997025389621184,0.0015869162312729217,3.997025389621184,0.0015869162312729217,0.0,0.0,3.997025389621184,0.0015869162312729217,0.0,0.0,0.0,0.0,1.0,0.0,-406.2792651067266,0.8718599655405509,0.0,0.0,4096.0,0.0,0.024220289663604566,0.0029555490930697225,1.0,0.0,0.48870849609375,0.0021037216723161726,1.05816650390625,0.019056918259853135
main,1e-06,7,0.3985318486896931,1000,32,4,4.993752775773745,0.002455719729701263,4.993752775773745,0.002455719729701263,4.993752775773745,0.002455719729701263,0.0,0.0,4.993752775773745,0.002455719729701263,0.0,0.0,0.0,0.0,1.0,0.0,-406.2792651067266,0.8718599655405509,0.0,0.0,4096.0,0.0,0.09337994283980455,0.006567603431760592,1.0,0.0,0.48870849609375,0.0021037216723161726,1.05816650390625,0.019056918259853135
main,1e-06,7,0.3985318486896931,7500,8,4,2.999407547249893,0.0003374916051234221,2.999407547249893,0.0003374916051234221,2.999407547249893,0.0003374916051234221,0.0,0.0,2.999407547249893,0.0003374916051234221,0.0,0.0,0.0,0.0,1.0,0.0,-3010.826065752812,1.413353838292775,0.0,0.0,4096.0,0.0,0.004755799154398055,0.0012521311394661284,1.0,0.0,0.48870849609375,0.0021037216723161726,1.05816650390625,0.019056918259853135
main,1e-06,7,0.3985318486896931,7500,16,4,3.997582750083126,0.0005471148426046445,3.997582750083126,0.0005471148426046445,3.997582750083126,0.0005471148426046445,0.0,0.0,3.997582750083126,0.0005471148426046445,0.0,0.0,0.0,0.0,1.0,0.0,-3010.826065752812,1.413353838292775,0.0,0.0,4096.0,0.0,0.019994858634997836,0.0025606023137393383,1.0,0.0,0.48870849609375,0.0021037216723161726,1.05816650390625,0.019056918259853135
main,1e-06,7,0.3985318486896931,7500,32,4,4.9941000646589275,0.0015978879011125928,4.9941000646589275,0.0015978879011125928,4.9941000646589275,0.0015978879011125928,0.0,0.0,4.9941000646589275,0.0015978879011125928,0.0,0.0,0.0,0.0,1.0,0.0,-3010.826065752812,1.413353838292775,0.0,0.0,4096.0,0.0,0.0907143278589202,0.008279744781765906,1.0,0.0,0.48870849609375,0.0021037216723161726,1.05816650390625,0.019056918259853135
main,1e-06,7,0.3985318486896931,30000,8,4,2.9989696409046367,0.00025730865162355073,2.9989696409046367,0.00025730865162355073,2.9989696409046367,0.00025730865162355073,0.0,0.0,2.9989696409046367,0.00025730865162355073,0.0,0.0,0.0,0.0,1.0,0.0,-12026.573358213758,6.574850680618073,0.0,0.0,4096.0,0.0,0.006100766924577172,0.0024696528206813962,1.0,0.0,0.48870849609375,0.0021037216723161726,1.05816650390625,0.019056918259853135
main,1e-06,7,0.3985318486896931,30000,16,4,3.998163254657456,0.00045077908095122977,3.998163254657456,0.00045077908095122977,3.998163254657456,0.00045077908095122977,0.0,0.0,3.998163254657456,0.00045077908095122977,0.0,0.0,0.0,0.0,1.0,0.0,-12026.573358213758,6.574850680618073,0.0,0.0,4096.0,0.0,0.020549214639560498,0.0022663772772911236,1.0,0.0,0.48870849609375,0.0021037216723161726,1.05816650390625,0.019056918259853135
main,1e-06,7,0.3985318486896931,30000,32,4,4.995082257494588,0.002225294296806081,4.995082257494588,0.002225294296806081,4.995082257494588,0.002225294296806081,0.0,0.0,4.995082257494588,0.002225294296806081,0.0,0.0,0.0,0.0,1.0,0.0,-12026.573358213758,6.574850680618073,0.0,0.0,4096.0,0.0,0.0916695464609103,0.004496858070933757,1.0,0.0,0.48870849609375,0.0021037216723161726,1.05816650390625,0.019056918259853135
main,1e-06,8,0.5,0,8,4,2.999477666909165,0.0002356470483412338,2.999477666909165,0.0002356470483412338,5.9940211198096724,0.0007733367465883726,2.9945434529005075,0.0007601843872510873,0.0049342140086579,0.0008177835559612366,0.8729248046875,0.0071498893000073805,2.9997235229857933,0.0003622571885006432,0.0,0.0,-0.41371581344517555,0.007406086252428738,0.0,0.0,4096.0,0.0,0.004723891394607271,0.0012050665834749082,0.0,0.0,0.0,0.0,0.0,0.0
main,1e-06,8,0.5,0,16,4,3.9987633282797246,0.000491872116592795,3.9987633282797246,0.000491872116592795,7.9752272600781104,0.003084649051044608,3.9764639317983863,0.0033902293357498535,0.022299396481338052,0.0037357899416335413,0.93804931640625,0.001863322451473846,3.999963752292774,6.0439837363770617e-05,0.0,0.0,-0.41371581344517555,0.007406086252428738,0.0,0.0,4096.0,0.0,0.02226674940207074,0.0019890285508603286,0.0,0.0,0.0,0.0,0.0,0.0
main,1e-06,8,0.5,0,32,4,4.9973142105830375,0.0004627479287891864,4.9973142105830375,0.0004627479287891864,9.901786889510063,0.002188722080764019,4.904472678927027,0.0021949443559454032,0.09284153165601117,0.002296372878207402,0.96844482421875,0.0020559578607844695,4.999922996142708,6.896749670333766e-05,0.0,0.0,-0.41371581344517555,0.007406086252428738,0.0,0.0,4096.0,0.0,0.09062716800492998,0.009848665469180217,0.0,0.0,0.0,0.0,0.0,0.0
main,1e-06,8,0.5,100,8,4,2.9986105681689876,0.0008737125525509097,2.9986105681689876,0.0008737125525509097,2.9986105681689876,0.0008737125525509097,0.0,0.0,2.9986105681689876,0.0008737125525509097,0.0,0.0,0.0,0.0,1.0,0.0,-inf,nan,0.0,0.0,4096.0,0.0,0.004999421436829854,0.0009923533592695669,1.0,0.0,0.0,0.0,0.0,0.0
main,1e-06,8,0.5,100,16,4,3.996790198016289,0.0006442537287523673,3.996790198016289,0.0006442537287523673,3.996790198016289,0.0006442537287523673,0.0,0.0,3.996790198016289,0.0006442537287523673,0.0,0.0,0.0,0.0,1.0,0.0,-inf,nan,0.0,0.0,4096.0,0.0,0.0214704358980935,0.0012598886918090593,1.0,0.0,0.0,0.0,0.0,0.0
main,1e-06,8,0.5,100,32,4,4.994220536060709,0.000852674908354701,4.994220536060709,0.000852674908354701,4.994220536060709,0.000852674908354701,0.0,0.0,4.994220536060709,0.000852674908354701,0.0,0.0,0.0,0.0,1.0,0.0,-inf,nan,0.0,0.0,4096.0,0.0,0.08663302918776594,0.0057435156859346505,1.0,0.0,0.0,0.0,0.0,0.0
main,1e-06,8,0.5,1000,8,4,2.9988812976287162,0.00034528064205346937,2.9988812976287162,0.00034528064205346937,2.9988812976287162,0.00034528064205346937,0.0,0.0,2.9988812976287162,0.00034528064205346937,0.0,0.0,0.0,0.0,1.0,0.0,-inf,nan,0.0,0.0,4096.0,0.0,0.005459499973451409,0.0021988505727869533,1.0,0.0,0.0,0.0,0.0,0.0
main,1e-06,8,0.5,1000,16,4,3.9975892963161703,0.000544961179750815,3.9975892963161703,0.000544961179750815,3.9975892963161703,0.000544961179750815,0.0,0.0,3.9975892963161703,0.000544961179750815,0.0,0.0,0.0,0.0,1.0,0.0,-inf,nan,0.0,0.0,4096.0,0.0,0.01923953832861991,0.0012274549877391377,1.0,0.0,0.0,0.0,0.0,0.0
main,1e-06,8,0.5,1000,32,4,4.994522635147667,0.0006286733458863808,4.994522635147667,0.0006286733458863808,4.994522635147667,0.0006286733458863808,0.0,0.0,4.994522635147667,0.0006286733458863808,0.0,0.0,0.0,0.0,1.0,0.0,-inf,nan,0.0,0.0,4096.0,0.0,0.08959558537493884,0.003585106163740455,1.0,0.0,0.0,0.0,0.0,0.0
main,1e-06,8,0.5,7500,8,4,2.999022520070642,0.0005781014072797796,2.999022520070642,0.0005781014072797796,2.999022520070642,0.0005781014072797796,0.0,0.0,2.999022520070642,0.0005781014072797796,0.0,0.0,0.0,0.0,1.0,0.0,-inf,nan,0.0,0.0,4096.0,0.0,0.004456947875626227,0.0008786973264356593,1.0,0.0,0.0,0.0,0.0,0.0
main,1e-06,8,0.5,7500,16,4,3.9971377024372945,0.0015450292774227441,3.9971377024372945,0.0015450292774227441,3.9971377024372945,0.0015450292774227441,0.0,0.0,3.9971377024372945,0.0015450292774227441,0.0,0.0,0.0,0.0,1.0,0.0,-inf,nan,0.0,0.0,4096.0,0.0,0.021801923566765913,0.004974482412714921,1.0,0.0,0.0,0.0,0.0,0.0
main,1e-06,8,0.5,7500,32,4,4.99341271192608,0.0018303010717781326,4.99341271192608,0.0018303010717781326,4.99341271192608,0.0018303010717781326,0.0,0.0,4.99341271192608,0.0018303010717781326,0.0,0.0,0.0,0.0,1.0,0.0,-inf,nan,0.0,0.0,4096.0,0.0,0.0891187002513214,0.004702261924710506,1.0,0.0,0.0,0.0,0.0,0.0
main,1e-06,8,0.5,30000,8,4,2.9989972685295636,0.0004087011338895364,2.9989972685295636,0.0004087011338895364,2.9989972685295636,0.0004087011338895364,0.0,0.0,2.9989972685295636,0.0004087011338895364,0.0,0.0,0.0,0.0,1.0,0.0,-inf,nan,0.0,0.0,4096.0,0.0,0.006046884339201197,0.0017888762775439802,1.0,0.0,0.0,0.0,0.0,0.0
main,1e-06,8,0.5,30000,16,4,3.997075029838661,0.001186753807146228,3.997075029838661,0.001186753807146228,3.997075029838661,0.001186753807146228,0.0,0.0,3.997075029838661,0.001186753807146228,0.0,0.0,0.0,0.0,1.0,0.0,-inf,nan,0.0,0.0,4096.0,0.0,0.021927837085188306,0.003723530843767903,1.0,0.0,0.0,0.0,0.0,0.0
main,1e-06,8,0.5,30000,32,4,4.9948419538112745,0.0011061434584977046,4.9948419538112745,0.0011061434584977046,4.9948419538112745,0.0011061434584977046,0.0,0.0,4.9948419538112745,0.0011061434584977046,0.0,0.0,0.0,0.0,1.0,0.0,-inf,nan,0.0,0.0,4096.0,0.0,0.08979200178341662,0.0050202104033471705,1.0,0.0,0.0,0.0,0.0,0.0
sensitivity,1e-08,0,0.3385318486896931,0,8,2,2.9988957228303965,0.0007440282437888833,2.9988957228303965,0.0007440282437888833,5.9900371617532775,0.0011073586541016497,2.991141438922881,0.00036333041031276644,0.00775428390751598,0.00038069783347611684,0.877685546875,0.015537014235055976,2.999140153874227,0.0005851433433615182,0.0,0.0,-0.4383130760074314,0.012964305997081605,0.0,0.0,2048.0,0.0,0.010453736230641386,0.005716497776799702,0.0,0.0,0.0,0.0,0.0,0.0
sensitivity,1e-08,0,0.3385318486896931,0,16,2,3.9968338905715184,0.0015950005822077734,3.9968338905715184,0.0015950005822077734,7.951698369328476,0.0037547544390564417,3.9548644787569573,0.0053497550212642155,0.04196941181456104,0.006944755603471989,0.936279296875,0.011393810439041049,3.9991949808827725,0.00029556769007582303,0.0,0.0,-0.4383130760074314,0.012964305997081605,0.0,0.0,2048.0,0.0,0.04695511760308335,0.001984876417706728,0.0,0.0,0.0,0.0,0.0,0.0
sensitivity,1e-08,0,0.3385318486896931,0,32,2,4.993630926599,0.0013953490383160395,4.993630926599,0.0013953490383160395,9.794656313869773,0.0010814570196263592,4.801025387270773,0.0003138920186896804,0.19260553932822777,0.00170924105700572,0.967529296875,0.005869538711021146,4.999568365454907,0.0003120134864762253,0.0,0.0,-0.4383130760074314,0.012964305997081605,0.0,0.0,2048.0,0.0,0.18932584914749473,0.001081113163038502,0.0,0.0,0.0,0.0,0.0,0.0
sensitivity,1e-08,0,0.3385318486896931,100,8,2,2.9978377227070148,6.689552862632642e-05,2.9978377227070148,6.689552862632642e-05,3.54465706033668,0.032803706674978395,0.5468193376296655,0.03287060220360472,2.451018385077349,0.03293749773223105,0.078369140625,0.00794114060902861,0.6161013648559878,0.0505407047287793,0.482421875,0.008286407592029853,-11.064306068148344,0.250803210830131,0.0,0.0,2048.0,0.0,0.008801544516212179,0.0002442279161065647,0.868408203125,0.005869538711021146,0.67529296875,0.006905339660024878,1.314697265625,0.003797936813013683
sensitivity,1e-08,0,0.3385318486896931,100,16,2,3.9949320942045334,0.0011505414635642286,3.9949320942045334,0.0011505414635642286,4.780516471795775,0.0340431541009305,0.7855843775912419,0.035193695564494726,3.2093477166132915,0.03634423702805895,0.114990234375,0.00794114060902861,0.9638175915174808,0.054409810670692234,0.482421875,0.008286407592029853,-11.064306068148344,0.250803210830131,0.0,0.0,2048.0,0.0,0.04987359148163195,0.005053686623949078,0.868408203125,0.005869538711021146,0.67529296875,0.006905339660024878,1.314697265625,0.003797936813013683
sensitivity,1e-08,0,0.3385318486896931,100,32,2,4.98965817510374,0.0046027230324326394,4.98965817510374,0.0046027230324326394,5.974056012170294,0.03838293291668922,0.9843978370665547,0.042985655949121855,4.005260338037186,0.0475883789815545,0.145263671875,0.011393810439041049,1.3171470821183522,0.08558712233066565,0.482421875,0.008286407592029853,-11.064306068148344,0.250803210830131,0.0,0.0,2048.0,0.0,0.19072767302895421,0.016179958435726918,0.868408203125,0.005869538711021146,0.67529296875,0.006905339660024878,1.314697265625,0.003797936813013683
sensitivity,1e-08,0,0.3385318486896931,1000,8,2,2.9987974500617023,0.0008792015184278348,2.9987974500617023,0.0008792015184278348,3.334503565319965,0.049598315472444886,0.3357061152582623,0.048719113954017054,2.66309133480344,0.047839912435589216,0.0439453125,0.008286407592029853,0.3828766335246125,0.06011751824273759,0.715087890625,0.0024168688810087074,-23.775314815334852,0.25990955461754256,0.0,0.0,2048.0,0.0,0.008153055785868446,0.0005182629460971206,1.0,0.0,0.9853515625,0.0006905339660024879,11.82177734375,0.003452669830012439
sensitivity,1e-08,0,0.3385318486896931,1000,16,2,3.995994997186637,0.000774235099827736,3.995994997186637,0.000774235099827736,4.477967631050374,0.02251070162981596,0.481972633863738,0.02173646652998823,3.5140223633228986,0.020962231430160492,0.0654296875,0.0041432037960149265,0.6041572225644326,0.03208354710418376,0.715087890625,0.0024168688810087074,-23.775314815334852,0.25990955461754256,0.0,0.0,2048.0,0.0,0.04432692334484978,0.00559771359506924,1.0,0.0,0.9853515625,0.0006905339660024879,11.82177734375,0.003452669830012439
sensitivity,1e-08,0,0.3385318486896931,1000,32,2,4.988689153056055,0.0006618462272453705,4.988689153056055,0.0006618462272453705,5.609493189015607,0.03543509071735934,0.6208040359595528,0.03609693694460471,4.3678851170965025,0.036758783171850086,0.085693359375,0.004488470779016171,0.846378012932196,0.0375682587885329,0.715087890625,0.0024168688810087074,-23.775314815334852,0.25990955461754256,0.0,0.0,2048.0,0.0,0.18564176314946046,0.022779012978582633,1.0,0.0,0.9853515625,0.0006905339660024879,11.82177734375,0.003452669830012439
sensitivity,1e-08,0,0.3385318486896931,7500,8,2,2.9983002067685036,0.0011163084683934522,2.9983002067685036,0.0011163084683934522,3.3030381658032164,0.013423534559146261,0.304737959034713,0.012307226090752807,2.693562247733791,0.011190917622359355,0.0390625,0.0020716018980074633,0.3475982081018983,0.015388436975090486,0.74267578125,0.004833737762017415,-26.32210298007172,0.08447627106518861,0.0,0.0,2048.0,0.0,0.012774543911367342,0.0023821661232858535,1.0,0.0,0.999755859375,0.00034526698300124393,73.968017578125,0.3718525406923397
sensitivity,1e-08,0,0.3385318486896931,7500,16,2,3.9956131792215404,0.001944517478120348,3.9956131792215404,0.001944517478120348,4.422385185377198,0.03120186740772652,0.4267720061556577,0.03314638488584687,3.5688411730658824,0.03509090236396722,0.056396484375,0.004488470779016171,0.5331693014103118,0.03578277931272747,0.74267578125,0.004833737762017415,-26.32210298007172,0.08447627106518861,0.0,0.0,2048.0,0.0,0.0414332039901848,0.0012695929918479208,1.0,0.0,0.999755859375,0.00034526698300124393,73.968017578125,0.3718525406923397
sensitivity,1e-08,0,0.3385318486896931,7500,32,2,4.989841907757225,0.001090538811959355,4.989841907757225,0.001090538811959355,5.544273537124258,0.04062965038076426,0.5544316293670333,0.04172018919272361,4.435410278390192,0.04281072800468297,0.076171875,0.004833737762017415,0.7657954125205497,0.04135248930159386,0.74267578125,0.004833737762017415,-26.32210298007172,0.08447627106518861,0.0,0.0,2048.0,0.0,0.18380380231532722,0.0018192854707772999,1.0,0.0,0.999755859375,0.00034526698300124393,73.968017578125,0.3718525406923397
sensitivity,1e-08,0,0.3385318486896931,30000,8,2,2.9968053767875267,0.0022568018687054918,2.9968053767875267,0.0022568018687054918,3.2869355672657408,0.0001617378948966019,0.2901301904782141,0.0024185397636020934,2.7066751863093126,0.004675341632307585,0.037109375,0.0006905339660024879,0.3330524317548256,0.005182397210185523,0.723876953125,0.00794114060902861,-25.582777132720842,1.5100164720708233,0.0,0.0,2048.0,0.0,0.008372939114717592,0.0019132927898553942,1.0,0.0,1.0,0.0,287.4677734375,1.190480557388289
sensitivity,1e-08,0,0.3385318486896931,30000,16,2,3.9942050734328856,0.00179241496240786,3.9942050734328856,0.00179241496240786,4.410666288321224,2.649818064124319e-05,0.41646121488833865,0.0017659167817666167,3.577743858544547,0.003558331744174477,0.05517578125,0.0006905339660024879,0.5235515704713055,0.005527619610111985,0.723876953125,0.00794114060902861,-25.582777132720842,1.5100164720708233,0.0,0.0,2048.0,0.0,0.04020867544624496,0.005636039614732887,1.0,0.0,1.0,0.0,287.4677734375,1.190480557388289
sensitivity,1e-08,0,0.3385318486896931,30000,32,2,4.989098248262646,0.002786084753777321,4.989098248262646,0.002786084753777321,5.547008156956636,0.009832377681375232,0.5579099086939907,0.007046292927597912,4.431188339568655,0.0042602081738205904,0.077880859375,0.0010358009490037316,0.7804995715498035,0.008824847874913212,0.723876953125,0.00794114060902861,-25.582777132720842,1.5100164720708233,0.0,0.0,2048.0,0.0,0.18313761009587726,0.01261845467271718,1.0,0.0,1.0,0.0,287.4677734375,1.190480557388289
sensitivity,1e-08,1,0.3505318486896931,0,8,2,2.9988957228303965,0.0007440282437888833,2.9988957228303965,0.0007440282437888833,5.9900371617532775,0.0011073586541016497,2.991141438922881,0.00036333041031276644,0.00775428390751598,0.00038069783347611684,0.877685546875,0.015537014235055976,2.999140153874227,0.0005851433433615182,0.0,0.0,-0.4383130760074314,0.012964305997081605,0.0,0.0,2048.0,0.0,0.009927048091521673,0.0009363369908762298,0.0,0.0,0.0,0.0,0.0,0.0
sensitivity,1e-08,1,0.3505318486896931,0,16,2,3.9968338905715184,0.0015950005822077734,3.9968338905715184,0.0015950005822077734,7.951698369328476,0.0037547544390564417,3.9548644787569573,0.0053497550212642155,0.04196941181456104,0.006944755603471989,0.936279296875,0.011393810439041049,3.9991949808827725,0.00029556769007582303,0.0,0.0,-0.4383130760074314,0.012964305997081605,0.0,0.0,2048.0,0.0,0.044855344296948374,0.003795185234013689,0.0,0.0,0.0,0.0,0.0,0.0
sensitivity,1e-08,1,0.3505318486896931,0,32,2,4.993630926599,0.0013953490383160395,4.993630926599,0.0013953490383160395,9.794656313869773,0.0010814570196263592,4.801025387270773,0.0003138920186896804,0.19260553932822777,0.00170924105700572,0.967529296875,0.005869538711021146,4.999568365454907,0.0003120134864762253,0.0,0.0,-0.4383130760074314,0.012964305997081605,0.0,0.0,2048.0,0.0,0.1994511417317959,0.01114228194772757,0.0,0.0,0.0,0.0,0.0,0.0
sensitivity,1e-08,1,0.3505318486896931,100,8,2,2.9967596764564854,0.0009089874088749707,2.9967596764564854,0.0009089874088749707,3.3530042164839156,0.03394459684322198,0.3562445400274301,0.03485358425209695,2.6405151364290553,0.035762571660971916,0.04638671875,0.0041432037960149265,0.400928964115329,0.029706495945231223,0.600341796875,0.010012742507036073,-14.780908844978903,0.05492131000833806,0.0,0.0,2048.0,0.0,0.010911944447716149,0.0033377593146638076,0.920166015625,0.004488470779016171,0.684814453125,0.005179004745018659,1.380615234375,0.04522997477316295
sensitivity,1e-08,1,0.3505318486896931,100,16,2,3.9949760154820266,0.00013353930580323116,3.9949760154820266,0.00013353930580323116,4.517545153675234,0.02575347583368068,0.5225691381932067,0.025887015139483913,3.47240687728882,0.026020554445287142,0.071044921875,0.0017263349150062196,0.6473595007323466,0.013147363732492022,0.600341796875,0.010012742507036073,-14.780908844978903,0.05492131000833806,0.0,0.0,2048.0,0.0,0.038987398152642516,0.0035677361545136763,0.920166015625,0.004488470779016171,0.684814453125,0.005179004745018659,1.380615234375,0.04522997477316295
sensitivity,1e-08,1,0.3505318486896931,100,32,2,4.990251641084451,0.0004318675243313265,4.990251641084451,0.0004318675243313265,5.697906729299525,0.024121211126272323,0.7076550882150747,0.023689343601940995,4.282596552869377,0.023257476077609668,0.1005859375,0.0013810679320049757,0.9691651007945583,0.01120705623381134,0.600341796875,0.010012742507036073,-14.780908844978903,0.05492131000833806,0.0,0.0,2048.0,0.0,0.19173456428022728,0.008617929125934233,0.920166015625,0.004488470779016171,0.684814453125,0.005179004745018659,1.380615234375,0.04522997477316295
sensitivity,1e-08,1,0.3505318486896931,1000,8,2,2.998808513561772,0.00011772339082038842,2.998808513561772,0.00011772339082038842,3.124374984496047,0.009738202014285985,0.12556647093427498,0.009855925405106374,2.8732420426274974,0.009973648795926762,0.0146484375,0.0013810679320049757,0.15130788205539902,0.012264221101045976,0.888427734375,0.008631674575031098,-53.552998502124076,0.019401971837031594,0.0,0.0,2048.0,0.0,0.010689174082418873,0.00018331499974547828,1.0,0.0,0.9296875,0.008976941558032341,8.2880859375,0.05524271728019903
sensitivity,1e-08,1,0.3505318486896931,1000,16,2,3.9959870195268548,0.002375347462334595,3.9959870195268548,0.002375347462334595,4.175685926825916,0.0206571800080034,0.17969890729906135,0.02303252747033799,3.8162881122277934,0.02540787493267259,0.021728515625,0.0024168688810087074,0.23583039170562858,0.022720871805267107,0.888427734375,0.008631674575031098,-53.552998502124076,0.019401971837031594,0.0,0.0,2048.0,0.0,0.03909452593046048,0.01126024980410799,1.0,0.0,0.9296875,0.008976941558032341,8.2880859375,0.05524271728019903
sensitivity,1e-08,1,0.3505318486896931,1000,32,2,4.992912679544479,0.0050303616528189436,4.992912679544479,0.0050303616528189436,5.2270943196674455,0.01836517395058686,0.23418164012296616,0.023395535603405803,4.758731039421512,0.02842589725622475,0.02978515625,0.0020716018980074633,0.3408212081627263,0.02067544992998907,0.888427734375,0.008631674575031098,-53.552998502124076,0.019401971837031594,0.0,0.0,2048.0,0.0,0.188137086481035,0.0032539107333204227,1.0,0.0,0.9296875,0.008976941558032341,8.2880859375,0.05524271728019903
sensitivity,1e-08,1,0.3505318486896931,7500,8,2,2.9967547845374556,0.0021063521359087722,2.9967547845374556,0.0021063521359087722,3.0288633739291817,0.00855467387158202,0.032108589391725895,0.010661026007490793,2.96464619514573,0.012767378143399566,0.003173828125,0.0010358009490037316,0.03969961543902793,0.011513283701607991,0.975830078125,0.0024168688810087074,-188.36591933398483,8.982684419564588,0.0,0.0,2048.0,0.0,0.012939816183908714,0.004317781360852779,1.0,0.0,0.963134765625,0.005179004745018659,22.39306640625,0.08562621178430849
sensitivity,1e-08,1,0.3505318486896931,7500,16,2,3.9945658109640956,0.003347992061610914,3.9945658109640956,0.003347992061610914,4.037086801082584,0.017622707988756047,0.042520990118488866,0.020970700050366962,3.9520448208456065,0.024318692111977874,0.004638671875,0.0024168688810087074,0.060291575148031004,0.02824428893468066,0.975830078125,0.0024168688810087074,-188.36591933398483,8.982684419564588,0.0,0.0,2048.0,0.0,0.037769832279590076,0.0030436457572843717,1.0,0.0,0.963134765625,0.005179004745018659,22.39306640625,0.08562621178430849
sensitivity,1e-08,1,0.3505318486896931,7500,32,2,4.989780808226884,0.0033991588179849855,4.989780808226884,0.0033991588179849855,5.045528473220365,0.012387252369929764,0.05574766499348094,0.015786411187914746,4.934033143233403,0.019185570005899735,0.0068359375,0.0020716018980074633,0.09263368457118312,0.025166112731820147,0.975830078125,0.0024168688810087074,-188.36591933398483,8.982684419564588,0.0,0.0,2048.0,0.0,0.19025703042900677,0.006631126079042672,1.0,0.0,0.963134765625,0.005179004745018659,22.39306640625,0.08562621178430849
sensitivity,1e-08,1,0.3505318486896931,30000,8,2,2.9986919046667793,0.00010566198666639517,2.9986919046667793,0.00010566198666639517,3.0012388765755773,0.003707624203071881,0.002546971908798046,0.003601962216405486,2.996144932757981,0.003496300229739091,0.000244140625,0.00034526698300124393,0.0037230707239101686,0.005265217111427977,0.995849609375,0.00034526698300124393,-535.4786051246322,15.513797888990362,0.0,0.0,2048.0,0.0,0.008575136997555077,0.003571575851642449,1.0,0.0,0.97265625,0.004833737762017415,34.185791015625,0.809651075137917
sensitivity,1e-08,1,0.3505318486896931,30000,16,2,3.994404460101606,0.0035467350582799955,3.994404460101606,0.0035467350582799955,3.9989934267050793,0.0035557888482796508,0.004588966603473299,9.053789999655033e-06,3.9898154934981327,0.0035376812682803406,0.00048828125,0.0,0.00798302410092137,0.0,0.995849609375,0.00034526698300124393,-535.4786051246322,15.513797888990362,0.0,0.0,2048.0,0.0,0.04698070534070986,0.006110552364785279,1.0,0.0,0.97265625,0.004833737762017415,34.185791015625,0.809651075137917
sensitivity,1e-08,1,0.3505318486896931,30000,32,2,4.987868256129012,0.0033195006170882104,4.987868256129012,0.0033195006170882104,4.9940673502718775,0.006220794323774059,0.006199094142865569,0.0029012937066858484,4.981669161986146,0.00041820691040236207,0.000732421875,0.00034526698300124393,0.012253152450023598,0.005315673255531238,0.995849609375,0.00034526698300124393,-535.4786051246322,15.513797888990362,0.0,0.0,2048.0,0.0,0.19241906969287115,0.001748341370689506,1.0,0.0,0.97265625,0.004833737762017415,34.185791015625,0.809651075137917
sensitivity,1e-06,0,0.3385318486896931,0,8,2,2.9988957228303965,0.0007440282437888833,2.9988957228303965,0.0007440282437888833,5.9900371617532775,0.0011073586541016497,2.991141438922881,0.00036333041031276644,0.00775428390751598,0.00038069783347611684,0.877685546875,0.015537014235055976,2.999140153874227,0.0005851433433615182,0.0,0.0,-0.4383130760074314,0.012964305997081605,0.0,0.0,2048.0,0.0,0.010453736230641386,0.005716497776799702,0.0,0.0,0.0,0.0,0.0,0.0
sensitivity,1e-06,0,0.3385318486896931,0,16,2,3.9968338905715184,0.0015950005822077734,3.9968338905715184,0.0015950005822077734,7.951698369328476,0.0037547544390564417,3.9548644787569573,0.0053497550212642155,0.04196941181456104,0.006944755603471989,0.936279296875,0.011393810439041049,3.9991949808827725,0.00029556769007582303,0.0,0.0,-0.4383130760074314,0.012964305997081605,0.0,0.0,2048.0,0.0,0.04695511760308335,0.001984876417706728,0.0,0.0,0.0,0.0,0.0,0.0
sensitivity,1e-06,0,0.3385318486896931,0,32,2,4.993630926599,0.0013953490383160395,4.993630926599,0.0013953490383160395,9.794656313869773,0.0010814570196263592,4.801025387270773,0.0003138920186896804,0.19260553932822777,0.00170924105700572,0.967529296875,0.005869538711021146,4.999568365454907,0.0003120134864762253,0.0,0.0,-0.4383130760074314,0.012964305997081605,0.0,0.0,2048.0,0.0,0.18932584914749473,0.001081113163038502,0.0,0.0,0.0,0.0,0.0,0.0
sensitivity,1e-06,0,0.3385318486896931,100,8,2,2.9986241118625534,0.0002577259907195953,2.9986241118625534,0.0002577259907195953,3.5394955625016675,0.012803798812920686,0.5408714506391143,0.013061524803640282,2.457752661223439,0.013319250794359878,0.078125,0.0006905339660024879,0.614860021792504,0.004397374986990133,0.49267578125,0.0041432037960149265,-11.33980199944012,0.15089407028009805,0.0,0.0,2048.0,0.0,0.01019184995590594,0.0013414411756078317,0.868408203125,0.005869538711021146,0.671142578125,0.006560072677023634,1.310302734375,0.0369435671811331
sensitivity,1e-06,0,0.3385318486896931,100,16,2,3.9938230152905305,0.0017598784041711105,3.9938230152905305,0.0017598784041711105,4.7751971091269425,0.009046664801376652,0.7813740938364115,0.010806543205547763,3.212448921454119,0.012566421609718872,0.115478515625,0.0017263349150062196,0.9673742060454954,0.011815363685493869,0.49267578125,0.0041432037960149265,-11.33980199944012,0.15089407028009805,0.0,0.0,2048.0,0.0,0.041965859221222424,0.00664826453316181,0.868408203125,0.005869538711021146,0.671142578125,0.006560072677023634,1.310302734375,0.0369435671811331
sensitivity,1e-06,0,0.3385318486896931,100,32,2,4.987976454685205,6.772769712087063e-05,4.987976454685205,6.772769712087063e-05,5.989016599665947,0.015838639153265215,1.0010401449807422,0.015770911456144343,3.9869363097044626,0.01570318375902347,0.14990234375,0.005524271728019903,1.3521551210563405,0.041199798606920184,0.49267578125,0.0041432037960149265,-11.33980199944012,0.15089407028009805,0.0,0.0,2048.0,0.0,0.19042987451923565,0.0067855422570759685,0.868408203125,0.005869538711021146,0.671142578125,0.006560072677023634,1.310302734375,0.0369435671811331
sensitivity,1e-06,0,0.3385318486896931,1000,8,2,2.996864919910205,3.490862169561089e-05,2.996864919910205,3.490862169561089e-05,3.3609122919107506,0.0012334268050908502,0.3640473720005455,0.0012683354267864612,2.632817547909659,0.001303244048482072,0.048095703125,0.00034526698300124393,0.4132726658482547,0.002456297583927428,0.707763671875,0.005869538711021146,-22.77997443883252,0.2258343862648465,0.0,0.0,2048.0,0.0,0.009159737413192204,0.0013273154928208492,1.0,0.0,0.984619140625,0.003107402847011195,11.947021484375,0.024513955793088318
sensitivity,1e-06,0,0.3385318486896931,1000,16,2,3.9949027276706333,0.00010744008420089184,3.9949027276706333,0.00010744008420089184,4.503304026730746,0.0006951780456722434,0.5084012990601128,0.0005877379614713516,3.4865014286105205,0.00048029787727045975,0.0673828125,0.0006905339660024879,0.619334570070741,0.005315547908313505,0.707763671875,0.005869538711021146,-22.77997443883252,0.2258343862648465,0.0,0.0,2048.0,0.0,0.0373437446996161,0.00525776963546538,1.0,0.0,0.984619140625,0.003107402847011195,11.947021484375,0.024513955793088318
sensitivity,1e-06,0,0.3385318486896931,1000,32,2,4.986951134922602,0.001447359143905375,4.986951134922602,0.001447359143905375,5.632855093816186,0.022189649969625382,0.6459039588935829,0.023637009113530758,4.34104717602902,0.025084368257436134,0.088134765625,0.005179004745018659,0.8667295983628649,0.04311855643722519,0.707763671875,0.005869538711021146,-22.77997443883252,0.2258343862648465,0.0,0.0,2048.0,0.0,0.19386098795729545,0.008155927513418332,1.0,0.0,0.984619140625,0.003107402847011195,11.947021484375,0.024513955793088318
sensitivity,1e-06,0,0.3385318486896931,7500,8,2,2.99835163294936,0.000753044105951174,2.99835163294936,0.000753044105951174,3.31672544456258,0.020502028506550418,0.3183738116132202,0.019748984400599242,2.6799778213361396,0.01899594029464807,0.041015625,0.0020716018980074633,0.36203562684924573,0.015236472374761114,0.73388671875,0.01242961138804478,-26.720067822659736,1.7930557777539295,0.0,0.0,2048.0,0.0,0.012650402096169966,2.726050598473888e-05,1.0,0.0,1.0,0.0,74.593994140625,0.20336225298773267
sensitivity,1e-06,0,0.3385318486896931,7500,16,2,3.9945043400047293,2.8018896437879055e-05,3.9945043400047293,2.8018896437879055e-05,4.464155577780934,0.021297394852289465,0.46965123777620477,0.021325413748727345,3.5248531022285245,0.021353432645165222,0.062255859375,0.003107402847011195,0.5795026663534127,0.024300206350508256,0.73388671875,0.01242961138804478,-26.720067822659736,1.7930557777539295,0.0,0.0,2048.0,0.0,0.050529980637023186,0.012000887571471138,1.0,0.0,1.0,0.0,74.593994140625,0.20336225298773267
sensitivity,1e-06,0,0.3385318486896931,7500,32,2,4.98737141844887,0.001698993471255781,4.98737141844887,0.001698993471255781,5.59179619933419,0.036791839931094826,0.6044247808853198,0.038490833402350606,4.38294663756355,0.04018982687360639,0.08349609375,0.0041432037960149265,0.8279547760754302,0.03484786735181059,0.73388671875,0.01242961138804478,-26.720067822659736,1.7930557777539295,0.0,0.0,2048.0,0.0,0.1847399311099167,0.004058246056749888,1.0,0.0,1.0,0.0,74.593994140625,0.20336225298773267
sensitivity,1e-06,0,0.3385318486896931,30000,8,2,2.9983155024610717,0.0007664236824667162,2.9983155024610717,0.0007664236824667162,3.3361801440749614,0.04109802944098579,0.33786464161388996,0.040331605758519073,2.6604508608471815,0.039565182076052356,0.044189453125,0.005179004745018659,0.38500763870444704,0.03751648714368907,0.7353515625,0.007595873626027366,-26.572031551208305,0.6717059035391671,0.0,0.0,2048.0,0.0,0.004795909352414807,0.0009194588344097475,1.0,0.0,1.0,0.0,287.68017578125,0.4930412517257763
sensitivity,1e-06,0,0.3385318486896931,30000,16,2,3.995920195906918,0.0005103007751427296,3.995920195906918,0.0005103007751427296,4.464975561777395,0.06632506921228509,0.4690553658704777,0.06683536998742783,3.5268648300364402,0.06734567076257054,0.06201171875,0.008286407592029853,0.57722609622289,0.06486592271477716,0.7353515625,0.007595873626027366,-26.572031551208305,0.6717059035391671,0.0,0.0,2048.0,0.0,0.046850352082028035,0.0034941202982532323,1.0,0.0,1.0,0.0,287.68017578125,0.4930412517257763
sensitivity,1e-06,0,0.3385318486896931,30000,32,2,4.989443692119739,0.0032006688348916847,4.989443692119739,0.0032006688348916847,5.572820811271615,0.09926602666990902,0.5833771191518773,0.10246669550480071,4.406066572967861,0.10566736433969239,0.079345703125,0.014155946303051,0.7919718837663066,0.1202469571510994,0.7353515625,0.007595873626027366,-26.572031551208305,0.6717059035391671,0.0,0.0,2048.0,0.0,0.18960462628281594,0.0061999981057368645,1.0,0.0,1.0,0.0,287.68017578125,0.4930412517257763
sensitivity,1e-06,1,0.3505318486896931,0,8,2,2.9988957228303965,0.0007440282437888833,2.9988957228303965,0.0007440282437888833,5.9900371617532775,0.0011073586541016497,2.991141438922881,0.00036333041031276644,0.00775428390751598,0.00038069783347611684,0.877685546875,0.015537014235055976,2.999140153874227,0.0005851433433615182,0.0,0.0,-0.4383130760074314,0.012964305997081605,0.0,0.0,2048.0,0.0,0.009927048091521673,0.0009363369908762298,0.0,0.0,0.0,0.0,0.0,0.0
sensitivity,1e-06,1,0.3505318486896931,0,16,2,3.9968338905715184,0.0015950005822077734,3.9968338905715184,0.0015950005822077734,7.951698369328476,0.0037547544390564417,3.9548644787569573,0.0053497550212642155,0.04196941181456104,0.006944755603471989,0.936279296875,0.011393810439041049,3.9991949808827725,0.00029556769007582303,0.0,0.0,-0.4383130760074314,0.012964305997081605,0.0,0.0,2048.0,0.0,0.044855344296948374,0.003795185234013689,0.0,0.0,0.0,0.0,0.0,0.0
sensitivity,1e-06,1,0.3505318486896931,0,32,2,4.993630926599,0.0013953490383160395,4.993630926599,0.0013953490383160395,9.794656313869773,0.0010814570196263592,4.801025387270773,0.0003138920186896804,0.19260553932822777,0.00170924105700572,0.967529296875,0.005869538711021146,4.999568365454907,0.0003120134864762253,0.0,0.0,-0.4383130760074314,0.012964305997081605,0.0,0.0,2048.0,0.0,0.1994511417317959,0.01114228194772757,0.0,0.0,0.0,0.0,0.0,0.0
sensitivity,1e-06,1,0.3505318486896931,100,8,2,2.998359698514749,0.00041980869126810816,2.998359698514749,0.00041980869126810816,3.3861607665342754,0.04548967557678794,0.38780106801952674,0.04590948426805604,2.610558630495222,0.046329292959324156,0.052978515625,0.008631674575031098,0.4471099739507898,0.06016680252150735,0.60107421875,0.0013810679320049757,-14.791811327015473,0.09800728324603462,0.0,0.0,2048.0,0.0,0.010909884675823989,0.004472434003309577,0.920166015625,0.004488470779016171,0.68017578125,0.005524271728019903,1.386474609375,0.012774878371046025
sensitivity,1e-06,1,0.3505318486896931,100,16,2,3.9949747667890048,0.0008171956171449853,3.9949747667890048,0.0008171956171449853,4.5676046775537875,0.012263388830905414,0.5726299107647825,0.013080584448050398,3.4223448560242224,0.013897780065195384,0.0810546875,0.003452669830012439,0.7224986524415271,0.025584692875775476,0.60107421875,0.0013810679320049757,-14.791811327015473,0.09800728324603462,0.0,0.0,2048.0,0.0,0.039727928418889835,0.00873438472612406,0.920166015625,0.004488470779016171,0.68017578125,0.005524271728019903,1.386474609375,0.012774878371046025
sensitivity,1e-06,1,0.3505318486896931,100,32,2,4.989692622702019,0.0009210974673863052,4.989692622702019,0.0009210974673863052,5.757364427950509,0.011712586975807762,0.7676718052484901,0.010791489508421456,4.2220208174535285,0.009870392041035151,0.112060546875,0.0024168688810087074,1.0612488487224387,0.019190988353713564,0.60107421875,0.0013810679320049757,-14.791811327015473,0.09800728324603462,0.0,0.0,2048.0,0.0,0.19156853979929256,0.010479421856525678,0.920166015625,0.004488470779016171,0.68017578125,0.005524271728019903,1.386474609375,0.012774878371046025
sensitivity,1e-06,1,0.3505318486896931,1000,8,2,2.998605858971861,5.6863149584461856e-05,2.998605858971861,5.6863149584461856e-05,3.1277237836856564,0.02718702583136867,0.12911792471379546,0.02724388898095313,2.8694879342580655,0.027300752130537592,0.014404296875,0.0024168688810087074,0.14903607155788973,0.02152748150301326,0.89404296875,0.003452669830012439,-55.45462260765668,0.07593410864796575,0.0,0.0,2048.0,0.0,0.008575553092971422,0.00021843950140795003,1.0,0.0,0.930908203125,0.008631674575031098,8.40234375,0.03521723226612688
sensitivity,1e-06,1,0.3505318486896931,1000,16,2,3.9935366386688917,0.0011229791415546186,3.9935366386688917,0.0011229791415546186,4.169552706467228,0.03239593859099956,0.17601606779833667,0.03351891773255418,3.817520570870555,0.034641896874108805,0.02099609375,0.003452669830012439,0.22881718905259812,0.03263903811285373,0.89404296875,0.003452669830012439,-55.45462260765668,0.07593410864796575,0.0,0.0,2048.0,0.0,0.04225465868852307,0.0030456305663470037,1.0,0.0,0.930908203125,0.008631674575031098,8.40234375,0.03521723226612688
sensitivity,1e-06,1,0.3505318486896931,1000,32,2,4.987143124825215,0.002616474618066865,4.987143124825215,0.002616474618066865,5.2225042298494,0.013598923391807906,0.23536110502418506,0.010982448773741042,4.75178201980103,0.008365974155674177,0.030517578125,0.00034526698300124393,0.3481695022808453,0.0034332361481592324,0.89404296875,0.003452669830012439,-55.45462260765668,0.07593410864796575,0.0,0.0,2048.0,0.0,0.18805921201476572,0.021143063657621957,1.0,0.0,0.930908203125,0.008631674575031098,8.40234375,0.03521723226612688
sensitivity,1e-06,1,0.3505318486896931,7500,8,2,2.9989125613905214,0.0008436428264877227,2.9989125613905214,0.0008436428264877227,3.0298938448132997,0.010084221918727744,0.030981283422778505,0.009240579092240022,2.967931277967743,0.0083969362657523,0.003173828125,0.0010358009490037316,0.03969961543902793,0.011513283701607991,0.974365234375,0.003797936813013683,-197.12982679772534,4.7586581773381695,0.0,0.0,2048.0,0.0,0.008553174162386323,0.0033893983687117977,1.0,0.0,0.96484375,0.0041432037960149265,22.21142578125,0.08493567781830601
sensitivity,1e-06,1,0.3505318486896931,7500,16,2,3.995609337605565,0.00024708876314672915,3.995609337605565,0.00024708876314672915,4.0379560427292756,0.004201848403550333,0.04234670512371008,0.003954759640403605,3.953262632481855,0.0037076708772568754,0.004638671875,0.00034526698300124393,0.060749431121811165,0.004023369197100953,0.974365234375,0.003797936813013683,-197.12982679772534,4.7586581773381695,0.0,0.0,2048.0,0.0,0.052680202109176566,9.69283179891648e-05,1.0,0.0,0.96484375,0.0041432037960149265,22.21142578125,0.08493567781830601
sensitivity,1e-06,1,0.3505318486896931,7500,32,2,4.990851679887523,0.0034387941677801446,4.990851679887523,0.0034387941677801446,5.045504933451685,0.0018936201618921936,0.05465325356416084,0.0015451740058879506,4.936198426323363,0.004983968173668095,0.006591796875,0.00034526698300124393,0.0898873380302868,0.004208838127225137,0.974365234375,0.003797936813013683,-197.12982679772534,4.7586581773381695,0.0,0.0,2048.0,0.0,0.17835164760182387,0.007166540550179419,1.0,0.0,0.96484375,0.0041432037960149265,22.21142578125,0.08493567781830601
sensitivity,1e-06,1,0.3505318486896931,30000,8,2,2.9979077213039083,0.0010095611839465697,2.9979077213039083,0.0010095611839465697,3.0004550893798565,0.0025929612974156906,0.002547368075948242,0.0036025224813622603,2.99536035322796,0.00461208366530883,0.000244140625,0.00034526698300124393,0.0037230707239101686,0.005265217111427977,0.993408203125,0.00034526698300124393,-538.4607152139939,6.768797162174122,0.0,0.0,2048.0,0.0,0.009117250318645187,0.0045310446172303715,1.0,0.0,0.973388671875,0.003107402847011195,33.58349609375,0.011739077422042292
sensitivity,1e-06,1,0.3505318486896931,30000,16,2,3.996499547533687,0.0012043621462885785,3.996499547533687,0.0012043621462885785,3.998822906427679,0.0020813635118552823,0.0023233588939921557,0.0032857256581438603,3.9941761886396945,0.004490087804432439,0.000244140625,0.00034526698300124393,0.003991512050460685,0.005644850476137143,0.993408203125,0.00034526698300124393,-538.4607152139939,6.768797162174122,0.0,0.0,2048.0,0.0,0.04065583676617335,0.0016547615651295931,1.0,0.0,0.973388671875,0.003107402847011195,33.58349609375,0.011739077422042292
sensitivity,1e-06,1,0.3505318486896931,30000,32,2,4.990298579605259,0.0015012485975099943,4.990298579605259,0.0015012485975099943,4.998600262755229,0.004345514818665024,0.008301683149969374,0.0058467634161750185,4.981996896455289,0.0073480120136850124,0.0009765625,0.0006905339660024879,0.015827430198225127,0.01037046532272621,0.993408203125,0.00034526698300124393,-538.4607152139939,6.768797162174122,0.0,0.0,2048.0,0.0,0.19056776094727113,0.02268150296110499,1.0,0.0,0.973388671875,0.003107402847011195,33.58349609375,0.011739077422042292
sensitivity,0.0001,0,0.3385318486896931,0,8,2,2.9988957228303965,0.0007440282437888833,2.9988957228303965,0.0007440282437888833,5.9900371617532775,0.0011073586541016497,2.991141438922881,0.00036333041031276644,0.00775428390751598,0.00038069783347611684,0.877685546875,0.015537014235055976,2.999140153874227,0.0005851433433615182,0.0,0.0,-0.4383130760074314,0.012964305997081605,0.0,0.0,2048.0,0.0,0.010453736230641386,0.005716497776799702,0.0,0.0,0.0,0.0,0.0,0.0
sensitivity,0.0001,0,0.3385318486896931,0,16,2,3.9968338905715184,0.0015950005822077734,3.9968338905715184,0.0015950005822077734,7.951698369328476,0.0037547544390564417,3.9548644787569573,0.0053497550212642155,0.04196941181456104,0.006944755603471989,0.936279296875,0.011393810439041049,3.9991949808827725,0.00029556769007582303,0.0,0.0,-0.4383130760074314,0.012964305997081605,0.0,0.0,2048.0,0.0,0.04695511760308335,0.001984876417706728,0.0,0.0,0.0,0.0,0.0,0.0
sensitivity,0.0001,0,0.3385318486896931,0,32,2,4.993630926599,0.0013953490383160395,4.993630926599,0.0013953490383160395,9.794656313869773,0.0010814570196263592,4.801025387270773,0.0003138920186896804,0.19260553932822777,0.00170924105700572,0.967529296875,0.005869538711021146,4.999568365454907,0.0003120134864762253,0.0,0.0,-0.4383130760074314,0.012964305997081605,0.0,0.0,2048.0,0.0,0.18932584914749473,0.001081113163038502,0.0,0.0,0.0,0.0,0.0,0.0
sensitivity,0.0001,0,0.3385318486896931,100,8,2,2.9987338469276597,0.00020507067737920206,2.9987338469276597,0.00020507067737920206,3.5596110546280846,0.0037470628817768362,0.5608772077004249,0.003952133559156038,2.4378566392272347,0.0041572042365352405,0.082275390625,0.00034526698300124393,0.6411220132115254,0.0021706539687283495,0.474365234375,0.00034526698300124393,-10.908448562709449,0.04463137792166401,0.0,0.0,2048.0,0.0,0.009632179016363374,0.0004940113058571308,0.867919921875,0.003797936813013683,0.68115234375,0.0041432037960149265,1.3212890625,0.022787620878082098
sensitivity,0.0001,0,0.3385318486896931,100,16,2,3.9966698921366124,0.0017858753713369208,3.9966698921366124,0.0017858753713369208,4.813155104281494,0.008126514429740569,0.8164852121448813,0.00991238980107749,3.180184679991731,0.01169826517241441,0.12060546875,0.0041432037960149265,1.002232756268067,0.028062934684742306,0.474365234375,0.00034526698300124393,-10.908448562709449,0.04463137792166401,0.0,0.0,2048.0,0.0,0.0451458649950216,0.004582143069908954,0.867919921875,0.003797936813013683,0.68115234375,0.0041432037960149265,1.3212890625,0.022787620878082098
sensitivity,0.0001,0,0.3385318486896931,100,32,2,4.992700668249542,0.0007695493530885883,4.992700668249542,0.0007695493530885883,6.07142792725267,0.016534777435181478,1.0787272590031276,0.017304326788270066,3.913973409246415,0.018073876141358657,0.164306640625,0.006560072677023634,1.4584078740696993,0.04789485101851443,0.474365234375,0.00034526698300124393,-10.908448562709449,0.04463137792166401,0.0,0.0,2048.0,0.0,0.19353428172289266,0.009823332475609904,0.867919921875,0.003797936813013683,0.68115234375,0.0041432037960149265,1.3212890625,0.022787620878082098
sensitivity,0.0001,0,0.3385318486896931,1000,8,2,2.998173850639472,0.0005459361210167557,2.998173850639472,0.0005459361210167557,3.320744856119779,0.021416051903099403,0.32257100548030726,0.020870115782082647,2.6756028451591645,0.02032417966106589,0.04248046875,0.0020716018980074633,0.37277137944747185,0.015126983509804676,0.699462890625,0.006560072677023634,-22.53106276884565,0.06011383938922231,0.0,0.0,2048.0,0.0,0.00993332866947938,0.0018122349539285033,1.0,0.0,0.98681640625,0.003452669830012439,12.044189453125,0.11842657516942666
sensitivity,0.0001,0,0.3385318486896931,1000,16,2,3.9949003995150667,0.00013468288237106132,3.9949003995150667,0.00013468288237106132,4.476896115672921,0.03282097708426436,0.4819957161578541,0.0326862942018933,3.512904683357213,0.03255161131952224,0.06591796875,0.003452669830012439,0.6079667033850134,0.026696127662118284,0.699462890625,0.006560072677023634,-22.53106276884565,0.06011383938922231,0.0,0.0,2048.0,0.0,0.04263221741912693,0.010231094665401353,1.0,0.0,0.98681640625,0.003452669830012439,12.044189453125,0.11842657516942666
sensitivity,0.0001,0,0.3385318486896931,1000,32,2,4.9867290256737276,0.0005354811980188405,4.9867290256737276,0.0005354811980188405,5.6145441835632095,0.02199544920381161,0.6278151578894815,0.02253093040183045,4.358913867784246,0.02306641159984929,0.089111328125,0.0024168688810087074,0.8749456261891209,0.020079051567922494,0.699462890625,0.006560072677023634,-22.53106276884565,0.06011383938922231,0.0,0.0,2048.0,0.0,0.18794848239981654,0.009435826465113801,1.0,0.0,0.98681640625,0.003452669830012439,12.044189453125,0.11842657516942666
sensitivity,0.0001,0,0.3385318486896931,7500,8,2,2.9980463086294535,0.001516518597597375,2.9980463086294535,0.001516518597597375,3.3107901672998663,0.03666285332179916,0.31274385867041277,0.03514633472420178,2.6853024499590408,0.03362981612660441,0.0419921875,0.00621480569402239,0.36889297926546527,0.045503791162238405,0.7314453125,0.0020716018980074633,-25.4357004645496,0.6991436224207781,0.0,0.0,2048.0,0.0,0.011080356045646944,0.00402623273739066,1.0,0.0,1.0,0.0,75.418212890625,0.5451765661589641
sensitivity,0.0001,0,0.3385318486896931,7500,16,2,3.995385663041426,0.0021197630127472275,3.995385663041426,0.0021197630127472275,4.4509860499470655,0.006008654607802154,0.45560038690564,0.0038888915950549266,3.539785276135786,0.001769128582307699,0.0625,0.0013810679320049757,0.5814589877121994,0.01079144334990499,0.7314453125,0.0020716018980074633,-25.4357004645496,0.6991436224207781,0.0,0.0,2048.0,0.0,0.048956648165358274,0.003845483989170272,1.0,0.0,1.0,0.0,75.418212890625,0.5451765661589641
sensitivity,0.0001,0,0.3385318486896931,7500,32,2,4.988321073161153,0.004729923819808058,4.988321073161153,0.004729923819808058,5.576822474610294,0.009283373789242993,0.5885014014491423,0.004553449969434935,4.3998196717120095,0.0001764738503731227,0.082275390625,0.00034526698300124393,0.8177542270462335,0.00291188741785906,0.7314453125,0.0020716018980074633,-25.4357004645496,0.6991436224207781,0.0,0.0,2048.0,0.0,0.1868430733482258,0.01172265250094403,1.0,0.0,1.0,0.0,75.418212890625,0.5451765661589641
sensitivity,0.0001,0,0.3385318486896931,30000,8,2,2.9981426173144063,0.0012546843909754233,2.9981426173144063,0.0012546843909754233,3.3049532465178975,0.001260654710135814,0.30681062920349134,5.970319160390848e-06,2.691331988110915,0.0012487140718150324,0.038818359375,0.00034526698300124393,0.3458236906426747,0.002567875697910986,0.723388671875,0.00794114060902861,-25.400027810187265,0.44061564078295024,0.0,0.0,2048.0,0.0,0.006016484389714805,0.0020607687237523963,1.0,0.0,1.0,0.0,289.914306640625,1.041670487714753
sensitivity,0.0001,0,0.3385318486896931,30000,16,2,3.9944440122370244,0.001694959244417139,3.9944440122370244,0.001694959244417139,4.460950229671987,0.0031852802548186436,0.46650621743496257,0.0014903210104015043,3.5279377948020616,0.00020463823401563493,0.0625,0.0,0.5814707288425462,0.0,0.723388671875,0.00794114060902861,-25.400027810187265,0.44061564078295024,0.0,0.0,2048.0,0.0,0.041698323439177454,0.0006095570217122131,1.0,0.0,1.0,0.0,289.914306640625,1.041670487714753
sensitivity,0.0001,0,0.3385318486896931,30000,32,2,4.9879191103639515,0.003840778824436051,4.9879191103639515,0.003840778824436051,5.5980991518498975,0.006999530182414233,0.610180041485946,0.0031587513579781827,4.377739068878006,0.0006820274664578681,0.083984375,0.0013810679320049757,0.8321312297570538,0.011602915043964572,0.723388671875,0.00794114060902861,-25.400027810187265,0.44061564078295024,0.0,0.0,2048.0,0.0,0.17083773158344506,0.009895546111456512,1.0,0.0,1.0,0.0,289.914306640625,1.041670487714753
sensitivity,0.0001,1,0.3505318486896931,0,8,2,2.9988957228303965,0.0007440282437888833,2.9988957228303965,0.0007440282437888833,5.9900371617532775,0.0011073586541016497,2.991141438922881,0.00036333041031276644,0.00775428390751598,0.00038069783347611684,0.877685546875,0.015537014235055976,2.999140153874227,0.0005851433433615182,0.0,0.0,-0.4383130760074314,0.012964305997081605,0.0,0.0,2048.0,0.0,0.009927048091521673,0.0009363369908762298,0.0,0.0,0.0,0.0,0.0,0.0
sensitivity,0.0001,1,0.3505318486896931,0,16,2,3.9968338905715184,0.0015950005822077734,3.9968338905715184,0.0015950005822077734,7.951698369328476,0.0037547544390564417,3.9548644787569573,0.0053497550212642155,0.04196941181456104,0.006944755603471989,0.936279296875,0.011393810439041049,3.9991949808827725,0.00029556769007582303,0.0,0.0,-0.4383130760074314,0.012964305997081605,0.0,0.0,2048.0,0.0,0.044855344296948374,0.003795185234013689,0.0,0.0,0.0,0.0,0.0,0.0
sensitivity,0.0001,1,0.3505318486896931,0,32,2,4.993630926599,0.0013953490383160395,4.993630926599,0.0013953490383160395,9.794656313869773,0.0010814570196263592,4.801025387270773,0.0003138920186896804,0.19260553932822777,0.00170924105700572,0.967529296875,0.005869538711021146,4.999568365454907,0.0003120134864762253,0.0,0.0,-0.4383130760074314,0.012964305997081605,0.0,0.0,2048.0,0.0,0.1994511417317959,0.01114228194772757,0.0,0.0,0.0,0.0,0.0,0.0
sensitivity,0.0001,1,0.3505318486896931,100,8,2,2.9976354353092085,0.0023396817874329627,2.9976354353092085,0.0023396817874329627,3.386564360994572,0.010570002856112577,0.38892892568536364,0.01290968464354554,2.608706509623845,0.015249366430978501,0.052001953125,0.003107402847011195,0.4407582735189868,0.021739482049703485,0.5986328125,0.00621480569402239,-14.831101892866922,0.23137224268941475,0.0,0.0,2048.0,0.0,0.007911102815589377,0.0037124298003459667,0.924072265625,0.005179004745018659,0.68310546875,0.0041432037960149265,1.3740234375,0.05179004745018659
sensitivity,0.0001,1,0.3505318486896931,100,16,2,3.9945774831893672,0.0024996834806655555,3.9945774831893672,0.0024996834806655555,4.555580330584542,0.007160739971765624,0.5610028473951749,0.009660423452431179,3.433574635794192,0.012160106933096734,0.076904296875,0.00034526698300124393,0.691632302841986,0.0025868221055473516,0.5986328125,0.00621480569402239,-14.831101892866922,0.23137224268941475,0.0,0.0,2048.0,0.0,0.04620939679641145,0.004606022890832386,0.924072265625,0.005179004745018659,0.68310546875,0.0041432037960149265,1.3740234375,0.05179004745018659
sensitivity,0.0001,1,0.3505318486896931,100,32,2,4.988733951241327,0.003511597580742896,4.988733951241327,0.003511597580742896,5.736229965356321,0.003758543979287072,0.7474960141149927,0.0072701415600299685,4.241237937126336,0.010781739140772864,0.106201171875,0.00034526698300124393,1.014491123605438,0.0027715782360684827,0.5986328125,0.00621480569402239,-14.831101892866922,0.23137224268941475,0.0,0.0,2048.0,0.0,0.1798955325493452,0.016552677553235758,0.924072265625,0.005179004745018659,0.68310546875,0.0041432037960149265,1.3740234375,0.05179004745018659
sensitivity,0.0001,1,0.3505318486896931,1000,8,2,2.998536641550253,0.0004275661038479321,2.998536641550253,0.0004275661038479321,3.1112474463914763,0.0511965277335502,0.11271080484122331,0.05162409383739813,2.8858258367090297,0.05205165994124607,0.01220703125,0.00621480569402239,0.12818088828458576,0.05704091190454615,0.89501953125,0.003452669830012439,-55.39824650545545,1.9537596632521714,0.0,0.0,2048.0,0.0,0.009892883364635008,0.0013894435997387005,1.0,0.0,0.923828125,0.003452669830012439,8.2451171875,0.07181553246425873
sensitivity,0.0001,1,0.3505318486896931,1000,16,2,3.994743116202767,0.001196780947839163,3.994743116202767,0.001196780947839163,4.153907200892695,0.053975297417057796,0.15916408468992826,0.05277851646921864,3.8355790315128386,0.05158173552137948,0.018310546875,0.006560072677023634,0.20251118767814738,0.06341716192735801,0.89501953125,0.003452669830012439,-55.39824650545545,1.9537596632521714,0.0,0.0,2048.0,0.0,0.04575103739040687,0.005530168931305915,1.0,0.0,0.923828125,0.003452669830012439,8.2451171875,0.07181553246425873
sensitivity,0.0001,1,0.3505318486896931,1000,32,2,4.98664625662389,0.0018607023999772777,4.98664625662389,0.0018607023999772777,5.198195251482155,0.03921224620373394,0.21154899485826562,0.04107294860371122,4.775097261765624,0.04293365100368849,0.0263671875,0.004833737762017415,0.306131766157987,0.04913405756415732,0.89501953125,0.003452669830012439,-55.39824650545545,1.9537596632521714,0.0,0.0,2048.0,0.0,0.18253383125344325,0.007702154623608213,1.0,0.0,0.923828125,0.003452669830012439,8.2451171875,0.07181553246425873
sensitivity,0.0001,1,0.3505318486896931,7500,8,2,2.9978108070139724,0.0005821116421279902,2.9978108070139724,0.0005821116421279902,3.0274534218658653,0.007745132952054628,0.029642614851893123,0.007163021309926638,2.9681681921620795,0.006580909667798647,0.0029296875,0.0006905339660024879,0.03703940025392772,0.00775117130800842,0.97216796875,0.0027621358640099515,-190.21718173156208,2.884612941679184,0.0,0.0,2048.0,0.0,0.009666334456712278,0.002801402606834919,1.0,0.0,0.961669921875,0.007250606643026122,22.242431640625,0.08666201273331223
sensitivity,0.0001,1,0.3505318486896931,7500,16,2,3.996977152709201,0.0009853378810018762,3.996977152709201,0.0009853378810018762,4.054010348527317,0.00429563670240945,0.05703319581811672,0.005280974583411326,3.939943956891084,0.006266312464413202,0.00634765625,0.0006905339660024879,0.08023600963674082,0.007733075272492835,0.97216796875,0.0027621358640099515,-190.21718173156208,2.884612941679184,0.0,0.0,2048.0,0.0,0.04635277710682528,0.006189161339961242,1.0,0.0,0.961669921875,0.007250606643026122,22.242431640625,0.08666201273331223
sensitivity,0.0001,1,0.3505318486896931,7500,32,2,4.991917036236547,0.00024002125761334275,4.991917036236547,0.00024002125761334275,5.057761790148714,0.0036740937323304955,0.06584475391216671,0.0034340724747171526,4.92607228232438,0.00319405121710381,0.008056640625,0.00034526698300124393,0.10752394227904871,0.004108108334126124,0.97216796875,0.0027621358640099515,-190.21718173156208,2.884612941679184,0.0,0.0,2048.0,0.0,0.19207517346914482,0.014922538878135536,1.0,0.0,0.961669921875,0.007250606643026122,22.242431640625,0.08666201273331223
sensitivity,0.0001,1,0.3505318486896931,30000,8,2,2.9972058294646398,0.0014660868549689436,2.9972058294646398,0.0014660868549689436,2.9997379193219005,0.002114828962316524,0.002532089857260722,0.0035809158172854677,2.994673739607379,0.005047002672254411,0.000244140625,0.00034526698300124393,0.0037230707239101686,0.005265217111427977,0.994873046875,0.00034526698300124393,-540.2672225764345,1.7944274504587154,0.0,0.0,2048.0,0.0,0.008028474395706198,8.117217465798602e-05,1.0,0.0,0.970458984375,0.004488470779016171,33.634521484375,0.20405278695373516
sensitivity,0.0001,1,0.3505318486896931,30000,16,2,3.9938331883363043,0.0023875863790619083,3.9938331883363043,0.0023875863790619083,4.003022880359113,0.004045166197526991,0.009189692022809393,0.006432752576588899,3.984643496313495,0.008820338955650807,0.0009765625,0.0006905339660024879,0.014804670711136891,0.00964726515388324,0.994873046875,0.00034526698300124393,-540.2672225764345,1.7944274504587154,0.0,0.0,2048.0,0.0,0.04117516204152771,0.014483013809154292,1.0,0.0,0.970458984375,0.004488470779016171,33.634521484375,0.20405278695373516
sensitivity,0.0001,1,0.3505318486896931,30000,32,2,4.989574005968638,0.002424513697480528,4.989574005968638,0.002424513697480528,5.003892632737803,0.00041229324602396275,0.014318626769164844,0.0028368069435044906,4.975255379199473,0.005261320640985018,0.001708984375,0.00034526698300124393,0.026614878228397046,0.0048852899849378415,0.994873046875,0.00034526698300124393,-540.2672225764345,1.7944274504587154,0.0,0.0,2048.0,0.0,0.18861700471558418,0.0020645463670558393,1.0,0.0,0.970458984375,0.004488470779016171,33.634521484375,0.20405278695373516
