suite,batch,eta,kappa_index,kappa,snapshot,bins,hx_bits,hy_bits,hxy_bits,hcond_bits,mi_bits,mismatch_probability,fano_bound_bits,sync_fraction,median_logd,invalid_count,valid_count,shuffle_mi_bits,ever_entered_fraction,reexit_fraction,mean_exit_count
main,0,1e-06,0,0.0,0,8,2.9993464780137975,2.9993464780137975,5.994935507461548,2.9955890294477507,0.0037574485660467616,0.876708984375,2.9999806621697496,0.0,-0.4111378241339217,0,4096,0.0056517439318923834,0.0,0.0,0.0
main,0,1e-06,0,0.0,0,16,3.9980458527873255,3.9980458527873255,7.978138575876775,3.9800927230894496,0.01795312969787588,0.937744140625,3.9999992653138405,0.0,-0.4111378241339217,0,4096,0.025246416273884797,0.0,0.0,0.0
main,0,1e-06,0,0.0,0,32,4.996865693713506,4.996865693713506,9.899219601407005,4.902353907693499,0.0945117860200071,0.969482421875,4.999987120016078,0.0,-0.4111378241339217,0,4096,0.101393075410952,0.0,0.0,0.0
main,0,1e-06,0,0.0,100,8,2.9981508631115092,2.9981508631115092,5.99115310999349,2.9930022468819804,0.005148616229528891,0.883056640625,2.9995637566915985,0.0,-0.36085248892681565,0,4096,0.0050166197871561735,0.00048828125,0.00048828125,0.00048828125
main,0,1e-06,0,0.0,100,16,3.99745360313117,3.99745360313117,7.97464493054155,3.97719132741038,0.02026227572078998,0.940185546875,3.99990999785317,0.0,-0.36085248892681565,0,4096,0.024829104078829545,0.00048828125,0.00048828125,0.00048828125
main,0,1e-06,0,0.0,100,32,4.995282420066402,4.995282420066402,9.914800724671327,4.919518304604925,0.07576411546147632,0.967041015625,4.999931603191492,0.0,-0.36085248892681565,0,4096,0.0855480733003322,0.00048828125,0.00048828125,0.00048828125
main,0,1e-06,0,0.0,1000,8,2.999232151236601,2.999232151236601,5.991389008754303,2.9921568575177018,0.007075293718899367,0.869384765625,2.999794657652566,0.0,-0.4442036613095931,0,4096,0.004795285424956219,0.00390625,0.00390625,0.00390625
main,0,1e-06,0,0.0,1000,16,3.9989161878740838,3.9989161878740838,7.974021508154655,3.975105320280571,0.023810867593512697,0.932373046875,3.999684331586896,0.0,-0.4442036613095931,0,4096,0.024827996641726635,0.00390625,0.00390625,0.00390625
main,0,1e-06,0,0.0,1000,32,4.9979406562951185,4.9979406562951185,9.905972029707048,4.908031373411929,0.08990928288318933,0.962890625,4.999227240099592,0.0,-0.4442036613095931,0,4096,0.09573211109924351,0.00390625,0.00390625,0.00390625
main,0,1e-06,0,0.0,7500,8,2.9988648361150156,2.9988648361150156,5.992703581078068,2.9938387449630524,0.005026091151963286,0.87548828125,2.9999984258287498,0.0,-0.4084932048491825,0,4096,0.005202866695707797,0.028076171875,0.028076171875,0.028076171875
main,0,1e-06,0,0.0,7500,16,3.998068757301137,3.998068757301137,7.9753752507577325,3.9773064934565956,0.020762263844541273,0.934326171875,3.999877899734555,0.0,-0.4084932048491825,0,4096,0.02380719905966533,0.028076171875,0.028076171875,0.028076171875
main,0,1e-06,0,0.0,7500,32,4.996496684989818,4.996496684989818,9.904707906717482,4.908211221727663,0.0882854632621548,0.9638671875,4.999458487241318,0.0,-0.4084932048491825,0,4096,0.0953097890353547,0.028076171875,0.028076171875,0.028076171875
main,0,1e-06,0,0.0,30000,8,2.9996655072004517,2.9996655072004517,5.99501216486171,2.9953466576612584,0.004318849539193259,0.87548828125,2.9999984258287498,0.0,-0.4246577173046623,0,4096,0.00273036111356717,0.102783203125,0.102783203125,0.108642578125
main,0,1e-06,0,0.0,30000,16,3.999279328512478,3.999279328512478,7.979281989098496,3.9800026605860177,0.019276667926460433,0.934326171875,3.999877899734555,0.0,-0.4246577173046623,0,4096,0.0264705497065556,0.102783203125,0.102783203125,0.108642578125
main,0,1e-06,0,0.0,30000,32,4.997375610316398,4.997375610316398,9.910731969799263,4.913356359482865,0.08401925083353312,0.96875,5.0,0.0,-0.4246577173046623,0,4096,0.0877465544325684,0.102783203125,0.102783203125,0.108642578125
main,0,1e-06,1,0.3285318486896931,0,8,2.9993464780137975,2.9993464780137975,5.994935507461548,2.9955890294477507,0.0037574485660467616,0.876708984375,2.9999806621697496,0.0,-0.4111378241339217,0,4096,0.007035627546534862,0.0,0.0,0.0
main,0,1e-06,1,0.3285318486896931,0,16,3.9980458527873255,3.9980458527873255,7.978138575876775,3.9800927230894496,0.01795312969787588,0.937744140625,3.9999992653138405,0.0,-0.4111378241339217,0,4096,0.0281058337464426,0.0,0.0,0.0
main,0,1e-06,1,0.3285318486896931,0,32,4.996865693713506,4.996865693713506,9.899219601407005,4.902353907693499,0.0945117860200071,0.969482421875,4.999987120016078,0.0,-0.4111378241339217,0,4096,0.0859590908661545,0.0,0.0,0.0
main,0,1e-06,1,0.3285318486896931,100,8,2.9996234118792193,2.9996234118792193,3.6631963820699633,0.663572970190744,2.3360504416884753,0.099365234375,0.7459336784230703,0.3994140625,-8.965481373443176,0,4096,0.0056912164832150225,0.816162109375,0.6513671875,1.210205078125
main,0,1e-06,1,0.3285318486896931,100,16,3.9975948459801662,3.9975948459801662,4.98537348704253,0.9877786410623637,3.0098162049178026,0.149169921875,1.1905496946346799,0.3994140625,-8.965481373443176,0,4096,0.023745934972033922,0.816162109375,0.6513671875,1.210205078125
main,0,1e-06,1,0.3285318486896931,100,32,4.995353724807071,4.995353724807071,6.353216488662933,1.357862763855862,3.637490960951209,0.20654296875,1.7580769896820034,0.3994140625,-8.965481373443176,0,4096,0.09099011541587387,0.816162109375,0.6513671875,1.210205078125
main,0,1e-06,1,0.3285318486896931,1000,8,2.9980512316261683,2.9980512316261683,3.543842509286549,0.5457912776603808,2.4522599539657874,0.0791015625,0.6210717124378861,0.5263671875,-12.544940079072525,0,4096,0.0042812494434478765,1.0,0.996337890625,13.590576171875
main,0,1e-06,1,0.3285318486896931,1000,16,3.9964428420383187,3.9964428420383187,4.796060300756835,0.7996174587185165,3.196825383319802,0.1162109375,0.9723937630472701,0.5263671875,-12.544940079072525,0,4096,0.02454808970915323,1.0,0.996337890625,13.590576171875
main,0,1e-06,1,0.3285318486896931,1000,32,4.994789162535166,4.994789162535166,6.072660598599294,1.077871436064128,3.9169177264710378,0.1552734375,1.392136332498013,0.5263671875,-12.544940079072525,0,4096,0.08880077736318448,1.0,0.996337890625,13.590576171875
main,0,1e-06,1,0.3285318486896931,7500,8,2.999258111293877,2.999258111293877,3.5418893367196786,0.5426312254258017,2.4566268858680753,0.07861328125,0.6179694354652249,0.517578125,-12.131580363084609,0,4096,0.005093315189941272,1.0,1.0,98.88671875
main,0,1e-06,1,0.3285318486896931,7500,16,3.9976172795394835,3.9976172795394835,4.828698221826785,0.8310809422873011,3.1665363372521824,0.122314453125,1.013846485866632,0.517578125,-12.131580363084609,0,4096,0.023320471905961426,1.0,1.0,98.88671875
main,0,1e-06,1,0.3285318486896931,7500,32,4.994371682424453,4.994371682424453,6.082729184399382,1.0883575019749285,3.9060141804495245,0.1591796875,1.4209509106100704,0.517578125,-12.131580363084609,0,4096,0.08011333655951702,1.0,1.0,98.88671875
main,0,1e-06,1,0.3285318486896931,30000,8,2.9994879921411512,2.9994879921411512,3.484109527925581,0.4846215357844299,2.5148664563567213,0.066650390625,0.5404086654608751,0.53466796875,-12.563063039235995,0,4096,0.005465192978092226,1.0,1.0,393.660400390625
main,0,1e-06,1,0.3285318486896931,30000,16,3.998641132650179,3.998641132650179,4.760445121948681,0.7618039892985022,3.2368371433516767,0.10888671875,0.9219573041228357,0.53466796875,-12.563063039235995,0,4096,0.019728827062517773,1.0,1.0,393.660400390625
main,0,1e-06,1,0.3285318486896931,30000,32,4.996627815591715,4.996627815591715,6.047829333779601,1.0512015181878862,3.945426297403829,0.15185546875,1.3667860067283928,0.53466796875,-12.563063039235995,0,4096,0.09205318620597502,1.0,1.0,393.660400390625
main,0,1e-06,2,0.3385318486896931,0,8,2.9993464780137975,2.9993464780137975,5.994935507461548,2.9955890294477507,0.0037574485660467616,0.876708984375,2.9999806621697496,0.0,-0.4111378241339217,0,4096,0.0027618233841080198,0.0,0.0,0.0
main,0,1e-06,2,0.3385318486896931,0,16,3.9980458527873255,3.9980458527873255,7.978138575876775,3.9800927230894496,0.01795312969787588,0.937744140625,3.9999992653138405,0.0,-0.4111378241339217,0,4096,0.024311921032831307,0.0,0.0,0.0
main,0,1e-06,2,0.3385318486896931,0,32,4.996865693713506,4.996865693713506,9.899219601407005,4.902353907693499,0.0945117860200071,0.969482421875,4.999987120016078,0.0,-0.4111378241339217,0,4096,0.08622747953186227,0.0,0.0,0.0
main,0,1e-06,2,0.3385318486896931,100,8,2.9987309405673566,2.9987309405673566,3.5067620637535373,0.5080311231861807,2.490699817381176,0.0712890625,0.5708495709605156,0.49658203125,-11.419113976047853,0,4096,0.00489265310099718,0.871337890625,0.660888671875,1.28076171875
main,0,1e-06,2,0.3385318486896931,100,16,3.9977855923681016,3.9977855923681016,4.776364822866931,0.7785792304988295,3.219206361869272,0.11328125,0.9523119992144912,0.49658203125,-11.419113976047853,0,4096,0.02364932167105316,0.871337890625,0.660888671875,1.28076171875
main,0,1e-06,2,0.3385318486896931,100,32,4.996097511810021,4.996097511810021,6.057747444141481,1.06164993233146,3.9344475794785607,0.154541015625,1.386715016906189,0.49658203125,-11.419113976047853,0,4096,0.09120112161698302,0.871337890625,0.660888671875,1.28076171875
main,0,1e-06,2,0.3385318486896931,1000,8,2.999307942824758,2.999307942824758,3.34778929154462,0.3484813487198619,2.6508265941048963,0.045166015625,0.39229332263149175,0.692626953125,-22.304759777299928,0,4096,0.004604137126809071,1.0,0.981201171875,11.869873046875
main,0,1e-06,2,0.3385318486896931,1000,16,3.998222314980759,3.998222314980759,4.524742964473686,0.5265206494929267,3.4717016654878323,0.0703125,0.6417920040144577,0.692626953125,-22.304759777299928,0,4096,0.021050279519801762,1.0,0.981201171875,11.869873046875
main,0,1e-06,2,0.3385318486896931,1000,32,4.994681105910152,4.994681105910152,5.69975249961441,0.7050713937042588,4.289609712205893,0.094970703125,0.923350776955873,0.692626953125,-22.304759777299928,0,4096,0.09632568359610616,1.0,0.981201171875,11.869873046875
main,0,1e-06,2,0.3385318486896931,7500,8,2.9994906048347536,2.9994906048347536,3.3068191708653356,0.307328566030582,2.6921620388041716,0.03857421875,0.34400792832343774,0.716552734375,-25.587038161469252,0,4096,0.004101106371848573,1.0,0.999755859375,75.164306640625
main,0,1e-06,2,0.3385318486896931,7500,16,3.9981603830806534,3.9981603830806534,4.4725819052275515,0.47442152214689814,3.523738860933755,0.0625,0.5814707288425462,0.716552734375,-25.587038161469252,0,4096,0.018186811554206095,1.0,0.999755859375,75.164306640625
main,0,1e-06,2,0.3385318486896931,7500,32,4.991628090349975,4.991628090349975,5.633901489876741,0.6422733995267658,4.349354690823209,0.08642578125,0.8525959393897848,0.716552734375,-25.587038161469252,0,4096,0.09213807963148923,1.0,0.999755859375,75.164306640625
main,0,1e-06,2,0.3385318486896931,30000,8,2.99904081426556,2.99904081426556,3.3132847406281205,0.3142439263625607,2.684796887902999,0.03955078125,0.35126181391169065,0.733642578125,-26.718703342877667,0,4096,0.007332617428886579,1.0,1.0,286.93359375
main,0,1e-06,2,0.3385318486896931,30000,16,3.997678683461632,3.997678683461632,4.49623872489178,0.49856004143014854,3.4991186420314833,0.064453125,0.5966855070480895,0.733642578125,-26.718703342877667,0,4096,0.02000630591140773,1.0,1.0,286.93359375
main,0,1e-06,2,0.3385318486896931,30000,32,4.992427578736407,4.992427578736407,5.632029845398663,0.6396022666622558,4.352825312074152,0.083251953125,0.8259817774845082,0.733642578125,-26.718703342877667,0,4096,0.09869356077272684,1.0,1.0,286.93359375
main,0,1e-06,3,0.3465318486896931,0,8,2.9993464780137975,2.9993464780137975,5.994935507461548,2.9955890294477507,0.0037574485660467616,0.876708984375,2.9999806621697496,0.0,-0.4111378241339217,0,4096,0.00622107343111189,0.0,0.0,0.0
main,0,1e-06,3,0.3465318486896931,0,16,3.9980458527873255,3.9980458527873255,7.978138575876775,3.9800927230894496,0.01795312969787588,0.937744140625,3.9999992653138405,0.0,-0.4111378241339217,0,4096,0.02121382504727265,0.0,0.0,0.0
main,0,1e-06,3,0.3465318486896931,0,32,4.996865693713506,4.996865693713506,9.899219601407005,4.902353907693499,0.0945117860200071,0.969482421875,4.999987120016078,0.0,-0.4111378241339217,0,4096,0.0916604867229509,0.0,0.0,0.0
main,0,1e-06,3,0.3465318486896931,100,8,2.9992606068741203,2.9992606068741203,3.445682999537935,0.4464223926638149,2.5528382142103054,0.0615234375,0.5061810706499611,0.569580078125,-13.612523579113054,0,4096,0.0029449539613732867,0.902099609375,0.67138671875,1.335693359375
main,0,1e-06,3,0.3465318486896931,100,16,3.998602796280769,3.998602796280769,4.655936631299546,0.6573338350187767,3.341268961261992,0.090576171875,0.7922612794462991,0.569580078125,-13.612523579113054,0,4096,0.023267471974650178,0.902099609375,0.67138671875,1.335693359375
main,0,1e-06,3,0.3465318486896931,100,32,4.99597948015319,4.99597948015319,5.894218791544523,0.8982393113913325,4.097740168761858,0.124755859375,1.1609436787063099,0.569580078125,-13.612523579113054,0,4096,0.09826526625920629,0.902099609375,0.67138671875,1.335693359375
main,0,1e-06,3,0.3465318486896931,1000,8,2.9996888087098528,2.9996888087098528,3.1941947706599607,0.19450596195010794,2.805182846759745,0.02294921875,0.22212040822483903,0.83251953125,-41.096931484166575,0,4096,0.004989655686651773,1.0,0.94677734375,9.59228515625
main,0,1e-06,3,0.3465318486896931,1000,16,3.9958997602702286,3.9958997602702286,4.285781218373137,0.2898814581029088,3.70601830216732,0.03466796875,0.35273052242516034,0.83251953125,-41.096931484166575,0,4096,0.022672635172590105,1.0,0.94677734375,9.59228515625
main,0,1e-06,3,0.3465318486896931,1000,32,4.99326464319613,4.99326464319613,5.35902930411447,0.36576466091834003,4.62749998227779,0.04541015625,0.4915408121055983,0.83251953125,-41.096931484166575,0,4096,0.09226406461507786,1.0,0.94677734375,9.59228515625
main,0,1e-06,3,0.3465318486896931,7500,8,2.999400252475085,2.999400252475085,3.1064757576549455,0.10707550517986064,2.8923247472952243,0.011962890625,0.12712576388159658,0.914306640625,-85.24768808524041,0,4096,0.005090357400717949,1.0,0.989501953125,38.703857421875
main,0,1e-06,3,0.3465318486896931,7500,16,3.9985230420495474,3.9985230420495474,4.157784023471168,0.15926098142162015,3.8392620606279273,0.017822265625,0.19866172892047623,0.914306640625,-85.24768808524041,0,4096,0.023836466386606858,1.0,0.989501953125,38.703857421875
main,0,1e-06,3,0.3465318486896931,7500,32,4.996188883185438,4.996188883185438,5.198488517784627,0.2022996345991892,4.7938892485862485,0.0234375,0.2764427019237209,0.914306640625,-85.24768808524041,0,4096,0.09447664296895297,1.0,0.989501953125,38.703857421875
main,0,1e-06,3,0.3465318486896931,30000,8,2.999800568440577,2.999800568440577,3.091817554303484,0.09201698586290696,2.90778358257767,0.00927734375,0.10200819331416276,0.939453125,-117.5439337877109,0,4096,0.005426955000085165,1.0,0.997802734375,107.811767578125
main,0,1e-06,3,0.3465318486896931,30000,16,3.998315366175264,3.998315366175264,4.141190097308872,0.14287473113360782,3.8554406350416563,0.015625,0.17716024086115284,0.939453125,-117.5439337877109,0,4096,0.021437108448328246,1.0,0.997802734375,107.811767578125
main,0,1e-06,3,0.3465318486896931,30000,32,4.99628175699946,4.99628175699946,5.174876039399117,0.1785942823996569,4.817687474599803,0.02001953125,0.24073087866296286,0.939453125,-117.5439337877109,0,4096,0.097895081869666,1.0,0.997802734375,107.811767578125
main,0,1e-06,4,0.3485318486896931,0,8,2.9993464780137975,2.9993464780137975,5.994935507461548,2.9955890294477507,0.0037574485660467616,0.876708984375,2.9999806621697496,0.0,-0.4111378241339217,0,4096,0.005327479394600765,0.0,0.0,0.0
main,0,1e-06,4,0.3485318486896931,0,16,3.9980458527873255,3.9980458527873255,7.978138575876775,3.9800927230894496,0.01795312969787588,0.937744140625,3.9999992653138405,0.0,-0.4111378241339217,0,4096,0.018846050271021042,0.0,0.0,0.0
main,0,1e-06,4,0.3485318486896931,0,32,4.996865693713506,4.996865693713506,9.899219601407005,4.902353907693499,0.0945117860200071,0.969482421875,4.999987120016078,0.0,-0.4111378241339217,0,4096,0.0896634047175695,0.0,0.0,0.0
main,0,1e-06,4,0.3485318486896931,100,8,2.9981508398682584,2.9981508398682584,3.3953292200730347,0.39717838020477636,2.600972459663482,0.054931640625,0.461200441082908,0.591064453125,-14.527446783281992,0,4096,0.005060694809214894,0.921630859375,0.680419921875,1.392578125
main,0,1e-06,4,0.3485318486896931,100,16,3.996733329925859,3.996733329925859,4.578559662398627,0.5818263324727679,3.414906997453091,0.08056640625,0.7189359550762959,0.591064453125,-14.527446783281992,0,4096,0.024742820153468514,0.921630859375,0.680419921875,1.392578125
main,0,1e-06,4,0.3485318486896931,100,32,4.9952591785551785,4.9952591785551785,5.772488359945236,0.7772291813900578,4.218029997165121,0.1064453125,1.016450925370751,0.591064453125,-14.527446783281992,0,4096,0.08247218654127764,0.921630859375,0.680419921875,1.392578125
main,0,1e-06,4,0.3485318486896931,1000,8,2.9986536462334032,2.9986536462334032,3.128610856509202,0.12995721027579865,2.8686964359576046,0.014892578125,0.15352038243599295,0.863037109375,-45.78510674506758,0,4096,0.0034711185012525902,1.0,0.93896484375,9.138671875
main,0,1e-06,4,0.3485318486896931,1000,16,3.997825250053073,3.997825250053073,4.224866438895809,0.22704118884273594,3.770784061210337,0.02685546875,0.283289692773618,0.863037109375,-45.78510674506758,0,4096,0.023527861164230224,1.0,0.93896484375,9.138671875
main,0,1e-06,4,0.3485318486896931,1000,32,4.995035225907179,4.995035225907179,5.28520617905701,0.2901709531498309,4.704864272757348,0.03515625,0.3937958421058035,0.863037109375,-45.78510674506758,0,4096,0.09050162449289623,1.0,0.93896484375,9.138671875
main,0,1e-06,4,0.3485318486896931,7500,8,2.998939475387891,2.998939475387891,3.072406721360963,0.07346724597307208,2.9254722294148188,0.00732421875,0.08304098960566172,0.95068359375,-130.40031093062302,0,4096,0.00473071074458975,1.0,0.97900390625,29.701904296875
main,0,1e-06,4,0.3485318486896931,7500,16,3.998006996358453,3.998006996358453,4.100156176848503,0.10214918049005028,3.8958578158684025,0.0107421875,0.12764272459094772,0.95068359375,-130.40031093062302,0,4096,0.02393818971135353,1.0,0.97900390625,29.701904296875
main,0,1e-06,4,0.3485318486896931,7500,32,4.995695922545083,4.995695922545083,5.116667891753895,0.12097196920881181,4.874723953336272,0.013427734375,0.169267359865738,0.95068359375,-130.40031093062302,0,4096,0.08561784001891581,1.0,0.97900390625,29.701904296875
main,0,1e-06,4,0.3485318486896931,30000,8,2.9982978589550617,2.9982978589550617,3.0607730538483375,0.0624751948932758,2.935822664061786,0.006103515625,0.07081165791286377,0.971923828125,-254.82379184505874,0,4096,0.007082792414021988,1.0,0.988525390625,63.903076171875
main,0,1e-06,4,0.3485318486896931,30000,16,3.997893482704938,3.997893482704938,4.074023696124482,0.07613021341954385,3.9217632692853943,0.0078125,0.09643699512143325,0.971923828125,-254.82379184505874,0,4096,0.026065755914901345,1.0,0.988525390625,63.903076171875
main,0,1e-06,4,0.3485318486896931,30000,32,4.995757592635751,4.995757592635751,5.092299838560734,0.09654224592498295,4.899215346710768,0.010498046875,0.1360864673644043,0.971923828125,-254.82379184505874,0,4096,0.09238875754446241,1.0,0.988525390625,63.903076171875
main,0,1e-06,5,0.3505318486896931,0,8,2.9993464780137975,2.9993464780137975,5.994935507461548,2.9955890294477507,0.0037574485660467616,0.876708984375,2.9999806621697496,0.0,-0.4111378241339217,0,4096,0.006222665055842569,0.0,0.0,0.0
main,0,1e-06,5,0.3505318486896931,0,16,3.9980458527873255,3.9980458527873255,7.978138575876775,3.9800927230894496,0.01795312969787588,0.937744140625,3.9999992653138405,0.0,-0.4111378241339217,0,4096,0.020240216679620282,0.0,0.0,0.0
main,0,1e-06,5,0.3505318486896931,0,32,4.996865693713506,4.996865693713506,9.899219601407005,4.902353907693499,0.0945117860200071,0.969482421875,4.999987120016078,0.0,-0.4111378241339217,0,4096,0.08859293487517128,0.0,0.0,0.0
main,0,1e-06,5,0.3505318486896931,100,8,2.9995745919049264,2.9995745919049264,3.372565240581779,0.37299064867685283,2.6265839432280735,0.04931640625,0.4219346288434927,0.6103515625,-15.139724172795916,0,4096,0.004356407376170601,0.92529296875,0.677978515625,1.376953125
main,0,1e-06,5,0.3505318486896931,100,16,3.997488588996223,3.997488588996223,4.57106149070156,0.5735729017053366,3.4239156872908865,0.07861328125,0.7044075426144911,0.6103515625,-15.139724172795916,0,4096,0.021602243497694573,0.92529296875,0.677978515625,1.376953125
main,0,1e-06,5,0.3505318486896931,100,32,4.995898508301691,4.995898508301691,5.759938330386225,0.7640398220845341,4.231858686217157,0.106201171875,1.014491576561316,0.6103515625,-15.139724172795916,0,4096,0.0917946913495431,0.92529296875,0.677978515625,1.376953125
main,0,1e-06,5,0.3505318486896931,1000,8,2.9983497618890675,2.9983497618890675,3.112891758713138,0.1145419968240704,2.883807765064997,0.01220703125,0.12936220961214143,0.89208984375,-53.262283234525825,0,4096,0.005300236383058099,1.0,0.91748046875,8.128173828125
main,0,1e-06,5,0.3505318486896931,1000,16,3.996959024895323,3.996959024895323,4.162466801126005,0.1655077762306818,3.8314512486646413,0.01806640625,0.20102528020956123,0.89208984375,-53.262283234525825,0,4096,0.018554953758459725,1.0,0.91748046875,8.128173828125
main,0,1e-06,5,0.3505318486896931,1000,32,4.99499157271112,4.99499157271112,5.212490350514313,0.21749877780319338,4.777492794907927,0.025634765625,0.29900375738823104,0.89208984375,-53.262283234525825,0,4096,0.08776348275342194,1.0,0.91748046875,8.128173828125
main,0,1e-06,5,0.3505318486896931,7500,8,2.9997845237645517,2.9997845237645517,3.035446639059873,0.03566211529532115,2.9641224084692306,0.00341796875,0.042520306047959075,0.977294921875,-194.30035704010652,0,4096,0.004313568996135331,1.0,0.958984375,21.954345703125
main,0,1e-06,5,0.3505318486896931,7500,16,3.998730368834399,3.998730368834399,4.038078503096981,0.039348134262581436,3.9593822345718177,0.00390625,0.05213579764296776,0.977294921875,-194.30035704010652,0,4096,0.022019716940913092,1.0,0.958984375,21.954345703125
main,0,1e-06,5,0.3505318486896931,7500,32,4.99501264083386,4.99501264083386,5.04991735666613,0.05490471583227041,4.940107925001589,0.005859375,0.08090445659466455,0.977294921875,-194.30035704010652,0,4096,0.08634318556979892,1.0,0.958984375,21.954345703125
main,0,1e-06,5,0.3505318486896931,30000,8,2.9997039111640373,2.9997039111640373,3.0181111240272984,0.01840721286326108,2.9812966983007763,0.001708984375,0.022971247794113955,0.994140625,-536.391812034695,0,4096,0.0071692145722375145,1.0,0.96337890625,33.29150390625
main,0,1e-06,5,0.3505318486896931,30000,16,3.998353126958298,3.998353126958298,4.018249971188062,0.019896844229764454,3.9784562827285335,0.001953125,0.02802378093063284,0.994140625,-536.391812034695,0,4096,0.019713982756810466,1.0,0.96337890625,33.29150390625
main,0,1e-06,5,0.3505318486896931,30000,32,4.995222939135212,4.995222939135212,5.013159079308068,0.017936140172855275,4.977286798962357,0.001953125,0.03006929990480932,0.994140625,-536.391812034695,0,4096,0.09267541861893314,1.0,0.96337890625,33.29150390625
main,0,1e-06,6,0.3585318486896931,0,8,2.9993464780137975,2.9993464780137975,5.994935507461548,2.9955890294477507,0.0037574485660467616,0.876708984375,2.9999806621697496,0.0,-0.4111378241339217,0,4096,0.004827792835607525,0.0,0.0,0.0
main,0,1e-06,6,0.3585318486896931,0,16,3.9980458527873255,3.9980458527873255,7.978138575876775,3.9800927230894496,0.01795312969787588,0.937744140625,3.9999992653138405,0.0,-0.4111378241339217,0,4096,0.018848781999269093,0.0,0.0,0.0
main,0,1e-06,6,0.3585318486896931,0,32,4.996865693713506,4.996865693713506,9.899219601407005,4.902353907693499,0.0945117860200071,0.969482421875,4.999987120016078,0.0,-0.4111378241339217,0,4096,0.08143124793825685,0.0,0.0,0.0
main,0,1e-06,6,0.3585318486896931,100,8,2.9990025641685483,2.9990025641685483,3.2840356404667848,0.2850330762982365,2.713969487870312,0.035400390625,0.32017168607261004,0.671142578125,-18.660564672630237,0,4096,0.005797090093149215,0.9501953125,0.6640625,1.36474609375
main,0,1e-06,6,0.3585318486896931,100,16,3.9977725092166985,3.9977725092166985,4.44253535718676,0.44476284797006116,3.5530096612466373,0.05712890625,0.5391370940289222,0.671142578125,-18.660564672630237,0,4096,0.024647613533000268,0.9501953125,0.6640625,1.36474609375
main,0,1e-06,6,0.3585318486896931,100,32,4.995057564830033,4.995057564830033,5.597654042851067,0.6025964780210344,4.392461086808998,0.080078125,0.7991771600955069,0.671142578125,-18.660564672630237,0,4096,0.08422494871796005,0.9501953125,0.6640625,1.36474609375
main,0,1e-06,6,0.3585318486896931,1000,8,2.999560320369397,2.999560320369397,3.0466764638338555,0.04711614346445847,2.9524441769049385,0.004638671875,0.055658362357143165,0.96533203125,-93.31036695458259,0,4096,0.004645799847625476,1.0,0.858642578125,5.770751953125
main,0,1e-06,6,0.3585318486896931,1000,16,3.9986014350578816,3.9986014350578816,4.07157354158326,0.07297210652537833,3.9256293285325032,0.007568359375,0.09377133754632695,0.96533203125,-93.31036695458259,0,4096,0.020882433375225773,1.0,0.858642578125,5.770751953125
main,0,1e-06,6,0.3585318486896931,1000,32,4.996425567229024,4.996425567229024,5.092517975040969,0.09609240781194472,4.900333159417079,0.010498046875,0.1360864673644043,0.96533203125,-93.31036695458259,0,4096,0.08875466689263156,1.0,0.858642578125,5.770751953125
main,0,1e-06,6,0.3585318486896931,7500,8,2.9990457176716783,2.9990457176716783,2.9990457176716783,0.0,2.9990457176716783,0.0,0.0,0.999755859375,-542.4489448911296,0,4096,0.005298562984242139,1.0,0.87158203125,7.609619140625
main,0,1e-06,6,0.3585318486896931,7500,16,3.9976736550866017,3.9976736550866017,3.9976736550866017,0.0,3.9976736550866017,0.0,0.0,0.999755859375,-542.4489448911296,0,4096,0.02186080355432729,1.0,0.87158203125,7.609619140625
main,0,1e-06,6,0.3585318486896931,7500,32,4.995246855608233,4.995246855608233,4.995246855608233,0.0,4.995246855608233,0.0,0.0,0.999755859375,-542.4489448911296,0,4096,0.09735851306561827,1.0,0.87158203125,7.609619140625
main,0,1e-06,6,0.3585318486896931,30000,8,2.9976488348343553,2.9976488348343553,2.9976488348343553,0.0,2.9976488348343553,0.0,0.0,1.0,-2070.424831197617,0,4096,0.0034580590365429487,1.0,0.87158203125,7.634033203125
main,0,1e-06,6,0.3585318486896931,30000,16,3.997161083970755,3.997161083970755,3.997161083970755,0.0,3.997161083970755,0.0,0.0,1.0,-2070.424831197617,0,4096,0.023758805506442826,1.0,0.87158203125,7.634033203125
main,0,1e-06,6,0.3585318486896931,30000,32,4.995978473636212,4.995978473636212,4.995978473636212,0.0,4.995978473636212,0.0,0.0,1.0,-2070.424831197617,0,4096,0.0929670448380353,1.0,0.87158203125,7.634033203125
main,0,1e-06,7,0.3985318486896931,0,8,2.9993464780137975,2.9993464780137975,5.994935507461548,2.9955890294477507,0.0037574485660467616,0.876708984375,2.9999806621697496,0.0,-0.4111378241339217,0,4096,0.007546226881889773,0.0,0.0,0.0
main,0,1e-06,7,0.3985318486896931,0,16,3.9980458527873255,3.9980458527873255,7.978138575876775,3.9800927230894496,0.01795312969787588,0.937744140625,3.9999992653138405,0.0,-0.4111378241339217,0,4096,0.023427715415410333,0.0,0.0,0.0
main,0,1e-06,7,0.3985318486896931,0,32,4.996865693713506,4.996865693713506,9.899219601407005,4.902353907693499,0.0945117860200071,0.969482421875,4.999987120016078,0.0,-0.4111378241339217,0,4096,0.09124700703827493,0.0,0.0,0.0
main,0,1e-06,7,0.3985318486896931,100,8,2.998895708100753,2.998895708100753,3.0197736820665115,0.020877973965758745,2.978017734134994,0.001953125,0.02587625031822871,0.95849609375,-45.57308638090262,0,4096,0.004584122081059405,0.99853515625,0.4794921875,0.906982421875
main,0,1e-06,7,0.3985318486896931,100,16,3.996257498650066,3.996257498650066,4.032998847495485,0.03674134884541935,3.9595161498046467,0.003662109375,0.049218933679612234,0.95849609375,-45.57308638090262,0,4096,0.023456050634425907,0.99853515625,0.4794921875,0.906982421875
main,0,1e-06,7,0.3985318486896931,100,32,4.993688241849359,4.993688241849359,5.051415179475105,0.057726937625746544,4.935961304223612,0.00634765625,0.08691124004960941,0.95849609375,-45.57308638090262,0,4096,0.09882207088233841,0.99853515625,0.4794921875,0.906982421875
main,0,1e-06,7,0.3985318486896931,1000,8,2.998977288034916,2.998977288034916,2.998977288034916,0.0,2.998977288034916,0.0,0.0,1.0,-406.33472155892287,0,4096,0.005144186139180107,1.0,0.490478515625,1.039794921875
main,0,1e-06,7,0.3985318486896931,1000,16,3.995110810444587,3.995110810444587,3.995110810444587,0.0,3.995110810444587,0.0,0.0,1.0,-406.33472155892287,0,4096,0.02651645424340554,1.0,0.490478515625,1.039794921875
main,0,1e-06,7,0.3985318486896931,1000,32,4.99176803702643,4.99176803702643,4.99176803702643,0.0,4.99176803702643,0.0,0.0,1.0,-406.33472155892287,0,4096,0.08447380224098033,1.0,0.490478515625,1.039794921875
main,0,1e-06,7,0.3985318486896931,7500,8,2.999596969314571,2.999596969314571,2.999596969314571,0.0,2.999596969314571,0.0,0.0,1.0,-3011.7390965687987,0,4096,0.004616496088869937,1.0,0.490478515625,1.039794921875
main,0,1e-06,7,0.3985318486896931,7500,16,3.9976011595124943,3.9976011595124943,3.9976011595124943,0.0,3.9976011595124943,0.0,0.0,1.0,-3011.7390965687987,0,4096,0.016992309213148538,1.0,0.490478515625,1.039794921875
main,0,1e-06,7,0.3985318486896931,7500,32,4.99386943758296,4.99386943758296,4.99386943758296,0.0,4.99386943758296,0.0,0.0,1.0,-3011.7390965687987,0,4096,0.0889857516325403,1.0,0.490478515625,1.039794921875
main,0,1e-06,7,0.3985318486896931,30000,8,2.9987785369495064,2.9987785369495064,2.9987785369495064,0.0,2.9987785369495064,0.0,0.0,1.0,-12032.391568516681,0,4096,0.0046183693250823055,1.0,0.490478515625,1.039794921875
main,0,1e-06,7,0.3985318486896931,30000,16,3.998130060471497,3.998130060471497,3.998130060471497,0.0,3.998130060471497,0.0,0.0,1.0,-12032.391568516681,0,4096,0.019952261669903493,1.0,0.490478515625,1.039794921875
main,0,1e-06,7,0.3985318486896931,30000,32,4.992229058988661,4.992229058988661,4.992229058988661,0.0,4.992229058988661,0.0,0.0,1.0,-12032.391568516681,0,4096,0.08646387667403665,1.0,0.490478515625,1.039794921875
main,0,1e-06,8,0.5,0,8,2.9993464780137975,2.9993464780137975,5.994935507461548,2.9955890294477507,0.0037574485660467616,0.876708984375,2.9999806621697496,0.0,-0.4111378241339217,0,4096,0.003841238367543909,0.0,0.0,0.0
main,0,1e-06,8,0.5,0,16,3.9980458527873255,3.9980458527873255,7.978138575876775,3.9800927230894496,0.01795312969787588,0.937744140625,3.9999992653138405,0.0,-0.4111378241339217,0,4096,0.022896808886127218,0.0,0.0,0.0
main,0,1e-06,8,0.5,0,32,4.996865693713506,4.996865693713506,9.899219601407005,4.902353907693499,0.0945117860200071,0.969482421875,4.999987120016078,0.0,-0.4111378241339217,0,4096,0.09341805152559246,0.0,0.0,0.0
main,0,1e-06,8,0.5,100,8,2.9996483889864027,2.9996483889864027,2.9996483889864027,0.0,2.9996483889864027,0.0,0.0,1.0,-inf,0,4096,0.004327742352698394,1.0,0.0,0.0
main,0,1e-06,8,0.5,100,16,3.9960567959742237,3.9960567959742237,3.9960567959742237,0.0,3.9960567959742237,0.0,0.0,1.0,-inf,0,4096,0.022375588832927562,1.0,0.0,0.0
main,0,1e-06,8,0.5,100,32,4.993268488530977,4.993268488530977,4.993268488530977,0.0,4.993268488530977,0.0,0.0,1.0,-inf,0,4096,0.09163708780670454,1.0,0.0,0.0
main,0,1e-06,8,0.5,1000,8,2.998525917532252,2.998525917532252,2.998525917532252,0.0,2.998525917532252,0.0,0.0,1.0,-inf,0,4096,0.0034349304276686254,1.0,0.0,0.0
main,0,1e-06,8,0.5,1000,16,3.996846358423494,3.996846358423494,3.996846358423494,0.0,3.996846358423494,0.0,0.0,1.0,-inf,0,4096,0.020629594933833317,1.0,0.0,0.0
main,0,1e-06,8,0.5,1000,32,4.994643685484141,4.994643685484141,4.994643685484141,0.0,4.994643685484141,0.0,0.0,1.0,-inf,0,4096,0.09235958733075122,1.0,0.0,0.0
main,0,1e-06,8,0.5,7500,8,2.999269808209745,2.999269808209745,2.999269808209745,0.0,2.999269808209745,0.0,0.0,1.0,-inf,0,4096,0.0043847621317558705,1.0,0.0,0.0
main,0,1e-06,8,0.5,7500,16,3.9984131660718036,3.9984131660718036,3.9984131660718036,0.0,3.9984131660718036,0.0,0.0,1.0,-inf,0,4096,0.019719130813770747,1.0,0.0,0.0
main,0,1e-06,8,0.5,7500,32,4.993341615347271,4.993341615347271,4.993341615347271,0.0,4.993341615347271,0.0,0.0,1.0,-inf,0,4096,0.08579931011959019,1.0,0.0,0.0
main,0,1e-06,8,0.5,30000,8,2.9985498384986817,2.9985498384986817,2.9985498384986817,0.0,2.9985498384986817,0.0,0.0,1.0,-inf,0,4096,0.003371892656858222,1.0,0.0,0.0
main,0,1e-06,8,0.5,30000,16,3.9974395562431666,3.9974395562431666,3.9974395562431666,0.0,3.9974395562431666,0.0,0.0,1.0,-inf,0,4096,0.02626252886727176,1.0,0.0,0.0
main,0,1e-06,8,0.5,30000,32,4.995018568880155,4.995018568880155,4.995018568880155,0.0,4.995018568880155,0.0,0.0,1.0,-inf,0,4096,0.09474709744833554,1.0,0.0,0.0
main,1,1e-06,0,0.0,0,8,2.999458830488709,2.999458830488709,5.993278730777529,2.99381990028882,0.005638930199888925,0.86376953125,2.999188613569403,0.0,-0.41984138284523786,0,4096,0.004817517162929441,0.0,0.0,0.0
main,1,1e-06,0,0.0,0,16,3.998859270821984,3.998859270821984,7.9720505245403235,3.9731912537183396,0.025668017103644303,0.936279296875,3.9999817655730334,0.0,-0.41984138284523786,0,4096,0.01628859718835418,0.0,0.0,0.0
main,1,1e-06,0,0.0,0,32,4.997426633458533,4.997426633458533,9.901812493060312,4.9043858596017795,0.09304077385675313,0.967529296875,4.999964932761817,0.0,-0.41984138284523786,0,4096,0.09018465194801983,0.0,0.0,0.0
main,1,1e-06,0,0.0,100,8,2.999650229179721,2.999650229179721,5.9932118334473685,2.9935616042676476,0.006088624912073293,0.8798828125,2.999840967860524,0.0,-0.4009954600972805,0,4096,0.004719668022722168,0.000244140625,0.000244140625,0.000244140625
main,1,1e-06,0,0.0,100,16,3.9988443040433888,3.9988443040433888,7.976664284618602,3.9778199805752132,0.02102432346817551,0.93994140625,3.9999257110525597,0.0,-0.4009954600972805,0,4096,0.02150346018598004,0.000244140625,0.000244140625,0.000244140625
main,1,1e-06,0,0.0,100,32,4.997631147476656,4.997631147476656,9.90574756475003,4.908116417273374,0.08951473020328216,0.9697265625,4.999977043375487,0.0,-0.4009954600972805,0,4096,0.08298335774367338,0.000244140625,0.000244140625,0.000244140625
main,1,1e-06,0,0.0,1000,8,2.999350987704476,2.999350987704476,5.99460065583938,2.995249668134904,0.004101319569572048,0.874755859375,2.9999996071159445,0.0,-0.46175645863946957,0,4096,0.00421374184553347,0.003662109375,0.003662109375,0.003662109375
main,1,1e-06,0,0.0,1000,16,3.998547750975887,3.998547750975887,7.98015320920795,3.981605458232063,0.016942292743824083,0.935302734375,3.9999412016450075,0.0,-0.46175645863946957,0,4096,0.023130589032899884,0.003662109375,0.003662109375,0.003662109375
main,1,1e-06,0,0.0,1000,32,4.99706003391264,4.99706003391264,9.90326944265384,4.9062094087412005,0.0908506251714396,0.967041015625,4.999931603191492,0.0,-0.46175645863946957,0,4096,0.08880012441779428,0.003662109375,0.003662109375,0.003662109375
main,1,1e-06,0,0.0,7500,8,2.9998860296097583,2.9998860296097583,5.995931606204661,2.996045576594903,0.0038404530148552496,0.868408203125,2.9997176325322985,0.0,-0.4244434703873763,0,4096,0.0052770066104157465,0.02734375,0.02734375,0.027587890625
main,1,1e-06,0,0.0,7500,16,3.998347240904499,3.998347240904499,7.97731036511618,3.978963124211681,0.0193841166928177,0.927978515625,3.9989330872971514,0.0,-0.4244434703873763,0,4096,0.02159504982955962,0.02734375,0.02734375,0.027587890625
main,1,1e-06,0,0.0,7500,32,4.996207546138823,4.996207546138823,9.90977106585155,4.913563519712726,0.08264402642609703,0.962890625,4.999227240099592,0.0,-0.4244434703873763,0,4096,0.08997489833521755,0.02734375,0.02734375,0.027587890625
main,1,1e-06,0,0.0,30000,8,2.999374049511787,2.999374049511787,5.9941290017761295,2.9947549522643424,0.004619097247444692,0.870361328125,2.999859566409288,0.0,-0.4373920997547373,0,4096,0.0034081067671509757,0.10302734375,0.10302734375,0.107177734375
main,1,1e-06,0,0.0,30000,16,3.9986277708973446,3.9986277708973446,7.975502469999623,3.9768746991022783,0.021753071795066248,0.931396484375,3.999554667381689,0.0,-0.4373920997547373,0,4096,0.023987892647876485,0.10302734375,0.10302734375,0.107177734375
main,1,1e-06,0,0.0,30000,32,4.998198032853963,4.998198032853963,9.908567900455191,4.910369867601228,0.08782816525273418,0.9658203125,4.999801394959751,0.0,-0.4373920997547373,0,4096,0.08638331976098534,0.10302734375,0.10302734375,0.107177734375
main,1,1e-06,1,0.3285318486896931,0,8,2.999458830488709,2.999458830488709,5.993278730777529,2.99381990028882,0.005638930199888925,0.86376953125,2.999188613569403,0.0,-0.41984138284523786,0,4096,0.004481217498214285,0.0,0.0,0.0
main,1,1e-06,1,0.3285318486896931,0,16,3.998859270821984,3.998859270821984,7.9720505245403235,3.9731912537183396,0.025668017103644303,0.936279296875,3.9999817655730334,0.0,-0.41984138284523786,0,4096,0.019042453136668414,0.0,0.0,0.0
main,1,1e-06,1,0.3285318486896931,0,32,4.997426633458533,4.997426633458533,9.901812493060312,4.9043858596017795,0.09304077385675313,0.967529296875,4.999964932761817,0.0,-0.41984138284523786,0,4096,0.09803286238859421,0.0,0.0,0.0
main,1,1e-06,1,0.3285318486896931,100,8,2.9984355087866854,2.9984355087866854,3.6375911969451,0.6391556881584144,2.359279820628271,0.0947265625,0.7179838053823918,0.389404296875,-8.779102592450801,0,4096,0.004434983207647569,0.799072265625,0.64013671875,1.183837890625
main,1,1e-06,1,0.3285318486896931,100,16,3.9960529709877592,3.9960529709877592,4.975896305617921,0.9798433346301616,3.0162096363575976,0.148681640625,1.1874141562344391,0.389404296875,-8.779102592450801,0,4096,0.025325066893946868,0.799072265625,0.64013671875,1.183837890625
main,1,1e-06,1,0.3285318486896931,100,32,4.99401279134151,4.99401279134151,6.325195608940367,1.3311828175988571,3.662829973742653,0.199951171875,1.7124277858484473,0.389404296875,-8.779102592450801,0,4096,0.09560573013848206,0.799072265625,0.64013671875,1.183837890625
main,1,1e-06,1,0.3285318486896931,1000,8,2.999508411825907,2.999508411825907,3.561437208701975,0.5619287968760678,2.4375796149498394,0.080810546875,0.6318926695452024,0.51904296875,-12.234016713096308,0,4096,0.00397263252043345,1.0,0.99658203125,13.443115234375
main,1,1e-06,1,0.3285318486896931,1000,16,3.9980877059986932,3.9980877059986932,4.844453922272039,0.8463662162733456,3.1517214897253476,0.123046875,1.0187867350470057,0.51904296875,-12.234016713096308,0,4096,0.02054429093659227,1.0,0.99658203125,13.443115234375
main,1,1e-06,1,0.3285318486896931,1000,32,4.995549506715188,4.995549506715188,6.121059675950898,1.1255101692357101,3.8700393374794775,0.164794921875,1.4620845081733094,0.51904296875,-12.234016713096308,0,4096,0.08955620927814323,1.0,0.99658203125,13.443115234375
main,1,1e-06,1,0.3285318486896931,7500,8,2.999325967613604,2.999325967613604,3.5668451787702864,0.5675192111566822,2.431806756456922,0.080078125,0.6272621270457021,0.53369140625,-12.853189019956858,0,4096,0.005266826002678471,1.0,1.0,98.41845703125
main,1,1e-06,1,0.3285318486896931,7500,16,3.9981697684722635,3.9981697684722635,4.831986534093398,0.8338167656211342,3.1643530028511293,0.11865234375,0.9890363484148598,0.53369140625,-12.853189019956858,0,4096,0.022006895274517824,1.0,1.0,98.41845703125
main,1,1e-06,1,0.3285318486896931,7500,32,4.996397210598854,4.996397210598854,6.113361912314453,1.1169647017155988,3.879432508883255,0.162109375,1.4424537200644743,0.53369140625,-12.853189019956858,0,4096,0.09067671992415605,1.0,1.0,98.41845703125
main,1,1e-06,1,0.3285318486896931,30000,8,2.9989576057097964,2.9989576057097964,3.5617693341879573,0.5628117284781609,2.4361458772316356,0.081298828125,0.6349739041975133,0.516357421875,-12.129249276024435,0,4096,0.0047695191851859775,1.0,1.0,393.17724609375
main,1,1e-06,1,0.3285318486896931,30000,16,3.9971717644722653,3.9971717644722653,4.846040760545135,0.8488689960728695,3.148302768399396,0.123779296875,1.0237198120265927,0.516357421875,-12.129249276024435,0,4096,0.025575584252714556,1.0,1.0,393.17724609375
main,1,1e-06,1,0.3285318486896931,30000,32,4.995742210013894,4.995742210013894,6.121349730752128,1.1256075207382334,3.8701346892756607,0.16259765625,1.4460286222685057,0.516357421875,-12.129249276024435,0,4096,0.0901474347858695,1.0,1.0,393.17724609375
main,1,1e-06,2,0.3385318486896931,0,8,2.999458830488709,2.999458830488709,5.993278730777529,2.99381990028882,0.005638930199888925,0.86376953125,2.999188613569403,0.0,-0.41984138284523786,0,4096,0.0043863393873211365,0.0,0.0,0.0
main,1,1e-06,2,0.3385318486896931,0,16,3.998859270821984,3.998859270821984,7.9720505245403235,3.9731912537183396,0.025668017103644303,0.936279296875,3.9999817655730334,0.0,-0.41984138284523786,0,4096,0.020697336320306903,0.0,0.0,0.0
main,1,1e-06,2,0.3385318486896931,0,32,4.997426633458533,4.997426633458533,9.901812493060312,4.9043858596017795,0.09304077385675313,0.967529296875,4.999964932761817,0.0,-0.41984138284523786,0,4096,0.09348710679374506,0.0,0.0,0.0
main,1,1e-06,2,0.3385318486896931,100,8,2.999165191926256,2.999165191926256,3.549906335072107,0.5507411431458511,2.4484240487804048,0.07861328125,0.6179694354652249,0.49853515625,-11.436106798997685,0,4096,0.007573568306916023,0.86474609375,0.6611328125,1.277099609375
main,1,1e-06,2,0.3385318486896931,100,16,3.9984341206269067,3.9984341206269067,4.8139163442495985,0.8154822236226917,3.182951897004215,0.117919921875,0.9840522743485884,0.49853515625,-11.436106798997685,0,4096,0.02196225193518675,0.86474609375,0.6611328125,1.277099609375
main,1,1e-06,2,0.3385318486896931,100,32,4.996532996339086,4.996532996339086,6.064255551818432,1.067722555479346,3.92881044085974,0.156005859375,1.397551747638909,0.49853515625,-11.436106798997685,0,4096,0.08851912248249505,0.86474609375,0.6611328125,1.277099609375
main,1,1e-06,2,0.3385318486896931,1000,8,2.999076159245031,2.999076159245031,3.3527411411933503,0.3536649819483193,2.6454111772967117,0.045166015625,0.39229332263149175,0.702880859375,-22.8632769102439,0,4096,0.00583249792967333,1.0,0.9814453125,12.00634765625
main,1,1e-06,2,0.3385318486896931,1000,16,3.997182493449274,3.997182493449274,4.507526426938295,0.510343933489021,3.486838559960253,0.06591796875,0.6080365473091675,0.702880859375,-22.8632769102439,0,4096,0.02420999387863887,1.0,0.9814453125,12.00634765625
main,1,1e-06,2,0.3385318486896931,1000,32,4.9948983338786075,4.9948983338786075,5.675051558226135,0.6801532243475279,4.31474510953108,0.08935546875,0.8769993225848971,0.702880859375,-22.8632769102439,0,4096,0.09741849690502491,1.0,0.9814453125,12.00634765625
main,1,1e-06,2,0.3385318486896931,7500,8,2.999014378450446,2.999014378450446,3.3242177090979634,0.3252033306475175,2.6738110478029284,0.04248046875,0.3728094397868008,0.72021484375,-25.675808500241644,0,4096,0.006677022561222046,1.0,1.0,74.82373046875
main,1,1e-06,2,0.3385318486896931,7500,16,3.9971404264758434,3.9971404264758434,4.495343221714755,0.49820279523891164,3.498937631236932,0.06591796875,0.6080365473091675,0.72021484375,-25.675808500241644,0,4096,0.01648544976982702,1.0,1.0,74.82373046875
main,1,1e-06,2,0.3385318486896931,7500,32,4.9943349452847166,4.9943349452847166,5.6681309281813705,0.673795982896654,4.320538962388063,0.08984375,0.8810516345513263,0.72021484375,-25.675808500241644,0,4096,0.08226646402347271,1.0,1.0,74.82373046875
main,1,1e-06,2,0.3385318486896931,30000,8,2.9997199653736537,2.9997199653736537,3.3314146167787535,0.3316946514050998,2.668025313968554,0.042236328125,0.37102571840145665,0.722900390625,-24.633344278519324,0,4096,0.004007240597956319,1.0,1.0,289.083984375
main,1,1e-06,2,0.3385318486896931,30000,16,3.9985300524243685,3.9985300524243685,4.496729030572194,0.4981989781478253,3.500331074276543,0.065185546875,0.6023673775477618,0.722900390625,-24.633344278519324,0,4096,0.02419759974001856,1.0,1.0,289.083984375
main,1,1e-06,2,0.3385318486896931,30000,32,4.995979739350495,4.995979739350495,5.6350745012853105,0.6390947619348157,4.356884977415679,0.083740234375,0.830088495633448,0.722900390625,-24.633344278519324,0,4096,0.0880584564776381,1.0,1.0,289.083984375
main,1,1e-06,3,0.3465318486896931,0,8,2.999458830488709,2.999458830488709,5.993278730777529,2.99381990028882,0.005638930199888925,0.86376953125,2.999188613569403,0.0,-0.41984138284523786,0,4096,0.0033288555955373056,0.0,0.0,0.0
main,1,1e-06,3,0.3465318486896931,0,16,3.998859270821984,3.998859270821984,7.9720505245403235,3.9731912537183396,0.025668017103644303,0.936279296875,3.9999817655730334,0.0,-0.41984138284523786,0,4096,0.01833768578545314,0.0,0.0,0.0
main,1,1e-06,3,0.3465318486896931,0,32,4.997426633458533,4.997426633458533,9.901812493060312,4.9043858596017795,0.09304077385675313,0.967529296875,4.999964932761817,0.0,-0.41984138284523786,0,4096,0.0913374674035694,0.0,0.0,0.0
main,1,1e-06,3,0.3465318486896931,100,8,2.9992950113315517,2.9992950113315517,3.4106601012019286,0.4113650898703769,2.587929921461175,0.0546875,0.4595120960138599,0.56640625,-13.829544984531921,0,4096,0.0030174391879675966,0.905029296875,0.678466796875,1.36669921875
main,1,1e-06,3,0.3465318486896931,100,16,3.99774321639656,3.99774321639656,4.643772796614481,0.6460295802179212,3.351713636178639,0.089111328125,0.7816447795313988,0.56640625,-13.829544984531921,0,4096,0.02101451125724285,0.905029296875,0.678466796875,1.36669921875
main,1,1e-06,3,0.3465318486896931,100,32,4.996226385499068,4.996226385499068,5.8498969498604385,0.8536705643613702,4.142555821137698,0.119384765625,1.1190453690228939,0.56640625,-13.829544984531921,0,4096,0.0899403535263712,0.905029296875,0.678466796875,1.36669921875
main,1,1e-06,3,0.3465318486896931,1000,8,2.998017577638905,2.998017577638905,3.18500545227889,0.18698787463998512,2.81102970299892,0.021240234375,0.20797747684514958,0.827880859375,-40.38673394159238,0,4096,0.005032454665846231,1.0,0.948486328125,9.658203125
main,1,1e-06,3,0.3465318486896931,1000,16,3.99760447010923,3.99760447010923,4.266419714879321,0.2688152447700909,3.7287892253391393,0.031005859375,0.32054788029293946,0.827880859375,-40.38673394159238,0,4096,0.018736885679080828,1.0,0.948486328125,9.658203125
main,1,1e-06,3,0.3465318486896931,1000,32,4.995465017553234,4.995465017553234,5.366471893390582,0.3710068758373479,4.624458141715886,0.04638671875,0.50065394624727,0.827880859375,-40.38673394159238,0,4096,0.0850703381226996,1.0,0.948486328125,9.658203125
main,1,1e-06,3,0.3465318486896931,7500,8,2.9988107858765414,2.9988107858765414,3.1199449573629914,0.12113417148645,2.8776766143900914,0.013427734375,0.1404401439579963,0.921630859375,-85.23603940538865,0,4096,0.003304015400628302,1.0,0.98828125,38.82080078125
main,1,1e-06,3,0.3465318486896931,7500,16,3.99719446933685,3.99719446933685,4.160285347685398,0.16309087834854763,3.8341035909883026,0.01806640625,0.20102528020956123,0.921630859375,-85.23603940538865,0,4096,0.02152254619189975,1.0,0.98828125,38.82080078125
main,1,1e-06,3,0.3465318486896931,7500,32,4.992973505280223,4.992973505280223,5.2073310793715635,0.21435757409134037,4.778615931188883,0.024658203125,0.28901250372774984,0.921630859375,-85.23603940538865,0,4096,0.08749787567524869,1.0,0.98828125,38.82080078125
main,1,1e-06,3,0.3465318486896931,30000,8,2.9994053237708607,2.9994053237708607,3.1012311143147486,0.10182579054388796,2.8975795332269727,0.010498046875,0.11354882583653354,0.936767578125,-117.74793858418153,0,4096,0.003840150675770815,1.0,0.998046875,107.13330078125
main,1,1e-06,3,0.3465318486896931,30000,16,3.9986795357666414,3.9986795357666414,4.135235039438118,0.13655550367147695,3.8621240320951644,0.014404296875,0.165022853530697,0.936767578125,-117.74793858418153,0,4096,0.021601191127516906,1.0,0.998046875,107.13330078125
main,1,1e-06,3,0.3465318486896931,30000,32,4.994450209277897,4.994450209277897,5.16406936248058,0.1696191532026834,4.8248310560752135,0.018798828125,0.22777522159477176,0.936767578125,-117.74793858418153,0,4096,0.0838306841405263,1.0,0.998046875,107.13330078125
main,1,1e-06,4,0.3485318486896931,0,8,2.999458830488709,2.999458830488709,5.993278730777529,2.99381990028882,0.005638930199888925,0.86376953125,2.999188613569403,0.0,-0.41984138284523786,0,4096,0.003099743137917166,0.0,0.0,0.0
main,1,1e-06,4,0.3485318486896931,0,16,3.998859270821984,3.998859270821984,7.9720505245403235,3.9731912537183396,0.025668017103644303,0.936279296875,3.9999817655730334,0.0,-0.41984138284523786,0,4096,0.02000839850352243,0.0,0.0,0.0
main,1,1e-06,4,0.3485318486896931,0,32,4.997426633458533,4.997426633458533,9.901812493060312,4.9043858596017795,0.09304077385675313,0.967529296875,4.999964932761817,0.0,-0.41984138284523786,0,4096,0.09549654372506033,0.0,0.0,0.0
main,1,1e-06,4,0.3485318486896931,100,8,2.999142712612981,2.999142712612981,3.392831772549418,0.3936890599364369,2.605453652676544,0.052978515625,0.4476467077257585,0.603271484375,-14.78554609910069,0,4096,0.009265382371310693,0.920654296875,0.676513671875,1.379150390625
main,1,1e-06,4,0.3485318486896931,100,16,3.996722801265065,3.996722801265065,4.600304090798756,0.6035812895336905,3.3931415117313746,0.08203125,0.7297834147916016,0.603271484375,-14.78554609910069,0,4096,0.01714190579065189,0.920654296875,0.676513671875,1.379150390625
main,1,1e-06,4,0.3485318486896931,100,32,4.995158910559237,4.995158910559237,5.828485583286692,0.8333266727274555,4.161832237831781,0.115966796875,1.0921776136230053,0.603271484375,-14.78554609910069,0,4096,0.09873584932844537,0.920654296875,0.676513671875,1.379150390625
main,1,1e-06,4,0.3485318486896931,1000,8,2.998930831055131,2.998930831055131,3.172558020710635,0.17362718965550394,2.825303641399627,0.019287109375,0.19156470431443354,0.8681640625,-46.992233478590535,0,4096,0.004504403691363734,1.0,0.938232421875,9.043701171875
main,1,1e-06,4,0.3485318486896931,1000,16,3.9970063262084423,3.9970063262084423,4.222344369869366,0.22533804366092358,3.7716682825475187,0.025146484375,0.2676790898466908,0.8681640625,-46.992233478590535,0,4096,0.02007431317787045,1.0,0.938232421875,9.043701171875
main,1,1e-06,4,0.3485318486896931,1000,32,4.9939701601511555,4.9939701601511555,5.288832378325624,0.2948622181744689,4.699107941976687,0.034423828125,0.3866559596452417,0.8681640625,-46.992233478590535,0,4096,0.08670977765537735,1.0,0.938232421875,9.043701171875
main,1,1e-06,4,0.3485318486896931,7500,8,2.99769159254032,2.99769159254032,3.0735180541480664,0.07582646160774642,2.9218651309325736,0.007568359375,0.08544965642326095,0.9453125,-129.1558782869929,0,4096,0.004315423258629103,1.0,0.976806640625,29.32568359375
main,1,1e-06,4,0.3485318486896931,7500,16,3.996720168752007,3.996720168752007,4.100955482579917,0.1042353138279104,3.8924848549240965,0.010986328125,0.13018555367866042,0.9453125,-129.1558782869929,0,4096,0.022090955622346087,1.0,0.976806640625,29.32568359375
main,1,1e-06,4,0.3485318486896931,7500,32,4.993185871180758,4.993185871180758,5.133466895779762,0.1402810245990036,4.852904846581755,0.015869140625,0.19619042891127825,0.9453125,-129.1558782869929,0,4096,0.0837098588143359,1.0,0.976806640625,29.32568359375
main,1,1e-06,4,0.3485318486896931,30000,8,2.9985201690981604,2.9985201690981604,3.030658365044783,0.032138195946622705,2.9663819731515377,0.003173828125,0.039823031986236254,0.9716796875,-258.12672164473236,0,4096,0.007003617149314856,1.0,0.98876953125,62.13330078125
main,1,1e-06,4,0.3485318486896931,30000,16,3.9980401238800525,3.9980401238800525,4.04197616869366,0.04393604481360747,3.954104079066445,0.004638671875,0.060758747561602974,0.9716796875,-258.12672164473236,0,4096,0.019633459627470096,1.0,0.98876953125,62.13330078125
main,1,1e-06,4,0.3485318486896931,30000,32,4.994638408567074,4.994638408567074,5.059724334051596,0.06508592548452263,4.929552483082551,0.007080078125,0.09582029805615845,0.9716796875,-258.12672164473236,0,4096,0.10253813996291328,1.0,0.98876953125,62.13330078125
main,1,1e-06,5,0.3505318486896931,0,8,2.999458830488709,2.999458830488709,5.993278730777529,2.99381990028882,0.005638930199888925,0.86376953125,2.999188613569403,0.0,-0.41984138284523786,0,4096,0.006808999266746163,0.0,0.0,0.0
main,1,1e-06,5,0.3505318486896931,0,16,3.998859270821984,3.998859270821984,7.9720505245403235,3.9731912537183396,0.025668017103644303,0.936279296875,3.9999817655730334,0.0,-0.41984138284523786,0,4096,0.021585711124396667,0.0,0.0,0.0
main,1,1e-06,5,0.3505318486896931,0,32,4.997426633458533,4.997426633458533,9.901812493060312,4.9043858596017795,0.09304077385675313,0.967529296875,4.999964932761817,0.0,-0.41984138284523786,0,4096,0.07465017168722277,0.0,0.0,0.0
main,1,1e-06,5,0.3505318486896931,100,8,2.9994930487392657,2.9994930487392657,3.339977906302476,0.34048485756321023,2.6590081911760555,0.04443359375,0.38700405768677026,0.6162109375,-15.579489366491554,0,4096,0.003920561167341852,0.928955078125,0.678955078125,1.366455078125
main,1,1e-06,5,0.3505318486896931,100,16,3.997312813894848,3.997312813894848,4.520228285210866,0.522915471316018,3.47439734257883,0.069580078125,0.6361963801663587,0.6162109375,-15.579489366491554,0,4096,0.020858059307165888,0.928955078125,0.678955078125,1.366455078125
main,1,1e-06,5,0.3505318486896931,100,32,4.996015466198202,4.996015466198202,5.724271974209243,0.7282565080110412,4.2677589581871604,0.098876953125,0.9552813129884005,0.6162109375,-15.579489366491554,0,4096,0.09323503037942338,0.928955078125,0.678955078125,1.366455078125
main,1,1e-06,5,0.3505318486896931,1000,8,2.9989632124314047,2.9989632124314047,3.126848863656887,0.12788565122548246,2.8710775612059223,0.013427734375,0.1404401439579963,0.8818359375,-54.039727703744674,0,4096,0.005921611727559117,1.0,0.927001953125,8.321533203125
main,1,1e-06,5,0.3505318486896931,1000,16,3.997722862838546,3.997722862838546,4.194237387966553,0.19651452512800738,3.8012083377105386,0.02197265625,0.2382223807249485,0.8818359375,-54.039727703744674,0,4096,0.022454077089490987,1.0,0.927001953125,8.321533203125
main,1,1e-06,5,0.3505318486896931,1000,32,4.996367636347039,4.996367636347039,5.2513556875077105,0.25498805116067125,4.741379585186368,0.02978515625,0.34087479144881283,0.8818359375,-54.039727703744674,0,4096,0.098361408438711,1.0,0.927001953125,8.321533203125
main,1,1e-06,5,0.3505318486896931,7500,8,2.9991173410607854,2.9991173410607854,3.0338330540657066,0.034715713004921156,2.9644016280558643,0.003173828125,0.039823031986236254,0.975341796875,-188.90864882707018,0,4096,0.00330973237604848,1.0,0.963623046875,22.4443359375
main,1,1e-06,5,0.3505318486896931,7500,16,3.9967327512705744,3.9967327512705744,4.043512211272578,0.0467794600020035,3.949953291268571,0.004638671875,0.060758747561602974,0.975341796875,-188.90864882707018,0,4096,0.018461398272052953,1.0,0.963623046875,22.4443359375
main,1,1e-06,5,0.3505318486896931,7500,32,4.994529380885803,4.994529380885803,5.0557353355209,0.06120595463509737,4.9333234262507055,0.006591796875,0.0898939054045664,0.975341796875,-188.90864882707018,0,4096,0.09417652362980533,1.0,0.963623046875,22.4443359375
main,1,1e-06,5,0.3505318486896931,30000,8,2.9983626549532527,2.9983626549532527,3.0067433943522115,0.00838073939895878,2.989981915554294,0.000732421875,0.010740643800650183,0.99365234375,-541.7573380431938,0,4096,0.005003716546990944,1.0,0.970947265625,34.09423828125
main,1,1e-06,5,0.3505318486896931,30000,16,3.9974764904205875,3.9974764904205875,4.007648790285834,0.01017229986524626,3.9873041905553412,0.0009765625,0.014989141568493472,0.99365234375,-541.7573380431938,0,4096,0.020248057381398787,1.0,0.970947265625,34.09423828125
main,1,1e-06,5,0.3505318486896931,30000,32,4.9952313753096345,4.9952313753096345,5.013737697858548,0.018506322548913268,4.976725052760721,0.001953125,0.03006929990480932,0.99365234375,-541.7573380431938,0,4096,0.08798854187384464,1.0,0.970947265625,34.09423828125
main,1,1e-06,6,0.3585318486896931,0,8,2.999458830488709,2.999458830488709,5.993278730777529,2.99381990028882,0.005638930199888925,0.86376953125,2.999188613569403,0.0,-0.41984138284523786,0,4096,0.004926866365820182,0.0,0.0,0.0
main,1,1e-06,6,0.3585318486896931,0,16,3.998859270821984,3.998859270821984,7.9720505245403235,3.9731912537183396,0.025668017103644303,0.936279296875,3.9999817655730334,0.0,-0.41984138284523786,0,4096,0.01641676373206913,0.0,0.0,0.0
main,1,1e-06,6,0.3585318486896931,0,32,4.997426633458533,4.997426633458533,9.901812493060312,4.9043858596017795,0.09304077385675313,0.967529296875,4.999964932761817,0.0,-0.41984138284523786,0,4096,0.09703005322561609,0.0,0.0,0.0
main,1,1e-06,6,0.3585318486896931,100,8,2.996921914941898,2.996921914941898,3.291604306643575,0.29468239170167676,2.7022395232402214,0.037353515625,0.33488828819158134,0.673583984375,-18.214039693706084,0,4096,0.00369213665326118,0.9462890625,0.669189453125,1.41650390625
main,1,1e-06,6,0.3585318486896931,100,16,3.995492182747466,3.995492182747466,4.450248091505822,0.4547559087583557,3.5407362739891104,0.06005859375,0.562319825658736,0.673583984375,-18.214039693706084,0,4096,0.017639703510073268,0.9462890625,0.669189453125,1.41650390625
main,1,1e-06,6,0.3585318486896931,100,32,4.993693138293122,4.993693138293122,5.6033342539597815,0.6096411156666592,4.384052022626463,0.080322265625,0.8012459684693749,0.673583984375,-18.214039693706084,0,4096,0.08558659242225453,0.9462890625,0.669189453125,1.41650390625
main,1,1e-06,6,0.3585318486896931,1000,8,2.9990065103080648,2.9990065103080648,3.0356634582524,0.03665694794433527,2.9623495623637295,0.00341796875,0.042520306047959075,0.962158203125,-94.28659289833661,0,4096,0.002669082201865791,1.0,0.861328125,5.66796875
main,1,1e-06,6,0.3585318486896931,1000,16,3.9980326046410726,3.9980326046410726,4.053611441316603,0.05557883667553032,3.9424537679655423,0.005615234375,0.07199834166718164,0.962158203125,-94.28659289833661,0,4096,0.020019574412080132,1.0,0.861328125,5.66796875
main,1,1e-06,6,0.3585318486896931,1000,32,4.996180900571339,4.996180900571339,5.072410138937639,0.07622923836629969,4.919951662205039,0.00830078125,0.11042881353995826,0.962158203125,-94.28659289833661,0,4096,0.10197367597556095,1.0,0.861328125,5.66796875
main,1,1e-06,6,0.3585318486896931,7500,8,2.99927963334655,2.99927963334655,2.99927963334655,0.0,2.99927963334655,0.0,0.0,1.0,-548.1600001618172,0,4096,0.007041140766626874,1.0,0.875,7.48291015625
main,1,1e-06,6,0.3585318486896931,7500,16,3.998358170685751,3.998358170685751,3.998358170685751,0.0,3.998358170685751,0.0,0.0,1.0,-548.1600001618172,0,4096,0.021171439206093545,1.0,0.875,7.48291015625
main,1,1e-06,6,0.3585318486896931,7500,32,4.994972400552258,4.994972400552258,4.994972400552258,0.0,4.994972400552258,0.0,0.0,1.0,-548.1600001618172,0,4096,0.0967791322204139,1.0,0.875,7.48291015625
main,1,1e-06,6,0.3585318486896931,30000,8,2.9994344565225437,2.9994344565225437,2.9994344565225437,0.0,2.9994344565225437,0.0,0.0,1.0,-2075.592828303139,0,4096,0.007422633768514153,1.0,0.875,7.508056640625
main,1,1e-06,6,0.3585318486896931,30000,16,3.998033660501666,3.998033660501666,3.998033660501666,0.0,3.998033660501666,0.0,0.0,1.0,-2075.592828303139,0,4096,0.022464465786629972,1.0,0.875,7.508056640625
main,1,1e-06,6,0.3585318486896931,30000,32,4.994358027663719,4.994358027663719,4.994358027663719,0.0,4.994358027663719,0.0,0.0,1.0,-2075.592828303139,0,4096,0.09209178832043818,1.0,0.875,7.508056640625
main,1,1e-06,7,0.3985318486896931,0,8,2.999458830488709,2.999458830488709,5.993278730777529,2.99381990028882,0.005638930199888925,0.86376953125,2.999188613569403,0.0,-0.41984138284523786,0,4096,0.003529653992653259,0.0,0.0,0.0
main,1,1e-06,7,0.3985318486896931,0,16,3.998859270821984,3.998859270821984,7.9720505245403235,3.9731912537183396,0.025668017103644303,0.936279296875,3.9999817655730334,0.0,-0.41984138284523786,0,4096,0.024149060646738718,0.0,0.0,0.0
main,1,1e-06,7,0.3985318486896931,0,32,4.997426633458533,4.997426633458533,9.901812493060312,4.9043858596017795,0.09304077385675313,0.967529296875,4.999964932761817,0.0,-0.41984138284523786,0,4096,0.08260753632669626,0.0,0.0,0.0
main,1,1e-06,7,0.3985318486896931,100,8,2.9990132379276844,2.9990132379276844,3.0180970705451187,0.019083832617434293,2.97992940531025,0.001708984375,0.022971247794113955,0.958984375,-45.36909163078259,0,4096,0.007013823758345694,0.999267578125,0.479248046875,0.944091796875
main,1,1e-06,7,0.3985318486896931,100,16,3.997939432598526,3.997939432598526,4.020422898783384,0.022483466184857637,3.9754559664136684,0.002197265625,0.03115299568531829,0.958984375,-45.36909163078259,0,4096,0.021645605563003656,0.999267578125,0.479248046875,0.944091796875
main,1,1e-06,7,0.3985318486896931,100,32,4.994813013901193,4.994813013901193,5.021974974490138,0.027161960588944822,4.967651053312248,0.0029296875,0.04338812537379085,0.958984375,-45.36909163078259,0,4096,0.08952820613661316,0.999267578125,0.479248046875,0.944091796875
main,1,1e-06,7,0.3985318486896931,1000,8,2.999216781959259,2.999216781959259,2.999216781959259,0.0,2.999216781959259,0.0,0.0,1.0,-407.45770419575285,0,4096,0.0063220955665688194,1.0,0.490478515625,1.083984375
main,1,1e-06,7,0.3985318486896931,1000,16,3.996582737301364,3.996582737301364,3.996582737301364,0.0,3.996582737301364,0.0,0.0,1.0,-407.45770419575285,0,4096,0.020488646631960705,1.0,0.490478515625,1.083984375
main,1,1e-06,7,0.3985318486896931,1000,32,4.992653737159402,4.992653737159402,4.992653737159402,0.0,4.992653737159402,0.0,0.0,1.0,-407.45770419575285,0,4096,0.09828101121008181,1.0,0.490478515625,1.083984375
main,1,1e-06,7,0.3985318486896931,7500,8,2.99901363452227,2.99901363452227,2.99901363452227,0.0,2.99901363452227,0.0,0.0,1.0,-3011.988802917702,0,4096,0.003526918333729867,1.0,0.490478515625,1.083984375
main,1,1e-06,7,0.3985318486896931,7500,16,3.997451440717061,3.997451440717061,3.997451440717061,0.0,3.997451440717061,0.0,0.0,1.0,-3011.988802917702,0,4096,0.020257824181223683,1.0,0.490478515625,1.083984375
main,1,1e-06,7,0.3985318486896931,7500,32,4.992182233118829,4.992182233118829,4.992182233118829,0.0,4.992182233118829,0.0,0.0,1.0,-3011.988802917702,0,4096,0.09452824139996352,1.0,0.490478515625,1.083984375
main,1,1e-06,7,0.3985318486896931,30000,8,2.9989037399794585,2.9989037399794585,2.9989037399794585,0.0,2.9989037399794585,0.0,0.0,1.0,-12018.401831470934,0,4096,0.009633858981498378,1.0,0.490478515625,1.083984375
main,1,1e-06,7,0.3985318486896931,30000,16,3.998008314286978,3.998008314286978,3.998008314286978,0.0,3.998008314286978,0.0,0.0,1.0,-12018.401831470934,0,4096,0.02278433402455793,1.0,0.490478515625,1.083984375
main,1,1e-06,7,0.3985318486896931,30000,32,4.9959683890327025,4.9959683890327025,4.9959683890327025,0.0,4.9959683890327025,0.0,0.0,1.0,-12018.401831470934,0,4096,0.09740517022853723,1.0,0.490478515625,1.083984375
main,1,1e-06,8,0.5,0,8,2.999458830488709,2.999458830488709,5.993278730777529,2.99381990028882,0.005638930199888925,0.86376953125,2.999188613569403,0.0,-0.41984138284523786,0,4096,0.005520100901168057,0.0,0.0,0.0
main,1,1e-06,8,0.5,0,16,3.998859270821984,3.998859270821984,7.9720505245403235,3.9731912537183396,0.025668017103644303,0.936279296875,3.9999817655730334,0.0,-0.41984138284523786,0,4096,0.022543455934895817,0.0,0.0,0.0
main,1,1e-06,8,0.5,0,32,4.997426633458533,4.997426633458533,9.901812493060312,4.9043858596017795,0.09304077385675313,0.967529296875,4.999964932761817,0.0,-0.41984138284523786,0,4096,0.08978937987084734,0.0,0.0,0.0
main,1,1e-06,8,0.5,100,8,2.998064019817085,2.998064019817085,2.998064019817085,0.0,2.998064019817085,0.0,0.0,1.0,-inf,0,4096,0.00626416006442021,1.0,0.0,0.0
main,1,1e-06,8,0.5,100,16,3.997198442320709,3.997198442320709,3.997198442320709,0.0,3.997198442320709,0.0,0.0,1.0,-inf,0,4096,0.019923621251413337,1.0,0.0,0.0
main,1,1e-06,8,0.5,100,32,4.994952950626365,4.994952950626365,4.994952950626365,0.0,4.994952950626365,0.0,0.0,1.0,-inf,0,4096,0.07896179656149016,1.0,0.0,0.0
main,1,1e-06,8,0.5,1000,8,2.999272819593453,2.999272819593453,2.999272819593453,0.0,2.999272819593453,0.0,0.0,1.0,-inf,0,4096,0.008422389943682163,1.0,0.0,0.0
main,1,1e-06,8,0.5,1000,16,3.9975161852350283,3.9975161852350283,3.9975161852350283,0.0,3.9975161852350283,0.0,0.0,1.0,-inf,0,4096,0.01897010681237976,1.0,0.0,0.0
main,1,1e-06,8,0.5,1000,32,4.995106914432944,4.995106914432944,4.995106914432944,0.0,4.995106914432944,0.0,0.0,1.0,-inf,0,4096,0.09218831173594566,1.0,0.0,0.0
main,1,1e-06,8,0.5,7500,8,2.999240362105647,2.999240362105647,2.999240362105647,0.0,2.999240362105647,0.0,0.0,1.0,-inf,0,4096,0.0056850162907355895,1.0,0.0,0.0
main,1,1e-06,8,0.5,7500,16,3.9975753066474757,3.9975753066474757,3.9975753066474757,0.0,3.9975753066474757,0.0,0.0,1.0,-inf,0,4096,0.016966879184810324,1.0,0.0,0.0
main,1,1e-06,8,0.5,7500,32,4.995901214739624,4.995901214739624,4.995901214739624,0.0,4.995901214739624,0.0,0.0,1.0,-inf,0,4096,0.08439033509167082,1.0,0.0,0.0
main,1,1e-06,8,0.5,30000,8,2.999214613620766,2.999214613620766,2.999214613620766,0.0,2.999214613620766,0.0,0.0,1.0,-inf,0,4096,0.007057099254859978,1.0,0.0,0.0
main,1,1e-06,8,0.5,30000,16,3.9972087758790105,3.9972087758790105,3.9972087758790105,0.0,3.9972087758790105,0.0,0.0,1.0,-inf,0,4096,0.023123346762730534,1.0,0.0,0.0
main,1,1e-06,8,0.5,30000,32,4.9955848958781,4.9955848958781,4.9955848958781,0.0,4.9955848958781,0.0,0.0,1.0,-inf,0,4096,0.08702949258239912,1.0,0.0,0.0
main,2,1e-06,0,0.0,0,8,2.9992902205612513,2.9992902205612513,5.993492338863259,2.9942021183020078,0.005088102259243499,0.87109375,2.9999002499913625,0.0,-0.4194948059717206,0,4096,0.005679932513903196,0.0,0.0,0.0
main,2,1e-06,0,0.0,0,16,3.999008189976587,3.999008189976587,7.977589605246189,3.9785814152696024,0.020426774706984396,0.9375,4.0,0.0,-0.4194948059717206,0,4096,0.02216031364804749,0.0,0.0,0.0
main,2,1e-06,0,0.0,0,32,4.997050910234409,4.997050910234409,9.90456601045959,4.90751510022518,0.08953581000922917,0.966064453125,4.999832719543535,0.0,-0.4194948059717206,0,4096,0.08540769067584364,0.0,0.0,0.0
main,2,1e-06,0,0.0,100,8,2.99970635910934,2.99970635910934,5.996005937467611,2.9962995783582715,0.0034067807510682613,0.879638671875,2.999856555882205,0.0,-0.42907153348262156,0,4096,0.004553476492089814,0.00048828125,0.00048828125,0.00048828125
main,2,1e-06,0,0.0,100,16,3.9991386903151804,3.9991386903151804,7.981182807394003,3.9820441170788223,0.0170945732363581,0.94091796875,3.999853660129656,0.0,-0.42907153348262156,0,4096,0.02241496031720036,0.00048828125,0.00048828125,0.00048828125
main,2,1e-06,0,0.0,100,32,4.997464139246645,4.997464139246645,9.904518604951205,4.90705446570456,0.0904096735420854,0.970703125,4.9999072122494,0.0,-0.42907153348262156,0,4096,0.08354695289809122,0.00048828125,0.00048828125,0.00048828125
main,2,1e-06,0,0.0,1000,8,2.999547591708877,2.999547591708877,5.994501656761468,2.9949540650525908,0.0045935266562864285,0.8798828125,2.999840967860524,0.0,-0.4077498455822068,0,4096,0.0050626347979916275,0.00341796875,0.00341796875,0.00341796875
main,2,1e-06,0,0.0,1000,16,3.999244411792266,3.999244411792266,7.9802991769087726,3.9810547651165065,0.01818964667575962,0.93896484375,3.9999733885438467,0.0,-0.4077498455822068,0,4096,0.023412647764772032,0.00341796875,0.00341796875,0.00341796875
main,2,1e-06,0,0.0,1000,32,4.997715289239351,4.997715289239351,9.916408049031002,4.918692759791651,0.07902252944770005,0.96923828125,4.999994290164681,0.0,-0.4077498455822068,0,4096,0.0872780465225329,0.00341796875,0.00341796875,0.00341796875
main,2,1e-06,0,0.0,7500,8,2.9994924862760612,2.9994924862760612,5.9939638890221865,2.994471402746125,0.005021083529936021,0.87841796875,2.9999223412672174,0.0,-0.3932270233231622,0,4096,0.0036214206074056676,0.024169921875,0.024169921875,0.024658203125
main,2,1e-06,0,0.0,7500,16,3.99914441078712,3.99914441078712,7.979373959150832,3.9802295483637122,0.018914862423407897,0.940673828125,3.9998739782842216,0.0,-0.3932270233231622,0,4096,0.017200952895630728,0.024169921875,0.024169921875,0.024658203125
main,2,1e-06,0,0.0,7500,32,4.997686882325301,4.997686882325301,9.908464056693038,4.9107771743677375,0.08690970795756314,0.967529296875,4.999964932761817,0.0,-0.3932270233231622,0,4096,0.08760655488036129,0.024169921875,0.024169921875,0.024658203125
main,2,1e-06,0,0.0,30000,8,2.9992804714735435,2.9992804714735435,5.9925480102748505,2.993267538801307,0.0060129326722364596,0.868408203125,2.9997176325322985,0.0,-0.45602935736928163,0,4096,0.004132631298801037,0.104736328125,0.104736328125,0.110595703125
main,2,1e-06,0,0.0,30000,16,3.9987885605628026,3.9987885605628026,7.974767701680397,3.9759791411175947,0.02280941944520798,0.935791015625,3.9999643459006817,0.0,-0.45602935736928163,0,4096,0.024828625481754685,0.104736328125,0.104736328125,0.110595703125
main,2,1e-06,0,0.0,30000,32,4.997854063776936,4.997854063776936,9.905330151929231,4.907476088152295,0.09037797562464078,0.97021484375,4.999948079439595,0.0,-0.45602935736928163,0,4096,0.07603241277831785,0.104736328125,0.104736328125,0.110595703125
main,2,1e-06,1,0.3285318486896931,0,8,2.9992902205612513,2.9992902205612513,5.993492338863259,2.9942021183020078,0.005088102259243499,0.87109375,2.9999002499913625,0.0,-0.4194948059717206,0,4096,0.006579357591360413,0.0,0.0,0.0
main,2,1e-06,1,0.3285318486896931,0,16,3.999008189976587,3.999008189976587,7.977589605246189,3.9785814152696024,0.020426774706984396,0.9375,4.0,0.0,-0.4194948059717206,0,4096,0.025231256701132132,0.0,0.0,0.0
main,2,1e-06,1,0.3285318486896931,0,32,4.997050910234409,4.997050910234409,9.90456601045959,4.90751510022518,0.08953581000922917,0.966064453125,4.999832719543535,0.0,-0.4194948059717206,0,4096,0.08205943107650171,0.0,0.0,0.0
main,2,1e-06,1,0.3285318486896931,100,8,2.9994047138580986,2.9994047138580986,3.7241643659911503,0.7247596521330517,2.274645061725047,0.110595703125,0.8121915595332508,0.392333984375,-8.619195032797737,0,4096,0.005025844740811358,0.813720703125,0.6533203125,1.196533203125
main,2,1e-06,1,0.3285318486896931,100,16,3.9970326536730276,3.9970326536730276,5.0476133072476514,1.0505806535746238,2.946452000098404,0.158935546875,1.2527007459953783,0.392333984375,-8.619195032797737,0,4096,0.02098163996430813,0.813720703125,0.6533203125,1.196533203125
main,2,1e-06,1,0.3285318486896931,100,32,4.994972560979324,4.994972560979324,6.382746824416124,1.3877742634367998,3.6071982975425243,0.20654296875,1.7580769896820034,0.392333984375,-8.619195032797737,0,4096,0.09090775306810173,0.813720703125,0.6533203125,1.196533203125
main,2,1e-06,1,0.3285318486896931,1000,8,2.997652721212595,2.997652721212595,3.5122362585042834,0.5145835372916885,2.4830691839209065,0.072509765625,0.5787812132917141,0.5322265625,-12.799850903414143,0,4096,0.0041758020897813,1.0,0.99755859375,13.425048828125
main,2,1e-06,1,0.3285318486896931,1000,16,3.996767074619283,3.996767074619283,4.759631968176789,0.7628648935575062,3.2339021810617767,0.109130859375,0.9236511170215557,0.5322265625,-12.799850903414143,0,4096,0.021230216045493577,1.0,0.99755859375,13.425048828125
main,2,1e-06,1,0.3285318486896931,1000,32,4.994226981232045,4.994226981232045,6.034813164899052,1.0405861836670072,3.953640797565038,0.150634765625,1.3577007290136505,0.5322265625,-12.799850903414143,0,4096,0.09064392202137128,1.0,0.99755859375,13.425048828125
main,2,1e-06,1,0.3285318486896931,7500,8,2.9997577804653535,2.9997577804653535,3.542443277207112,0.5426854967417585,2.457072283723595,0.076904296875,0.6070738906373094,0.5380859375,-12.864931655287712,0,4096,0.004865059298536423,1.0,1.0,98.935302734375
main,2,1e-06,1,0.3285318486896931,7500,16,3.9988686944152816,3.9988686944152816,4.810924856457407,0.8120561620421256,3.186812532373156,0.115966796875,0.9707249245312768,0.5380859375,-12.864931655287712,0,4096,0.0167866450089047,1.0,1.0,98.935302734375
main,2,1e-06,1,0.3285318486896931,7500,32,4.99675183553221,4.99675183553221,6.084163893008413,1.087412057476203,3.9093397780560073,0.156982421875,1.4047631617202505,0.5380859375,-12.864931655287712,0,4096,0.08800811230844374,1.0,1.0,98.935302734375
main,2,1e-06,1,0.3285318486896931,30000,8,2.998832415635264,2.998832415635264,3.5500318335606007,0.5511994179253366,2.4476329977099276,0.0771484375,0.6086340031045787,0.529052734375,-12.719339091889724,0,4096,0.004449629887526285,1.0,1.0,393.74365234375
main,2,1e-06,1,0.3285318486896931,30000,16,3.997630193686744,3.997630193686744,4.821997777725153,0.8243675840384093,3.1732626096483347,0.1162109375,0.9723937630472701,0.529052734375,-12.719339091889724,0,4096,0.015001571728844532,1.0,1.0,393.74365234375
main,2,1e-06,1,0.3285318486896931,30000,32,4.993294843321523,4.993294843321523,6.069128074852919,1.0758332315313952,3.917461611790128,0.1513671875,1.3631539048151806,0.529052734375,-12.719339091889724,0,4096,0.08263415854503187,1.0,1.0,393.74365234375
main,2,1e-06,2,0.3385318486896931,0,8,2.9992902205612513,2.9992902205612513,5.993492338863259,2.9942021183020078,0.005088102259243499,0.87109375,2.9999002499913625,0.0,-0.4194948059717206,0,4096,0.004199878599356666,0.0,0.0,0.0
main,2,1e-06,2,0.3385318486896931,0,16,3.999008189976587,3.999008189976587,7.977589605246189,3.9785814152696024,0.020426774706984396,0.9375,4.0,0.0,-0.4194948059717206,0,4096,0.01961092336066539,0.0,0.0,0.0
main,2,1e-06,2,0.3385318486896931,0,32,4.997050910234409,4.997050910234409,9.90456601045959,4.90751510022518,0.08953581000922917,0.966064453125,4.999832719543535,0.0,-0.4194948059717206,0,4096,0.09026625702299995,0.0,0.0,0.0
main,2,1e-06,2,0.3385318486896931,100,8,2.998513716752244,2.998513716752244,3.5284598354055308,0.5299461186532866,2.4685675980989576,0.07666015625,0.605512566852568,0.481201171875,-10.962297720722407,0,4096,0.002753522991019608,0.871337890625,0.677001953125,1.32373046875
main,2,1e-06,2,0.3385318486896931,100,16,3.9958139697017847,3.9958139697017847,4.7847748354173065,0.7889608657155218,3.206853103986263,0.112548828125,0.9472724037168736,0.481201171875,-10.962297720722407,0,4096,0.0177166570478553,0.871337890625,0.677001953125,1.32373046875
main,2,1e-06,2,0.3385318486896931,100,32,4.993685838045515,4.993685838045515,6.078459298514949,1.0847734604694343,3.9089123775760806,0.1591796875,1.4209509106100704,0.481201171875,-10.962297720722407,0,4096,0.08605830136288262,0.871337890625,0.677001953125,1.32373046875
main,2,1e-06,2,0.3385318486896931,1000,8,2.9987593167118303,2.9987593167118303,3.3606061056285066,0.3618467889166763,2.636912527795154,0.047607421875,0.4097961099954204,0.707763671875,-22.601936959779994,0,4096,0.0052967499286067365,1.0,0.9814453125,12.076416015625
main,2,1e-06,2,0.3385318486896931,1000,16,3.997272950680064,3.997272950680064,4.500261299589808,0.502988348909744,3.49428460177032,0.06494140625,0.6004748384759195,0.707763671875,-22.601936959779994,0,4096,0.024061042561115187,1.0,0.9814453125,12.076416015625
main,2,1e-06,2,0.3385318486896931,1000,32,4.992586819827197,4.992586819827197,5.670425606987147,0.6778387871599492,4.314748032667248,0.08984375,0.8810516345513263,0.707763671875,-22.601936959779994,0,4096,0.09314190917235976,1.0,0.9814453125,12.076416015625
main,2,1e-06,2,0.3385318486896931,7500,8,2.999093429962519,2.999093429962519,3.3100795648505397,0.3109861348880205,2.6881072950744986,0.038818359375,0.34582484299360394,0.735107421875,-25.624782444869744,0,4096,0.005726672345666373,1.0,0.99951171875,74.992431640625
main,2,1e-06,2,0.3385318486896931,7500,16,3.9984351289907503,3.9984351289907503,4.450946553011839,0.4525114240210888,3.5459237049696615,0.05810546875,0.5468896818051991,0.735107421875,-25.624782444869744,0,4096,0.020152534125124077,1.0,0.99951171875,74.992431640625
main,2,1e-06,2,0.3385318486896931,7500,32,4.994606289777386,4.994606289777386,5.588051616216613,0.5934453264392268,4.401160963338159,0.0771484375,0.7742594617745127,0.735107421875,-25.624782444869744,0,4096,0.08945890789851241,1.0,0.99951171875,74.992431640625
main,2,1e-06,2,0.3385318486896931,30000,8,2.998618066550069,2.998618066550069,3.29467456995092,0.2960565034008509,2.702561563149218,0.03662109375,0.32938792354470114,0.71875,-26.088351715587727,0,4096,0.0054639902155155795,1.0,1.0,288.50244140625
main,2,1e-06,2,0.3385318486896931,30000,16,3.996530387720209,3.996530387720209,4.454902747951279,0.4583723602310701,3.538158027489139,0.058349609375,0.5488238850849373,0.71875,-26.088351715587727,0,4096,0.020231539098634066,1.0,1.0,288.50244140625
main,2,1e-06,2,0.3385318486896931,30000,32,4.992774131321594,4.992774131321594,5.62174904779043,0.6289749164688354,4.363799214852759,0.0830078125,0.823926729847935,0.71875,-26.088351715587727,0,4096,0.08827641253089524,1.0,1.0,288.50244140625
main,2,1e-06,3,0.3465318486896931,0,8,2.9992902205612513,2.9992902205612513,5.993492338863259,2.9942021183020078,0.005088102259243499,0.87109375,2.9999002499913625,0.0,-0.4194948059717206,0,4096,0.0032990772192480478,0.0,0.0,0.0
main,2,1e-06,3,0.3465318486896931,0,16,3.999008189976587,3.999008189976587,7.977589605246189,3.9785814152696024,0.020426774706984396,0.9375,4.0,0.0,-0.4194948059717206,0,4096,0.020450060264210812,0.0,0.0,0.0
main,2,1e-06,3,0.3465318486896931,0,32,4.997050910234409,4.997050910234409,9.90456601045959,4.90751510022518,0.08953581000922917,0.966064453125,4.999832719543535,0.0,-0.4194948059717206,0,4096,0.08850416718534504,0.0,0.0,0.0
main,2,1e-06,3,0.3465318486896931,100,8,2.999263075358301,2.999263075358301,3.4013021080082106,0.4020390326499097,2.5972240427083912,0.05419921875,0.45613040869581534,0.571044921875,-13.946376917366653,0,4096,0.005520146030322692,0.919921875,0.6923828125,1.401611328125
main,2,1e-06,3,0.3465318486896931,100,16,3.998279707774327,3.998279707774327,4.601841247538344,0.603561539764017,3.39471816801031,0.083984375,0.7441828562290322,0.571044921875,-13.946376917366653,0,4096,0.02491271849131582,0.919921875,0.6923828125,1.401611328125
main,2,1e-06,3,0.3465318486896931,100,32,4.994114233403209,4.994114233403209,5.820695542044959,0.8265813086417495,4.16753292476146,0.1162109375,1.0941021420107706,0.571044921875,-13.946376917366653,0,4096,0.07894363725846887,0.919921875,0.6923828125,1.401611328125
main,2,1e-06,3,0.3465318486896931,1000,8,2.998699100405402,2.998699100405402,3.207940248148351,0.209241147742949,2.789457952662453,0.02392578125,0.23011677640950529,0.83544921875,-39.58545949650273,0,4096,0.006981580721254765,1.0,0.9482421875,9.712158203125
main,2,1e-06,3,0.3465318486896931,1000,16,3.9980276109524575,3.9980276109524575,4.293661998025975,0.2956343870735174,3.70239322387894,0.033935546875,0.3463422392185154,0.83544921875,-39.58545949650273,0,4096,0.02366538469863766,1.0,0.9482421875,9.712158203125
main,2,1e-06,3,0.3465318486896931,1000,32,4.994441328619427,4.994441328619427,5.363028010336647,0.3685866817172201,4.625854646902207,0.0439453125,0.47781138776421545,0.83544921875,-39.58545949650273,0,4096,0.07709196099241744,1.0,0.9482421875,9.712158203125
main,2,1e-06,3,0.3465318486896931,7500,8,2.998697081235398,2.998697081235398,3.0847600243265028,0.08606294309110485,2.912634138144293,0.00927734375,0.10200819331416276,0.91064453125,-87.51739766844396,0,4096,0.0035883478515694733,1.0,0.98876953125,38.139404296875
main,2,1e-06,3,0.3465318486896931,7500,16,3.996122211168233,3.996122211168233,4.134544837481868,0.138422626313635,3.857699584854598,0.015380859375,0.17474430345115807,0.91064453125,-87.51739766844396,0,4096,0.0226757220292102,1.0,0.98876953125,38.139404296875
main,2,1e-06,3,0.3465318486896931,7500,32,4.992230283835206,4.992230283835206,5.177600863139785,0.18537057930457923,4.806859704530627,0.02197265625,0.2612344691844338,0.91064453125,-87.51739766844396,0,4096,0.07775541436103772,1.0,0.98876953125,38.139404296875
main,2,1e-06,3,0.3465318486896931,30000,8,2.9986875647139932,2.9986875647139932,3.080818979608424,0.08213141489443077,2.9165561498195625,0.00830078125,0.09260835279699067,0.936767578125,-121.26024837028503,0,4096,0.004454637140540285,1.0,0.99658203125,105.630126953125
main,2,1e-06,3,0.3465318486896931,30000,16,3.9970609758940814,3.9970609758940814,4.11773912712456,0.12067815123047865,3.8763828246636027,0.0126953125,0.1477727923858679,0.936767578125,-121.26024837028503,0,4096,0.02185429737035527,1.0,0.99658203125,105.630126953125
main,2,1e-06,3,0.3465318486896931,30000,32,4.995190014505937,4.995190014505937,5.145926787621869,0.15073677311593237,4.8444532413900045,0.0166015625,0.20415582538328997,0.936767578125,-121.26024837028503,0,4096,0.09014555802782986,1.0,0.99658203125,105.630126953125
main,2,1e-06,4,0.3485318486896931,0,8,2.9992902205612513,2.9992902205612513,5.993492338863259,2.9942021183020078,0.005088102259243499,0.87109375,2.9999002499913625,0.0,-0.4194948059717206,0,4096,0.0027593155807448255,0.0,0.0,0.0
main,2,1e-06,4,0.3485318486896931,0,16,3.999008189976587,3.999008189976587,7.977589605246189,3.9785814152696024,0.020426774706984396,0.9375,4.0,0.0,-0.4194948059717206,0,4096,0.01793623781063136,0.0,0.0,0.0
main,2,1e-06,4,0.3485318486896931,0,32,4.997050910234409,4.997050910234409,9.90456601045959,4.90751510022518,0.08953581000922917,0.966064453125,4.999832719543535,0.0,-0.4194948059717206,0,4096,0.08102390613061417,0.0,0.0,0.0
main,2,1e-06,4,0.3485318486896931,100,8,2.998547199508873,2.998547199508873,3.408006259605042,0.4094590600961694,2.5890881394127034,0.0546875,0.4595120960138599,0.582275390625,-14.390756011955137,0,4096,0.002704573743661065,0.912353515625,0.680419921875,1.3994140625
main,2,1e-06,4,0.3485318486896931,100,16,3.996891820486619,3.996891820486619,4.606768845604002,0.6098770251173828,3.387014795369236,0.082763671875,0.7351916859611655,0.582275390625,-14.390756011955137,0,4096,0.022329452976741493,0.912353515625,0.680419921875,1.3994140625
main,2,1e-06,4,0.3485318486896931,100,32,4.9939639023134434,4.9939639023134434,5.8223866295488165,0.828422727235373,4.16554117507807,0.115478515625,1.0883260389431635,0.582275390625,-14.390756011955137,0,4096,0.0844127213698247,0.912353515625,0.680419921875,1.3994140625
main,2,1e-06,4,0.3485318486896931,1000,8,2.9961225986219358,2.9961225986219358,3.126030472953105,0.12990787433116946,2.8662147242907663,0.01416015625,0.1470079953646125,0.86328125,-46.34002321415841,0,4096,0.006161044117108716,1.0,0.945068359375,8.990478515625
main,2,1e-06,4,0.3485318486896931,1000,16,3.9949707061258177,3.9949707061258177,4.1837614799690215,0.18879077384320375,3.806179932282614,0.021728515625,0.23592960507054234,0.86328125,-46.34002321415841,0,4096,0.021290097199543112,1.0,0.945068359375,8.990478515625
main,2,1e-06,4,0.3485318486896931,1000,32,4.9916074773194135,4.9916074773194135,5.249961170617761,0.25835369329834723,4.733253784021066,0.031005859375,0.353020494007991,0.86328125,-46.34002321415841,0,4096,0.10185841774362814,1.0,0.945068359375,8.990478515625
main,2,1e-06,4,0.3485318486896931,7500,8,2.9989307604606523,2.9989307604606523,3.053314801294853,0.054384040834200675,2.9445467196264516,0.005126953125,0.06077504532744423,0.952880859375,-130.8107844072643,0,4096,0.007217833468711632,1.0,0.981201171875,29.67431640625
main,2,1e-06,4,0.3485318486896931,7500,16,3.997970389308244,3.997970389308244,4.078967379984697,0.08099699067645272,3.916973398631791,0.008544921875,0.1043687108223971,0.952880859375,-130.8107844072643,0,4096,0.020351854984674844,1.0,0.981201171875,29.67431640625
main,2,1e-06,4,0.3485318486896931,7500,32,4.995673936718363,4.995673936718363,5.092963410889845,0.0972894741714816,4.898384462546882,0.010986328125,0.1416915979084031,0.952880859375,-130.8107844072643,0,4096,0.08132469362898398,1.0,0.981201171875,29.67431640625
main,2,1e-06,4,0.3485318486896931,30000,8,2.998859140526532,2.998859140526532,3.0332396765496528,0.034380536023120634,2.9644786045034115,0.003173828125,0.039823031986236254,0.973876953125,-257.88861718706573,0,4096,0.0039044916650263772,1.0,0.990966796875,62.265380859375
main,2,1e-06,4,0.3485318486896931,30000,16,3.9969805453217404,3.9969805453217404,4.050613568023197,0.05363302270145631,3.943347522620284,0.00537109375,0.06921337842342268,0.973876953125,-257.88861718706573,0,4096,0.021098583624581835,1.0,0.990966796875,62.265380859375
main,2,1e-06,4,0.3485318486896931,30000,32,4.994188332740645,4.994188332740645,5.049061921114056,0.05487358837341105,4.939314744367234,0.005859375,0.08090445659466455,0.973876953125,-257.88861718706573,0,4096,0.09312209920886616,1.0,0.990966796875,62.265380859375
main,2,1e-06,5,0.3505318486896931,0,8,2.9992902205612513,2.9992902205612513,5.993492338863259,2.9942021183020078,0.005088102259243499,0.87109375,2.9999002499913625,0.0,-0.4194948059717206,0,4096,0.006301625767454411,0.0,0.0,0.0
main,2,1e-06,5,0.3505318486896931,0,16,3.999008189976587,3.999008189976587,7.977589605246189,3.9785814152696024,0.020426774706984396,0.9375,4.0,0.0,-0.4194948059717206,0,4096,0.01770966334646218,0.0,0.0,0.0
main,2,1e-06,5,0.3505318486896931,0,32,4.997050910234409,4.997050910234409,9.90456601045959,4.90751510022518,0.08953581000922917,0.966064453125,4.999832719543535,0.0,-0.4194948059717206,0,4096,0.086421364839385,0.0,0.0,0.0
main,2,1e-06,5,0.3505318486896931,100,8,2.9991596016909243,2.9991596016909243,3.3844435328884592,0.3852839311975349,2.6138756704933894,0.050537109375,0.430549795308576,0.609130859375,-15.339920998560368,0,4096,0.005384494027135034,0.929443359375,0.690185546875,1.389404296875
main,2,1e-06,5,0.3505318486896931,100,16,3.9970643475230885,3.9970643475230885,4.5864372031093446,0.5893728555862561,3.4076914919368324,0.08056640625,0.7189359550762959,0.609130859375,-15.339920998560368,0,4096,0.020943486616681994,0.929443359375,0.690185546875,1.389404296875
main,2,1e-06,5,0.3505318486896931,100,32,4.993813921133361,4.993813921133361,5.7674423323020605,0.7736284111686995,4.2201855099646615,0.10546875,1.008608087296218,0.609130859375,-15.339920998560368,0,4096,0.09219937052239047,0.929443359375,0.690185546875,1.389404296875
main,2,1e-06,5,0.3505318486896931,1000,8,2.9991713609156654,2.9991713609156654,3.1095504421834974,0.11037908126783202,2.8887922796478334,0.011962890625,0.12712576388159658,0.8876953125,-53.5659467721548,0,4096,0.003981248144743432,1.0,0.932861328125,8.4609375
main,2,1e-06,5,0.3505318486896931,1000,16,3.9983759631119646,3.9983759631119646,4.167295700654827,0.16891973754286216,3.8294562255691025,0.01953125,0.2151069549295391,0.8876953125,-53.5659467721548,0,4096,0.01876156824500086,1.0,0.932861328125,8.4609375
main,2,1e-06,5,0.3505318486896931,1000,32,4.995185608951215,4.995185608951215,5.2165669306320055,0.2213813216807905,4.7738042872704245,0.0263671875,0.3064609301826471,0.8876953125,-53.5659467721548,0,4096,0.08882009482122832,1.0,0.932861328125,8.4609375
main,2,1e-06,5,0.3505318486896931,7500,8,2.9988072393604126,2.9988072393604126,3.032478756559102,0.033671517198689216,2.9651357221617234,0.003173828125,0.039823031986236254,0.978515625,-187.8485875770412,0,4096,0.004991093426919946,1.0,0.96484375,22.660888671875
main,2,1e-06,5,0.3505318486896931,7500,16,3.997823345536174,3.997823345536174,4.034594572259793,0.03677122672361888,3.961052118812555,0.003662109375,0.049218933679612234,0.978515625,-187.8485875770412,0,4096,0.021153863687231933,1.0,0.96484375,22.660888671875
main,2,1e-06,5,0.3505318486896931,7500,32,4.994765653542606,4.994765653542606,5.039732955029585,0.04496730148697914,4.949798352055627,0.0048828125,0.06870818019973952,0.978515625,-187.8485875770412,0,4096,0.08668936199561728,1.0,0.96484375,22.660888671875
main,2,1e-06,5,0.3505318486896931,30000,8,2.998053716301234,2.998053716301234,3.0008437579828957,0.002790041681661748,2.995263674619572,0.000244140625,0.003967254355072863,0.997802734375,-538.4065919644884,0,4096,0.0052409383380638275,1.0,0.971435546875,33.7646484375
main,2,1e-06,5,0.3505318486896931,30000,16,3.994865573307087,3.994865573307087,3.9999670127885363,0.005101439481449255,3.9897641338256378,0.00048828125,0.00798302410092137,0.997802734375,-538.4065919644884,0,4096,0.01999206703138512,1.0,0.971435546875,33.7646484375
main,2,1e-06,5,0.3505318486896931,30000,32,4.991785706152102,4.991785706152102,4.998734124798303,0.006948418646200771,4.9848372875059015,0.000732421875,0.012313037395617909,0.997802734375,-538.4065919644884,0,4096,0.08553121962871835,1.0,0.971435546875,33.7646484375
main,2,1e-06,6,0.3585318486896931,0,8,2.9992902205612513,2.9992902205612513,5.993492338863259,2.9942021183020078,0.005088102259243499,0.87109375,2.9999002499913625,0.0,-0.4194948059717206,0,4096,0.005086282766985306,0.0,0.0,0.0
main,2,1e-06,6,0.3585318486896931,0,16,3.999008189976587,3.999008189976587,7.977589605246189,3.9785814152696024,0.020426774706984396,0.9375,4.0,0.0,-0.4194948059717206,0,4096,0.023205135565603996,0.0,0.0,0.0
main,2,1e-06,6,0.3585318486896931,0,32,4.997050910234409,4.997050910234409,9.90456601045959,4.90751510022518,0.08953581000922917,0.966064453125,4.999832719543535,0.0,-0.4194948059717206,0,4096,0.09666635457430495,0.0,0.0,0.0
main,2,1e-06,6,0.3585318486896931,100,8,2.999659289776748,2.999659289776748,3.275610491123527,0.2759512013467793,2.7237080884299685,0.03369140625,0.3071626864488548,0.69482421875,-19.139347230983585,0,4096,0.005217409912877002,0.954833984375,0.6650390625,1.3935546875
main,2,1e-06,6,0.3585318486896931,100,16,3.9975894155128904,3.9975894155128904,4.405952456658757,0.40836304114586675,3.5892263743670236,0.05126953125,0.492070001265443,0.69482421875,-19.139347230983585,0,4096,0.016748912905031332,0.954833984375,0.6650390625,1.3935546875
main,2,1e-06,6,0.3585318486896931,100,32,4.994770005236532,4.994770005236532,5.551250324529663,0.5564803192931311,4.438289685943401,0.072021484375,0.7302311238342973,0.69482421875,-19.139347230983585,0,4096,0.09724583169310641,0.954833984375,0.6650390625,1.3935546875
main,2,1e-06,6,0.3585318486896931,1000,8,2.998271566123269,2.998271566123269,3.0318548955787206,0.033583329455451505,2.9646882366678176,0.003173828125,0.039823031986236254,0.965576171875,-95.79417504808205,0,4096,0.005896976011747768,1.0,0.852294921875,5.5556640625
main,2,1e-06,6,0.3585318486896931,1000,16,3.9964490538977184,3.9964490538977184,4.044376402906464,0.047927349008745956,3.9485217048889725,0.0048828125,0.06359438276429832,0.965576171875,-95.79417504808205,0,4096,0.021101803490436666,1.0,0.852294921875,5.5556640625
main,2,1e-06,6,0.3585318486896931,1000,32,4.991163149933874,4.991163149933874,5.050014565228315,0.05885141529444038,4.932311734639434,0.00634765625,0.08691124004960941,0.965576171875,-95.79417504808205,0,4096,0.08971372600953131,1.0,0.852294921875,5.5556640625
main,2,1e-06,6,0.3585318486896931,7500,8,2.9994198530701808,2.9994198530701808,2.9994198530701808,0.0,2.9994198530701808,0.0,0.0,0.999755859375,-546.0812056056859,0,4096,0.003228845980904893,1.0,0.864013671875,7.234130859375
main,2,1e-06,6,0.3585318486896931,7500,16,3.9969687133614697,3.9969687133614697,3.9969687133614697,0.0,3.9969687133614697,0.0,0.0,0.999755859375,-546.0812056056859,0,4096,0.019414416715918925,1.0,0.864013671875,7.234130859375
main,2,1e-06,6,0.3585318486896931,7500,32,4.9927294959807815,4.9927294959807815,4.9927294959807815,0.0,4.9927294959807815,0.0,0.0,0.999755859375,-546.0812056056859,0,4096,0.08463725520844001,1.0,0.864013671875,7.234130859375
main,2,1e-06,6,0.3585318486896931,30000,8,2.998395617894129,2.998395617894129,2.998395617894129,0.0,2.998395617894129,0.0,0.0,1.0,-2083.1915435959963,0,4096,0.0038793068918341334,1.0,0.864013671875,7.2548828125
main,2,1e-06,6,0.3585318486896931,30000,16,3.99547634059914,3.99547634059914,3.99547634059914,0.0,3.99547634059914,0.0,0.0,1.0,-2083.1915435959963,0,4096,0.02018295373428991,1.0,0.864013671875,7.2548828125
main,2,1e-06,6,0.3585318486896931,30000,32,4.991392779766391,4.991392779766391,4.991392779766391,0.0,4.991392779766391,0.0,0.0,1.0,-2083.1915435959963,0,4096,0.08723792492248172,1.0,0.864013671875,7.2548828125
main,2,1e-06,7,0.3985318486896931,0,8,2.9992902205612513,2.9992902205612513,5.993492338863259,2.9942021183020078,0.005088102259243499,0.87109375,2.9999002499913625,0.0,-0.4194948059717206,0,4096,0.0036388116441887774,0.0,0.0,0.0
main,2,1e-06,7,0.3985318486896931,0,16,3.999008189976587,3.999008189976587,7.977589605246189,3.9785814152696024,0.020426774706984396,0.9375,4.0,0.0,-0.4194948059717206,0,4096,0.0202199460666721,0.0,0.0,0.0
main,2,1e-06,7,0.3985318486896931,0,32,4.997050910234409,4.997050910234409,9.90456601045959,4.90751510022518,0.08953581000922917,0.966064453125,4.999832719543535,0.0,-0.4194948059717206,0,4096,0.07978082189246116,0.0,0.0,0.0
main,2,1e-06,7,0.3985318486896931,100,8,2.9975678990372985,2.9975678990372985,3.0282030723432634,0.03063517330596488,2.9669327257313336,0.0029296875,0.03709855099391994,0.96337890625,-45.849115517330304,0,4096,0.004557317117900972,0.998779296875,0.474609375,0.915771484375
main,2,1e-06,7,0.3985318486896931,100,16,3.9949688263917293,3.9949688263917293,4.041358297063031,0.0463894706713015,3.948579355720428,0.004638671875,0.060758747561602974,0.96337890625,-45.849115517330304,0,4096,0.020318134954459666,0.998779296875,0.474609375,0.915771484375
main,2,1e-06,7,0.3985318486896931,100,32,4.990447378927083,4.990447378927083,5.0445542886274515,0.054106909700368355,4.936340469226715,0.005859375,0.08090445659466455,0.96337890625,-45.849115517330304,0,4096,0.08003640729563877,0.998779296875,0.474609375,0.915771484375
main,2,1e-06,7,0.3985318486896931,1000,8,2.9992338464872716,2.9992338464872716,2.9992338464872716,0.0,2.9992338464872716,0.0,0.0,1.0,-405.4099523320264,0,4096,0.005713555390298275,1.0,0.486328125,1.049072265625
main,2,1e-06,7,0.3985318486896931,1000,16,3.9975275865968563,3.9975275865968563,3.9975275865968563,0.0,3.9975275865968563,0.0,0.0,1.0,-405.4099523320264,0,4096,0.0266668985547458,1.0,0.486328125,1.049072265625
main,2,1e-06,7,0.3985318486896931,1000,32,4.9932710831004545,4.9932710831004545,4.9932710831004545,0.0,4.9932710831004545,0.0,0.0,1.0,-405.4099523320264,0,4096,0.09838582135851048,1.0,0.486328125,1.049072265625
main,2,1e-06,7,0.3985318486896931,7500,8,2.999764493954939,2.999764493954939,2.999764493954939,0.0,2.999764493954939,0.0,0.0,1.0,-3008.8791388932314,0,4096,0.004382067817697788,1.0,0.486328125,1.049072265625
main,2,1e-06,7,0.3985318486896931,7500,16,3.996978121501513,3.996978121501513,3.996978121501513,0.0,3.996978121501513,0.0,0.0,1.0,-3008.8791388932314,0,4096,0.02321301996398173,1.0,0.486328125,1.049072265625
main,2,1e-06,7,0.3985318486896931,7500,32,4.994274145824507,4.994274145824507,4.994274145824507,0.0,4.994274145824507,0.0,0.0,1.0,-3008.8791388932314,0,4096,0.08002919341667081,1.0,0.486328125,1.049072265625
main,2,1e-06,7,0.3985318486896931,30000,8,2.9993478770216795,2.9993478770216795,2.9993478770216795,0.0,2.9993478770216795,0.0,0.0,1.0,-12031.375724285039,0,4096,0.005945660800263042,1.0,0.486328125,1.049072265625
main,2,1e-06,7,0.3985318486896931,30000,16,3.998789675042841,3.998789675042841,3.998789675042841,0.0,3.998789675042841,0.0,0.0,1.0,-12031.375724285039,0,4096,0.021817652901686024,1.0,0.486328125,1.049072265625
main,2,1e-06,7,0.3985318486896931,30000,32,4.997479148165691,4.997479148165691,4.997479148165691,0.0,4.997479148165691,0.0,0.0,1.0,-12031.375724285039,0,4096,0.09089056850469213,1.0,0.486328125,1.049072265625
main,2,1e-06,8,0.5,0,8,2.9992902205612513,2.9992902205612513,5.993492338863259,2.9942021183020078,0.005088102259243499,0.87109375,2.9999002499913625,0.0,-0.4194948059717206,0,4096,0.0035547200201486717,0.0,0.0,0.0
main,2,1e-06,8,0.5,0,16,3.999008189976587,3.999008189976587,7.977589605246189,3.9785814152696024,0.020426774706984396,0.9375,4.0,0.0,-0.4194948059717206,0,4096,0.019469859409965373,0.0,0.0,0.0
main,2,1e-06,8,0.5,0,32,4.997050910234409,4.997050910234409,9.90456601045959,4.90751510022518,0.08953581000922917,0.966064453125,4.999832719543535,0.0,-0.4194948059717206,0,4096,0.07780599233112895,0.0,0.0,0.0
main,2,1e-06,8,0.5,100,8,2.997734987730074,2.997734987730074,2.997734987730074,0.0,2.997734987730074,0.0,0.0,1.0,-inf,0,4096,0.005306099411129139,1.0,0.0,0.0
main,2,1e-06,8,0.5,100,16,3.996458923234492,3.996458923234492,3.996458923234492,0.0,3.996458923234492,0.0,0.0,1.0,-inf,0,4096,0.02097146303226438,1.0,0.0,0.0
main,2,1e-06,8,0.5,100,32,4.993732766321477,4.993732766321477,4.993732766321477,0.0,4.993732766321477,0.0,0.0,1.0,-inf,0,4096,0.08556676244143091,1.0,0.0,0.0
main,2,1e-06,8,0.5,1000,8,2.9986664799205602,2.9986664799205602,2.9986664799205602,0.0,2.9986664799205602,0.0,0.0,1.0,-inf,0,4096,0.004219946973922362,1.0,0.0,0.0
main,2,1e-06,8,0.5,1000,16,3.997978906733576,3.997978906733576,3.997978906733576,0.0,3.997978906733576,0.0,0.0,1.0,-inf,0,4096,0.019650612997894612,1.0,0.0,0.0
main,2,1e-06,8,0.5,1000,32,4.99363103150786,4.99363103150786,4.99363103150786,0.0,4.99363103150786,0.0,0.0,1.0,-inf,0,4096,0.08913642745874384,1.0,0.0,0.0
main,2,1e-06,8,0.5,7500,8,2.9981631280154755,2.9981631280154755,2.9981631280154755,0.0,2.9981631280154755,0.0,0.0,1.0,-inf,0,4096,0.004138748513716095,1.0,0.0,0.0
main,2,1e-06,8,0.5,7500,16,3.9948890943868403,3.9948890943868403,3.9948890943868403,0.0,3.9948890943868403,0.0,0.0,1.0,-inf,0,4096,0.028621832366521716,1.0,0.0,0.0
main,2,1e-06,8,0.5,7500,32,4.9915219609322214,4.9915219609322214,4.9915219609322214,0.0,4.9915219609322214,0.0,0.0,1.0,-inf,0,4096,0.0926064663968873,1.0,0.0,0.0
main,2,1e-06,8,0.5,30000,8,2.998775259230687,2.998775259230687,2.998775259230687,0.0,2.998775259230687,0.0,0.0,1.0,-inf,0,4096,0.007017799779845291,1.0,0.0,0.0
main,2,1e-06,8,0.5,30000,16,3.9954205024644924,3.9954205024644924,3.9954205024644924,0.0,3.9954205024644924,0.0,0.0,1.0,-inf,0,4096,0.020906824298497995,1.0,0.0,0.0
main,2,1e-06,8,0.5,30000,32,4.993227898068692,4.993227898068692,4.993227898068692,0.0,4.993227898068692,0.0,0.0,1.0,-inf,0,4096,0.0932244716081172,1.0,0.0,0.0
main,3,1e-06,0,0.0,0,8,2.9998151385729033,2.9998151385729033,5.994377902136354,2.994562763563451,0.005252375009452415,0.880126953125,2.999824566212657,0.0,-0.4043892408298222,0,4096,0.005469694593200458,0.0,0.0,0.0
main,3,1e-06,0,0.0,0,16,3.999139999533002,3.999139999533002,7.973130334649157,3.9739903351161545,0.025149664416847628,0.940673828125,3.9998739782842216,0.0,-0.4043892408298222,0,4096,0.021584726307824376,0.0,0.0,0.0
main,3,1e-06,0,0.0,0,32,4.997913604925703,4.997913604925703,9.90154945311335,4.903635848187648,0.09427775673805527,0.970703125,4.9999072122494,0.0,-0.4043892408298222,0,4096,0.08615346953842007,0.0,0.0,0.0
main,3,1e-06,0,0.0,100,8,2.9992697895939466,2.9992697895939466,5.994486988033284,2.995217198439337,0.004052591154609431,0.8779296875,2.999943009462439,0.0,-0.4069028113711083,0,4096,0.00342704611920297,0.000732421875,0.000732421875,0.000732421875
main,3,1e-06,0,0.0,100,16,3.998170824461023,3.998170824461023,7.970703029549075,3.9725322050880516,0.025638619372971405,0.94140625,3.999808377250408,0.0,-0.4069028113711083,0,4096,0.02461514900610684,0.000732421875,0.000732421875,0.000732421875
main,3,1e-06,0,0.0,100,32,4.99573555326964,4.99573555326964,9.905729784257819,4.909994230988179,0.0857413222814607,0.97265625,4.999620764636627,0.0,-0.4069028113711083,0,4096,0.08985000991297021,0.000732421875,0.000732421875,0.000732421875
main,3,1e-06,0,0.0,1000,8,2.999234934304785,2.999234934304785,5.994572780522653,2.9953378462178684,0.003897088086916689,0.8779296875,2.999943009462439,0.0,-0.4230394950631516,0,4096,0.0048973231043518695,0.00341796875,0.00341796875,0.00341796875
main,3,1e-06,0,0.0,1000,16,3.9988453994864632,3.9988453994864632,7.970554767157533,3.9717093676710697,0.02713603181539348,0.934326171875,3.999877899734555,0.0,-0.4230394950631516,0,4096,0.02414818142163977,0.00341796875,0.00341796875,0.00341796875
main,3,1e-06,0,0.0,1000,32,4.99756690692289,4.99756690692289,9.89022083438893,4.892653927466041,0.10491297945684863,0.968994140625,4.999998576162867,0.0,-0.4230394950631516,0,4096,0.08938738850398664,0.00341796875,0.00341796875,0.00341796875
main,3,1e-06,0,0.0,7500,8,2.9981821616106057,2.9981821616106057,5.990901216618209,2.992719055007603,0.005463106603002643,0.86669921875,2.999553912700284,0.0,-0.39241581241371193,0,4096,0.004548928681142428,0.023681640625,0.023681640625,0.02392578125
main,3,1e-06,0,0.0,7500,16,3.997572745575435,3.997572745575435,7.969720942825147,3.9721481972497124,0.025424548325722718,0.933349609375,3.9997921745647913,0.0,-0.39241581241371193,0,4096,0.0228707372794279,0.023681640625,0.023681640625,0.02392578125
main,3,1e-06,0,0.0,7500,32,4.995842698227641,4.995842698227641,9.890141994913758,4.894299296686118,0.10154340154152308,0.9658203125,4.999801394959751,0.0,-0.39241581241371193,0,4096,0.08613977031874853,0.023681640625,0.023681640625,0.02392578125
main,3,1e-06,0,0.0,30000,8,2.9992455753299962,2.9992455753299962,5.993374197622618,2.9941286222926218,0.005116953037374472,0.87890625,2.9998984524106818,0.0,-0.46919859523191365,0,4096,0.00491661672663124,0.09912109375,0.09912109375,0.102783203125
main,3,1e-06,0,0.0,30000,16,3.9985838932248408,3.9985838932248408,7.977790188385973,3.9792062951611324,0.019377598063708312,0.93994140625,3.9999257110525597,0.0,-0.46919859523191365,0,4096,0.020827290433687473,0.09912109375,0.09912109375,0.102783203125
main,3,1e-06,0,0.0,30000,32,4.997423052831552,4.997423052831552,9.907074434739762,4.90965138190821,0.08777167092334182,0.970458984375,4.999929145622011,0.0,-0.46919859523191365,0,4096,0.0930936602591359,0.09912109375,0.09912109375,0.102783203125
main,3,1e-06,1,0.3285318486896931,0,8,2.9998151385729033,2.9998151385729033,5.994377902136354,2.994562763563451,0.005252375009452415,0.880126953125,2.999824566212657,0.0,-0.4043892408298222,0,4096,0.006737341977101963,0.0,0.0,0.0
main,3,1e-06,1,0.3285318486896931,0,16,3.999139999533002,3.999139999533002,7.973130334649157,3.9739903351161545,0.025149664416847628,0.940673828125,3.9998739782842216,0.0,-0.4043892408298222,0,4096,0.019084553660404957,0.0,0.0,0.0
main,3,1e-06,1,0.3285318486896931,0,32,4.997913604925703,4.997913604925703,9.90154945311335,4.903635848187648,0.09427775673805527,0.970703125,4.9999072122494,0.0,-0.4043892408298222,0,4096,0.09101235069634228,0.0,0.0,0.0
main,3,1e-06,1,0.3285318486896931,100,8,2.9986428493256256,2.9986428493256256,3.6690765266419287,0.6704336773163031,2.3282091720093225,0.10009765625,0.7503147281229434,0.392333984375,-8.45458845091753,0,4096,0.004435590846812332,0.804443359375,0.64013671875,1.169921875
main,3,1e-06,1,0.3285318486896931,100,16,3.9972410545299852,3.9972410545299852,4.993295572002976,0.9960545174729911,3.001186537056994,0.150390625,1.1983766997229475,0.392333984375,-8.45458845091753,0,4096,0.023478238059600365,0.804443359375,0.64013671875,1.169921875
main,3,1e-06,1,0.3285318486896931,100,32,4.994337022745728,4.994337022745728,6.351397188440283,1.3570601656945556,3.637276857051172,0.207275390625,1.7631253432788083,0.392333984375,-8.45458845091753,0,4096,0.0868352592215853,0.804443359375,0.64013671875,1.169921875
main,3,1e-06,1,0.3285318486896931,1000,8,2.999598547868067,2.999598547868067,3.516400801745821,0.5168022538777537,2.4827962939903134,0.072021484375,0.5756124203291374,0.53955078125,-13.05065720269453,0,4096,0.002985905703043912,1.0,0.9951171875,13.50439453125
main,3,1e-06,1,0.3285318486896931,1000,16,3.9988918707603505,3.9988918707603505,4.787613411146355,0.7887215403860042,3.2101703303743463,0.113037109375,0.9506329922748531,0.53955078125,-13.05065720269453,0,4096,0.018279068326187087,1.0,0.9951171875,13.50439453125
main,3,1e-06,1,0.3285318486896931,1000,32,4.995907197386705,4.995907197386705,6.055243131595319,1.0593359342086135,3.9365712631780916,0.1513671875,1.3631539048151806,0.53955078125,-13.05065720269453,0,4096,0.08671490156258344,1.0,0.9951171875,13.50439453125
main,3,1e-06,1,0.3285318486896931,7500,8,2.9982045802377,2.9982045802377,3.4999707509723574,0.5017661707346575,2.4964384095030425,0.071044921875,0.5692593622937129,0.514404296875,-11.983903624756358,0,4096,0.0052710997316767205,1.0,1.0,99.1142578125
main,3,1e-06,1,0.3285318486896931,7500,16,3.9961686350109,3.9961686350109,4.771959915344121,0.7757912803332214,3.2203773546776784,0.112548828125,0.9472724037168736,0.514404296875,-11.983903624756358,0,4096,0.018186691855051507,1.0,1.0,99.1142578125
main,3,1e-06,1,0.3285318486896931,7500,32,4.992428933095562,4.992428933095562,6.066059652465173,1.0736307193696106,3.9187982137259514,0.15771484375,1.410164896672403,0.514404296875,-11.983903624756358,0,4096,0.0837134608711736,1.0,1.0,99.1142578125
main,3,1e-06,1,0.3285318486896931,30000,8,2.9998026233163535,2.9998026233163535,3.533984241260675,0.5341816179443213,2.465621005372032,0.0751953125,0.5961189868323902,0.514892578125,-12.15919523057254,0,4096,0.004364438561680117,1.0,1.0,394.2548828125
main,3,1e-06,1,0.3285318486896931,30000,16,3.997770478587559,3.997770478587559,4.803556092020024,0.805785613432465,3.191984865155094,0.115478515625,0.9673847295949792,0.514892578125,-12.15919523057254,0,4096,0.018008680565785085,1.0,1.0,394.2548828125
main,3,1e-06,1,0.3285318486896931,30000,32,4.993627921624524,4.993627921624524,6.065729757592971,1.0721018359684464,3.921526085656078,0.154052734375,1.383097517219232,0.514892578125,-12.15919523057254,0,4096,0.08577073165397842,1.0,1.0,394.2548828125
main,3,1e-06,2,0.3385318486896931,0,8,2.9998151385729033,2.9998151385729033,5.994377902136354,2.994562763563451,0.005252375009452415,0.880126953125,2.999824566212657,0.0,-0.4043892408298222,0,4096,0.004806133210330188,0.0,0.0,0.0
main,3,1e-06,2,0.3385318486896931,0,16,3.999139999533002,3.999139999533002,7.973130334649157,3.9739903351161545,0.025149664416847628,0.940673828125,3.9998739782842216,0.0,-0.4043892408298222,0,4096,0.02446131473481561,0.0,0.0,0.0
main,3,1e-06,2,0.3385318486896931,0,32,4.997913604925703,4.997913604925703,9.90154945311335,4.903635848187648,0.09427775673805527,0.970703125,4.9999072122494,0.0,-0.4043892408298222,0,4096,0.09858681459095564,0.0,0.0,0.0
main,3,1e-06,2,0.3385318486896931,100,8,2.9990656895605206,2.9990656895605206,3.549762694154622,0.5506970045941015,2.448368684966419,0.080322265625,0.6288068042212474,0.49267578125,-11.273156348494297,0,4096,0.004203507147911623,0.8759765625,0.675537109375,1.316162109375
main,3,1e-06,2,0.3385318486896931,100,16,3.99786759364957,3.99786759364957,4.814236157581172,0.8163685639316025,3.1814990297179673,0.120361328125,1.0006371416882236,0.49267578125,-11.273156348494297,0,4096,0.02015310583420149,0.8759765625,0.675537109375,1.316162109375
main,3,1e-06,2,0.3385318486896931,100,32,4.996116637929584,4.996116637929584,6.0747518968793806,1.078635258949797,3.9174813789797867,0.157470703125,1.4083649667695854,0.49267578125,-11.273156348494297,0,4096,0.0935763025699714,0.8759765625,0.675537109375,1.316162109375
main,3,1e-06,2,0.3385318486896931,1000,8,2.9991070283791084,2.9991070283791084,3.3548789809827135,0.35577195260360517,2.643335075775503,0.046630859375,0.40281828637172734,0.69384765625,-22.162657344781024,0,4096,0.0065822634833931914,1.0,0.980224609375,12.001953125
main,3,1e-06,2,0.3385318486896931,1000,16,3.9963057178042747,3.9963057178042747,4.537506472617501,0.5412007548132265,3.455104962991048,0.072998046875,0.6622088482910236,0.69384765625,-22.162657344781024,0,4096,0.023925380020447307,1.0,0.980224609375,12.001953125
main,3,1e-06,2,0.3385318486896931,1000,32,4.994693476575894,4.994693476575894,5.696529276314363,0.7018357997384692,4.292857676837425,0.093505859375,0.9113112889990879,0.69384765625,-22.162657344781024,0,4096,0.09555466978610916,1.0,0.980224609375,12.001953125
main,3,1e-06,2,0.3385318486896931,7500,8,2.9995101142187495,2.9995101142187495,3.3591642347821904,0.3596541205634409,2.6398559936553085,0.046875,0.40456561988552003,0.720458984375,-25.12312914373444,0,4096,0.006492877572356726,1.0,1.0,74.67578125
main,3,1e-06,2,0.3385318486896931,7500,16,3.9986460868377325,3.9986460868377325,4.5367702306867255,0.538124143848993,3.4605219429887395,0.071044921875,0.6473757883199132,0.720458984375,-25.12312914373444,0,4096,0.021188496057192197,1.0,1.0,74.67578125
main,3,1e-06,2,0.3385318486896931,7500,32,4.995744045577415,4.995744045577415,5.672283925219871,0.6765398796424558,4.319204165934959,0.08935546875,0.8769993225848971,0.720458984375,-25.12312914373444,0,4096,0.0939929253060523,1.0,1.0,74.67578125
main,3,1e-06,2,0.3385318486896931,30000,8,2.998871769427777,2.998871769427777,3.3007109676558484,0.3018391982280715,2.6970325711997054,0.036865234375,0.331223795204803,0.72900390625,-26.52243116639078,0,4096,0.004430079049647873,1.0,1.0,289.448974609375
main,3,1e-06,2,0.3385318486896931,30000,16,3.9981992926576417,3.9981992926576417,4.470801223457844,0.4726019308002023,3.5255973618574394,0.060791015625,0.5680808328912333,0.72900390625,-26.52243116639078,0,4096,0.01810359118122129,1.0,1.0,289.448974609375
main,3,1e-06,2,0.3385318486896931,30000,32,4.996541609482184,4.996541609482184,5.616827558834604,0.6202859493524198,4.376255660129765,0.08154296875,0.8115726132003473,0.72900390625,-26.52243116639078,0,4096,0.08764968419855634,1.0,1.0,289.448974609375
main,3,1e-06,3,0.3465318486896931,0,8,2.9998151385729033,2.9998151385729033,5.994377902136354,2.994562763563451,0.005252375009452415,0.880126953125,2.999824566212657,0.0,-0.4043892408298222,0,4096,0.0039896344993977095,0.0,0.0,0.0
main,3,1e-06,3,0.3465318486896931,0,16,3.999139999533002,3.999139999533002,7.973130334649157,3.9739903351161545,0.025149664416847628,0.940673828125,3.9998739782842216,0.0,-0.4043892408298222,0,4096,0.018398382164257043,0.0,0.0,0.0
main,3,1e-06,3,0.3465318486896931,0,32,4.997913604925703,4.997913604925703,9.90154945311335,4.903635848187648,0.09427775673805527,0.970703125,4.9999072122494,0.0,-0.4043892408298222,0,4096,0.090631611617221,0.0,0.0,0.0
main,3,1e-06,3,0.3465318486896931,100,8,2.99899197163266,2.99899197163266,3.4307855728051173,0.43179360117245746,2.5671983704602024,0.06103515625,0.5028878172069421,0.576171875,-13.915650577798651,0,4096,0.004117932431720206,0.917236328125,0.675537109375,1.355224609375
main,3,1e-06,3,0.3465318486896931,100,16,3.9976788671033514,3.9976788671033514,4.655493416589543,0.6578145494861918,3.3398643176171596,0.093505859375,0.8133820681103889,0.576171875,-13.915650577798651,0,4096,0.017459986705998354,0.917236328125,0.675537109375,1.355224609375
main,3,1e-06,3,0.3465318486896931,100,32,4.995754608575131,4.995754608575131,5.876587849291576,0.880833240716445,4.1149213678586865,0.122802734375,1.1457527895470316,0.576171875,-13.915650577798651,0,4096,0.083953272449385,0.917236328125,0.675537109375,1.355224609375
main,3,1e-06,3,0.3465318486896931,1000,8,2.9989682234590616,2.9989682234590616,3.1529876970948134,0.15401947363575186,2.8449487498233097,0.017578125,0.1769654894792139,0.83984375,-40.299764571323685,0,4096,0.0059479237735899915,1.0,0.947998046875,9.746337890625
main,3,1e-06,3,0.3465318486896931,1000,16,3.9976047195997486,3.9976047195997486,4.245382797734772,0.24777807813502317,3.7498266414647254,0.029296875,0.30531305731160896,0.83984375,-40.299764571323685,0,4096,0.020576369397650396,1.0,0.947998046875,9.746337890625
main,3,1e-06,3,0.3465318486896931,1000,32,4.995840412286438,4.995840412286438,5.323805825533597,0.327965413247159,4.667874999039279,0.0400390625,0.44083263623411106,0.83984375,-40.299764571323685,0,4096,0.09363749727704196,1.0,0.947998046875,9.746337890625
main,3,1e-06,3,0.3465318486896931,7500,8,2.9987483273251394,2.9987483273251394,3.096787471826426,0.09803914450128648,2.900709182823853,0.010498046875,0.11354882583653354,0.91455078125,-86.32741344580059,0,4096,0.005574633599575662,1.0,0.989013671875,38.28271484375
main,3,1e-06,3,0.3465318486896931,7500,16,3.997976521889997,3.997976521889997,4.150387974564741,0.1524114526747442,3.8455650692152528,0.016845703125,0.1891577178610211,0.91455078125,-86.32741344580059,0,4096,0.018100638163407012,1.0,0.989013671875,38.28271484375
main,3,1e-06,3,0.3465318486896931,7500,32,4.9947332791790435,4.9947332791790435,5.191197341421855,0.19646406224281154,4.798269216936232,0.02294921875,0.2713887408671612,0.91455078125,-86.32741344580059,0,4096,0.0852479193567337,1.0,0.989013671875,38.28271484375
main,3,1e-06,3,0.3465318486896931,30000,8,2.9982133071274673,2.9982133071274673,3.089055500268374,0.09084219314090669,2.9073711139865606,0.0087890625,0.09732802444522556,0.934326171875,-120.54526734834242,0,4096,0.005299789970147906,1.0,0.99853515625,105.8232421875
main,3,1e-06,3,0.3465318486896931,30000,16,3.9976695703731737,3.9976695703731737,4.132907518628169,0.13523794825499547,3.8624316221181783,0.01416015625,0.16257759230454244,0.934326171875,-120.54526734834242,0,4096,0.024316773679312398,1.0,0.99853515625,105.8232421875
main,3,1e-06,3,0.3465318486896931,30000,32,4.994561141908537,4.994561141908537,5.172719954074921,0.17815881216638374,4.816402329742154,0.0205078125,0.24588207847241522,0.934326171875,-120.54526734834242,0,4096,0.09543157909376987,1.0,0.99853515625,105.8232421875
main,3,1e-06,4,0.3485318486896931,0,8,2.9998151385729033,2.9998151385729033,5.994377902136354,2.994562763563451,0.005252375009452415,0.880126953125,2.999824566212657,0.0,-0.4043892408298222,0,4096,0.005841742502667557,0.0,0.0,0.0
main,3,1e-06,4,0.3485318486896931,0,16,3.999139999533002,3.999139999533002,7.973130334649157,3.9739903351161545,0.025149664416847628,0.940673828125,3.9998739782842216,0.0,-0.4043892408298222,0,4096,0.01799633266390188,0.0,0.0,0.0
main,3,1e-06,4,0.3485318486896931,0,32,4.997913604925703,4.997913604925703,9.90154945311335,4.903635848187648,0.09427775673805527,0.970703125,4.9999072122494,0.0,-0.4043892408298222,0,4096,0.08629539796857522,0.0,0.0,0.0
main,3,1e-06,4,0.3485318486896931,100,8,2.9982103145875927,2.9982103145875927,3.3994703116086615,0.40125999702106885,2.596950317566524,0.054443359375,0.4578220875607496,0.5927734375,-14.357816384715758,0,4096,0.00557821229641231,0.920166015625,0.692626953125,1.4033203125
main,3,1e-06,4,0.3485318486896931,100,16,3.9977118203283237,3.9977118203283237,4.612162681361342,0.6144508610330184,3.3832609592953053,0.085693359375,0.7567236284669177,0.5927734375,-14.357816384715758,0,4096,0.01694791659087702,0.920166015625,0.692626953125,1.4033203125
main,3,1e-06,4,0.3485318486896931,100,32,4.992985070939623,4.992985070939623,5.806427187215535,0.8134421162759118,4.179542954663711,0.11328125,1.070952099716727,0.5927734375,-14.357816384715758,0,4096,0.08854112546940485,0.920166015625,0.692626953125,1.4033203125
main,3,1e-06,4,0.3485318486896931,1000,8,2.9988986384616325,2.9988986384616325,3.1535653424098347,0.15466670394820214,2.8442319345134304,0.01708984375,0.17275043647279564,0.86572265625,-47.38682376134756,0,4096,0.005292102325979542,1.0,0.939453125,8.8349609375
main,3,1e-06,4,0.3485318486896931,1000,16,3.9972336724217388,3.9972336724217388,4.212830607995122,0.21559693557338333,3.7816367368483554,0.024658203125,0.26318782667877183,0.86572265625,-47.38682376134756,0,4096,0.018020038060581278,1.0,0.939453125,8.8349609375
main,3,1e-06,4,0.3485318486896931,1000,32,4.994231035554289,4.994231035554289,5.2950350997283575,0.30080406417406813,4.693426971380221,0.0361328125,0.40328026959724483,0.86572265625,-47.38682376134756,0,4096,0.08450466688857716,1.0,0.939453125,8.8349609375
main,3,1e-06,4,0.3485318486896931,7500,8,2.999475205587826,2.999475205587826,3.037121906937826,0.03764670134999992,2.9618285042378263,0.003662109375,0.04519231378135449,0.948486328125,-128.4621501407677,0,4096,0.004141276874811695,1.0,0.977294921875,29.441650390625
main,3,1e-06,4,0.3485318486896931,7500,16,3.9966839315928544,3.9966839315928544,4.077056857850721,0.08037292625786652,3.916311005334988,0.0087890625,0.10699191220104415,0.948486328125,-128.4621501407677,0,4096,0.021031890015951404,1.0,0.977294921875,29.441650390625
main,3,1e-06,4,0.3485318486896931,7500,32,4.992408823051353,4.992408823051353,5.091178630302895,0.09876980725154283,4.89363901579981,0.01123046875,0.1444822021554708,0.948486328125,-128.4621501407677,0,4096,0.10128616056340078,1.0,0.977294921875,29.441650390625
main,3,1e-06,4,0.3485318486896931,30000,8,2.9990551953038684,2.9990551953038684,3.032741381369347,0.03368618606547846,2.96536900923839,0.003173828125,0.039823031986236254,0.9755859375,-258.57033987393334,0,4096,0.005740434775965753,1.0,0.9892578125,61.830810546875
main,3,1e-06,4,0.3485318486896931,30000,16,3.9973290306278586,3.9973290306278586,4.049934207149227,0.052605176521368424,3.94472385410649,0.00537109375,0.06921337842342268,0.9755859375,-258.57033987393334,0,4096,0.020975777108797722,1.0,0.9892578125,61.830810546875
main,3,1e-06,4,0.3485318486896931,30000,32,4.996172892989184,4.996172892989184,5.057251248585058,0.06107835559587382,4.935094537393311,0.006591796875,0.0898939054045664,0.9755859375,-258.57033987393334,0,4096,0.09437423666866529,1.0,0.9892578125,61.830810546875
main,3,1e-06,5,0.3505318486896931,0,8,2.9998151385729033,2.9998151385729033,5.994377902136354,2.994562763563451,0.005252375009452415,0.880126953125,2.999824566212657,0.0,-0.4043892408298222,0,4096,0.003538227382933634,0.0,0.0,0.0
main,3,1e-06,5,0.3505318486896931,0,16,3.999139999533002,3.999139999533002,7.973130334649157,3.9739903351161545,0.025149664416847628,0.940673828125,3.9998739782842216,0.0,-0.4043892408298222,0,4096,0.021214865470420285,0.0,0.0,0.0
main,3,1e-06,5,0.3505318486896931,0,32,4.997913604925703,4.997913604925703,9.90154945311335,4.903635848187648,0.09427775673805527,0.970703125,4.9999072122494,0.0,-0.4043892408298222,0,4096,0.09212137942429877,0.0,0.0,0.0
main,3,1e-06,5,0.3505318486896931,100,8,2.999197519789954,2.999197519789954,3.367632549102102,0.3684350293121481,2.6307624904778057,0.047119140625,0.4063110286890015,0.602783203125,-14.932482054974809,0,4096,0.0034157240779091325,0.924072265625,0.684814453125,1.404052734375
main,3,1e-06,5,0.3505318486896931,100,16,3.9977422765347823,3.9977422765347823,4.561228437938789,0.5634861614040068,3.4342561151307756,0.07568359375,0.6824718986985838,0.602783203125,-14.932482054974809,0,4096,0.01897403092044403,0.924072265625,0.684814453125,1.404052734375
main,3,1e-06,5,0.3505318486896931,100,32,4.995135780774919,4.995135780774919,5.756747952276133,0.7616121715012145,4.233523609273704,0.106201171875,1.014491576561316,0.602783203125,-14.932482054974809,0,4096,0.08932560534386269,0.924072265625,0.684814453125,1.404052734375
main,3,1e-06,5,0.3505318486896931,1000,8,2.9975900615988396,2.9975900615988396,3.114716242539156,0.11712618094031635,2.880463880658523,0.0126953125,0.13381384340524108,0.88818359375,-55.76423067845117,0,4096,0.0033626531048946973,1.0,0.925537109375,8.28173828125
main,3,1e-06,5,0.3505318486896931,1000,16,3.9955685737122906,3.9955685737122906,4.1811669023654705,0.18559832865317993,3.8099702450591106,0.021240234375,0.2313318722550445,0.88818359375,-55.76423067845117,0,4096,0.018494308922504032,1.0,0.925537109375,8.28173828125
main,3,1e-06,5,0.3505318486896931,1000,32,4.992492695243628,4.992492695243628,5.237931994189616,0.24543929894598726,4.747053396297641,0.029541015625,0.33843681646404855,0.88818359375,-55.76423067845117,0,4096,0.0900663091115046,1.0,0.925537109375,8.28173828125
main,3,1e-06,5,0.3505318486896931,7500,8,2.999198147999458,2.999198147999458,3.028956965692453,0.029758817692995265,2.9694393303064626,0.002685546875,0.034344597985261564,0.976806640625,-187.3350323604676,0,4096,0.004793461122166498,1.0,0.95751953125,22.09619140625
main,3,1e-06,5,0.3505318486896931,7500,16,3.997898754405645,3.997898754405645,4.042068050995969,0.04416929659032398,3.953729457815321,0.00439453125,0.057904479479324006,0.976806640625,-187.3350323604676,0,4096,0.022434939031291457,1.0,0.95751953125,22.09619140625
main,3,1e-06,5,0.3505318486896931,7500,32,4.995462083301669,4.995462083301669,5.051086067162624,0.05562398386095424,4.939838099440715,0.006103515625,0.08391493787092817,0.976806640625,-187.3350323604676,0,4096,0.09602416987448947,1.0,0.95751953125,22.09619140625
main,3,1e-06,5,0.3505318486896931,30000,8,2.999070518895149,2.999070518895149,2.999070518895149,0.0,2.999070518895149,0.0,0.0,0.99658203125,-539.6780200198157,0,4096,0.006044851359947145,1.0,0.96630859375,33.734130859375
main,3,1e-06,5,0.3505318486896931,30000,16,3.9977633487318376,3.9977633487318376,3.9977633487318376,0.0,3.9977633487318376,0.0,0.0,0.99658203125,-539.6780200198157,0,4096,0.026562029791448616,1.0,0.96630859375,33.734130859375
main,3,1e-06,5,0.3505318486896931,30000,32,4.9949044679058865,4.9949044679058865,4.9949044679058865,0.0,4.9949044679058865,0.0,0.0,0.99658203125,-539.6780200198157,0,4096,0.0898576693570341,1.0,0.96630859375,33.734130859375
main,3,1e-06,6,0.3585318486896931,0,8,2.9998151385729033,2.9998151385729033,5.994377902136354,2.994562763563451,0.005252375009452415,0.880126953125,2.999824566212657,0.0,-0.4043892408298222,0,4096,0.00246017124564446,0.0,0.0,0.0
main,3,1e-06,6,0.3585318486896931,0,16,3.999139999533002,3.999139999533002,7.973130334649157,3.9739903351161545,0.025149664416847628,0.940673828125,3.9998739782842216,0.0,-0.4043892408298222,0,4096,0.0237713347653985,0.0,0.0,0.0
main,3,1e-06,6,0.3585318486896931,0,32,4.997913604925703,4.997913604925703,9.90154945311335,4.903635848187648,0.09427775673805527,0.970703125,4.9999072122494,0.0,-0.4043892408298222,0,4096,0.09364301843023703,0.0,0.0,0.0
main,3,1e-06,6,0.3585318486896931,100,8,2.997395845193025,2.997395845193025,3.2919829516031163,0.29458710641009134,2.7028087387829336,0.03662109375,0.32938792354470114,0.68017578125,-18.02356827553416,0,4096,0.006205417589900009,0.944580078125,0.662109375,1.374267578125
main,3,1e-06,6,0.3585318486896931,100,16,3.995719378964524,3.995719378964524,4.426115355145919,0.43039597618139513,3.565323402783129,0.054443359375,0.5176845033815147,0.68017578125,-18.02356827553416,0,4096,0.023305680708186394,0.944580078125,0.662109375,1.374267578125
main,3,1e-06,6,0.3585318486896931,100,32,4.994352867789507,4.994352867789507,5.599853333915583,0.6055004661260757,4.388852401663431,0.079833984375,0.7971071844003113,0.68017578125,-18.02356827553416,0,4096,0.08200809976685797,0.944580078125,0.662109375,1.374267578125
main,3,1e-06,6,0.3585318486896931,1000,8,2.999033618670715,2.999033618670715,3.0535043009142058,0.05447068224349083,2.944562936427224,0.00537109375,0.06330766923931132,0.957763671875,-94.25649184660998,0,4096,0.005946364255258629,1.0,0.849365234375,5.63623046875
main,3,1e-06,6,0.3585318486896931,1000,16,3.9974503289796663,3.9974503289796663,4.068630941403436,0.0711806124237695,3.926269716555897,0.00732421875,0.09109422940217722,0.957763671875,-94.25649184660998,0,4096,0.022590032372153956,1.0,0.849365234375,5.63623046875
main,3,1e-06,6,0.3585318486896931,1000,32,4.994321617085581,4.994321617085581,5.086225273946645,0.09190365686106361,4.9024179602245175,0.010009765625,0.13044821268731058,0.957763671875,-94.25649184660998,0,4096,0.1037721268055023,1.0,0.849365234375,5.63623046875
main,3,1e-06,6,0.3585318486896931,7500,8,2.9992705236969304,2.9992705236969304,2.9992705236969304,0.0,2.9992705236969304,0.0,0.0,0.999755859375,-547.7248844598043,0,4096,0.005939640869680574,1.0,0.863037109375,7.41162109375
main,3,1e-06,6,0.3585318486896931,7500,16,3.9980833343041566,3.9980833343041566,3.9980833343041566,0.0,3.9980833343041566,0.0,0.0,0.999755859375,-547.7248844598043,0,4096,0.019577801435644027,1.0,0.863037109375,7.41162109375
main,3,1e-06,6,0.3585318486896931,7500,32,4.996210994860919,4.996210994860919,4.996210994860919,0.0,4.996210994860919,0.0,0.0,0.999755859375,-547.7248844598043,0,4096,0.08689425165558262,1.0,0.863037109375,7.41162109375
main,3,1e-06,6,0.3585318486896931,30000,8,2.9998417123888115,2.9998417123888115,2.9998417123888115,0.0,2.9998417123888115,0.0,0.0,1.0,-2088.3972397663492,0,4096,0.006026325998575999,1.0,0.863037109375,7.427978515625
main,3,1e-06,6,0.3585318486896931,30000,16,3.999067771955838,3.999067771955838,3.999067771955838,0.0,3.999067771955838,0.0,0.0,1.0,-2088.3972397663492,0,4096,0.01659622581934439,1.0,0.863037109375,7.427978515625
main,3,1e-06,6,0.3585318486896931,30000,32,4.99746160068538,4.99746160068538,4.99746160068538,0.0,4.99746160068538,0.0,0.0,1.0,-2088.3972397663492,0,4096,0.07929445439294014,1.0,0.863037109375,7.427978515625
main,3,1e-06,7,0.3985318486896931,0,8,2.9998151385729033,2.9998151385729033,5.994377902136354,2.994562763563451,0.005252375009452415,0.880126953125,2.999824566212657,0.0,-0.4043892408298222,0,4096,0.006537890460291962,0.0,0.0,0.0
main,3,1e-06,7,0.3985318486896931,0,16,3.999139999533002,3.999139999533002,7.973130334649157,3.9739903351161545,0.025149664416847628,0.940673828125,3.9998739782842216,0.0,-0.4043892408298222,0,4096,0.022066330680481805,0.0,0.0,0.0
main,3,1e-06,7,0.3985318486896931,0,32,4.997913604925703,4.997913604925703,9.90154945311335,4.903635848187648,0.09427775673805527,0.970703125,4.9999072122494,0.0,-0.4043892408298222,0,4096,0.08950630965493644,0.0,0.0,0.0
main,3,1e-06,7,0.3985318486896931,100,8,2.999395622726015,2.999395622726015,3.0049842227934715,0.0055886000674565395,2.9938070226585585,0.00048828125,0.007446141447820337,0.964111328125,-45.59412541218309,0,4096,0.004239429890660951,0.998291015625,0.47705078125,0.9296875
main,3,1e-06,7,0.3985318486896931,100,16,3.9981034229510737,3.9981034229510737,4.024555888686814,0.02645246573574056,3.971650957215333,0.002685546875,0.037297452577317244,0.964111328125,-45.59412541218309,0,4096,0.02589247141940554,0.998291015625,0.47705078125,0.9296875
main,3,1e-06,7,0.3985318486896931,100,32,4.994934968496746,4.994934968496746,5.045817760456934,0.050882791960188634,4.944052176536557,0.005615234375,0.077879208717939,0.964111328125,-45.59412541218309,0,4096,0.09619433962060953,0.998291015625,0.47705078125,0.9296875
main,3,1e-06,7,0.3985318486896931,1000,8,2.9993390253238954,2.9993390253238954,2.9993390253238954,0.0,2.9993390253238954,0.0,0.0,1.0,-405.9146823402044,0,4096,0.00287342956748482,1.0,0.487548828125,1.059814453125
main,3,1e-06,7,0.3985318486896931,1000,16,3.9988804241419293,3.9988804241419293,3.9988804241419293,0.0,3.9988804241419293,0.0,0.0,1.0,-405.9146823402044,0,4096,0.02320915922430622,1.0,0.487548828125,1.059814453125
main,3,1e-06,7,0.3985318486896931,1000,32,4.997318245808694,4.997318245808694,4.997318245808694,0.0,4.997318245808694,0.0,0.0,1.0,-405.9146823402044,0,4096,0.09237913654964558,1.0,0.487548828125,1.059814453125
main,3,1e-06,7,0.3985318486896931,7500,8,2.999255091207793,2.999255091207793,2.999255091207793,0.0,2.999255091207793,0.0,0.0,1.0,-3010.697224631516,0,4096,0.006497714377294628,1.0,0.487548828125,1.059814453125
main,3,1e-06,7,0.3985318486896931,7500,16,3.9983002786014343,3.9983002786014343,3.9983002786014343,0.0,3.9983002786014343,0.0,0.0,1.0,-3010.697224631516,0,4096,0.019516281181637396,1.0,0.487548828125,1.059814453125
main,3,1e-06,7,0.3985318486896931,7500,32,4.996074442109414,4.996074442109414,4.996074442109414,0.0,4.996074442109414,0.0,0.0,1.0,-3010.697224631516,0,4096,0.09931412498650616,1.0,0.487548828125,1.059814453125
main,3,1e-06,7,0.3985318486896931,30000,8,2.9988484096679047,2.9988484096679047,2.9988484096679047,0.0,2.9988484096679047,0.0,0.0,1.0,-12024.12430858238,0,4096,0.004205178591464964,1.0,0.487548828125,1.059814453125
main,3,1e-06,7,0.3985318486896931,30000,16,3.997724968828506,3.997724968828506,3.997724968828506,0.0,3.997724968828506,0.0,0.0,1.0,-12024.12430858238,0,4096,0.017642609962094546,1.0,0.487548828125,1.059814453125
main,3,1e-06,7,0.3985318486896931,30000,32,4.994652433791298,4.994652433791298,4.994652433791298,0.0,4.994652433791298,0.0,0.0,1.0,-12024.12430858238,0,4096,0.09191857043637519,1.0,0.487548828125,1.059814453125
main,3,1e-06,8,0.5,0,8,2.9998151385729033,2.9998151385729033,5.994377902136354,2.994562763563451,0.005252375009452415,0.880126953125,2.999824566212657,0.0,-0.4043892408298222,0,4096,0.005979506289568448,0.0,0.0,0.0
main,3,1e-06,8,0.5,0,16,3.999139999533002,3.999139999533002,7.973130334649157,3.9739903351161545,0.025149664416847628,0.940673828125,3.9998739782842216,0.0,-0.4043892408298222,0,4096,0.024156873377294552,0.0,0.0,0.0
main,3,1e-06,8,0.5,0,32,4.997913604925703,4.997913604925703,9.90154945311335,4.903635848187648,0.09427775673805527,0.970703125,4.9999072122494,0.0,-0.4043892408298222,0,4096,0.10149524829215117,0.0,0.0,0.0
main,3,1e-06,8,0.5,100,8,2.9989948761423886,2.9989948761423886,2.9989948761423886,0.0,2.9989948761423886,0.0,0.0,1.0,-inf,0,4096,0.004099683919071673,1.0,0.0,0.0
main,3,1e-06,8,0.5,100,16,3.997446630535732,3.997446630535732,3.997446630535732,0.0,3.997446630535732,0.0,0.0,1.0,-inf,0,4096,0.022611070475768713,1.0,0.0,0.0
main,3,1e-06,8,0.5,100,32,4.994927938764018,4.994927938764018,4.994927938764018,0.0,4.994927938764018,0.0,0.0,1.0,-inf,0,4096,0.09036646994143815,1.0,0.0,0.0
main,3,1e-06,8,0.5,1000,8,2.9990599734686016,2.9990599734686016,2.9990599734686016,0.0,2.9990599734686016,0.0,0.0,1.0,-inf,0,4096,0.005760732548532488,1.0,0.0,0.0
main,3,1e-06,8,0.5,1000,16,3.998015734872583,3.998015734872583,3.998015734872583,0.0,3.998015734872583,0.0,0.0,1.0,-inf,0,4096,0.017707838570371948,1.0,0.0,0.0
main,3,1e-06,8,0.5,1000,32,4.9947089091657215,4.9947089091657215,4.9947089091657215,0.0,4.9947089091657215,0.0,0.0,1.0,-inf,0,4096,0.08469801497431462,1.0,0.0,0.0
main,3,1e-06,8,0.5,7500,8,2.999416781951702,2.999416781951702,2.999416781951702,0.0,2.999416781951702,0.0,0.0,1.0,-inf,0,4096,0.0036192645662973533,1.0,0.0,0.0
main,3,1e-06,8,0.5,7500,16,3.997673242643058,3.997673242643058,3.997673242643058,0.0,3.997673242643058,0.0,0.0,1.0,-inf,0,4096,0.021899851901960865,1.0,0.0,0.0
main,3,1e-06,8,0.5,7500,32,4.992886056685203,4.992886056685203,4.992886056685203,0.0,4.992886056685203,0.0,0.0,1.0,-inf,0,4096,0.0936786893971373,1.0,0.0,0.0
main,3,1e-06,8,0.5,30000,8,2.9994493627681194,2.9994493627681194,2.9994493627681194,0.0,2.9994493627681194,0.0,0.0,1.0,-inf,0,4096,0.006740745665241299,1.0,0.0,0.0
main,3,1e-06,8,0.5,30000,16,3.9982312847679755,3.9982312847679755,3.9982312847679755,0.0,3.9982312847679755,0.0,0.0,1.0,-inf,0,4096,0.017418648412252935,1.0,0.0,0.0
main,3,1e-06,8,0.5,30000,32,4.995536452418152,4.995536452418152,4.995536452418152,0.0,4.995536452418152,0.0,0.0,1.0,-inf,0,4096,0.08416694549481463,1.0,0.0,0.0
sensitivity,0,0.0001,0,0.3385318486896931,0,8,2.999421830246974,2.999421830246974,5.990820182566798,2.991398352319824,0.008023477927149969,0.888671875,2.9987263950481697,0.0,-0.4291459273235176,0,2048,0.014495910573254278,0.0,0.0,0.0
sensitivity,0,0.0001,0,0.3385318486896931,0,16,3.9979617262991938,3.9979617262991938,7.949043357002928,3.9510816307037344,0.04688009559545936,0.9443359375,3.9994039788007245,0.0,-0.4291459273235176,0,2048,0.04835863717786104,0.0,0.0,0.0
sensitivity,0,0.0001,0,0.3385318486896931,0,32,4.994617587366116,4.994617587366116,9.795421019461912,4.800803432095797,0.19381415527031898,0.9716796875,4.999788992307017,0.0,-0.4291459273235176,0,2048,0.1900903115963093,0.0,0.0,0.0
sensitivity,0,0.0001,0,0.3385318486896931,100,8,2.998878853794257,2.998878853794257,3.5569614810548478,0.5580826272605908,2.4407962265336662,0.08203125,0.6395871290706281,0.47412109375,-10.87688941272734,0,2048,0.009981497760717772,0.87060546875,0.68408203125,1.33740234375
sensitivity,0,0.0001,0,0.3385318486896931,100,16,3.995407087551186,3.995407087551186,4.818901417742174,0.8234943301909876,3.1719127573601984,0.12353515625,1.0220762476836436,0.47412109375,-10.87688941272734,0,2048,0.048385929432121166,0.87060546875,0.68408203125,1.33740234375
sensitivity,0,0.0001,0,0.3385318486896931,100,32,4.992156514683516,4.992156514683516,6.083119780502497,1.0909632658189814,3.9011932488645344,0.1689453125,1.4922746480088103,0.47412109375,-10.87688941272734,0,2048,0.20048042673024646,0.87060546875,0.68408203125,1.33740234375
sensitivity,0,0.0001,0,0.3385318486896931,1000,8,2.9985598857727376,2.9985598857727376,3.335888291646704,0.3373284058739663,2.6612314798987713,0.0439453125,0.3834677720661518,0.7041015625,-22.488555865370373,0,2048,0.008651885044453245,1.0,0.9892578125,11.96044921875
sensitivity,0,0.0001,0,0.3385318486896931,1000,16,3.9949956346945013,3.9949956346945013,4.500104051134373,0.5051084164398714,3.48988721825463,0.068359375,0.626843716286319,0.7041015625,-22.488555865370373,0,2048,0.049866693835993736,1.0,0.9892578125,11.96044921875
sensitivity,0,0.0001,0,0.3385318486896931,1000,32,4.9863503832874105,4.9863503832874105,5.6300973148504685,0.643746931563058,4.342603451724353,0.0908203125,0.8891436597125932,0.7041015625,-22.488555865370373,0,2048,0.194620619279398,1.0,0.9892578125,11.96044921875
sensitivity,0,0.0001,0,0.3385318486896931,7500,8,2.996973968045297,2.996973968045297,3.2848656150983744,0.28789164705307746,2.7090823209922195,0.03759765625,0.33671693996495,0.73291015625,-25.93006966098666,0,2048,0.013927332516891155,1.0,1.0,75.03271484375
sensitivity,0,0.0001,0,0.3385318486896931,7500,16,3.993886764240604,3.993886764240604,4.446737289528081,0.45285052528747727,3.5410362389531267,0.0615234375,0.5738282849406912,0.73291015625,-25.93006966098666,0,2048,0.04623748035967168,1.0,1.0,75.03271484375
sensitivity,0,0.0001,0,0.3385318486896931,7500,32,4.98497651195367,4.98497651195367,5.570258138051631,0.5852816260979612,4.399694885855709,0.08203125,0.8156952117070135,0.73291015625,-25.93006966098666,0,2048,0.19513224042513677,1.0,1.0,75.03271484375
sensitivity,0,0.0001,0,0.3385318486896931,30000,8,2.9972554214732985,2.9972554214732985,3.3040618290236257,0.3068064075503272,2.6904490139229713,0.03857421875,0.34400792832343774,0.72900390625,-25.088465502692785,0,2048,0.007473667928737271,1.0,1.0,289.177734375
sensitivity,0,0.0001,0,0.3385318486896931,30000,16,3.993245495061462,3.993245495061462,4.458697896403825,0.4654524013423629,3.527793093719099,0.0625,0.5814707288425462,0.72900390625,-25.088465502692785,0,2048,0.04126730153560487,1.0,1.0,289.177734375
sensitivity,0,0.0001,0,0.3385318486896931,30000,32,4.985203269612155,4.985203269612155,5.5931497365927925,0.6079464669806374,4.377256802631518,0.0830078125,0.823926729847935,0.72900390625,-25.088465502692785,0,2048,0.17783493934240013,1.0,1.0,289.177734375
sensitivity,0,0.0001,1,0.3505318486896931,0,8,2.999421830246974,2.999421830246974,5.990820182566798,2.991398352319824,0.008023477927149969,0.888671875,2.9987263950481697,0.0,-0.4291459273235176,0,2048,0.010589138327246062,0.0,0.0,0.0
sensitivity,0,0.0001,1,0.3505318486896931,0,16,3.9979617262991938,3.9979617262991938,7.949043357002928,3.9510816307037344,0.04688009559545936,0.9443359375,3.9994039788007245,0.0,-0.4291459273235176,0,2048,0.04217174308211824,0.0,0.0,0.0
sensitivity,0,0.0001,1,0.3505318486896931,0,32,4.994617587366116,4.994617587366116,9.795421019461912,4.800803432095797,0.19381415527031898,0.9716796875,4.999788992307017,0.0,-0.4291459273235176,0,2048,0.19157235860866528,0.0,0.0,0.0
sensitivity,0,0.0001,1,0.3505318486896931,100,8,2.995981030451496,2.995981030451496,3.3940384816912905,0.3980574512397945,2.5979235792117015,0.05419921875,0.45613040869581534,0.59423828125,-14.667497011082897,0,2048,0.010536187102093031,0.927734375,0.68603515625,1.41064453125
sensitivity,0,0.0001,1,0.3505318486896931,100,16,3.9928099400493684,3.9928099400493684,4.560643738376891,0.5678337983275226,3.424976141721846,0.07666015625,0.6898031433894302,0.59423828125,-14.667497011082897,0,2048,0.049466346816819495,0.927734375,0.68603515625,1.41064453125
sensitivity,0,0.0001,1,0.3505318486896931,100,32,4.986250876779186,4.986250876779186,5.738887657291462,0.752636780512276,4.23361409626691,0.10595703125,1.0125313218401248,0.59423828125,-14.667497011082897,0,2048,0.19160004309403256,0.927734375,0.68603515625,1.41064453125
sensitivity,0,0.0001,1,0.3505318486896931,1000,8,2.9988389764416894,2.9988389764416894,3.075046034457878,0.07620705801618843,2.922631918425501,0.0078125,0.08784687267181672,0.892578125,-56.7797632121498,0,2048,0.01087536835608649,1.0,0.92626953125,8.2958984375
sensitivity,0,0.0001,1,0.3505318486896931,1000,16,3.993896864278955,3.993896864278955,4.115740902072533,0.12184403779357789,3.872052826485377,0.013671875,0.1576684824357072,0.892578125,-56.7797632121498,0,2048,0.04966145734284044,1.0,0.92626953125,8.2958984375
sensitivity,0,0.0001,1,0.3505318486896931,1000,32,4.987961971908684,4.987961971908684,5.1704680062859385,0.18250603437725488,4.805455937531429,0.02294921875,0.2713887408671612,0.892578125,-56.7797632121498,0,2048,0.18798007701754393,1.0,0.92626953125,8.2958984375
sensitivity,0,0.0001,1,0.3505318486896931,7500,8,2.9982224221035287,2.9982224221035287,3.0329300578974547,0.034707635793925995,2.9635147863096027,0.00341796875,0.042520306047959075,0.97412109375,-188.17745235940225,0,2048,0.01164722523683892,1.0,0.966796875,22.18115234375
sensitivity,0,0.0001,1,0.3505318486896931,7500,16,3.9976738918066173,3.9976738918066173,4.05097287468553,0.05329898287891277,3.9443749089277045,0.005859375,0.07476789967213512,0.97412109375,-188.17745235940225,0,2048,0.04197637915348107,1.0,0.966796875,22.18115234375
sensitivity,0,0.0001,1,0.3505318486896931,7500,32,4.99174731557766,4.99174731557766,5.055163813555868,0.06341649797820814,4.928330817599452,0.0078125,0.10461907101813915,0.97412109375,-188.17745235940225,0,2048,0.1815233450358953,1.0,0.966796875,22.18115234375
sensitivity,0,0.0001,1,0.3505318486896931,30000,8,2.9961691495076828,2.9961691495076828,3.001233329222204,0.005064179714521444,2.9911049697931613,0.00048828125,0.007446141447820337,0.9951171875,-541.5360743950012,0,2048,0.008085871790850518,1.0,0.9736328125,33.490234375
sensitivity,0,0.0001,1,0.3505318486896931,30000,16,3.992144909817001,3.992144909817001,4.005883244808412,0.013738334991410639,3.9784065748255903,0.00146484375,0.021626317321352412,0.9951171875,-541.5360743950012,0,2048,0.05141619931799912,1.0,0.9736328125,33.490234375
sensitivity,0,0.0001,1,0.3505318486896931,30000,32,4.98785961589207,4.98785961589207,5.004184168087904,0.016324552195833952,4.971535063696236,0.001953125,0.03006929990480932,0.9951171875,-541.5360743950012,0,2048,0.19007685945180341,1.0,0.9736328125,33.490234375
sensitivity,0,1e-06,0,0.3385318486896931,0,8,2.999421830246974,2.999421830246974,5.990820182566798,2.991398352319824,0.008023477927149969,0.888671875,2.9987263950481697,0.0,-0.4291459273235176,0,2048,0.014495910573254278,0.0,0.0,0.0
sensitivity,0,1e-06,0,0.3385318486896931,0,16,3.9979617262991938,3.9979617262991938,7.949043357002928,3.9510816307037344,0.04688009559545936,0.9443359375,3.9994039788007245,0.0,-0.4291459273235176,0,2048,0.04835863717786104,0.0,0.0,0.0
sensitivity,0,1e-06,0,0.3385318486896931,0,32,4.994617587366116,4.994617587366116,9.795421019461912,4.800803432095797,0.19381415527031898,0.9716796875,4.999788992307017,0.0,-0.4291459273235176,0,2048,0.1900903115963093,0.0,0.0,0.0
sensitivity,0,1e-06,0,0.3385318486896931,100,8,2.998806351658279,2.998806351658279,3.530441909536103,0.531635557877824,2.467170793780455,0.07763671875,0.6117506081197832,0.49560546875,-11.446500219776016,0,2048,0.009243307804070788,0.87255859375,0.67578125,1.33642578125
sensitivity,0,1e-06,0,0.3385318486896931,100,16,3.9950674372441837,3.9950674372441837,4.768800151098767,0.7737327138545833,3.2213347233896004,0.11669921875,0.9757289298296934,0.49560546875,-11.446500219776016,0,2048,0.046666892155743156,0.87255859375,0.67578125,1.33642578125
sensitivity,0,1e-06,0,0.3385318486896931,100,32,4.988024345399113,4.988024345399113,6.000216208815988,1.0121918634168745,3.9758324819822386,0.15380859375,1.3812877780348138,0.49560546875,-11.446500219776016,0,2048,0.19522797746324194,0.87255859375,0.67578125,1.33642578125
sensitivity,0,1e-06,0,0.3385318486896931,1000,8,2.9968896040333277,2.9968896040333277,3.3600401274527734,0.36315052341944565,2.633739080613882,0.04833984375,0.41500953052646194,0.7119140625,-22.620285412879547,0,2048,0.008221183627444617,1.0,0.98681640625,11.9296875
sensitivity,0,1e-06,0,0.3385318486896931,1000,16,3.994978699282743,3.994978699282743,4.503795591840973,0.5088168925582299,3.486161806724513,0.06689453125,0.6155759100990505,0.7119140625,-22.620285412879547,0,2048,0.03362594013646181,1.0,0.98681640625,11.9296875
sensitivity,0,1e-06,0,0.3385318486896931,1000,32,4.987974572388071,4.987974572388071,5.617164641850508,0.629190069462437,4.358784502925634,0.08447265625,0.8362401747111281,0.7119140625,-22.620285412879547,0,2048,0.1880938763056914,1.0,0.98681640625,11.9296875
sensitivity,0,1e-06,0,0.3385318486896931,7500,8,2.9988841155432104,2.9988841155432104,3.3312225679476417,0.3323384524044313,2.666545663138779,0.04248046875,0.3728094397868008,0.72509765625,-25.452185923164212,0,2048,0.01263112600752958,1.0,1.0,74.73779296875
sensitivity,0,1e-06,0,0.3385318486896931,7500,16,3.9944845276530567,3.9944845276530567,4.479215110102595,0.4847305824495387,3.509753945203518,0.064453125,0.5966855070480895,0.72509765625,-25.452185923164212,0,2048,0.059015889619067785,1.0,1.0,74.73779296875
sensitivity,0,1e-06,0,0.3385318486896931,7500,32,4.986170048644153,4.986170048644153,5.617811958841797,0.6316419101976436,4.3545281384465095,0.08642578125,0.8525959393897848,0.72509765625,-25.452185923164212,0,2048,0.18760954441636812,1.0,1.0,74.73779296875
sensitivity,0,1e-06,0,0.3385318486896931,30000,8,2.9977735590779373,2.9977735590779373,3.307119448763836,0.3093458896858987,2.6884276693920386,0.04052734375,0.3584794762388466,0.74072265625,-27.046999350563887,0,2048,0.004145753775581795,1.0,1.0,288.02880859375
sensitivity,0,1e-06,0,0.3385318486896931,30000,16,3.996281033045466,3.996281033045466,4.418076655574722,0.4217956225292556,3.5744854105162105,0.05615234375,0.5313589624033486,0.74072265625,-27.046999350563887,0,2048,0.04932106823920446,1.0,1.0,288.02880859375
sensitivity,0,1e-06,0,0.3385318486896931,30000,32,4.991706906757223,4.991706906757223,5.502629130671878,0.5109222239146556,4.480784682842567,0.0693359375,0.7069444449477159,0.74072265625,-27.046999350563887,0,2048,0.18522056557890565,1.0,1.0,288.02880859375
sensitivity,0,1e-06,1,0.3505318486896931,0,8,2.999421830246974,2.999421830246974,5.990820182566798,2.991398352319824,0.008023477927149969,0.888671875,2.9987263950481697,0.0,-0.4291459273235176,0,2048,0.010589138327246062,0.0,0.0,0.0
sensitivity,0,1e-06,1,0.3505318486896931,0,16,3.9979617262991938,3.9979617262991938,7.949043357002928,3.9510816307037344,0.04688009559545936,0.9443359375,3.9994039788007245,0.0,-0.4291459273235176,0,2048,0.04217174308211824,0.0,0.0,0.0
sensitivity,0,1e-06,1,0.3505318486896931,0,32,4.994617587366116,4.994617587366116,9.795421019461912,4.800803432095797,0.19381415527031898,0.9716796875,4.999788992307017,0.0,-0.4291459273235176,0,2048,0.19157235860866528,0.0,0.0,0.0
sensitivity,0,1e-06,1,0.3505318486896931,100,8,2.998062848942352,2.998062848942352,3.4183268246085983,0.4202639756662463,2.5777988732761057,0.05908203125,0.48965432801605946,0.60205078125,-14.72250971242653,0,2048,0.014072373087973489,0.92333984375,0.67626953125,1.3955078125
sensitivity,0,1e-06,1,0.3505318486896931,100,16,3.994396922226566,3.994396922226566,4.576276202956448,0.5818792807298823,3.4125176414966836,0.08349609375,0.7405897622685631,0.60205078125,-14.72250971242653,0,2048,0.04590407108822436,0.92333984375,0.67626953125,1.3955078125
sensitivity,0,1e-06,1,0.3505318486896931,100,32,4.989041308436696,4.989041308436696,5.749082378274678,0.7600410698379818,4.229000238598714,0.1103515625,1.0476787707198558,0.60205078125,-14.72250971242653,0,2048,0.18415846954162873,0.92333984375,0.67626953125,1.3955078125
sensitivity,0,1e-06,1,0.3505318486896931,1000,8,2.99856565065319,2.99856565065319,3.146947914011311,0.14838226335812088,2.8501833872950693,0.01611328125,0.16425829971053837,0.896484375,-55.508316130805014,0,2048,0.008730013145695992,1.0,0.9248046875,8.37744140625
sensitivity,0,1e-06,1,0.3505318486896931,1000,16,3.992742572502767,3.992742572502767,4.192460094327827,0.19971752182505975,3.7930250506777075,0.0234375,0.2518964742336032,0.896484375,-55.508316130805014,0,2048,0.044408244714976064,1.0,0.9248046875,8.37744140625
sensitivity,0,1e-06,1,0.3505318486896931,1000,32,4.988993251770452,4.988993251770452,5.2321201207965835,0.24312686902613123,4.745866382744321,0.03076171875,0.3505971668426235,0.896484375,-55.508316130805014,0,2048,0.17310880832740239,1.0,0.9248046875,8.37744140625
sensitivity,0,1e-06,1,0.3505318486896931,7500,8,2.9995091069540303,2.9995091069540303,3.0370244665150223,0.037515359560992056,2.9619937473930382,0.00390625,0.047840736418159495,0.97705078125,-200.49470626426998,0,2048,0.010949840733045058,1.0,0.9619140625,22.271484375
sensitivity,0,1e-06,1,0.3505318486896931,7500,16,3.995784055745541,3.995784055745541,4.040927198228943,0.04514314248340234,3.9506409132621387,0.0048828125,0.06359438276429832,0.97705078125,-200.49470626426998,0,2048,0.05274874078011571,1.0,0.9619140625,22.271484375
sensitivity,0,1e-06,1,0.3505318486896931,7500,32,4.993283274562666,4.993283274562666,5.04684392510915,0.05356065054648429,4.939722624016182,0.00634765625,0.08691124004960941,0.97705078125,-200.49470626426998,0,2048,0.17328413818114363,1.0,0.9619140625,22.271484375
sensitivity,0,1e-06,1,0.3505318486896931,30000,8,2.997193853744717,2.997193853744717,3.0022885898966134,0.005094736151896484,2.9920991175928204,0.00048828125,0.007446141447820337,0.9931640625,-543.2469775878435,0,2048,0.005913317943942786,1.0,0.97119140625,33.591796875
sensitivity,0,1e-06,1,0.3505318486896931,30000,16,3.9956479348930416,3.9956479348930416,4.000294652681026,0.004646717787984311,3.9910012171050573,0.00048828125,0.00798302410092137,0.9931640625,-543.2469775878435,0,2048,0.03948574364222335,1.0,0.97119140625,33.591796875
sensitivity,0,1e-06,1,0.3505318486896931,30000,32,4.989237036541713,4.989237036541713,5.001673005751253,0.012435969209540154,4.976801067332173,0.00146484375,0.02316045655198477,0.9931640625,-543.2469775878435,0,2048,0.20660600549857122,1.0,0.97119140625,33.591796875
sensitivity,0,1e-08,0,0.3385318486896931,0,8,2.999421830246974,2.999421830246974,5.990820182566798,2.991398352319824,0.008023477927149969,0.888671875,2.9987263950481697,0.0,-0.4291459273235176,0,2048,0.014495910573254278,0.0,0.0,0.0
sensitivity,0,1e-08,0,0.3385318486896931,0,16,3.9979617262991938,3.9979617262991938,7.949043357002928,3.9510816307037344,0.04688009559545936,0.9443359375,3.9994039788007245,0.0,-0.4291459273235176,0,2048,0.04835863717786104,0.0,0.0,0.0
sensitivity,0,1e-08,0,0.3385318486896931,0,32,4.994617587366116,4.994617587366116,9.795421019461912,4.800803432095797,0.19381415527031898,0.9716796875,4.999788992307017,0.0,-0.4291459273235176,0,2048,0.1900903115963093,0.0,0.0,0.0
sensitivity,0,1e-08,0,0.3385318486896931,100,8,2.997790420425092,2.997790420425092,3.5678527837746117,0.5700623633495199,2.427728057075572,0.083984375,0.6518390398956546,0.4765625,-10.886961417026999,0,2048,0.00897423973184619,0.87255859375,0.68017578125,1.3173828125
sensitivity,0,1e-08,0,0.3385318486896931,100,16,3.994118538533611,3.994118538533611,4.804588616913522,0.810470078379911,3.1836484601537,0.12060546875,1.0022911376058035,0.4765625,-10.886961417026999,0,2048,0.04630009539984581,0.87255859375,0.68017578125,1.3173828125
sensitivity,0,1e-08,0,0.3385318486896931,100,32,4.986403558435583,4.986403558435583,6.001196844317514,1.0147932858819306,3.9716102725536526,0.1533203125,1.3776663167006085,0.4765625,-10.886961417026999,0,2048,0.2021686313581732,0.87255859375,0.68017578125,1.3173828125
sensitivity,0,1e-08,0,0.3385318486896931,1000,8,2.9981757607059927,2.9981757607059927,3.2994322601139694,0.3012564994079767,2.696919261298016,0.0380859375,0.34036712870706676,0.716796875,-23.95909862390009,0,2048,0.008519523029491438,1.0,0.98486328125,11.82421875
sensitivity,0,1e-08,0,0.3385318486896931,1000,16,3.995447530297316,3.995447530297316,4.462050161278665,0.4666026309813489,3.528844899315967,0.0625,0.5814707288425462,0.716796875,-23.95909862390009,0,2048,0.04036874210263619,1.0,0.98486328125,11.82421875
sensitivity,0,1e-08,0,0.3385318486896931,1000,32,4.989157149011443,4.989157149011443,5.584436796077402,0.5952796470659596,4.393877501945483,0.08251953125,0.8198132423854534,0.716796875,-23.95909862390009,0,2048,0.20174895769535262,1.0,0.98486328125,11.82421875
sensitivity,0,1e-08,0,0.3385318486896931,7500,8,2.9975108574806066,2.9975108574806066,3.2935462934889523,0.2960354360083457,2.701475421472261,0.03759765625,0.33671693996495,0.7392578125,-26.26236923595217,0,2048,0.014458989731055638,1.0,0.99951171875,73.705078125
sensitivity,0,1e-08,0,0.3385318486896931,7500,16,3.996988160716455,3.996988160716455,4.400322133347511,0.4033339726310561,3.5936541880853987,0.05322265625,0.5078670555085806,0.7392578125,-26.26236923595217,0,2048,0.040535466176302215,1.0,0.99951171875,73.705078125
sensitivity,0,1e-08,0,0.3385318486896931,7500,32,4.990613035146309,4.990613035146309,5.515544035822781,0.5249310006764727,4.465682034469836,0.07275390625,0.7365547869164485,0.7392578125,-26.26236923595217,0,2048,0.18509023140862801,1.0,0.99951171875,73.705078125
sensitivity,0,1e-08,0,0.3385318486896931,30000,8,2.998401176692683,2.998401176692683,3.2868212013034848,0.28842002461080174,2.7099811520818813,0.03662109375,0.32938792354470114,0.7294921875,-26.650520019825507,0,2048,0.007020036808615515,1.0,1.0,286.6259765625
sensitivity,0,1e-08,0,0.3385318486896931,30000,16,3.9954725022075044,3.9954725022075044,4.410685025364445,0.41521252315694035,3.580259979050564,0.0556640625,0.5274601877814354,0.7294921875,-26.650520019825507,0,2048,0.036223393615631316,1.0,1.0,286.6259765625
sensitivity,0,1e-08,0,0.3385318486896931,30000,32,4.991068307685002,4.991068307685002,5.553960697890324,0.562892390205322,4.42817591747968,0.07861328125,0.7867396813250943,0.7294921875,-26.650520019825507,0,2048,0.19206020496305065,1.0,1.0,286.6259765625
sensitivity,0,1e-08,1,0.3505318486896931,0,8,2.999421830246974,2.999421830246974,5.990820182566798,2.991398352319824,0.008023477927149969,0.888671875,2.9987263950481697,0.0,-0.4291459273235176,0,2048,0.010589138327246062,0.0,0.0,0.0
sensitivity,0,1e-08,1,0.3505318486896931,0,16,3.9979617262991938,3.9979617262991938,7.949043357002928,3.9510816307037344,0.04688009559545936,0.9443359375,3.9994039788007245,0.0,-0.4291459273235176,0,2048,0.04217174308211824,0.0,0.0,0.0
sensitivity,0,1e-08,1,0.3505318486896931,0,32,4.994617587366116,4.994617587366116,9.795421019461912,4.800803432095797,0.19381415527031898,0.9716796875,4.999788992307017,0.0,-0.4291459273235176,0,2048,0.19157235860866528,0.0,0.0,0.0
sensitivity,0,1e-08,1,0.3505318486896931,100,8,2.9961169252956568,2.9961169252956568,3.3770066710964013,0.38088974580074453,2.6152271794949122,0.04931640625,0.4219346288434927,0.607421875,-14.819744075717447,0,2048,0.008551792202348807,0.92333984375,0.6884765625,1.41259765625
sensitivity,0,1e-08,1,0.3505318486896931,100,16,3.9948815889333384,3.9948815889333384,4.535755611076353,0.5408740221430146,3.454007566790324,0.072265625,0.6566560907823178,0.607421875,-14.819744075717447,0,2048,0.04151016858098355,0.92333984375,0.6884765625,1.41259765625
sensitivity,0,1e-08,1,0.3505318486896931,100,32,4.99055701753948,4.99055701753948,5.714963001257345,0.7244059837178654,4.266151033821615,0.1015625,0.9770896862546252,0.607421875,-14.819744075717447,0,2048,0.18564076815549413,0.92333984375,0.6884765625,1.41259765625
sensitivity,0,1e-08,1,0.3505318486896931,1000,8,2.9988917565697255,2.9988917565697255,3.117489035815181,0.11859727924545549,2.88029447732427,0.013671875,0.14263576814887827,0.89453125,-53.56671776797843,0,2048,0.010559550803005635,1.0,0.92333984375,8.2490234375
sensitivity,0,1e-08,1,0.3505318486896931,1000,16,3.997666643825146,3.997666643825146,4.161079094762066,0.16341245093691992,3.834254192888226,0.02001953125,0.21976430917765397,0.89453125,-53.56671776797843,0,2048,0.04705672492479973,1.0,0.92333984375,8.2490234375
sensitivity,0,1e-08,1,0.3505318486896931,1000,32,4.996469682381008,4.996469682381008,5.214108180629315,0.2176384982483066,4.778831184132701,0.0283203125,0.3262014573131481,0.89453125,-53.56671776797843,0,2048,0.19043794882594156,1.0,0.92333984375,8.2490234375
sensitivity,0,1e-08,1,0.3505318486896931,7500,8,2.995265368658588,2.995265368658588,3.0349124418346167,0.03964707317602878,2.955618295482559,0.00390625,0.047840736418159495,0.97412109375,-182.01420226765197,0,2048,0.015992948663848594,1.0,0.95947265625,22.45361328125
sensitivity,0,1e-08,1,0.3505318486896931,7500,16,3.9921984230739715,3.9921984230739715,4.049547937404304,0.05734951433033242,3.934848908743639,0.00634765625,0.08026330338353586,0.97412109375,-182.01420226765197,0,2048,0.03992201483409552,1.0,0.95947265625,22.45361328125
sensitivity,0,1e-08,1,0.3505318486896931,7500,32,4.9873772399763565,4.9873772399763565,5.054287583371411,0.06691034339505464,4.920466896581302,0.00830078125,0.11042881353995826,0.97412109375,-182.01420226765197,0,2048,0.1949459446464008,1.0,0.95947265625,22.45361328125
sensitivity,0,1e-08,1,0.3505318486896931,30000,8,2.9987666189740647,2.9987666189740647,3.003860562791661,0.005093943817596092,2.9936726751564686,0.00048828125,0.007446141447820337,0.99560546875,-524.5086934353695,0,2048,0.006049651493336583,1.0,0.96923828125,34.75830078125
sensitivity,0,1e-08,1,0.3505318486896931,30000,16,3.991896539690824,3.991896539690824,3.9964791042979932,0.004582564607169104,3.987313975083655,0.00048828125,0.00798302410092137,0.99560546875,-524.5086934353695,0,2048,0.051301518354645026,1.0,0.96923828125,34.75830078125
sensitivity,0,1e-08,1,0.3505318486896931,30000,32,4.985521014732516,4.985521014732516,4.98966858442117,0.004147569688654151,4.981373445043862,0.00048828125,0.008494403844465488,0.99560546875,-524.5086934353695,0,2048,0.19118280565382761,1.0,0.96923828125,34.75830078125
sensitivity,1,0.0001,0,0.3385318486896931,0,8,2.9983696154138193,2.9983696154138193,5.989254140939757,2.9908845255259373,0.0074850898878819905,0.86669921875,2.999553912700284,0.0,-0.44748022469134524,0,2048,0.006411561888028494,0.0,0.0,0.0
sensitivity,1,0.0001,0,0.3385318486896931,0,16,3.9957060548438426,3.9957060548438426,7.954353381654022,3.95864732681018,0.037058728033662724,0.92822265625,3.99898598296482,0.0,-0.44748022469134524,0,2048,0.04555159802830566,0.0,0.0,0.0
sensitivity,1,0.0001,0,0.3385318486896931,0,32,4.992644265831885,4.992644265831885,9.793891608277633,4.801247342445748,0.19139692338613656,0.96337890625,4.999347738602799,0.0,-0.44748022469134524,0,2048,0.18856138669868017,0.0,0.0,0.0
sensitivity,1,0.0001,0,0.3385318486896931,100,8,2.9985888400610623,2.9985888400610623,3.5622606282013214,0.5636717881402591,2.434917051920803,0.08251953125,0.6426568973524227,0.474609375,-10.940007712691557,0,2048,0.009282860272008975,0.865234375,0.67822265625,1.30517578125
sensitivity,1,0.0001,0,0.3385318486896931,100,16,3.9979326967220388,3.9979326967220388,4.807408790820814,0.8094760940987751,3.1884566026232637,0.11767578125,0.9823892648524907,0.474609375,-10.940007712691557,0,2048,0.041905800557922035,0.865234375,0.67822265625,1.30517578125
sensitivity,1,0.0001,0,0.3385318486896931,100,32,4.993244821815569,4.993244821815569,6.059736074002843,1.0664912521872738,3.9267535696282954,0.15966796875,1.4245411001305883,0.474609375,-10.940007712691557,0,2048,0.18658813671553887,0.865234375,0.67822265625,1.30517578125
sensitivity,1,0.0001,0,0.3385318486896931,1000,8,2.9977878155062063,2.9977878155062063,3.3056014205928546,0.30781360508664823,2.689974210419558,0.041015625,0.36207498682879186,0.69482421875,-22.57356967232093,0,2048,0.011214772294505515,1.0,0.984375,12.1279296875
sensitivity,1,0.0001,0,0.3385318486896931,1000,16,3.9948051643356326,3.9948051643356326,4.453688180211469,0.4588830158758368,3.535922148459796,0.0634765625,0.5890896904837077,0.69482421875,-22.57356967232093,0,2048,0.03539774100226012,1.0,0.984375,12.1279296875
sensitivity,1,0.0001,0,0.3385318486896931,1000,32,4.987107668060045,4.987107668060045,5.59899105227595,0.611883384215905,4.3752242838441395,0.08740234375,0.8607475926656485,0.69482421875,-22.57356967232093,0,2048,0.18127634552023508,1.0,0.984375,12.1279296875
sensitivity,1,0.0001,0,0.3385318486896931,7500,8,2.99911864921361,2.99911864921361,3.3367147195013582,0.3375960702877481,2.661522578925862,0.04638671875,0.40106901856598054,0.72998046875,-24.941331268112542,0,2048,0.008233379574402733,1.0,1.0,75.8037109375
sensitivity,1,0.0001,0,0.3385318486896931,7500,16,3.996884561842248,3.996884561842248,4.455234810366051,0.4583502485238027,3.5385343133184453,0.0634765625,0.5890896904837077,0.72998046875,-24.941331268112542,0,2048,0.05167581597104487,1.0,1.0,75.8037109375
sensitivity,1,0.0001,0,0.3385318486896931,7500,32,4.991665634368634,4.991665634368634,5.583386811168958,0.5917211768003234,4.399944457568311,0.08251953125,0.8198132423854534,0.72998046875,-24.941331268112542,0,2048,0.17855390627131484,1.0,1.0,75.8037109375
sensitivity,1,0.0001,0,0.3385318486896931,30000,8,2.9990298131555138,2.9990298131555138,3.3058446640121693,0.3068148508566555,2.6922149622988583,0.0390625,0.34763945296191173,0.7177734375,-25.711590117681745,0,2048,0.004559300850692338,1.0,1.0,290.65087890625
sensitivity,1,0.0001,0,0.3385318486896931,30000,16,3.9956425294125864,3.9956425294125864,4.463202562940149,0.46756003352756226,3.528082495885024,0.0625,0.5814707288425462,0.7177734375,-25.711590117681745,0,2048,0.042129345342750035,1.0,1.0,290.65087890625
sensitivity,1,0.0001,0,0.3385318486896931,30000,32,4.990634951115748,4.990634951115748,5.6030485671070025,0.6124136159912545,4.378221335124493,0.0849609375,0.8403357296661725,0.7177734375,-25.711590117681745,0,2048,0.16384052382449,1.0,1.0,290.65087890625
sensitivity,1,0.0001,1,0.3505318486896931,0,8,2.9983696154138193,2.9983696154138193,5.989254140939757,2.9908845255259373,0.0074850898878819905,0.86669921875,2.999553912700284,0.0,-0.44748022469134524,0,2048,0.009264957855797284,0.0,0.0,0.0
sensitivity,1,0.0001,1,0.3505318486896931,0,16,3.9957060548438426,3.9957060548438426,7.954353381654022,3.95864732681018,0.037058728033662724,0.92822265625,3.99898598296482,0.0,-0.44748022469134524,0,2048,0.04753894551177851,0.0,0.0,0.0
sensitivity,1,0.0001,1,0.3505318486896931,0,32,4.992644265831885,4.992644265831885,9.793891608277633,4.801247342445748,0.19139692338613656,0.96337890625,4.999347738602799,0.0,-0.44748022469134524,0,2048,0.20732992485492652,0.0,0.0,0.0
sensitivity,1,0.0001,1,0.3505318486896931,100,8,2.999289840166921,2.999289840166921,3.3790902402978538,0.37980040013093275,2.6194894400359883,0.0498046875,0.4253861383421582,0.60302734375,-14.994706774650947,0,2048,0.005286018529085723,0.92041015625,0.68017578125,1.33740234375
sensitivity,1,0.0001,1,0.3505318486896931,100,16,3.9963450263293656,3.9963450263293656,4.550516922792193,0.5541718964628273,3.4421731298665383,0.0771484375,0.6934614622945418,0.60302734375,-14.994706774650947,0,2048,0.042952446776003406,0.92041015625,0.68017578125,1.33740234375
sensitivity,1,0.0001,1,0.3505318486896931,100,32,4.991217025703469,4.991217025703469,5.733572273421179,0.7423552477177093,4.24886177798576,0.1064453125,1.016450925370751,0.60302734375,-14.994706774650947,0,2048,0.16819102200465785,0.92041015625,0.68017578125,1.33740234375
sensitivity,1,0.0001,1,0.3505318486896931,1000,8,2.9982343066588166,2.9982343066588166,3.147448858325075,0.1492145516662582,2.8490197549925584,0.0166015625,0.16851490389735482,0.8974609375,-54.01672979876109,0,2048,0.008910398373183526,1.0,0.92138671875,8.1943359375
sensitivity,1,0.0001,1,0.3505318486896931,1000,16,3.995589368126579,3.995589368126579,4.1920734997128575,0.19648413158627864,3.7991052365403,0.02294921875,0.24735389292058757,0.8974609375,-54.01672979876109,0,2048,0.04184061743797329,1.0,0.92138671875,8.1943359375
sensitivity,1,0.0001,1,0.3505318486896931,1000,32,4.985330541339096,4.985330541339096,5.225922496678372,0.24059195533927635,4.744738585999819,0.02978515625,0.34087479144881283,0.8974609375,-54.01672979876109,0,2048,0.17708758548934256,1.0,0.92138671875,8.1943359375
sensitivity,1,0.0001,1,0.3505318486896931,7500,8,2.997399191924416,2.997399191924416,3.0219767858342763,0.02457759390986025,2.972821598014556,0.00244140625,0.031558494459896363,0.97021484375,-192.2569111037219,0,2048,0.007685443676585635,1.0,0.95654296875,22.3037109375
sensitivity,1,0.0001,1,0.3505318486896931,7500,16,3.9962804136117844,3.9962804136117844,4.057047822369105,0.06076740875732067,3.9355130048544638,0.0068359375,0.08570411960134651,0.97021484375,-192.2569111037219,0,2048,0.050729175060169496,1.0,0.95654296875,22.3037109375
sensitivity,1,0.0001,1,0.3505318486896931,7500,32,4.992086756895435,4.992086756895435,5.06035976674156,0.06827300984612528,4.9238137470493095,0.00830078125,0.11042881353995826,0.97021484375,-192.2569111037219,0,2048,0.20262700190239435,1.0,0.95654296875,22.3037109375
sensitivity,1,0.0001,1,0.3505318486896931,30000,8,2.9982425094215968,2.9982425094215968,2.9982425094215968,0.0,2.9982425094215968,0.0,0.0,0.99462890625,-538.9983707578679,0,2048,0.007971077000561877,1.0,0.96728515625,33.77880859375
sensitivity,1,0.0001,1,0.3505318486896931,30000,16,3.9955214668556076,3.9955214668556076,4.000162515909816,0.004641049054208146,3.9908804178013995,0.00048828125,0.00798302410092137,0.99462890625,-538.9983707578679,0,2048,0.030934124765056303,1.0,0.96728515625,33.77880859375
sensitivity,1,0.0001,1,0.3505318486896931,30000,32,4.991288396045206,4.991288396045206,5.003601097387702,0.012312701342495735,4.978975694702711,0.00146484375,0.02316045655198477,0.99462890625,-538.9983707578679,0,2048,0.18715714997936495,1.0,0.96728515625,33.77880859375
sensitivity,1,1e-06,0,0.3385318486896931,0,8,2.9983696154138193,2.9983696154138193,5.989254140939757,2.9908845255259373,0.0074850898878819905,0.86669921875,2.999553912700284,0.0,-0.44748022469134524,0,2048,0.006411561888028494,0.0,0.0,0.0
sensitivity,1,1e-06,0,0.3385318486896931,0,16,3.9957060548438426,3.9957060548438426,7.954353381654022,3.95864732681018,0.037058728033662724,0.92822265625,3.99898598296482,0.0,-0.44748022469134524,0,2048,0.04555159802830566,0.0,0.0,0.0
sensitivity,1,1e-06,0,0.3385318486896931,0,32,4.992644265831885,4.992644265831885,9.793891608277633,4.801247342445748,0.19139692338613656,0.96337890625,4.999347738602799,0.0,-0.44748022469134524,0,2048,0.18856138669868017,0.0,0.0,0.0
sensitivity,1,1e-06,0,0.3385318486896931,100,8,2.9984418720668273,2.9984418720668273,3.548549215467232,0.5501073434004047,2.4483345286664226,0.07861328125,0.6179694354652249,0.48974609375,-11.233103779104223,0,2048,0.011140392107741093,0.8642578125,0.66650390625,1.2841796875
sensitivity,1,1e-06,0,0.3385318486896931,100,16,3.9925785933368774,3.9925785933368774,4.781594067155117,0.7890154738182398,3.2035631195186376,0.1142578125,0.9590194822612974,0.48974609375,-11.233103779104223,0,2048,0.03726482628670169,0.8642578125,0.66650390625,1.2841796875
sensitivity,1,1e-06,0,0.3385318486896931,100,32,4.9879285639712965,4.9879285639712965,5.977816990515906,0.98988842654461,3.9980401374266865,0.14599609375,1.3230224640778672,0.48974609375,-11.233103779104223,0,2048,0.18563177157522937,0.8642578125,0.66650390625,1.2841796875
sensitivity,1,1e-06,0,0.3385318486896931,1000,8,2.996840235787082,2.996840235787082,3.3617844563687274,0.36494422058164533,2.6318960152054367,0.0478515625,0.4115358011700475,0.70361328125,-22.939663464785497,0,2048,0.01009829119893979,1.0,0.982421875,11.96435546875
sensitivity,1,1e-06,0,0.3385318486896931,1000,16,3.9948267560585236,3.9948267560585236,4.502812461620519,0.5079857055619956,3.486841050496528,0.06787109375,0.6230932300424314,0.70361328125,-22.939663464785497,0,2048,0.04106154926277039,1.0,0.982421875,11.96435546875
sensitivity,1,1e-06,0,0.3385318486896931,1000,32,4.985927697457135,4.985927697457135,5.648545545781864,0.6626178483247287,4.323309849132406,0.091796875,0.8972190220146017,0.70361328125,-22.939663464785497,0,2048,0.1996280996088995,1.0,0.982421875,11.96435546875
sensitivity,1,1e-06,0,0.3385318486896931,7500,8,2.997819150355509,2.997819150355509,3.3022283211775183,0.30440917082200913,2.6934099795335,0.03955078125,0.35126181391169065,0.74267578125,-27.987949722155257,0,2048,0.012669678184810351,1.0,1.0,74.4501953125
sensitivity,1,1e-06,0,0.3385318486896931,7500,16,3.994524152356402,3.994524152356402,4.449096045459273,0.4545718931028708,3.539952259253531,0.06005859375,0.562319825658736,0.74267578125,-27.987949722155257,0,2048,0.04204407165497859,1.0,1.0,74.4501953125
sensitivity,1,1e-06,0,0.3385318486896931,7500,32,4.988572788253586,4.988572788253586,5.565780439826582,0.577207651572996,4.41136513668059,0.08056640625,0.8033136127610757,0.74267578125,-27.987949722155257,0,2048,0.1818703178034653,1.0,1.0,74.4501953125
sensitivity,1,1e-06,0,0.3385318486896931,30000,8,2.9988574458442057,2.9988574458442057,3.365240839386087,0.3663833935418812,2.6324740523023245,0.0478515625,0.4115358011700475,0.72998046875,-26.097063751852723,0,2048,0.005446064929247818,1.0,1.0,287.33154296875
sensitivity,1,1e-06,0,0.3385318486896931,30000,16,3.9955593587683698,3.9955593587683698,4.5118744679800695,0.5163151092116998,3.47924424955667,0.06787109375,0.6230932300424314,0.72998046875,-26.097063751852723,0,2048,0.04437963592485161,1.0,1.0,287.33154296875
sensitivity,1,1e-06,0,0.3385318486896931,30000,32,4.987180477482254,4.987180477482254,5.643012491871353,0.655832014389099,4.331348463093155,0.08935546875,0.8769993225848971,0.72998046875,-26.097063751852723,0,2048,0.19398868698672622,1.0,1.0,287.33154296875
sensitivity,1,1e-06,1,0.3505318486896931,0,8,2.9983696154138193,2.9983696154138193,5.989254140939757,2.9908845255259373,0.0074850898878819905,0.86669921875,2.999553912700284,0.0,-0.44748022469134524,0,2048,0.009264957855797284,0.0,0.0,0.0
sensitivity,1,1e-06,1,0.3505318486896931,0,16,3.9957060548438426,3.9957060548438426,7.954353381654022,3.95864732681018,0.037058728033662724,0.92822265625,3.99898598296482,0.0,-0.44748022469134524,0,2048,0.04753894551177851,0.0,0.0,0.0
sensitivity,1,1e-06,1,0.3505318486896931,0,32,4.992644265831885,4.992644265831885,9.793891608277633,4.801247342445748,0.19139692338613656,0.96337890625,4.999347738602799,0.0,-0.44748022469134524,0,2048,0.20732992485492652,0.0,0.0,0.0
sensitivity,1,1e-06,1,0.3505318486896931,100,8,2.9986565480871454,2.9986565480871454,3.3539947084599526,0.3553381603728072,2.6433183877143382,0.046875,0.40456561988552003,0.60009765625,-14.861112941604414,0,2048,0.007747396263674489,0.9169921875,0.68408203125,1.37744140625
sensitivity,1,1e-06,1,0.3505318486896931,100,16,3.995552611351444,3.995552611351444,4.558933152151127,0.5633805407996828,3.4321720705517613,0.07861328125,0.7044075426144911,0.60009765625,-14.861112941604414,0,2048,0.03355178574955531,0.9169921875,0.68408203125,1.37744140625
sensitivity,1,1e-06,1,0.3505318486896931,100,32,4.990343936967341,4.990343936967341,5.76564647762634,0.7753025406589984,4.215041396308343,0.11376953125,1.0748189267250217,0.60009765625,-14.861112941604414,0,2048,0.19897861005695638,0.9169921875,0.68408203125,1.37744140625
sensitivity,1,1e-06,1,0.3505318486896931,1000,8,2.9986460672905317,2.9986460672905317,3.108499653360002,0.10985358606947004,2.8887924812210617,0.0126953125,0.13381384340524108,0.8916015625,-55.40092908450835,0,2048,0.008421093040246852,1.0,0.93701171875,8.42724609375
sensitivity,1,1e-06,1,0.3505318486896931,1000,16,3.994330704835016,3.994330704835016,4.146645318606629,0.1523146137716136,3.8420160910634022,0.0185546875,0.20573790387159308,0.8916015625,-55.40092908450835,0,2048,0.04010107266207008,1.0,0.93701171875,8.42724609375
sensitivity,1,1e-06,1,0.3505318486896931,1000,32,4.985292997879977,4.985292997879977,5.212888338902216,0.22759534102223888,4.757697656857738,0.0302734375,0.34574183771906714,0.8916015625,-55.40092908450835,0,2048,0.20300961570212905,1.0,0.93701171875,8.42724609375
sensitivity,1,1e-06,1,0.3505318486896931,7500,8,2.9983160158270126,2.9983160158270126,3.0227632231115775,0.024447207284564954,2.9738688085424476,0.00244140625,0.031558494459896363,0.9716796875,-193.7649473311807,0,2048,0.006156507591727589,1.0,0.9677734375,22.1513671875
sensitivity,1,1e-06,1,0.3505318486896931,7500,16,3.995434619465589,3.995434619465589,4.034984887229607,0.03955026776401782,3.955884351701571,0.00439453125,0.057904479479324006,0.9716796875,-193.7649473311807,0,2048,0.05261166343823742,1.0,0.9677734375,22.1513671875
sensitivity,1,1e-06,1,0.3505318486896931,7500,32,4.988420085212382,4.988420085212382,5.044165941794219,0.055745856581837394,4.932674228630544,0.0068359375,0.09286343601096418,0.9716796875,-193.7649473311807,0,2048,0.1834191570225041,1.0,0.9677734375,22.1513671875
sensitivity,1,1e-06,1,0.3505318486896931,30000,8,2.9986215888630996,2.9986215888630996,2.9986215888630996,0.0,2.9986215888630996,0.0,0.0,0.99365234375,-533.6744528401443,0,2048,0.012321182693347588,1.0,0.9755859375,33.5751953125
sensitivity,1,1e-06,1,0.3505318486896931,30000,16,3.9973511601743317,3.9973511601743317,3.9973511601743317,0.0,3.9973511601743317,0.0,0.0,0.99365234375,-533.6744528401443,0,2048,0.04182592989012335,1.0,0.9755859375,33.5751953125
sensitivity,1,1e-06,1,0.3505318486896931,30000,32,4.991360122668805,4.991360122668805,4.995527519759204,0.004167397090398595,4.9871927255784065,0.00048828125,0.008494403844465488,0.99365234375,-533.6744528401443,0,2048,0.17452951639597103,1.0,0.9755859375,33.5751953125
sensitivity,1,1e-08,0,0.3385318486896931,0,8,2.9983696154138193,2.9983696154138193,5.989254140939757,2.9908845255259373,0.0074850898878819905,0.86669921875,2.999553912700284,0.0,-0.44748022469134524,0,2048,0.006411561888028494,0.0,0.0,0.0
sensitivity,1,1e-08,0,0.3385318486896931,0,16,3.9957060548438426,3.9957060548438426,7.954353381654022,3.95864732681018,0.037058728033662724,0.92822265625,3.99898598296482,0.0,-0.44748022469134524,0,2048,0.04555159802830566,0.0,0.0,0.0
sensitivity,1,1e-08,0,0.3385318486896931,0,32,4.992644265831885,4.992644265831885,9.793891608277633,4.801247342445748,0.19139692338613656,0.96337890625,4.999347738602799,0.0,-0.44748022469134524,0,2048,0.18856138669868017,0.0,0.0,0.0
sensitivity,1,1e-08,0,0.3385318486896931,100,8,2.9978850249889373,2.9978850249889373,3.5214613368987484,0.5235763119098111,2.474308713079126,0.07275390625,0.5803636898163209,0.48828125,-11.241650719269689,0,2048,0.008628849300578167,0.8642578125,0.67041015625,1.31201171875
sensitivity,1,1e-08,0,0.3385318486896931,100,16,3.995745649875456,3.995745649875456,4.756444326678029,0.7606986768025727,3.2350469730728832,0.109375,0.9253440454291582,0.48828125,-11.241650719269689,0,2048,0.053447087563418094,0.8642578125,0.67041015625,1.31201171875
sensitivity,1,1e-08,0,0.3385318486896931,100,32,4.9929127917718965,4.9929127917718965,5.946915180023075,0.9540023882511788,4.038910403520718,0.13720703125,1.256627847536096,0.48828125,-11.241650719269689,0,2048,0.17928671469973523,0.8642578125,0.67041015625,1.31201171875
sensitivity,1,1e-08,0,0.3385318486896931,1000,8,2.9994191394174123,2.9994191394174123,3.3695748705259603,0.37015573110854794,2.6292634083088644,0.0498046875,0.4253861383421582,0.71337890625,-23.59153100676961,0,2048,0.007786588542245454,1.0,0.98583984375,11.8193359375
sensitivity,1,1e-08,0,0.3385318486896931,1000,16,3.9965424640759575,3.9965424640759575,4.493885100822085,0.4973426367461271,3.4991998273298304,0.068359375,0.626843716286319,0.71337890625,-23.59153100676961,0,2048,0.048285104587063365,1.0,0.98583984375,11.8193359375
sensitivity,1,1e-08,0,0.3385318486896931,1000,32,4.988221157100667,4.988221157100667,5.634549581953813,0.646328424853146,4.341892732247521,0.0888671875,0.8729427834789388,0.71337890625,-23.59153100676961,0,2048,0.1695345686035683,1.0,0.98583984375,11.8193359375
sensitivity,1,1e-08,0,0.3385318486896931,7500,8,2.9990895560564006,2.9990895560564006,3.312530038117481,0.3134404820610803,2.6856490739953203,0.04052734375,0.3584794762388466,0.74609375,-26.381836724191267,0,2048,0.011090098091679046,1.0,1.0,74.23095703125
sensitivity,1,1e-08,0,0.3385318486896931,7500,16,3.9942381977266255,3.9942381977266255,4.444448237406885,0.4502100396802593,3.544028158046366,0.0595703125,0.5584715473120432,0.74609375,-26.381836724191267,0,2048,0.04233094180406738,1.0,1.0,74.23095703125
sensitivity,1,1e-08,0,0.3385318486896931,7500,32,4.9890707803681416,4.9890707803681416,5.573003038425735,0.5839322580575939,4.405138522310548,0.07958984375,0.7950360381246508,0.74609375,-26.381836724191267,0,2048,0.18251737322202644,1.0,1.0,74.23095703125
sensitivity,1,1e-08,0,0.3385318486896931,30000,8,2.9952095768823708,2.9952095768823708,3.287049933227997,0.29184035634562644,2.7033692205367443,0.03759765625,0.33671693996495,0.71826171875,-24.515034245616175,0,2048,0.00972584142081967,1.0,1.0,288.3095703125
sensitivity,1,1e-08,0,0.3385318486896931,30000,16,3.9929376446582667,3.9929376446582667,4.410647551278004,0.41770990661973695,3.57522773803853,0.0546875,0.5196429531611756,0.71826171875,-24.515034245616175,0,2048,0.0441939572768586,1.0,1.0,288.3095703125
sensitivity,1,1e-08,0,0.3385318486896931,30000,32,4.987128188840289,4.987128188840289,5.540055616022949,0.5529274271826594,4.43420076165763,0.0771484375,0.7742594617745127,0.71826171875,-24.515034245616175,0,2048,0.17421501522870386,1.0,1.0,288.3095703125
sensitivity,1,1e-08,1,0.3505318486896931,0,8,2.9983696154138193,2.9983696154138193,5.989254140939757,2.9908845255259373,0.0074850898878819905,0.86669921875,2.999553912700284,0.0,-0.44748022469134524,0,2048,0.009264957855797284,0.0,0.0,0.0
sensitivity,1,1e-08,1,0.3505318486896931,0,16,3.9957060548438426,3.9957060548438426,7.954353381654022,3.95864732681018,0.037058728033662724,0.92822265625,3.99898598296482,0.0,-0.44748022469134524,0,2048,0.04753894551177851,0.0,0.0,0.0
sensitivity,1,1e-08,1,0.3505318486896931,0,32,4.992644265831885,4.992644265831885,9.793891608277633,4.801247342445748,0.19139692338613656,0.96337890625,4.999347738602799,0.0,-0.44748022469134524,0,2048,0.20732992485492652,0.0,0.0,0.0
sensitivity,1,1e-08,1,0.3505318486896931,100,8,2.997402427617314,2.997402427617314,3.32900176187143,0.3315993342541157,2.6658030933631984,0.04345703125,0.37992329938716535,0.59326171875,-14.742073614240358,0,2048,0.01327209669308349,0.9169921875,0.68115234375,1.3486328125
sensitivity,1,1e-08,1,0.3505318486896931,100,16,3.9950704420307153,3.9950704420307153,4.499334696274114,0.5042642542433988,3.4908061877873164,0.06982421875,0.6380629106823754,0.59326171875,-14.742073614240358,0,2048,0.03646462772430148,0.9169921875,0.68115234375,1.3486328125
sensitivity,1,1e-08,1,0.3505318486896931,100,32,4.989946264629422,4.989946264629422,5.680850457341706,0.6909041927122841,4.299042071917138,0.099609375,0.9612405153344913,0.59326171875,-14.742073614240358,0,2048,0.19782836040496043,0.9169921875,0.68115234375,1.3486328125
sensitivity,1,1e-08,1,0.3505318486896931,1000,8,2.9987252705538188,2.9987252705538188,3.1312609331769132,0.13253566262309446,2.8661896079307243,0.015625,0.15997999596191978,0.88232421875,-53.53927923626972,0,2048,0.010818797361832111,1.0,0.93603515625,8.3271484375
sensitivity,1,1e-08,1,0.3505318486896931,1000,16,3.9943073952285637,3.9943073952285637,4.1902927588897665,0.19598536366120278,3.798322031567361,0.0234375,0.2518964742336032,0.88232421875,-53.53927923626972,0,2048,0.031132326936121224,1.0,0.93603515625,8.3271484375
sensitivity,1,1e-08,1,0.3505318486896931,1000,32,4.98935567670795,4.98935567670795,5.240080458705576,0.2507247819976257,4.738630894710324,0.03125,0.3554409590123045,0.88232421875,-53.53927923626972,0,2048,0.18583622413612844,1.0,0.93603515625,8.3271484375
sensitivity,1,1e-08,1,0.3505318486896931,7500,8,2.9982442004163237,2.9982442004163237,3.0228143060237467,0.02457010560742301,2.9736740948089007,0.00244140625,0.031558494459896363,0.9775390625,-194.7176364003177,0,2048,0.009886683703968835,1.0,0.966796875,22.33251953125
sensitivity,1,1e-08,1,0.3505318486896931,7500,16,3.996933198854219,3.996933198854219,4.0246256647608645,0.027692465906645314,3.969240732947574,0.0029296875,0.04031984691252614,0.9775390625,-194.7176364003177,0,2048,0.03561764972508463,1.0,0.966796875,22.33251953125
sensitivity,1,1e-08,1,0.3505318486896931,7500,32,4.992184376477411,4.992184376477411,5.036769363069318,0.04458498659190724,4.947599389885504,0.00537109375,0.07483855560240799,0.9775390625,-194.7176364003177,0,2048,0.18556811621161273,1.0,0.966796875,22.33251953125
sensitivity,1,1e-08,1,0.3505318486896931,30000,8,2.998617190359494,2.998617190359494,2.998617190359494,0.0,2.998617190359494,0.0,0.0,0.99609375,-546.4485168138948,0,2048,0.011100622501773572,1.0,0.97607421875,33.61328125
sensitivity,1,1e-08,1,0.3505318486896931,30000,16,3.996912380512388,3.996912380512388,4.001507749112165,0.004595368599777494,3.9923170119126103,0.00048828125,0.00798302410092137,0.99609375,-546.4485168138948,0,2048,0.042659892326774695,1.0,0.97607421875,33.61328125
sensitivity,1,1e-08,1,0.3505318486896931,30000,32,4.990215497525508,4.990215497525508,4.998466116122585,0.008250618597076986,4.981964878928431,0.0009765625,0.016011901055581708,0.99609375,-546.4485168138948,0,2048,0.19365533373191468,1.0,0.97607421875,33.61328125
