beta,regime,seed,coupling,step,node,closure_supported,reference_mu,reference_gamma,ks_reference,ks_stationary,median,half_iqr,paired_distance,pair_ks,exact_equal
1.01,stationary,810,0.0,0,0,True,0.0,0.1716617792793331,0.006192615561232517,0.006192615561232517,-0.001730920790923413,0.17175904317110005,2.0004237607019433,0.0062500000000000056,0
1.01,stationary,810,0.0,0,1,True,0.0,0.1716617792793331,0.0030914898949604974,0.0030914898949604974,0.00047310337007279153,0.17087229770387483,2.0004237607019433,0.0062500000000000056,0
1.01,stationary,810,0.0,1,0,True,0.0,0.17166177927933313,0.005696405147610856,0.005696405147610911,-0.0014045675779897858,0.17166751835470948,2.0009911278407073,0.007300000000000001,0
1.01,stationary,810,0.0,1,1,True,0.0,0.17166177927933313,0.004667027635007981,0.004667027635007981,0.001152859999782581,0.17030694253124604,2.0009911278407073,0.007300000000000001,0
1.01,stationary,810,0.0,2,0,True,0.0,0.17166177927933313,0.005593250706193681,0.005593250706193681,-0.0007745929219495908,0.1722964812705292,2.0009135334559023,0.006199999999999983,0
1.01,stationary,810,0.0,2,1,True,0.0,0.17166177927933313,0.003627591200696556,0.003627591200696445,0.00027771284504996094,0.16991120173209728,2.0009135334559023,0.006199999999999983,0
1.01,stationary,810,0.0,3,0,True,0.0,0.17166177927933315,0.006084589570618887,0.006084589570618998,-0.0012748842429956973,0.17191252419522968,1.9990208920886754,0.0072500000000000064,0
1.01,stationary,810,0.0,3,1,True,0.0,0.17166177927933315,0.004248563732267285,0.004248563732267285,0.000884201797221461,0.17077295592913866,1.9990208920886754,0.0072500000000000064,0
1.01,stationary,810,0.0,4,0,True,0.0,0.17166177927933318,0.004663572335580901,0.004663572335581012,0.0006721210133821829,0.1720642735256353,1.9974346748864005,0.005449999999999955,0
1.01,stationary,810,0.0,4,1,True,0.0,0.17166177927933318,0.00495441594027507,0.00495441594027507,0.001192450621207475,0.17081600646608971,1.9974346748864005,0.005449999999999955,0
1.01,stationary,810,0.0,5,0,True,0.0,0.17166177927933318,0.0043477465661105885,0.004347746566110644,-0.0003637309086723006,0.17215149780171649,1.9941870359908498,0.005599999999999994,0
1.01,stationary,810,0.0,5,1,True,0.0,0.17166177927933318,0.004437392489678338,0.004437392489678338,0.0010165689020287646,0.17080603087427668,1.9941870359908498,0.005599999999999994,0
1.01,stationary,810,0.0,6,0,True,0.0,0.1716617792793332,0.005841537470232749,0.00584153747023286,0.0014809945249602144,0.17172450943747333,1.9930308574581646,0.008349999999999969,0
1.01,stationary,810,0.0,6,1,True,0.0,0.1716617792793332,0.00396287620145086,0.0039628762014508045,0.0006174372513381948,0.17085789561789982,1.9930308574581646,0.008349999999999969,0
1.01,stationary,810,0.0,7,0,True,0.0,0.17166177927933324,0.004480267518205405,0.004480267518205294,-0.00015111314523181104,0.17143615945386254,1.9931487078123076,0.006450000000000067,0
1.01,stationary,810,0.0,7,1,True,0.0,0.17166177927933324,0.004947270035199514,0.004947270035199458,0.001147897159818724,0.1710351841362439,1.9931487078123076,0.006450000000000067,0
1.01,stationary,810,0.0,8,0,True,0.0,0.17166177927933324,0.005008678387743215,0.005008678387743326,0.0008960818630367178,0.17114952164761835,1.9951931729454908,0.006800000000000028,0
1.01,stationary,810,0.0,8,1,True,0.0,0.17166177927933324,0.004792604093054875,0.00479260409305482,0.001047373087813253,0.170593969037585,1.9951931729454908,0.006800000000000028,0
1.01,stationary,810,0.0,9,0,True,0.0,0.17166177927933327,0.005146732928368203,0.005146732928368314,0.0012668140805335549,0.17146327382902204,2.0007061450666894,0.007099999999999995,0
1.01,stationary,810,0.0,9,1,True,0.0,0.17166177927933327,0.004546686560992497,0.004546686560992441,0.0008033644354889054,0.1703711807569212,2.0007061450666894,0.007099999999999995,0
1.01,stationary,810,0.0,10,0,True,0.0,0.17166177927933327,0.0044724185708978625,0.004472418570897974,0.0007134706911696368,0.17224475528988542,2.0007712611589303,0.008650000000000047,0
1.01,stationary,810,0.0,10,1,True,0.0,0.17166177927933327,0.006859136613760364,0.006859136613760308,0.0021193282204954476,0.17021927258686134,2.0007712611589303,0.008650000000000047,0
1.01,stationary,810,0.0,11,0,True,0.0,0.1716617792793333,0.005436775111994807,0.005436775111995029,0.001130872193548456,0.17261563744311983,1.9964567583460529,0.007749999999999924,0
1.01,stationary,810,0.0,11,1,True,0.0,0.1716617792793333,0.004282875712873502,0.004282875712873446,0.0008942878441266534,0.17052772946422887,1.9964567583460529,0.007749999999999924,0
1.01,stationary,810,0.0,12,0,True,0.0,0.17166177927933332,0.004972746374151238,0.00497274637415146,0.0005157792147963907,0.17239861973065823,1.9940397507895014,0.007800000000000029,0
1.01,stationary,810,0.0,12,1,True,0.0,0.17166177927933332,0.004064813750429275,0.004064813750429219,0.0008705205024003392,0.17015400844474582,1.9940397507895014,0.007800000000000029,0
1.01,stationary,810,0.0,13,0,True,0.0,0.17166177927933332,0.004277768400042237,0.004277768400042126,0.0002417044062988438,0.17238724336298705,1.998624028804223,0.006750000000000034,0
1.01,stationary,810,0.0,13,1,True,0.0,0.17166177927933332,0.004639199656811366,0.00463919965681131,0.0011124788145434302,0.16954404320946287,1.998624028804223,0.006750000000000034,0
1.01,stationary,810,0.0,14,0,True,0.0,0.17166177927933335,0.008370039679604258,0.00837003967960448,0.002590824463344786,0.17201758836502723,2.0006697174715593,0.013350000000000084,0
1.01,stationary,810,0.0,14,1,True,0.0,0.17166177927933335,0.005643786074039259,0.005643786074039037,-0.00016359927523194753,0.1692096443560222,2.0006697174715593,0.013350000000000084,0
1.01,stationary,810,0.0,15,0,True,0.0,0.17166177927933335,0.007787904600886297,0.007787904600886519,0.0020875898723130217,0.17278613448424412,2.0044331503661286,0.012800000000000034,0
1.01,stationary,810,0.0,15,1,True,0.0,0.17166177927933335,0.0057083242472038,0.005708324247203578,0.00019509265901276608,0.1689100393714393,2.0044331503661286,0.012800000000000034,0
1.01,stationary,810,0.0,16,0,True,0.0,0.17166177927933338,0.006850001251915261,0.006850001251915705,0.0017339794980987906,0.1726710015300061,2.0085269681919447,0.01100000000000001,0
1.01,stationary,810,0.0,16,1,True,0.0,0.17166177927933338,0.004817878131181175,0.004817878131180953,0.0006172294878883792,0.16865147203436515,2.0085269681919447,0.01100000000000001,0
1.01,stationary,810,0.25,0,0,True,0.0,0.1716617792793331,0.006192615561232517,0.006192615561232517,-0.001730920790923413,0.17175904317110005,2.0004237607019433,0.0062500000000000056,0
1.01,stationary,810,0.25,0,1,True,0.0,0.1716617792793331,0.0030914898949604974,0.0030914898949604974,0.00047310337007279153,0.17087229770387483,2.0004237607019433,0.0062500000000000056,0
1.01,stationary,810,0.25,1,0,True,0.0,0.17166177927933313,0.004545759046191478,0.004545759046191478,0.001524142488968707,0.17125497088566427,0.8936378480738495,0.006350000000000022,0
1.01,stationary,810,0.25,1,1,True,0.0,0.17166177927933313,0.0041029963736839425,0.0041029963736839425,0.001322684194381649,0.16952610948998348,0.8936378480738495,0.006350000000000022,0
1.01,stationary,810,0.25,2,0,False,0.0,0.1716617792793331,0.003927916059521003,0.003927916059521003,0.0007356168875540083,0.16928223348871513,0.4169014582831287,0.005449999999999955,0
1.01,stationary,810,0.25,2,1,False,0.0,0.1716617792793331,0.004069765129978364,0.004069765129978364,0.0010276817139571737,0.16976457479678558,0.4169014582831287,0.005449999999999955,0
1.01,stationary,810,0.25,3,0,False,0.0,0.1716617792793331,0.0035210058545509515,0.0035210058545509515,-0.0002546239886467988,0.169069646010938,0.2323118478619157,0.005099999999999993,0
1.01,stationary,810,0.25,3,1,False,0.0,0.1716617792793331,0.004664671616200988,0.004664671616200988,-0.0005522298040696221,0.16965395472721906,0.2323118478619157,0.005099999999999993,0
1.01,stationary,810,0.25,4,0,False,0.0,0.1716617792793331,0.007130038873201516,0.007130038873201516,-0.0017558058442304443,0.16970040350661333,0.17111057420966092,0.004250000000000004,0
1.01,stationary,810,0.25,4,1,False,0.0,0.1716617792793331,0.006211437444556989,0.006211437444556989,-0.0012052354837685003,0.16944459723672917,0.17111057420966092,0.004250000000000004,0
1.01,stationary,810,0.25,5,0,False,0.0,0.1716617792793331,0.00785260704947699,0.00785260704947699,-0.0013719958978948865,0.16780948491690897,0.1451963326965366,0.0046499999999999875,0
1.01,stationary,810,0.25,5,1,False,0.0,0.1716617792793331,0.006856645546548301,0.006856645546548301,-0.0013885655632499656,0.16921624707575034,0.1451963326965366,0.0046499999999999875,0
1.01,stationary,810,0.25,6,0,False,0.0,0.1716617792793331,0.004231339772599471,0.004231339772599471,0.00023115212841278538,0.16881061880485698,0.12845799367149452,0.0034000000000000696,0
1.01,stationary,810,0.25,6,1,False,0.0,0.1716617792793331,0.0056261506784857085,0.0056261506784857085,0.0013636395776939034,0.16980368348436387,0.12845799367149452,0.0034000000000000696,0
1.01,stationary,810,0.25,7,0,False,0.0,0.1716617792793331,0.003588585725978033,0.003588585725978033,-8.936722214866494e-05,0.16976650099659513,0.11557313734621821,0.0025000000000000577,0
1.01,stationary,810,0.25,7,1,False,0.0,0.1716617792793331,0.0034444670171743796,0.0034444670171743796,0.0006857061261442009,0.17013529650521558,0.11557313734621821,0.0025000000000000577,0
1.01,stationary,810,0.25,8,0,False,0.0,0.1716617792793331,0.004501404566706779,0.004501404566706779,0.00032684358064821083,0.17106908985992972,0.11270091079177946,0.0023000000000000242,0
1.01,stationary,810,0.25,8,1,False,0.0,0.1716617792793331,0.004442557653879742,0.004442557653879742,0.0006021199343021605,0.1706317811938481,0.11270091079177946,0.0023000000000000242,0
1.01,stationary,810,0.25,9,0,False,0.0,0.1716617792793331,0.003762154553474284,0.003762154553474284,0.0002272607500886853,0.17156155936861628,0.11195731695289678,0.002650000000000041,0
1.01,stationary,810,0.25,9,1,False,0.0,0.1716617792793331,0.003733416108693044,0.003733416108693044,0.0007010664932612727,0.17016047162576906,0.11195731695289678,0.002650000000000041,0
1.01,stationary,810,0.25,10,0,False,0.0,0.1716617792793331,0.004308519912373021,0.004308519912373021,0.000578280348520504,0.17061694200324806,0.11293244467530271,0.0026000000000000467,0
1.01,stationary,810,0.25,10,1,False,0.0,0.1716617792793331,0.0035975483517014517,0.0035975483517014517,0.00043185496818386323,0.1702994255456348,0.11293244467530271,0.0026000000000000467,0
1.01,stationary,810,0.25,11,0,False,0.0,0.1716617792793331,0.005547162818234197,0.005547162818234197,-0.0005147304026633518,0.1706934446619854,0.10433425993355322,0.0024500000000000077,0
1.01,stationary,810,0.25,11,1,False,0.0,0.1716617792793331,0.005915917385827085,0.005915917385827085,-0.0007514932158422621,0.17082198170441482,0.10433425993355322,0.0024500000000000077,0
1.01,stationary,810,0.25,12,0,False,0.0,0.1716617792793331,0.004065731078560786,0.004065731078560786,0.0002637299678481311,0.1699986356208888,0.1007569012594241,0.0036500000000000143,0
1.01,stationary,810,0.25,12,1,False,0.0,0.1716617792793331,0.005624797054088138,0.005624797054088138,0.0014850982599504503,0.17041366009340286,0.1007569012594241,0.0036500000000000143,0
1.01,stationary,810,0.25,13,0,False,0.0,0.1716617792793331,0.005875912852101539,0.005875912852101539,-0.0008117312154365913,0.16976709960516637,0.09303844385329253,0.0018500000000000183,0
1.01,stationary,810,0.25,13,1,False,0.0,0.1716617792793331,0.0060787855593988915,0.0060787855593988915,-0.0004607018484971277,0.16944114399638943,0.09303844385329253,0.0018500000000000183,0
1.01,stationary,810,0.25,14,0,False,0.0,0.1716617792793331,0.0068787284128272175,0.0068787284128272175,0.0013537989096555382,0.1698560350967877,0.09195742789955152,0.0020000000000000018,0
1.01,stationary,810,0.25,14,1,False,0.0,0.1716617792793331,0.0066199339298897986,0.0066199339298897986,0.001546290525777668,0.16977227257422922,0.09195742789955152,0.0020000000000000018,0
1.01,stationary,810,0.25,15,0,False,0.0,0.1716617792793331,0.006464211250276963,0.006464211250276963,0.0011228322598838877,0.17032318642113842,0.08585627536095322,0.0030000000000000027,0
1.01,stationary,810,0.25,15,1,False,0.0,0.1716617792793331,0.00748449638993931,0.00748449638993931,0.002061174753570689,0.16999186190002116,0.08585627536095322,0.0030000000000000027,0
1.01,stationary,810,0.25,16,0,False,0.0,0.1716617792793331,0.0053666171670381235,0.0053666171670381235,0.0007635358925144223,0.17073373661887728,0.08696997091557691,0.003049999999999997,0
1.01,stationary,810,0.25,16,1,False,0.0,0.1716617792793331,0.006529144962578615,0.006529144962578615,0.001784463742225696,0.1698261801785785,0.08696997091557691,0.003049999999999997,0
1.01,stationary,810,0.5,0,0,True,0.0,0.1716617792793331,0.006192615561232517,0.006192615561232517,-0.001730920790923413,0.17175904317110005,2.0004237607019433,0.0062500000000000056,0
1.01,stationary,810,0.5,0,1,True,0.0,0.1716617792793331,0.0030914898949604974,0.0030914898949604974,0.00047310337007279153,0.17087229770387483,2.0004237607019433,0.0062500000000000056,0
1.01,stationary,810,0.5,1,0,True,0.0,0.17166177927933313,0.003836070816774839,0.003836070816774839,0.000493720689326925,0.1695331266912139,0.0,0.0,20000
1.01,stationary,810,0.5,1,1,True,0.0,0.17166177927933313,0.003836070816774839,0.003836070816774839,0.000493720689326925,0.1695331266912139,0.0,0.0,20000
1.01,stationary,810,0.5,2,0,True,0.0,0.17166177927933313,0.003803397715351764,0.003803397715351764,0.0003620082753230761,0.16938702109838272,0.0,0.0,20000
1.01,stationary,810,0.5,2,1,True,0.0,0.17166177927933313,0.003803397715351764,0.003803397715351764,0.0003620082753230761,0.16938702109838272,0.0,0.0,20000
1.01,stationary,810,0.5,3,0,True,0.0,0.17166177927933315,0.005779071875564257,0.005779071875564146,-0.0007761166740402018,0.1698095704500412,0.0,0.0,20000
1.01,stationary,810,0.5,3,1,True,0.0,0.17166177927933315,0.005779071875564257,0.005779071875564146,-0.0007761166740402018,0.1698095704500412,0.0,0.0,20000
1.01,stationary,810,0.5,4,0,True,0.0,0.17166177927933318,0.0034905363175556925,0.0034905363175556925,0.0004805264868539993,0.16898841486211602,0.0,0.0,20000
1.01,stationary,810,0.5,4,1,True,0.0,0.17166177927933318,0.0034905363175556925,0.0034905363175556925,0.0004805264868539993,0.16898841486211602,0.0,0.0,20000
1.01,stationary,810,0.5,5,0,True,0.0,0.17166177927933318,0.0036899490850435535,0.0036899490850435535,0.00017716699762997394,0.16853015671140084,0.0,0.0,20000
1.01,stationary,810,0.5,5,1,True,0.0,0.17166177927933318,0.0036899490850435535,0.0036899490850435535,0.00017716699762997394,0.16853015671140084,0.0,0.0,20000
1.01,stationary,810,0.5,6,0,True,0.0,0.1716617792793332,0.0044174026569894775,0.004417402656989533,-3.811252913873669e-05,0.1689024654605141,0.0,0.0,20000
1.01,stationary,810,0.5,6,1,True,0.0,0.1716617792793332,0.0044174026569894775,0.004417402656989533,-3.811252913873669e-05,0.1689024654605141,0.0,0.0,20000
1.01,stationary,810,0.5,7,0,True,0.0,0.17166177927933324,0.003637855833143022,0.003637855833143133,0.0005935720701921495,0.1690332427664488,0.0,0.0,20000
1.01,stationary,810,0.5,7,1,True,0.0,0.17166177927933324,0.003637855833143022,0.003637855833143133,0.0005935720701921495,0.1690332427664488,0.0,0.0,20000
1.01,stationary,810,0.5,8,0,True,0.0,0.17166177927933324,0.00481566370631914,0.004815663706318973,0.0008249850438103335,0.16906448110413674,0.0,0.0,20000
1.01,stationary,810,0.5,8,1,True,0.0,0.17166177927933324,0.00481566370631914,0.004815663706318973,0.0008249850438103335,0.16906448110413674,0.0,0.0,20000
1.01,stationary,810,0.5,9,0,True,0.0,0.17166177927933327,0.004101087349105859,0.004101087349105692,0.00018436069653780888,0.16911892912102114,0.0,0.0,20000
1.01,stationary,810,0.5,9,1,True,0.0,0.17166177927933327,0.004101087349105859,0.004101087349105692,0.00018436069653780888,0.16911892912102114,0.0,0.0,20000
1.01,stationary,810,0.5,10,0,True,0.0,0.17166177927933327,0.005184971497387433,0.005184971497387267,0.00040642936416023694,0.16918564288889232,0.0,0.0,20000
1.01,stationary,810,0.5,10,1,True,0.0,0.17166177927933327,0.005184971497387433,0.005184971497387267,0.00040642936416023694,0.16918564288889232,0.0,0.0,20000
1.01,stationary,810,0.5,11,0,True,0.0,0.1716617792793333,0.004661522726716549,0.004661522726716383,-4.553063513600407e-06,0.16942831834143288,0.0,0.0,20000
1.01,stationary,810,0.5,11,1,True,0.0,0.1716617792793333,0.004661522726716549,0.004661522726716383,-4.553063513600407e-06,0.16942831834143288,0.0,0.0,20000
1.01,stationary,810,0.5,12,0,True,0.0,0.17166177927933332,0.005640139089128332,0.005640139089128221,0.0003858789034203795,0.16900023367929265,0.0,0.0,20000
1.01,stationary,810,0.5,12,1,True,0.0,0.17166177927933332,0.005640139089128332,0.005640139089128221,0.0003858789034203795,0.16900023367929265,0.0,0.0,20000
1.01,stationary,810,0.5,13,0,True,0.0,0.17166177927933332,0.0045072842602402186,0.00450728426024033,-0.00029550408901114625,0.16953173454819315,0.0,0.0,20000
1.01,stationary,810,0.5,13,1,True,0.0,0.17166177927933332,0.0045072842602402186,0.00450728426024033,-0.00029550408901114625,0.16953173454819315,0.0,0.0,20000
1.01,stationary,810,0.5,14,0,True,0.0,0.17166177927933335,0.006530563873055839,0.006530563873056061,-0.0011779852540611513,0.169178594358748,0.0,0.0,20000
1.01,stationary,810,0.5,14,1,True,0.0,0.17166177927933335,0.006530563873055839,0.006530563873056061,-0.0011779852540611513,0.169178594358748,0.0,0.0,20000
1.01,stationary,810,0.5,15,0,True,0.0,0.17166177927933335,0.00547349300029526,0.005473493000295426,-0.0006505823199052913,0.16967450119616842,0.0,0.0,20000
1.01,stationary,810,0.5,15,1,True,0.0,0.17166177927933335,0.00547349300029526,0.005473493000295426,-0.0006505823199052913,0.16967450119616842,0.0,0.0,20000
1.01,stationary,810,0.5,16,0,True,0.0,0.17166177927933338,0.008180896474660582,0.00818089647466047,-0.001991103738794977,0.16971028077241368,0.0,0.0,20000
1.01,stationary,810,0.5,16,1,True,0.0,0.17166177927933338,0.008180896474660582,0.00818089647466047,-0.001991103738794977,0.16971028077241368,0.0,0.0,20000
1.01,stationary,811,0.0,0,0,True,0.0,0.1716617792793331,0.0036602874115395645,0.0036602874115395645,0.0003211626009249572,0.1715728649728255,1.9932192470492271,0.007750000000000035,0
1.01,stationary,811,0.0,0,1,True,0.0,0.1716617792793331,0.008286641125506033,0.008286641125506033,0.002170813472706489,0.17529039934962654,1.9932192470492271,0.007750000000000035,0
1.01,stationary,811,0.0,1,0,True,0.0,0.17166177927933313,0.004258641505503397,0.004258641505503397,-0.0009280802280438201,0.17122252714554248,1.997462539750655,0.010700000000000043,0
1.01,stationary,811,0.0,1,1,True,0.0,0.17166177927933313,0.009649533989799952,0.009649533989799952,0.0030772552118805596,0.17469514647796447,1.997462539750655,0.010700000000000043,0
1.01,stationary,811,0.0,2,0,True,0.0,0.17166177927933313,0.004360714408342889,0.004360714408342889,-0.0007695318154479617,0.17090380241714587,1.9952625587512811,0.011700000000000044,0
1.01,stationary,811,0.0,2,1,True,0.0,0.17166177927933313,0.0104249400561095,0.0104249400561095,0.003550959591288424,0.17434493677143847,1.9952625587512811,0.011700000000000044,0
1.01,stationary,811,0.0,3,0,True,0.0,0.17166177927933315,0.004613653755696806,0.004613653755696806,-0.0003203166764989332,0.17072505031092872,1.99118498294745,0.01100000000000001,0
1.01,stationary,811,0.0,3,1,True,0.0,0.17166177927933315,0.010013031725077282,0.010013031725077282,0.003165329145223517,0.17500144714903987,1.99118498294745,0.01100000000000001,0
1.01,stationary,811,0.0,4,0,True,0.0,0.17166177927933318,0.00598726538070915,0.005987265380709261,0.001460383328785789,0.17132329545309694,1.9860304614037687,0.00655,0
1.01,stationary,811,0.0,4,1,True,0.0,0.17166177927933318,0.00721398486040814,0.007213984860408251,0.0016696761444365653,0.17535831322698064,1.9860304614037687,0.00655,0
1.01,stationary,811,0.0,5,0,True,0.0,0.17166177927933318,0.006101146573169625,0.006101146573169736,0.0011457405047650847,0.1715959919133399,1.9879234799902412,0.006100000000000022,0
1.01,stationary,811,0.0,5,1,True,0.0,0.17166177927933318,0.0065779788947191165,0.0065779788947191165,0.0015258678589842015,0.1738258808032265,1.9879234799902412,0.006100000000000022,0
1.01,stationary,811,0.0,6,0,True,0.0,0.1716617792793332,0.005413762592107019,0.00541376259210713,0.0009343833002023013,0.1710963525663003,1.990524730074652,0.005750000000000033,0
1.01,stationary,811,0.0,6,1,True,0.0,0.1716617792793332,0.007605196939793557,0.007605196939793557,0.0019777622156320063,0.17368333642296085,1.990524730074652,0.005750000000000033,0
1.01,stationary,811,0.0,7,0,True,0.0,0.17166177927933324,0.006144984883883264,0.006144984883883375,0.0014728435110270839,0.1711516101529788,1.994676449567476,0.007200000000000012,0
1.01,stationary,811,0.0,7,1,True,0.0,0.17166177927933324,0.00809582590146829,0.0080958259014684,0.0021326880997471712,0.17445496729110016,1.994676449567476,0.007200000000000012,0
1.01,stationary,811,0.0,8,0,True,0.0,0.17166177927933324,0.004362135980527482,0.004362135980527482,-0.0008385177861960478,0.17088518995515242,1.9990084978513631,0.007300000000000084,0
1.01,stationary,811,0.0,8,1,True,0.0,0.17166177927933324,0.006677642001818168,0.006677642001818335,0.0012557350037069208,0.17484676850413974,1.9990084978513631,0.007300000000000084,0
1.01,stationary,811,0.0,9,0,True,0.0,0.17166177927933327,0.004025220637025706,0.004025220637025817,-7.807730569412974e-05,0.17122936535177852,1.997579227372615,0.007550000000000001,0
1.01,stationary,811,0.0,9,1,True,0.0,0.17166177927933327,0.006518083891927651,0.006518083891927762,0.0011583695449930431,0.17533633421553188,1.997579227372615,0.007550000000000001,0
1.01,stationary,811,0.0,10,0,True,0.0,0.17166177927933327,0.0037706464625871794,0.0037706464625870684,-0.0009033305890123616,0.17125947161880944,1.9931563569006194,0.008350000000000024,0
1.01,stationary,811,0.0,10,1,True,0.0,0.17166177927933327,0.007944766832272326,0.007944766832272437,-0.00010448641566793273,0.17539684015645413,1.9931563569006194,0.008350000000000024,0
1.01,stationary,811,0.0,11,0,True,0.0,0.1716617792793333,0.005396678523500897,0.005396678523501008,0.0007419882208502086,0.1712712116925592,1.993681594990335,0.009450000000000014,0
1.01,stationary,811,0.0,11,1,True,0.0,0.1716617792793333,0.006046906551417958,0.00604690655141818,0.00043458544163635696,0.1747020404841505,1.993681594990335,0.009450000000000014,0
1.01,stationary,811,0.0,12,0,True,0.0,0.17166177927933332,0.00345383898362861,0.003453838983628832,-0.00024891004218213455,0.17149351441143612,1.9952762654559766,0.007450000000000012,0
1.01,stationary,811,0.0,12,1,True,0.0,0.17166177927933332,0.006606957277611514,0.006606957277611736,0.0012685798933447772,0.17478829992539968,1.9952762654559766,0.007450000000000012,0
1.01,stationary,811,0.0,13,0,True,0.0,0.17166177927933332,0.003102667539947923,0.003102667539947701,-0.000796968716089502,0.17136816270211983,1.995113902872332,0.008500000000000008,0
1.01,stationary,811,0.0,13,1,True,0.0,0.17166177927933332,0.007001138120383776,0.007001138120383998,0.00016391510729992686,0.1753728703312813,1.995113902872332,0.008500000000000008,0
1.01,stationary,811,0.0,14,0,True,0.0,0.17166177927933335,0.004118602858760423,0.00411860285876009,-0.0011737216314867684,0.17152863388179507,1.9941766608188791,0.008549999999999947,0
1.01,stationary,811,0.0,14,1,True,0.0,0.17166177927933335,0.007422288931915877,0.007422288931915988,0.0015030805593845358,0.17482869263236359,1.9941766608188791,0.008549999999999947,0
1.01,stationary,811,0.0,15,0,True,0.0,0.17166177927933335,0.004473436474558223,0.004473436474558334,0.00030067799612762164,0.17178089940435567,1.9933741883867147,0.010050000000000003,0
1.01,stationary,811,0.0,15,1,True,0.0,0.17166177927933335,0.008517719906744159,0.008517719906744381,-0.0008696140795709829,0.1753367525773287,1.9933741883867147,0.010050000000000003,0
1.01,stationary,811,0.0,16,0,True,0.0,0.17166177927933338,0.003536209787098843,0.0035362097870991205,-0.0008845598312097755,0.17153511883761327,1.9982121975049563,0.007350000000000079,0
1.01,stationary,811,0.0,16,1,True,0.0,0.17166177927933338,0.006497858749307972,0.006497858749308083,0.0010588595709103128,0.17490845039477848,1.9982121975049563,0.007350000000000079,0
1.01,stationary,811,0.25,0,0,True,0.0,0.1716617792793331,0.0036602874115395645,0.0036602874115395645,0.0003211626009249572,0.1715728649728255,1.9932192470492271,0.007750000000000035,0
1.01,stationary,811,0.25,0,1,True,0.0,0.1716617792793331,0.008286641125506033,0.008286641125506033,0.002170813472706489,0.17529039934962654,1.9932192470492271,0.007750000000000035,0
1.01,stationary,811,0.25,1,0,True,0.0,0.17166177927933313,0.004158214455854736,0.004158214455854736,-0.0006115661428095411,0.17344359911011292,0.8872452837472438,0.007350000000000079,0
1.01,stationary,811,0.25,1,1,True,0.0,0.17166177927933313,0.007235895150300653,0.007235895150300764,0.002285940787058237,0.17597005096857415,0.8872452837472438,0.007350000000000079,0
1.01,stationary,811,0.25,2,0,False,0.0,0.1716617792793331,0.004048544194695358,0.004048544194695358,-0.001134078808843285,0.1736711925180084,0.4123673111598141,0.008750000000000036,0
1.01,stationary,811,0.25,2,1,False,0.0,0.1716617792793331,0.006855246623543976,0.006855246623543976,0.0025412542325773868,0.17534880631332264,0.4123673111598141,0.008750000000000036,0
1.01,stationary,811,0.25,3,0,False,0.0,0.1716617792793331,0.00417346976882127,0.00417346976882127,-0.0010479076372513396,0.1739331013232488,0.23429545270623559,0.00869999999999993,0
1.01,stationary,811,0.25,3,1,False,0.0,0.1716617792793331,0.0076857087196696705,0.0076857087196696705,0.001983083921869869,0.17444402747043491,0.23429545270623559,0.00869999999999993,0
1.01,stationary,811,0.25,4,0,False,0.0,0.1716617792793331,0.0061559969548360405,0.0061559969548360405,0.0002748397361020572,0.17346106974859032,0.16872158107668125,0.0049000000000000155,0
1.01,stationary,811,0.25,4,1,False,0.0,0.1716617792793331,0.0061494876876250215,0.0061494876876250215,0.0006316418307272332,0.17476768774639778,0.16872158107668125,0.0049000000000000155,0
1.01,stationary,811,0.25,5,0,False,0.0,0.1716617792793331,0.006687900993385676,0.006687900993385676,0.0008302022446854424,0.17373677989505476,0.14288590270798548,0.0032999999999999974,0
1.01,stationary,811,0.25,5,1,False,0.0,0.1716617792793331,0.005834122189834368,0.005834122189834368,0.00023432280075031797,0.17446155384124507,0.14288590270798548,0.0032999999999999974,0
1.01,stationary,811,0.25,6,0,False,0.0,0.1716617792793331,0.005094904098535635,0.005094904098535635,0.0004636069592586818,0.17414073712343825,0.12996104054069102,0.0028000000000000247,0
1.01,stationary,811,0.25,6,1,False,0.0,0.1716617792793331,0.00599076704049295,0.00599076704049295,0.00012593502482828177,0.1749680985617592,0.12996104054069102,0.0028000000000000247,0
1.01,stationary,811,0.25,7,0,False,0.0,0.1716617792793331,0.008095582746339425,0.008095582746339425,-0.001882714761525843,0.17533686262674558,0.12154332412922512,0.004300000000000026,0
1.01,stationary,811,0.25,7,1,False,0.0,0.1716617792793331,0.006799011578293435,0.006799011578293435,-0.0021368430159179356,0.17496783577819452,0.12154332412922512,0.004300000000000026,0
1.01,stationary,811,0.25,8,0,False,0.0,0.1716617792793331,0.007614249789564431,0.007614249789564431,-0.0011773183601538578,0.17465472177574706,0.1170640371838053,0.0030999999999999917,0
1.01,stationary,811,0.25,8,1,False,0.0,0.1716617792793331,0.008532929569259162,0.008532929569259162,-0.002454059030207087,0.17570241503276482,0.1170640371838053,0.0030999999999999917,0
1.01,stationary,811,0.25,9,0,False,0.0,0.1716617792793331,0.006622824861159948,0.006622824861159948,0.0008154046520848501,0.17545611628948948,0.10997785306519743,0.003750000000000031,0
1.01,stationary,811,0.25,9,1,False,0.0,0.1716617792793331,0.006003763704287068,0.006003763704287068,-0.0006932020791594977,0.1755575406285716,0.10997785306519743,0.003750000000000031,0
1.01,stationary,811,0.25,10,0,False,0.0,0.1716617792793331,0.005704814592676355,0.005704814592676355,-0.000263980175549814,0.17518505368436804,0.11283836552556904,0.0031000000000000055,0
1.01,stationary,811,0.25,10,1,False,0.0,0.1716617792793331,0.0056117268870150006,0.0056117268870150006,-0.00045004238329654457,0.17557680001903747,0.11283836552556904,0.0031000000000000055,0
1.01,stationary,811,0.25,11,0,False,0.0,0.1716617792793331,0.00611344963523186,0.00611344963523186,0.00013862148389243807,0.17538309670508329,0.10326627274022594,0.004400000000000015,0
1.01,stationary,811,0.25,11,1,False,0.0,0.1716617792793331,0.005701186976965478,0.005701186976965478,-0.0005963156417400299,0.175703344346207,0.10326627274022594,0.004400000000000015,0
1.01,stationary,811,0.25,12,0,False,0.0,0.1716617792793331,0.007273467175483717,0.007273467175483717,0.0006599913867943497,0.1756200023526596,0.09952868565055996,0.004350000000000007,0
1.01,stationary,811,0.25,12,1,False,0.0,0.1716617792793331,0.004990263401554174,0.004990263401554174,-9.945160552221635e-05,0.17544888442113074,0.09952868565055996,0.004350000000000007,0
1.01,stationary,811,0.25,13,0,False,0.0,0.1716617792793331,0.00569078712254989,0.00569078712254989,-1.0669288037675661e-05,0.1753792980483168,0.09842374591024436,0.0025000000000000022,0
1.01,stationary,811,0.25,13,1,False,0.0,0.1716617792793331,0.005508544415473882,0.005508544415473882,-0.00011937157743150214,0.17521039234262598,0.09842374591024436,0.0025000000000000022,0
1.01,stationary,811,0.25,14,0,False,0.0,0.1716617792793331,0.00518735494187561,0.00518735494187561,-1.4388723774648832e-05,0.17653987337049287,0.09837977578925404,0.002349999999999991,0
1.01,stationary,811,0.25,14,1,False,0.0,0.1716617792793331,0.004606809708399884,0.004606809708399884,-0.00017241784339313968,0.17528371836711565,0.09837977578925404,0.002349999999999991,0
1.01,stationary,811,0.25,15,0,False,0.0,0.1716617792793331,0.004825546976523709,0.004825546976523709,-8.712525466050288e-05,0.17579193250468048,0.09686894086204112,0.002599999999999991,0
1.01,stationary,811,0.25,15,1,False,0.0,0.1716617792793331,0.005653118333585505,0.005653118333585505,0.00025782533467321784,0.17534246091651037,0.09686894086204112,0.002599999999999991,0
1.01,stationary,811,0.25,16,0,False,0.0,0.1716617792793331,0.005212083327066852,0.005212083327066852,-0.00048271734760064116,0.17611353513051203,0.0896642902688707,0.003049999999999997,0
1.01,stationary,811,0.25,16,1,False,0.0,0.1716617792793331,0.0048279010928786725,0.0048279010928786725,9.991010907646998e-05,0.17521697014049936,0.0896642902688707,0.003049999999999997,0
1.01,stationary,811,0.5,0,0,True,0.0,0.1716617792793331,0.0036602874115395645,0.0036602874115395645,0.0003211626009249572,0.1715728649728255,1.9932192470492271,0.007750000000000035,0
1.01,stationary,811,0.5,0,1,True,0.0,0.1716617792793331,0.008286641125506033,0.008286641125506033,0.002170813472706489,0.17529039934962654,1.9932192470492271,0.007750000000000035,0
1.01,stationary,811,0.5,1,0,True,0.0,0.17166177927933313,0.005787577865517202,0.005787577865517202,0.00020055555457110935,0.17349903951628737,0.0,0.0,20000
1.01,stationary,811,0.5,1,1,True,0.0,0.17166177927933313,0.005787577865517202,0.005787577865517202,0.00020055555457110935,0.17349903951628737,0.0,0.0,20000
1.01,stationary,811,0.5,2,0,True,0.0,0.17166177927933313,0.0067589445403927195,0.0067589445403927195,-0.0014761502404908133,0.173862526436049,0.0,0.0,20000
1.01,stationary,811,0.5,2,1,True,0.0,0.17166177927933313,0.0067589445403927195,0.0067589445403927195,-0.0014761502404908133,0.173862526436049,0.0,0.0,20000
1.01,stationary,811,0.5,3,0,True,0.0,0.17166177927933315,0.0064238868930323045,0.0064238868930323045,-0.0012189676334710235,0.1734834702360174,0.0,0.0,20000
1.01,stationary,811,0.5,3,1,True,0.0,0.17166177927933315,0.0064238868930323045,0.0064238868930323045,-0.0012189676334710235,0.1734834702360174,0.0,0.0,20000
1.01,stationary,811,0.5,4,0,True,0.0,0.17166177927933318,0.006928607414579346,0.006928607414579402,-0.0013202715631053107,0.17380645277035703,0.0,0.0,20000
1.01,stationary,811,0.5,4,1,True,0.0,0.17166177927933318,0.006928607414579346,0.006928607414579402,-0.0013202715631053107,0.17380645277035703,0.0,0.0,20000
1.01,stationary,811,0.5,5,0,True,0.0,0.17166177927933318,0.0054242519722385585,0.005424251972238614,-0.00029422820312144425,0.17403724389698344,0.0,0.0,20000
1.01,stationary,811,0.5,5,1,True,0.0,0.17166177927933318,0.0054242519722385585,0.005424251972238614,-0.00029422820312144425,0.17403724389698344,0.0,0.0,20000
1.01,stationary,811,0.5,6,0,True,0.0,0.1716617792793332,0.006727891483300996,0.006727891483301107,0.0009449921854403054,0.17435436684021785,0.0,0.0,20000
1.01,stationary,811,0.5,6,1,True,0.0,0.1716617792793332,0.006727891483300996,0.006727891483301107,0.0009449921854403054,0.17435436684021785,0.0,0.0,20000
1.01,stationary,811,0.5,7,0,True,0.0,0.17166177927933324,0.004493193738289825,0.004493193738289936,-0.0002895811039549855,0.17493100455273183,0.0,0.0,20000
1.01,stationary,811,0.5,7,1,True,0.0,0.17166177927933324,0.004493193738289825,0.004493193738289936,-0.0002895811039549855,0.17493100455273183,0.0,0.0,20000
1.01,stationary,811,0.5,8,0,True,0.0,0.17166177927933324,0.006869093450585229,0.00686909345058534,-0.0016563032651056037,0.17489856755150246,0.0,0.0,20000
1.01,stationary,811,0.5,8,1,True,0.0,0.17166177927933324,0.006869093450585229,0.00686909345058534,-0.0016563032651056037,0.17489856755150246,0.0,0.0,20000
1.01,stationary,811,0.5,9,0,True,0.0,0.17166177927933327,0.005191132421721922,0.005191132421722089,-0.0006363774222879421,0.17508012208407087,0.0,0.0,20000
1.01,stationary,811,0.5,9,1,True,0.0,0.17166177927933327,0.005191132421721922,0.005191132421722089,-0.0006363774222879421,0.17508012208407087,0.0,0.0,20000
1.01,stationary,811,0.5,10,0,True,0.0,0.17166177927933327,0.006410798051808719,0.006410798051808941,-0.0009495432604657713,0.17530872793056845,0.0,0.0,20000
1.01,stationary,811,0.5,10,1,True,0.0,0.17166177927933327,0.006410798051808719,0.006410798051808941,-0.0009495432604657713,0.17530872793056845,0.0,0.0,20000
1.01,stationary,811,0.5,11,0,True,0.0,0.1716617792793333,0.007329663368831063,0.00732966336883123,-0.001693507424175871,0.17516978366691738,0.0,0.0,20000
1.01,stationary,811,0.5,11,1,True,0.0,0.1716617792793333,0.007329663368831063,0.00732966336883123,-0.001693507424175871,0.17516978366691738,0.0,0.0,20000
1.01,stationary,811,0.5,12,0,True,0.0,0.17166177927933332,0.005340176472435121,0.005340176472435343,0.00011267801263284753,0.17560011477642576,0.0,0.0,20000
1.01,stationary,811,0.5,12,1,True,0.0,0.17166177927933332,0.005340176472435121,0.005340176472435343,0.00011267801263284753,0.17560011477642576,0.0,0.0,20000
1.01,stationary,811,0.5,13,0,True,0.0,0.17166177927933332,0.006171757729984906,0.006171757729985128,-0.0004917962084115204,0.17557366748603087,0.0,0.0,20000
1.01,stationary,811,0.5,13,1,True,0.0,0.17166177927933332,0.006171757729984906,0.006171757729985128,-0.0004917962084115204,0.17557366748603087,0.0,0.0,20000
1.01,stationary,811,0.5,14,0,True,0.0,0.17166177927933335,0.005118908210614448,0.00511890821061467,-7.160694455093739e-05,0.17597375295823497,0.0,0.0,20000
1.01,stationary,811,0.5,14,1,True,0.0,0.17166177927933335,0.005118908210614448,0.00511890821061467,-7.160694455093739e-05,0.17597375295823497,0.0,0.0,20000
1.01,stationary,811,0.5,15,0,True,0.0,0.17166177927933335,0.006382009771333408,0.006382009771333685,-0.0006287321565103113,0.17664027151822867,0.0,0.0,20000
1.01,stationary,811,0.5,15,1,True,0.0,0.17166177927933335,0.006382009771333408,0.006382009771333685,-0.0006287321565103113,0.17664027151822867,0.0,0.0,20000
1.01,stationary,811,0.5,16,0,True,0.0,0.17166177927933338,0.006003896420115118,0.00600389642011534,0.0008026336573881875,0.17640723446341894,0.0,0.0,20000
1.01,stationary,811,0.5,16,1,True,0.0,0.17166177927933338,0.006003896420115118,0.00600389642011534,0.0008026336573881875,0.17640723446341894,0.0,0.0,20000
1.01,stationary,812,0.0,0,0,True,0.0,0.1716617792793331,0.0043651122693173505,0.0043651122693173505,0.0017755713317641388,0.17135062908964566,2.0107879130712445,0.00814999999999999,0
1.01,stationary,812,0.0,0,1,True,0.0,0.1716617792793331,0.005991448971255808,0.005991448971255808,-0.000982960148305504,0.170490787398404,2.0107879130712445,0.00814999999999999,0
1.01,stationary,812,0.0,1,0,True,0.0,0.17166177927933313,0.00402380546453307,0.00402380546453307,0.0010928928734910471,0.17130005106700874,2.0099764412172343,0.00550000000000006,0
1.01,stationary,812,0.0,1,1,True,0.0,0.17166177927933313,0.004221329233529469,0.004221329233529469,0.0002648093709744823,0.17014185394227788,2.0099764412172343,0.00550000000000006,0
1.01,stationary,812,0.0,2,0,True,0.0,0.17166177927933313,0.0045798686589677146,0.0045798686589677146,0.0005202273352707422,0.17138615440544785,2.0119367926219884,0.005400000000000002,0
1.01,stationary,812,0.0,2,1,True,0.0,0.17166177927933313,0.0038536454189938008,0.0038536454189936897,0.00026745747106511554,0.17007383273716392,2.0119367926219884,0.005400000000000002,0
1.01,stationary,812,0.0,3,0,True,0.0,0.17166177927933315,0.004466815045949701,0.004466815045949701,0.0010994473376165445,0.17127823363247852,2.0130576007040584,0.004750000000000032,0
1.01,stationary,812,0.0,3,1,True,0.0,0.17166177927933315,0.003786828145854959,0.003786828145854848,0.00037583585346915666,0.16990072947056928,2.0130576007040584,0.004750000000000032,0
1.01,stationary,812,0.0,4,0,True,0.0,0.17166177927933318,0.005944392642792368,0.005944392642792423,-0.00021191967230741577,0.1714566384161857,2.01108644658385,0.007849999999999996,0
1.01,stationary,812,0.0,4,1,True,0.0,0.17166177927933318,0.004019215451151248,0.004019215451151137,0.0002019340576409937,0.17028701754640907,2.01108644658385,0.007849999999999996,0
1.01,stationary,812,0.0,5,0,True,0.0,0.17166177927933318,0.004579636294378554,0.004579636294378554,0.0001935754970812156,0.17150494654473472,2.0121760861003386,0.008649999999999998,0
1.01,stationary,812,0.0,5,1,True,0.0,0.17166177927933318,0.006134523127140523,0.006134523127140523,0.0026428596243561198,0.17103075693156608,2.0121760861003386,0.008649999999999998,0
1.01,stationary,812,0.0,6,0,True,0.0,0.1716617792793332,0.003986391461399119,0.003986391461399119,0.0018076601021571777,0.17132117329805338,2.010977289183647,0.0046999999999999265,0
1.01,stationary,812,0.0,6,1,True,0.0,0.1716617792793332,0.003392390867925421,0.0033923908679253656,0.0008790662505824731,0.17139385936014298,2.010977289183647,0.0046999999999999265,0
1.01,stationary,812,0.0,7,0,True,0.0,0.17166177927933324,0.0063711403087925444,0.0063711403087925444,0.0027823788144033107,0.1707517962734001,2.01073982977268,0.00539999999999996,0
1.01,stationary,812,0.0,7,1,True,0.0,0.17166177927933324,0.0039462768082333954,0.00394627680823334,0.001069580741603429,0.1712946623895231,2.01073982977268,0.00539999999999996,0
1.01,stationary,812,0.0,8,0,True,0.0,0.17166177927933324,0.0038032179280378386,0.0038032179280378386,0.0015363166101091293,0.17072817598825413,2.0098910673061443,0.0043500000000000205,0
1.01,stationary,812,0.0,8,1,True,0.0,0.17166177927933324,0.0032038531373101975,0.0032038531373099755,0.0003012295769126923,0.1710358534944239,2.0098910673061443,0.0043500000000000205,0
1.01,stationary,812,0.0,9,0,True,0.0,0.17166177927933327,0.003282597035646484,0.003282597035646484,0.0013500852006475945,0.17066940229386274,2.0068395222049027,0.004799999999999999,0
1.01,stationary,812,0.0,9,1,True,0.0,0.17166177927933327,0.0033919360954224875,0.003391936095422432,0.0008151540147220753,0.17102258596438158,2.0068395222049027,0.004799999999999999,0
1.01,stationary,812,0.0,10,0,True,0.0,0.17166177927933327,0.004685570362164243,0.0046855703621640765,0.0015109132101233174,0.16924985258162706,2.0054636165169533,0.005300000000000082,0
1.01,stationary,812,0.0,10,1,True,0.0,0.17166177927933327,0.0047144526883659,0.0047144526883659,0.0014580795878760507,0.1718639326862355,2.0054636165169533,0.005300000000000082,0
1.01,stationary,812,0.0,11,0,True,0.0,0.1716617792793333,0.00500573345954021,0.005005733459540043,0.0017719007718635074,0.1693700812337987,2.001500253543022,0.005250000000000088,0
1.01,stationary,812,0.0,11,1,True,0.0,0.1716617792793333,0.0050877643530663486,0.00508776435306646,0.001704542359010286,0.17183938611504554,2.001500253543022,0.005250000000000088,0
1.01,stationary,812,0.0,12,0,True,0.0,0.17166177927933332,0.004312721715880485,0.004312721715880374,0.0016196894333811666,0.16885970737471956,1.998478531962776,0.00550000000000006,0
1.01,stationary,812,0.0,12,1,True,0.0,0.17166177927933332,0.004916452895848744,0.004916452895848744,0.0013932118128114823,0.17176265760618145,1.998478531962776,0.00550000000000006,0
1.01,stationary,812,0.0,13,0,True,0.0,0.17166177927933332,0.005391211790313835,0.005391211790313669,0.0015913133014369652,0.16922054375177786,1.9964983367936908,0.00649999999999995,0
1.01,stationary,812,0.0,13,1,True,0.0,0.17166177927933332,0.005726833620501193,0.005726833620501304,0.0020965548151786204,0.17175646168917236,1.9964983367936908,0.00649999999999995,0
1.01,stationary,812,0.0,14,0,True,0.0,0.17166177927933335,0.00450005098053774,0.004500050980537629,0.0012438214561626506,0.1700356798771601,1.992784319383492,0.00495000000000001,0
1.01,stationary,812,0.0,14,1,True,0.0,0.17166177927933335,0.0034780516397528993,0.0034780516397531214,0.00035977871063447205,0.17175182094249838,1.992784319383492,0.00495000000000001,0
1.01,stationary,812,0.0,15,0,True,0.0,0.17166177927933335,0.004147478267930271,0.004147478267930271,0.0015764882959178673,0.170449512604541,1.9897903418888914,0.007649999999999935,0
1.01,stationary,812,0.0,15,1,True,0.0,0.17166177927933335,0.006804925838551079,0.006804925838551079,0.002760817260547435,0.1717528475430075,1.9897903418888914,0.007649999999999935,0
1.01,stationary,812,0.0,16,0,True,0.0,0.17166177927933338,0.0054759087339193435,0.005475908733919288,0.0024420012315076616,0.1711426802731374,1.990678768633421,0.005049999999999999,0
1.01,stationary,812,0.0,16,1,True,0.0,0.17166177927933338,0.005052308347006096,0.005052308347006096,0.0016387543301314244,0.17230170962415797,1.990678768633421,0.005049999999999999,0
1.01,stationary,812,0.25,0,0,True,0.0,0.1716617792793331,0.0043651122693173505,0.0043651122693173505,0.0017755713317641388,0.17135062908964566,2.0107879130712445,0.00814999999999999,0
1.01,stationary,812,0.25,0,1,True,0.0,0.1716617792793331,0.005991448971255808,0.005991448971255808,-0.000982960148305504,0.170490787398404,2.0107879130712445,0.00814999999999999,0
1.01,stationary,812,0.25,1,0,True,0.0,0.17166177927933313,0.004761331809734148,0.004761331809734148,0.00021762249809116532,0.1713309144167947,0.8910289612676481,0.004450000000000065,0
1.01,stationary,812,0.25,1,1,True,0.0,0.17166177927933313,0.004081943952095879,0.004081943952095879,0.0012520087521416842,0.171490352925373,0.8910289612676481,0.004450000000000065,0
1.01,stationary,812,0.25,2,0,False,0.0,0.1716617792793331,0.003716796839067893,0.003716796839067893,0.0007027594302658632,0.170197634269237,0.41037390601627155,0.006800000000000028,0
1.01,stationary,812,0.25,2,1,False,0.0,0.1716617792793331,0.006475000083408733,0.006475000083408733,-0.0016168804265729905,0.17078267602368846,0.41037390601627155,0.006800000000000028,0
1.01,stationary,812,0.25,3,0,False,0.0,0.1716617792793331,0.0040696269430632315,0.0040696269430632315,-0.00043933338094533515,0.17150059353967767,0.23520959447459136,0.0040999999999999925,0
1.01,stationary,812,0.25,3,1,False,0.0,0.1716617792793331,0.003945256746321402,0.003945256746321402,-0.00020965761288690185,0.17091921239253888,0.23520959447459136,0.0040999999999999925,0
1.01,stationary,812,0.25,4,0,False,0.0,0.1716617792793331,0.004103420116677747,0.004103420116677747,-1.4064278088737848e-05,0.17060910731201132,0.17397447356720216,0.003750000000000031,0
1.01,stationary,812,0.25,4,1,False,0.0,0.1716617792793331,0.0037833253653187793,0.0037833253653187793,-0.00047729693116776257,0.1711279430191036,0.17397447356720216,0.003750000000000031,0
1.01,stationary,812,0.25,5,0,False,0.0,0.1716617792793331,0.0033534720943350083,0.0033534720943350083,1.834139450778143e-05,0.1698931284169573,0.14290602503259617,0.004650000000000043,0
1.01,stationary,812,0.25,5,1,False,0.0,0.1716617792793331,0.00498065176809559,0.00498065176809559,-0.0002892823745355843,0.17038335323357745,0.14290602503259617,0.004650000000000043,0
1.01,stationary,812,0.25,6,0,False,0.0,0.1716617792793331,0.00408609474833177,0.00408609474833177,-0.0002654696696162576,0.16994691802725573,0.1297088413847901,0.0024500000000000077,0
1.01,stationary,812,0.25,6,1,False,0.0,0.1716617792793331,0.0036598614472971858,0.0036598614472971858,-0.0002324127639931575,0.1696794538355742,0.1297088413847901,0.0024500000000000077,0
1.01,stationary,812,0.25,7,0,False,0.0,0.1716617792793331,0.005200723699293697,0.005200723699293697,-0.0006681275482485204,0.1700256794613136,0.12400166851382917,0.0031000000000001027,0
1.01,stationary,812,0.25,7,1,False,0.0,0.1716617792793331,0.004424018959997111,0.004424018959997111,7.996313085236722e-05,0.17047383318389583,0.12400166851382917,0.0031000000000001027,0
1.01,stationary,812,0.25,8,0,False,0.0,0.1716617792793331,0.007012454564610082,0.007012454564610082,-0.0018441922498749503,0.16937323596484627,0.12345279945648167,0.0021499999999999853,0
1.01,stationary,812,0.25,8,1,False,0.0,0.1716617792793331,0.0078061052154786426,0.0078061052154786426,-0.0010736450805797948,0.17003542370709412,0.12345279945648167,0.0021499999999999853,0
1.01,stationary,812,0.25,9,0,False,0.0,0.1716617792793331,0.004762335298973075,0.004762335298973075,-0.0005562223297209125,0.16960952115689953,0.1203129278555074,0.0030000000000000027,0
1.01,stationary,812,0.25,9,1,False,0.0,0.1716617792793331,0.004971572400015445,0.004971572400015445,0.00013410639165283307,0.16972858981608507,0.1203129278555074,0.0030000000000000027,0
1.01,stationary,812,0.25,10,0,False,0.0,0.1716617792793331,0.005326123305171043,0.005326123305171043,0.0009315653003224037,0.16929833952959433,0.11518895888257488,0.0025499999999999967,0
1.01,stationary,812,0.25,10,1,False,0.0,0.1716617792793331,0.004446460732183771,0.004446460732183771,0.0003498276267720352,0.16962192950254176,0.11518895888257488,0.0025499999999999967,0
1.01,stationary,812,0.25,11,0,False,0.0,0.1716617792793331,0.005249979345147843,0.005249979345147843,0.0008662678543141214,0.17006462453681923,0.10515539881486377,0.0034500000000000086,0
1.01,stationary,812,0.25,11,1,False,0.0,0.1716617792793331,0.004203416448960634,0.004203416448960634,4.918420424385091e-05,0.16975978187677188,0.10515539881486377,0.0034500000000000086,0
1.01,stationary,812,0.25,12,0,False,0.0,0.1716617792793331,0.004188779748115046,0.004188779748115046,-0.00016073809831306955,0.17000659506763396,0.10049471273508793,0.0026999999999999247,0
1.01,stationary,812,0.25,12,1,False,0.0,0.1716617792793331,0.003911025575066535,0.003911025575066535,0.0004294720731343062,0.1704355003063951,0.10049471273508793,0.0026999999999999247,0
1.01,stationary,812,0.25,13,0,False,0.0,0.1716617792793331,0.0038258048022936086,0.0038258048022936086,-2.2659912305639156e-05,0.16981551807300832,0.09749111291768309,0.0024999999999999467,0
1.01,stationary,812,0.25,13,1,False,0.0,0.1716617792793331,0.003650621635949064,0.003650621635949064,-0.0001458600864168911,0.16994057120913553,0.09749111291768309,0.0024999999999999467,0
1.01,stationary,812,0.25,14,0,False,0.0,0.1716617792793331,0.003896330447443974,0.003896330447443974,0.0003142669190137436,0.1693313974839713,0.09792210291335361,0.0024500000000000077,0
1.01,stationary,812,0.25,14,1,False,0.0,0.1716617792793331,0.0037989926754732617,0.0037989926754732617,0.00032713016832394264,0.16895991018724646,0.09792210291335361,0.0024500000000000077,0
1.01,stationary,812,0.25,15,0,False,0.0,0.1716617792793331,0.004386569173250199,0.004386569173250199,7.892854813650618e-05,0.16939694729123017,0.09485475083635504,0.0020500000000001073,0
1.01,stationary,812,0.25,15,1,False,0.0,0.1716617792793331,0.0033510834053483707,0.0033510834053483707,0.00042890516668232,0.1697478558492528,0.09485475083635504,0.0020500000000001073,0
1.01,stationary,812,0.25,16,0,False,0.0,0.1716617792793331,0.005035577976628347,0.005035577976628347,-1.4617786576963271e-05,0.16951880570491248,0.09040587712801697,0.003250000000000086,0
1.01,stationary,812,0.25,16,1,False,0.0,0.1716617792793331,0.004695597082307268,0.004695597082307268,-0.00025875405996000244,0.16926253900444022,0.09040587712801697,0.003250000000000086,0
1.01,stationary,812,0.5,0,0,True,0.0,0.1716617792793331,0.0043651122693173505,0.0043651122693173505,0.0017755713317641388,0.17135062908964566,2.0107879130712445,0.00814999999999999,0
1.01,stationary,812,0.5,0,1,True,0.0,0.1716617792793331,0.005991448971255808,0.005991448971255808,-0.000982960148305504,0.170490787398404,2.0107879130712445,0.00814999999999999,0
1.01,stationary,812,0.5,1,0,True,0.0,0.17166177927933313,0.0035120016739524917,0.0035120016739524917,0.0007225841236816214,0.17095171229905204,0.0,0.0,20000
1.01,stationary,812,0.5,1,1,True,0.0,0.17166177927933313,0.0035120016739524917,0.0035120016739524917,0.0007225841236816214,0.17095171229905204,0.0,0.0,20000
1.01,stationary,812,0.5,2,0,True,0.0,0.17166177927933313,0.003731414178465564,0.0037314141784655086,0.0007187303544622667,0.17000235360931415,0.0,0.0,20000
1.01,stationary,812,0.5,2,1,True,0.0,0.17166177927933313,0.003731414178465564,0.0037314141784655086,0.0007187303544622667,0.17000235360931415,0.0,0.0,20000
1.01,stationary,812,0.5,3,0,True,0.0,0.17166177927933315,0.0038050132412030813,0.0038050132412030813,-1.8444103325373046e-05,0.16984641838344214,0.0,0.0,20000
1.01,stationary,812,0.5,3,1,True,0.0,0.17166177927933315,0.0038050132412030813,0.0038050132412030813,-1.8444103325373046e-05,0.16984641838344214,0.0,0.0,20000
1.01,stationary,812,0.5,4,0,True,0.0,0.17166177927933318,0.0033034171294186176,0.0033034171294185066,0.00046256572380217235,0.16912474754449303,0.0,0.0,20000
1.01,stationary,812,0.5,4,1,True,0.0,0.17166177927933318,0.0033034171294186176,0.0033034171294185066,0.00046256572380217235,0.16912474754449303,0.0,0.0,20000
1.01,stationary,812,0.5,5,0,True,0.0,0.17166177927933318,0.003199704792052227,0.0031997047920521715,0.0005885682030248838,0.16945463725751228,0.0,0.0,20000
1.01,stationary,812,0.5,5,1,True,0.0,0.17166177927933318,0.003199704792052227,0.0031997047920521715,0.0005885682030248838,0.16945463725751228,0.0,0.0,20000
1.01,stationary,812,0.5,6,0,True,0.0,0.1716617792793332,0.0029531553564674518,0.0029531553564673407,8.758958404325159e-05,0.16954078290551444,0.0,0.0,20000
1.01,stationary,812,0.5,6,1,True,0.0,0.1716617792793332,0.0029531553564674518,0.0029531553564673407,8.758958404325159e-05,0.16954078290551444,0.0,0.0,20000
1.01,stationary,812,0.5,7,0,True,0.0,0.17166177927933324,0.0031357601477108865,0.0031357601477108865,0.00025613321510446123,0.17037311092338286,0.0,0.0,20000
1.01,stationary,812,0.5,7,1,True,0.0,0.17166177927933324,0.0031357601477108865,0.0031357601477108865,0.00025613321510446123,0.17037311092338286,0.0,0.0,20000
1.01,stationary,812,0.5,8,0,True,0.0,0.17166177927933324,0.0034206492770256502,0.0034206492770255392,0.0005258175870579693,0.16986059461163133,0.0,0.0,20000
1.01,stationary,812,0.5,8,1,True,0.0,0.17166177927933324,0.0034206492770256502,0.0034206492770255392,0.0005258175870579693,0.16986059461163133,0.0,0.0,20000
1.01,stationary,812,0.5,9,0,True,0.0,0.17166177927933327,0.003083445429190701,0.00308344542919059,0.00030787889859508125,0.17039216501488386,0.0,0.0,20000
1.01,stationary,812,0.5,9,1,True,0.0,0.17166177927933327,0.003083445429190701,0.00308344542919059,0.00030787889859508125,0.17039216501488386,0.0,0.0,20000
1.01,stationary,812,0.5,10,0,True,0.0,0.17166177927933327,0.0045075190925319975,0.0045075190925321085,0.0007782831581681384,0.17077089486977545,0.0,0.0,20000
1.01,stationary,812,0.5,10,1,True,0.0,0.17166177927933327,0.0045075190925319975,0.0045075190925321085,0.0007782831581681384,0.17077089486977545,0.0,0.0,20000
1.01,stationary,812,0.5,11,0,True,0.0,0.1716617792793333,0.005418663067969454,0.005418663067969454,0.001407400291570326,0.17022905863463025,0.0,0.0,20000
1.01,stationary,812,0.5,11,1,True,0.0,0.1716617792793333,0.005418663067969454,0.005418663067969454,0.001407400291570326,0.17022905863463025,0.0,0.0,20000
1.01,stationary,812,0.5,12,0,True,0.0,0.17166177927933332,0.006312309323761367,0.006312309323761589,0.0019204989692180843,0.17044695301965668,0.0,0.0,20000
1.01,stationary,812,0.5,12,1,True,0.0,0.17166177927933332,0.006312309323761367,0.006312309323761589,0.0019204989692180843,0.17044695301965668,0.0,0.0,20000
1.01,stationary,812,0.5,13,0,True,0.0,0.17166177927933332,0.005060976496070513,0.005060976496070735,0.0005425715944622764,0.17034953566745306,0.0,0.0,20000
1.01,stationary,812,0.5,13,1,True,0.0,0.17166177927933332,0.005060976496070513,0.005060976496070735,0.0005425715944622764,0.17034953566745306,0.0,0.0,20000
1.01,stationary,812,0.5,14,0,True,0.0,0.17166177927933335,0.003775602686334145,0.0037756026863342562,0.00027460952074773176,0.16924498493858153,0.0,0.0,20000
1.01,stationary,812,0.5,14,1,True,0.0,0.17166177927933335,0.003775602686334145,0.0037756026863342562,0.00027460952074773176,0.16924498493858153,0.0,0.0,20000
1.01,stationary,812,0.5,15,0,True,0.0,0.17166177927933335,0.004034510169869998,0.004034510169870109,0.0008179842983946994,0.1693471649769711,0.0,0.0,20000
1.01,stationary,812,0.5,15,1,True,0.0,0.17166177927933335,0.004034510169869998,0.004034510169870109,0.0008179842983946994,0.1693471649769711,0.0,0.0,20000
1.01,stationary,812,0.5,16,0,True,0.0,0.17166177927933338,0.003996492389273909,0.00399649238927402,0.000630669824312327,0.1700469248201927,0.0,0.0,20000
1.01,stationary,812,0.5,16,1,True,0.0,0.17166177927933338,0.003996492389273909,0.00399649238927402,0.000630669824312327,0.1700469248201927,0.0,0.0,20000
1.01,heterogeneous,810,0.0,0,0,True,-0.5,0.10299706756759985,0.010355854126804676,0.6893408805674235,-0.503036794721481,0.1026726283503554,1.4886864697192423,0.80335,0
1.01,heterogeneous,810,0.0,0,1,True,0.5,0.24032649099106632,0.007628142976200569,0.5649120083234712,0.5050126309714806,0.24380667271342776,1.4886864697192423,0.80335,0
1.01,heterogeneous,810,0.0,1,0,True,-0.5450834008294364,0.1348871809048633,0.010816061054458925,0.6788219049865396,-0.5490568396043939,0.13520135255503554,1.3662842650508424,0.7613000000000001,0
1.01,heterogeneous,810,0.0,1,1,True,0.5126011867832977,0.30553561182214434,0.005345770461990917,0.5317043250148622,0.5162428389219161,0.3111176023097242,1.3662842650508424,0.7613000000000001,0
1.01,heterogeneous,810,0.0,2,0,True,-0.5984529303530219,0.18513900547471973,0.010731242380774109,0.661898835946896,-0.603126931240514,0.18408436717393922,1.2665237959714581,0.7121000000000001,0
1.01,heterogeneous,810,0.0,2,1,True,0.5039472469830111,0.3850187104780978,0.009055424861712402,0.4950811024018842,0.5103355450248099,0.39397875072721167,1.2665237959714581,0.7121000000000001,0
1.01,heterogeneous,810,0.0,3,0,True,-0.6563757175425942,0.2686368442519631,0.011052279699890755,0.6331410187639509,-0.6628592621459014,0.26825909731195613,1.2031806750534346,0.6408,0
1.01,heterogeneous,810,0.0,3,1,True,0.4617505504389824,0.4658218305995031,0.005777347413711054,0.4417718779218819,0.46033964387686954,0.4779525101457636,1.2031806750534346,0.6408,0
1.01,heterogeneous,810,0.0,4,0,True,-0.696273214322941,0.40884921388937456,0.008755218144867738,0.5810213219022096,-0.7007500215239508,0.41440796217218046,1.1753264557700196,0.5467,0
1.01,heterogeneous,810,0.0,4,1,True,0.3876729943681058,0.5241802721466392,0.010514860648737967,0.382581115292102,0.3747419199088441,0.5337382234775128,1.1753264557700196,0.5467,0
1.01,heterogeneous,810,0.0,5,0,True,-0.6471371751712802,0.6054728441320901,0.0066404076767865305,0.49814234280010644,-0.6474679108863423,0.6254988165643781,1.2018902031536887,0.43265,0
1.01,heterogeneous,810,0.0,5,1,True,0.30360480125615674,0.5457256471423464,0.01345870133409377,0.3294811730736419,0.2848433703064175,0.542208191531358,1.2018902031536887,0.43265,0
1.01,heterogeneous,810,0.0,6,0,True,-0.4583306240450014,0.7365900549984221,0.008937987078604048,0.3963483618159347,-0.44636811935097453,0.7468333723343819,1.2656893229057853,0.31590000000000007,0
1.01,heterogeneous,810,0.0,6,1,True,0.23119763881336888,0.5381109719812384,0.00910271422849207,0.29210035556065883,0.21968135910391834,0.5340832657383505,1.2656893229057853,0.31590000000000007,0
1.01,heterogeneous,810,0.0,7,0,True,-0.272921646739285,0.7175503082839643,0.006686432961220401,0.3200151409845573,-0.26790867935256113,0.727248947499219,1.3396712922287923,0.22709999999999997,0
1.01,heterogeneous,810,0.0,7,1,True,0.17696275679936,0.5164878777202476,0.009874499781067914,0.2581162193363674,0.1649499703526826,0.5178547572861507,1.3396712922287923,0.22709999999999997,0
1.01,heterogeneous,810,0.0,8,0,True,-0.1689894357800065,0.6494551478863876,0.004984840657650702,0.26953304021164376,-0.1656014477825456,0.6557285221463447,1.4182281515897284,0.17410000000000003,0
1.01,heterogeneous,810,0.0,8,1,True,0.13817912098859464,0.49093147636737944,0.008578054107328259,0.2325129084906068,0.12697168971594075,0.49022756278242463,1.4182281515897284,0.17410000000000003,0
1.01,heterogeneous,810,0.0,9,0,True,-0.11411634115442133,0.5869841367132752,0.005106159320133807,0.23656791139623096,-0.11115441586498995,0.5886464596495998,1.4860073189647967,0.13965,0
1.01,heterogeneous,810,0.0,9,1,True,0.11044071127230164,0.4659583466209521,0.007254356579264765,0.21208578508046882,0.1031998444868755,0.4656039265350424,1.4860073189647967,0.13965,0
1.01,heterogeneous,810,0.0,10,0,True,-0.08269786910562807,0.5370379469119659,0.007317160980834014,0.21120094170783088,-0.07629029698336481,0.5332508139307166,1.54167580718749,0.11185,0
1.01,heterogeneous,810,0.0,10,1,True,0.09023513123460572,0.44313248722336585,0.0075731968255897675,0.194990887102366,0.08446450649453098,0.444254611839843,1.54167580718749,0.11185,0
1.01,heterogeneous,810,0.0,11,0,True,-0.06311376092792122,0.497423315662763,0.00489938120908151,0.1985477473036401,-0.06644671244690761,0.4962223947845173,1.5917440889887042,0.10155000000000003,0
1.01,heterogeneous,810,0.0,11,1,True,0.07516675830301962,0.4227788804239134,0.00585975081880985,0.18275504333010173,0.07205298155892678,0.4218651501815581,1.5917440889887042,0.10155000000000003,0
1.01,heterogeneous,810,0.0,12,0,True,-0.05004480261948366,0.46548283063494594,0.0034202755760854853,0.18269954818138012,-0.05192718374750227,0.46160880430483087,1.627433112429182,0.08479999999999999,0
1.01,heterogeneous,810,0.0,12,1,True,0.0636625065422918,0.4047673325860398,0.006821200654273052,0.16991510557092393,0.05711178497522295,0.4050311636624734,1.627433112429182,0.08479999999999999,0
1.01,heterogeneous,810,0.0,13,0,True,-0.04084941968257157,0.4392163045879883,0.003870961268291895,0.17086343991693692,-0.04081653467891058,0.4363662335565179,1.6590736737601162,0.07815,0
1.01,heterogeneous,810,0.0,13,1,True,0.05468730259445023,0.3888303973665662,0.003738562015826452,0.1628988801389556,0.0542958203253186,0.39041143530012123,1.6590736737601162,0.07815,0
1.01,heterogeneous,810,0.0,14,0,True,-0.03410557788774403,0.4172176087803153,0.004628042217829198,0.1607245416252306,-0.035030669713875674,0.41563560594683185,1.6888940566009034,0.0736,0
1.01,heterogeneous,810,0.0,14,1,True,0.04754864735089154,0.37468408347475196,0.0060010407329527116,0.1558720615467708,0.05153548565419084,0.38010926411627927,1.6888940566009034,0.0736,0
1.01,heterogeneous,810,0.0,15,0,True,-0.028993404263808628,0.39849835518239096,0.005170322395911031,0.15167024596171724,-0.028799340054688944,0.397722135815775,1.7093270627805746,0.06435000000000002,0
1.01,heterogeneous,810,0.0,15,1,True,0.04177317594096914,0.36206949700521956,0.004378940884139648,0.14424172061783336,0.0419955608975962,0.3661988748199136,1.7093270627805746,0.06435000000000002,0
1.01,heterogeneous,810,0.0,16,0,True,-0.025012608061739754,0.3823517253724717,0.004304580446182905,0.13957782257325124,-0.02098079092636513,0.38053395219944475,1.7259727175075437,0.058550000000000046,0
1.01,heterogeneous,810,0.0,16,1,True,0.03703001860720014,0.35076370867645235,0.006253962545113789,0.14020901410099862,0.04116073642833122,0.3559707930438435,1.7259727175075437,0.058550000000000046,0
1.01,heterogeneous,811,0.0,0,0,True,-0.5,0.10299706756759985,0.003650287287417675,0.6844100421957638,-0.5006595749631111,0.10287154449342234,1.4856343250642996,0.79495,0
1.01,heterogeneous,811,0.0,0,1,True,0.5,0.24032649099106632,0.006692013387482598,0.5621226376785152,0.49628065480991934,0.24034182743017501,1.4856343250642996,0.79495,0
1.01,heterogeneous,811,0.0,1,0,True,-0.5450834008294364,0.1348871809048633,0.0034135929750600535,0.6736317852818786,-0.5454645213763443,0.13449632103062933,1.3694116009420516,0.7562,0
1.01,heterogeneous,811,0.0,1,1,True,0.5126011867832977,0.30553561182214434,0.007843533036436368,0.5322794419964105,0.507272912073911,0.3028863496823535,1.3694116009420516,0.7562,0
1.01,heterogeneous,811,0.0,2,0,True,-0.5984529303530219,0.18513900547471973,0.005585455980956611,0.6592998761394293,-0.6001825266453119,0.18572091052780945,1.2703526426311673,0.7071000000000001,0
1.01,heterogeneous,811,0.0,2,1,True,0.5039472469830111,0.3850187104780978,0.006141974012813356,0.4926928892702922,0.4994107622645977,0.38408671122383903,1.2703526426311673,0.7071000000000001,0
1.01,heterogeneous,811,0.0,3,0,True,-0.6563757175425942,0.2686368442519631,0.0033001196739048666,0.6272149866868049,-0.6562444424865164,0.269641665720654,1.2034428483747381,0.6353,0
1.01,heterogeneous,811,0.0,3,1,True,0.4617505504389824,0.4658218305995031,0.0044391135785363245,0.4428224028136286,0.45824193505183103,0.46172039700623807,1.2034428483747381,0.6353,0
1.01,heterogeneous,811,0.0,4,0,True,-0.696273214322941,0.40884921388937456,0.0034601168902796964,0.5780796386541834,-0.6953161788913917,0.4135824513960208,1.1799043807020286,0.55075,0
1.01,heterogeneous,811,0.0,4,1,True,0.3876729943681058,0.5241802721466392,0.004259257519984239,0.3918465016667939,0.39168980574162116,0.5220390270142412,1.1799043807020286,0.55075,0
1.01,heterogeneous,811,0.0,5,0,True,-0.6471371751712802,0.6054728441320901,0.007147931942066921,0.49600484536062334,-0.6391225152892346,0.6077762601158416,1.1932918795182892,0.4398,0
1.01,heterogeneous,811,0.0,5,1,True,0.30360480125615674,0.5457256471423464,0.006105646261084591,0.3426121072558928,0.30800986403739694,0.5421700895713253,1.1932918795182892,0.4398,0
1.01,heterogeneous,811,0.0,6,0,True,-0.4583306240450014,0.7365900549984221,0.0051989740525934525,0.40180088045469736,-0.4577027073727713,0.7352082604855776,1.25191546897213,0.32510000000000006,0
1.01,heterogeneous,811,0.0,6,1,True,0.23119763881336888,0.5381109719812384,0.004285475466132227,0.29856763583653356,0.23337756893459247,0.5336591985496216,1.25191546897213,0.32510000000000006,0
1.01,heterogeneous,811,0.0,7,0,True,-0.272921646739285,0.7175503082839643,0.005550860264003088,0.32455057897146666,-0.27690452213761496,0.7142188234565336,1.3289821186182829,0.23995000000000005,0
1.01,heterogeneous,811,0.0,7,1,True,0.17696275679936,0.5164878777202476,0.005853426309666787,0.2656123155586101,0.1774091780049353,0.5149517575910036,1.3289821186182829,0.23995000000000005,0
1.01,heterogeneous,811,0.0,8,0,True,-0.1689894357800065,0.6494551478863876,0.006507257650383291,0.2738483767739306,-0.1797279497939185,0.6560213408890074,1.4035955337304746,0.18349999999999994,0
1.01,heterogeneous,811,0.0,8,1,True,0.13817912098859464,0.49093147636737944,0.0036355209981018266,0.23806922779565987,0.13560728432259428,0.4947276501876909,1.4035955337304746,0.18349999999999994,0
1.01,heterogeneous,811,0.0,9,0,True,-0.11411634115442133,0.5869841367132752,0.006665171935913539,0.24043101895803265,-0.12497449797341958,0.5912546862476142,1.4683888999518915,0.15034999999999998,0
1.01,heterogeneous,811,0.0,9,1,True,0.11044071127230164,0.4659583466209521,0.00555200175462911,0.2180520093774736,0.11203490452629719,0.4690810926518785,1.4683888999518915,0.15034999999999998,0
1.01,heterogeneous,811,0.0,10,0,True,-0.08269786910562807,0.5370379469119659,0.0066454377187389335,0.21661286831161852,-0.09313991406692462,0.5462640528313241,1.523095462798329,0.12665000000000004,0
1.01,heterogeneous,811,0.0,10,1,True,0.09023513123460572,0.44313248722336585,0.005841846885544566,0.20180435755481008,0.09409182769156854,0.4479124303276074,1.523095462798329,0.12665000000000004,0
1.01,heterogeneous,811,0.0,11,0,True,-0.06311376092792122,0.497423315662763,0.008223901568510217,0.19962704895449473,-0.07287012015349177,0.5044525418515841,1.5722597940343468,0.1124,0
1.01,heterogeneous,811,0.0,11,1,True,0.07516675830301962,0.4227788804239134,0.006641824771484672,0.18862436245643255,0.07949879695487735,0.4280605627937582,1.5722597940343468,0.1124,0
1.01,heterogeneous,811,0.0,12,0,True,-0.05004480261948366,0.46548283063494594,0.00857010530916441,0.1858331912777092,-0.0607241740701365,0.4747486878109313,1.6077921931319716,0.09750000000000003,0
1.01,heterogeneous,811,0.0,12,1,True,0.0636625065422918,0.4047673325860398,0.004414140233566899,0.17508607406636856,0.06710254635778624,0.40962795777666827,1.6077921931319716,0.09750000000000003,0
1.01,heterogeneous,811,0.0,13,0,True,-0.04084941968257157,0.4392163045879883,0.0077460955440493695,0.17360298211239217,-0.04989821831570293,0.4452551105838006,1.6482890935550634,0.08229999999999998,0
1.01,heterogeneous,811,0.0,13,1,True,0.05468730259445023,0.3888303973665662,0.007209968029887381,0.16121607802888993,0.05349425675290789,0.3951012773152711,1.6482890935550634,0.08229999999999998,0
1.01,heterogeneous,811,0.0,14,0,True,-0.03410557788774403,0.4172176087803153,0.007660940060249755,0.16170619106116357,-0.04068377458526219,0.42200695429550433,1.6811649985784511,0.07089999999999996,0
1.01,heterogeneous,811,0.0,14,1,True,0.04754864735089154,0.37468408347475196,0.008655428801597864,0.15128936008691551,0.04534897136942746,0.38205511428208394,1.6811649985784511,0.07089999999999996,0
1.01,heterogeneous,811,0.0,15,0,True,-0.028993404263808628,0.39849835518239096,0.008974743157497578,0.15598866330779781,-0.039471167310512575,0.40311833182197965,1.7073517306442703,0.06845000000000001,0
1.01,heterogeneous,811,0.0,15,1,True,0.04177317594096914,0.36206949700521956,0.008322082279575982,0.1434288128793988,0.042053012497044864,0.3700464933196582,1.7073517306442703,0.06845000000000001,0
1.01,heterogeneous,811,0.0,16,0,True,-0.025012608061739754,0.3823517253724717,0.009739153973901626,0.1486636101869071,-0.03594853366679036,0.3872074257622219,1.7334726273829386,0.06295000000000006,0
1.01,heterogeneous,811,0.0,16,1,True,0.03703001860720014,0.35076370867645235,0.008942716683835839,0.13574208647652486,0.03747134883452973,0.35730358363848574,1.7334726273829386,0.06295000000000006,0
1.01,heterogeneous,812,0.0,0,0,True,-0.5,0.10299706756759985,0.009244458056210991,0.6827290656206477,-0.4978126744585731,0.10464072918906264,1.5000777504011522,0.7946,0
1.01,heterogeneous,812,0.0,0,1,True,0.5,0.24032649099106632,0.005844995620265303,0.5630377769198087,0.4975096464022559,0.2436242379826235,1.5000777504011522,0.7946,0
1.01,heterogeneous,812,0.0,1,0,True,-0.5450834008294364,0.1348871809048633,0.009277803299788223,0.6722669385395628,-0.5418914285984604,0.13657810315028426,1.3882548611503347,0.7555499999999999,0
1.01,heterogeneous,812,0.0,1,1,True,0.5126011867832977,0.30553561182214434,0.006630992545205605,0.5317674478390572,0.5092987607883492,0.3095682069974882,1.3882548611503347,0.7555499999999999,0
1.01,heterogeneous,812,0.0,2,0,True,-0.5984529303530219,0.18513900547471973,0.007234943882944989,0.6562259134039825,-0.5956717161016178,0.18660668124862217,1.290713859467797,0.7062,0
1.01,heterogeneous,812,0.0,2,1,True,0.5039472469830111,0.3850187104780978,0.006723380986338734,0.49160756098614117,0.500618582728908,0.38424650475335254,1.290713859467797,0.7062,0
1.01,heterogeneous,812,0.0,3,0,True,-0.6563757175425942,0.2686368442519631,0.009702186714214078,0.6244558574991972,-0.6495410763989271,0.27290009477120386,1.221303074888038,0.63475,0
1.01,heterogeneous,812,0.0,3,1,True,0.4617505504389824,0.4658218305995031,0.007766853685972519,0.4430038810316196,0.45893400826754827,0.4572082100970911,1.221303074888038,0.63475,0
1.01,heterogeneous,812,0.0,4,0,True,-0.696273214322941,0.40884921388937456,0.00696000038104605,0.5785634316534998,-0.6883337085219897,0.409155442255285,1.198201923812951,0.5504,0
1.01,heterogeneous,812,0.0,4,1,True,0.3876729943681058,0.5241802721466392,0.0065247468690954324,0.38988992557837,0.38577351430374873,0.5129826887073179,1.198201923812951,0.5504,0
1.01,heterogeneous,812,0.0,5,0,True,-0.6471371751712802,0.6054728441320901,0.011068541979152247,0.4955324495380487,-0.6317011206536013,0.598756403842542,1.2168684216584933,0.43744999999999995,0
1.01,heterogeneous,812,0.0,5,1,True,0.30360480125615674,0.5457256471423464,0.00550318048644638,0.3392659404140793,0.301025788505522,0.5366078139612075,1.2168684216584933,0.43744999999999995,0
1.01,heterogeneous,812,0.0,6,0,True,-0.4583306240450014,0.7365900549984221,0.007076177652435928,0.4003367561870451,-0.4507181849789274,0.7178620616989784,1.2744122113484064,0.3217,0
1.01,heterogeneous,812,0.0,6,1,True,0.23119763881336888,0.5381109719812384,0.0038317263833377996,0.29653173239067365,0.22880943368538925,0.5363631363284822,1.2744122113484064,0.3217,0
1.01,heterogeneous,812,0.0,7,0,True,-0.272921646739285,0.7175503082839643,0.00406494156650794,0.3239893103560591,-0.2745263553431323,0.7109832481293339,1.351863311312459,0.23685,0
1.01,heterogeneous,812,0.0,7,1,True,0.17696275679936,0.5164878777202476,0.0031970861012685092,0.2628224298552242,0.17377367515367081,0.5149746016856884,1.351863311312459,0.23685,0
1.01,heterogeneous,812,0.0,8,0,True,-0.1689894357800065,0.6494551478863876,0.003829121950806036,0.2703985277343667,-0.16587147468325786,0.6473626327654973,1.4329496731849534,0.18339999999999995,0
1.01,heterogeneous,812,0.0,8,1,True,0.13817912098859464,0.49093147636737944,0.005939371380332514,0.24020015502056657,0.13957619171622404,0.49275909723596173,1.4329496731849534,0.18339999999999995,0
1.01,heterogeneous,812,0.0,9,0,True,-0.11411634115442133,0.5869841367132752,0.004369235111878728,0.23848152592660948,-0.11276399133969059,0.5866832557969156,1.4955226648042612,0.14640000000000003,0
1.01,heterogeneous,812,0.0,9,1,True,0.11044071127230164,0.4659583466209521,0.005100915208127277,0.21816935427424944,0.1099265263104387,0.46762386029718517,1.4955226648042612,0.14640000000000003,0
1.01,heterogeneous,812,0.0,10,0,True,-0.08269786910562807,0.5370379469119659,0.005026136008703802,0.21435119786494466,-0.0834148444628712,0.5401828593940347,1.5444949354042006,0.11935000000000001,0
1.01,heterogeneous,812,0.0,10,1,True,0.09023513123460572,0.44313248722336585,0.0038201184589533033,0.1988905365514123,0.08594036131464883,0.4449642077644096,1.5444949354042006,0.11935000000000001,0
1.01,heterogeneous,812,0.0,11,0,True,-0.06311376092792122,0.497423315662763,0.00707718399777052,0.19058342595319372,-0.05491478689808208,0.49954737167781077,1.5913224061433833,0.10019999999999996,0
1.01,heterogeneous,812,0.0,11,1,True,0.07516675830301962,0.4227788804239134,0.005407191825640201,0.18762612684505653,0.0767987620616814,0.4235824892317062,1.5913224061433833,0.10019999999999996,0
1.01,heterogeneous,812,0.0,12,0,True,-0.05004480261948366,0.46548283063494594,0.005059460267567706,0.17767000577594727,-0.04455452412119613,0.4647119943708875,1.630702020988011,0.08785000000000004,0
1.01,heterogeneous,812,0.0,12,1,True,0.0636625065422918,0.4047673325860398,0.004745470198769919,0.17366803537111397,0.06454602360075568,0.4060831276300584,1.630702020988011,0.08785000000000004,0
1.01,heterogeneous,812,0.0,13,0,True,-0.04084941968257157,0.4392163045879883,0.005461268915777251,0.1640433891654005,-0.03596997954471877,0.43242152698607705,1.66906473399517,0.0771,0
1.01,heterogeneous,812,0.0,13,1,True,0.05468730259445023,0.3888303973665662,0.0036803859773485437,0.16180976789941803,0.05482037090011194,0.3848665571464511,1.66906473399517,0.0771,0
1.01,heterogeneous,812,0.0,14,0,True,-0.03410557788774403,0.4172176087803153,0.005238474499102308,0.15454769982070266,-0.030568653340677925,0.40772646465155116,1.69871763097806,0.06695000000000001,0
1.01,heterogeneous,812,0.0,14,1,True,0.04754864735089154,0.37468408347475196,0.00418686135804458,0.15007622589425795,0.045286484873194637,0.3707456291472312,1.69871763097806,0.06695000000000001,0
1.01,heterogeneous,812,0.0,15,0,True,-0.028993404263808628,0.39849835518239096,0.00569601812553544,0.1446246625278304,-0.02468970789448249,0.392572868686327,1.7306827325727498,0.05895,0
1.01,heterogeneous,812,0.0,15,1,True,0.04177317594096914,0.36206949700521956,0.00575065370253619,0.14068847142971064,0.037353242530260636,0.358245580743887,1.7306827325727498,0.05895,0
1.01,heterogeneous,812,0.0,16,0,True,-0.025012608061739754,0.3823517253724717,0.007880935038529713,0.1392246057506053,-0.02428117480416179,0.3751622119763223,1.7512068555897216,0.05664999999999998,0
1.01,heterogeneous,812,0.0,16,1,True,0.03703001860720014,0.35076370867645235,0.005665276791148477,0.13260064369013547,0.032167293753415885,0.3470858522956533,1.7512068555897216,0.05664999999999998,0
1.1,stationary,810,0.0,0,0,True,0.0,0.5029405749446445,0.007499990233966969,0.007499990233966969,-0.008002454454398528,0.5044405096726869,2.000946284117454,0.009000000000000008,0
1.1,stationary,810,0.0,0,1,True,0.0,0.5029405749446445,0.010881573331074756,0.010881573331074756,-0.014660803849771854,0.4977187997222747,2.000946284117454,0.009000000000000008,0
1.1,stationary,810,0.0,1,0,True,0.0,0.5029405749446441,0.004711516725178888,0.004711516725178777,-0.00048797473184354644,0.5043901745599337,1.9969197751106127,0.013950000000000018,0
1.1,stationary,810,0.0,1,1,True,0.0,0.5029405749446441,0.011290170578270309,0.011290170578270309,-0.01591686678060076,0.5003987525170002,1.9969197751106127,0.013950000000000018,0
1.1,stationary,810,0.0,2,0,True,0.0,0.5029405749446436,0.005070768951725535,0.005070768951725202,0.0011221034186988488,0.5003240441943984,1.9981927997534563,0.01540000000000008,0
1.1,stationary,810,0.0,2,1,True,0.0,0.5029405749446436,0.011282713357725127,0.011282713357725072,-0.016085529433547237,0.4999565343369878,1.9981927997534563,0.01540000000000008,0
1.1,stationary,810,0.0,3,0,True,0.0,0.5029405749446433,0.006345221821125846,0.006345221821125513,0.0002116444839172659,0.5099878515321561,1.998833495991617,0.011600000000000055,0
1.1,stationary,810,0.0,3,1,True,0.0,0.5029405749446433,0.007605566662540975,0.007605566662541197,-0.008203994996265531,0.49279859755845234,1.998833495991617,0.011600000000000055,0
1.1,stationary,810,0.0,4,0,True,0.0,0.5029405749446431,0.005254608786396275,0.005254608786395831,-0.0001981644634300538,0.5104996835662159,1.9950896779304848,0.012500000000000067,0
1.1,stationary,810,0.0,4,1,True,0.0,0.5029405749446431,0.010402303461491624,0.010402303461491957,-0.011522664369594274,0.493153313497683,1.9950896779304848,0.012500000000000067,0
1.1,stationary,810,0.0,5,0,True,0.0,0.5029405749446428,0.005125716696007809,0.005125716696007698,0.002545594021023121,0.5062367708697031,2.003260562183869,0.013299999999999979,0
1.1,stationary,810,0.0,5,1,True,0.0,0.5029405749446428,0.009964424790493087,0.00996442479049342,-0.010197529759761247,0.49176695715649754,2.003260562183869,0.013299999999999979,0
1.1,stationary,810,0.0,6,0,True,0.0,0.5029405749446426,0.004108451804344271,0.00410845180434416,0.0006174236460997086,0.5073292272280419,2.010975699200522,0.009599999999999942,0
1.1,stationary,810,0.0,6,1,True,0.0,0.5029405749446426,0.007056617916720853,0.007056617916721297,-0.005783115490821597,0.4946158166673659,2.010975699200522,0.009599999999999942,0
1.1,stationary,810,0.0,7,0,True,0.0,0.5029405749446425,0.004856194156807048,0.0048561941568063816,0.002063479169465145,0.5054653236250424,2.013785085680042,0.010149999999999992,0
1.1,stationary,810,0.0,7,1,True,0.0,0.5029405749446425,0.007489153184854547,0.007489153184855102,-0.005319932713210703,0.49034754990888363,2.013785085680042,0.010149999999999992,0
1.1,stationary,810,0.0,8,0,True,0.0,0.5029405749446424,0.005499096675530446,0.0054990966755302795,-0.0022819007486460686,0.503132639496246,2.007919459184772,0.007650000000000046,0
1.1,stationary,810,0.0,8,1,True,0.0,0.5029405749446424,0.007499273105419535,0.00749927310542009,-0.005324533878543784,0.48987427707159015,2.007919459184772,0.007650000000000046,0
1.1,stationary,810,0.0,9,0,True,0.0,0.5029405749446423,0.00517681267200798,0.005176812672007647,0.0025857832411057763,0.4985494996995542,2.013167798611555,0.012049999999999894,0
1.1,stationary,810,0.0,9,1,True,0.0,0.5029405749446423,0.00829570837932414,0.008295708379324807,-0.006437280985252557,0.4918705997960007,2.013167798611555,0.012049999999999894,0
1.1,stationary,810,0.0,10,0,True,0.0,0.5029405749446422,0.006467638711239787,0.006467638711239565,-0.003429189272033388,0.5002452867330829,2.0174138704947833,0.00940000000000002,0
1.1,stationary,810,0.0,10,1,True,0.0,0.5029405749446422,0.0059525162938268705,0.0059525162938269816,-0.0051148263473951745,0.49632477311289885,2.0174138704947833,0.00940000000000002,0
1.1,stationary,810,0.0,11,0,True,0.0,0.5029405749446422,0.005099119865952351,0.005099119865952073,0.00028653831996914317,0.4972915260633678,2.021893849951457,0.012399999999999967,0
1.1,stationary,810,0.0,11,1,True,0.0,0.5029405749446422,0.00914152864081974,0.009141528640819963,-0.009055423317207748,0.4914400493269926,2.021893849951457,0.012399999999999967,0
1.1,stationary,810,0.0,12,0,True,0.0,0.5029405749446421,0.007393257313819013,0.00739325731381868,0.004209972030428504,0.5003699900481255,2.005426893084405,0.011299999999999977,0
1.1,stationary,810,0.0,12,1,True,0.0,0.5029405749446421,0.0058607986419147995,0.005860798641915466,-0.005497161104376447,0.4919666853128125,2.005426893084405,0.011299999999999977,0
1.1,stationary,810,0.0,13,0,True,0.0,0.5029405749446421,0.008330165263536915,0.008330165263536582,0.0054042887325251,0.4991884529570316,2.0004892008600366,0.00814999999999999,0
1.1,stationary,810,0.0,13,1,True,0.0,0.5029405749446421,0.005184748946087919,0.005184748946088474,0.00018389267952185183,0.4991651162475724,2.0004892008600366,0.00814999999999999,0
1.1,stationary,810,0.0,14,0,True,0.0,0.502940574944642,0.0074695783973326435,0.007469578397332199,0.00550639879298613,0.4980083099292547,2.0071701472708288,0.010299999999999976,0
1.1,stationary,810,0.0,14,1,True,0.0,0.502940574944642,0.00618059024844686,0.006180590248447748,-0.004120557860059305,0.503164364037894,2.0071701472708288,0.010299999999999976,0
1.1,stationary,810,0.0,15,0,True,0.0,0.502940574944642,0.005715921156736359,0.00571592115673597,0.0017152388850831572,0.5039471043536907,2.0002325899121707,0.004850000000000021,0
1.1,stationary,810,0.0,15,1,True,0.0,0.502940574944642,0.00378642357257003,0.003786423572569364,-0.0015835148821933347,0.5011635045695316,2.0002325899121707,0.004850000000000021,0
1.1,stationary,810,0.0,16,0,True,0.0,0.502940574944642,0.005349169105940188,0.005349169105939744,0.005112264548012766,0.5075893268279084,2.011747013429231,0.006449999999999956,0
1.1,stationary,810,0.0,16,1,True,0.0,0.502940574944642,0.00474018160605863,0.004740181606059074,-0.0009594400796720782,0.49785472587465773,2.011747013429231,0.006449999999999956,0
1.1,stationary,810,0.25,0,0,True,0.0,0.5029405749446445,0.007499990233966969,0.007499990233966969,-0.008002454454398528,0.5044405096726869,2.000946284117454,0.009000000000000008,0
1.1,stationary,810,0.25,0,1,True,0.0,0.5029405749446445,0.010881573331074756,0.010881573331074756,-0.014660803849771854,0.4977187997222747,2.000946284117454,0.009000000000000008,0
1.1,stationary,810,0.25,1,0,True,0.0,0.5029405749446441,0.003946202282224531,0.003946202282224531,-0.0030912742368416207,0.5109659666862894,0.8851628780239352,0.006800000000000028,0
1.1,stationary,810,0.25,1,1,True,0.0,0.5029405749446441,0.008443358676869794,0.008443358676869794,-0.009155059011725366,0.5042219606440317,0.8851628780239352,0.006800000000000028,0
1.1,stationary,810,0.25,2,0,False,0.0,0.5029405749446445,0.007998039037085292,0.007998039037085292,-0.0026466536139111672,0.5029693197092289,0.6797022278676278,0.005850000000000022,0
1.1,stationary,810,0.25,2,1,False,0.0,0.5029405749446445,0.007922003729781912,0.007922003729781912,-0.009231346411713182,0.5000852692866419,0.6797022278676278,0.005850000000000022,0
1.1,stationary,810,0.25,3,0,False,0.0,0.5029405749446445,0.007706617391321835,0.007706617391321835,-0.0027605853017271618,0.5009141618135093,0.5671808252721796,0.007600000000000051,0
1.1,stationary,810,0.25,3,1,False,0.0,0.5029405749446445,0.00800822340819618,0.00800822340819618,-0.0052546645633631366,0.49560432586836656,0.5671808252721796,0.007600000000000051,0
1.1,stationary,810,0.25,4,0,False,0.0,0.5029405749446445,0.010840253647264708,0.010840253647264708,-0.008077977755605838,0.49863081892588895,0.4885842244096127,0.00605,0
1.1,stationary,810,0.25,4,1,False,0.0,0.5029405749446445,0.008417931681642066,0.008417931681642066,-0.005415485070804529,0.502380113029545,0.4885842244096127,0.00605,0
1.1,stationary,810,0.25,5,0,False,0.0,0.5029405749446445,0.009750645229977262,0.009750645229977262,-0.003974027575583168,0.49443104103578595,0.4620152442464705,0.006200000000000094,0
1.1,stationary,810,0.25,5,1,False,0.0,0.5029405749446445,0.0058026500558044924,0.0058026500558044924,-0.0007531533055880285,0.4951824431196721,0.4620152442464705,0.006200000000000094,0
1.1,stationary,810,0.25,6,0,False,0.0,0.5029405749446445,0.007815298528663805,0.007815298528663805,-0.0013089850464154077,0.4896488714773275,0.4230877198112203,0.005550000000000055,0
1.1,stationary,810,0.25,6,1,False,0.0,0.5029405749446445,0.005282897672569731,0.005282897672569731,0.0007425606378721568,0.4930896222079002,0.4230877198112203,0.005550000000000055,0
1.1,stationary,810,0.25,7,0,False,0.0,0.5029405749446445,0.009302243897256313,0.009302243897256313,-0.0035508305374632168,0.48631392614704294,0.4197092758451276,0.005800000000000027,0
1.1,stationary,810,0.25,7,1,False,0.0,0.5029405749446445,0.00805807805401526,0.00805807805401526,0.0015811960257209575,0.49069490293139884,0.4197092758451276,0.005800000000000027,0
1.1,stationary,810,0.25,8,0,False,0.0,0.5029405749446445,0.009182744092262773,0.009182744092262773,0.0017117322423346576,0.49072356741875633,0.38511133876997294,0.004550000000000054,0
1.1,stationary,810,0.25,8,1,False,0.0,0.5029405749446445,0.007713235777250249,0.007713235777250249,0.003742152259164173,0.4934547148566715,0.38511133876997294,0.004550000000000054,0
1.1,stationary,810,0.25,9,0,False,0.0,0.5029405749446445,0.010983109727905283,0.010983109727905283,-0.007004383572884744,0.4859182419750179,0.38739713968702566,0.006100000000000105,0
1.1,stationary,810,0.25,9,1,False,0.0,0.5029405749446445,0.00744932432807488,0.00744932432807488,-0.0050807126367985195,0.4936246175971369,0.38739713968702566,0.006100000000000105,0
1.1,stationary,810,0.25,10,0,False,0.0,0.5029405749446445,0.007528783139325368,0.007528783139325368,-0.005748736061641302,0.491485782464406,0.3862324596976152,0.00379999999999997,0
1.1,stationary,810,0.25,10,1,False,0.0,0.5029405749446445,0.006235879016030843,0.006235879016030843,-0.005154117253808054,0.4898092921035412,0.3862324596976152,0.00379999999999997,0
1.1,stationary,810,0.25,11,0,False,0.0,0.5029405749446445,0.005578909678014332,0.005578909678014332,-0.005254830106246318,0.4968568255819682,0.37201063702927434,0.005349999999999966,0
1.1,stationary,810,0.25,11,1,False,0.0,0.5029405749446445,0.007139084245005312,0.007139084245005312,-0.0039577566516888155,0.49545446606036614,0.37201063702927434,0.005349999999999966,0
1.1,stationary,810,0.25,12,0,False,0.0,0.5029405749446445,0.007248104872973893,0.007248104872973893,-0.006081718466952773,0.49522649470242475,0.3591320501863998,0.004750000000000032,0
1.1,stationary,810,0.25,12,1,False,0.0,0.5029405749446445,0.005053232525869755,0.005053232525869755,-0.004205207079224484,0.49784843092516035,0.3591320501863998,0.004750000000000032,0
1.1,stationary,810,0.25,13,0,False,0.0,0.5029405749446445,0.005392054845807404,0.005392054845807404,-0.006004047937345953,0.49699983132271913,0.35714160083717517,0.0031500000000000417,0
1.1,stationary,810,0.25,13,1,False,0.0,0.5029405749446445,0.005199670412179613,0.005199670412179613,-0.00359909113039179,0.4961602882497531,0.35714160083717517,0.0031500000000000417,0
1.1,stationary,810,0.25,14,0,False,0.0,0.5029405749446445,0.005681851566408214,0.005681851566408214,-0.00722920035236036,0.4997484156055706,0.3473396107908894,0.006000000000000005,0
1.1,stationary,810,0.25,14,1,False,0.0,0.5029405749446445,0.004785249984329831,0.004785249984329831,-0.004133748048482343,0.49815761612457454,0.3473396107908894,0.006000000000000005,0
1.1,stationary,810,0.25,15,0,False,0.0,0.5029405749446445,0.004186993016048746,0.004186993016048746,-0.0026178374042665855,0.4987712347307698,0.3535695449933101,0.004349999999999965,0
1.1,stationary,810,0.25,15,1,False,0.0,0.5029405749446445,0.006039685515847548,0.006039685515847548,-0.0013709353536520037,0.4981023547551185,0.3535695449933101,0.004349999999999965,0
1.1,stationary,810,0.25,16,0,False,0.0,0.5029405749446445,0.005464356772137413,0.005464356772137413,-0.0003282714721488092,0.4917293293276868,0.35188067522138006,0.002650000000000041,0
1.1,stationary,810,0.25,16,1,False,0.0,0.5029405749446445,0.004469136977924726,0.004469136977924726,-0.00033909671554397595,0.4935831197240022,0.35188067522138006,0.002650000000000041,0
1.1,stationary,810,0.5,0,0,True,0.0,0.5029405749446445,0.007499990233966969,0.007499990233966969,-0.008002454454398528,0.5044405096726869,2.000946284117454,0.009000000000000008,0
1.1,stationary,810,0.5,0,1,True,0.0,0.5029405749446445,0.010881573331074756,0.010881573331074756,-0.014660803849771854,0.4977187997222747,2.000946284117454,0.009000000000000008,0
1.1,stationary,810,0.5,1,0,True,0.0,0.5029405749446441,0.008142730306251456,0.008142730306251456,-0.005437470135533706,0.5046270636931738,0.0,0.0,20000
1.1,stationary,810,0.5,1,1,True,0.0,0.5029405749446441,0.008142730306251456,0.008142730306251456,-0.005437470135533706,0.5046270636931738,0.0,0.0,20000
1.1,stationary,810,0.5,2,0,True,0.0,0.5029405749446436,0.010908946427810817,0.010908946427810817,-0.010246131809233363,0.5050518887598712,0.0,0.0,20000
1.1,stationary,810,0.5,2,1,True,0.0,0.5029405749446436,0.010908946427810817,0.010908946427810817,-0.010246131809233363,0.5050518887598712,0.0,0.0,20000
1.1,stationary,810,0.5,3,0,True,0.0,0.5029405749446433,0.010355671465720362,0.010355671465720473,-0.008434276981076953,0.5034843067174368,0.0,0.0,20000
1.1,stationary,810,0.5,3,1,True,0.0,0.5029405749446433,0.010355671465720362,0.010355671465720473,-0.008434276981076953,0.5034843067174368,0.0,0.0,20000
1.1,stationary,810,0.5,4,0,True,0.0,0.5029405749446431,0.010757607364290211,0.010757607364290434,-0.009735735241859712,0.5031799881969217,0.0,0.0,20000
1.1,stationary,810,0.5,4,1,True,0.0,0.5029405749446431,0.010757607364290211,0.010757607364290434,-0.009735735241859712,0.5031799881969217,0.0,0.0,20000
1.1,stationary,810,0.5,5,0,True,0.0,0.5029405749446428,0.007413382331898366,0.007413382331898588,-0.004320444607437371,0.5025208150912636,0.0,0.0,20000
1.1,stationary,810,0.5,5,1,True,0.0,0.5029405749446428,0.007413382331898366,0.007413382331898588,-0.004320444607437371,0.5025208150912636,0.0,0.0,20000
1.1,stationary,810,0.5,6,0,True,0.0,0.5029405749446426,0.009980066076705985,0.009980066076706318,-0.007404167562878764,0.4977066784561564,0.0,0.0,20000
1.1,stationary,810,0.5,6,1,True,0.0,0.5029405749446426,0.009980066076705985,0.009980066076706318,-0.007404167562878764,0.4977066784561564,0.0,0.0,20000
1.1,stationary,810,0.5,7,0,True,0.0,0.5029405749446425,0.01086885366274637,0.010868853662746814,-0.010215113843782743,0.49902540761780223,0.0,0.0,20000
1.1,stationary,810,0.5,7,1,True,0.0,0.5029405749446425,0.01086885366274637,0.010868853662746814,-0.010215113843782743,0.49902540761780223,0.0,0.0,20000
1.1,stationary,810,0.5,8,0,True,0.0,0.5029405749446424,0.010412933675762015,0.010412933675762459,-0.008416579311162582,0.49928235192811415,0.0,0.0,20000
1.1,stationary,810,0.5,8,1,True,0.0,0.5029405749446424,0.010412933675762015,0.010412933675762459,-0.008416579311162582,0.49928235192811415,0.0,0.0,20000
1.1,stationary,810,0.5,9,0,True,0.0,0.5029405749446423,0.01197107345733961,0.011971073457340164,-0.013338257767475596,0.4979393863742746,0.0,0.0,20000
1.1,stationary,810,0.5,9,1,True,0.0,0.5029405749446423,0.01197107345733961,0.011971073457340164,-0.013338257767475596,0.4979393863742746,0.0,0.0,20000
1.1,stationary,810,0.5,10,0,True,0.0,0.5029405749446422,0.007522834858574523,0.007522834858575189,-0.00787671132914216,0.5007267046522532,0.0,0.0,20000
1.1,stationary,810,0.5,10,1,True,0.0,0.5029405749446422,0.007522834858574523,0.007522834858575189,-0.00787671132914216,0.5007267046522532,0.0,0.0,20000
1.1,stationary,810,0.5,11,0,True,0.0,0.5029405749446422,0.005598775477721252,0.005598775477721585,-0.0026574814232155916,0.5018933074063413,0.0,0.0,20000
1.1,stationary,810,0.5,11,1,True,0.0,0.5029405749446422,0.005598775477721252,0.005598775477721585,-0.0026574814232155916,0.5018933074063413,0.0,0.0,20000
1.1,stationary,810,0.5,12,0,True,0.0,0.5029405749446421,0.010144644068082576,0.01014464406808313,-0.0103210234117518,0.49905198904247194,0.0,0.0,20000
1.1,stationary,810,0.5,12,1,True,0.0,0.5029405749446421,0.010144644068082576,0.01014464406808313,-0.0103210234117518,0.49905198904247194,0.0,0.0,20000
1.1,stationary,810,0.5,13,0,True,0.0,0.5029405749446421,0.004100335350422091,0.004100335350421647,-0.0008149603186152713,0.5050286106454556,0.0,0.0,20000
1.1,stationary,810,0.5,13,1,True,0.0,0.5029405749446421,0.004100335350422091,0.004100335350421647,-0.0008149603186152713,0.5050286106454556,0.0,0.0,20000
1.1,stationary,810,0.5,14,0,True,0.0,0.502940574944642,0.007589004382049611,0.007589004382049222,-0.006395989881098279,0.500280049335966,0.0,0.0,20000
1.1,stationary,810,0.5,14,1,True,0.0,0.502940574944642,0.007589004382049611,0.007589004382049222,-0.006395989881098279,0.500280049335966,0.0,0.0,20000
1.1,stationary,810,0.5,15,0,True,0.0,0.502940574944642,0.006572527349437418,0.006572527349438195,0.0054398471992739466,0.4929901010529456,0.0,0.0,20000
1.1,stationary,810,0.5,15,1,True,0.0,0.502940574944642,0.006572527349437418,0.006572527349438195,0.0054398471992739466,0.4929901010529456,0.0,0.0,20000
1.1,stationary,810,0.5,16,0,True,0.0,0.502940574944642,0.004047194451245073,0.00404719445124585,0.0017439554234987792,0.4962692390901411,0.0,0.0,20000
1.1,stationary,810,0.5,16,1,True,0.0,0.502940574944642,0.004047194451245073,0.00404719445124585,0.0017439554234987792,0.4962692390901411,0.0,0.0,20000
1.1,stationary,811,0.0,0,0,True,0.0,0.5029405749446445,0.004269037238958884,0.004269037238958884,2.407379657809918e-06,0.5018261978475796,2.0114661156170706,0.006400000000000017,0
1.1,stationary,811,0.0,0,1,True,0.0,0.5029405749446445,0.007218630381080726,0.007218630381080726,0.006659668740893006,0.5030476168185412,2.0114661156170706,0.006400000000000017,0
1.1,stationary,811,0.0,1,0,True,0.0,0.5029405749446441,0.005698337666409814,0.005698337666409703,0.002380404391155334,0.49748754720956845,2.0114198090143156,0.006750000000000034,0
1.1,stationary,811,0.0,1,1,True,0.0,0.5029405749446441,0.00792337975493268,0.007923379754932791,0.006909582663334973,0.5054714217301186,2.0114198090143156,0.006750000000000034,0
1.1,stationary,811,0.0,2,0,True,0.0,0.5029405749446436,0.005990450213227638,0.005990450213227416,0.0031867411220101827,0.5022044363776464,2.0040528284677435,0.009800000000000031,0
1.1,stationary,811,0.0,2,1,True,0.0,0.5029405749446436,0.005919176496769429,0.00591917649676954,-0.003712923431014015,0.49726039056546323,2.0040528284677435,0.009800000000000031,0
1.1,stationary,811,0.0,3,0,True,0.0,0.5029405749446433,0.004430250988869011,0.004430250988869233,0.000917434066710459,0.5012344452912136,1.998553415321068,0.007199999999999984,0
1.1,stationary,811,0.0,3,1,True,0.0,0.5029405749446433,0.004964785189258247,0.00496478518925858,-0.002357510848772077,0.495520754377146,1.998553415321068,0.007199999999999984,0
1.1,stationary,811,0.0,4,0,True,0.0,0.5029405749446431,0.005112832046144711,0.005112832046144267,-0.004090917899066954,0.5065217689064171,1.9881526706538195,0.007500000000000062,0
1.1,stationary,811,0.0,4,1,True,0.0,0.5029405749446431,0.008538328619627888,0.008538328619628333,-0.00415851504202992,0.4903188388151548,1.9881526706538195,0.007500000000000062,0
1.1,stationary,811,0.0,5,0,True,0.0,0.5029405749446428,0.007557491073349826,0.007557491073349382,-0.0037624690870781507,0.510096045362524,1.9946184480907094,0.010949999999999988,0
1.1,stationary,811,0.0,5,1,True,0.0,0.5029405749446428,0.006553222615619636,0.00655322261562008,0.00010920340267185047,0.4947203141968175,1.9946184480907094,0.010949999999999988,0
1.1,stationary,811,0.0,6,0,True,0.0,0.5029405749446426,0.00472647345789956,0.004726473457899005,0.0021118479077454526,0.5056225739095164,1.9931096070903196,0.010699999999999932,0
1.1,stationary,811,0.0,6,1,True,0.0,0.5029405749446426,0.00796515452340485,0.007965154523405071,-0.0046436950775590805,0.5021165171940412,1.9931096070903196,0.010699999999999932,0
1.1,stationary,811,0.0,7,0,True,0.0,0.5029405749446425,0.005504744581083507,0.0055047445810830625,0.002034205280860517,0.5028184879854869,1.9876672710311072,0.0063,0
1.1,stationary,811,0.0,7,1,True,0.0,0.5029405749446425,0.003456428256322752,0.0034564282563230853,0.001876034251830435,0.5052661452651799,1.9876672710311072,0.0063,0
1.1,stationary,811,0.0,8,0,True,0.0,0.5029405749446424,0.0052878307265710744,0.0052878307265716296,0.0037019100792728002,0.5043195041565847,1.9880121400984354,0.007800000000000029,0
1.1,stationary,811,0.0,8,1,True,0.0,0.5029405749446424,0.004296484677604656,0.004296484677604101,0.0020428315683835374,0.500460774951762,1.9880121400984354,0.007800000000000029,0
1.1,stationary,811,0.0,9,0,True,0.0,0.5029405749446423,0.005127842694687246,0.00512784269468658,0.0034553320573040515,0.5053316815799707,1.9908042627808311,0.0049000000000000155,0
1.1,stationary,811,0.0,9,1,True,0.0,0.5029405749446423,0.005724096609925955,0.0057240966099260104,0.0070253235473526614,0.5010190967309611,1.9908042627808311,0.0049000000000000155,0
1.1,stationary,811,0.0,10,0,True,0.0,0.5029405749446422,0.004284537016134848,0.004284537016134071,-2.481667585555992e-05,0.5060290982544197,2.003534002832779,0.005500000000000005,0
1.1,stationary,811,0.0,10,1,True,0.0,0.5029405749446422,0.004673933797527008,0.004673933797527119,0.004839530122792225,0.4983304236270266,2.003534002832779,0.005500000000000005,0
1.1,stationary,811,0.0,11,0,True,0.0,0.5029405749446422,0.007804573831574901,0.007804573831574568,-0.008101503073025897,0.5062005054492726,2.0143153898905615,0.01100000000000001,0
1.1,stationary,811,0.0,11,1,True,0.0,0.5029405749446422,0.004881585763883645,0.004881585763883756,0.004861843842787267,0.5059490706936185,2.0143153898905615,0.01100000000000001,0
1.1,stationary,811,0.0,12,0,True,0.0,0.5029405749446421,0.0042050553429234805,0.004205055342924258,0.00046815074826593437,0.497455725348795,2.0091427416539056,0.008650000000000047,0
1.1,stationary,811,0.0,12,1,True,0.0,0.5029405749446421,0.005565987474974665,0.0055659874749739435,0.0015324766112584484,0.5056209593208296,2.0091427416539056,0.008650000000000047,0
1.1,stationary,811,0.0,13,0,True,0.0,0.5029405749446421,0.004663210176496402,0.004663210176495736,-0.004162467524968417,0.5014828950447499,1.997880832460225,0.009749999999999981,0
1.1,stationary,811,0.0,13,1,True,0.0,0.5029405749446421,0.006120221984178886,0.006120221984179053,0.0073823789310394905,0.5040976087776026,1.997880832460225,0.009749999999999981,0
1.1,stationary,811,0.0,14,0,True,0.0,0.502940574944642,0.003632761944267371,0.0036327619442665937,3.1262914635966696e-06,0.5014612953009594,1.9914163074071658,0.007449999999999957,0
1.1,stationary,811,0.0,14,1,True,0.0,0.502940574944642,0.005743120399571422,0.0057431203995715885,0.004785003550732355,0.5055388037326585,1.9914163074071658,0.007449999999999957,0
1.1,stationary,811,0.0,15,0,True,0.0,0.502940574944642,0.004749817734095774,0.004749817734095052,0.0011179410183214627,0.5046346908120347,1.9879317446286848,0.009649999999999992,0
1.1,stationary,811,0.0,15,1,True,0.0,0.502940574944642,0.008480783666941771,0.008480783666941938,0.009534214753658054,0.5091284379393533,1.9879317446286848,0.009649999999999992,0
1.1,stationary,811,0.0,16,0,True,0.0,0.502940574944642,0.005409832988779173,0.00540983298877834,0.0006839664235273378,0.5065327030110828,2.0019509511903495,0.008700000000000041,0
1.1,stationary,811,0.0,16,1,True,0.0,0.502940574944642,0.007490126284318943,0.007490126284319165,0.005947981656223748,0.5073921504577701,2.0019509511903495,0.008700000000000041,0
1.1,stationary,811,0.25,0,0,True,0.0,0.5029405749446445,0.004269037238958884,0.004269037238958884,2.407379657809918e-06,0.5018261978475796,2.0114661156170706,0.006400000000000017,0
1.1,stationary,811,0.25,0,1,True,0.0,0.5029405749446445,0.007218630381080726,0.007218630381080726,0.006659668740893006,0.5030476168185412,2.0114661156170706,0.006400000000000017,0
1.1,stationary,811,0.25,1,0,True,0.0,0.5029405749446441,0.006324996517021231,0.00632499651702112,0.005851214854972392,0.5059503888303328,0.8918321085871886,0.006750000000000006,0
1.1,stationary,811,0.25,1,1,True,0.0,0.5029405749446441,0.008685425127688051,0.008685425127688162,0.0005888003326526906,0.49806745392352436,0.8918321085871886,0.006750000000000006,0
1.1,stationary,811,0.25,2,0,False,0.0,0.5029405749446445,0.004959079148997292,0.004959079148997292,0.006204080863271755,0.4979057247653406,0.6727253446646186,0.00830000000000003,0
1.1,stationary,811,0.25,2,1,False,0.0,0.5029405749446445,0.004929753902883527,0.004929753902883527,-0.005165548379614186,0.4962960710124159,0.6727253446646186,0.00830000000000003,0
1.1,stationary,811,0.25,3,0,False,0.0,0.5029405749446445,0.0074768397135797915,0.0074768397135797915,0.0086364378689668,0.4951769850183406,0.5727456088972044,0.006149999999999989,0
1.1,stationary,811,0.25,3,1,False,0.0,0.5029405749446445,0.006974178695091149,0.006974178695091149,0.001971957727284035,0.4978504184858139,0.5727456088972044,0.006149999999999989,0
1.1,stationary,811,0.25,4,0,False,0.0,0.5029405749446445,0.006064686050411605,0.006064686050411605,0.0012525736512648581,0.49876442434903434,0.4912144443253879,0.005549999999999944,0
1.1,stationary,811,0.25,4,1,False,0.0,0.5029405749446445,0.006663154975572294,0.006663154975572294,0.003080983513202766,0.49799572937642367,0.4912144443253879,0.005549999999999944,0
1.1,stationary,811,0.25,5,0,False,0.0,0.5029405749446445,0.005076816559453579,0.005076816559453579,0.004418996727115095,0.5036727747546232,0.4510747874973599,0.003850000000000006,0
1.1,stationary,811,0.25,5,1,False,0.0,0.5029405749446445,0.006158400796443225,0.006158400796443225,0.0027629032028913146,0.5013344302767474,0.4510747874973599,0.003850000000000006,0
1.1,stationary,811,0.25,6,0,False,0.0,0.5029405749446445,0.007572131205495464,0.007572131205495464,-0.00521748169012189,0.5048022264670895,0.42486881159259327,0.004850000000000021,0
1.1,stationary,811,0.25,6,1,False,0.0,0.5029405749446445,0.0067621846225530136,0.0067621846225530136,-0.0053626453934876115,0.5038290081658159,0.42486881159259327,0.004850000000000021,0
1.1,stationary,811,0.25,7,0,False,0.0,0.5029405749446445,0.004828714019037991,0.004828714019037991,0.0029813770928210155,0.5052797954812309,0.42261462697865326,0.008500000000000063,0
1.1,stationary,811,0.25,7,1,False,0.0,0.5029405749446445,0.007295003162994251,0.007295003162994251,-0.008030800342310053,0.5039189558525752,0.42261462697865326,0.008500000000000063,0
1.1,stationary,811,0.25,8,0,False,0.0,0.5029405749446445,0.004051935546628499,0.004051935546628499,0.0024715937990223134,0.49755826693216426,0.40805717478430253,0.005350000000000021,0
1.1,stationary,811,0.25,8,1,False,0.0,0.5029405749446445,0.0036385206577441154,0.0036385206577441154,-0.0027702097923712095,0.4989812440239127,0.40805717478430253,0.005350000000000021,0
1.1,stationary,811,0.25,9,0,False,0.0,0.5029405749446445,0.005350502319533823,0.005350502319533823,-0.0031203001003308074,0.5027519763670789,0.40235612088059886,0.005150000000000016,0
1.1,stationary,811,0.25,9,1,False,0.0,0.5029405749446445,0.006929951218130892,0.006929951218130892,-0.005346710536065873,0.5034492916508242,0.40235612088059886,0.005150000000000016,0
1.1,stationary,811,0.25,10,0,False,0.0,0.5029405749446445,0.004883710505046969,0.004883710505046969,-0.0017740650277360648,0.500605232660128,0.3975496188082297,0.0038000000000000256,0
1.1,stationary,811,0.25,10,1,False,0.0,0.5029405749446445,0.00424987647466047,0.00424987647466047,0.0014569827889450485,0.49853668615536045,0.3975496188082297,0.0038000000000000256,0
1.1,stationary,811,0.25,11,0,False,0.0,0.5029405749446445,0.007934856530563944,0.007934856530563944,0.004293536789285048,0.508841411722013,0.3754507287355717,0.006400000000000072,0
1.1,stationary,811,0.25,11,1,False,0.0,0.5029405749446445,0.0058026098306708795,0.0058026098306708795,0.0037478942126252094,0.498528617436768,0.3754507287355717,0.006400000000000072,0
1.1,stationary,811,0.25,12,0,False,0.0,0.5029405749446445,0.0034152626455399293,0.0034152626455399293,-9.662529839651571e-05,0.5037846143239848,0.37944440684059716,0.00605,0
1.1,stationary,811,0.25,12,1,False,0.0,0.5029405749446445,0.006270016880460277,0.006270016880460277,0.00665132544505059,0.4961155862190286,0.37944440684059716,0.00605,0
1.1,stationary,811,0.25,13,0,False,0.0,0.5029405749446445,0.003312811188295739,0.003312811188295739,0.003099650369835181,0.5073952963215618,0.35751202220291195,0.003249999999999989,0
1.1,stationary,811,0.25,13,1,False,0.0,0.5029405749446445,0.0035109285822613745,0.0035109285822613745,0.004663468559408751,0.5031785115879037,0.35751202220291195,0.003249999999999989,0
1.1,stationary,811,0.25,14,0,False,0.0,0.5029405749446445,0.0034384848964876813,0.0034384848964876813,0.004476626249124427,0.4997040921854085,0.359521476124711,0.004300000000000026,0
1.1,stationary,811,0.25,14,1,False,0.0,0.5029405749446445,0.004106567443538323,0.004106567443538323,0.00500945567721383,0.4962924200428634,0.359521476124711,0.004300000000000026,0
1.1,stationary,811,0.25,15,0,False,0.0,0.5029405749446445,0.005392293116293301,0.005392293116293301,0.008001807590034625,0.5019117235910874,0.34148858995357584,0.005950000000000039,0
1.1,stationary,811,0.25,15,1,False,0.0,0.5029405749446445,0.006590137267867668,0.006590137267867668,0.008943166571552835,0.497391275754293,0.34148858995357584,0.005950000000000039,0
1.1,stationary,811,0.25,16,0,False,0.0,0.5029405749446445,0.004742172350357121,0.004742172350357121,0.006670348170268445,0.49862969732414086,0.3340117847400293,0.003949999999999898,0
1.1,stationary,811,0.25,16,1,False,0.0,0.5029405749446445,0.006314746447238173,0.006314746447238173,0.004513718381790915,0.49468088538966354,0.3340117847400293,0.003949999999999898,0
1.1,stationary,811,0.5,0,0,True,0.0,0.5029405749446445,0.004269037238958884,0.004269037238958884,2.407379657809918e-06,0.5018261978475796,2.0114661156170706,0.006400000000000017,0
1.1,stationary,811,0.5,0,1,True,0.0,0.5029405749446445,0.007218630381080726,0.007218630381080726,0.006659668740893006,0.5030476168185412,2.0114661156170706,0.006400000000000017,0
1.1,stationary,811,0.5,1,0,True,0.0,0.5029405749446441,0.006629743528304033,0.0066297435283041994,0.006346734686184707,0.49852267067969036,0.0,0.0,20000
1.1,stationary,811,0.5,1,1,True,0.0,0.5029405749446441,0.006629743528304033,0.0066297435283041994,0.006346734686184707,0.49852267067969036,0.0,0.0,20000
1.1,stationary,811,0.5,2,0,True,0.0,0.5029405749446436,0.00391812907154665,0.0039181290715469275,0.0037493065945926685,0.4970860887918367,0.0,0.0,20000
1.1,stationary,811,0.5,2,1,True,0.0,0.5029405749446436,0.00391812907154665,0.0039181290715469275,0.0037493065945926685,0.4970860887918367,0.0,0.0,20000
1.1,stationary,811,0.5,3,0,True,0.0,0.5029405749446433,0.005272589611954204,0.005272589611954648,0.005226532064840453,0.49388952682526355,0.0,0.0,20000
1.1,stationary,811,0.5,3,1,True,0.0,0.5029405749446433,0.005272589611954204,0.005272589611954648,0.005226532064840453,0.49388952682526355,0.0,0.0,20000
1.1,stationary,811,0.5,4,0,True,0.0,0.5029405749446431,0.008166894969711791,0.008166894969712235,-0.003908275099005391,0.49875275296764465,0.0,0.0,20000
1.1,stationary,811,0.5,4,1,True,0.0,0.5029405749446431,0.008166894969711791,0.008166894969712235,-0.003908275099005391,0.49875275296764465,0.0,0.0,20000
1.1,stationary,811,0.5,5,0,True,0.0,0.5029405749446428,0.005790955552671395,0.00579095555267195,0.0007938908631544159,0.4980256144392641,0.0,0.0,20000
1.1,stationary,811,0.5,5,1,True,0.0,0.5029405749446428,0.005790955552671395,0.00579095555267195,0.0007938908631544159,0.4980256144392641,0.0,0.0,20000
1.1,stationary,811,0.5,6,0,True,0.0,0.5029405749446426,0.005074668665220994,0.00507466866522166,0.00029587097712778667,0.4943354712079482,0.0,0.0,20000
1.1,stationary,811,0.5,6,1,True,0.0,0.5029405749446426,0.005074668665220994,0.00507466866522166,0.00029587097712778667,0.4943354712079482,0.0,0.0,20000
1.1,stationary,811,0.5,7,0,True,0.0,0.5029405749446425,0.007135164199324695,0.007135164199325361,-0.001433561144188069,0.49336866324944373,0.0,0.0,20000
1.1,stationary,811,0.5,7,1,True,0.0,0.5029405749446425,0.007135164199324695,0.007135164199325361,-0.001433561144188069,0.49336866324944373,0.0,0.0,20000
1.1,stationary,811,0.5,8,0,True,0.0,0.5029405749446424,0.0038953223196454,0.003895322319645622,-0.0008945054105149445,0.4973895116949808,0.0,0.0,20000
1.1,stationary,811,0.5,8,1,True,0.0,0.5029405749446424,0.0038953223196454,0.003895322319645622,-0.0008945054105149445,0.4973895116949808,0.0,0.0,20000
1.1,stationary,811,0.5,9,0,True,0.0,0.5029405749446423,0.00607593277702112,0.006075932777021509,0.0010113340524557381,0.49670327556913374,0.0,0.0,20000
1.1,stationary,811,0.5,9,1,True,0.0,0.5029405749446423,0.00607593277702112,0.006075932777021509,0.0010113340524557381,0.49670327556913374,0.0,0.0,20000
1.1,stationary,811,0.5,10,0,True,0.0,0.5029405749446422,0.007677058116634661,0.007677058116634494,-0.008690647325862073,0.5013992595887532,0.0,0.0,20000
1.1,stationary,811,0.5,10,1,True,0.0,0.5029405749446422,0.007677058116634661,0.007677058116634494,-0.008690647325862073,0.5013992595887532,0.0,0.0,20000
1.1,stationary,811,0.5,11,0,True,0.0,0.5029405749446422,0.005974547744728442,0.005974547744728276,-0.0064803714402025155,0.5031537659099983,0.0,0.0,20000
1.1,stationary,811,0.5,11,1,True,0.0,0.5029405749446422,0.005974547744728442,0.005974547744728276,-0.0064803714402025155,0.5031537659099983,0.0,0.0,20000
1.1,stationary,811,0.5,12,0,True,0.0,0.5029405749446421,0.0038171264782584924,0.0038171264782592695,-0.0004876585247206085,0.5030375458466436,0.0,0.0,20000
1.1,stationary,811,0.5,12,1,True,0.0,0.5029405749446421,0.0038171264782584924,0.0038171264782592695,-0.0004876585247206085,0.5030375458466436,0.0,0.0,20000
1.1,stationary,811,0.5,13,0,True,0.0,0.5029405749446421,0.0045254503186143435,0.004525450318614177,-0.0025128414407770993,0.50074175703095,0.0,0.0,20000
1.1,stationary,811,0.5,13,1,True,0.0,0.5029405749446421,0.0045254503186143435,0.004525450318614177,-0.0025128414407770993,0.50074175703095,0.0,0.0,20000
1.1,stationary,811,0.5,14,0,True,0.0,0.502940574944642,0.005369640274267229,0.005369640274267784,-0.0040560056971175144,0.4993004920215851,0.0,0.0,20000
1.1,stationary,811,0.5,14,1,True,0.0,0.502940574944642,0.005369640274267229,0.005369640274267784,-0.0040560056971175144,0.4993004920215851,0.0,0.0,20000
1.1,stationary,811,0.5,15,0,True,0.0,0.502940574944642,0.009127823923586798,0.00912782392358652,-0.010902686974464768,0.5035335321018454,0.0,0.0,20000
1.1,stationary,811,0.5,15,1,True,0.0,0.502940574944642,0.009127823923586798,0.00912782392358652,-0.010902686974464768,0.5035335321018454,0.0,0.0,20000
1.1,stationary,811,0.5,16,0,True,0.0,0.502940574944642,0.00537200368676144,0.005372003686761162,-0.002622255578882207,0.5046637038815047,0.0,0.0,20000
1.1,stationary,811,0.5,16,1,True,0.0,0.502940574944642,0.00537200368676144,0.005372003686761162,-0.002622255578882207,0.5046637038815047,0.0,0.0,20000
1.1,stationary,812,0.0,0,0,True,0.0,0.5029405749446445,0.004244518777845041,0.004244518777845041,0.0005396216037047907,0.49765176700043645,2.0014206459546053,0.004550000000000054,0
1.1,stationary,812,0.0,0,1,True,0.0,0.5029405749446445,0.0050683756801563895,0.0050683756801563895,0.0012759532072369136,0.49749737843477393,2.0014206459546053,0.004550000000000054,0
1.1,stationary,812,0.0,1,0,True,0.0,0.5029405749446441,0.004324161923054737,0.004324161923054848,-0.001310191845788527,0.5028751589460598,1.9960773096578446,0.009149999999999991,0
1.1,stationary,812,0.0,1,1,True,0.0,0.5029405749446441,0.008150392301869425,0.008150392301869536,0.003168892303739153,0.4941025262302815,1.9960773096578446,0.009149999999999991,0
1.1,stationary,812,0.0,2,0,True,0.0,0.5029405749446436,0.005285046512643055,0.00528504651264311,0.005028317552861601,0.5026809737736881,2.003831654358936,0.006850000000000023,0
1.1,stationary,812,0.0,2,1,True,0.0,0.5029405749446436,0.0038122751011867573,0.003812275101186424,-0.0008988278990266006,0.5030201299210659,2.003831654358936,0.006850000000000023,0
1.1,stationary,812,0.0,3,0,True,0.0,0.5029405749446433,0.004904058174408199,0.004904058174408588,0.002861005230411794,0.49711649955413906,2.004627868678399,0.006400000000000072,0
1.1,stationary,812,0.0,3,1,True,0.0,0.5029405749446433,0.004551659090026305,0.004551659090026694,-0.00121336202635417,0.5001862705312234,2.004627868678399,0.006400000000000072,0
1.1,stationary,812,0.0,4,0,True,0.0,0.5029405749446431,0.006113332068809929,0.006113332068810151,-0.004155552537139923,0.5010338762305868,2.0177455067126497,0.007500000000000007,0
1.1,stationary,812,0.0,4,1,True,0.0,0.5029405749446431,0.005389233745100475,0.005389233745100697,-0.0045086528056176665,0.49597901305330616,2.0177455067126497,0.007500000000000007,0
1.1,stationary,812,0.0,5,0,True,0.0,0.5029405749446428,0.004880587948860149,0.004880587948860371,-0.002025246975589386,0.503219957223362,2.015227499032036,0.007150000000000101,0
1.1,stationary,812,0.0,5,1,True,0.0,0.5029405749446428,0.004482159626029436,0.004482159626029936,-0.00039106233445492954,0.5019898862717325,2.015227499032036,0.007150000000000101,0
1.1,stationary,812,0.0,6,0,True,0.0,0.5029405749446426,0.0041648700102873415,0.004164870010287786,-0.0009195513212612608,0.5040778619071772,2.002594203901717,0.005599999999999994,0
1.1,stationary,812,0.0,6,1,True,0.0,0.5029405749446426,0.004732254101361466,0.004732254101361799,-0.004446835781215469,0.49703904984322583,2.002594203901717,0.005599999999999994,0
1.1,stationary,812,0.0,7,0,True,0.0,0.5029405749446425,0.0056569940498385485,0.005656994049837993,-0.003989419804100409,0.5058774393992611,1.992615407050641,0.00789999999999999,0
1.1,stationary,812,0.0,7,1,True,0.0,0.5029405749446425,0.0055261041263643396,0.005526104126364562,-0.007709486451531192,0.5016002512489881,1.992615407050641,0.00789999999999999,0
1.1,stationary,812,0.0,8,0,True,0.0,0.5029405749446424,0.004431785823636014,0.0044317858236354035,0.0004293027536001104,0.5045204312579317,1.9949999727125614,0.009699999999999986,0
1.1,stationary,812,0.0,8,1,True,0.0,0.5029405749446424,0.008659701618631555,0.008659701618631499,-0.013416657668905093,0.5013139695491825,1.9949999727125614,0.009699999999999986,0
1.1,stationary,812,0.0,9,0,True,0.0,0.5029405749446423,0.0037268795243382835,0.0037268795243377284,0.0032937918710666237,0.5032946830331678,2.0114776795899734,0.010050000000000003,0
1.1,stationary,812,0.0,9,1,True,0.0,0.5029405749446423,0.007216081337814317,0.007216081337814262,-0.009852164238574324,0.505661680926832,2.0114776795899734,0.010050000000000003,0
1.1,stationary,812,0.0,10,0,True,0.0,0.5029405749446422,0.004552435386983522,0.004552435386983744,0.00294230144136159,0.5010621100362376,2.0167689132196625,0.013400000000000023,0
1.1,stationary,812,0.0,10,1,True,0.0,0.5029405749446422,0.010281162955120327,0.010281162955120215,-0.015904912994898705,0.5014881987259546,2.0167689132196625,0.013400000000000023,0
1.1,stationary,812,0.0,11,0,True,0.0,0.5029405749446422,0.005470066277924179,0.005470066277924457,0.004081970779921815,0.49876894953739087,2.02082797914939,0.008949999999999958,0
1.1,stationary,812,0.0,11,1,True,0.0,0.5029405749446422,0.00501501419865702,0.0050150141986569086,-0.006423056058036718,0.5032969380475747,2.02082797914939,0.008949999999999958,0
1.1,stationary,812,0.0,12,0,True,0.0,0.5029405749446421,0.0068033975512728495,0.006803397551273127,0.005421655418546462,0.4965622429849271,2.021200572690225,0.006900000000000017,0
1.1,stationary,812,0.0,12,1,True,0.0,0.5029405749446421,0.005507026553009317,0.005507026553009761,-0.00040594537458873455,0.5017483746202732,2.021200572690225,0.006900000000000017,0
1.1,stationary,812,0.0,13,0,True,0.0,0.5029405749446421,0.0059075979747319485,0.005907597974732615,0.003022144280011284,0.49609717366588457,2.0117663534190346,0.01090000000000002,0
1.1,stationary,812,0.0,13,1,True,0.0,0.5029405749446421,0.007992636172088785,0.00799263617208934,-0.010928996969742531,0.5022493151323778,2.0117663534190346,0.01090000000000002,0
1.1,stationary,812,0.0,14,0,True,0.0,0.502940574944642,0.010486566083756643,0.010486566083757032,0.011271180196274627,0.5012225799655067,2.0106939628535585,0.015100000000000002,0
1.1,stationary,812,0.0,14,1,True,0.0,0.502940574944642,0.006414814786713796,0.006414814786714573,-0.008023108319036472,0.4983282482037624,2.0106939628535585,0.015100000000000002,0
1.1,stationary,812,0.0,15,0,True,0.0,0.502940574944642,0.00541731812905244,0.005417318129052828,0.0015387458546902287,0.5005149660663353,2.0179529489158603,0.006949999999999956,0
1.1,stationary,812,0.0,15,1,True,0.0,0.502940574944642,0.004478760518077135,0.00447876051807769,-0.002003874933516765,0.4956065397879262,2.0179529489158603,0.006949999999999956,0
1.1,stationary,812,0.0,16,0,True,0.0,0.502940574944642,0.0061453168224051,0.006145316822405544,0.0031482144815236594,0.4988279755788152,2.0039640743602183,0.009350000000000025,0
1.1,stationary,812,0.0,16,1,True,0.0,0.502940574944642,0.005706699298636653,0.005706699298637319,-0.0033424544302372936,0.49610116725362846,2.0039640743602183,0.009350000000000025,0
1.1,stationary,812,0.25,0,0,True,0.0,0.5029405749446445,0.004244518777845041,0.004244518777845041,0.0005396216037047907,0.49765176700043645,2.0014206459546053,0.004550000000000054,0
1.1,stationary,812,0.25,0,1,True,0.0,0.5029405749446445,0.0050683756801563895,0.0050683756801563895,0.0012759532072369136,0.49749737843477393,2.0014206459546053,0.004550000000000054,0
1.1,stationary,812,0.25,1,0,True,0.0,0.5029405749446441,0.004407795155910055,0.004407795155909944,0.0014587837556093615,0.4990666560891255,0.8793822636634517,0.006399999999999961,0
1.1,stationary,812,0.25,1,1,True,0.0,0.5029405749446441,0.007085681718636078,0.007085681718636244,0.0028422371072394405,0.49509927823910005,0.8793822636634517,0.006399999999999961,0
1.1,stationary,812,0.25,2,0,False,0.0,0.5029405749446445,0.00952654009167897,0.00952654009167897,0.012470566409586749,0.49849935118286803,0.6584139512945539,0.006000000000000005,0
1.1,stationary,812,0.25,2,1,False,0.0,0.5029405749446445,0.007783928321078493,0.007783928321078493,0.004999081455742578,0.5003775958484227,0.6584139512945539,0.006000000000000005,0
1.1,stationary,812,0.25,3,0,False,0.0,0.5029405749446445,0.008342606224853166,0.008342606224853166,0.011185347622173259,0.5012176388841157,0.5564680235235592,0.009600000000000053,0
1.1,stationary,812,0.25,3,1,False,0.0,0.5029405749446445,0.006324187794452207,0.006324187794452207,-0.0009426200674569549,0.4977071473771886,0.5564680235235592,0.009600000000000053,0
1.1,stationary,812,0.25,4,0,False,0.0,0.5029405749446445,0.011199155979872977,0.011199155979872977,0.016165721621167112,0.5034018854801319,0.49775338453034756,0.006350000000000022,0
1.1,stationary,812,0.25,4,1,False,0.0,0.5029405749446445,0.007423846637228282,0.007423846637228282,0.008817622189300248,0.5008317829103,0.49775338453034756,0.006350000000000022,0
1.1,stationary,812,0.25,5,0,False,0.0,0.5029405749446445,0.013166667260474663,0.013166667260474663,0.01756932342347685,0.502852631054181,0.4550765355305779,0.011450000000000071,0
1.1,stationary,812,0.25,5,1,False,0.0,0.5029405749446445,0.005082787150760687,0.005082787150760687,0.004485715014055376,0.500337599836558,0.4550765355305779,0.011450000000000071,0
1.1,stationary,812,0.25,6,0,False,0.0,0.5029405749446445,0.007383018161353894,0.007383018161353894,0.007903309422094894,0.5108554695716265,0.4340558199701838,0.004149999999999987,0
1.1,stationary,812,0.25,6,1,False,0.0,0.5029405749446445,0.007340969138128484,0.007340969138128484,0.010222380556226532,0.5060563867458583,0.4340558199701838,0.004149999999999987,0
1.1,stationary,812,0.25,7,0,False,0.0,0.5029405749446445,0.008575501665867957,0.008575501665867957,0.008742075313468026,0.5072332250863028,0.4235341415963002,0.004300000000000005,0
1.1,stationary,812,0.25,7,1,False,0.0,0.5029405749446445,0.009127869938330369,0.009127869938330369,0.010057071743119532,0.5041873876508585,0.4235341415963002,0.004300000000000005,0
1.1,stationary,812,0.25,8,0,False,0.0,0.5029405749446445,0.00784593602353445,0.00784593602353445,0.009042428495528365,0.5067438888215869,0.4104854863064353,0.007250000000000034,0
1.1,stationary,812,0.25,8,1,False,0.0,0.5029405749446445,0.011883665378450925,0.011883665378450925,0.015381326777979647,0.5080674904218024,0.4104854863064353,0.007250000000000034,0
1.1,stationary,812,0.25,9,0,False,0.0,0.5029405749446445,0.008080267478518421,0.008080267478518421,0.009424835507523963,0.5067009129204307,0.39226291945214725,0.004149999999999987,0
1.1,stationary,812,0.25,9,1,False,0.0,0.5029405749446445,0.007978777371239643,0.007978777371239643,0.0086035514562002,0.505501416646042,0.39226291945214725,0.004149999999999987,0
1.1,stationary,812,0.25,10,0,False,0.0,0.5029405749446445,0.007871901894979993,0.007871901894979993,0.00949166347487869,0.5069103680060796,0.38558522850787996,0.004899999999999988,0
1.1,stationary,812,0.25,10,1,False,0.0,0.5029405749446445,0.0062590115760423615,0.0062590115760423615,0.00820032405320303,0.5050439943565307,0.38558522850787996,0.004899999999999988,0
1.1,stationary,812,0.25,11,0,False,0.0,0.5029405749446445,0.007694190649504051,0.007694190649504051,0.006649379414978285,0.5091411067265013,0.37883717955351137,0.0049000000000000155,0
1.1,stationary,812,0.25,11,1,False,0.0,0.5029405749446445,0.008501445121088302,0.008501445121088302,0.009069649481404953,0.5066629388629782,0.37883717955351137,0.0049000000000000155,0
1.1,stationary,812,0.25,12,0,False,0.0,0.5029405749446445,0.006292513292723345,0.006292513292723345,0.006376593669447221,0.5021447082608846,0.37006853738868833,0.004349999999999965,0
1.1,stationary,812,0.25,12,1,False,0.0,0.5029405749446445,0.007930582269041642,0.007930582269041642,0.008034361697510845,0.5089708489724799,0.37006853738868833,0.004349999999999965,0
1.1,stationary,812,0.25,13,0,False,0.0,0.5029405749446445,0.004627505669365761,0.004627505669365761,0.00013978301351001132,0.5000024693336549,0.358648792252225,0.0039000000000000146,0
1.1,stationary,812,0.25,13,1,False,0.0,0.5029405749446445,0.004133883605003219,0.004133883605003219,0.0030608240072830853,0.5067728001021581,0.358648792252225,0.0039000000000000146,0
1.1,stationary,812,0.25,14,0,False,0.0,0.5029405749446445,0.006140555420497434,0.006140555420497434,0.0065172974970774174,0.4995622942715915,0.34875425987309516,0.005600000000000049,0
1.1,stationary,812,0.25,14,1,False,0.0,0.5029405749446445,0.00661288871647947,0.00661288871647947,0.009536054086483415,0.5022978667096186,0.34875425987309516,0.005600000000000049,0
1.1,stationary,812,0.25,15,0,False,0.0,0.5029405749446445,0.004768503739583291,0.004768503739583291,0.0020033362391318732,0.5037926106683478,0.3422175924497022,0.004850000000000007,0
1.1,stationary,812,0.25,15,1,False,0.0,0.5029405749446445,0.004885547594347894,0.004885547594347894,0.005194855449961174,0.498646215693339,0.3422175924497022,0.004850000000000007,0
1.1,stationary,812,0.25,16,0,False,0.0,0.5029405749446445,0.0070515860719246315,0.0070515860719246315,-0.0018055713192989945,0.5070363343392275,0.3400356739790765,0.006299999999999972,0
1.1,stationary,812,0.25,16,1,False,0.0,0.5029405749446445,0.0037411642940985423,0.0037411642940985423,0.004390632890970617,0.5037997467394151,0.3400356739790765,0.006299999999999972,0
1.1,stationary,812,0.5,0,0,True,0.0,0.5029405749446445,0.004244518777845041,0.004244518777845041,0.0005396216037047907,0.49765176700043645,2.0014206459546053,0.004550000000000054,0
1.1,stationary,812,0.5,0,1,True,0.0,0.5029405749446445,0.0050683756801563895,0.0050683756801563895,0.0012759532072369136,0.49749737843477393,2.0014206459546053,0.004550000000000054,0
1.1,stationary,812,0.5,1,0,True,0.0,0.5029405749446441,0.005710848330049867,0.005710848330049867,0.007106149542489823,0.49937290737840445,0.0,0.0,20000
1.1,stationary,812,0.5,1,1,True,0.0,0.5029405749446441,0.005710848330049867,0.005710848330049867,0.007106149542489823,0.49937290737840445,0.0,0.0,20000
1.1,stationary,812,0.5,2,0,True,0.0,0.5029405749446436,0.004805706726394021,0.004805706726394243,0.004013639131633776,0.4996031920929235,0.0,0.0,20000
1.1,stationary,812,0.5,2,1,True,0.0,0.5029405749446436,0.004805706726394021,0.004805706726394243,0.004013639131633776,0.4996031920929235,0.0,0.0,20000
1.1,stationary,812,0.5,3,0,True,0.0,0.5029405749446433,0.008502388322294274,0.008502388322294274,0.010941148383205417,0.5012699040836761,0.0,0.0,20000
1.1,stationary,812,0.5,3,1,True,0.0,0.5029405749446433,0.008502388322294274,0.008502388322294274,0.010941148383205417,0.5012699040836761,0.0,0.0,20000
1.1,stationary,812,0.5,4,0,True,0.0,0.5029405749446431,0.00784759445503147,0.00784759445503147,0.009952830365161602,0.5072636945908974,0.0,0.0,20000
1.1,stationary,812,0.5,4,1,True,0.0,0.5029405749446431,0.00784759445503147,0.00784759445503147,0.009952830365161602,0.5072636945908974,0.0,0.0,20000
1.1,stationary,812,0.5,5,0,True,0.0,0.5029405749446428,0.007464635527681784,0.007464635527681784,0.009528073291425607,0.5133334176554654,0.0,0.0,20000
1.1,stationary,812,0.5,5,1,True,0.0,0.5029405749446428,0.007464635527681784,0.007464635527681784,0.009528073291425607,0.5133334176554654,0.0,0.0,20000
1.1,stationary,812,0.5,6,0,True,0.0,0.5029405749446426,0.010911054689717425,0.010911054689717481,0.014565252635935838,0.5128635876155909,0.0,0.0,20000
1.1,stationary,812,0.5,6,1,True,0.0,0.5029405749446426,0.010911054689717425,0.010911054689717481,0.014565252635935838,0.5128635876155909,0.0,0.0,20000
1.1,stationary,812,0.5,7,0,True,0.0,0.5029405749446425,0.007415987846120575,0.007415987846120964,0.007990923444219061,0.5056640742197895,0.0,0.0,20000
1.1,stationary,812,0.5,7,1,True,0.0,0.5029405749446425,0.007415987846120575,0.007415987846120964,0.007990923444219061,0.5056640742197895,0.0,0.0,20000
1.1,stationary,812,0.5,8,0,True,0.0,0.5029405749446424,0.0061323350056863846,0.006132335005686829,0.007045820846431889,0.50527517402794,0.0,0.0,20000
1.1,stationary,812,0.5,8,1,True,0.0,0.5029405749446424,0.0061323350056863846,0.006132335005686829,0.007045820846431889,0.50527517402794,0.0,0.0,20000
1.1,stationary,812,0.5,9,0,True,0.0,0.5029405749446423,0.006026110577710075,0.006026110577710075,0.007287649467746534,0.5046306058805688,0.0,0.0,20000
1.1,stationary,812,0.5,9,1,True,0.0,0.5029405749446423,0.006026110577710075,0.006026110577710075,0.007287649467746534,0.5046306058805688,0.0,0.0,20000
1.1,stationary,812,0.5,10,0,True,0.0,0.5029405749446422,0.004999250314457915,0.004999250314458581,0.003605757202723812,0.5005596947823043,0.0,0.0,20000
1.1,stationary,812,0.5,10,1,True,0.0,0.5029405749446422,0.004999250314457915,0.004999250314458581,0.003605757202723812,0.5005596947823043,0.0,0.0,20000
1.1,stationary,812,0.5,11,0,True,0.0,0.5029405749446422,0.007310093403786744,0.007310093403787354,0.0074577782760286565,0.4978218198700954,0.0,0.0,20000
1.1,stationary,812,0.5,11,1,True,0.0,0.5029405749446422,0.007310093403786744,0.007310093403787354,0.0074577782760286565,0.4978218198700954,0.0,0.0,20000
1.1,stationary,812,0.5,12,0,True,0.0,0.5029405749446421,0.006868665608819158,0.006868665608819935,0.001379662323154034,0.497015934851476,0.0,0.0,20000
1.1,stationary,812,0.5,12,1,True,0.0,0.5029405749446421,0.006868665608819158,0.006868665608819935,0.001379662323154034,0.497015934851476,0.0,0.0,20000
1.1,stationary,812,0.5,13,0,True,0.0,0.5029405749446421,0.006545357624513082,0.006545357624513859,0.005962415053522611,0.49478643708473613,0.0,0.0,20000
1.1,stationary,812,0.5,13,1,True,0.0,0.5029405749446421,0.006545357624513082,0.006545357624513859,0.005962415053522611,0.49478643708473613,0.0,0.0,20000
1.1,stationary,812,0.5,14,0,True,0.0,0.502940574944642,0.0068591602463860535,0.006859160246386831,0.007220726020480589,0.5009396864974986,0.0,0.0,20000
1.1,stationary,812,0.5,14,1,True,0.0,0.502940574944642,0.0068591602463860535,0.006859160246386831,0.007220726020480589,0.5009396864974986,0.0,0.0,20000
1.1,stationary,812,0.5,15,0,True,0.0,0.502940574944642,0.00617678799933874,0.0061767879993395725,0.004297354902704907,0.49785511474184846,0.0,0.0,20000
1.1,stationary,812,0.5,15,1,True,0.0,0.502940574944642,0.00617678799933874,0.0061767879993395725,0.004297354902704907,0.49785511474184846,0.0,0.0,20000
1.1,stationary,812,0.5,16,0,True,0.0,0.502940574944642,0.008535164418091268,0.0085351644180921,0.006677426738045979,0.49282652425530826,0.0,0.0,20000
1.1,stationary,812,0.5,16,1,True,0.0,0.502940574944642,0.008535164418091268,0.0085351644180921,0.006677426738045979,0.49282652425530826,0.0,0.0,20000
1.1,heterogeneous,810,0.0,0,0,True,-0.5,0.30176434496678667,0.008112759965572147,0.3689360668942171,-0.4933617337112671,0.30121829294922675,2.2801867294034985,0.52765,0
1.1,heterogeneous,810,0.0,0,1,True,0.5,0.7041168049225023,0.005562750163889518,0.2638981211819803,0.5078927078430923,0.6985557104934385,2.2801867294034985,0.52765,0
1.1,heterogeneous,810,0.0,1,0,True,-0.5297933827787121,0.42429129517554115,0.00813835270772889,0.3309310110582425,-0.5243053891329921,0.42123155203034257,2.080440138288045,0.40579999999999994,0
1.1,heterogeneous,810,0.0,1,1,True,0.30590625775864405,0.7713807780076726,0.006389255772387692,0.1768013040940053,0.30917916600937384,0.7789491941644415,2.080440138288045,0.40579999999999994,0
1.1,heterogeneous,810,0.0,2,0,True,-0.4934323652082664,0.5772026827981622,0.007821840899403049,0.2737618781962967,-0.48973107804018745,0.5668402608034987,1.9895980578943997,0.30939999999999995,0
1.1,heterogeneous,810,0.0,2,1,True,0.17302941465373609,0.7320755013962448,0.00852797640542391,0.1264171967862976,0.19042301299718375,0.7426743841951031,1.9895980578943997,0.30939999999999995,0
1.1,heterogeneous,810,0.0,3,0,True,-0.37057194651608055,0.6869310716162896,0.003890383583526724,0.20644066070191214,-0.37515968881681033,0.6832468666205117,1.962316084954757,0.22334999999999994,0
1.1,heterogeneous,810,0.0,3,1,True,0.10521787021812125,0.6805007851161987,0.009290464644657603,0.09094011709230432,0.12173694813033792,0.6889981598540635,1.962316084954757,0.22334999999999994,0
1.1,heterogeneous,810,0.0,4,0,True,-0.23770656376406696,0.7040305424602282,0.005737152755086683,0.14760570413595886,-0.24088157358425816,0.7098307454631112,1.9554684757067686,0.15150000000000002,0
1.1,heterogeneous,810,0.0,4,1,True,0.06911051571490565,0.639379924022703,0.0035886705233111327,0.06466577331188172,0.07535365244530969,0.63985963529662,1.9554684757067686,0.15150000000000002,0
1.1,heterogeneous,810,0.0,5,0,True,-0.1501782907325322,0.6756024238305777,0.004950427085105957,0.10476684151113802,-0.15968590250613995,0.6810879298102999,1.9840407180237962,0.10420000000000001,0
1.1,heterogeneous,810,0.0,5,1,True,0.04805069479054164,0.6086892114356109,0.0046232065330580885,0.04725106761500286,0.044950061403382306,0.6141852491537625,1.9840407180237962,0.10420000000000001,0
1.1,heterogeneous,810,0.0,6,0,True,-0.0992265968209197,0.6414914151555012,0.002902494910387854,0.07501341206914763,-0.09962270227468746,0.6403302636423279,1.9921368408532685,0.07569999999999999,0
1.1,heterogeneous,810,0.0,6,1,True,0.03478556500038164,0.5857651700041852,0.0064914716929619365,0.039338877527099636,0.0356290788536158,0.5937083792251526,1.9921368408532685,0.07569999999999999,0
1.1,heterogeneous,810,0.0,7,0,True,-0.06877852171402969,0.6125179212991394,0.006693271704279247,0.05559804214711178,-0.0643846588930391,0.6189689398797408,1.9944512167404078,0.05654999999999999,0
1.1,heterogeneous,810,0.0,7,1,True,0.025926190130084834,0.568412111560111,0.0071893947181573825,0.03251762852482354,0.03139864241528299,0.5740240002088606,1.9944512167404078,0.05654999999999999,0
1.1,heterogeneous,810,0.0,8,0,True,-0.04954369282375269,0.5896602898423192,0.006563733698802032,0.045841190146093946,-0.04758028459748926,0.5966237568765564,1.9873173442711818,0.0398,0
1.1,heterogeneous,810,0.0,8,1,True,0.019741830139970638,0.5550875337767642,0.005863981439692911,0.019896975211239898,0.014205976529852515,0.5517834175778868,1.9873173442711818,0.0398,0
1.1,heterogeneous,810,0.0,9,0,True,-0.03674615787892276,0.571888589337649,0.0078092104549851715,0.04146401299636521,-0.04354997925553632,0.5749884404945252,1.983436913993809,0.0408,0
1.1,heterogeneous,810,0.0,9,1,True,0.015276804469318448,0.5447273869862643,0.003616377654623748,0.021151105064073805,0.019363477107666543,0.5415356916103025,1.983436913993809,0.0408,0
1.1,heterogeneous,810,0.0,10,0,True,-0.02786252494115344,0.5580447585257472,0.00612098152568008,0.033005784497231905,-0.03453740004500258,0.557032568214434,1.9863186828267796,0.030200000000000005,0
1.1,heterogeneous,810,0.0,10,1,True,0.011968123911422022,0.5365880557949735,0.006585298184866861,0.01476075934831611,0.012860577342037487,0.530816788684227,1.9863186828267796,0.030200000000000005,0
1.1,heterogeneous,810,0.0,11,0,True,-0.02148474408075739,0.5471911879499533,0.004646667992829201,0.02603270345737485,-0.02703354942479832,0.5465275152514205,1.9851578159990342,0.022950000000000026,0
1.1,heterogeneous,810,0.0,11,1,True,0.009465970987651302,0.5301391905800534,0.006061991559897506,0.012342753463424616,0.01057835560109157,0.5270337536830918,1.9851578159990342,0.022950000000000026,0
1.1,heterogeneous,810,0.0,12,0,True,-0.01678276561548776,0.5386210927458549,0.005471306590329739,0.02264516964298452,-0.02314565542107922,0.5395678761221223,2.0036287295112536,0.02360000000000001,0
1.1,heterogeneous,810,0.0,12,1,True,0.007543160731490735,0.5249946305657875,0.00631515254524273,0.015011466122127004,0.015458351559578514,0.5306934944764075,2.0036287295112536,0.02360000000000001,0
1.1,heterogeneous,810,0.0,13,0,True,-0.013242652048035815,0.531809198329055,0.009162541730417195,0.022970298584313098,-0.024966431657406814,0.5357404555897828,2.008052832921312,0.018400000000000027,0
1.1,heterogeneous,810,0.0,13,1,True,0.006046595685954421,0.5208678318745439,0.005937670200403977,0.009788182870320683,0.005089066563827591,0.5278648192324629,2.008052832921312,0.018400000000000027,0
1.1,heterogeneous,810,0.0,14,0,True,-0.010532390547935047,0.5263636370420646,0.007488496409845613,0.018436390301119043,-0.018691369144949687,0.5272298303045316,1.9978919706196294,0.013999999999999957,0
1.1,heterogeneous,810,0.0,14,1,True,0.004869843637810253,0.5175426194126129,0.0064747485917353576,0.009556575959387914,0.0032807296309641546,0.5265601903709878,1.9978919706196294,0.013999999999999957,0
1.1,heterogeneous,810,0.0,15,0,True,-0.00842954691192398,0.5219892051476053,0.007288903671597291,0.01606314795525693,-0.01756877110570543,0.5252406766829217,2.0022472825391042,0.011099999999999999,0
1.1,heterogeneous,810,0.0,15,1,True,0.0039369386878806666,0.5148535750743853,0.005880717943619718,0.00839717557287048,6.488049842399586e-06,0.5192148366230793,2.0022472825391042,0.011099999999999999,0
1.1,heterogeneous,810,0.0,16,0,True,-0.006780387326455228,0.5184610104458371,0.006921581192946613,0.008006906673612812,-0.004535659266378793,0.5209596391666644,1.9921791623710967,0.005750000000000005,0
1.1,heterogeneous,810,0.0,16,1,True,0.0031924343054640695,0.5126725897599316,0.004073979471083733,0.005367304373727677,0.0015703918543075292,0.5132520307447354,1.9921791623710967,0.005750000000000005,0
1.1,heterogeneous,811,0.0,0,0,True,-0.5,0.30176434496678667,0.007202139160969789,0.3686804395182286,-0.4952940435394082,0.3017931462651739,2.283932885296933,0.5226500000000001,0
1.1,heterogeneous,811,0.0,0,1,True,0.5,0.7041168049225023,0.007759950816226158,0.2631268749090694,0.5074720561360052,0.7201554495213492,2.283932885296933,0.5226500000000001,0
1.1,heterogeneous,811,0.0,1,0,True,-0.5297933827787121,0.42429129517554115,0.0060977260466489325,0.33325288091075217,-0.52338446040652,0.42580604003883554,2.081557644758718,0.40530000000000005,0
1.1,heterogeneous,811,0.0,1,1,True,0.30590625775864405,0.7713807780076726,0.0027435476563329314,0.17632619101804692,0.3070562395548033,0.777662818186324,2.081557644758718,0.40530000000000005,0
1.1,heterogeneous,811,0.0,2,0,True,-0.4934323652082664,0.5772026827981622,0.007947074582322244,0.27349395393638165,-0.48726184665996874,0.5657086078232539,1.99568841167434,0.30169999999999997,0
1.1,heterogeneous,811,0.0,2,1,True,0.17302941465373609,0.7320755013962448,0.0032454123058737183,0.12027923089966275,0.17290820925760053,0.7380994927004383,1.99568841167434,0.30169999999999997,0
1.1,heterogeneous,811,0.0,3,0,True,-0.37057194651608055,0.6869310716162896,0.006278666992244275,0.20725505844298175,-0.3774236219557691,0.667482991227107,1.9816637567782986,0.21925,0
1.1,heterogeneous,811,0.0,3,1,True,0.10521787021812125,0.6805007851161987,0.006912133027723005,0.08701731335370921,0.11312266613229582,0.6650975528325251,1.9816637567782986,0.21925,0
1.1,heterogeneous,811,0.0,4,0,True,-0.23770656376406696,0.7040305424602282,0.004110740509288641,0.14546591165405964,-0.24203765243739866,0.6984785143485341,1.989267726289063,0.1456,0
1.1,heterogeneous,811,0.0,4,1,True,0.06911051571490565,0.639379924022703,0.00763310562386077,0.06215663223128842,0.07099253630759758,0.6319503811131424,1.989267726289063,0.1456,0
1.1,heterogeneous,811,0.0,5,0,True,-0.1501782907325322,0.6756024238305777,0.006376319611638648,0.10722157206637745,-0.15872321161601266,0.6763916745597377,1.9855985156924796,0.10775000000000001,0
1.1,heterogeneous,811,0.0,5,1,True,0.04805069479054164,0.6086892114356109,0.00654874974703698,0.049930254253187756,0.05422927835206306,0.607450199556115,1.9855985156924796,0.10775000000000001,0
1.1,heterogeneous,811,0.0,6,0,True,-0.0992265968209197,0.6414914151555012,0.007198115240579339,0.0812640585669131,-0.10585752848060143,0.6425336765480023,1.9816469802981636,0.07615,0
1.1,heterogeneous,811,0.0,6,1,True,0.03478556500038164,0.5857651700041852,0.00347885949738741,0.03613631747811874,0.03581682433788617,0.5863568555575442,1.9816469802981636,0.07615,0
1.1,heterogeneous,811,0.0,7,0,True,-0.06877852171402969,0.6125179212991394,0.0039850766502559365,0.05773765747354881,-0.0668951954950924,0.6082560953073529,1.983470520620119,0.051449999999999996,0
1.1,heterogeneous,811,0.0,7,1,True,0.025926190130084834,0.568412111560111,0.004114307102729808,0.027936685085719448,0.024021038789568402,0.5668447756927799,1.983470520620119,0.051449999999999996,0
1.1,heterogeneous,811,0.0,8,0,True,-0.04954369282375269,0.5896602898423192,0.005848427871974593,0.044342718226079214,-0.04708233190759353,0.5837522766578029,1.9985442728761404,0.044300000000000006,0
1.1,heterogeneous,811,0.0,8,1,True,0.019741830139970638,0.5550875337767642,0.006652565174387948,0.026890309650589694,0.027794316301438533,0.5493709273842108,1.9985442728761404,0.044300000000000006,0
1.1,heterogeneous,811,0.0,9,0,True,-0.03674615787892276,0.571888589337649,0.0073838281127264205,0.030371038579689313,-0.028013775799019442,0.5623885073898579,2.0046614388933297,0.03169999999999995,0
1.1,heterogeneous,811,0.0,9,1,True,0.015276804469318448,0.5447273869862643,0.006339348561130942,0.020538772347202916,0.023666181735546472,0.5376778619653181,2.0046614388933297,0.03169999999999995,0
1.1,heterogeneous,811,0.0,10,0,True,-0.02786252494115344,0.5580447585257472,0.005594204828733018,0.027009229772411047,-0.0232806733702876,0.5589281823890897,1.9993320184134478,0.026349999999999985,0
1.1,heterogeneous,811,0.0,10,1,True,0.011968123911422022,0.5365880557949735,0.005906622156839569,0.01560708351068163,0.01693312661406648,0.5282167734470044,1.9993320184134478,0.026349999999999985,0
1.1,heterogeneous,811,0.0,11,0,True,-0.02148474408075739,0.5471911879499533,0.005337650568354668,0.021798233770443598,-0.017566328767941036,0.5445088876471353,1.9940343569076078,0.023249999999999993,0
1.1,heterogeneous,811,0.0,11,1,True,0.009465970987651302,0.5301391905800534,0.007000695626158682,0.01624037899256925,0.01941991889414464,0.5253827942652002,1.9940343569076078,0.023249999999999993,0
1.1,heterogeneous,811,0.0,12,0,True,-0.01678276561548776,0.5386210927458549,0.005760161481243142,0.017402260400583014,-0.012968883422671223,0.5349879714725063,1.998031872804014,0.015550000000000064,0
1.1,heterogeneous,811,0.0,12,1,True,0.007543160731490735,0.5249946305657875,0.006506937477980923,0.011266703912651499,0.009058385336462714,0.5211909255944889,1.998031872804014,0.015550000000000064,0
1.1,heterogeneous,811,0.0,13,0,True,-0.013242652048035815,0.531809198329055,0.007092892634610493,0.014199157026156706,-0.008709631321173797,0.5282669540926364,1.9969691849712212,0.012950000000000017,0
1.1,heterogeneous,811,0.0,13,1,True,0.006046595685954421,0.5208678318745439,0.004689855949471022,0.011449791007485777,0.006531289550120167,0.5230676147879472,1.9969691849712212,0.012950000000000017,0
1.1,heterogeneous,811,0.0,14,0,True,-0.010532390547935047,0.5263636370420646,0.008943542482759859,0.009921008138258802,-0.003043413358831298,0.5207865091181929,1.991469845378259,0.007950000000000013,0
1.1,heterogeneous,811,0.0,14,1,True,0.004869843637810253,0.5175426194126129,0.003352121176372236,0.008753605081861182,0.004177589083287843,0.5194967478053579,1.991469845378259,0.007950000000000013,0
1.1,heterogeneous,811,0.0,15,0,True,-0.00842954691192398,0.5219892051476053,0.006622527858739624,0.008723571664492669,-0.004745018578438523,0.5151482373140092,2.0019156537343266,0.009850000000000025,0
1.1,heterogeneous,811,0.0,15,1,True,0.0039369386878806666,0.5148535750743853,0.0054796481017800325,0.010228944152178565,0.0044238185170584355,0.5138240229408177,2.0019156537343266,0.009850000000000025,0
1.1,heterogeneous,811,0.0,16,0,True,-0.006780387326455228,0.5184610104458371,0.005386883656291808,0.007432908855514342,-0.005379859849865403,0.5113031504105363,2.000673737190828,0.009149999999999991,0
1.1,heterogeneous,811,0.0,16,1,True,0.0031924343054640695,0.5126725897599316,0.0038891205135056506,0.007843055230887686,8.63754790140494e-05,0.516317243786693,2.000673737190828,0.009149999999999991,0
1.1,heterogeneous,812,0.0,0,0,True,-0.5,0.30176434496678667,0.010200565956112573,0.3687987594661672,-0.4924101483203429,0.30022231917931963,2.277900538172662,0.5216999999999999,0
1.1,heterogeneous,812,0.0,0,1,True,0.5,0.7041168049225023,0.005451187404542868,0.25898519522829927,0.4910772032620899,0.7041805155334145,2.277900538172662,0.5216999999999999,0
1.1,heterogeneous,812,0.0,1,0,True,-0.5297933827787121,0.42429129517554115,0.012030452256784063,0.3305732293375082,-0.5200136157024182,0.4221626786769528,2.0794443153928537,0.40295000000000003,0
1.1,heterogeneous,812,0.0,1,1,True,0.30590625775864405,0.7713807780076726,0.006485735680944571,0.1728377352291569,0.2969480677476656,0.764750685277574,2.0794443153928537,0.40295000000000003,0
1.1,heterogeneous,812,0.0,2,0,True,-0.4934323652082664,0.5772026827981622,0.008740105252033226,0.2742661638260424,-0.4886915283129145,0.5659487211615506,1.99565011929396,0.30265,0
1.1,heterogeneous,812,0.0,2,1,True,0.17302941465373609,0.7320755013962448,0.00542666362459665,0.11652498589868554,0.16583563920622363,0.7322374313423184,1.99565011929396,0.30265,0
1.1,heterogeneous,812,0.0,3,0,True,-0.37057194651608055,0.6869310716162896,0.00679604822304003,0.20457154719445503,-0.36974905271095737,0.6750720090231498,1.9797671766975233,0.21874999999999994,0
1.1,heterogeneous,812,0.0,3,1,True,0.10521787021812125,0.6805007851161987,0.005610777947484102,0.08888795261991667,0.11377421555566973,0.6850419839568166,1.9797671766975233,0.21874999999999994,0
1.1,heterogeneous,812,0.0,4,0,True,-0.23770656376406696,0.7040305424602282,0.007014985548009001,0.14896631923384102,-0.24774904226014405,0.7085729330644633,1.9703590429164117,0.14844999999999997,0
1.1,heterogeneous,812,0.0,4,1,True,0.06911051571490565,0.639379924022703,0.005921302737255912,0.06154667294266336,0.06323789632283006,0.645051270440922,1.9703590429164117,0.14844999999999997,0
1.1,heterogeneous,812,0.0,5,0,True,-0.1501782907325322,0.6756024238305777,0.006782274440262359,0.1077492823057079,-0.15984711769767218,0.6744320200005831,1.9712342474068096,0.10600000000000004,0
1.1,heterogeneous,812,0.0,5,1,True,0.04805069479054164,0.6086892114356109,0.003829582818906385,0.046881715452628425,0.046993081566851225,0.6101217535151142,1.9712342474068096,0.10600000000000004,0
1.1,heterogeneous,812,0.0,6,0,True,-0.0992265968209197,0.6414914151555012,0.005755090439156341,0.08024532683637858,-0.10543220586018191,0.6489877243756286,1.9691640872889045,0.08005000000000007,0
1.1,heterogeneous,812,0.0,6,1,True,0.03478556500038164,0.5857651700041852,0.005174440689521997,0.03887534681294946,0.039115781514184295,0.5879155281753261,1.9691640872889045,0.08005000000000007,0
1.1,heterogeneous,812,0.0,7,0,True,-0.06877852171402969,0.6125179212991394,0.005090801435522929,0.06007131544381983,-0.06895762161079419,0.6163824813908105,1.9885473545966583,0.06054999999999999,0
1.1,heterogeneous,812,0.0,7,1,True,0.025926190130084834,0.568412111560111,0.005936499394115391,0.030667969403686768,0.02978803943695116,0.5700784422950099,1.9885473545966583,0.06054999999999999,0
1.1,heterogeneous,812,0.0,8,0,True,-0.04954369282375269,0.5896602898423192,0.008304340842666125,0.049837195188757344,-0.05645944578379776,0.5929377146803747,1.9886576246129382,0.05070000000000002,0
1.1,heterogeneous,812,0.0,8,1,True,0.019741830139970638,0.5550875337767642,0.005907386601532505,0.026343211945942246,0.023270556589018093,0.5563189091344002,1.9886576246129382,0.05070000000000002,0
1.1,heterogeneous,812,0.0,9,0,True,-0.03674615787892276,0.571888589337649,0.006851475674004459,0.036419015869451954,-0.04068738277225552,0.5682300870978205,1.993244161082713,0.03820000000000001,0
1.1,heterogeneous,812,0.0,9,1,True,0.015276804469318448,0.5447273869862643,0.005714452761671651,0.02014517235319646,0.0184956144417499,0.5397552050341732,1.993244161082713,0.03820000000000001,0
1.1,heterogeneous,812,0.0,10,0,True,-0.02786252494115344,0.5580447585257472,0.006260538297667317,0.023820532870956257,-0.024089132901676715,0.5555650194881387,1.9951789549528671,0.024550000000000016,0
1.1,heterogeneous,812,0.0,10,1,True,0.011968123911422022,0.5365880557949735,0.004665935223548454,0.014661199043926154,0.012002729248455338,0.5387930230578204,1.9951789549528671,0.024550000000000016,0
1.1,heterogeneous,812,0.0,11,0,True,-0.02148474408075739,0.5471911879499533,0.0049032886322883384,0.020106207751965866,-0.020999160106539936,0.5467472694635688,2.0137300648748298,0.02405000000000007,0
1.1,heterogeneous,812,0.0,11,1,True,0.009465970987651302,0.5301391905800534,0.006248986351025332,0.016056258830806414,0.01587364783517352,0.5275533109327548,2.0137300648748298,0.02405000000000007,0
1.1,heterogeneous,812,0.0,12,0,True,-0.01678276561548776,0.5386210927458549,0.005695836296277901,0.015417433557276039,-0.013901640595162202,0.5384735204053499,2.0058875840217794,0.01524999999999993,0
1.1,heterogeneous,812,0.0,12,1,True,0.007543160731490735,0.5249946305657875,0.0032246361048884342,0.01093030893955016,0.00909167079971058,0.5261653112887413,2.0058875840217794,0.01524999999999993,0
1.1,heterogeneous,812,0.0,13,0,True,-0.013242652048035815,0.531809198329055,0.006179968088044718,0.01186651665641883,-0.010495737426815612,0.5304963689497071,2.010428291899365,0.011300000000000032,0
1.1,heterogeneous,812,0.0,13,1,True,0.006046595685954421,0.5208678318745439,0.005794671102218887,0.009015530468282254,0.006053331175611958,0.5121840407020115,2.010428291899365,0.011300000000000032,0
1.1,heterogeneous,812,0.0,14,0,True,-0.010532390547935047,0.5263636370420646,0.004543570052299661,0.009603895816834573,-0.011433671149668843,0.5234121044720752,2.0134330355353747,0.01545000000000002,0
1.1,heterogeneous,812,0.0,14,1,True,0.004869843637810253,0.5175426194126129,0.0060675895793311785,0.009326591452531341,0.011573034196383364,0.5100918040007919,2.0134330355353747,0.01545000000000002,0
1.1,heterogeneous,812,0.0,15,0,True,-0.00842954691192398,0.5219892051476053,0.005430919277744972,0.006819449623105267,-0.008100030270828779,0.5158841001876253,2.005646108055002,0.011149999999999993,0
1.1,heterogeneous,812,0.0,15,1,True,0.0039369386878806666,0.5148535750743853,0.0033454599780070593,0.006235359200997381,0.005966232046662773,0.5108245478875955,2.005646108055002,0.011149999999999993,0
1.1,heterogeneous,812,0.0,16,0,True,-0.006780387326455228,0.5184610104458371,0.006767264682280061,0.008268978542642746,-0.011100820483013255,0.5094122107541115,1.9937823113892683,0.010299999999999976,0
1.1,heterogeneous,812,0.0,16,1,True,0.0031924343054640695,0.5126725897599316,0.005709189375050161,0.005739638118204049,0.0022029792808809737,0.5112367678680951,1.9937823113892683,0.010299999999999976,0
1.5,stationary,810,0.0,0,0,True,0.0,0.8585596366400702,0.00647184984048188,0.00647184984048188,-0.013032111983349363,0.8572250522447392,2.0010341493660277,0.00990000000000002,0
1.5,stationary,810,0.0,0,1,True,0.0,0.8585596366400702,0.004194319005736524,0.004194319005736524,0.005392834627947743,0.8670812552749141,2.0010341493660277,0.00990000000000002,0
1.5,stationary,810,0.0,1,0,True,0.0,0.8585596366400945,0.0069016879136039044,0.006901687913599686,-0.013970615713452475,0.8427383361813565,2.0045872211416436,0.00824999999999998,0
1.5,stationary,810,0.0,1,1,True,0.0,0.8585596366400945,0.006351509530549859,0.006351509530553412,-0.004343413470688045,0.8694085792569171,2.0045872211416436,0.00824999999999998,0
1.5,stationary,810,0.0,2,0,True,0.0,0.8585596366401042,0.007362584162894925,0.007362584162889041,-0.013392969590270377,0.8473041938971075,1.9826217318896473,0.006199999999999983,0
1.5,stationary,810,0.0,2,1,True,0.0,0.8585596366401042,0.004668300104542555,0.004668300104537115,-0.0053768735161539,0.8580093874713179,1.9826217318896473,0.006199999999999983,0
1.5,stationary,810,0.0,3,0,True,0.0,0.8585596366401079,0.007469152527908474,0.0074691525279028115,0.002093642743639378,0.8456540038803528,2.004615595017146,0.008300000000000002,0
1.5,stationary,810,0.0,3,1,True,0.0,0.8585596366401079,0.004508225561181967,0.004508225561188184,0.003953675932441508,0.85638555553544,2.004615595017146,0.008300000000000002,0
1.5,stationary,810,0.0,4,0,True,0.0,0.8585596366401094,0.0077572643864519675,0.00775726438644786,0.0073771140872973835,0.8432814726073004,2.002613367295977,0.005349999999999966,0
1.5,stationary,810,0.0,4,1,True,0.0,0.8585596366401094,0.0065594128166336085,0.006559412816626614,0.00934416250974791,0.8476615967629426,2.002613367295977,0.005349999999999966,0
1.5,stationary,810,0.0,5,0,True,0.0,0.8585596366401099,0.006998114228113028,0.006998114228106922,0.010161856662876572,0.8556739029803079,1.9905493185107719,0.010800000000000032,0
1.5,stationary,810,0.0,5,1,True,0.0,0.8585596366401099,0.004724147393568412,0.004724147393575573,-0.001869234883591904,0.8618502424370604,1.9905493185107719,0.010800000000000032,0
1.5,stationary,810,0.0,6,0,True,0.0,0.8585596366401103,0.0033430161090791666,0.003343016109072783,0.00047426992696236465,0.8531432684800897,1.988160982679127,0.006200000000000094,0
1.5,stationary,810,0.0,6,1,True,0.0,0.8585596366401103,0.006176369102434631,0.00617636910243019,0.008482073043783483,0.8666155899562296,1.988160982679127,0.006200000000000094,0
1.5,stationary,810,0.0,7,0,True,0.0,0.8585596366401103,0.005894596978485822,0.00589459697847905,-0.007403284047411244,0.8381933276346012,2.0034001636033443,0.008200000000000013,0
1.5,stationary,810,0.0,7,1,True,0.0,0.8585596366401103,0.005930624673396112,0.005930624673402329,0.000701999688386245,0.8538776799238397,2.0034001636033443,0.008200000000000013,0
1.5,stationary,810,0.0,8,0,True,0.0,0.8585596366401104,0.0049618837188583065,0.004961883718851867,-0.00825465848326056,0.8462146477368095,2.0128902860509745,0.008350000000000024,0
1.5,stationary,810,0.0,8,1,True,0.0,0.8585596366401104,0.006003426332620021,0.006003426332614137,0.0032918100937043447,0.8527974951405897,2.0128902860509745,0.008350000000000024,0
1.5,stationary,810,0.0,9,0,True,0.0,0.8585596366401104,0.007822282118643886,0.007822282118636448,-0.007780699225966518,0.8603062342464425,1.996403860902771,0.007050000000000001,0
1.5,stationary,810,0.0,9,1,True,0.0,0.8585596366401104,0.00820928945006294,0.00820928945006083,-0.015124135077981622,0.8646068032007361,1.996403860902771,0.007050000000000001,0
1.5,stationary,810,0.0,10,0,True,0.0,0.8585596366401104,0.007061302572878736,0.007061302572873129,0.014705821317682187,0.8574978482093584,1.9941467623092874,0.015450000000000075,0
1.5,stationary,810,0.0,10,1,True,0.0,0.8585596366401104,0.009733808892396945,0.009733808892389617,-0.01507028511704259,0.8345089952574409,1.9941467623092874,0.015450000000000075,0
1.5,stationary,810,0.0,11,0,True,0.0,0.8585596366401104,0.005202204676949873,0.005202204676943101,-0.007466120417280281,0.8456967354925562,2.0000602872804376,0.009599999999999942,0
1.5,stationary,810,0.0,11,1,True,0.0,0.8585596366401104,0.0051577816924294195,0.005157781692436747,0.0021157183731738225,0.8573786551327824,2.0000602872804376,0.009599999999999942,0
1.5,stationary,810,0.0,12,0,True,0.0,0.8585596366401104,0.004953559661096341,0.0049535596610906785,0.006097053693530733,0.8426764656922031,2.003075023372956,0.008550000000000058,0
1.5,stationary,810,0.0,12,1,True,0.0,0.8585596366401104,0.004824716228759407,0.004824716228752524,-0.003950480401218834,0.8677604806880442,2.003075023372956,0.008550000000000058,0
1.5,stationary,810,0.0,13,0,True,0.0,0.8585596366401104,0.006210456269148845,0.0062104562691550624,0.005216681890978887,0.8694467559410961,2.004749115304354,0.0131,0
1.5,stationary,810,0.0,13,1,True,0.0,0.8585596366401104,0.008631632756631258,0.008631632756638585,-0.013989400122700363,0.8621953050552382,2.004749115304354,0.0131,0
1.5,stationary,810,0.0,14,0,True,0.0,0.8585596366401104,0.005815130916655753,0.00581513091664837,-0.006173429408619364,0.8522113777087678,1.987418785277566,0.01090000000000002,0
1.5,stationary,810,0.0,14,1,True,0.0,0.8585596366401104,0.008360283792299972,0.008360283792293477,0.013538354530471553,0.8535628156792283,1.987418785277566,0.01090000000000002,0
1.5,stationary,810,0.0,15,0,True,0.0,0.8585596366401104,0.008905907932983792,0.008905907932988788,-0.012749994164991327,0.8669101387911744,1.9993101916657174,0.010899999999999993,0
1.5,stationary,810,0.0,15,1,True,0.0,0.8585596366401104,0.004381207901434231,0.004381207901426792,0.0020629440017369428,0.8500458377460075,1.9993101916657174,0.010899999999999993,0
1.5,stationary,810,0.0,16,0,True,0.0,0.8585596366401104,0.004300993729381433,0.004300993729376215,0.004013352909114291,0.8629722403028728,2.0048716391357453,0.007650000000000018,0
1.5,stationary,810,0.0,16,1,True,0.0,0.8585596366401104,0.0069934681151657685,0.006993468115158219,-0.008982530019424024,0.85426432134704,2.0048716391357453,0.007650000000000018,0
1.5,stationary,810,0.25,0,0,True,0.0,0.8585596366400702,0.00647184984048188,0.00647184984048188,-0.013032111983349363,0.8572250522447392,2.0010341493660277,0.00990000000000002,0
1.5,stationary,810,0.25,0,1,True,0.0,0.8585596366400702,0.004194319005736524,0.004194319005736524,0.005392834627947743,0.8670812552749141,2.0010341493660277,0.00990000000000002,0
1.5,stationary,810,0.25,1,0,True,0.0,0.8585596366400945,0.006711609444739197,0.006711609444742583,-0.008734649233918455,0.8591284692737025,0.8927595869554561,0.006000000000000005,0
1.5,stationary,810,0.25,1,1,True,0.0,0.8585596366400945,0.007694835580038251,0.0076948355800426915,-0.01587237000210981,0.866427375965162,0.8927595869554561,0.006000000000000005,0
1.5,stationary,810,0.25,2,0,False,0.0,0.8585596366400702,0.00503048023035968,0.00503048023035968,-0.004873123526538182,0.8678671667449362,0.8366584067192027,0.006349999999999967,0
1.5,stationary,810,0.25,2,1,False,0.0,0.8585596366400702,0.00618410923809376,0.00618410923809376,-0.006047840081956024,0.8644622844348422,0.8366584067192027,0.006349999999999967,0
1.5,stationary,810,0.25,3,0,False,0.0,0.8585596366400702,0.00580469321711391,0.00580469321711391,-0.00456731713303038,0.8575223473831843,0.8083530495686061,0.007550000000000057,0
1.5,stationary,810,0.25,3,1,False,0.0,0.8585596366400702,0.00889664890941877,0.00889664890941877,-0.012094404090700174,0.8483769676870512,0.8083530495686061,0.007550000000000057,0
1.5,stationary,810,0.25,4,0,False,0.0,0.8585596366400702,0.004309514945148085,0.004309514945148085,0.002998139971617661,0.8748951106152704,0.7862171879538244,0.005850000000000022,0
1.5,stationary,810,0.25,4,1,False,0.0,0.8585596366400702,0.0036366252319683934,0.0036366252319683934,0.003103795908409212,0.8632419211817731,0.7862171879538244,0.005850000000000022,0
1.5,stationary,810,0.25,5,0,False,0.0,0.8585596366400702,0.005440189766356296,0.005440189766356296,0.005836730291791957,0.8688531741667144,0.7652372456028528,0.00385000000000002,0
1.5,stationary,810,0.25,5,1,False,0.0,0.8585596366400702,0.0059050385609091816,0.0059050385609091816,0.00129685585745095,0.8620745570886101,0.7652372456028528,0.00385000000000002,0
1.5,stationary,810,0.25,6,0,False,0.0,0.8585596366400702,0.00619862175836472,0.00619862175836472,0.0022840813971020564,0.8570011369802952,0.7596768161701386,0.005149999999999988,0
1.5,stationary,810,0.25,6,1,False,0.0,0.8585596366400702,0.0056689407696868255,0.0056689407696868255,0.002170512232741572,0.8576123190613196,0.7596768161701386,0.005149999999999988,0
1.5,stationary,810,0.25,7,0,False,0.0,0.8585596366400702,0.01015443875763511,0.01015443875763511,-0.02388600407402639,0.8549309187172742,0.7630220407821787,0.007299999999999973,0
1.5,stationary,810,0.25,7,1,False,0.0,0.8585596366400702,0.008870087967517426,0.008870087967517426,-0.02118743199083685,0.8524168065736502,0.7630220407821787,0.007299999999999973,0
1.5,stationary,810,0.25,8,0,False,0.0,0.8585596366400702,0.005685438727079661,0.005685438727079661,-0.014259776388038721,0.8529745220310532,0.762321324710081,0.004200000000000037,0
1.5,stationary,810,0.25,8,1,False,0.0,0.8585596366400702,0.005451141753854416,0.005451141753854416,-0.005865021226960636,0.8645291814209749,0.762321324710081,0.004200000000000037,0
1.5,stationary,810,0.25,9,0,False,0.0,0.8585596366400702,0.00410157493001434,0.00410157493001434,7.165067174801087e-05,0.8584501856791724,0.7730609638181332,0.010950000000000015,0
1.5,stationary,810,0.25,9,1,False,0.0,0.8585596366400702,0.009316975342745115,0.009316975342745115,-0.01764622660149911,0.8678826891034814,0.7730609638181332,0.010950000000000015,0
1.5,stationary,810,0.25,10,0,False,0.0,0.8585596366400702,0.00506748998542339,0.00506748998542339,0.0058358618913846175,0.871708359884683,0.7665475285137311,0.004650000000000043,0
1.5,stationary,810,0.25,10,1,False,0.0,0.8585596366400702,0.0053574210409224055,0.0053574210409224055,0.0011279073737204062,0.876067742917156,0.7665475285137311,0.004650000000000043,0
1.5,stationary,810,0.25,11,0,False,0.0,0.8585596366400702,0.006366359480626277,0.006366359480626277,-0.0037773296336370554,0.8595470655867564,0.7574392837018822,0.005199999999999982,0
1.5,stationary,810,0.25,11,1,False,0.0,0.8585596366400702,0.004025721313195396,0.004025721313195396,0.001927991568208557,0.8620078527378439,0.7574392837018822,0.005199999999999982,0
1.5,stationary,810,0.25,12,0,False,0.0,0.8585596366400702,0.008073598448337438,0.008073598448337438,-0.014557935577089301,0.8629394039464399,0.75317072661126,0.009450000000000014,0
1.5,stationary,810,0.25,12,1,False,0.0,0.8585596366400702,0.006078002015334261,0.006078002015334261,-0.00994714142516663,0.8458150591755549,0.75317072661126,0.009450000000000014,0
1.5,stationary,810,0.25,13,0,False,0.0,0.8585596366400702,0.00576822201201399,0.00576822201201399,0.00429800815897264,0.8714362865398787,0.7482209718919547,0.006949999999999901,0
1.5,stationary,810,0.25,13,1,False,0.0,0.8585596366400702,0.005789456790113112,0.005789456790113112,0.008907827615423478,0.8609906332206183,0.7482209718919547,0.006949999999999901,0
1.5,stationary,810,0.25,14,0,False,0.0,0.8585596366400702,0.005249619135443001,0.005249619135443001,0.00536124486566119,0.8646200965081996,0.7710550953523915,0.007799999999999974,0
1.5,stationary,810,0.25,14,1,False,0.0,0.8585596366400702,0.00982340271924581,0.00982340271924581,0.017642181153546502,0.8546376189343953,0.7710550953523915,0.007799999999999974,0
1.5,stationary,810,0.25,15,0,False,0.0,0.8585596366400702,0.005182757555359796,0.005182757555359796,0.01090259839419895,0.844316884273075,0.7511825759876558,0.007100000000000023,0
1.5,stationary,810,0.25,15,1,False,0.0,0.8585596366400702,0.0043703023177372735,0.0043703023177372735,0.0023412451021468314,0.8623910849865876,0.7511825759876558,0.007100000000000023,0
1.5,stationary,810,0.25,16,0,False,0.0,0.8585596366400702,0.005839602608626315,0.005839602608626315,0.009271046570123911,0.8571084692657156,0.7510347629092885,0.0047000000000000375,0
1.5,stationary,810,0.25,16,1,False,0.0,0.8585596366400702,0.006506733753011029,0.006506733753011029,0.0061157952923272495,0.8581587085799876,0.7510347629092885,0.0047000000000000375,0
1.5,stationary,810,0.5,0,0,True,0.0,0.8585596366400702,0.00647184984048188,0.00647184984048188,-0.013032111983349363,0.8572250522447392,2.0010341493660277,0.00990000000000002,0
1.5,stationary,810,0.5,0,1,True,0.0,0.8585596366400702,0.004194319005736524,0.004194319005736524,0.005392834627947743,0.8670812552749141,2.0010341493660277,0.00990000000000002,0
1.5,stationary,810,0.5,1,0,True,0.0,0.8585596366400945,0.008674918359163841,0.008674918359166783,-0.017932733886381856,0.8570207005017505,0.0,0.0,20000
1.5,stationary,810,0.5,1,1,True,0.0,0.8585596366400945,0.008674918359163841,0.008674918359166783,-0.017932733886381856,0.8570207005017505,0.0,0.0,20000
1.5,stationary,810,0.5,2,0,True,0.0,0.8585596366401042,0.005747825934625861,0.0057478259346262495,-0.013582435858765968,0.8531218976011967,0.0,0.0,20000
1.5,stationary,810,0.5,2,1,True,0.0,0.8585596366401042,0.005747825934625861,0.0057478259346262495,-0.013582435858765968,0.8531218976011967,0.0,0.0,20000
1.5,stationary,810,0.5,3,0,True,0.0,0.8585596366401079,0.009902243247501441,0.009902243247505882,-0.016654934744451448,0.8545676689860111,0.0,0.0,20000
1.5,stationary,810,0.5,3,1,True,0.0,0.8585596366401079,0.009902243247501441,0.009902243247505882,-0.016654934744451448,0.8545676689860111,0.0,0.0,20000
1.5,stationary,810,0.5,4,0,True,0.0,0.8585596366401094,0.007774023105037442,0.007774023105044381,-0.00512663675611394,0.8782793288822706,0.0,0.0,20000
1.5,stationary,810,0.5,4,1,True,0.0,0.8585596366401094,0.007774023105037442,0.007774023105044381,-0.00512663675611394,0.8782793288822706,0.0,0.0,20000
1.5,stationary,810,0.5,5,0,True,0.0,0.8585596366401099,0.005468389292160286,0.005468389292166892,0.0032491538262801475,0.8695893669428303,0.0,0.0,20000
1.5,stationary,810,0.5,5,1,True,0.0,0.8585596366401099,0.005468389292160286,0.005468389292166892,0.0032491538262801475,0.8695893669428303,0.0,0.0,20000
1.5,stationary,810,0.5,6,0,True,0.0,0.8585596366401103,0.004684970392438315,0.0046849703924379815,0.01057325115314051,0.8538867450267531,0.0,0.0,20000
1.5,stationary,810,0.5,6,1,True,0.0,0.8585596366401103,0.004684970392438315,0.0046849703924379815,0.01057325115314051,0.8538867450267531,0.0,0.0,20000
1.5,stationary,810,0.5,7,0,True,0.0,0.8585596366401103,0.007404161953197652,0.0074041619531969305,0.016076459967275167,0.8606653377062587,0.0,0.0,20000
1.5,stationary,810,0.5,7,1,True,0.0,0.8585596366401103,0.007404161953197652,0.0074041619531969305,0.016076459967275167,0.8606653377062587,0.0,0.0,20000
1.5,stationary,810,0.5,8,0,True,0.0,0.8585596366401104,0.003789513124963617,0.0037895131249706115,0.005338919051733853,0.8663291664339121,0.0,0.0,20000
1.5,stationary,810,0.5,8,1,True,0.0,0.8585596366401104,0.003789513124963617,0.0037895131249706115,0.005338919051733853,0.8663291664339121,0.0,0.0,20000
1.5,stationary,810,0.5,9,0,True,0.0,0.8585596366401104,0.003960427332145355,0.003960427332145133,0.007870191198110442,0.8569643190506894,0.0,0.0,20000
1.5,stationary,810,0.5,9,1,True,0.0,0.8585596366401104,0.003960427332145355,0.003960427332145133,0.007870191198110442,0.8569643190506894,0.0,0.0,20000
1.5,stationary,810,0.5,10,0,True,0.0,0.8585596366401104,0.003748076173407444,0.003748076173412662,0.002042683988486401,0.857984746778536,0.0,0.0,20000
1.5,stationary,810,0.5,10,1,True,0.0,0.8585596366401104,0.003748076173407444,0.003748076173412662,0.002042683988486401,0.857984746778536,0.0,0.0,20000
1.5,stationary,810,0.5,11,0,True,0.0,0.8585596366401104,0.0058476028714997685,0.005847602871507207,0.00012291020439674904,0.8629233670494538,0.0,0.0,20000
1.5,stationary,810,0.5,11,1,True,0.0,0.8585596366401104,0.0058476028714997685,0.005847602871507207,0.00012291020439674904,0.8629233670494538,0.0,0.0,20000
1.5,stationary,810,0.5,12,0,True,0.0,0.8585596366401104,0.0050290301786595215,0.005029030178666849,-0.0003490124173481513,0.8660707562966304,0.0,0.0,20000
1.5,stationary,810,0.5,12,1,True,0.0,0.8585596366401104,0.0050290301786595215,0.005029030178666849,-0.0003490124173481513,0.8660707562966304,0.0,0.0,20000
1.5,stationary,810,0.5,13,0,True,0.0,0.8585596366401104,0.01012806237447561,0.01012806237447017,-0.020051993884619645,0.8532455878295986,0.0,0.0,20000
1.5,stationary,810,0.5,13,1,True,0.0,0.8585596366401104,0.01012806237447561,0.01012806237447017,-0.020051993884619645,0.8532455878295986,0.0,0.0,20000
1.5,stationary,810,0.5,14,0,True,0.0,0.8585596366401104,0.004450683451548032,0.004450683451551307,-0.000785278177670274,0.8564831280116298,0.0,0.0,20000
1.5,stationary,810,0.5,14,1,True,0.0,0.8585596366401104,0.004450683451548032,0.004450683451551307,-0.000785278177670274,0.8564831280116298,0.0,0.0,20000
1.5,stationary,810,0.5,15,0,True,0.0,0.8585596366401104,0.008630950337873089,0.008630950337877863,-0.011952610112733552,0.8703798917083055,0.0,0.0,20000
1.5,stationary,810,0.5,15,1,True,0.0,0.8585596366401104,0.008630950337873089,0.008630950337877863,-0.011952610112733552,0.8703798917083055,0.0,0.0,20000
1.5,stationary,810,0.5,16,0,True,0.0,0.8585596366401104,0.0065586803101638225,0.006558680310171261,-0.0031451451356634937,0.8787194067521323,0.0,0.0,20000
1.5,stationary,810,0.5,16,1,True,0.0,0.8585596366401104,0.0065586803101638225,0.006558680310171261,-0.0031451451356634937,0.8787194067521323,0.0,0.0,20000
1.5,stationary,811,0.0,0,0,True,0.0,0.8585596366400702,0.007698828942106495,0.007698828942106495,-0.0040927899814435995,0.8376782970606254,2.0010007188512695,0.008649999999999936,0
1.5,stationary,811,0.0,0,1,True,0.0,0.8585596366400702,0.004528229280784224,0.004528229280784224,-0.0015361701766473928,0.8565945728126614,2.0010007188512695,0.008649999999999936,0
1.5,stationary,811,0.0,1,0,True,0.0,0.8585596366400945,0.008087732387020319,0.008087732387015878,-0.0008934877882873128,0.8322997799081868,1.9972545790082008,0.009000000000000008,0
1.5,stationary,811,0.0,1,1,True,0.0,0.8585596366400945,0.008656640146253114,0.008656640146249561,-0.014063227672276735,0.8473642586109482,1.9972545790082008,0.009000000000000008,0
1.5,stationary,811,0.0,2,0,True,0.0,0.8585596366401042,0.005523439295294752,0.005523439295289423,0.007800692005428541,0.8522691493287433,1.9954115302570634,0.006750000000000034,0
1.5,stationary,811,0.0,2,1,True,0.0,0.8585596366401042,0.0037587588261319693,0.003758758826125863,-9.844366364333723e-05,0.8515846906011711,1.9954115302570634,0.006750000000000034,0
1.5,stationary,811,0.0,3,0,True,0.0,0.8585596366401079,0.01154868865438552,0.011548688654392292,0.010328507642042295,0.8755024656127997,1.9956017896183396,0.014800000000000035,0
1.5,stationary,811,0.0,3,1,True,0.0,0.8585596366401079,0.007183413984362286,0.007183413984367171,-0.008181617319513237,0.8607375173154858,1.9956017896183396,0.014800000000000035,0
1.5,stationary,811,0.0,4,0,True,0.0,0.8585596366401094,0.004740200455285837,0.0047402004552892785,-0.010113877920779727,0.8618119963132858,1.9903066160625182,0.00869999999999993,0
1.5,stationary,811,0.0,4,1,True,0.0,0.8585596366401094,0.004969519848311288,0.0049695198483139524,0.006754959842702539,0.8580008534269623,1.9903066160625182,0.00869999999999993,0
1.5,stationary,811,0.0,5,0,True,0.0,0.8585596366401099,0.006721398887469809,0.00672139888746337,-0.010660831387910612,0.8529273705150443,1.9936659841410131,0.011799999999999922,0
1.5,stationary,811,0.0,5,1,True,0.0,0.8585596366401099,0.005656883526838796,0.005656883526844458,0.007967594833705863,0.8697313627515466,1.9936659841410131,0.011799999999999922,0
1.5,stationary,811,0.0,6,0,True,0.0,0.8585596366401103,0.007328371338327311,0.007328371338334638,-0.005687763709668425,0.8758229564730824,1.979163178609282,0.009500000000000008,0
1.5,stationary,811,0.0,6,1,True,0.0,0.8585596366401103,0.0056357933390629444,0.005635793339068607,0.004882638813753448,0.8612567470907302,1.979163178609282,0.009500000000000008,0
1.5,stationary,811,0.0,7,0,True,0.0,0.8585596366401103,0.005883474714415526,0.005883474714421744,0.0029957843128112895,0.8740557893903507,1.9851219999181615,0.00660000000000005,0
1.5,stationary,811,0.0,7,1,True,0.0,0.8585596366401103,0.0027532595134744375,0.0027532595134757143,-0.0044816043309035694,0.8583814242021326,1.9851219999181615,0.00660000000000005,0
1.5,stationary,811,0.0,8,0,True,0.0,0.8585596366401104,0.005198232819854598,0.005198232819849491,0.007521064876511284,0.8518086168862047,1.996152629235368,0.006650000000000045,0
1.5,stationary,811,0.0,8,1,True,0.0,0.8585596366401104,0.004104445442169924,0.00410444544217714,-0.0035558396445731144,0.8613100027457989,1.996152629235368,0.006650000000000045,0
1.5,stationary,811,0.0,9,0,True,0.0,0.8585596366401104,0.006440553357088041,0.006440553357082046,-0.00014688727221144957,0.8562357343353717,1.9996140128336335,0.005599999999999994,0
1.5,stationary,811,0.0,9,1,True,0.0,0.8585596366401104,0.005979206535875803,0.005979206535873027,-0.01138719545807765,0.8595143330258029,1.9996140128336335,0.005599999999999994,0
1.5,stationary,811,0.0,10,0,True,0.0,0.8585596366401104,0.0069183886067017974,0.006918388606694359,0.00860623490925877,0.8334437251483293,2.0035836888413465,0.010700000000000043,0
1.5,stationary,811,0.0,10,1,True,0.0,0.8585596366401104,0.007357811271548997,0.007357811271545001,-0.011010282623891386,0.8493781245933543,2.0035836888413465,0.010700000000000043,0
1.5,stationary,811,0.0,11,0,True,0.0,0.8585596366401104,0.007065271084677305,0.007065271084674085,0.007247581595088135,0.8475017022629022,1.9970203203880177,0.007250000000000034,0
1.5,stationary,811,0.0,11,1,True,0.0,0.8585596366401104,0.006373520968177088,0.006373520968169871,-0.004586328328182561,0.8449209880369466,1.9970203203880177,0.007250000000000034,0
1.5,stationary,811,0.0,12,0,True,0.0,0.8585596366401104,0.005572230778857379,0.005572230778853049,-0.008877917855158075,0.8623514682658884,1.994050778634273,0.004799999999999999,0
1.5,stationary,811,0.0,12,1,True,0.0,0.8585596366401104,0.0046031590591029126,0.004603159059099249,-0.008231308450296775,0.864123416109889,1.994050778634273,0.004799999999999999,0
1.5,stationary,811,0.0,13,0,True,0.0,0.8585596366401104,0.005468817984447372,0.005468817984440544,-0.0026652858980344054,0.8490832952150829,1.997165890977102,0.010599999999999998,0
1.5,stationary,811,0.0,13,1,True,0.0,0.8585596366401104,0.007356960706269122,0.007356960706263904,-0.015923667359113488,0.8582094782149304,1.997165890977102,0.010599999999999998,0
1.5,stationary,811,0.0,14,0,True,0.0,0.8585596366401104,0.005336421124420565,0.00533642112441346,0.006364014704315088,0.8507594623727195,1.9913311255574841,0.008000000000000007,0
1.5,stationary,811,0.0,14,1,True,0.0,0.8585596366401104,0.005950989587604538,0.005950989587603428,-0.011891623413913156,0.8572613177789655,1.9913311255574841,0.008000000000000007,0
1.5,stationary,811,0.0,15,0,True,0.0,0.8585596366401104,0.008433622409396824,0.00843362240939094,-0.008554672060801176,0.853317309944132,1.9723250909568517,0.00714999999999999,0
1.5,stationary,811,0.0,15,1,True,0.0,0.8585596366401104,0.007458071655445542,0.007458071655443543,-0.014917170405158203,0.8589516838442488,1.9723250909568517,0.00714999999999999,0
1.5,stationary,811,0.0,16,0,True,0.0,0.8585596366401104,0.008316556904377381,0.008316556904371941,-0.01592711470559316,0.8487539943042832,1.9895852777719545,0.008900000000000019,0
1.5,stationary,811,0.0,16,1,True,0.0,0.8585596366401104,0.004602386147644549,0.004602386147651932,-0.0028196678390082354,0.8643739151172191,1.9895852777719545,0.008900000000000019,0
1.5,stationary,811,0.25,0,0,True,0.0,0.8585596366400702,0.007698828942106495,0.007698828942106495,-0.0040927899814435995,0.8376782970606254,2.0010007188512695,0.008649999999999936,0
1.5,stationary,811,0.25,0,1,True,0.0,0.8585596366400702,0.004528229280784224,0.004528229280784224,-0.0015361701766473928,0.8565945728126614,2.0010007188512695,0.008649999999999936,0
1.5,stationary,811,0.25,1,0,True,0.0,0.8585596366400945,0.01228669222058687,0.01228669222058254,-0.002809562725055427,0.8314681100974866,0.8864396747365774,0.008849999999999969,0
1.5,stationary,811,0.25,1,1,True,0.0,0.8585596366400945,0.011949678609347703,0.011949678609343817,-0.017896172581649383,0.8492703774465683,0.8864396747365774,0.008849999999999969,0
1.5,stationary,811,0.25,2,0,False,0.0,0.8585596366400702,0.009349233376491406,0.009349233376491406,0.006126568119185882,0.8402870608043844,0.8383745799970922,0.007600000000000051,0
1.5,stationary,811,0.25,2,1,False,0.0,0.8585596366400702,0.008578172803475947,0.008578172803475947,-0.0008840365438350026,0.8384475563918424,0.8383745799970922,0.007600000000000051,0
1.5,stationary,811,0.25,3,0,False,0.0,0.8585596366400702,0.009441862668629009,0.009441862668629009,0.02054242770554645,0.8498417842865288,0.8160087167415417,0.006400000000000072,0
1.5,stationary,811,0.25,3,1,False,0.0,0.8585596366400702,0.00875857126076951,0.00875857126076951,0.020979215357208966,0.8508941569177764,0.8160087167415417,0.006400000000000072,0
1.5,stationary,811,0.25,4,0,False,0.0,0.8585596366400702,0.0059024188819132295,0.0059024188819132295,0.00645271407507888,0.8436982177086152,0.7915022955886843,0.006450000000000067,0
1.5,stationary,811,0.25,4,1,False,0.0,0.8585596366400702,0.00639052557769576,0.00639052557769576,0.00992631697648716,0.8572835853394479,0.7915022955886843,0.006450000000000067,0
1.5,stationary,811,0.25,5,0,False,0.0,0.8585596366400702,0.003827780457659191,0.003827780457659191,0.006538189448234505,0.8582038730785155,0.7728925936872518,0.006699999999999984,0
1.5,stationary,811,0.25,5,1,False,0.0,0.8585596366400702,0.00827641662075046,0.00827641662075046,0.009135466367703557,0.8595461453588525,0.7728925936872518,0.006699999999999984,0
1.5,stationary,811,0.25,6,0,False,0.0,0.8585596366400702,0.003985504465668699,0.003985504465668699,0.0038855843565509165,0.8616100990414894,0.7661277509419853,0.005049999999999999,0
1.5,stationary,811,0.25,6,1,False,0.0,0.8585596366400702,0.0053601409372599496,0.0053601409372599496,0.006339398783613184,0.8651954389342724,0.7661277509419853,0.005049999999999999,0
1.5,stationary,811,0.25,7,0,False,0.0,0.8585596366400702,0.004571633616852089,0.004571633616852089,0.00035651926996901895,0.8567249288152193,0.764914973317565,0.005850000000000022,0
1.5,stationary,811,0.25,7,1,False,0.0,0.8585596366400702,0.0036304640421677137,0.0036304640421677137,-6.302242771705213e-06,0.8554173126623625,0.764914973317565,0.005850000000000022,0
1.5,stationary,811,0.25,8,0,False,0.0,0.8585596366400702,0.0043091346167688505,0.0043091346167688505,0.004423674062125642,0.8520537987972661,0.7523910686306563,0.00770000000000004,0
1.5,stationary,811,0.25,8,1,False,0.0,0.8585596366400702,0.004143061066422746,0.004143061066422746,-0.003916042403050657,0.8607965569186997,0.7523910686306563,0.00770000000000004,0
1.5,stationary,811,0.25,9,0,False,0.0,0.8585596366400702,0.003976150159132719,0.003976150159132719,0.006667977365943909,0.8563585923266402,0.7569331525790156,0.004750000000000004,0
1.5,stationary,811,0.25,9,1,False,0.0,0.8585596366400702,0.003717296922669866,0.003717296922669866,-0.0024132783340174643,0.8594014420882025,0.7569331525790156,0.004750000000000004,0
1.5,stationary,811,0.25,10,0,False,0.0,0.8585596366400702,0.005024892358335642,0.005024892358335642,0.008472404690873216,0.8598035074079364,0.7546465310279431,0.009999999999999953,0
1.5,stationary,811,0.25,10,1,False,0.0,0.8585596366400702,0.00897099899908832,0.00897099899908832,0.013685763371500327,0.8577205496955553,0.7546465310279431,0.009999999999999953,0
1.5,stationary,811,0.25,11,0,False,0.0,0.8585596366400702,0.006597924972434943,0.006597924972434943,0.0001110431284149227,0.8451899821697064,0.753721028356971,0.0039000000000000146,0
1.5,stationary,811,0.25,11,1,False,0.0,0.8585596366400702,0.004991933741293697,0.004991933741293697,-0.002366346082045112,0.8434691691153253,0.753721028356971,0.0039000000000000146,0
1.5,stationary,811,0.25,12,0,False,0.0,0.8585596366400702,0.007071088381825685,0.007071088381825685,0.014353785637694273,0.8564741663110446,0.7523085126432603,0.005750000000000033,0
1.5,stationary,811,0.25,12,1,False,0.0,0.8585596366400702,0.005456094463580141,0.005456094463580141,0.011519314260590018,0.8584050652160293,0.7523085126432603,0.005750000000000033,0
1.5,stationary,811,0.25,13,0,False,0.0,0.8585596366400702,0.007103030101983543,0.007103030101983543,0.006329382066601219,0.8423018891146916,0.7534645021088742,0.0042500000000000315,0
1.5,stationary,811,0.25,13,1,False,0.0,0.8585596366400702,0.007899410032695509,0.007899410032695509,0.003158223890569009,0.8380653641168676,0.7534645021088742,0.0042500000000000315,0
1.5,stationary,811,0.25,14,0,False,0.0,0.8585596366400702,0.0061041713657314645,0.0061041713657314645,-0.002655510539306377,0.8343001940096076,0.7326086187789093,0.006000000000000005,0
1.5,stationary,811,0.25,14,1,False,0.0,0.8585596366400702,0.0033659374082083415,0.0033659374082083415,0.0031809203657849946,0.862009669484568,0.7326086187789093,0.006000000000000005,0
1.5,stationary,811,0.25,15,0,False,0.0,0.8585596366400702,0.007413264128800057,0.007413264128800057,-0.018433979470785036,0.8690651074301732,0.7439095438420326,0.007750000000000035,0
1.5,stationary,811,0.25,15,1,False,0.0,0.8585596366400702,0.010479499181685448,0.010479499181685448,-0.024360650945646416,0.8706988918474963,0.7439095438420326,0.007750000000000035,0
1.5,stationary,811,0.25,16,0,False,0.0,0.8585596366400702,0.004819204097377017,0.004819204097377017,0.0036455632402914023,0.8666001196189137,0.7452794645001084,0.0064499999999999835,0
1.5,stationary,811,0.25,16,1,False,0.0,0.8585596366400702,0.006412204742975658,0.006412204742975658,-0.009013128670383523,0.8727790065804067,0.7452794645001084,0.0064499999999999835,0
1.5,stationary,811,0.5,0,0,True,0.0,0.8585596366400702,0.007698828942106495,0.007698828942106495,-0.0040927899814435995,0.8376782970606254,2.0010007188512695,0.008649999999999936,0
1.5,stationary,811,0.5,0,1,True,0.0,0.8585596366400702,0.004528229280784224,0.004528229280784224,-0.0015361701766473928,0.8565945728126614,2.0010007188512695,0.008649999999999936,0
1.5,stationary,811,0.5,1,0,True,0.0,0.8585596366400945,0.010522313911178527,0.01052231391117453,-0.006904850433566284,0.8485596945775715,0.0,0.0,20000
1.5,stationary,811,0.5,1,1,True,0.0,0.8585596366400945,0.010522313911178527,0.01052231391117453,-0.006904850433566284,0.8485596945775715,0.0,0.0,20000
1.5,stationary,811,0.5,2,0,True,0.0,0.8585596366401042,0.006859576785524291,0.006859576785523569,0.013051919032528676,0.8672680760133502,0.0,0.0,20000
1.5,stationary,811,0.5,2,1,True,0.0,0.8585596366401042,0.006859576785524291,0.006859576785523569,0.013051919032528676,0.8672680760133502,0.0,0.0,20000
1.5,stationary,811,0.5,3,0,True,0.0,0.8585596366401079,0.007975641456427152,0.00797564145642593,0.015899089213375673,0.8742234568434264,0.0,0.0,20000
1.5,stationary,811,0.5,3,1,True,0.0,0.8585596366401079,0.007975641456427152,0.00797564145642593,0.015899089213375673,0.8742234568434264,0.0,0.0,20000
1.5,stationary,811,0.5,4,0,True,0.0,0.8585596366401094,0.005839824923155323,0.005839824923153325,0.006826423934692004,0.8562083826865194,0.0,0.0,20000
1.5,stationary,811,0.5,4,1,True,0.0,0.8585596366401094,0.005839824923155323,0.005839824923153325,0.006826423934692004,0.8562083826865194,0.0,0.0,20000
1.5,stationary,811,0.5,5,0,True,0.0,0.8585596366401099,0.006295702889280663,0.006295702889276333,0.0056562101142276534,0.8576324430275992,0.0,0.0,20000
1.5,stationary,811,0.5,5,1,True,0.0,0.8585596366401099,0.006295702889280663,0.006295702889276333,0.0056562101142276534,0.8576324430275992,0.0,0.0,20000
1.5,stationary,811,0.5,6,0,True,0.0,0.8585596366401103,0.0031144444674470195,0.003114444467440469,-0.005121299431843451,0.8576664061693012,0.0,0.0,20000
1.5,stationary,811,0.5,6,1,True,0.0,0.8585596366401103,0.0031144444674470195,0.003114444467440469,-0.005121299431843451,0.8576664061693012,0.0,0.0,20000
1.5,stationary,811,0.5,7,0,True,0.0,0.8585596366401103,0.004126184256028842,0.0041261842560315065,-0.008130265532089533,0.8479853363159415,0.0,0.0,20000
1.5,stationary,811,0.5,7,1,True,0.0,0.8585596366401103,0.004126184256028842,0.0041261842560315065,-0.008130265532089533,0.8479853363159415,0.0,0.0,20000
1.5,stationary,811,0.5,8,0,True,0.0,0.8585596366401104,0.004312241566270525,0.004312241566276742,-0.0011022690473889364,0.8643886071581864,0.0,0.0,20000
1.5,stationary,811,0.5,8,1,True,0.0,0.8585596366401104,0.004312241566270525,0.004312241566276742,-0.0011022690473889364,0.8643886071581864,0.0,0.0,20000
1.5,stationary,811,0.5,9,0,True,0.0,0.8585596366401104,0.00418912892644463,0.004189128926447239,-0.005641878006951715,0.8724680143201855,0.0,0.0,20000
1.5,stationary,811,0.5,9,1,True,0.0,0.8585596366401104,0.00418912892644463,0.004189128926447239,-0.005641878006951715,0.8724680143201855,0.0,0.0,20000
1.5,stationary,811,0.5,10,0,True,0.0,0.8585596366401104,0.0039931658543529425,0.003993165854355829,0.002161471419924779,0.8564614893702274,0.0,0.0,20000
1.5,stationary,811,0.5,10,1,True,0.0,0.8585596366401104,0.0039931658543529425,0.003993165854355829,0.002161471419924779,0.8564614893702274,0.0,0.0,20000
1.5,stationary,811,0.5,11,0,True,0.0,0.8585596366401104,0.00493279742272601,0.004932797422732116,0.0047192598213431575,0.8691149698951866,0.0,0.0,20000
1.5,stationary,811,0.5,11,1,True,0.0,0.8585596366401104,0.00493279742272601,0.004932797422732116,0.0047192598213431575,0.8691149698951866,0.0,0.0,20000
1.5,stationary,811,0.5,12,0,True,0.0,0.8585596366401104,0.006450888502007951,0.006450888502014779,-0.008365436487515542,0.8719698007868641,0.0,0.0,20000
1.5,stationary,811,0.5,12,1,True,0.0,0.8585596366401104,0.006450888502007951,0.006450888502014779,-0.008365436487515542,0.8719698007868641,0.0,0.0,20000
1.5,stationary,811,0.5,13,0,True,0.0,0.8585596366401104,0.006060350260690517,0.006060350260694847,0.0003496387126006568,0.8683512128495562,0.0,0.0,20000
1.5,stationary,811,0.5,13,1,True,0.0,0.8585596366401104,0.006060350260690517,0.006060350260694847,0.0003496387126006568,0.8683512128495562,0.0,0.0,20000
1.5,stationary,811,0.5,14,0,True,0.0,0.8585596366401104,0.005932580284048139,0.0059325802840534125,-0.008310520922746378,0.8715022154367409,0.0,0.0,20000
1.5,stationary,811,0.5,14,1,True,0.0,0.8585596366401104,0.005932580284048139,0.0059325802840534125,-0.008310520922746378,0.8715022154367409,0.0,0.0,20000
1.5,stationary,811,0.5,15,0,True,0.0,0.8585596366401104,0.008215378839773413,0.0082153788397748,-0.018537467852059182,0.866648189827673,0.0,0.0,20000
1.5,stationary,811,0.5,15,1,True,0.0,0.8585596366401104,0.008215378839773413,0.0082153788397748,-0.018537467852059182,0.866648189827673,0.0,0.0,20000
1.5,stationary,811,0.5,16,0,True,0.0,0.8585596366401104,0.0037739894965840293,0.0037739894965911347,-0.006038582061763157,0.8603302665492767,0.0,0.0,20000
1.5,stationary,811,0.5,16,1,True,0.0,0.8585596366401104,0.0037739894965840293,0.0037739894965911347,-0.006038582061763157,0.8603302665492767,0.0,0.0,20000
1.5,stationary,812,0.0,0,0,True,0.0,0.8585596366400702,0.0038604178545580403,0.0038604178545580403,0.0031810734472375725,0.8531619280118752,1.9985056979971962,0.005499999999999949,0
1.5,stationary,812,0.0,0,1,True,0.0,0.8585596366400702,0.004791450626527749,0.004791450626527749,0.0063525927162117815,0.8678948609554422,1.9985056979971962,0.005499999999999949,0
1.5,stationary,812,0.0,1,0,True,0.0,0.8585596366400945,0.005422442107166137,0.0054224421071658035,0.010187879590950497,0.8679198438837892,1.989719282573481,0.00649999999999995,0
1.5,stationary,812,0.0,1,1,True,0.0,0.8585596366400945,0.007575799682221884,0.007575799682226325,0.014431098305855353,0.8714210121459613,1.989719282573481,0.00649999999999995,0
1.5,stationary,812,0.0,2,0,True,0.0,0.8585596366401042,0.006455652591192851,0.006455652591192129,0.010979734747257205,0.8589179643462391,1.9953455134055424,0.007849999999999913,0
1.5,stationary,812,0.0,2,1,True,0.0,0.8585596366401042,0.004149533969936892,0.0041495339699315625,0.0043004678233435015,0.8576376904778792,1.9953455134055424,0.007849999999999913,0
1.5,stationary,812,0.0,3,0,True,0.0,0.8585596366401079,0.007119450338209654,0.007119450338208544,0.010930775128868047,0.8484413521773357,1.9828247471465137,0.007199999999999984,0
1.5,stationary,812,0.0,3,1,True,0.0,0.8585596366401079,0.006428828040422774,0.006428828040415779,0.0066208099581300155,0.8373889052588661,1.9828247471465137,0.007199999999999984,0
1.5,stationary,812,0.0,4,0,True,0.0,0.8585596366401094,0.005108937188567031,0.00510893718856259,0.003516677355064058,0.8486654418617465,2.0165599146036643,0.005249999999999977,0
1.5,stationary,812,0.0,4,1,True,0.0,0.8585596366401094,0.004997697358841813,0.004997697358834485,0.009676488987688001,0.8447838274726012,2.0165599146036643,0.005249999999999977,0
1.5,stationary,812,0.0,5,0,True,0.0,0.8585596366401099,0.006865565461109113,0.006865565461103396,0.0033715747122171416,0.8563677876549579,2.0009038673733937,0.009600000000000053,0
1.5,stationary,812,0.0,5,1,True,0.0,0.8585596366401099,0.008930743129880403,0.008930743129880847,0.02330059788679263,0.8687946063704861,2.0009038673733937,0.009600000000000053,0
1.5,stationary,812,0.0,6,0,True,0.0,0.8585596366401103,0.006925791654502689,0.0069257916545013565,-0.012898838392919137,0.8430680171427795,2.001547991539715,0.01639999999999997,0
1.5,stationary,812,0.0,6,1,True,0.0,0.8585596366401103,0.010672736942406003,0.010672736942406669,0.027490293188539315,0.8387633019056115,2.001547991539715,0.01639999999999997,0
1.5,stationary,812,0.0,7,0,True,0.0,0.8585596366401103,0.007199776425849791,0.0071997764258476815,-0.011178145732766976,0.8498463824006028,1.990400461856701,0.010800000000000032,0
1.5,stationary,812,0.0,7,1,True,0.0,0.8585596366401103,0.006571607193289086,0.006571607193282092,0.008151768317371137,0.8469354576591328,1.990400461856701,0.010800000000000032,0
1.5,stationary,812,0.0,8,0,True,0.0,0.8585596366401104,0.004349718500733513,0.004349718500730293,-0.002381797149462887,0.8576313399757125,1.9973986330435063,0.01079999999999992,0
1.5,stationary,812,0.0,8,1,True,0.0,0.8585596366401104,0.00774595515255061,0.007745955152552608,0.01218316391997516,0.8685133154400875,1.9973986330435063,0.01079999999999992,0
1.5,stationary,812,0.0,9,0,True,0.0,0.8585596366401104,0.0049215329921646345,0.004921532992161526,0.007457890105337336,0.8542474005760856,2.013273826187262,0.007099999999999995,0
1.5,stationary,812,0.0,9,1,True,0.0,0.8585596366401104,0.006575470027184616,0.006575470027188168,0.008385414806597633,0.8696545426768456,2.013273826187262,0.007099999999999995,0
1.5,stationary,812,0.0,10,0,True,0.0,0.8585596366401104,0.006450942675061411,0.006450942675057136,0.010329714459937224,0.8547921684575459,2.0102644974855,0.008699999999999986,0
1.5,stationary,812,0.0,10,1,True,0.0,0.8585596366401104,0.005288154130175471,0.00528815413018302,0.0011555309627760417,0.8788685751283791,2.0102644974855,0.008699999999999986,0
1.5,stationary,812,0.0,11,0,True,0.0,0.8585596366401104,0.004607607259847102,0.004607607259853652,0.00501579909832258,0.8552556556922486,2.003573154560984,0.013450000000000017,0
1.5,stationary,812,0.0,11,1,True,0.0,0.8585596366401104,0.010255536980620705,0.01025553698062781,-0.013574086688076184,0.8668929280441806,2.003573154560984,0.013450000000000017,0
1.5,stationary,812,0.0,12,0,True,0.0,0.8585596366401104,0.004600155649788884,0.004600155649783666,0.0003147920501636005,0.8535776400517722,2.0027028251695786,0.009149999999999991,0
1.5,stationary,812,0.0,12,1,True,0.0,0.8585596366401104,0.00608621532130163,0.00608621532130757,-0.005676906267860254,0.8712168996312795,2.0027028251695786,0.009149999999999991,0
1.5,stationary,812,0.0,13,0,True,0.0,0.8585596366401104,0.004812969634257036,0.004812969634251263,0.0012889093767725936,0.8637308889876643,2.008414460401877,0.010249999999999981,0
1.5,stationary,812,0.0,13,1,True,0.0,0.8585596366401104,0.006907377101501633,0.006907377101494694,0.014401561368021457,0.8469807155752257,2.008414460401877,0.010249999999999981,0
1.5,stationary,812,0.0,14,0,True,0.0,0.8585596366401104,0.00436993432628234,0.004369934326285893,0.0018998091501957433,0.8603604040156807,1.9907571769540247,0.0049000000000000155,0
1.5,stationary,812,0.0,14,1,True,0.0,0.8585596366401104,0.004079372368554324,0.004079372368561485,0.003722585213146173,0.8693707469273102,1.9907571769540247,0.0049000000000000155,0
1.5,stationary,812,0.0,15,0,True,0.0,0.8585596366401104,0.004449063922552843,0.00444906392256017,0.0004305190398408849,0.85965772432152,2.0073144729398655,0.005149999999999988,0
1.5,stationary,812,0.0,15,1,True,0.0,0.8585596366401104,0.0059568104229008045,0.005956810422907355,0.004870139400982313,0.8597768619865238,2.0073144729398655,0.005149999999999988,0
1.5,stationary,812,0.0,16,0,True,0.0,0.8585596366401104,0.0046468356230283114,0.004646835623034251,-0.0007262754061579703,0.8584374587616244,2.005633888858931,0.008350000000000024,0
1.5,stationary,812,0.0,16,1,True,0.0,0.8585596366401104,0.006306653020339059,0.006306653020331954,0.0073402755801678056,0.8493519530055262,2.005633888858931,0.008350000000000024,0
1.5,stationary,812,0.25,0,0,True,0.0,0.8585596366400702,0.0038604178545580403,0.0038604178545580403,0.0031810734472375725,0.8531619280118752,1.9985056979971962,0.005499999999999949,0
1.5,stationary,812,0.25,0,1,True,0.0,0.8585596366400702,0.004791450626527749,0.004791450626527749,0.0063525927162117815,0.8678948609554422,1.9985056979971962,0.005499999999999949,0
1.5,stationary,812,0.25,1,0,True,0.0,0.8585596366400945,0.006260014906527445,0.0062600149065266675,0.01145687973294545,0.8741867069892,0.8831704234348128,0.005899999999999961,0
1.5,stationary,812,0.25,1,1,True,0.0,0.8585596366400945,0.006856732964226064,0.006856732964230061,0.014385208500748111,0.8667048064164928,0.8831704234348128,0.005899999999999961,0
1.5,stationary,812,0.25,2,0,False,0.0,0.8585596366400702,0.005943111964488934,0.005943111964488934,-0.001206073612589953,0.8756886965377473,0.8271240452540868,0.008600000000000024,0
1.5,stationary,812,0.25,2,1,False,0.0,0.8585596366400702,0.005015108859620254,0.005015108859620254,0.0024711808829070963,0.8514597864260979,0.8271240452540868,0.008600000000000024,0
1.5,stationary,812,0.25,3,0,False,0.0,0.8585596366400702,0.006164164825073759,0.006164164825073759,-0.0076129218718181055,0.8564928372537539,0.8167566476154692,0.005549999999999944,0
1.5,stationary,812,0.25,3,1,False,0.0,0.8585596366400702,0.005542429749814448,0.005542429749814448,-0.012566750033846816,0.8467881232118729,0.8167566476154692,0.005549999999999944,0
1.5,stationary,812,0.25,4,0,False,0.0,0.8585596366400702,0.005848857041174882,0.005848857041174882,-0.008410963127131243,0.8533368260904894,0.7895095171656157,0.006950000000000012,0
1.5,stationary,812,0.25,4,1,False,0.0,0.8585596366400702,0.004399964999168726,0.004399964999168726,0.002068847402960733,0.8590546490064547,0.7895095171656157,0.006950000000000012,0
1.5,stationary,812,0.25,5,0,False,0.0,0.8585596366400702,0.0050189301205766645,0.0050189301205766645,0.004057496569417066,0.8639846331631416,0.773710144391629,0.006400000000000017,0
1.5,stationary,812,0.25,5,1,False,0.0,0.8585596366400702,0.008277397506482737,0.008277397506482737,0.01595551376015688,0.8571993637449751,0.773710144391629,0.006400000000000017,0
1.5,stationary,812,0.25,6,0,False,0.0,0.8585596366400702,0.009403093655943606,0.009403093655943606,0.00011277856611928601,0.8820017556713994,0.7604181732974422,0.007099999999999995,0
1.5,stationary,812,0.25,6,1,False,0.0,0.8585596366400702,0.008283334355589811,0.008283334355589811,-0.010397647842908947,0.8732259123888066,0.7604181732974422,0.007099999999999995,0
1.5,stationary,812,0.25,7,0,False,0.0,0.8585596366400702,0.006453417461458888,0.006453417461458888,0.008050732054062698,0.8759496544489789,0.7682513265243724,0.006200000000000094,0
1.5,stationary,812,0.25,7,1,False,0.0,0.8585596366400702,0.005020609753101146,0.005020609753101146,0.00573238274131955,0.8635401148910009,0.7682513265243724,0.006200000000000094,0
1.5,stationary,812,0.25,8,0,False,0.0,0.8585596366400702,0.005333051475550188,0.005333051475550188,0.002115910162390603,0.8547898208004029,0.7611669540078365,0.00495000000000001,0
1.5,stationary,812,0.25,8,1,False,0.0,0.8585596366400702,0.004198570623731079,0.004198570623731079,0.00010642138095065187,0.8637299976392496,0.7611669540078365,0.00495000000000001,0
1.5,stationary,812,0.25,9,0,False,0.0,0.8585596366400702,0.00600709008556119,0.00600709008556119,-0.0016763620139111299,0.8576455413317238,0.7586862654903069,0.004750000000000032,0
1.5,stationary,812,0.25,9,1,False,0.0,0.8585596366400702,0.008346666195320318,0.008346666195320318,-0.005553775358598599,0.8481135385194841,0.7586862654903069,0.004750000000000032,0
1.5,stationary,812,0.25,10,0,False,0.0,0.8585596366400702,0.004795441861811023,0.004795441861811023,0.007502790310852991,0.8643143773997072,0.7562881154148224,0.004549999999999943,0
1.5,stationary,812,0.25,10,1,False,0.0,0.8585596366400702,0.00709691586877137,0.00709691586877137,0.010670993653639792,0.865998930212337,0.7562881154148224,0.004549999999999943,0
1.5,stationary,812,0.25,11,0,False,0.0,0.8585596366400702,0.006382950806584464,0.006382950806584464,0.006157429201879758,0.8715819911910776,0.7385805453314984,0.0050000000000000044,0
1.5,stationary,812,0.25,11,1,False,0.0,0.8585596366400702,0.005496866249551258,0.005496866249551258,0.008315198219122723,0.8718845945590628,0.7385805453314984,0.0050000000000000044,0
1.5,stationary,812,0.25,12,0,False,0.0,0.8585596366400702,0.008828600020479332,0.008828600020479332,-0.005733020745838979,0.8718103938391205,0.754007435682695,0.005400000000000016,0
1.5,stationary,812,0.25,12,1,False,0.0,0.8585596366400702,0.006101276840253939,0.006101276840253939,-0.00432503864560653,0.8686612578762969,0.754007435682695,0.005400000000000016,0
1.5,stationary,812,0.25,13,0,False,0.0,0.8585596366400702,0.008982624352202762,0.008982624352202762,0.018759836567254797,0.8705271609667551,0.7407143680629935,0.004799999999999999,0
1.5,stationary,812,0.25,13,1,False,0.0,0.8585596366400702,0.007926543932651131,0.007926543932651131,0.010445559060383282,0.8634832106322813,0.7407143680629935,0.004799999999999999,0
1.5,stationary,812,0.25,14,0,False,0.0,0.8585596366400702,0.010668836159884676,0.010668836159884676,0.01811520553669573,0.8749706481297992,0.744297923342397,0.005449999999999955,0
1.5,stationary,812,0.25,14,1,False,0.0,0.8585596366400702,0.011430030641304767,0.011430030641304767,0.02147266849888719,0.8812838728911458,0.744297923342397,0.005449999999999955,0
1.5,stationary,812,0.25,15,0,False,0.0,0.8585596366400702,0.006326054853549701,0.006326054853549701,-0.011522275304168772,0.8579094551331521,0.7480059456525266,0.00545000000000001,0
1.5,stationary,812,0.25,15,1,False,0.0,0.8585596366400702,0.004499267069800861,0.004499267069800861,-0.0031520075028836046,0.8680654280150191,0.7480059456525266,0.00545000000000001,0
1.5,stationary,812,0.25,16,0,False,0.0,0.8585596366400702,0.00543526168495112,0.00543526168495112,0.0022789190045987145,0.8661023851811261,0.7524270090253967,0.004850000000000021,0
1.5,stationary,812,0.25,16,1,False,0.0,0.8585596366400702,0.00567812321334038,0.00567812321334038,0.007544359461200072,0.8657432296985264,0.7524270090253967,0.004850000000000021,0
1.5,stationary,812,0.5,0,0,True,0.0,0.8585596366400702,0.0038604178545580403,0.0038604178545580403,0.0031810734472375725,0.8531619280118752,1.9985056979971962,0.005499999999999949,0
1.5,stationary,812,0.5,0,1,True,0.0,0.8585596366400702,0.004791450626527749,0.004791450626527749,0.0063525927162117815,0.8678948609554422,1.9985056979971962,0.005499999999999949,0
1.5,stationary,812,0.5,1,0,True,0.0,0.8585596366400945,0.00734121050555625,0.007341210505560691,0.013067947993716439,0.8648274997846386,0.0,0.0,20000
1.5,stationary,812,0.5,1,1,True,0.0,0.8585596366400945,0.00734121050555625,0.007341210505560691,0.013067947993716439,0.8648274997846386,0.0,0.0,20000
1.5,stationary,812,0.5,2,0,True,0.0,0.8585596366401042,0.004585936692678094,0.004585936692672876,0.003092084991305323,0.8584699530513953,0.0,0.0,20000
1.5,stationary,812,0.5,2,1,True,0.0,0.8585596366401042,0.004585936692678094,0.004585936692672876,0.003092084991305323,0.8584699530513953,0.0,0.0,20000
1.5,stationary,812,0.5,3,0,True,0.0,0.8585596366401079,0.009285242620569734,0.00928524262056274,0.01573357239764231,0.8378297340264125,0.0,0.0,20000
1.5,stationary,812,0.5,3,1,True,0.0,0.8585596366401079,0.009285242620569734,0.00928524262056274,0.01573357239764231,0.8378297340264125,0.0,0.0,20000
1.5,stationary,812,0.5,4,0,True,0.0,0.8585596366401094,0.004435537164208081,0.00443553716420475,0.006127845981177554,0.8495195637791579,0.0,0.0,20000
1.5,stationary,812,0.5,4,1,True,0.0,0.8585596366401094,0.004435537164208081,0.00443553716420475,0.006127845981177554,0.8495195637791579,0.0,0.0,20000
1.5,stationary,812,0.5,5,0,True,0.0,0.8585596366401099,0.008138284120959627,0.008138284120952188,-0.0024446935607986293,0.8358765268008468,0.0,0.0,20000
1.5,stationary,812,0.5,5,1,True,0.0,0.8585596366401099,0.008138284120959627,0.008138284120952188,-0.0024446935607986293,0.8358765268008468,0.0,0.0,20000
1.5,stationary,812,0.5,6,0,True,0.0,0.8585596366401103,0.005282714185546489,0.005282714185542159,-0.00037696794826840485,0.8489922754546363,0.0,0.0,20000
1.5,stationary,812,0.5,6,1,True,0.0,0.8585596366401103,0.005282714185546489,0.005282714185542159,-0.00037696794826840485,0.8489922754546363,0.0,0.0,20000
1.5,stationary,812,0.5,7,0,True,0.0,0.8585596366401103,0.006719959038704926,0.006719959038702372,-0.01125975299256971,0.8488670290595426,0.0,0.0,20000
1.5,stationary,812,0.5,7,1,True,0.0,0.8585596366401103,0.006719959038704926,0.006719959038702372,-0.01125975299256971,0.8488670290595426,0.0,0.0,20000
1.5,stationary,812,0.5,8,0,True,0.0,0.8585596366401104,0.0067744086035382844,0.006774408603534288,-0.011898195520343487,0.8653123486941752,0.0,0.0,20000
1.5,stationary,812,0.5,8,1,True,0.0,0.8585596366401104,0.0067744086035382844,0.006774408603534288,-0.011898195520343487,0.8653123486941752,0.0,0.0,20000
1.5,stationary,812,0.5,9,0,True,0.0,0.8585596366401104,0.010760097326118045,0.010760097326112383,-0.015363695726939996,0.8395993740861263,0.0,0.0,20000
1.5,stationary,812,0.5,9,1,True,0.0,0.8585596366401104,0.010760097326118045,0.010760097326112383,-0.015363695726939996,0.8395993740861263,0.0,0.0,20000
1.5,stationary,812,0.5,10,0,True,0.0,0.8585596366401104,0.00785772779489502,0.007857727794887692,-0.005364199822160457,0.8431409531191632,0.0,0.0,20000
1.5,stationary,812,0.5,10,1,True,0.0,0.8585596366401104,0.00785772779489502,0.007857727794887692,-0.005364199822160457,0.8431409531191632,0.0,0.0,20000
1.5,stationary,812,0.5,11,0,True,0.0,0.8585596366401104,0.008964169577863224,0.008964169577858616,0.01897668760337288,0.8544403351255268,0.0,0.0,20000
1.5,stationary,812,0.5,11,1,True,0.0,0.8585596366401104,0.008964169577863224,0.008964169577858616,0.01897668760337288,0.8544403351255268,0.0,0.0,20000
1.5,stationary,812,0.5,12,0,True,0.0,0.8585596366401104,0.006823224315332332,0.006823224315337106,-0.010118900327291276,0.8543868887811366,0.0,0.0,20000
1.5,stationary,812,0.5,12,1,True,0.0,0.8585596366401104,0.006823224315332332,0.006823224315337106,-0.010118900327291276,0.8543868887811366,0.0,0.0,20000
1.5,stationary,812,0.5,13,0,True,0.0,0.8585596366401104,0.0075151298162411395,0.00751512981624769,-0.002201839169417686,0.8540299506650821,0.0,0.0,20000
1.5,stationary,812,0.5,13,1,True,0.0,0.8585596366401104,0.0075151298162411395,0.00751512981624769,-0.002201839169417686,0.8540299506650821,0.0,0.0,20000
1.5,stationary,812,0.5,14,0,True,0.0,0.8585596366401104,0.004322742466029039,0.004322742466022156,0.005183043060847121,0.8455708273792705,0.0,0.0,20000
1.5,stationary,812,0.5,14,1,True,0.0,0.8585596366401104,0.004322742466029039,0.004322742466022156,0.005183043060847121,0.8455708273792705,0.0,0.0,20000
1.5,stationary,812,0.5,15,0,True,0.0,0.8585596366401104,0.005759530691090142,0.005759530691094916,0.010078286601950856,0.8518415707037161,0.0,0.0,20000
1.5,stationary,812,0.5,15,1,True,0.0,0.8585596366401104,0.005759530691090142,0.005759530691094916,0.010078286601950856,0.8518415707037161,0.0,0.0,20000
1.5,stationary,812,0.5,16,0,True,0.0,0.8585596366401104,0.009594124531825732,0.009594124531832171,0.01590740304126243,0.869470794132022,0.0,0.0,20000
1.5,stationary,812,0.5,16,1,True,0.0,0.8585596366401104,0.009594124531825732,0.009594124531832171,0.01590740304126243,0.869470794132022,0.0,0.0,20000
1.5,heterogeneous,810,0.0,0,0,True,-0.5,0.5151357819840421,0.004772725022091973,0.2478545684734602,-0.5019308234346356,0.5129494930245136,2.2001907525508324,0.37515000000000004,0
1.5,heterogeneous,810,0.0,0,1,True,0.5,1.2019834912960983,0.006157129824501784,0.16652844873016537,0.4893273163568782,1.2188884311881871,2.2001907525508324,0.37515000000000004,0
1.5,heterogeneous,810,0.0,1,0,True,-0.39547188483631635,0.8874189168738311,0.00476833766465834,0.14067304637599076,-0.39174777629485547,0.894973915111431,1.9947607191320487,0.1487,0
1.5,heterogeneous,810,0.0,1,1,True,0.05394008323785655,0.9947060682489696,0.009625382264165872,0.028168902850621458,0.045289375551166106,0.9870920896258741,1.9947607191320487,0.1487,0
1.5,heterogeneous,810,0.0,2,0,True,-0.12239364512153031,0.9412773490121011,0.00576267074116521,0.051416553913009144,-0.13004403258781594,0.9464870073526517,1.996262246629917,0.06110000000000004,0
1.5,heterogeneous,810,0.0,2,1,True,0.014785583888447818,0.9047863907485307,0.00969380542871584,0.0170176243297101,0.032080535333548016,0.8879701105234541,1.996262246629917,0.06110000000000004,0
1.5,heterogeneous,810,0.0,3,0,True,-0.03825645418050708,0.8942075253375966,0.0040607418275707685,0.01592443999634352,-0.03662615324694639,0.8895766221204859,1.9935928564212897,0.02030000000000004,0
1.5,heterogeneous,810,0.0,3,1,True,0.005168326223383789,0.8758376929675804,0.004129898598681125,0.007074381328324053,0.008713946588720857,0.8772807444326511,1.9935928564212897,0.02030000000000004,0
1.5,heterogeneous,810,0.0,4,0,True,-0.013732259748917026,0.8726747419005395,0.0037040228865681257,0.007832115897196235,-0.011699636612489534,0.8734423317280131,1.9946360111668149,0.008950000000000014,0
1.5,heterogeneous,810,0.0,4,1,True,0.0019488452602790772,0.8652359144865949,0.003253378748775154,0.0038991963343489033,-0.0017853081455268443,0.8613226896519801,1.9946360111668149,0.008950000000000014,0
1.5,heterogeneous,810,0.0,5,0,True,-0.005219960511398076,0.8641181517420191,0.004162744035758947,0.003934551559792054,0.001960877704541483,0.8589664640178267,2.0107350707931335,0.007000000000000006,0
1.5,heterogeneous,810,0.0,5,1,True,0.0007553312901950697,0.8611715533615424,0.0040044350670222495,0.003690645842483853,0.00411999703930566,0.8627926251977904,2.0107350707931335,0.007000000000000006,0
1.5,heterogeneous,810,0.0,6,0,True,-0.0020289522147892316,0.8607494775102308,0.005578182079481908,0.005669363354510071,0.009346430261374786,0.8507462619305011,1.9993942508109908,0.011150000000000104,0
1.5,heterogeneous,810,0.0,6,1,True,0.0002958386600610701,0.8595863795765841,0.006482062396794719,0.00673162967696983,0.007377938684415546,0.8771718946405486,1.9993942508109908,0.011150000000000104,0
1.5,heterogeneous,810,0.0,7,0,True,-0.0007955372499475574,0.8594227688184455,0.005063904084600446,0.0047656414630726784,0.012491497970588614,0.8632618877464615,1.9830535757610992,0.00539999999999996,0
1.5,heterogeneous,810,0.0,7,1,True,0.00011634486694872654,0.8589640041530837,0.00275744703754488,0.0028498708546111917,0.0023990473873085278,0.8647353775397775,1.9830535757610992,0.00539999999999996,0
1.5,heterogeneous,810,0.0,8,0,True,-0.00031299377459455193,0.8588999236095156,0.008620390886326434,0.008496015884505492,0.021700631752574334,0.8722529871402644,2.009616754560158,0.010300000000000087,0
1.5,heterogeneous,810,0.0,8,1,True,4.582853524654685e-05,0.858719007875288,0.003583419672909427,0.003545571792453961,0.001005347120683238,0.8491238206759184,2.009616754560158,0.010300000000000087,0
1.5,heterogeneous,810,0.0,9,0,True,-0.00012330937843711682,0.8586938071485005,0.009270839527388386,0.009220366649171197,0.017829427009690216,0.8435158149839274,2.0125272104603704,0.012700000000000045,0
1.5,heterogeneous,810,0.0,9,1,True,1.8063371741509177e-05,0.8586224669636447,0.005891270543410931,0.00589957298739191,-0.00747152997744477,0.8701636234838859,2.0125272104603704,0.012700000000000045,0
1.5,heterogeneous,810,0.0,10,0,True,-4.860569282912602e-05,0.8586125403977718,0.004957887500142144,0.004940857087361916,0.009060746579496966,0.859685095060423,1.997180521542564,0.006199999999999997,0
1.5,heterogeneous,810,0.0,10,1,True,7.121470177317973e-06,0.8585844096161714,0.004583179314267105,0.0045886593579453905,0.0026192336749809777,0.8629482181818786,1.997180521542564,0.006199999999999997,0
1.5,heterogeneous,810,0.0,11,0,True,-1.916324630191443e-05,0.8585804970592175,0.006486947336729054,0.00649574898535521,-0.0024973337818611826,0.8579535595428724,1.988628417701833,0.005250000000000088,0
1.5,heterogeneous,810,0.0,11,1,True,2.8079092798327377e-06,0.8585694046613652,0.006514098556022668,0.0065154337735352785,-0.00422709341731118,0.8676182798407386,1.988628417701833,0.005250000000000088,0
1.5,heterogeneous,810,0.0,12,0,True,-7.555911635130762e-06,0.8585678621405824,0.004257947495370007,0.0042555884211818995,0.002998478822609796,0.8641309274087923,1.9892794107452878,0.008750000000000036,0
1.5,heterogeneous,810,0.0,12,1,True,1.107167347495299e-06,0.858563488253676,0.007886326802650778,0.007887270997168572,0.012929356868697419,0.8700508577429449,1.9892794107452878,0.008750000000000036,0
1.5,heterogeneous,810,0.0,13,0,True,-2.9793312554549613e-06,0.8585628800567214,0.004632989073415111,0.004633614961333382,0.007837366742304343,0.8698939662670537,1.9919282480507052,0.005449999999999955,0
1.5,heterogeneous,810,0.0,13,1,True,4.3656617553493264e-07,0.8585611553745977,0.0056466974056353925,0.005646875235614357,0.0028726629137745246,0.8669655988252132,1.9919282480507052,0.005449999999999955,0
1.5,heterogeneous,810,0.0,14,0,True,-1.174779307137167e-06,0.8585609155606927,0.00613343611952244,0.006133068576365308,0.014443244931089838,0.8588496921818667,1.9911000220884318,0.009499999999999953,0
1.5,heterogeneous,810,0.0,14,1,True,1.7214305611949771e-07,0.8585602354958265,0.0048067214735532104,0.004806581462344139,-0.005722062722272903,0.8565571262011457,1.9911000220884318,0.009499999999999953,0
1.5,heterogeneous,810,0.0,15,0,True,-4.632292569685721e-07,0.8585601409350248,0.003917635256066185,0.0039177063919880045,-0.0004979485475484222,0.8636660989803917,1.9853328175200256,0.005400000000000002,0
1.5,heterogeneous,810,0.0,15,1,True,6.787814457763242e-08,0.8585598727765525,0.003060042150439063,0.003060009958880755,0.0032452966236517933,0.8561934323162897,1.9853328175200256,0.005400000000000002,0
1.5,heterogeneous,810,0.0,16,0,True,-1.8265709256090827e-07,0.8585598354901436,0.004969414260370009,0.004969433367253084,-0.0028299821902923183,0.863177105247376,1.998672632615198,0.007150000000000004,0
1.5,heterogeneous,810,0.0,16,1,True,2.6765220274712964e-08,0.8585597297517593,0.004073853824202889,0.00407387294035777,0.004631124429064019,0.8641317363879504,1.998672632615198,0.007150000000000004,0
1.5,heterogeneous,811,0.0,0,0,True,-0.5,0.5151357819840421,0.006035338075004337,0.25075892330149047,-0.5036099145101438,0.5108085866354489,2.2028805603736274,0.37749999999999995,0
1.5,heterogeneous,811,0.0,0,1,True,0.5,1.2019834912960983,0.0036967870493032073,0.17012731821817284,0.5024315584715934,1.2063237268661477,2.2028805603736274,0.37749999999999995,0
1.5,heterogeneous,811,0.0,1,0,True,-0.39547188483631635,0.8874189168738311,0.005180157201381319,0.14600584952298762,-0.40606832257014325,0.8802283862448077,1.9839135345017944,0.15425000000000005,0
1.5,heterogeneous,811,0.0,1,1,True,0.05394008323785655,0.9947060682489696,0.004704920036187832,0.03239524172440256,0.05734432497721795,0.9830327487257803,1.9839135345017944,0.15425000000000005,0
1.5,heterogeneous,811,0.0,2,0,True,-0.12239364512153031,0.9412773490121011,0.007271762399450821,0.0460555326055877,-0.1054997706666894,0.9376539855028871,1.981181765408906,0.04820000000000002,0
1.5,heterogeneous,811,0.0,2,1,True,0.014785583888447818,0.9047863907485307,0.006955798978913075,0.013880920613582926,0.021429023393463392,0.8842843565020659,1.981181765408906,0.04820000000000002,0
1.5,heterogeneous,811,0.0,3,0,True,-0.03825645418050708,0.8942075253375966,0.008528300457508076,0.014601281603233374,-0.020142860843218435,0.9071795432319696,1.9788573295890852,0.015050000000000008,0
1.5,heterogeneous,811,0.0,3,1,True,0.005168326223383789,0.8758376929675804,0.005977366327886369,0.009784205182367334,0.006595929402160793,0.8821150120062651,1.9788573295890852,0.015050000000000008,0
1.5,heterogeneous,811,0.0,4,0,True,-0.013732259748917026,0.8726747419005395,0.010327585668539196,0.008925286156271195,0.008661658597763616,0.8777596691753515,1.9908283935490494,0.007900000000000018,0
1.5,heterogeneous,811,0.0,4,1,True,0.0019488452602790772,0.8652359144865949,0.009678243282775223,0.011301616623365596,0.01763451817384677,0.8678671216865281,1.9908283935490494,0.007900000000000018,0
1.5,heterogeneous,811,0.0,5,0,True,-0.005219960511398076,0.8641181517420191,0.005874343336022464,0.007202721067715551,-0.0060173923790837365,0.8680538759851915,1.9983369820033272,0.0076999999999999985,0
1.5,heterogeneous,811,0.0,5,1,True,0.0007553312901950697,0.8611715533615424,0.0061489167371125975,0.0067918146917511635,0.003954245822499109,0.8778449009207829,1.9983369820033272,0.0076999999999999985,0
1.5,heterogeneous,811,0.0,6,0,True,-0.0020289522147892316,0.8607494775102308,0.0039940152132052625,0.004362987192280898,-0.000591575098124594,0.8633597951406604,2.0013974794355183,0.005649999999999933,0
1.5,heterogeneous,811,0.0,6,1,True,0.0002958386600610701,0.8595863795765841,0.004948298176988386,0.005135350320334742,0.003002553485385426,0.8677358206437897,2.0013974794355183,0.005649999999999933,0
1.5,heterogeneous,811,0.0,7,0,True,-0.0007955372499475574,0.8594227688184455,0.0052360536475658526,0.005305951299718892,0.005631429206566752,0.8745515584345172,2.0136035056457575,0.008550000000000002,0
1.5,heterogeneous,811,0.0,7,1,True,0.00011634486694872654,0.8589640041530837,0.008040036478250967,0.008024685062306802,0.01911463651866554,0.8577329287318378,2.0136035056457575,0.008550000000000002,0
1.5,heterogeneous,811,0.0,8,0,True,-0.00031299377459455193,0.8588999236095156,0.004548161120738192,0.004557008709782706,0.00426838238376011,0.8661775168017946,2.0080394308851064,0.006299999999999972,0
1.5,heterogeneous,811,0.0,8,1,True,4.582853524654685e-05,0.858719007875288,0.006259882092183144,0.006243579501041652,0.0078023893852968915,0.8447753959497912,2.0080394308851064,0.006299999999999972,0
1.5,heterogeneous,811,0.0,9,0,True,-0.00012330937843711682,0.8586938071485005,0.004411623627165906,0.004445668249602519,-0.004867246211670076,0.8615002815784674,2.005959598013985,0.006199999999999983,0
1.5,heterogeneous,811,0.0,9,1,True,1.8063371741509177e-05,0.8586224669636447,0.006218586445726038,0.006204314053280036,-0.0038543954346576138,0.850382291831691,2.005959598013985,0.006199999999999983,0
1.5,heterogeneous,811,0.0,10,0,True,-4.860569282912602e-05,0.8586125403977718,0.00436353447403337,0.004361471886658808,0.0016552450600762702,0.8578994465622697,1.97729644735243,0.011599999999999944,0
1.5,heterogeneous,811,0.0,10,1,True,7.121470177317973e-06,0.8585844096161714,0.007386944380377236,0.007380846151622378,-0.010605509556948986,0.8555296170188202,1.97729644735243,0.011599999999999944,0
1.5,heterogeneous,811,0.0,11,0,True,-1.916324630191443e-05,0.8585804970592175,0.00515642748614531,0.00515882189932404,-0.0026203206763146495,0.8615659693540231,2.0040494758385563,0.00725000000000009,0
1.5,heterogeneous,811,0.0,11,1,True,2.8079092798327377e-06,0.8585694046613652,0.004629419061413342,0.00462733412719285,-0.002914986798739503,0.8601633103391786,2.0040494758385563,0.00725000000000009,0
1.5,heterogeneous,811,0.0,12,0,True,-7.555911635130762e-06,0.8585678621405824,0.0069113941919855815,0.006909103039117598,0.003483488837932429,0.8394994087930685,2.0124181855695396,0.011299999999999977,0
1.5,heterogeneous,811,0.0,12,1,True,1.107167347495299e-06,0.858563488253676,0.006006873087536446,0.006007257586064796,-3.7682503946262856e-05,0.8709459426026449,2.0124181855695396,0.011299999999999977,0
1.5,heterogeneous,811,0.0,13,0,True,-2.9793312554549613e-06,0.8585628800567214,0.005326612226666583,0.005327953823187681,-0.004451978295363245,0.8555178134991753,1.9973772889474992,0.010200000000000015,0
1.5,heterogeneous,811,0.0,13,1,True,4.3656617553493264e-07,0.8585611553745977,0.006480938560449068,0.006481150161051719,-0.0001480212420275115,0.8698885607479352,1.9973772889474992,0.010200000000000015,0
1.5,heterogeneous,811,0.0,14,0,True,-1.174779307137167e-06,0.8585609155606927,0.009030365746804603,0.009030905181002802,-0.012587226164836096,0.8581128138570612,1.9894246921468794,0.009449999999999958,0
1.5,heterogeneous,811,0.0,14,1,True,1.7214305611949771e-07,0.8585602354958265,0.0037768214127829117,0.0037767913853003,0.007816430606601947,0.870466741234913,1.9894246921468794,0.009449999999999958,0
1.5,heterogeneous,811,0.0,15,0,True,-4.632292569685721e-07,0.8585601409350248,0.007365439940581114,0.007365613651877073,-0.007594480856570356,0.8745532832176465,1.9992148757523471,0.011349999999999971,0
1.5,heterogeneous,811,0.0,15,1,True,6.787814457763242e-08,0.8585598727765525,0.007792434618099753,0.007792488220499161,0.014260190884607934,0.8605756599831715,1.9992148757523471,0.011349999999999971,0
1.5,heterogeneous,811,0.0,16,0,True,-1.8265709256090827e-07,0.8585598354901436,0.006613187286727995,0.006613193266359341,0.012541831525860565,0.8681243409755455,1.9899377039716106,0.008099999999999996,0
1.5,heterogeneous,811,0.0,16,1,True,2.6765220274712964e-08,0.8585597297517593,0.006529480714700497,0.006529503632417999,0.006395233252997696,0.8743804404519058,1.9899377039716106,0.008099999999999996,0
1.5,heterogeneous,812,0.0,0,0,True,-0.5,0.5151357819840421,0.006049949201877847,0.24808000543893405,-0.49741838346264533,0.5113536886501241,2.206260862759953,0.37925,0
1.5,heterogeneous,812,0.0,0,1,True,0.5,1.2019834912960983,0.0057467668343912925,0.1705278965828131,0.5073980485303499,1.192723529429934,2.206260862759953,0.37925,0
1.5,heterogeneous,812,0.0,1,0,True,-0.39547188483631635,0.8874189168738311,0.006088371843757323,0.14195529067516155,-0.38176845745801624,0.8933102284819472,2.0080147203183687,0.15715000000000007,0
1.5,heterogeneous,812,0.0,1,1,True,0.05394008323785655,0.9947060682489696,0.007577521288383737,0.04092845901966713,0.06876508635999232,1.0072369178213592,2.0080147203183687,0.15715000000000007,0
1.5,heterogeneous,812,0.0,2,0,True,-0.12239364512153031,0.9412773490121011,0.0047283466459743795,0.04978468694473387,-0.13184710022826368,0.9225521692626586,1.9903633041169446,0.05349999999999999,0
1.5,heterogeneous,812,0.0,2,1,True,0.014785583888447818,0.9047863907485307,0.004813736296353399,0.01577194919952507,0.02153198897616338,0.9155880930257609,1.9903633041169446,0.05349999999999999,0
1.5,heterogeneous,812,0.0,3,0,True,-0.03825645418050708,0.8942075253375966,0.006731156345111899,0.02214342415414483,-0.043281352581409596,0.888695030031138,1.9950819474732244,0.02265000000000006,0
1.5,heterogeneous,812,0.0,3,1,True,0.005168326223383789,0.8758376929675804,0.004099829366159269,0.006264038529666949,0.007464538586025705,0.8860705833755966,1.9950819474732244,0.02265000000000006,0
1.5,heterogeneous,812,0.0,4,0,True,-0.013732259748917026,0.8726747419005395,0.003948284115879608,0.00962283229573202,-0.01274142578040846,0.8720832579649243,2.000031241497996,0.010850000000000026,0
1.5,heterogeneous,812,0.0,4,1,True,0.0019488452602790772,0.8652359144865949,0.0038339814220488266,0.0029484779239329906,0.0031202454908695523,0.8576122691050954,2.000031241497996,0.010850000000000026,0
1.5,heterogeneous,812,0.0,5,0,True,-0.005219960511398076,0.8641181517420191,0.007222918560933489,0.007320449901399462,0.004392201691776785,0.8735363424786484,2.01793588893442,0.008549999999999947,0
1.5,heterogeneous,812,0.0,5,1,True,0.0007553312901950697,0.8611715533615424,0.003099862381991114,0.00265279502953486,0.0029799478341423404,0.8591126203428865,2.01793588893442,0.008549999999999947,0
1.5,heterogeneous,812,0.0,6,0,True,-0.0020289522147892316,0.8607494775102308,0.006143873495586483,0.005375646654043331,-0.0010019445236017313,0.8643092675518534,2.0071605432712296,0.009849999999999914,0
1.5,heterogeneous,812,0.0,6,1,True,0.0002958386600610701,0.8595863795765841,0.007716397205786596,0.007754910269317072,0.010949823800902665,0.8581106543629029,2.0071605432712296,0.009849999999999914,0
1.5,heterogeneous,812,0.0,7,0,True,-0.0007955372499475574,0.8594227688184455,0.00801050051974278,0.007645910209397477,0.00958537122668332,0.8593395129671728,2.0146641003791643,0.007599999999999996,0
1.5,heterogeneous,812,0.0,7,1,True,0.00011634486694872654,0.8589640041530837,0.0034822440696502532,0.003437949773749893,-0.007603629095196622,0.8546999686023955,2.0146641003791643,0.007599999999999996,0
1.5,heterogeneous,812,0.0,8,0,True,-0.00031299377459455193,0.8588999236095156,0.010747142600532666,0.010608961455716215,0.007605784201774324,0.834670644608604,1.9915719929733255,0.010750000000000037,0
1.5,heterogeneous,812,0.0,8,1,True,4.582853524654685e-05,0.858719007875288,0.007363917381190355,0.007402200923185109,-4.899886194141619e-05,0.8713905571422786,1.9915719929733255,0.010750000000000037,0
1.5,heterogeneous,812,0.0,9,0,True,-0.00012330937843711682,0.8586938071485005,0.005305790306309843,0.005251428371083,0.0052116714843327815,0.8460407201813768,2.011398783765807,0.009050000000000002,0
1.5,heterogeneous,812,0.0,9,1,True,1.8063371741509177e-05,0.8586224669636447,0.006208174192638749,0.006201048446113799,-0.01379027869563607,0.8601521448776391,2.011398783765807,0.009050000000000002,0
1.5,heterogeneous,812,0.0,10,0,True,-4.860569282912602e-05,0.8586125403977718,0.006224936013875748,0.006220770979400214,0.012230034929509356,0.8506218219598274,2.005157898764146,0.010350000000000026,0
1.5,heterogeneous,812,0.0,10,1,True,7.121470177317973e-06,0.8585844096161714,0.006282011907356833,0.006284671905960104,-0.012527811647902804,0.8584190565658589,2.005157898764146,0.010350000000000026,0
1.5,heterogeneous,812,0.0,11,0,True,-1.916324630191443e-05,0.8585804970592175,0.0039592373176338125,0.003950972410270759,0.00843421224816827,0.8601880699278033,2.010246610552912,0.007550000000000001,0
1.5,heterogeneous,812,0.0,11,1,True,2.8079092798327377e-06,0.8585694046613652,0.004792157884868642,0.004793517367135125,-0.006371810005190354,0.8681497315589026,2.010246610552912,0.007550000000000001,0
1.5,heterogeneous,812,0.0,12,0,True,-7.555911635130762e-06,0.8585678621405824,0.0051367952834824315,0.005134240913107879,0.010046855195624099,0.8585180108362689,1.9857953454403123,0.010050000000000003,0
1.5,heterogeneous,812,0.0,12,1,True,1.107167347495299e-06,0.858563488253676,0.005261321766173888,0.005260823251114655,-0.010356901657095154,0.8595386123003657,1.9857953454403123,0.010050000000000003,0
1.5,heterogeneous,812,0.0,13,0,True,-2.9793312554549613e-06,0.8585628800567214,0.008806559906802347,0.008806451360106715,0.014054978098295045,0.8532365991870672,1.9866710305819237,0.012800000000000034,0
1.5,heterogeneous,812,0.0,13,1,True,4.3656617553493264e-07,0.8585611553745977,0.005564308145094066,0.005564423773944616,-0.013401866961101419,0.8553691898709701,1.9866710305819237,0.012800000000000034,0
1.5,heterogeneous,812,0.0,14,0,True,-1.174779307137167e-06,0.8585609155606927,0.008243236631037987,0.008243335297159926,0.0054223941826169395,0.8700136622522708,2.0092073655828195,0.011700000000000044,0
1.5,heterogeneous,812,0.0,14,1,True,1.7214305611949771e-07,0.8585602354958265,0.005590036383944508,0.005589959761989283,-0.012682470710435812,0.8683102070134923,2.0092073655828195,0.011700000000000044,0
1.5,heterogeneous,812,0.0,15,0,True,-4.632292569685721e-07,0.8585601409350248,0.005853825254895029,0.005854031282375105,-0.002028701425105744,0.8695475229286234,1.9885797660676392,0.007850000000000024,0
1.5,heterogeneous,812,0.0,15,1,True,6.787814457763242e-08,0.8585598727765525,0.0038224094864153235,0.0038223768019021165,-0.006690418864781879,0.848166625114968,1.9885797660676392,0.007850000000000024,0
1.5,heterogeneous,812,0.0,16,0,True,-1.8265709256090827e-07,0.8585598354901436,0.007404199052182342,0.007404260062035178,-0.0013690277078919127,0.8765197256731033,1.994656893919102,0.010050000000000003,0
1.5,heterogeneous,812,0.0,16,1,True,2.6765220274712964e-08,0.8585597297517593,0.0056603256630980425,0.005660309278783249,-0.00848419913679517,0.8529433264078901,1.994656893919102,0.010050000000000003,0
2.0,stationary,810,0.0,0,0,True,0.0,0.9575040240772688,0.009183289261123662,0.009183289261123662,-0.011345146757050922,0.9508322553680988,2.0041352779591457,0.008549999999999947,0
2.0,stationary,810,0.0,0,1,True,0.0,0.9575040240772688,0.005514420000534703,0.005514420000534703,-0.0014068538157525697,0.9627604940306296,2.0041352779591457,0.008549999999999947,0
2.0,stationary,810,0.0,1,0,True,0.0,0.9575040240772688,0.010266181695207877,0.010266181695207877,0.02764605541824313,0.9486075338200499,1.977054495932216,0.012850000000000028,0
2.0,stationary,810,0.0,1,1,True,0.0,0.9575040240772688,0.004801955588489726,0.004801955588489726,-0.004950902348657054,0.9591939121976206,1.977054495932216,0.012850000000000028,0
2.0,stationary,810,0.0,2,0,True,0.0,0.9575040240772688,0.005526706251404362,0.005526706251404362,0.003483425230570525,0.9691940685825526,2.0237667858768877,0.006400000000000017,0
2.0,stationary,810,0.0,2,1,True,0.0,0.9575040240772688,0.004075030461003881,0.004075030461003881,-0.005029460988885819,0.9596072581087922,2.0237667858768877,0.006400000000000017,0
2.0,stationary,810,0.0,3,0,True,0.0,0.9575040240772688,0.005186170019513506,0.005186170019513506,0.009122313146825685,0.9650119931716201,2.0136424407449915,0.009050000000000002,0
2.0,stationary,810,0.0,3,1,True,0.0,0.9575040240772688,0.006202143624987777,0.006202143624987777,-0.015196266132873365,0.95888187945871,2.0136424407449915,0.009050000000000002,0
2.0,stationary,810,0.0,4,0,True,0.0,0.9575040240772688,0.007927756274519249,0.007927756274519249,0.021225081652257016,0.9601271502454686,2.004303876218346,0.011799999999999977,0
2.0,stationary,810,0.0,4,1,True,0.0,0.9575040240772688,0.004329169218055928,0.004329169218055928,-0.00959020595604431,0.9461392476599193,2.004303876218346,0.011799999999999977,0
2.0,stationary,810,0.0,5,0,True,0.0,0.9575040240772688,0.005344421761724727,0.005344421761724727,0.012147384311808312,0.9524234182554889,1.9996764028387584,0.011600000000000055,0
2.0,stationary,810,0.0,5,1,True,0.0,0.9575040240772688,0.0068168177916604344,0.0068168177916604344,-0.008734636341470326,0.9676892423280519,1.9996764028387584,0.011600000000000055,0
2.0,stationary,810,0.0,6,0,True,0.0,0.9575040240772688,0.006160967743921719,0.006160967743921719,0.005988299008892134,0.9759939628511767,1.9967946941347743,0.009199999999999986,0
2.0,stationary,810,0.0,6,1,True,0.0,0.9575040240772688,0.005266932044198314,0.005266932044198314,-0.010433315676085946,0.9596629834927659,1.9967946941347743,0.009199999999999986,0
2.0,stationary,810,0.0,7,0,True,0.0,0.9575040240772688,0.006016148992782577,0.006016148992782577,0.000723013433992313,0.9667935433984675,1.994285581900554,0.011349999999999999,0
2.0,stationary,810,0.0,7,1,True,0.0,0.9575040240772688,0.009367895691359457,0.009367895691359457,-0.015473979205113007,0.9839218602608603,1.994285581900554,0.011349999999999999,0
2.0,stationary,810,0.0,8,0,True,0.0,0.9575040240772688,0.006609596524903449,0.006609596524903449,0.011422848862790547,0.9519613704910078,1.9888789772098716,0.011649999999999938,0
2.0,stationary,810,0.0,8,1,True,0.0,0.9575040240772688,0.005396740319305926,0.005396740319305926,-0.002475764721763871,0.9448234639880965,1.9888789772098716,0.011649999999999938,0
2.0,stationary,810,0.0,9,0,True,0.0,0.9575040240772688,0.00905880802203518,0.00905880802203518,-0.006531414373115486,0.9790255029419697,2.0080528659993657,0.0072500000000000064,0
2.0,stationary,810,0.0,9,1,True,0.0,0.9575040240772688,0.005876578425503154,0.005876578425503154,-0.00468163795258301,0.9595841809493131,2.0080528659993657,0.0072500000000000064,0
2.0,stationary,810,0.0,10,0,True,0.0,0.9575040240772688,0.005288308072653569,0.005288308072653569,0.012466346305791135,0.9641275941014775,2.0016786491885283,0.008099999999999996,0
2.0,stationary,810,0.0,10,1,True,0.0,0.9575040240772688,0.004301481241239968,0.004301481241239968,0.004044505753363451,0.9677272806109714,2.0016786491885283,0.008099999999999996,0
2.0,stationary,810,0.0,11,0,True,0.0,0.9575040240772688,0.005441198765708699,0.005441198765708699,0.012499499461993573,0.9560193985478633,1.9987234191198553,0.011249999999999982,0
2.0,stationary,810,0.0,11,1,True,0.0,0.9575040240772688,0.008662656282619141,0.008662656282619141,-0.008941132696004026,0.9616300660660391,1.9987234191198553,0.011249999999999982,0
2.0,stationary,810,0.0,12,0,True,0.0,0.9575040240772688,0.006534218661080615,0.006534218661080615,-0.006243564261504932,0.9447954415207256,2.003319126727069,0.011649999999999938,0
2.0,stationary,810,0.0,12,1,True,0.0,0.9575040240772688,0.00701958557041138,0.00701958557041138,0.0072904377031649086,0.9686644614049498,2.003319126727069,0.011649999999999938,0
2.0,stationary,810,0.0,13,0,True,0.0,0.9575040240772688,0.009092548425848779,0.009092548425848779,-0.011035719308048798,0.9796825426567051,2.0125027995408753,0.009000000000000008,0
2.0,stationary,810,0.0,13,1,True,0.0,0.9575040240772688,0.005355461093826064,0.005355461093826064,-0.0078196607626395,0.9762698437287856,2.0125027995408753,0.009000000000000008,0
2.0,stationary,810,0.0,14,0,True,0.0,0.9575040240772688,0.00707966352817424,0.00707966352817424,-0.0063025437524808926,0.9468948236930503,1.9946884548446688,0.009699999999999986,0
2.0,stationary,810,0.0,14,1,True,0.0,0.9575040240772688,0.010003505173754867,0.010003505173754867,-0.020989399909358792,0.9596770398474882,1.9946884548446688,0.009699999999999986,0
2.0,stationary,810,0.0,15,0,True,0.0,0.9575040240772688,0.006040243906296094,0.006040243906296094,0.008315625020127603,0.9602349708866187,1.988583621395057,0.005249999999999977,0
2.0,stationary,810,0.0,15,1,True,0.0,0.9575040240772688,0.005006263087081186,0.005006263087081186,0.002344251883607453,0.9497193448702448,1.988583621395057,0.005249999999999977,0
2.0,stationary,810,0.0,16,0,True,0.0,0.9575040240772688,0.0044938502357732,0.0044938502357732,0.00889135380327891,0.9685977228050595,2.0073806882984346,0.007400000000000004,0
2.0,stationary,810,0.0,16,1,True,0.0,0.9575040240772688,0.005724985449476194,0.005724985449476194,-0.004599286436982871,0.9642657361805249,2.0073806882984346,0.007400000000000004,0
2.0,stationary,810,0.25,0,0,True,0.0,0.9575040240772688,0.009183289261123662,0.009183289261123662,-0.011345146757050922,0.9508322553680988,2.0041352779591457,0.008549999999999947,0
2.0,stationary,810,0.25,0,1,True,0.0,0.9575040240772688,0.005514420000534703,0.005514420000534703,-0.0014068538157525697,0.9627604940306296,2.0041352779591457,0.008549999999999947,0
2.0,stationary,810,0.25,1,0,True,0.0,0.9575040240772688,0.009276764226071155,0.009276764226071155,0.02265856816234183,0.9419295156667413,0.879457107473213,0.00655,0
2.0,stationary,810,0.25,1,1,True,0.0,0.9575040240772688,0.008119676390946462,0.008119676390946462,0.023239737258429705,0.969311128524683,0.879457107473213,0.00655,0
2.0,stationary,810,0.25,2,0,False,0.0,0.9575040240772688,0.0060891381342376705,0.0060891381342376705,0.0008140865425249472,0.9724598584059276,0.873069194870128,0.00539999999999996,0
2.0,stationary,810,0.25,2,1,False,0.0,0.9575040240772688,0.006943998258492207,0.006943998258492207,-0.004591592245429439,0.9788131927933315,0.873069194870128,0.00539999999999996,0
2.0,stationary,810,0.25,3,0,False,0.0,0.9575040240772688,0.005220553985189391,0.005220553985189391,-0.004111039183868528,0.9565824405686989,0.8955568298752176,0.007200000000000012,0
2.0,stationary,810,0.25,3,1,False,0.0,0.9575040240772688,0.0054710355898888174,0.0054710355898888174,-0.003917162238384814,0.9523700805198728,0.8955568298752176,0.007200000000000012,0
2.0,stationary,810,0.25,4,0,False,0.0,0.9575040240772688,0.005854885479488758,0.005854885479488758,7.498149182473806e-05,0.9748197204274296,0.8821755268470868,0.006200000000000039,0
2.0,stationary,810,0.25,4,1,False,0.0,0.9575040240772688,0.007205416402632947,0.007205416402632947,0.009176242139998736,0.9648964902096222,0.8821755268470868,0.006200000000000039,0
2.0,stationary,810,0.25,5,0,False,0.0,0.9575040240772688,0.007557177427442774,0.007557177427442774,-0.020730090338374058,0.9581991446108569,0.8740133090086254,0.010649999999999993,0
2.0,stationary,810,0.25,5,1,False,0.0,0.9575040240772688,0.004760605641181914,0.004760605641181914,0.0014587249819331873,0.9569819258313287,0.8740133090086254,0.010649999999999993,0
2.0,stationary,810,0.25,6,0,False,0.0,0.9575040240772688,0.007347481114340859,0.007347481114340859,-0.020702392963983594,0.9530918512972137,0.8584099988115841,0.007050000000000001,0
2.0,stationary,810,0.25,6,1,False,0.0,0.9575040240772688,0.00550145388591039,0.00550145388591039,-0.007068362811109993,0.9407204841415208,0.8584099988115841,0.007050000000000001,0
2.0,stationary,810,0.25,7,0,False,0.0,0.9575040240772688,0.008078183301089059,0.008078183301089059,-0.01501947417354891,0.9559375389279258,0.8714135467534119,0.007699999999999985,0
2.0,stationary,810,0.25,7,1,False,0.0,0.9575040240772688,0.0060913495107425275,0.0060913495107425275,-0.0052824229202036235,0.9668069984173226,0.8714135467534119,0.007699999999999985,0
2.0,stationary,810,0.25,8,0,False,0.0,0.9575040240772688,0.0077842405393376835,0.0077842405393376835,-0.01494912967309854,0.9594863730974826,0.8635139287518967,0.0045000000000000595,0
2.0,stationary,810,0.25,8,1,False,0.0,0.9575040240772688,0.007991832792061171,0.007991832792061171,-0.017967360190915257,0.9598266513600874,0.8635139287518967,0.0045000000000000595,0
2.0,stationary,810,0.25,9,0,False,0.0,0.9575040240772688,0.004059432281865616,0.004059432281865616,-0.00853183426251285,0.9647132810383031,0.8662094447790196,0.008950000000000014,0
2.0,stationary,810,0.25,9,1,False,0.0,0.9575040240772688,0.006170787093152663,0.006170787093152663,-0.009139532738519918,0.9505975415543617,0.8662094447790196,0.008950000000000014,0
2.0,stationary,810,0.25,10,0,False,0.0,0.9575040240772688,0.003992681912184826,0.003992681912184826,0.004461771741223142,0.9649807872789684,0.8587514724061266,0.010000000000000009,0
2.0,stationary,810,0.25,10,1,False,0.0,0.9575040240772688,0.009805520787330796,0.009805520787330796,0.012853575006855217,0.9498204548421416,0.8587514724061266,0.010000000000000009,0
2.0,stationary,810,0.25,11,0,False,0.0,0.9575040240772688,0.0042034756029586395,0.0042034756029586395,0.00325615127585829,0.9442624111031754,0.8637268802199173,0.010199999999999987,0
2.0,stationary,810,0.25,11,1,False,0.0,0.9575040240772688,0.007946801929962999,0.007946801929962999,-0.019086974556990682,0.9790046131688522,0.8637268802199173,0.010199999999999987,0
2.0,stationary,810,0.25,12,0,False,0.0,0.9575040240772688,0.005303693177870689,0.005303693177870689,0.0033868005877745744,0.9374350705148862,0.8664961862783269,0.007349999999999968,0
2.0,stationary,810,0.25,12,1,False,0.0,0.9575040240772688,0.005842098692733166,0.005842098692733166,0.007468269948828987,0.9412855209099757,0.8664961862783269,0.007349999999999968,0
2.0,stationary,810,0.25,13,0,False,0.0,0.9575040240772688,0.003757346713546883,0.003757346713546883,0.0035638961010516362,0.9571671215105505,0.8675616457109829,0.006449999999999956,0
2.0,stationary,810,0.25,13,1,False,0.0,0.9575040240772688,0.0071345496187315005,0.0071345496187315005,0.016246593564387707,0.9612366519941005,0.8675616457109829,0.006449999999999956,0
2.0,stationary,810,0.25,14,0,False,0.0,0.9575040240772688,0.006082907584978925,0.006082907584978925,0.005650240299772416,0.9399895144372041,0.8657891202153298,0.00495000000000001,0
2.0,stationary,810,0.25,14,1,False,0.0,0.9575040240772688,0.0066014058182839175,0.0066014058182839175,0.009118846171522671,0.9318007494648248,0.8657891202153298,0.00495000000000001,0
2.0,stationary,810,0.25,15,0,False,0.0,0.9575040240772688,0.004774128636576891,0.004774128636576891,-0.006569459110500102,0.962224473321476,0.8510902470014731,0.008850000000000025,0
2.0,stationary,810,0.25,15,1,False,0.0,0.9575040240772688,0.008511221921774337,0.008511221921774337,-0.02019930237539032,0.9874710655427221,0.8510902470014731,0.008850000000000025,0
2.0,stationary,810,0.25,16,0,False,0.0,0.9575040240772688,0.0062652286996789375,0.0062652286996789375,-0.015449916047820974,0.9566161187132938,0.8500160904415994,0.009099999999999997,0
2.0,stationary,810,0.25,16,1,False,0.0,0.9575040240772688,0.012042893553097955,0.012042893553097955,-0.02755372514784797,0.9607714994577174,0.8500160904415994,0.009099999999999997,0
2.0,stationary,810,0.5,0,0,True,0.0,0.9575040240772688,0.009183289261123662,0.009183289261123662,-0.011345146757050922,0.9508322553680988,2.0041352779591457,0.008549999999999947,0
2.0,stationary,810,0.5,0,1,True,0.0,0.9575040240772688,0.005514420000534703,0.005514420000534703,-0.0014068538157525697,0.9627604940306296,2.0041352779591457,0.008549999999999947,0
2.0,stationary,810,0.5,1,0,True,0.0,0.9575040240772688,0.012111869140401854,0.012111869140401854,0.027723780410893753,0.9511302191188943,0.0,0.0,20000
2.0,stationary,810,0.5,1,1,True,0.0,0.9575040240772688,0.012111869140401854,0.012111869140401854,0.027723780410893753,0.9511302191188943,0.0,0.0,20000
2.0,stationary,810,0.5,2,0,True,0.0,0.9575040240772688,0.005958307069801272,0.005958307069801272,0.011792473994174671,0.9692797547909112,0.0,0.0,20000
2.0,stationary,810,0.5,2,1,True,0.0,0.9575040240772688,0.005958307069801272,0.005958307069801272,0.011792473994174671,0.9692797547909112,0.0,0.0,20000
2.0,stationary,810,0.5,3,0,True,0.0,0.9575040240772688,0.0038046944947096595,0.0038046944947096595,-0.0028311771063644683,0.9694022849985225,0.0,0.0,20000
2.0,stationary,810,0.5,3,1,True,0.0,0.9575040240772688,0.0038046944947096595,0.0038046944947096595,-0.0028311771063644683,0.9694022849985225,0.0,0.0,20000
2.0,stationary,810,0.5,4,0,True,0.0,0.9575040240772688,0.004814956588453323,0.004814956588453323,-0.009778073857293611,0.9540153002029681,0.0,0.0,20000
2.0,stationary,810,0.5,4,1,True,0.0,0.9575040240772688,0.004814956588453323,0.004814956588453323,-0.009778073857293611,0.9540153002029681,0.0,0.0,20000
2.0,stationary,810,0.5,5,0,True,0.0,0.9575040240772688,0.0031856395624402234,0.0031856395624402234,-0.004209455534695183,0.9522511516790821,0.0,0.0,20000
2.0,stationary,810,0.5,5,1,True,0.0,0.9575040240772688,0.0031856395624402234,0.0031856395624402234,-0.004209455534695183,0.9522511516790821,0.0,0.0,20000
2.0,stationary,810,0.5,6,0,True,0.0,0.9575040240772688,0.006474017246266506,0.006474017246266506,-0.011557710816550151,0.9616745789607486,0.0,0.0,20000
2.0,stationary,810,0.5,6,1,True,0.0,0.9575040240772688,0.006474017246266506,0.006474017246266506,-0.011557710816550151,0.9616745789607486,0.0,0.0,20000
2.0,stationary,810,0.5,7,0,True,0.0,0.9575040240772688,0.007134421344450248,0.007134421344450248,-0.009135821557339482,0.9842211003394025,0.0,0.0,20000
2.0,stationary,810,0.5,7,1,True,0.0,0.9575040240772688,0.007134421344450248,0.007134421344450248,-0.009135821557339482,0.9842211003394025,0.0,0.0,20000
2.0,stationary,810,0.5,8,0,True,0.0,0.9575040240772688,0.005390023869030702,0.005390023869030702,-0.00491980282671917,0.9577385655761592,0.0,0.0,20000
2.0,stationary,810,0.5,8,1,True,0.0,0.9575040240772688,0.005390023869030702,0.005390023869030702,-0.00491980282671917,0.9577385655761592,0.0,0.0,20000
2.0,stationary,810,0.5,9,0,True,0.0,0.9575040240772688,0.0059045160853715695,0.0059045160853715695,0.006450510666002971,0.9456124064718276,0.0,0.0,20000
2.0,stationary,810,0.5,9,1,True,0.0,0.9575040240772688,0.0059045160853715695,0.0059045160853715695,0.006450510666002971,0.9456124064718276,0.0,0.0,20000
2.0,stationary,810,0.5,10,0,True,0.0,0.9575040240772688,0.006867382434097222,0.006867382434097222,0.010631154869555064,0.9638554638017103,0.0,0.0,20000
2.0,stationary,810,0.5,10,1,True,0.0,0.9575040240772688,0.006867382434097222,0.006867382434097222,0.010631154869555064,0.9638554638017103,0.0,0.0,20000
2.0,stationary,810,0.5,11,0,True,0.0,0.9575040240772688,0.00559200343147731,0.00559200343147731,0.0079480569071308,0.9499320467089178,0.0,0.0,20000
2.0,stationary,810,0.5,11,1,True,0.0,0.9575040240772688,0.00559200343147731,0.00559200343147731,0.0079480569071308,0.9499320467089178,0.0,0.0,20000
2.0,stationary,810,0.5,12,0,True,0.0,0.9575040240772688,0.005217160805029819,0.005217160805029819,0.0021027582817182496,0.9550409006748193,0.0,0.0,20000
2.0,stationary,810,0.5,12,1,True,0.0,0.9575040240772688,0.005217160805029819,0.005217160805029819,0.0021027582817182496,0.9550409006748193,0.0,0.0,20000
2.0,stationary,810,0.5,13,0,True,0.0,0.9575040240772688,0.003666787129922411,0.003666787129922411,-0.002958751813972227,0.9518594892451507,0.0,0.0,20000
2.0,stationary,810,0.5,13,1,True,0.0,0.9575040240772688,0.003666787129922411,0.003666787129922411,-0.002958751813972227,0.9518594892451507,0.0,0.0,20000
2.0,stationary,810,0.5,14,0,True,0.0,0.9575040240772688,0.006989322168426071,0.006989322168426071,-0.008071983233907752,0.9715121569438703,0.0,0.0,20000
2.0,stationary,810,0.5,14,1,True,0.0,0.9575040240772688,0.006989322168426071,0.006989322168426071,-0.008071983233907752,0.9715121569438703,0.0,0.0,20000
2.0,stationary,810,0.5,15,0,True,0.0,0.9575040240772688,0.006757413195870504,0.006757413195870504,-0.005610441596031272,0.960003224629535,0.0,0.0,20000
2.0,stationary,810,0.5,15,1,True,0.0,0.9575040240772688,0.006757413195870504,0.006757413195870504,-0.005610441596031272,0.960003224629535,0.0,0.0,20000
2.0,stationary,810,0.5,16,0,True,0.0,0.9575040240772688,0.005944949638111652,0.005944949638111652,-0.016265232204620263,0.9556233489417955,0.0,0.0,20000
2.0,stationary,810,0.5,16,1,True,0.0,0.9575040240772688,0.005944949638111652,0.005944949638111652,-0.016265232204620263,0.9556233489417955,0.0,0.0,20000
2.0,stationary,811,0.0,0,0,True,0.0,0.9575040240772688,0.007069025719418809,0.007069025719418809,0.003351492838744932,0.9727216743413305,2.008767846864149,0.00874999999999998,0
2.0,stationary,811,0.0,0,1,True,0.0,0.9575040240772688,0.007944436594704618,0.007944436594704618,0.005689202820712807,0.9507343516673693,2.008767846864149,0.00874999999999998,0
2.0,stationary,811,0.0,1,0,True,0.0,0.9575040240772688,0.007027402243312997,0.007027402243312997,-0.008085506859983898,0.939120687747933,1.9946048133356378,0.00814999999999999,0
2.0,stationary,811,0.0,1,1,True,0.0,0.9575040240772688,0.009380910271352794,0.009380910271352794,-0.022742572322056828,0.9531496686377385,1.9946048133356378,0.00814999999999999,0
2.0,stationary,811,0.0,2,0,True,0.0,0.9575040240772688,0.006556907251295485,0.006556907251295485,0.0056896067195048045,0.958670548019513,2.0143566340799377,0.007900000000000018,0
2.0,stationary,811,0.0,2,1,True,0.0,0.9575040240772688,0.004660260846181097,0.004660260846181097,-0.012726611054226719,0.9658653667586912,2.0143566340799377,0.007900000000000018,0
2.0,stationary,811,0.0,3,0,True,0.0,0.9575040240772688,0.007325743532397844,0.007325743532397844,-0.018550661465100735,0.9500538209163998,1.9995215413527228,0.009600000000000011,0
2.0,stationary,811,0.0,3,1,True,0.0,0.9575040240772688,0.006151282239733047,0.006151282239733047,-0.01200451101134073,0.9410315854996345,1.9995215413527228,0.009600000000000011,0
2.0,stationary,811,0.0,4,0,True,0.0,0.9575040240772688,0.008044421408300417,0.008044421408300417,-0.014370750332824297,0.9621385452534955,2.0076332486520494,0.009750000000000036,0
2.0,stationary,811,0.0,4,1,True,0.0,0.9575040240772688,0.004206911663892088,0.004206911663892088,-0.005898489771574948,0.9594210508103957,2.0076332486520494,0.009750000000000036,0
2.0,stationary,811,0.0,5,0,True,0.0,0.9575040240772688,0.006363212160609005,0.006363212160609005,0.0040370982905540975,0.9782410664298042,2.0087743345684053,0.00990000000000002,0
2.0,stationary,811,0.0,5,1,True,0.0,0.9575040240772688,0.0053923802873795945,0.0053923802873795945,-0.005847889639282955,0.9433188399877425,2.0087743345684053,0.00990000000000002,0
2.0,stationary,811,0.0,6,0,True,0.0,0.9575040240772688,0.005893186719242438,0.005893186719242438,0.007335132442369624,0.9332663857080411,2.009314099859168,0.011649999999999994,0
2.0,stationary,811,0.0,6,1,True,0.0,0.9575040240772688,0.010128765229875769,0.010128765229875769,-0.02386437456061434,0.9640015106977764,2.009314099859168,0.011649999999999994,0
2.0,stationary,811,0.0,7,0,True,0.0,0.9575040240772688,0.006184778697807092,0.006184778697807092,0.0011586390151681432,0.9610905600524352,1.9916716683610218,0.007800000000000029,0
2.0,stationary,811,0.0,7,1,True,0.0,0.9575040240772688,0.00458825965593912,0.00458825965593912,0.0014914986372649534,0.9572314287770447,1.9916716683610218,0.007800000000000029,0
2.0,stationary,811,0.0,8,0,True,0.0,0.9575040240772688,0.007129982631009835,0.007129982631009835,-0.0027237104787599022,0.9870608688841854,2.000589396087693,0.00835000000000008,0
2.0,stationary,811,0.0,8,1,True,0.0,0.9575040240772688,0.004352356150915226,0.004352356150915226,-0.00042371622450843645,0.9691655200539042,2.000589396087693,0.00835000000000008,0
2.0,stationary,811,0.0,9,0,True,0.0,0.9575040240772688,0.006967539762087971,0.006967539762087971,-0.014978303910625693,0.9441581501147046,1.984991926344288,0.011850000000000027,0
2.0,stationary,811,0.0,9,1,True,0.0,0.9575040240772688,0.01023605316849957,0.01023605316849957,0.013808553821846297,0.9585936785831981,1.984991926344288,0.011850000000000027,0
2.0,stationary,811,0.0,10,0,True,0.0,0.9575040240772688,0.004014871267388864,0.004014871267388864,-0.007931116306881914,0.9618063249806952,2.0042501456051194,0.007099999999999995,0
2.0,stationary,811,0.0,10,1,True,0.0,0.9575040240772688,0.007760651512298988,0.007760651512298988,0.010678969718636168,0.9423285417643644,2.0042501456051194,0.007099999999999995,0
2.0,stationary,811,0.0,11,0,True,0.0,0.9575040240772688,0.00791830781391406,0.00791830781391406,-0.0006900739068954384,0.9418488883002203,1.9986507114665664,0.010199999999999987,0
2.0,stationary,811,0.0,11,1,True,0.0,0.9575040240772688,0.010273119193043745,0.010273119193043745,0.02486519463459184,0.944562012061757,1.9986507114665664,0.010199999999999987,0
2.0,stationary,811,0.0,12,0,True,0.0,0.9575040240772688,0.007919451007361883,0.007919451007361883,0.007754641127815693,0.9404588683797844,2.002139295420924,0.009149999999999991,0
2.0,stationary,811,0.0,12,1,True,0.0,0.9575040240772688,0.005216889152224763,0.005216889152224763,-0.0034563897523310627,0.9531230566785667,2.002139295420924,0.009149999999999991,0
2.0,stationary,811,0.0,13,0,True,0.0,0.9575040240772688,0.004491409542154989,0.004491409542154989,-0.0026090266776747873,0.9504457459524076,1.9916290116502289,0.006500000000000061,0
2.0,stationary,811,0.0,13,1,True,0.0,0.9575040240772688,0.0031701477710588954,0.0031701477710588954,0.005002531976362275,0.95783554073353,1.9916290116502289,0.006500000000000061,0
2.0,stationary,811,0.0,14,0,True,0.0,0.9575040240772688,0.004860113431207291,0.004860113431207291,0.003226494774923566,0.9709964277319931,2.011360098159057,0.005900000000000016,0
2.0,stationary,811,0.0,14,1,True,0.0,0.9575040240772688,0.004963085222036312,0.004963085222036312,0.007083087216174245,0.9590065079406187,2.011360098159057,0.005900000000000016,0
2.0,stationary,811,0.0,15,0,True,0.0,0.9575040240772688,0.004277084770667128,0.004277084770667128,0.001996544967281586,0.9524650788004272,1.9825879073106611,0.006950000000000012,0
2.0,stationary,811,0.0,15,1,True,0.0,0.9575040240772688,0.0050178224466333465,0.0050178224466333465,0.006495680703353088,0.9614035047167647,1.9825879073106611,0.006950000000000012,0
2.0,stationary,811,0.0,16,0,True,0.0,0.9575040240772688,0.0042448861301094265,0.0042448861301094265,-0.005079618885012422,0.9497204664658903,2.015295989010491,0.00880000000000003,0
2.0,stationary,811,0.0,16,1,True,0.0,0.9575040240772688,0.006419735628362566,0.006419735628362566,0.004913632458352193,0.9503139335819047,2.015295989010491,0.00880000000000003,0
2.0,stationary,811,0.25,0,0,True,0.0,0.9575040240772688,0.007069025719418809,0.007069025719418809,0.003351492838744932,0.9727216743413305,2.008767846864149,0.00874999999999998,0
2.0,stationary,811,0.25,0,1,True,0.0,0.9575040240772688,0.007944436594704618,0.007944436594704618,0.005689202820712807,0.9507343516673693,2.008767846864149,0.00874999999999998,0
2.0,stationary,811,0.25,1,0,True,0.0,0.9575040240772688,0.008976436815769429,0.008976436815769429,-0.006571822690869325,0.9485056250643538,0.8899054945283568,0.005800000000000027,0
2.0,stationary,811,0.25,1,1,True,0.0,0.9575040240772688,0.009522258332031575,0.009522258332031575,-0.01762812903563275,0.9494370273184644,0.8899054945283568,0.005800000000000027,0
2.0,stationary,811,0.25,2,0,False,0.0,0.9575040240772688,0.007793608701960719,0.007793608701960719,0.013255562905706668,0.9526868800564716,0.8813300641989794,0.010450000000000015,0
2.0,stationary,811,0.25,2,1,False,0.0,0.9575040240772688,0.004152159900173591,0.004152159900173591,-0.0046774322074456115,0.9608832198590203,0.8813300641989794,0.010450000000000015,0
2.0,stationary,811,0.25,3,0,False,0.0,0.9575040240772688,0.008923236613121666,0.008923236613121666,0.024288110743425337,0.9530304133441581,0.8729648524069097,0.006900000000000017,0
2.0,stationary,811,0.25,3,1,False,0.0,0.9575040240772688,0.007740535181829045,0.007740535181829045,0.010517443071748567,0.963084944969292,0.8729648524069097,0.006900000000000017,0
2.0,stationary,811,0.25,4,0,False,0.0,0.9575040240772688,0.004927631090854784,0.004927631090854784,0.004961455654396894,0.9656957386145422,0.8621065594298823,0.00714999999999999,0
2.0,stationary,811,0.25,4,1,False,0.0,0.9575040240772688,0.007127882108331346,0.007127882108331346,-0.011189503702590739,0.9734460422861109,0.8621065594298823,0.00714999999999999,0
2.0,stationary,811,0.25,5,0,False,0.0,0.9575040240772688,0.006266741635700845,0.006266741635700845,0.0017265139598096613,0.9677877667664943,0.8614921376860438,0.007450000000000068,0
2.0,stationary,811,0.25,5,1,False,0.0,0.9575040240772688,0.0038726610578073695,0.0038726610578073695,-0.004893978267535036,0.9577738220758776,0.8614921376860438,0.007450000000000068,0
2.0,stationary,811,0.25,6,0,False,0.0,0.9575040240772688,0.00645495113247313,0.00645495113247313,-0.008654203216109345,0.972835718846977,0.8534585080818619,0.0050000000000000044,0
2.0,stationary,811,0.25,6,1,False,0.0,0.9575040240772688,0.0068086584974971776,0.0068086584974971776,-0.0047486540313089525,0.9686251072817864,0.8534585080818619,0.0050000000000000044,0
2.0,stationary,811,0.25,7,0,False,0.0,0.9575040240772688,0.006875344274289152,0.006875344274289152,0.01931349972533413,0.9527508188134592,0.8634369796085797,0.005750000000000033,0
2.0,stationary,811,0.25,7,1,False,0.0,0.9575040240772688,0.006121068196947355,0.006121068196947355,0.00779196016646664,0.9733076993277738,0.8634369796085797,0.005750000000000033,0
2.0,stationary,811,0.25,8,0,False,0.0,0.9575040240772688,0.0033054783847968894,0.0033054783847968894,0.0009982630521027658,0.9576684772600073,0.8587450329196253,0.005099999999999993,0
2.0,stationary,811,0.25,8,1,False,0.0,0.9575040240772688,0.004705077975684924,0.004705077975684924,0.0024145217216205786,0.9497258793792145,0.8587450329196253,0.005099999999999993,0
2.0,stationary,811,0.25,9,0,False,0.0,0.9575040240772688,0.0035530097552846085,0.0035530097552846085,0.0035880551381845503,0.9492915576492819,0.8595739397539063,0.005099999999999993,0
2.0,stationary,811,0.25,9,1,False,0.0,0.9575040240772688,0.00467213954793122,0.00467213954793122,-0.007221789405460838,0.9498740267646554,0.8595739397539063,0.005099999999999993,0
2.0,stationary,811,0.25,10,0,False,0.0,0.9575040240772688,0.007027887423425971,0.007027887423425971,0.01216081702784294,0.9559724778600325,0.8506422170174294,0.005950000000000011,0
2.0,stationary,811,0.25,10,1,False,0.0,0.9575040240772688,0.004293836430005471,0.004293836430005471,-9.865605452615174e-05,0.9501997174110226,0.8506422170174294,0.005950000000000011,0
2.0,stationary,811,0.25,11,0,False,0.0,0.9575040240772688,0.004710809676566452,0.004710809676566452,-0.000500319719767676,0.9708676758535375,0.8613714345811583,0.00605,0
2.0,stationary,811,0.25,11,1,False,0.0,0.9575040240772688,0.006635891578037123,0.006635891578037123,0.011619068869481256,0.9646329608150455,0.8613714345811583,0.00605,0
2.0,stationary,811,0.25,12,0,False,0.0,0.9575040240772688,0.006288395456583384,0.006288395456583384,-0.007692514885520481,0.9579191669402995,0.85140302976083,0.005650000000000044,0
2.0,stationary,811,0.25,12,1,False,0.0,0.9575040240772688,0.00791128853584544,0.00791128853584544,-0.013581459110877436,0.9558882469420014,0.85140302976083,0.005650000000000044,0
2.0,stationary,811,0.25,13,0,False,0.0,0.9575040240772688,0.00509183199654864,0.00509183199654864,0.009739321321021401,0.9610160379618617,0.8538781446203686,0.007800000000000001,0
2.0,stationary,811,0.25,13,1,False,0.0,0.9575040240772688,0.0041415257828466,0.0041415257828466,-0.0027755700830398022,0.9565152924889713,0.8538781446203686,0.007800000000000001,0
2.0,stationary,811,0.25,14,0,False,0.0,0.9575040240772688,0.004438208001589006,0.004438208001589006,0.006225832666845094,0.9626581194418004,0.8628320283465755,0.006700000000000039,0
2.0,stationary,811,0.25,14,1,False,0.0,0.9575040240772688,0.005691775208216954,0.005691775208216954,-0.0022166289127170946,0.9456188933033327,0.8628320283465755,0.006700000000000039,0
2.0,stationary,811,0.25,15,0,False,0.0,0.9575040240772688,0.006150603166581781,0.006150603166581781,0.010398943766172144,0.9551254373259264,0.8606982151952987,0.005750000000000033,0
2.0,stationary,811,0.25,15,1,False,0.0,0.9575040240772688,0.004330224822693962,0.004330224822693962,-0.002266087248919673,0.9588042333878316,0.8606982151952987,0.005750000000000033,0
2.0,stationary,811,0.25,16,0,False,0.0,0.9575040240772688,0.003720346502991037,0.003720346502991037,0.004608051528539131,0.9645841822761752,0.8646275235012414,0.007400000000000018,0
2.0,stationary,811,0.25,16,1,False,0.0,0.9575040240772688,0.005863957599280906,0.005863957599280906,0.0044979063778333855,0.9558454437990354,0.8646275235012414,0.007400000000000018,0
2.0,stationary,811,0.5,0,0,True,0.0,0.9575040240772688,0.007069025719418809,0.007069025719418809,0.003351492838744932,0.9727216743413305,2.008767846864149,0.00874999999999998,0
2.0,stationary,811,0.5,0,1,True,0.0,0.9575040240772688,0.007944436594704618,0.007944436594704618,0.005689202820712807,0.9507343516673693,2.008767846864149,0.00874999999999998,0
2.0,stationary,811,0.5,1,0,True,0.0,0.9575040240772688,0.007744311758756228,0.007744311758756228,-0.015600328598201721,0.9483381342658832,0.0,0.0,20000
2.0,stationary,811,0.5,1,1,True,0.0,0.9575040240772688,0.007744311758756228,0.007744311758756228,-0.015600328598201721,0.9483381342658832,0.0,0.0,20000
2.0,stationary,811,0.5,2,0,True,0.0,0.9575040240772688,0.009088402169871168,0.009088402169871168,0.01544931178099352,0.9574354221121252,0.0,0.0,20000
2.0,stationary,811,0.5,2,1,True,0.0,0.9575040240772688,0.009088402169871168,0.009088402169871168,0.01544931178099352,0.9574354221121252,0.0,0.0,20000
2.0,stationary,811,0.5,3,0,True,0.0,0.9575040240772688,0.007183036292759515,0.007183036292759515,-0.008461668258103678,0.9541821723270281,0.0,0.0,20000
2.0,stationary,811,0.5,3,1,True,0.0,0.9575040240772688,0.007183036292759515,0.007183036292759515,-0.008461668258103678,0.9541821723270281,0.0,0.0,20000
2.0,stationary,811,0.5,4,0,True,0.0,0.9575040240772688,0.005724795380256831,0.005724795380256831,0.004028069716529064,0.9492962870660442,0.0,0.0,20000
2.0,stationary,811,0.5,4,1,True,0.0,0.9575040240772688,0.005724795380256831,0.005724795380256831,0.004028069716529064,0.9492962870660442,0.0,0.0,20000
2.0,stationary,811,0.5,5,0,True,0.0,0.9575040240772688,0.00591076338973151,0.00591076338973151,0.008995646499489557,0.9643271011610346,0.0,0.0,20000
2.0,stationary,811,0.5,5,1,True,0.0,0.9575040240772688,0.00591076338973151,0.00591076338973151,0.008995646499489557,0.9643271011610346,0.0,0.0,20000
2.0,stationary,811,0.5,6,0,True,0.0,0.9575040240772688,0.006657200787017148,0.006657200787017148,0.012139015199927636,0.9631142003396084,0.0,0.0,20000
2.0,stationary,811,0.5,6,1,True,0.0,0.9575040240772688,0.006657200787017148,0.006657200787017148,0.012139015199927636,0.9631142003396084,0.0,0.0,20000
2.0,stationary,811,0.5,7,0,True,0.0,0.9575040240772688,0.006621250224549902,0.006621250224549902,-0.00617196177835055,0.9707585479376502,0.0,0.0,20000
2.0,stationary,811,0.5,7,1,True,0.0,0.9575040240772688,0.006621250224549902,0.006621250224549902,-0.00617196177835055,0.9707585479376502,0.0,0.0,20000
2.0,stationary,811,0.5,8,0,True,0.0,0.9575040240772688,0.01048890790020518,0.01048890790020518,0.02500815095935596,0.9706654888020632,0.0,0.0,20000
2.0,stationary,811,0.5,8,1,True,0.0,0.9575040240772688,0.01048890790020518,0.01048890790020518,0.02500815095935596,0.9706654888020632,0.0,0.0,20000
2.0,stationary,811,0.5,9,0,True,0.0,0.9575040240772688,0.007763807841334791,0.007763807841334791,-0.013060428855563267,0.9658868292301716,0.0,0.0,20000
2.0,stationary,811,0.5,9,1,True,0.0,0.9575040240772688,0.007763807841334791,0.007763807841334791,-0.013060428855563267,0.9658868292301716,0.0,0.0,20000
2.0,stationary,811,0.5,10,0,True,0.0,0.9575040240772688,0.006270790103717894,0.006270790103717894,0.014093887620925746,0.9540813071413774,0.0,0.0,20000
2.0,stationary,811,0.5,10,1,True,0.0,0.9575040240772688,0.006270790103717894,0.006270790103717894,0.014093887620925746,0.9540813071413774,0.0,0.0,20000
2.0,stationary,811,0.5,11,0,True,0.0,0.9575040240772688,0.004589404570275124,0.004589404570275124,-0.0006892447627564267,0.9480185061045239,0.0,0.0,20000
2.0,stationary,811,0.5,11,1,True,0.0,0.9575040240772688,0.004589404570275124,0.004589404570275124,-0.0006892447627564267,0.9480185061045239,0.0,0.0,20000
2.0,stationary,811,0.5,12,0,True,0.0,0.9575040240772688,0.007053324279582274,0.007053324279582274,0.013765027659156558,0.9749294113067779,0.0,0.0,20000
2.0,stationary,811,0.5,12,1,True,0.0,0.9575040240772688,0.007053324279582274,0.007053324279582274,0.013765027659156558,0.9749294113067779,0.0,0.0,20000
2.0,stationary,811,0.5,13,0,True,0.0,0.9575040240772688,0.011779800505240523,0.011779800505240523,-0.00030175068334662846,0.9874630118171053,0.0,0.0,20000
2.0,stationary,811,0.5,13,1,True,0.0,0.9575040240772688,0.011779800505240523,0.011779800505240523,-0.00030175068334662846,0.9874630118171053,0.0,0.0,20000
2.0,stationary,811,0.5,14,0,True,0.0,0.9575040240772688,0.006790079500812618,0.006790079500812618,0.01098477454053996,0.9511678100764164,0.0,0.0,20000
2.0,stationary,811,0.5,14,1,True,0.0,0.9575040240772688,0.006790079500812618,0.006790079500812618,0.01098477454053996,0.9511678100764164,0.0,0.0,20000
2.0,stationary,811,0.5,15,0,True,0.0,0.9575040240772688,0.005925804941657509,0.005925804941657509,-0.008512548131729629,0.9594836093205329,0.0,0.0,20000
2.0,stationary,811,0.5,15,1,True,0.0,0.9575040240772688,0.005925804941657509,0.005925804941657509,-0.008512548131729629,0.9594836093205329,0.0,0.0,20000
2.0,stationary,811,0.5,16,0,True,0.0,0.9575040240772688,0.006409832865786891,0.006409832865786891,-0.005896171150388589,0.9617935920013063,0.0,0.0,20000
2.0,stationary,811,0.5,16,1,True,0.0,0.9575040240772688,0.006409832865786891,0.006409832865786891,-0.005896171150388589,0.9617935920013063,0.0,0.0,20000
2.0,stationary,812,0.0,0,0,True,0.0,0.9575040240772688,0.005150076559468197,0.005150076559468197,-0.008126621451079612,0.9395584094372833,1.9948163201159275,0.012800000000000034,0
2.0,stationary,812,0.0,0,1,True,0.0,0.9575040240772688,0.01005827217859745,0.01005827217859745,0.01998574222037946,0.9586341708177077,1.9948163201159275,0.012800000000000034,0
2.0,stationary,812,0.0,1,0,True,0.0,0.9575040240772688,0.008257649781188037,0.008257649781188037,-0.01882898602505001,0.9616921461826036,1.9976017216257351,0.01319999999999999,0
2.0,stationary,812,0.0,1,1,True,0.0,0.9575040240772688,0.007066281669400487,0.007066281669400487,0.014662192175943604,0.958495165972878,1.9976017216257351,0.01319999999999999,0
2.0,stationary,812,0.0,2,0,True,0.0,0.9575040240772688,0.004245853344121087,0.004245853344121087,0.005916080547957629,0.9628785881048852,2.0053728978846665,0.007050000000000001,0
2.0,stationary,812,0.0,2,1,True,0.0,0.9575040240772688,0.004233046148622743,0.004233046148622743,-0.005308668528923585,0.9592779988740541,2.0053728978846665,0.007050000000000001,0
2.0,stationary,812,0.0,3,0,True,0.0,0.9575040240772688,0.010419561078013784,0.010419561078013784,0.024329245401786628,0.9668056442504471,1.983540736870903,0.014649999999999996,0
2.0,stationary,812,0.0,3,1,True,0.0,0.9575040240772688,0.006531090331340583,0.006531090331340583,-0.009401378514943775,0.9565522405005573,1.983540736870903,0.014649999999999996,0
2.0,stationary,812,0.0,4,0,True,0.0,0.9575040240772688,0.002604513688754695,0.002604513688754695,0.000422813755242344,0.9571391549816446,2.008413460990778,0.006799999999999917,0
2.0,stationary,812,0.0,4,1,True,0.0,0.9575040240772688,0.0045348141174438306,0.0045348141174438306,-0.0038900194326827713,0.9618824086179487,2.008413460990778,0.006799999999999917,0
2.0,stationary,812,0.0,5,0,True,0.0,0.9575040240772688,0.003974092311318032,0.003974092311318032,-0.0034271440937639914,0.9549552003835241,2.011679265081432,0.009050000000000002,0
2.0,stationary,812,0.0,5,1,True,0.0,0.9575040240772688,0.007109458008627945,0.007109458008627945,-0.000662798559708005,0.942417137833067,2.011679265081432,0.009050000000000002,0
2.0,stationary,812,0.0,6,0,True,0.0,0.9575040240772688,0.008366535764715133,0.008366535764715133,-0.008164123920812743,0.9477153867595589,2.0080802383953644,0.014599999999999946,0
2.0,stationary,812,0.0,6,1,True,0.0,0.9575040240772688,0.007609327301403512,0.007609327301403512,0.014083245949459165,0.9580376934002219,2.0080802383953644,0.014599999999999946,0
2.0,stationary,812,0.0,7,0,True,0.0,0.9575040240772688,0.004896209111607819,0.004896209111607819,0.002433077672931168,0.9512256381443065,1.9959323431199694,0.009450000000000014,0
2.0,stationary,812,0.0,7,1,True,0.0,0.9575040240772688,0.005893702680910717,0.005893702680910717,-0.01270953139619784,0.9570507445857788,1.9959323431199694,0.009450000000000014,0
2.0,stationary,812,0.0,8,0,True,0.0,0.9575040240772688,0.007848948555545021,0.007848948555545021,0.012606314583143634,0.9643777717524198,2.008315208379933,0.008650000000000047,0
2.0,stationary,812,0.0,8,1,True,0.0,0.9575040240772688,0.0052573084411001725,0.0052573084411001725,0.008341751656745508,0.9653620508256768,2.008315208379933,0.008650000000000047,0
2.0,stationary,812,0.0,9,0,True,0.0,0.9575040240772688,0.0064138898987036175,0.0064138898987036175,-0.01714156429041929,0.9431659825113228,1.9865284207210665,0.008699999999999986,0
2.0,stationary,812,0.0,9,1,True,0.0,0.9575040240772688,0.00613972649066985,0.00613972649066985,-0.002471548312597604,0.9682190579771627,1.9865284207210665,0.008699999999999986,0
2.0,stationary,812,0.0,10,0,True,0.0,0.9575040240772688,0.005042638466484228,0.005042638466484228,-0.0009486427968731611,0.9465102867735,2.001948612865949,0.006800000000000028,0
2.0,stationary,812,0.0,10,1,True,0.0,0.9575040240772688,0.0029892879650785797,0.0029892879650785797,0.004276038278416852,0.9593938166782149,2.001948612865949,0.006800000000000028,0
2.0,stationary,812,0.0,11,0,True,0.0,0.9575040240772688,0.0053712104234403535,0.0053712104234403535,-0.0053771588136613604,0.9617075335362963,2.0053149513938697,0.006249999999999978,0
2.0,stationary,812,0.0,11,1,True,0.0,0.9575040240772688,0.003278228804873745,0.003278228804873745,0.003554657924887718,0.9644761058769615,2.0053149513938697,0.006249999999999978,0
2.0,stationary,812,0.0,12,0,True,0.0,0.9575040240772688,0.007492049729891481,0.007492049729891481,0.011300534630547657,0.9612541931944008,1.999760827792835,0.011199999999999988,0
2.0,stationary,812,0.0,12,1,True,0.0,0.9575040240772688,0.005805108629994782,0.005805108629994782,-0.00860303955451266,0.9709399641129822,1.999760827792835,0.011199999999999988,0
2.0,stationary,812,0.0,13,0,True,0.0,0.9575040240772688,0.009004843159603038,0.009004843159603038,-0.02020513038064442,0.9452735346256826,1.9864220674707351,0.01325000000000004,0
2.0,stationary,812,0.0,13,1,True,0.0,0.9575040240772688,0.006003820009039484,0.006003820009039484,0.009317119966324755,0.9554165028468902,1.9864220674707351,0.01325000000000004,0
2.0,stationary,812,0.0,14,0,True,0.0,0.9575040240772688,0.009382661862891717,0.009382661862891717,-0.02310671852793056,0.9500797491095457,2.02325670380931,0.008850000000000025,0
2.0,stationary,812,0.0,14,1,True,0.0,0.9575040240772688,0.005204748188871067,0.005204748188871067,-0.010025861031508126,0.9507314238554351,2.02325670380931,0.008850000000000025,0
2.0,stationary,812,0.0,15,0,True,0.0,0.9575040240772688,0.006292150061419255,0.006292150061419255,-0.013972904025131738,0.9684862190253661,2.0067401149605697,0.01150000000000001,0
2.0,stationary,812,0.0,15,1,True,0.0,0.9575040240772688,0.007044921216869948,0.007044921216869948,-0.0037073245466399275,0.9329029161415313,2.0067401149605697,0.01150000000000001,0
2.0,stationary,812,0.0,16,0,True,0.0,0.9575040240772688,0.006787410130933869,0.006787410130933869,0.002205959519586209,0.9766740913337417,1.9905704284690364,0.010800000000000032,0
2.0,stationary,812,0.0,16,1,True,0.0,0.9575040240772688,0.007035053108033429,0.007035053108033429,-0.010168049180572094,0.9508936792599383,1.9905704284690364,0.010800000000000032,0
2.0,stationary,812,0.25,0,0,True,0.0,0.9575040240772688,0.005150076559468197,0.005150076559468197,-0.008126621451079612,0.9395584094372833,1.9948163201159275,0.012800000000000034,0
2.0,stationary,812,0.25,0,1,True,0.0,0.9575040240772688,0.01005827217859745,0.01005827217859745,0.01998574222037946,0.9586341708177077,1.9948163201159275,0.012800000000000034,0
2.0,stationary,812,0.25,1,0,True,0.0,0.9575040240772688,0.007335505216397642,0.007335505216397642,-0.01502299714202759,0.9685982309976495,0.8851129802324788,0.010499999999999954,0
2.0,stationary,812,0.25,1,1,True,0.0,0.9575040240772688,0.0051782884983014865,0.0051782884983014865,0.009332128568273361,0.9682361267771614,0.8851129802324788,0.010499999999999954,0
2.0,stationary,812,0.25,2,0,False,0.0,0.9575040240772688,0.0062917267264362975,0.0062917267264362975,0.010910821625180409,0.949711791367406,0.8782955819192569,0.00605,0
2.0,stationary,812,0.25,2,1,False,0.0,0.9575040240772688,0.0038690717887380766,0.0038690717887380766,0.003929517479575789,0.961292481481584,0.8782955819192569,0.00605,0
2.0,stationary,812,0.25,3,0,False,0.0,0.9575040240772688,0.008807838989282057,0.008807838989282057,0.016445325248875067,0.9610603245104136,0.8714934657345959,0.004750000000000032,0
2.0,stationary,812,0.25,3,1,False,0.0,0.9575040240772688,0.008618507510509466,0.008618507510509466,0.01532423895790501,0.9664057282998648,0.8714934657345959,0.004750000000000032,0
2.0,stationary,812,0.25,4,0,False,0.0,0.9575040240772688,0.00740872462083042,0.00740872462083042,-0.012799360362617303,0.954326268658749,0.8627588883259576,0.005900000000000016,0
2.0,stationary,812,0.25,4,1,False,0.0,0.9575040240772688,0.008760638890141559,0.008760638890141559,-0.023238472032611215,0.9446280677606655,0.8627588883259576,0.005900000000000016,0
2.0,stationary,812,0.25,5,0,False,0.0,0.9575040240772688,0.00964991974378171,0.00964991974378171,-0.02387341853640751,0.9695151815401009,0.8790072349387481,0.006250000000000033,0
2.0,stationary,812,0.25,5,1,False,0.0,0.9575040240772688,0.012409090275163404,0.012409090275163404,-0.03051055841111336,0.9681655678937344,0.8790072349387481,0.006250000000000033,0
2.0,stationary,812,0.25,6,0,False,0.0,0.9575040240772688,0.005502741033030056,0.005502741033030056,-0.01610976679706693,0.9641814891943894,0.8715371285321413,0.006099999999999994,0
2.0,stationary,812,0.25,6,1,False,0.0,0.9575040240772688,0.008005295233849685,0.008005295233849685,-0.009617811909969548,0.9589996732020997,0.8715371285321413,0.006099999999999994,0
2.0,stationary,812,0.25,7,0,False,0.0,0.9575040240772688,0.00376851218717289,0.00376851218717289,-0.0006169711211203369,0.951507707466964,0.8656723689286895,0.0042000000000000925,0
2.0,stationary,812,0.25,7,1,False,0.0,0.9575040240772688,0.004011941204094871,0.004011941204094871,0.003524898977365248,0.95815303617851,0.8656723689286895,0.0042000000000000925,0
2.0,stationary,812,0.25,8,0,False,0.0,0.9575040240772688,0.0037421056982131218,0.0037421056982131218,-0.0018891149984737515,0.948927059786416,0.8708811670141647,0.0061500000000001,0
2.0,stationary,812,0.25,8,1,False,0.0,0.9575040240772688,0.005018394477869448,0.005018394477869448,0.0005923072090939056,0.9607664640604499,0.8708811670141647,0.0061500000000001,0
2.0,stationary,812,0.25,9,0,False,0.0,0.9575040240772688,0.006707204837018255,0.006707204837018255,0.014228343475411971,0.9700491257728453,0.8619560629004327,0.004650000000000015,0
2.0,stationary,812,0.25,9,1,False,0.0,0.9575040240772688,0.005011157719033044,0.005011157719033044,0.00530675927456825,0.963033357147008,0.8619560629004327,0.004650000000000015,0
2.0,stationary,812,0.25,10,0,False,0.0,0.9575040240772688,0.009060856079764118,0.009060856079764118,0.007954592310465617,0.9488329844940482,0.866118004820621,0.007950000000000013,0
2.0,stationary,812,0.25,10,1,False,0.0,0.9575040240772688,0.006225618027860175,0.006225618027860175,0.0065580355181768,0.9317976000802142,0.866118004820621,0.007950000000000013,0
2.0,stationary,812,0.25,11,0,False,0.0,0.9575040240772688,0.0030652043403043283,0.0030652043403043283,0.005783394172492837,0.9474775611636248,0.8607884773719223,0.011300000000000088,0
2.0,stationary,812,0.25,11,1,False,0.0,0.9575040240772688,0.00886700703991461,0.00886700703991461,0.010689364652418536,0.9778651810638462,0.8607884773719223,0.011300000000000088,0
2.0,stationary,812,0.25,12,0,False,0.0,0.9575040240772688,0.004798468521658883,0.004798468521658883,0.0020448463727766875,0.9652488062472017,0.8710674367092677,0.006149999999999989,0
2.0,stationary,812,0.25,12,1,False,0.0,0.9575040240772688,0.0056913274793009005,0.0056913274793009005,0.00014626033035336494,0.9467321925623875,0.8710674367092677,0.006149999999999989,0
2.0,stationary,812,0.25,13,0,False,0.0,0.9575040240772688,0.003938028014018435,0.003938028014018435,0.005973841146244845,0.9543844696838701,0.863168026211799,0.007599999999999996,0
2.0,stationary,812,0.25,13,1,False,0.0,0.9575040240772688,0.006065125875606037,0.006065125875606037,0.004292325228597613,0.9621501800851041,0.863168026211799,0.007599999999999996,0
2.0,stationary,812,0.25,14,0,False,0.0,0.9575040240772688,0.005403980528214503,0.005403980528214503,0.010868068809177962,0.9449962994910992,0.8626108296267474,0.007450000000000068,0
2.0,stationary,812,0.25,14,1,False,0.0,0.9575040240772688,0.004889956199245482,0.004889956199245482,0.010120969472497639,0.9589751531986492,0.8626108296267474,0.007450000000000068,0
2.0,stationary,812,0.25,15,0,False,0.0,0.9575040240772688,0.00803814823326443,0.00803814823326443,-0.00736352688808567,0.9323628763062526,0.8693108609860254,0.005950000000000011,0
2.0,stationary,812,0.25,15,1,False,0.0,0.9575040240772688,0.006165334353867791,0.006165334353867791,-0.012113708164078307,0.9538933552365306,0.8693108609860254,0.005950000000000011,0
2.0,stationary,812,0.25,16,0,False,0.0,0.9575040240772688,0.0049781590363169315,0.0049781590363169315,0.008327394221772193,0.9618074961053956,0.8594531045869109,0.0047499999999999765,0
2.0,stationary,812,0.25,16,1,False,0.0,0.9575040240772688,0.0055774639152631755,0.0055774639152631755,0.0022215351923232304,0.9552796394321162,0.8594531045869109,0.0047499999999999765,0
2.0,stationary,812,0.5,0,0,True,0.0,0.9575040240772688,0.005150076559468197,0.005150076559468197,-0.008126621451079612,0.9395584094372833,1.9948163201159275,0.012800000000000034,0
2.0,stationary,812,0.5,0,1,True,0.0,0.9575040240772688,0.01005827217859745,0.01005827217859745,0.01998574222037946,0.9586341708177077,1.9948163201159275,0.012800000000000034,0
2.0,stationary,812,0.5,1,0,True,0.0,0.9575040240772688,0.005420420239389767,0.005420420239389767,-0.001953220505002462,0.974799511329685,0.0,0.0,20000
2.0,stationary,812,0.5,1,1,True,0.0,0.9575040240772688,0.005420420239389767,0.005420420239389767,-0.001953220505002462,0.974799511329685,0.0,0.0,20000
2.0,stationary,812,0.5,2,0,True,0.0,0.9575040240772688,0.007758560014372251,0.007758560014372251,-0.012494778730400126,0.9591182534001932,0.0,0.0,20000
2.0,stationary,812,0.5,2,1,True,0.0,0.9575040240772688,0.007758560014372251,0.007758560014372251,-0.012494778730400126,0.9591182534001932,0.0,0.0,20000
2.0,stationary,812,0.5,3,0,True,0.0,0.9575040240772688,0.004751099629218936,0.004751099629218936,0.008467752120741537,0.9520638492965785,0.0,0.0,20000
2.0,stationary,812,0.5,3,1,True,0.0,0.9575040240772688,0.004751099629218936,0.004751099629218936,0.008467752120741537,0.9520638492965785,0.0,0.0,20000
2.0,stationary,812,0.5,4,0,True,0.0,0.9575040240772688,0.00352650198201665,0.00352650198201665,-0.003342680806046246,0.9587983889957759,0.0,0.0,20000
2.0,stationary,812,0.5,4,1,True,0.0,0.9575040240772688,0.00352650198201665,0.00352650198201665,-0.003342680806046246,0.9587983889957759,0.0,0.0,20000
2.0,stationary,812,0.5,5,0,True,0.0,0.9575040240772688,0.006959806011179737,0.006959806011179737,0.0037689600923932424,0.949536997579444,0.0,0.0,20000
2.0,stationary,812,0.5,5,1,True,0.0,0.9575040240772688,0.006959806011179737,0.006959806011179737,0.0037689600923932424,0.949536997579444,0.0,0.0,20000
2.0,stationary,812,0.5,6,0,True,0.0,0.9575040240772688,0.006958971353412835,0.006958971353412835,-0.0075432622195121595,0.9364747551416295,0.0,0.0,20000
2.0,stationary,812,0.5,6,1,True,0.0,0.9575040240772688,0.006958971353412835,0.006958971353412835,-0.0075432622195121595,0.9364747551416295,0.0,0.0,20000
2.0,stationary,812,0.5,7,0,True,0.0,0.9575040240772688,0.006390698614943069,0.006390698614943069,0.0006263645423683047,0.9574185944603024,0.0,0.0,20000
2.0,stationary,812,0.5,7,1,True,0.0,0.9575040240772688,0.006390698614943069,0.006390698614943069,0.0006263645423683047,0.9574185944603024,0.0,0.0,20000
2.0,stationary,812,0.5,8,0,True,0.0,0.9575040240772688,0.005156980129512406,0.005156980129512406,0.00652260545055126,0.9634539520090117,0.0,0.0,20000
2.0,stationary,812,0.5,8,1,True,0.0,0.9575040240772688,0.005156980129512406,0.005156980129512406,0.00652260545055126,0.9634539520090117,0.0,0.0,20000
2.0,stationary,812,0.5,9,0,True,0.0,0.9575040240772688,0.007250278428151291,0.007250278428151291,0.01729000071424344,0.952431253768345,0.0,0.0,20000
2.0,stationary,812,0.5,9,1,True,0.0,0.9575040240772688,0.007250278428151291,0.007250278428151291,0.01729000071424344,0.952431253768345,0.0,0.0,20000
2.0,stationary,812,0.5,10,0,True,0.0,0.9575040240772688,0.0050950309300802354,0.0050950309300802354,-0.00710696149953875,0.9470132952857186,0.0,0.0,20000
2.0,stationary,812,0.5,10,1,True,0.0,0.9575040240772688,0.0050950309300802354,0.0050950309300802354,-0.00710696149953875,0.9470132952857186,0.0,0.0,20000
2.0,stationary,812,0.5,11,0,True,0.0,0.9575040240772688,0.006302495259520063,0.006302495259520063,-0.0037936005486607395,0.9702887361523315,0.0,0.0,20000
2.0,stationary,812,0.5,11,1,True,0.0,0.9575040240772688,0.006302495259520063,0.006302495259520063,-0.0037936005486607395,0.9702887361523315,0.0,0.0,20000
2.0,stationary,812,0.5,12,0,True,0.0,0.9575040240772688,0.005430131683455158,0.005430131683455158,-0.0003118732246840928,0.967269705693991,0.0,0.0,20000
2.0,stationary,812,0.5,12,1,True,0.0,0.9575040240772688,0.005430131683455158,0.005430131683455158,-0.0003118732246840928,0.967269705693991,0.0,0.0,20000
2.0,stationary,812,0.5,13,0,True,0.0,0.9575040240772688,0.004439223114318769,0.004439223114318769,-0.007723064461848191,0.9483760438484394,0.0,0.0,20000
2.0,stationary,812,0.5,13,1,True,0.0,0.9575040240772688,0.004439223114318769,0.004439223114318769,-0.007723064461848191,0.9483760438484394,0.0,0.0,20000
2.0,stationary,812,0.5,14,0,True,0.0,0.9575040240772688,0.005541287187065924,0.005541287187065924,-0.01348472663624168,0.9566054612283009,0.0,0.0,20000
2.0,stationary,812,0.5,14,1,True,0.0,0.9575040240772688,0.005541287187065924,0.005541287187065924,-0.01348472663624168,0.9566054612283009,0.0,0.0,20000
2.0,stationary,812,0.5,15,0,True,0.0,0.9575040240772688,0.0048612288855327535,0.0048612288855327535,-0.00963710810727132,0.9498926779491099,0.0,0.0,20000
2.0,stationary,812,0.5,15,1,True,0.0,0.9575040240772688,0.0048612288855327535,0.0048612288855327535,-0.00963710810727132,0.9498926779491099,0.0,0.0,20000
2.0,stationary,812,0.5,16,0,True,0.0,0.9575040240772688,0.004052228735916041,0.004052228735916041,-0.0046466819165237256,0.9556399116550284,0.0,0.0,20000
2.0,stationary,812,0.5,16,1,True,0.0,0.9575040240772688,0.004052228735916041,0.004052228735916041,-0.0046466819165237256,0.9556399116550284,0.0,0.0,20000
2.0,heterogeneous,810,0.0,0,0,True,-0.5,0.5745024144463612,0.004870961056461343,0.23105729344196413,-0.5059713589016448,0.5691433758766135,2.189518026857187,0.35055,0
2.0,heterogeneous,810,0.0,0,1,True,0.5,1.3405056337081762,0.006105400786073689,0.15382367682625475,0.4909886653171972,1.3574573824821239,2.189518026857187,0.35055,0
2.0,heterogeneous,810,0.0,1,0,True,-0.19719077039478242,1.068460336893095,0.00548074125690734,0.07180908524615709,-0.2067118329297279,1.0618420347441393,1.9995707440058312,0.06490000000000001,0
2.0,heterogeneous,810,0.0,1,1,True,0.008565025126626925,1.0038756582612973,0.006480675416755566,0.011181753855410898,-0.000363118712969383,1.0034901320928853,1.9995707440058312,0.06490000000000001,0
2.0,heterogeneous,810,0.0,2,0,True,-0.01937938901104054,0.980370148315702,0.010325816387266484,0.010308070356154886,0.0003760145716883964,1.0033929753329296,2.0061972168720588,0.010750000000000037,0
2.0,heterogeneous,810,0.0,2,1,True,0.0011920855670122692,0.964590843259117,0.004227366295845303,0.004842447337922162,0.009419026150374658,0.9582008479899874,2.0061972168720588,0.010750000000000037,0
2.0,heterogeneous,810,0.0,3,0,True,-0.0029507154474621277,0.9612562576666517,0.006359695744291183,0.0050792406833566894,0.0018755822928636237,0.9563439359094913,1.9902188372194682,0.006199999999999983,0
2.0,heterogeneous,810,0.0,3,1,True,0.0001930151340985114,0.9586676502992035,0.006107576962486427,0.006270460073629525,0.012489884464516769,0.9679951721513851,1.9902188372194682,0.006199999999999983,0
2.0,heterogeneous,810,0.0,4,0,True,-0.00048390001179783576,0.9581265619059035,0.010459556538727655,0.010642400623199488,-0.023994542796015518,0.9505985239859966,1.9945056060675987,0.013500000000000012,0
2.0,heterogeneous,810,0.0,4,1,True,3.196951684724324e-05,0.95769720003358,0.006033266485112265,0.006070923880416745,0.007050389362621125,0.9584194998942277,1.9945056060675987,0.013500000000000012,0
2.0,heterogeneous,810,0.0,5,0,True,-8.031567329752157e-05,0.9576075480475392,0.008745710014298524,0.008778945475207856,-0.01833359641367818,0.9620147976631813,2.029549024537428,0.00545000000000001,0
2.0,heterogeneous,810,0.0,5,1,True,5.314901408238192e-06,0.9575361516032962,0.006382819510287019,0.00638715879295082,-0.011493891145073563,0.9593740415370782,2.029549024537428,0.00545000000000001,0
2.0,heterogeneous,810,0.0,6,0,True,-1.3356988921085646e-05,0.957521246216631,0.004832790489353617,0.004836067725520671,0.008516478084288797,0.9641277104042563,2.0153176191628255,0.007999999999999952,0
2.0,heterogeneous,810,0.0,6,1,True,8.841424436351175e-07,0.9575093688810041,0.004641791426719444,0.00464108725598833,-0.003657569686213136,0.9482382809928216,2.0153176191628255,0.007999999999999952,0
2.0,heterogeneous,810,0.0,7,0,True,-2.222083555887131e-06,0.9575068893228916,0.007186522130271711,0.007186487622536486,0.018264434271607427,0.9753909661423941,1.9844578294087918,0.014249999999999985,0
2.0,heterogeneous,810,0.0,7,1,True,1.4709361307803358e-07,0.9575049132945724,0.008878977337114013,0.008878967021649142,-0.022063762155565977,0.9668942565949448,1.9844578294087918,0.014249999999999985,0
2.0,heterogeneous,810,0.0,8,0,True,-3.6968862338446635e-07,0.9575045007731224,0.0032617701776774533,0.003261682709217645,-0.001834451478218738,0.9598027541784548,2.025609088090697,0.0063,0
2.0,heterogeneous,810,0.0,8,1,True,2.4472188157242726e-08,0.957504172017963,0.0040582187155766836,0.0040582395574431385,-0.002294338665285476,0.9642263750477822,2.025609088090697,0.0063,0
2.0,heterogeneous,810,0.0,9,0,True,-6.150575579608392e-08,0.9575041033861242,0.007284264534337059,0.007284241618825016,0.001813828630616123,0.9264283098004276,2.0085402652084507,0.009950000000000014,0
2.0,heterogeneous,810,0.0,9,1,True,4.071486728605152e-09,0.9575040486904641,0.004081217050647623,0.004081219724713037,-0.004843241299312228,0.9575205026520619,2.0085402652084507,0.009950000000000014,0
2.0,heterogeneous,810,0.0,10,0,True,-1.0232837892271121e-08,0.9575040372720478,0.003981470506939311,0.003981472140969444,0.00016222200408792174,0.9611115654975904,2.009273609575257,0.006000000000000005,0
2.0,heterogeneous,810,0.0,10,1,True,6.773816834352211e-10,0.9575040281722172,0.004399055639194682,0.004399055612244074,-0.00312778695287827,0.9695867692162191,2.009273609575257,0.006000000000000005,0
2.0,heterogeneous,810,0.0,11,0,True,-1.7024585177257748e-09,0.9575040262725116,0.0055964381887275705,0.005596438160252903,-0.00907904097775625,0.9516917483356179,1.9871240994116903,0.006399999999999961,0
2.0,heterogeneous,810,0.0,11,1,True,1.126974031103471e-10,0.9575040247585539,0.003740541251913476,0.0037405412875266553,0.003649656727216488,0.9511985064667214,1.9871240994116903,0.006399999999999961,0
2.0,heterogeneous,810,0.0,12,0,True,-2.8324157552321503e-10,0.9575040244424959,0.0081434787428587,0.008143478697086315,0.006191485757659131,0.9593226760823615,1.9958003055110658,0.006500000000000061,0
2.0,heterogeneous,810,0.0,12,1,True,1.8749702190736268e-11,0.9575040241906155,0.0064431971732722415,0.0064431971954141964,0.007646847128680499,0.9594784667011964,1.9958003055110658,0.006500000000000061,0
2.0,heterogeneous,810,0.0,13,0,True,-4.712349219195326e-11,0.9575040241380324,0.00567506494018355,0.005675064948221897,-0.007462555456835614,0.973532518951636,2.015499549886778,0.008799999999999919,0
2.0,heterogeneous,810,0.0,13,1,True,3.1194270968407284e-12,0.9575040240961264,0.0058007882748861705,0.005800788278437108,0.0025416872870939362,0.9674365415094892,2.015499549886778,0.008799999999999919,0
2.0,heterogeneous,810,0.0,14,0,True,-7.840033776300412e-12,0.9575040240873781,0.009588274318506729,0.00958827431834719,-0.01459170435131009,0.9393739953815261,1.999566569022411,0.009050000000000002,0
2.0,heterogeneous,810,0.0,14,1,True,5.189855986530524e-13,0.9575040240804061,0.009609391084257568,0.009609391084596075,-0.01874722898583936,0.9646752512100834,1.999566569022411,0.009050000000000002,0
2.0,heterogeneous,810,0.0,15,0,True,-1.304362787356239e-12,0.9575040240789506,0.007327049538342734,0.007327049537800168,0.009270385663882483,0.9618038583854225,2.0061915685189526,0.009199999999999986,0
2.0,heterogeneous,810,0.0,15,1,True,8.634471755992331e-14,0.9575040240777907,0.009768524663344547,0.00976852466343514,0.013115777692431435,0.984803830071482,2.0061915685189526,0.009199999999999986,0
2.0,heterogeneous,810,0.0,16,0,True,-2.170095601166528e-13,0.9575040240775485,0.006351828268226667,0.0063518282682044624,-0.0113341800575657,0.9422614555131055,1.9894863701343333,0.008650000000000047,0
2.0,heterogeneous,810,0.0,16,1,True,1.436535092674438e-14,0.9575040240773556,0.004435516025590891,0.00443551602559622,0.012205774148065101,0.9712034922842232,1.9894863701343333,0.008650000000000047,0
2.0,heterogeneous,811,0.0,0,0,True,-0.5,0.5745024144463612,0.006068374120643316,0.23098671776498086,-0.5070367439637546,0.5742971713860976,2.1853802404915705,0.35055,0
2.0,heterogeneous,811,0.0,0,1,True,0.5,1.3405056337081762,0.008059567547115343,0.15008698863739667,0.4840297085772495,1.3475724320455722,2.1853802404915705,0.35055,0
2.0,heterogeneous,811,0.0,1,0,True,-0.19719077039478242,1.068460336893095,0.0035794204011650455,0.06675740169551342,-0.19406548614714314,1.0801391487515652,1.9822744316543315,0.06625000000000003,0
2.0,heterogeneous,811,0.0,1,1,True,0.008565025126626925,1.0038756582612973,0.00433462649318328,0.011358799467997893,0.015863427018014194,0.9974236675318529,1.9822744316543315,0.06625000000000003,0
2.0,heterogeneous,811,0.0,2,0,True,-0.01937938901104054,0.980370148315702,0.006056390956885704,0.007439313058376973,-0.013812604532203943,0.965823308081987,2.0098838686845375,0.008550000000000058,0
2.0,heterogeneous,811,0.0,2,1,True,0.0011920855670122692,0.964590843259117,0.004103120780089453,0.004943615147501246,0.00521774286950335,0.9747351960790929,2.0098838686845375,0.008550000000000058,0
2.0,heterogeneous,811,0.0,3,0,True,-0.0029507154474621277,0.9612562576666517,0.00797061475218408,0.008025799814869727,-0.013090970541415663,0.9535703735625093,1.996116727494436,0.007050000000000001,0
2.0,heterogeneous,811,0.0,3,1,True,0.0001930151340985114,0.9586676502992035,0.00813917408769127,0.007932067829099387,-0.005492143878347705,0.9449330368465008,1.996116727494436,0.007050000000000001,0
2.0,heterogeneous,811,0.0,4,0,True,-0.00048390001179783576,0.9581265619059035,0.007625320059633456,0.007666907572173809,-0.0026453640521864157,0.9612193917393679,1.9931305534523693,0.010500000000000065,0
2.0,heterogeneous,811,0.0,4,1,True,3.196951684724324e-05,0.95769720003358,0.009615096434944959,0.009602896861415355,0.019663856216041747,0.94340014866221,1.9931305534523693,0.010500000000000065,0
2.0,heterogeneous,811,0.0,5,0,True,-8.031567329752157e-05,0.9576075480475392,0.0088145518842776,0.008806559981947681,-0.01953128870921122,0.9487203711277828,1.998083156050327,0.007549999999999946,0
2.0,heterogeneous,811,0.0,5,1,True,5.314901408238192e-06,0.9575361516032962,0.007857558564213107,0.007855750032896625,-0.02024837340743945,0.9640351012919561,1.998083156050327,0.007549999999999946,0
2.0,heterogeneous,811,0.0,6,0,True,-1.3356988921085646e-05,0.957521246216631,0.00609914907577036,0.006102545693359551,-0.010413976271743822,0.9717556596043755,1.9876522059276849,0.005700000000000011,0
2.0,heterogeneous,811,0.0,6,1,True,8.841424436351175e-07,0.9575093688810041,0.005967930946139788,0.005967447645243817,-0.009966437213924755,0.9468006551572287,1.9876522059276849,0.005700000000000011,0
2.0,heterogeneous,811,0.0,7,0,True,-2.222083555887131e-06,0.9575068893228916,0.004295883325731664,0.004294912152180974,2.6056778792813532e-05,0.9557474058397637,1.989653798980323,0.005050000000000027,0
2.0,heterogeneous,811,0.0,7,1,True,1.4709361307803358e-07,0.9575049132945724,0.0052395210740570075,0.005239406785716716,0.009544930753440501,0.9488798173347852,1.989653798980323,0.005050000000000027,0
2.0,heterogeneous,811,0.0,8,0,True,-3.6968862338446635e-07,0.9575045007731224,0.00533006452494611,0.005330037823429334,-0.0018276801031894218,0.9414015023828097,2.0003572145922486,0.005149999999999988,0
2.0,heterogeneous,811,0.0,8,1,True,2.4472188157242726e-08,0.957504172017963,0.003822457726060269,0.0038224617567435004,0.004972776876173913,0.9497441056721108,2.0003572145922486,0.005149999999999988,0
2.0,heterogeneous,811,0.0,9,0,True,-6.150575579608392e-08,0.9575041033861242,0.0042075196510447666,0.004207492747795749,0.0015329106634991104,0.9533363720743606,2.0075327682864983,0.007350000000000023,0
2.0,heterogeneous,811,0.0,9,1,True,4.071486728605152e-09,0.9575040486904641,0.006930141333024442,0.006930141373210241,0.013839099522484504,0.9434249037425593,2.0075327682864983,0.007350000000000023,0
2.0,heterogeneous,811,0.0,10,0,True,-1.0232837892271121e-08,0.9575040372720478,0.005352472300086231,0.005352476259997407,-0.011087218682601693,0.9537024395435032,2.0016339992496297,0.007750000000000035,0
2.0,heterogeneous,811,0.0,10,1,True,6.773816834352211e-10,0.9575040281722172,0.004902130632229801,0.0049021300582740845,0.0024269583741264567,0.9481070218112975,2.0016339992496297,0.007750000000000035,0
2.0,heterogeneous,811,0.0,11,0,True,-1.7024585177257748e-09,0.9575040262725116,0.007408763689943476,0.007408763602693158,-0.015509100908515702,0.9349257894789307,2.0128090975860777,0.011699999999999988,0
2.0,heterogeneous,811,0.0,11,1,True,1.126974031103471e-10,0.9575040247585539,0.006025327064160979,0.006025327027607441,0.00462034663002342,0.9617824132240934,2.0128090975860777,0.011699999999999988,0
2.0,heterogeneous,811,0.0,12,0,True,-2.8324157552321503e-10,0.9575040244424959,0.004426652791586105,0.0044266529139194155,-0.004033998788137243,0.9496888410020434,1.9869065581209129,0.010649999999999993,0
2.0,heterogeneous,811,0.0,12,1,True,1.8749702190736268e-11,0.9575040241906155,0.0063608624768045074,0.006360862469780237,-0.001699772448576174,0.9462057762417109,1.9869065581209129,0.010649999999999993,0
2.0,heterogeneous,811,0.0,13,0,True,-4.712349219195326e-11,0.9575040241380324,0.00681003900101762,0.006810039004626511,0.011379191106832186,0.9752439032238377,1.988914222520787,0.014499999999999957,0
2.0,heterogeneous,811,0.0,13,1,True,3.1194270968407284e-12,0.9575040240961264,0.008550572101047815,0.00855057209745047,-0.010408333401019388,0.9338062510185454,1.988914222520787,0.014499999999999957,0
2.0,heterogeneous,811,0.0,14,0,True,-7.840033776300412e-12,0.9575040240873781,0.004601508750607941,0.004601508749885075,0.005298429350424426,0.9514584661971914,2.0077027129968363,0.006749999999999978,0
2.0,heterogeneous,811,0.0,14,1,True,5.189855986530524e-13,0.9575040240804061,0.00601141167551289,0.006011411674921696,-0.006241601262032151,0.9504232367416716,2.0077027129968363,0.006749999999999978,0
2.0,heterogeneous,811,0.0,15,0,True,-1.304362787356239e-12,0.9575040240789506,0.005522367406359058,0.0055223674065048856,-0.0017619804944617565,0.9653075916443856,1.9735807606422244,0.008250000000000007,0
2.0,heterogeneous,811,0.0,15,1,True,8.634471755992331e-14,0.9575040240777907,0.003920695854706335,0.003920695854678247,0.005618791614509504,0.9507262371236651,1.9735807606422244,0.008250000000000007,0
2.0,heterogeneous,811,0.0,16,0,True,-2.170095601166528e-13,0.9575040240775485,0.007167523541207366,0.007167523541296905,-0.007025118536809368,0.9642428585653819,1.9987991720963636,0.01100000000000001,0
2.0,heterogeneous,811,0.0,16,1,True,1.436535092674438e-14,0.9575040240773556,0.005878518245349629,0.005878518245352959,0.012769653354447932,0.9536852439429298,1.9987991720963636,0.01100000000000001,0
2.0,heterogeneous,812,0.0,0,0,True,-0.5,0.5745024144463612,0.008041201211877902,0.22532184399129623,-0.4924271358312109,0.5721733701081193,2.1872136713645114,0.35515,0
2.0,heterogeneous,812,0.0,0,1,True,0.5,1.3405056337081762,0.006877673000845297,0.15759982284155194,0.5151532053044645,1.354838469540616,2.1872136713645114,0.35515,0
2.0,heterogeneous,812,0.0,1,0,True,-0.19719077039478242,1.068460336893095,0.006117231399852763,0.07110625067935988,-0.2030238518877085,1.07950063303256,2.0024595382861774,0.06899999999999995,0
2.0,heterogeneous,812,0.0,1,1,True,0.008565025126626925,1.0038756582612973,0.004218151322147423,0.01101771845100874,0.009156639102021719,0.9925960876981633,2.0024595382861774,0.06899999999999995,0
2.0,heterogeneous,812,0.0,2,0,True,-0.01937938901104054,0.980370148315702,0.004920396614031708,0.007089562571185759,-0.007619798590969297,0.9734627424412383,2.010615502965917,0.01040000000000002,0
2.0,heterogeneous,812,0.0,2,1,True,0.0011920855670122692,0.964590843259117,0.007213574639097886,0.008328195246108505,0.013105750256242152,0.971308144005533,2.010615502965917,0.01040000000000002,0
2.0,heterogeneous,812,0.0,3,0,True,-0.0029507154474621277,0.9612562576666517,0.00472002148434103,0.005042520323764732,-0.0036988096494570645,0.9586369473323643,1.9981828201476,0.006149999999999989,0
2.0,heterogeneous,812,0.0,3,1,True,0.0001930151340985114,0.9586676502992035,0.005808243017209724,0.005686716343468845,-0.012701846860969318,0.9665899238673757,1.9981828201476,0.006149999999999989,0
2.0,heterogeneous,812,0.0,4,0,True,-0.00048390001179783576,0.9581265619059035,0.006492208595477,0.00667858943814198,-0.00967957252707851,0.9720130590603617,2.003070601581573,0.009850000000000025,0
2.0,heterogeneous,812,0.0,4,1,True,3.196951684724324e-05,0.95769720003358,0.012659053007993859,0.012648174958770131,-0.03143796053976015,0.9672940908485572,2.003070601581573,0.009850000000000025,0
2.0,heterogeneous,812,0.0,5,0,True,-8.031567329752157e-05,0.9576075480475392,0.0035832981400327757,0.0036065597044887543,-0.0025672774435124904,0.9611704725699017,2.0105059719460154,0.010250000000000037,0
2.0,heterogeneous,812,0.0,5,1,True,5.314901408238192e-06,0.9575361516032962,0.010139100395777367,0.010141008676906094,-0.018828021468122902,0.9659161537661012,2.0105059719460154,0.010250000000000037,0
2.0,heterogeneous,812,0.0,6,0,True,-1.3356988921085646e-05,0.957521246216631,0.005866244837193446,0.005865121633022885,0.0003256458738025665,0.9507853791533201,1.9953844000243568,0.008299999999999974,0
2.0,heterogeneous,812,0.0,6,1,True,8.841424436351175e-07,0.9575093688810041,0.006408914236192331,0.006409014824151016,0.003837063771161414,0.9527809778733067,1.9953844000243568,0.008299999999999974,0
2.0,heterogeneous,812,0.0,7,0,True,-2.222083555887131e-06,0.9575068893228916,0.0034497303213100183,0.0034487706561523446,0.0088710842213294,0.9577362851196768,2.000197722147667,0.005649999999999988,0
2.0,heterogeneous,812,0.0,7,1,True,1.4709361307803358e-07,0.9575049132945724,0.0069075265995853785,0.0069075111986544036,0.005596895086159678,0.9619714991058372,2.000197722147667,0.005649999999999988,0
2.0,heterogeneous,812,0.0,8,0,True,-3.6968862338446635e-07,0.9575045007731224,0.0036801433458251154,0.0036802255076535673,-0.0007087559721679516,0.9544606737100859,2.0055764672144716,0.0050000000000000044,0
2.0,heterogeneous,812,0.0,8,1,True,2.4472188157242726e-08,0.957504172017963,0.00502086912569355,0.005020842970600903,-0.008221287109957235,0.9443511722009119,2.0055764672144716,0.0050000000000000044,0
2.0,heterogeneous,812,0.0,9,0,True,-6.150575579608392e-08,0.9575041033861242,0.009104565092546868,0.009104571105216896,-0.011462090491950298,0.9602932790970538,1.995663375180769,0.01055000000000006,0
2.0,heterogeneous,812,0.0,9,1,True,4.071486728605152e-09,0.9575040486904641,0.003973286730477782,0.0039732832890152225,0.0017983194798450869,0.9558388576840429,1.995663375180769,0.01055000000000006,0
2.0,heterogeneous,812,0.0,10,0,True,-1.0232837892271121e-08,0.9575040372720478,0.010741684397634343,0.010741681170144957,0.03114884717810303,0.9647541238126295,2.0007537121898875,0.010199999999999987,0
2.0,heterogeneous,812,0.0,10,1,True,6.773816834352211e-10,0.9575040281722172,0.005675384747105383,0.0056753855001687725,0.005412476301503771,0.9696340041275395,2.0007537121898875,0.010199999999999987,0
2.0,heterogeneous,812,0.0,11,0,True,-1.7024585177257748e-09,0.9575040262725116,0.004306244116994873,0.0043062446851855896,0.00043822957611632256,0.9556848903555468,1.9888785364523323,0.00655,0
2.0,heterogeneous,812,0.0,11,1,True,1.126974031103471e-10,0.9575040247585539,0.004452597813463632,0.004452597719835472,0.002884722648841748,0.9477452855878294,1.9888785364523323,0.00655,0
2.0,heterogeneous,812,0.0,12,0,True,-2.8324157552321503e-10,0.9575040244424959,0.006081865985461121,0.0060818659624573,-0.00979694318451707,0.9420569319381011,1.9950621413169864,0.008500000000000008,0
2.0,heterogeneous,812,0.0,12,1,True,1.8749702190736268e-11,0.9575040241906155,0.007197277461863771,0.007197277459988993,-0.015146477279470246,0.9551825309066326,1.9950621413169864,0.008500000000000008,0
2.0,heterogeneous,812,0.0,13,0,True,-4.712349219195326e-11,0.9575040241380324,0.005478561528876602,0.005478561508895308,0.003047267571265755,0.9528929103350247,1.9902077976363117,0.008950000000000014,0
2.0,heterogeneous,812,0.0,13,1,True,3.1194270968407284e-12,0.9575040240961264,0.0038274592222169723,0.003827459224855362,0.0009651447539673875,0.967277187723763,1.9902077976363117,0.008950000000000014,0
2.0,heterogeneous,812,0.0,14,0,True,-7.840033776300412e-12,0.9575040240873781,0.00425622498746836,0.004256224989906299,-0.008685971066519204,0.9516339750195616,2.0090637653648207,0.008099999999999996,0
2.0,heterogeneous,812,0.0,14,1,True,5.189855986530524e-13,0.9575040240804061,0.006063451093126837,0.006063451093568761,0.0008094830831679439,0.970102586201902,2.0090637653648207,0.008099999999999996,0
2.0,heterogeneous,812,0.0,15,0,True,-1.304362787356239e-12,0.9575040240789506,0.0059652685747060286,0.005965268575017779,-0.014301990602026856,0.9572736737843043,2.0005220201539156,0.008599999999999997,0
2.0,heterogeneous,812,0.0,15,1,True,8.634471755992331e-14,0.9575040240777907,0.00623317821326641,0.006233178213212676,0.004242578691193873,0.9450464095284549,2.0005220201539156,0.008599999999999997,0
2.0,heterogeneous,812,0.0,16,0,True,-2.170095601166528e-13,0.9575040240775485,0.005583415917042478,0.005583415917070678,-0.0026020661089624472,0.9513212744111063,2.008041311042102,0.0048000000000000265,0
2.0,heterogeneous,812,0.0,16,1,True,1.436535092674438e-14,0.9575040240773556,0.004931957958921734,0.004931957958909633,-0.0032841066774550324,0.9456736368961407,2.008041311042102,0.0048000000000000265,0
