model,seed,alpha,prediction,error
tm,530000,0.38,0.38923912092429225,0.009239120924292243
tm,530000,0.46,0.4575254313929833,-0.002474568607016725
tm,530000,0.54,0.5385702790870205,-0.0014297209129795485
tm,530000,0.62,0.6097499130149006,-0.010250086985099438
tm,530001,0.38,0.37615104627943124,-0.0038489537205687596
tm,530001,0.46,0.4562367564530027,-0.003763243546997308
tm,530001,0.54,0.5354027889852628,-0.004597211014737201
tm,530001,0.62,0.6186269108281328,-0.0013730891718671812
tm,530002,0.38,0.3963930502288488,0.016393050228848793
tm,530002,0.46,0.45561864974897265,-0.004381350251027372
tm,530002,0.54,0.5362993195123812,-0.003700680487618846
tm,530002,0.62,0.6114646215313003,-0.008535378468699673
tm,530003,0.38,0.37656187293056165,-0.003438127069438357
tm,530003,0.46,0.4650696249778646,0.005069624977864562
tm,530003,0.54,0.5409103991878957,0.0009103991878957052
tm,530003,0.62,0.6142603145530325,-0.005739685446967457
tm,530004,0.38,0.3707268306151002,-0.009273169384899804
tm,530004,0.46,0.46119236228849847,0.0011923622884984497
tm,530004,0.54,0.5378319048021089,-0.0021680951978911844
tm,530004,0.62,0.6059338992307414,-0.014066100769258627
tm,530005,0.38,0.39142780850160547,0.011427808501605463
tm,530005,0.46,0.4594084635265697,-0.0005915364734302986
tm,530005,0.54,0.5402711134886596,0.0002711134886596023
tm,530005,0.62,0.620460435709073,0.0004604357090730593
tm,530006,0.38,0.38969211234998574,0.009692112349985738
tm,530006,0.46,0.46860607429624784,0.008606074296247823
tm,530006,0.54,0.5328949027791832,-0.0071050972208168695
tm,530006,0.62,0.6178970931870488,-0.002102906812951222
tm,530007,0.38,0.38036332822651764,0.0003633282265176341
tm,530007,0.46,0.4653223014260128,0.005322301426012754
tm,530007,0.54,0.5395796718210849,-0.0004203281789151303
tm,530007,0.62,0.6165589645637423,-0.0034410354362577333
tm,530008,0.38,0.39007776079406653,0.010077760794066526
tm,530008,0.46,0.45983701355220763,-0.00016298644779239035
tm,530008,0.54,0.5382433431919431,-0.0017566568080569223
tm,530008,0.62,0.6239813232907369,0.00398132329073686
tm,530009,0.38,0.37406003277065936,-0.005939967229340648
tm,530009,0.46,0.46082029375394545,0.0008202937539454336
tm,530009,0.54,0.5313033891956294,-0.008696610804370675
tm,530009,0.62,0.6220991894426763,0.002099189442676286
tm,530010,0.38,0.38518758330996555,0.005187583309965549
tm,530010,0.46,0.4644309041287356,0.004430904128735591
tm,530010,0.54,0.5285213100437138,-0.011478689956286203
tm,530010,0.62,0.6207941882509147,0.0007941882509147069
tm,530011,0.38,0.3861318846428374,0.006131884642837371
tm,530011,0.46,0.4622959096616251,0.002295909661625073
tm,530011,0.54,0.5373090009540903,-0.0026909990459097477
tm,530011,0.62,0.6252737531099031,0.005273753109903079
tm,530012,0.38,0.3721306898344542,-0.007869310165545818
tm,530012,0.46,0.4600696188798805,6.961887988049531e-05
tm,530012,0.54,0.5409187711952754,0.0009187711952753919
tm,530012,0.62,0.6187789252611067,-0.001221074738893324
tm,530013,0.38,0.3756370345970829,-0.004362965402917085
tm,530013,0.46,0.4593200967842934,-0.000679903215706601
tm,530013,0.54,0.531244561128526,-0.008755438871474008
tm,530013,0.62,0.622066775172795,0.0020667751727949657
tm,530014,0.38,0.39881550726689097,0.018815507266890963
tm,530014,0.46,0.46155740045597865,0.0015574004559786303
tm,530014,0.54,0.544194126903071,0.004194126903070972
tm,530014,0.62,0.6166106380491265,-0.0033893619508734707
tm,530015,0.38,0.3863342883251313,0.0063342883251312765
tm,530015,0.46,0.46337311835527745,0.003373118355277427
tm,530015,0.54,0.5368053595820974,-0.0031946404179026278
tm,530015,0.62,0.6211604197080138,0.0011604197080138379
tm,530016,0.38,0.3823075301445541,0.002307530144554093
tm,530016,0.46,0.4674988283514088,0.007498828351408804
tm,530016,0.54,0.5391274680968964,-0.0008725319031036571
tm,530016,0.62,0.6163906673211188,-0.003609332678881194
tm,530017,0.38,0.37132515310568537,-0.008674846894314636
tm,530017,0.46,0.4668984472768322,0.006898447276832198
tm,530017,0.54,0.5443581618258622,0.004358161825862128
tm,530017,0.62,0.6060814328266986,-0.013918567173301422
tm,530018,0.38,0.3832702925638066,0.0032702925638066205
tm,530018,0.46,0.4564506099741454,-0.0035493900258546374
tm,530018,0.54,0.5407246133334055,0.000724613333405455
tm,530018,0.62,0.6218189670217343,0.0018189670217343412
tm,530019,0.38,0.38912303510333646,0.009123035103336452
tm,530019,0.46,0.46075577049283334,0.0007557704928333187
tm,530019,0.54,0.5354069017906005,-0.004593098209399571
tm,530019,0.62,0.6155048745467329,-0.004495125453267135
tm,530020,0.38,0.38882331620336635,0.00882331620336635
tm,530020,0.46,0.46419589138306194,0.004195891383061923
tm,530020,0.54,0.5390201255175026,-0.000979874482497478
tm,530020,0.62,0.6255423422942439,0.005542342294243885
tm,530021,0.38,0.39546366054362575,0.015463660543625746
tm,530021,0.46,0.4629639304274507,0.0029639304274506895
tm,530021,0.54,0.5302530225136788,-0.009746977486321251
tm,530021,0.62,0.614961205889072,-0.005038794110928002
tm,530022,0.38,0.38480261725027787,0.004802617250277863
tm,530022,0.46,0.4696009507230146,0.00960095072301459
tm,530022,0.54,0.5367834460838448,-0.0032165539161552736
tm,530022,0.62,0.6182250203357711,-0.001774979664228904
tm,530023,0.38,0.3821565213039441,0.0021565213039441145
tm,530023,0.46,0.46381831119660255,0.0038183111966025307
tm,530023,0.54,0.5358333156089612,-0.004166684391038844
tm,530023,0.62,0.6275297414382845,0.007529741438284554
tm,530024,0.38,0.3870406224016265,0.007040622401626506
tm,530024,0.46,0.4702948180409334,0.010294818040933407
tm,530024,0.54,0.5345400023285054,-0.005459997671494632
tm,530024,0.62,0.6082204253204558,-0.011779574679544158
tm,530025,0.38,0.3812599238615587,0.0012599238615587094
tm,530025,0.46,0.4569373428065001,-0.003062657193499907
tm,530025,0.54,0.5399509964209637,-4.900357903636632e-05
tm,530025,0.62,0.6122747144143027,-0.007725285585697295
tm,530026,0.38,0.384189199800014,0.004189199800013976
tm,530026,0.46,0.46007683496186325,7.68349618632258e-05
tm,530026,0.54,0.537239961233813,-0.002760038766187023
tm,530026,0.62,0.6216537359513076,0.0016537359513075778
tm,530027,0.38,0.3901161273582028,0.010116127358202776
tm,530027,0.46,0.4656434562056221,0.005643456205622066
tm,530027,0.54,0.5362504358883983,-0.0037495641116017664
tm,530027,0.62,0.6051818239191862,-0.014818176080813816
tm,530028,0.38,0.38348956940117596,0.0034895694011759515
tm,530028,0.46,0.4621033194340383,0.0021033194340382977
tm,530028,0.54,0.5391961004561857,-0.0008038995438143237
tm,530028,0.62,0.6198134388783844,-0.00018656112161563598
tm,530029,0.38,0.394894677405439,0.014894677405438983
tm,530029,0.46,0.4638708864641136,0.0038708864641135987
tm,530029,0.54,0.5399668980262056,-3.310197379446933e-05
tm,530029,0.62,0.6150857608739607,-0.004914239126039277
tm,530030,0.38,0.3915475912944358,0.011547591294435777
tm,530030,0.46,0.4632813933341678,0.0032813933341677703
tm,530030,0.54,0.53365298440678,-0.00634701559322004
tm,530030,0.62,0.6202192489834675,0.00021924898346747934
tm,530031,0.38,0.38301814913977217,0.003018149139772164
tm,530031,0.46,0.4675917496456753,0.007591749645675272
tm,530031,0.54,0.5400693399969958,6.933999699576532e-05
tm,530031,0.62,0.6251581135702939,0.005158113570293943
tm,530032,0.38,0.3860770458151296,0.006077045815129578
tm,530032,0.46,0.46673018667551813,0.006730186675518113
tm,530032,0.54,0.533559129467272,-0.006440870532728016
tm,530032,0.62,0.6190532423380191,-0.0009467576619809348
tm,530033,0.38,0.3753124916158883,-0.004687508384111694
tm,530033,0.46,0.4642312243667333,0.004231224366733288
tm,530033,0.54,0.5360772224786948,-0.00392277752130521
tm,530033,0.62,0.6179995901268418,-0.002000409873158193
tm,530034,0.38,0.37821726806600897,-0.001782731933991033
tm,530034,0.46,0.4703338910520264,0.010333891052026367
tm,530034,0.54,0.5463213442989083,0.0063213442989082935
tm,530034,0.62,0.616411223751054,-0.003588776248946046
tm,530035,0.38,0.3910615004401648,0.011061500440164795
tm,530035,0.46,0.46512496670215286,0.0051249667021528444
tm,530035,0.54,0.5410511144566834,0.0010511144566833774
tm,530035,0.62,0.618739939522794,-0.0012600604772059487
tm,530036,0.38,0.393286483903166,0.013286483903166002
tm,530036,0.46,0.4638326302644484,0.0038326302644483556
tm,530036,0.54,0.538878791730266,-0.001121208269734053
tm,530036,0.62,0.6220902410108424,0.0020902410108424307
tm,530037,0.38,0.38897856929027796,0.00897856929027796
tm,530037,0.46,0.4623529143151561,0.002352914315156107
tm,530037,0.54,0.5290413959874041,-0.010958604012595963
tm,530037,0.62,0.606019705538428,-0.013980294461572007
tm,530038,0.38,0.3832135252147171,0.0032135252147170723
tm,530038,0.46,0.4639025448366358,0.0039025448366357685
tm,530038,0.54,0.5377695817960536,-0.002230418203946427
tm,530038,0.62,0.6125750378340455,-0.007424962165954452
tm,530039,0.38,0.38269604237185106,0.0026960423718510595
tm,530039,0.46,0.46074956877304163,0.000749568773041609
tm,530039,0.54,0.537030845352351,-0.0029691546476490194
tm,530039,0.62,0.6175115085173613,-0.002488491482638744
tm,530040,0.38,0.3820646074459592,0.00206460744595921
tm,530040,0.46,0.4616251371801495,0.0016251371801495051
tm,530040,0.54,0.5393619537475032,-0.00063804625249686
tm,530040,0.62,0.6186932176864872,-0.0013067823135127776
tm,530041,0.38,0.3926595982573724,0.012659598257372395
tm,530041,0.46,0.45904225752289896,-0.0009577424771010645
tm,530041,0.54,0.5357033626473264,-0.004296637352673605
tm,530041,0.62,0.6110864190675216,-0.008913580932478404
tm,530042,0.38,0.37883616613976956,-0.0011638338602304454
tm,530042,0.46,0.4587819923588019,-0.0012180076411981156
tm,530042,0.54,0.5367551149565284,-0.003244885043471646
tm,530042,0.62,0.6069167694623978,-0.013083230537602186
tm,530043,0.38,0.38203730333540237,0.002037303335402363
tm,530043,0.46,0.4646515021997068,0.004651502199706781
tm,530043,0.54,0.5543929087679488,0.014392908767948742
tm,530043,0.62,0.6205683421933617,0.0005683421933616595
tm,530044,0.38,0.3752646336549198,-0.004735366345080205
tm,530044,0.46,0.46732230069841024,0.007322300698410222
tm,530044,0.54,0.5310749140562152,-0.008925085943784827
tm,530044,0.62,0.6217478298267253,0.0017478298267252779
tm,530045,0.38,0.38518919722014144,0.005189197220141439
tm,530045,0.46,0.46624174399146373,0.006241743991463711
tm,530045,0.54,0.5382917030989239,-0.0017082969010761007
tm,530045,0.62,0.6252745063206347,0.005274506320634753
tm,530046,0.38,0.3920076764156417,0.01200767641564171
tm,530046,0.46,0.4621255382965216,0.0021255382965215674
tm,530046,0.54,0.5422808428082694,0.0022808428082693455
tm,530046,0.62,0.6188569338228052,-0.0011430661771948403
tm,530047,0.38,0.36224349000203315,-0.01775650999796685
tm,530047,0.46,0.46694267002837087,0.006942670028370845
tm,530047,0.54,0.5380493168291252,-0.0019506831708748784
tm,530047,0.62,0.6013938551188456,-0.01860614488115442
fourier_raw,530000,0.38,0.3786537078102528,-0.0013462921897471891
fourier_raw,530000,0.46,0.45969479168459215,-0.00030520831540786775
fourier_raw,530000,0.54,0.5419921681983579,0.001992168198357902
fourier_raw,530000,0.62,0.6193853437368162,-0.0006146562631837993
fourier_raw,530001,0.38,0.37748468869106844,-0.002515311308931567
fourier_raw,530001,0.46,0.45789756626278266,-0.0021024337372173574
fourier_raw,530001,0.54,0.5455500842766269,0.005550084276626843
fourier_raw,530001,0.62,0.6221246042575362,0.0021246042575362445
fourier_raw,530002,0.38,0.3794403156625168,-0.0005596843374832128
fourier_raw,530002,0.46,0.4582219013724219,-0.0017780986275781063
fourier_raw,530002,0.54,0.5409680476551741,0.0009680476551741091
fourier_raw,530002,0.62,0.6283411449745957,0.008341144974595704
fourier_raw,530003,0.38,0.3800886278141409,8.862781414087362e-05
fourier_raw,530003,0.46,0.4577513853851928,-0.002248614614807243
fourier_raw,530003,0.54,0.5392029412722582,-0.0007970587277418284
fourier_raw,530003,0.62,0.6192536890633221,-0.0007463109366778742
fourier_raw,530004,0.38,0.37307143691793765,-0.006928563082062356
fourier_raw,530004,0.46,0.4606027139378089,0.0006027139378088631
fourier_raw,530004,0.54,0.539542190509368,-0.0004578094906320107
fourier_raw,530004,0.62,0.6193771831823864,-0.0006228168176135584
fourier_raw,530005,0.38,0.3790545995244967,-0.0009454004755032885
fourier_raw,530005,0.46,0.45981644424273926,-0.00018355575726075601
fourier_raw,530005,0.54,0.5401901068845876,0.00019010688458753755
fourier_raw,530005,0.62,0.6203977550028271,0.00039775500282712706
fourier_raw,530006,0.38,0.38093090272178876,0.0009309027217887511
fourier_raw,530006,0.46,0.4601729014154083,0.00017290141540826642
fourier_raw,530006,0.54,0.5348001037100943,-0.005199896289905692
fourier_raw,530006,0.62,0.618024018860512,-0.0019759811394880478
fourier_raw,530007,0.38,0.38482341407682835,0.004823414076828347
fourier_raw,530007,0.46,0.46045367649947183,0.0004536764994718112
fourier_raw,530007,0.54,0.5434818943719659,0.003481894371965888
fourier_raw,530007,0.62,0.6212469623609074,0.0012469623609073777
fourier_raw,530008,0.38,0.3791434773446206,-0.0008565226553793881
fourier_raw,530008,0.46,0.4667687269588619,0.0067687269588618815
fourier_raw,530008,0.54,0.544766511793357,0.0047665117933569645
fourier_raw,530008,0.62,0.6200841722369016,8.417223690160291e-05
fourier_raw,530009,0.38,0.3778563556522115,-0.0021436443477885203
fourier_raw,530009,0.46,0.4623746749133545,0.0023746749133544687
fourier_raw,530009,0.54,0.5382978407010064,-0.001702159298993644
fourier_raw,530009,0.62,0.6222382935760847,0.0022382935760847378
fourier_raw,530010,0.38,0.3806274335796265,0.0006274335796264685
fourier_raw,530010,0.46,0.45864068457655466,-0.001359315423445362
fourier_raw,530010,0.54,0.5409405477161953,0.000940547716195228
fourier_raw,530010,0.62,0.6183410670576912,-0.0016589329423087884
fourier_raw,530011,0.38,0.3788842532335129,-0.0011157467664871246
fourier_raw,530011,0.46,0.4653531577259751,0.005353157725975055
fourier_raw,530011,0.54,0.5351785404734271,-0.00482145952657298
fourier_raw,530011,0.62,0.6209742145768732,0.0009742145768731891
fourier_raw,530012,0.38,0.3757880782348599,-0.004211921765140125
fourier_raw,530012,0.46,0.46132406440854057,0.0013240644085405484
fourier_raw,530012,0.54,0.5416341707846284,0.0016341707846283526
fourier_raw,530012,0.62,0.6216158957689657,0.0016158957689657028
fourier_raw,530013,0.38,0.37823950455868516,-0.0017604954413148466
fourier_raw,530013,0.46,0.45754671935103636,-0.0024532806489636627
fourier_raw,530013,0.54,0.5406844569883749,0.0006844569883748264
fourier_raw,530013,0.62,0.6200873386439972,8.733864399723679e-05
fourier_raw,530014,0.38,0.3796252021510516,-0.00037479784894839385
fourier_raw,530014,0.46,0.4591285546614061,-0.0008714453385939014
fourier_raw,530014,0.54,0.5407299034691215,0.0007299034691214956
fourier_raw,530014,0.62,0.624061013538043,0.004061013538043001
fourier_raw,530015,0.38,0.377877243366259,-0.0021227566337410075
fourier_raw,530015,0.46,0.4612034241751587,0.0012034241751586738
fourier_raw,530015,0.54,0.5417369811957209,0.0017369811957208547
fourier_raw,530015,0.62,0.6221117618892541,0.0021117618892541046
fourier_raw,530016,0.38,0.3744218279802334,-0.005578172019766625
fourier_raw,530016,0.46,0.4596185309734858,-0.0003814690265142029
fourier_raw,530016,0.54,0.538898296322951,-0.0011017036770489819
fourier_raw,530016,0.62,0.6188873983870092,-0.00111260161299076
fourier_raw,530017,0.38,0.3586308398340923,-0.02136916016590773
fourier_raw,530017,0.46,0.45938132756821837,-0.0006186724317816528
fourier_raw,530017,0.54,0.5377905261312088,-0.002209473868791223
fourier_raw,530017,0.62,0.6194472703148355,-0.0005527296851645103
fourier_raw,530018,0.38,0.37395851773048017,-0.006041482269519838
fourier_raw,530018,0.46,0.4629255380055627,0.0029255380055626667
fourier_raw,530018,0.54,0.539547931183254,-0.00045206881674608734
fourier_raw,530018,0.62,0.6124220502891706,-0.007577949710829368
fourier_raw,530019,0.38,0.3842157600571079,0.004215760057107887
fourier_raw,530019,0.46,0.460924837588337,0.0009248375883370019
fourier_raw,530019,0.54,0.5391963771690689,-0.000803622830931161
fourier_raw,530019,0.62,0.6197490463867273,-0.0002509536132726531
fourier_raw,530020,0.38,0.3789702222115299,-0.001029777788470132
fourier_raw,530020,0.46,0.4539560848543018,-0.006043915145698242
fourier_raw,530020,0.54,0.5386583399963251,-0.0013416600036749715
fourier_raw,530020,0.62,0.6206445686896002,0.0006445686896001668
fourier_raw,530021,0.38,0.380400442741033,0.0004004427410330136
fourier_raw,530021,0.46,0.4595775834705784,-0.0004224165294215987
fourier_raw,530021,0.54,0.541101414085067,0.0011014140850669207
fourier_raw,530021,0.62,0.6231849133174241,0.0031849133174240984
fourier_raw,530022,0.38,0.37940284824919224,-0.0005971517508077673
fourier_raw,530022,0.46,0.4569571006145511,-0.0030428993854489383
fourier_raw,530022,0.54,0.5402607547372543,0.00026075473725428733
fourier_raw,530022,0.62,0.6209964387566497,0.0009964387566496757
fourier_raw,530023,0.38,0.3758216879643659,-0.004178312035634124
fourier_raw,530023,0.46,0.4607620045506966,0.0007620045506965822
fourier_raw,530023,0.54,0.5392490068683762,-0.0007509931316238561
fourier_raw,530023,0.62,0.6202036701840004,0.00020367018400035963
fourier_raw,530024,0.38,0.38026041407186445,0.00026041407186444543
fourier_raw,530024,0.46,0.4591000723904518,-0.0008999276095482123
fourier_raw,530024,0.54,0.5403511032557502,0.00035110325575016255
fourier_raw,530024,0.62,0.618806582570075,-0.001193417429924959
fourier_raw,530025,0.38,0.3800036461477577,3.646147757718765e-06
fourier_raw,530025,0.46,0.4615702491473237,0.0015702491473236768
fourier_raw,530025,0.54,0.5394554728987808,-0.0005445271012192165
fourier_raw,530025,0.62,0.6187944330364474,-0.0012055669635525623
fourier_raw,530026,0.38,0.3824926263997266,0.002492626399726583
fourier_raw,530026,0.46,0.4613996383797604,0.0013996383797603706
fourier_raw,530026,0.54,0.5374370357089613,-0.0025629642910387496
fourier_raw,530026,0.62,0.6147216477797608,-0.005278352220239202
fourier_raw,530027,0.38,0.3714437442105129,-0.0085562557894871
fourier_raw,530027,0.46,0.46267977969243,0.0026797796924299955
fourier_raw,530027,0.54,0.538844990700931,-0.0011550092990690874
fourier_raw,530027,0.62,0.6173573290236193,-0.002642670976380712
fourier_raw,530028,0.38,0.378311956953303,-0.0016880430466970076
fourier_raw,530028,0.46,0.4608456130139343,0.0008456130139342655
fourier_raw,530028,0.54,0.5345238536173176,-0.005476146382682456
fourier_raw,530028,0.62,0.6205255660344743,0.0005255660344742896
fourier_raw,530029,0.38,0.37886957710612024,-0.0011304228938797678
fourier_raw,530029,0.46,0.4589467129995648,-0.0010532870004352213
fourier_raw,530029,0.54,0.5414066795384007,0.0014066795384006792
fourier_raw,530029,0.62,0.6194505769305275,-0.0005494230694724767
fourier_raw,530030,0.38,0.3792858136124202,-0.0007141863875798071
fourier_raw,530030,0.46,0.45915584050222735,-0.0008441594977726674
fourier_raw,530030,0.54,0.5410467191141057,0.0010467191141056986
fourier_raw,530030,0.62,0.6192366060800638,-0.0007633939199361839
fourier_raw,530031,0.38,0.37917844006002743,-0.0008215599399725715
fourier_raw,530031,0.46,0.45256582698419134,-0.007434173015808676
fourier_raw,530031,0.54,0.5401639046336927,0.0001639046336926464
fourier_raw,530031,0.62,0.6197258749630596,-0.0002741250369403536
fourier_raw,530032,0.38,0.37987420608009626,-0.00012579391990374944
fourier_raw,530032,0.46,0.453036781530483,-0.00696321846951703
fourier_raw,530032,0.54,0.5456309405981495,0.005630940598149503
fourier_raw,530032,0.62,0.6189760145127886,-0.0010239854872113874
fourier_raw,530033,0.38,0.3792123737527988,-0.0007876262472011897
fourier_raw,530033,0.46,0.457621951167638,-0.002378048832362034
fourier_raw,530033,0.54,0.5437309856322537,0.003730985632253714
fourier_raw,530033,0.62,0.6205221284412447,0.0005221284412446625
fourier_raw,530034,0.38,0.3783064455900109,-0.0016935544099890842
fourier_raw,530034,0.46,0.4600749180195373,7.49180195372956e-05
fourier_raw,530034,0.54,0.5394286144470679,-0.0005713855529321243
fourier_raw,530034,0.62,0.6183475940862826,-0.001652405913717403
fourier_raw,530035,0.38,0.38144937494077447,0.0014493749407744616
fourier_raw,530035,0.46,0.45887758010748353,-0.0011224198925164908
fourier_raw,530035,0.54,0.5730601174171078,0.03306011741710779
fourier_raw,530035,0.62,0.6192098366643786,-0.0007901633356214299
fourier_raw,530036,0.38,0.38039161700705976,0.00039161700705975244
fourier_raw,530036,0.46,0.4576118348129824,-0.0023881651870176213
fourier_raw,530036,0.54,0.5447772498643173,0.004777249864317268
fourier_raw,530036,0.62,0.6182163573321282,-0.0017836426678717876
fourier_raw,530037,0.38,0.38041349356261195,0.00041349356261194403
fourier_raw,530037,0.46,0.45918106518580604,-0.0008189348141939834
fourier_raw,530037,0.54,0.5399192116014568,-8.078839854319675e-05
fourier_raw,530037,0.62,0.6181606751101549,-0.001839324889845062
fourier_raw,530038,0.38,0.3790892484373381,-0.0009107515626619045
fourier_raw,530038,0.46,0.4588737692710591,-0.0011262307289409135
fourier_raw,530038,0.54,0.5398186605852732,-0.00018133941472686654
fourier_raw,530038,0.62,0.6232974145572413,0.003297414557241307
fourier_raw,530039,0.38,0.3813286142847628,0.0013286142847627747
fourier_raw,530039,0.46,0.46230577137979323,0.002305771379793209
fourier_raw,530039,0.54,0.5383293182707011,-0.0016706817292989617
fourier_raw,530039,0.62,0.6234439234459476,0.003443923445947572
fourier_raw,530040,0.38,0.3770292755010539,-0.002970724498946087
fourier_raw,530040,0.46,0.45501598329131787,-0.0049840167086821485
fourier_raw,530040,0.54,0.5406176709863808,0.0006176709863807694
fourier_raw,530040,0.62,0.6166300444437074,-0.003369955556292603
fourier_raw,530041,0.38,0.37895192900777963,-0.0010480709922203735
fourier_raw,530041,0.46,0.4603427459551979,0.0003427459551978984
fourier_raw,530041,0.54,0.5399340684677776,-6.593153222245185e-05
fourier_raw,530041,0.62,0.6172002683953518,-0.0027997316046481924
fourier_raw,530042,0.38,0.3786151957935704,-0.0013848042064296129
fourier_raw,530042,0.46,0.460941640622421,0.0009416406224209695
fourier_raw,530042,0.54,0.5407286421055385,0.0007286421055384684
fourier_raw,530042,0.62,0.6181261582252819,-0.0018738417747180547
fourier_raw,530043,0.38,0.3771185696837209,-0.002881430316279132
fourier_raw,530043,0.46,0.4608921280116025,0.0008921280116024888
fourier_raw,530043,0.54,0.545032634972239,0.005032634972238936
fourier_raw,530043,0.62,0.6192912818587331,-0.0007087181412669397
fourier_raw,530044,0.38,0.380221669766203,0.00022166976620296985
fourier_raw,530044,0.46,0.45946668908912863,-0.0005333109108713874
fourier_raw,530044,0.54,0.5306188004241574,-0.009381199575842603
fourier_raw,530044,0.62,0.6185869841721403,-0.0014130158278596872
fourier_raw,530045,0.38,0.3792338841746145,-0.0007661158253854938
fourier_raw,530045,0.46,0.45745843017875254,-0.00254156982124748
fourier_raw,530045,0.54,0.5414457714127469,0.0014457714127468213
fourier_raw,530045,0.62,0.6267877846261708,0.006787784626170801
fourier_raw,530046,0.38,0.37899657488848254,-0.0010034251115174642
fourier_raw,530046,0.46,0.45919699906295386,-0.000803000937046161
fourier_raw,530046,0.54,0.5428538610794832,0.0028538610794831554
fourier_raw,530046,0.62,0.6166754206398086,-0.003324579360191371
fourier_raw,530047,0.38,0.37958938354581095,-0.00041061645418905
fourier_raw,530047,0.46,0.4606806342492898,0.0006806342492897688
fourier_raw,530047,0.54,0.54074744628339,0.0007474462833899631
fourier_raw,530047,0.62,0.6197009022100061,-0.00029909778999392955
fourier_cayley,530000,0.38,0.3870998873943623,0.007099887394362292
fourier_cayley,530000,0.46,0.46274745044462867,0.002747450444628652
fourier_cayley,530000,0.54,0.5420243499345513,0.0020243499345512506
fourier_cayley,530000,0.62,0.6165977430818814,-0.0034022569181185736
fourier_cayley,530001,0.38,0.37764291734085725,-0.0023570826591427507
fourier_cayley,530001,0.46,0.45449505870784,-0.005504941292160004
fourier_cayley,530001,0.54,0.5413517027969721,0.001351702796972054
fourier_cayley,530001,0.62,0.6139279297754805,-0.006072070224519499
fourier_cayley,530002,0.38,0.38856264275966557,0.008562642759665562
fourier_cayley,530002,0.46,0.4540080319789459,-0.005991968021054117
fourier_cayley,530002,0.54,0.5428378823307606,0.002837882330760544
fourier_cayley,530002,0.62,0.6201086319402349,0.00010863194023491562
fourier_cayley,530003,0.38,0.38076908308727164,0.0007690830872716381
fourier_cayley,530003,0.46,0.4572535505114982,-0.0027464494885018342
fourier_cayley,530003,0.54,0.5538168229603191,0.013816822960319053
fourier_cayley,530003,0.62,0.6193604868079376,-0.0006395131920623465
fourier_cayley,530004,0.38,0.3806924440948327,0.0006924440948327115
fourier_cayley,530004,0.46,0.46369726276416084,0.0036972627641608247
fourier_cayley,530004,0.54,0.5379049756785235,-0.0020950243214765685
fourier_cayley,530004,0.62,0.6321283747521848,0.012128374752184756
fourier_cayley,530005,0.38,0.3797950005184231,-0.0002049994815769285
fourier_cayley,530005,0.46,0.45703827929602947,-0.0029617207039705495
fourier_cayley,530005,0.54,0.5390927811938346,-0.0009072188061653996
fourier_cayley,530005,0.62,0.6190664317930509,-0.0009335682069491202
fourier_cayley,530006,0.38,0.38085958143961396,0.0008595814396139545
fourier_cayley,530006,0.46,0.46332065122727395,0.0033206512272739297
fourier_cayley,530006,0.54,0.5454010278900038,0.00540102789000374
fourier_cayley,530006,0.62,0.6164461180070155,-0.0035538819929844534
fourier_cayley,530007,0.38,0.3799499767296344,-5.0023270365628925e-05
fourier_cayley,530007,0.46,0.47101693144732054,0.011016931447320522
fourier_cayley,530007,0.54,0.536077579350832,-0.003922420649168035
fourier_cayley,530007,0.62,0.6166021570909355,-0.00339784290906453
fourier_cayley,530008,0.38,0.38158606160519004,0.0015860616051900367
fourier_cayley,530008,0.46,0.4606438187205559,0.0006438187205558554
fourier_cayley,530008,0.54,0.5391067356371545,-0.0008932643628455361
fourier_cayley,530008,0.62,0.6196197373957683,-0.0003802626042317403
fourier_cayley,530009,0.38,0.379522125527133,-0.00047787447286701257
fourier_cayley,530009,0.46,0.45887160302550833,-0.0011283969744916855
fourier_cayley,530009,0.54,0.5341957463904635,-0.005804253609536514
fourier_cayley,530009,0.62,0.6227876343889321,0.0027876343889321475
fourier_cayley,530010,0.38,0.3837259002836465,0.0037259002836464994
fourier_cayley,530010,0.46,0.45646266023698245,-0.0035373397630175663
fourier_cayley,530010,0.54,0.5360692213841363,-0.0039307786158637725
fourier_cayley,530010,0.62,0.6238387047890522,0.0038387047890522386
fourier_cayley,530011,0.38,0.37356411807980056,-0.006435881920199449
fourier_cayley,530011,0.46,0.45959225265105086,-0.0004077473489491612
fourier_cayley,530011,0.54,0.5335848519877471,-0.006415148012252958
fourier_cayley,530011,0.62,0.6231196194294555,0.003119619429455489
fourier_cayley,530012,0.38,0.3807940209417505,0.0007940209417505173
fourier_cayley,530012,0.46,0.4574408064019469,-0.002559193598053122
fourier_cayley,530012,0.54,0.5424618594371783,0.0024618594371782487
fourier_cayley,530012,0.62,0.6200099848161597,9.984816159658294e-06
fourier_cayley,530013,0.38,0.3768199284960296,-0.0031800715039704275
fourier_cayley,530013,0.46,0.4679963810737816,0.007996381073781589
fourier_cayley,530013,0.54,0.5379633019769385,-0.0020366980230615006
fourier_cayley,530013,0.62,0.6184049837918738,-0.0015950162081261876
fourier_cayley,530014,0.38,0.38061635381104314,0.0006163538110431355
fourier_cayley,530014,0.46,0.45324863072411026,-0.0067513692758897625
fourier_cayley,530014,0.54,0.5396073350515651,-0.0003926649484349287
fourier_cayley,530014,0.62,0.6189062893811984,-0.001093710618801591
fourier_cayley,530015,0.38,0.37733403359433454,-0.0026659664056654653
fourier_cayley,530015,0.46,0.4707187754949921,0.010718775494992061
fourier_cayley,530015,0.54,0.541267223727827,0.0012672237278269494
fourier_cayley,530015,0.62,0.6157375691059686,-0.004262430894031444
fourier_cayley,530016,0.38,0.38061691108121937,0.0006169110812193623
fourier_cayley,530016,0.46,0.4593480971355123,-0.0006519028644877412
fourier_cayley,530016,0.54,0.5454289249530133,0.005428924953013281
fourier_cayley,530016,0.62,0.6192821425358834,-0.0007178574641165669
fourier_cayley,530017,0.38,0.37129224821308704,-0.008707751786912965
fourier_cayley,530017,0.46,0.4650682683159072,0.005068268315907176
fourier_cayley,530017,0.54,0.5408656897649221,0.000865689764922073
fourier_cayley,530017,0.62,0.6157813993318406,-0.004218600668159378
fourier_cayley,530018,0.38,0.37958668088103525,-0.00041331911896475004
fourier_cayley,530018,0.46,0.45152005332532175,-0.008479946674678274
fourier_cayley,530018,0.54,0.526336103922915,-0.01366389607708507
fourier_cayley,530018,0.62,0.6231827272345729,0.003182727234572913
fourier_cayley,530019,0.38,0.3822749273824243,0.0022749273824242966
fourier_cayley,530019,0.46,0.4568223571084785,-0.003177642891521504
fourier_cayley,530019,0.54,0.5423164472071678,0.0023164472071677267
fourier_cayley,530019,0.62,0.6173544117451808,-0.002645588254819198
fourier_cayley,530020,0.38,0.3725441286604201,-0.0074558713395799225
fourier_cayley,530020,0.46,0.45633479689250683,-0.003665203107493187
fourier_cayley,530020,0.54,0.544691413958378,0.00469141395837791
fourier_cayley,530020,0.62,0.6265941333799047,0.006594133379904665
fourier_cayley,530021,0.38,0.38090656249994403,0.0009065624999440303
fourier_cayley,530021,0.46,0.462702421610407,0.0027024216104069576
fourier_cayley,530021,0.54,0.5362519154862598,-0.003748084513740202
fourier_cayley,530021,0.62,0.6253999265571584,0.005399926557158374
fourier_cayley,530022,0.38,0.38090929504295545,0.0009092950429554492
fourier_cayley,530022,0.46,0.46716665838212074,0.007166658382120716
fourier_cayley,530022,0.54,0.5363417938538427,-0.0036582061461573057
fourier_cayley,530022,0.62,0.6212910187332124,0.0012910187332123568
fourier_cayley,530023,0.38,0.37859601898340367,-0.001403981016596334
fourier_cayley,530023,0.46,0.46187649413443704,0.0018764941344370234
fourier_cayley,530023,0.54,0.5360365512767166,-0.003963448723283469
fourier_cayley,530023,0.62,0.6240161576805178,0.0040161576805177734
fourier_cayley,530024,0.38,0.3773077355124158,-0.002692264487584195
fourier_cayley,530024,0.46,0.453689767874565,-0.006310232125435022
fourier_cayley,530024,0.54,0.5352500082069039,-0.004749991793096098
fourier_cayley,530024,0.62,0.6195124758903465,-0.00048752410965346993
fourier_cayley,530025,0.38,0.3807355952926488,0.0007355952926487719
fourier_cayley,530025,0.46,0.4548902290490414,-0.005109770950958603
fourier_cayley,530025,0.54,0.538678091551504,-0.0013219084484960009
fourier_cayley,530025,0.62,0.6293223780907855,0.00932237809078551
fourier_cayley,530026,0.38,0.38150385775131135,0.0015038577513113438
fourier_cayley,530026,0.46,0.4590283690356397,-0.0009716309643603149
fourier_cayley,530026,0.54,0.5408483027516482,0.0008483027516481556
fourier_cayley,530026,0.62,0.6189651621798294,-0.0010348378201705533
fourier_cayley,530027,0.38,0.383135277299152,0.003135277299151973
fourier_cayley,530027,0.46,0.4630192093198585,0.0030192093198584957
fourier_cayley,530027,0.54,0.5355489958971186,-0.004451004102881462
fourier_cayley,530027,0.62,0.6240161699094916,0.004016169909491607
fourier_cayley,530028,0.38,0.37943514479387946,-0.0005648552061205403
fourier_cayley,530028,0.46,0.462600102758659,0.002600102758658962
fourier_cayley,530028,0.54,0.5372633000465693,-0.0027366999534307324
fourier_cayley,530028,0.62,0.6172133683338866,-0.0027866316661133705
fourier_cayley,530029,0.38,0.3933551705096042,0.01335517050960422
fourier_cayley,530029,0.46,0.45655967348517656,-0.003440326514823455
fourier_cayley,530029,0.54,0.5334777511435106,-0.006522248856489443
fourier_cayley,530029,0.62,0.6229503218953065,0.002950321895306529
fourier_cayley,530030,0.38,0.38481341154308973,0.0048134115430897295
fourier_cayley,530030,0.46,0.4576488609716672,-0.002351139028332838
fourier_cayley,530030,0.54,0.5376602632977694,-0.0023397367022306437
fourier_cayley,530030,0.62,0.6227530500770626,0.002753050077062613
fourier_cayley,530031,0.38,0.38751180758209103,0.0075118075820910235
fourier_cayley,530031,0.46,0.45874691886731156,-0.0012530811326884606
fourier_cayley,530031,0.54,0.5406832132931896,0.000683213293189544
fourier_cayley,530031,0.62,0.6191588690255553,-0.0008411309744447149
fourier_cayley,530032,0.38,0.3822554199360969,0.002255419936096903
fourier_cayley,530032,0.46,0.4649333572001594,0.004933357200159361
fourier_cayley,530032,0.54,0.5430805544303293,0.0030805544303292853
fourier_cayley,530032,0.62,0.627287056485117,0.007287056485116961
fourier_cayley,530033,0.38,0.3736845275482076,-0.0063154724517924254
fourier_cayley,530033,0.46,0.45967141719379123,-0.0003285828062087881
fourier_cayley,530033,0.54,0.5384888839004368,-0.0015111160995632256
fourier_cayley,530033,0.62,0.6151969650779916,-0.004803034922008398
fourier_cayley,530034,0.38,0.3827227861384777,0.0027227861384777063
fourier_cayley,530034,0.46,0.45531092209170765,-0.004689077908292372
fourier_cayley,530034,0.54,0.5410608609160245,0.0010608609160244198
fourier_cayley,530034,0.62,0.6194077100015597,-0.0005922899984402985
fourier_cayley,530035,0.38,0.3818550332271803,0.0018550332271802805
fourier_cayley,530035,0.46,0.45219525879793376,-0.0078047412020662565
fourier_cayley,530035,0.54,0.5468798001151081,0.006879800115108026
fourier_cayley,530035,0.62,0.6199415919991847,-5.840800081524655e-05
fourier_cayley,530036,0.38,0.3822053061204546,0.0022053061204546087
fourier_cayley,530036,0.46,0.45719944043072547,-0.002800559569274552
fourier_cayley,530036,0.54,0.5415061514267968,0.0015061514267967757
fourier_cayley,530036,0.62,0.6265618800440107,0.006561880044010704
fourier_cayley,530037,0.38,0.37450993035290003,-0.005490069647099971
fourier_cayley,530037,0.46,0.46734114310131564,0.007341143101315617
fourier_cayley,530037,0.54,0.5339348232585133,-0.006065176741486766
fourier_cayley,530037,0.62,0.6085807881522979,-0.011419211847702115
fourier_cayley,530038,0.38,0.3735476605531399,-0.006452339446860078
fourier_cayley,530038,0.46,0.44892018183194576,-0.011079818168054256
fourier_cayley,530038,0.54,0.5478505236587667,0.007850523658766706
fourier_cayley,530038,0.62,0.6154390843160392,-0.004560915683960776
fourier_cayley,530039,0.38,0.3758696511575281,-0.0041303488424719315
fourier_cayley,530039,0.46,0.45522897329857764,-0.004771026701422376
fourier_cayley,530039,0.54,0.5429227208878419,0.0029227208878418454
fourier_cayley,530039,0.62,0.6119123128528913,-0.008087687147108724
fourier_cayley,530040,0.38,0.38177526621276814,0.001775266212768134
fourier_cayley,530040,0.46,0.4614500378006807,0.0014500378006807035
fourier_cayley,530040,0.54,0.5405793151120307,0.0005793151120306872
fourier_cayley,530040,0.62,0.6198647100767779,-0.00013528992322209277
fourier_cayley,530041,0.38,0.38666882513740264,0.006668825137402634
fourier_cayley,530041,0.46,0.4684827578197893,0.0084827578197893
fourier_cayley,530041,0.54,0.5418299261565087,0.0018299261565086766
fourier_cayley,530041,0.62,0.6148724726723507,-0.005127527327649317
fourier_cayley,530042,0.38,0.37875122190340615,-0.00124877809659385
fourier_cayley,530042,0.46,0.4648819521143588,0.004881952114358767
fourier_cayley,530042,0.54,0.5249154867886192,-0.015084513211380823
fourier_cayley,530042,0.62,0.6126359403701334,-0.007364059629866637
fourier_cayley,530043,0.38,0.3804642668724253,0.00046426687242528963
fourier_cayley,530043,0.46,0.46784003459181495,0.007840034591814926
fourier_cayley,530043,0.54,0.5432177658472174,0.0032177658472173354
fourier_cayley,530043,0.62,0.6192711842157383,-0.0007288157842616494
fourier_cayley,530044,0.38,0.3736863943593371,-0.0063136056406629115
fourier_cayley,530044,0.46,0.46504418814521764,0.005044188145217621
fourier_cayley,530044,0.54,0.5361785555155629,-0.0038214444844371087
fourier_cayley,530044,0.62,0.6162734472651786,-0.0037265527348213645
fourier_cayley,530045,0.38,0.3703881717393861,-0.009611828260613908
fourier_cayley,530045,0.46,0.45678353698392304,-0.003216463016076976
fourier_cayley,530045,0.54,0.5342174463392076,-0.005782553660792389
fourier_cayley,530045,0.62,0.6159799406447324,-0.004020059355267613
fourier_cayley,530046,0.38,0.38077354727535107,0.0007735472753510608
fourier_cayley,530046,0.46,0.45760053767843684,-0.002399462321563184
fourier_cayley,530046,0.54,0.54592164833118,0.005921648331179918
fourier_cayley,530046,0.62,0.6184768033307942,-0.0015231966692057508
fourier_cayley,530047,0.38,0.37834666126717537,-0.0016533387328246385
fourier_cayley,530047,0.46,0.4633124091193293,0.003312409119329285
fourier_cayley,530047,0.54,0.5457521302821933,0.005752130282193235
fourier_cayley,530047,0.62,0.630657939346898,0.01065793934689796
tm_shuffle,530000,0.38,0.5523507257163279,0.17235072571632792
tm_shuffle,530000,0.46,0.5087741674226544,0.048774167422654335
tm_shuffle,530000,0.54,0.515641540170377,-0.024358459829623036
tm_shuffle,530000,0.62,0.47543233338523266,-0.14456766661476733
tm_shuffle,530001,0.38,0.4751371117696086,0.0951371117696086
tm_shuffle,530001,0.46,0.496008547701682,0.03600854770168199
tm_shuffle,530001,0.54,0.45191858910496535,-0.08808141089503468
tm_shuffle,530001,0.62,0.4833066936608806,-0.1366933063391194
tm_shuffle,530002,0.38,0.49480464283680486,0.11480464283680486
tm_shuffle,530002,0.46,0.5262622554354219,0.06626225543542191
tm_shuffle,530002,0.54,0.49835801043005623,-0.041641989569943805
tm_shuffle,530002,0.62,0.5001605231373958,-0.11983947686260421
tm_shuffle,530003,0.38,0.5308541367522666,0.15085413675226655
tm_shuffle,530003,0.46,0.4772448249520462,0.017244824952046156
tm_shuffle,530003,0.54,0.555822895019946,0.015822895019945937
tm_shuffle,530003,0.62,0.46184762583685535,-0.15815237416314465
tm_shuffle,530004,0.38,0.47178928262050623,0.09178928262050623
tm_shuffle,530004,0.46,0.5481786978756102,0.08817869787561022
tm_shuffle,530004,0.54,0.5100554647566438,-0.029944535243356274
tm_shuffle,530004,0.62,0.5049666098874277,-0.1150333901125723
tm_shuffle,530005,0.38,0.5052822163660997,0.1252822163660997
tm_shuffle,530005,0.46,0.48641975055620845,0.026419750556208432
tm_shuffle,530005,0.54,0.5276269010457029,-0.012373098954297168
tm_shuffle,530005,0.62,0.5172415442529135,-0.10275845574708653
tm_shuffle,530006,0.38,0.5318267629367761,0.1518267629367761
tm_shuffle,530006,0.46,0.4768640908464677,0.016864090846467672
tm_shuffle,530006,0.54,0.5138911684414271,-0.02610883155857291
tm_shuffle,530006,0.62,0.5254520809587025,-0.09454791904129745
tm_shuffle,530007,0.38,0.5078521447942932,0.1278521447942932
tm_shuffle,530007,0.46,0.5190135368571274,0.05901353685712735
tm_shuffle,530007,0.54,0.5085027212949558,-0.03149727870504426
tm_shuffle,530007,0.62,0.5044536479199045,-0.11554635208009545
tm_shuffle,530008,0.38,0.5072502908106203,0.12725029081062034
tm_shuffle,530008,0.46,0.4985038301473076,0.03850383014730757
tm_shuffle,530008,0.54,0.513541757852723,-0.02645824214727699
tm_shuffle,530008,0.62,0.4920450118546088,-0.1279549881453912
tm_shuffle,530009,0.38,0.49022076581853063,0.11022076581853063
tm_shuffle,530009,0.46,0.4896782831632811,0.029678283163281083
tm_shuffle,530009,0.54,0.5154058197371728,-0.024594180262827225
tm_shuffle,530009,0.62,0.49919753443633336,-0.12080246556366664
tm_shuffle,530010,0.38,0.4885601435259837,0.1085601435259837
tm_shuffle,530010,0.46,0.5376503437167761,0.0776503437167761
tm_shuffle,530010,0.54,0.46819546943563906,-0.07180453056436098
tm_shuffle,530010,0.62,0.48842672920241215,-0.13157327079758785
tm_shuffle,530011,0.38,0.5155488195603044,0.1355488195603044
tm_shuffle,530011,0.46,0.5220779900182849,0.0620779900182849
tm_shuffle,530011,0.54,0.4767712840448894,-0.06322871595511065
tm_shuffle,530011,0.62,0.4744070700726952,-0.14559292992730477
tm_shuffle,530012,0.38,0.49698172727523177,0.11698172727523176
tm_shuffle,530012,0.46,0.4960830578064729,0.03608305780647286
tm_shuffle,530012,0.54,0.48847714597342234,-0.05152285402657769
tm_shuffle,530012,0.62,0.46986995525248676,-0.15013004474751324
tm_shuffle,530013,0.38,0.5060181175411984,0.1260181175411984
tm_shuffle,530013,0.46,0.47181398859715834,0.01181398859715832
tm_shuffle,530013,0.54,0.501121514998962,-0.03887848500103808
tm_shuffle,530013,0.62,0.5107868190226028,-0.10921318097739718
tm_shuffle,530014,0.38,0.5032425804318166,0.12324258043181657
tm_shuffle,530014,0.46,0.5086608011177399,0.048660801117739905
tm_shuffle,530014,0.54,0.5302561329992842,-0.009743867000715833
tm_shuffle,530014,0.62,0.5201312424647632,-0.09986875753523683
tm_shuffle,530015,0.38,0.4809358684600109,0.1009358684600109
tm_shuffle,530015,0.46,0.4741630414310286,0.014163041431028589
tm_shuffle,530015,0.54,0.4767972281817326,-0.06320277181826744
tm_shuffle,530015,0.62,0.5052694099619889,-0.11473059003801112
tm_shuffle,530016,0.38,0.5117452465060032,0.13174524650600317
tm_shuffle,530016,0.46,0.5178685863790317,0.05786858637903164
tm_shuffle,530016,0.54,0.5193180157118005,-0.020681984288199562
tm_shuffle,530016,0.62,0.506887379227642,-0.11311262077235795
tm_shuffle,530017,0.38,0.5185723322378076,0.13857233223780763
tm_shuffle,530017,0.46,0.5054882728879694,0.04548827288796936
tm_shuffle,530017,0.54,0.5346745904472185,-0.00532540955278149
tm_shuffle,530017,0.62,0.5339236183396517,-0.08607638166034826
tm_shuffle,530018,0.38,0.497529447327539,0.117529447327539
tm_shuffle,530018,0.46,0.5215681118672735,0.061568111867273456
tm_shuffle,530018,0.54,0.4788995229003394,-0.061100477099660655
tm_shuffle,530018,0.62,0.5052400450644293,-0.11475995493557067
tm_shuffle,530019,0.38,0.5125852184868956,0.13258521848689564
tm_shuffle,530019,0.46,0.514092928284836,0.05409292828483597
tm_shuffle,530019,0.54,0.46869247635549594,-0.0713075236445041
tm_shuffle,530019,0.62,0.4794355656580191,-0.1405644343419809
tm_shuffle,530020,0.38,0.48472152274626407,0.10472152274626406
tm_shuffle,530020,0.46,0.5187533806958091,0.0587533806958091
tm_shuffle,530020,0.54,0.5364702474869953,-0.0035297525130046914
tm_shuffle,530020,0.62,0.4970098835984988,-0.1229901164015012
tm_shuffle,530021,0.38,0.4902768469966019,0.1102768469966019
tm_shuffle,530021,0.46,0.5585205904477826,0.09852059044778255
tm_shuffle,530021,0.54,0.48814779358417754,-0.0518522064158225
tm_shuffle,530021,0.62,0.521580220950749,-0.09841977904925103
tm_shuffle,530022,0.38,0.4982822533153274,0.11828225331532738
tm_shuffle,530022,0.46,0.4947317527088374,0.03473175270883738
tm_shuffle,530022,0.54,0.5212685662958374,-0.018731433704162637
tm_shuffle,530022,0.62,0.4771919345282794,-0.1428080654717206
tm_shuffle,530023,0.38,0.5221320754382431,0.14213207543824313
tm_shuffle,530023,0.46,0.51532686190427,0.05532686190427
tm_shuffle,530023,0.54,0.48205485831363826,-0.05794514168636178
tm_shuffle,530023,0.62,0.489770905120025,-0.13022909487997497
tm_shuffle,530024,0.38,0.49415782855482254,0.11415782855482254
tm_shuffle,530024,0.46,0.5091049785055252,0.04910497850552514
tm_shuffle,530024,0.54,0.49507470899725475,-0.04492529100274528
tm_shuffle,530024,0.62,0.47079113099241354,-0.14920886900758645
tm_shuffle,530025,0.38,0.4490175492265407,0.06901754922654069
tm_shuffle,530025,0.46,0.5217988552009549,0.061798855200954905
tm_shuffle,530025,0.54,0.4814593711592071,-0.05854062884079292
tm_shuffle,530025,0.62,0.4900950120847225,-0.1299049879152775
tm_shuffle,530026,0.38,0.5124587417039571,0.1324587417039571
tm_shuffle,530026,0.46,0.526076543887985,0.06607654388798495
tm_shuffle,530026,0.54,0.5135701803526317,-0.026429819647368347
tm_shuffle,530026,0.62,0.5029262622488989,-0.11707373775110108
tm_shuffle,530027,0.38,0.5024586148963199,0.12245861489631993
tm_shuffle,530027,0.46,0.5379722758184243,0.07797227581842431
tm_shuffle,530027,0.54,0.5109093377070388,-0.0290906622929612
tm_shuffle,530027,0.62,0.5303618762883369,-0.08963812371166313
tm_shuffle,530028,0.38,0.48584161136799964,0.10584161136799963
tm_shuffle,530028,0.46,0.502674191897391,0.04267419189739102
tm_shuffle,530028,0.54,0.47486752499373974,-0.0651324750062603
tm_shuffle,530028,0.62,0.5203258732980701,-0.09967412670192988
tm_shuffle,530029,0.38,0.505922911659826,0.12592291165982594
tm_shuffle,530029,0.46,0.5062210389463638,0.04622103894636381
tm_shuffle,530029,0.54,0.5093479734430099,-0.030652026556990175
tm_shuffle,530029,0.62,0.5281587431968988,-0.09184125680310118
tm_shuffle,530030,0.38,0.48479504842028726,0.10479504842028725
tm_shuffle,530030,0.46,0.4886962431702801,0.028696243170280078
tm_shuffle,530030,0.54,0.5384466303130395,-0.0015533696869605151
tm_shuffle,530030,0.62,0.48365004463211964,-0.13634995536788036
tm_shuffle,530031,0.38,0.5494393887628108,0.16943938876281084
tm_shuffle,530031,0.46,0.5392953969976525,0.07929539699765248
tm_shuffle,530031,0.54,0.4905733449454899,-0.04942665505451016
tm_shuffle,530031,0.62,0.4657690626609828,-0.15423093733901722
tm_shuffle,530032,0.38,0.4968560326831978,0.11685603268319777
tm_shuffle,530032,0.46,0.4911617730960954,0.031161773096095358
tm_shuffle,530032,0.54,0.5119367817959456,-0.02806321820405444
tm_shuffle,530032,0.62,0.4894387951124923,-0.13056120488750772
tm_shuffle,530033,0.38,0.4983071043326596,0.11830710433265962
tm_shuffle,530033,0.46,0.5343137182712324,0.0743137182712324
tm_shuffle,530033,0.54,0.5225034347637213,-0.01749656523627874
tm_shuffle,530033,0.62,0.48514357715077827,-0.13485642284922172
tm_shuffle,530034,0.38,0.4911990634567555,0.11119906345675551
tm_shuffle,530034,0.46,0.48635856745591843,0.026358567455918414
tm_shuffle,530034,0.54,0.5110230156976389,-0.028976984302361175
tm_shuffle,530034,0.62,0.4582491444970882,-0.1617508555029118
tm_shuffle,530035,0.38,0.47160776100705326,0.09160776100705326
tm_shuffle,530035,0.46,0.5282709177004731,0.06827091770047305
tm_shuffle,530035,0.54,0.48731760241177485,-0.05268239758822518
tm_shuffle,530035,0.62,0.5231431733392655,-0.09685682666073447
tm_shuffle,530036,0.38,0.5041592970983473,0.12415929709834728
tm_shuffle,530036,0.46,0.5002637550570064,0.040263755057006356
tm_shuffle,530036,0.54,0.47645953173850136,-0.06354046826149867
tm_shuffle,530036,0.62,0.5087219926498164,-0.11127800735018356
tm_shuffle,530037,0.38,0.5127881032093189,0.1327881032093189
tm_shuffle,530037,0.46,0.5048660344758225,0.044866034475822436
tm_shuffle,530037,0.54,0.5132472170532723,-0.026752782946727782
tm_shuffle,530037,0.62,0.47569236535392534,-0.14430763464607466
tm_shuffle,530038,0.38,0.5033515628256405,0.12335156282564053
tm_shuffle,530038,0.46,0.5253199508490538,0.06531995084905379
tm_shuffle,530038,0.54,0.49470912344109297,-0.04529087655890707
tm_shuffle,530038,0.62,0.552982600798714,-0.06701739920128602
tm_shuffle,530039,0.38,0.4797587184505046,0.0997587184505046
tm_shuffle,530039,0.46,0.4898167021095416,0.02981670210954157
tm_shuffle,530039,0.54,0.5466280796131069,0.006628079613106852
tm_shuffle,530039,0.62,0.49259122917935305,-0.12740877082064694
tm_shuffle,530040,0.38,0.5141142291984154,0.13411422919841542
tm_shuffle,530040,0.46,0.5536091112421673,0.09360911124216725
tm_shuffle,530040,0.54,0.5370609198919791,-0.0029390801080209084
tm_shuffle,530040,0.62,0.4753164320146178,-0.14468356798538218
tm_shuffle,530041,0.38,0.5010733545246828,0.12107335452468282
tm_shuffle,530041,0.46,0.47475167792889783,0.01475167792889781
tm_shuffle,530041,0.54,0.5254317370279449,-0.014568262972055157
tm_shuffle,530041,0.62,0.4883614869338696,-0.1316385130661304
tm_shuffle,530042,0.38,0.4713396943059402,0.09133969430594019
tm_shuffle,530042,0.46,0.4384793383085347,-0.021520661691465326
tm_shuffle,530042,0.54,0.5069915695844044,-0.033008430415595647
tm_shuffle,530042,0.62,0.5498573828717581,-0.07014261712824188
tm_shuffle,530043,0.38,0.49397124660462627,0.11397124660462626
tm_shuffle,530043,0.46,0.5175848628327319,0.05758486283273184
tm_shuffle,530043,0.54,0.48651479876674697,-0.053485201233253066
tm_shuffle,530043,0.62,0.49603726376494567,-0.12396273623505433
tm_shuffle,530044,0.38,0.5301307202256198,0.1501307202256198
tm_shuffle,530044,0.46,0.5196108092148324,0.05961080921483236
tm_shuffle,530044,0.54,0.4750808246294091,-0.06491917537059094
tm_shuffle,530044,0.62,0.5139276758176596,-0.10607232418234036
tm_shuffle,530045,0.38,0.5265585016640983,0.14655850166409834
tm_shuffle,530045,0.46,0.535894731417481,0.07589473141748099
tm_shuffle,530045,0.54,0.5021938866340067,-0.03780611336599338
tm_shuffle,530045,0.62,0.5042986708681384,-0.1157013291318616
tm_shuffle,530046,0.38,0.49656688080452593,0.11656688080452593
tm_shuffle,530046,0.46,0.47903587172344453,0.01903587172344451
tm_shuffle,530046,0.54,0.5013969540897822,-0.03860304591021779
tm_shuffle,530046,0.62,0.5072287988236707,-0.11277120117632933
tm_shuffle,530047,0.38,0.5446081443690226,0.1646081443690226
tm_shuffle,530047,0.46,0.49635694233574873,0.03635694233574871
tm_shuffle,530047,0.54,0.4793764517896343,-0.06062354821036575
tm_shuffle,530047,0.62,0.5186738179424351,-0.10132618205756494
fourier_raw_shuffle,530000,0.38,0.474195788543555,0.09419578854355498
fourier_raw_shuffle,530000,0.46,0.5021675697418598,0.04216756974185981
fourier_raw_shuffle,530000,0.54,0.4953663360730539,-0.04463366392694612
fourier_raw_shuffle,530000,0.62,0.5065896848543898,-0.11341031514561017
fourier_raw_shuffle,530001,0.38,0.505846167816407,0.125846167816407
fourier_raw_shuffle,530001,0.46,0.5096974773097384,0.049697477309738336
fourier_raw_shuffle,530001,0.54,0.5103139951957768,-0.02968600480422323
fourier_raw_shuffle,530001,0.62,0.5160031493391123,-0.10399685066088771
fourier_raw_shuffle,530002,0.38,0.5021590440454766,0.12215904404547662
fourier_raw_shuffle,530002,0.46,0.5071907649815797,0.04719076498157965
fourier_raw_shuffle,530002,0.54,0.5123171356331742,-0.027682864366825877
fourier_raw_shuffle,530002,0.62,0.500475427583958,-0.11952457241604197
fourier_raw_shuffle,530003,0.38,0.5076139301268439,0.12761393012684386
fourier_raw_shuffle,530003,0.46,0.49082821953862915,0.03082821953862913
fourier_raw_shuffle,530003,0.54,0.49242639171166075,-0.047573608288339286
fourier_raw_shuffle,530003,0.62,0.5053888999567416,-0.11461110004325836
fourier_raw_shuffle,530004,0.38,0.49882380641275104,0.11882380641275103
fourier_raw_shuffle,530004,0.46,0.4947670760562831,0.0347670760562831
fourier_raw_shuffle,530004,0.54,0.5103615452203535,-0.02963845477964655
fourier_raw_shuffle,530004,0.62,0.4972460027673028,-0.1227539972326972
fourier_raw_shuffle,530005,0.38,0.49808034600411516,0.11808034600411516
fourier_raw_shuffle,530005,0.46,0.5018581151521077,0.04185811515210763
fourier_raw_shuffle,530005,0.54,0.46642605969634815,-0.07357394030365189
fourier_raw_shuffle,530005,0.62,0.5131699104515828,-0.10683008954841722
fourier_raw_shuffle,530006,0.38,0.5131957398879629,0.13319573988796285
fourier_raw_shuffle,530006,0.46,0.5021476464035748,0.04214764640357477
fourier_raw_shuffle,530006,0.54,0.5067810256801155,-0.03321897431988452
fourier_raw_shuffle,530006,0.62,0.49521327717147473,-0.12478672282852526
fourier_raw_shuffle,530007,0.38,0.499595422420544,0.119595422420544
fourier_raw_shuffle,530007,0.46,0.5007128726847334,0.04071287268473339
fourier_raw_shuffle,530007,0.54,0.5021084175476443,-0.03789158245235569
fourier_raw_shuffle,530007,0.62,0.5058359868370029,-0.11416401316299707
fourier_raw_shuffle,530008,0.38,0.4910354203820121,0.11103542038201208
fourier_raw_shuffle,530008,0.46,0.5145919518273857,0.05459195182738569
fourier_raw_shuffle,530008,0.54,0.507938982871927,-0.03206101712807308
fourier_raw_shuffle,530008,0.62,0.5178320743742922,-0.10216792562570776
fourier_raw_shuffle,530009,0.38,0.5093702318219182,0.1293702318219182
fourier_raw_shuffle,530009,0.46,0.4928369058708695,0.03283690587086946
fourier_raw_shuffle,530009,0.54,0.5069111452744077,-0.03308885472559231
fourier_raw_shuffle,530009,0.62,0.5027477581257394,-0.11725224187426064
fourier_raw_shuffle,530010,0.38,0.5081836844525884,0.12818368445258843
fourier_raw_shuffle,530010,0.46,0.5153333400215194,0.055333340021519406
fourier_raw_shuffle,530010,0.54,0.49053827325421473,-0.049461726745785306
fourier_raw_shuffle,530010,0.62,0.49948323241538783,-0.12051676758461216
fourier_raw_shuffle,530011,0.38,0.49161599303368597,0.11161599303368597
fourier_raw_shuffle,530011,0.46,0.5144695255441176,0.0544695255441176
fourier_raw_shuffle,530011,0.54,0.5151496480516352,-0.024850351948364824
fourier_raw_shuffle,530011,0.62,0.48999135639530106,-0.13000864360469894
fourier_raw_shuffle,530012,0.38,0.5085296500691133,0.12852965006911332
fourier_raw_shuffle,530012,0.46,0.5114652184348449,0.05146521843484492
fourier_raw_shuffle,530012,0.54,0.5001444180863939,-0.039855581913606164
fourier_raw_shuffle,530012,0.62,0.5134040772698204,-0.1065959227301796
fourier_raw_shuffle,530013,0.38,0.4991430322623549,0.1191430322623549
fourier_raw_shuffle,530013,0.46,0.5174093332554481,0.057409333255448114
fourier_raw_shuffle,530013,0.54,0.4967165458901081,-0.04328345410989193
fourier_raw_shuffle,530013,0.62,0.5147277369728291,-0.10527226302717085
fourier_raw_shuffle,530014,0.38,0.49213903222676103,0.11213903222676103
fourier_raw_shuffle,530014,0.46,0.4700491212737943,0.01004912127379426
fourier_raw_shuffle,530014,0.54,0.47427815460860384,-0.0657218453913962
fourier_raw_shuffle,530014,0.62,0.5154227774060787,-0.10457722259392133
fourier_raw_shuffle,530015,0.38,0.48888532641515425,0.10888532641515425
fourier_raw_shuffle,530015,0.46,0.5095579805738069,0.04955798057380684
fourier_raw_shuffle,530015,0.54,0.4928416372055091,-0.04715836279449093
fourier_raw_shuffle,530015,0.62,0.5112456565616461,-0.10875434343835388
fourier_raw_shuffle,530016,0.38,0.5111156954159961,0.1311156954159961
fourier_raw_shuffle,530016,0.46,0.5186824416553658,0.05868244165536579
fourier_raw_shuffle,530016,0.54,0.5007187543457667,-0.0392812456542333
fourier_raw_shuffle,530016,0.62,0.5154625327286612,-0.10453746727133884
fourier_raw_shuffle,530017,0.38,0.5204819329525506,0.14048193295255063
fourier_raw_shuffle,530017,0.46,0.5070821321360672,0.04708213213606721
fourier_raw_shuffle,530017,0.54,0.5124131140418422,-0.027586885958157836
fourier_raw_shuffle,530017,0.62,0.5123732596459297,-0.10762674035407027
fourier_raw_shuffle,530018,0.38,0.5146027194752244,0.1346027194752244
fourier_raw_shuffle,530018,0.46,0.5107061461266924,0.050706146126692386
fourier_raw_shuffle,530018,0.54,0.5030402086173162,-0.03695979138268379
fourier_raw_shuffle,530018,0.62,0.5025296373862125,-0.11747036261378752
fourier_raw_shuffle,530019,0.38,0.47122598776171953,0.09122598776171953
fourier_raw_shuffle,530019,0.46,0.481451920708383,0.021451920708382977
fourier_raw_shuffle,530019,0.54,0.5074294298201352,-0.032570570179864866
fourier_raw_shuffle,530019,0.62,0.4746659992555966,-0.1453340007444034
fourier_raw_shuffle,530020,0.38,0.4985778642711407,0.1185778642711407
fourier_raw_shuffle,530020,0.46,0.5009089434473573,0.04090894344735724
fourier_raw_shuffle,530020,0.54,0.5147226413970623,-0.025277358602937783
fourier_raw_shuffle,530020,0.62,0.4950549236344603,-0.1249450763655397
fourier_raw_shuffle,530021,0.38,0.4963462339705745,0.11634623397057448
fourier_raw_shuffle,530021,0.46,0.5119824265735532,0.051982426573553175
fourier_raw_shuffle,530021,0.54,0.5054363547693731,-0.03456364523062694
fourier_raw_shuffle,530021,0.62,0.4953143423809965,-0.12468565761900352
fourier_raw_shuffle,530022,0.38,0.49445448831333033,0.11445448831333033
fourier_raw_shuffle,530022,0.46,0.5018624276548924,0.0418624276548924
fourier_raw_shuffle,530022,0.54,0.5206104791588685,-0.019389520841131547
fourier_raw_shuffle,530022,0.62,0.5140210324633582,-0.10597896753664182
fourier_raw_shuffle,530023,0.38,0.5082491061052568,0.12824910610525675
fourier_raw_shuffle,530023,0.46,0.5039599164885995,0.04395991648859948
fourier_raw_shuffle,530023,0.54,0.5172967750960027,-0.022703224903997343
fourier_raw_shuffle,530023,0.62,0.4871285725059938,-0.1328714274940062
fourier_raw_shuffle,530024,0.38,0.4968523193237949,0.11685231932379492
fourier_raw_shuffle,530024,0.46,0.5085018437767379,0.048501843776737885
fourier_raw_shuffle,530024,0.54,0.4938844510616169,-0.046115548938383155
fourier_raw_shuffle,530024,0.62,0.491963994797424,-0.12803600520257602
fourier_raw_shuffle,530025,0.38,0.5055120502486836,0.12551205024868362
fourier_raw_shuffle,530025,0.46,0.5176988625107146,0.0576988625107146
fourier_raw_shuffle,530025,0.54,0.4990343717613493,-0.04096562823865074
fourier_raw_shuffle,530025,0.62,0.47955976933375244,-0.14044023066624756
fourier_raw_shuffle,530026,0.38,0.5013908298166129,0.12139082981661287
fourier_raw_shuffle,530026,0.46,0.49750017438855165,0.03750017438855163
fourier_raw_shuffle,530026,0.54,0.509834518196743,-0.030165481803257066
fourier_raw_shuffle,530026,0.62,0.5181887651691572,-0.10181123483084276
fourier_raw_shuffle,530027,0.38,0.5158876803509646,0.13588768035096455
fourier_raw_shuffle,530027,0.46,0.5073192057587497,0.04731920575874965
fourier_raw_shuffle,530027,0.54,0.5114062542641866,-0.028593745735813414
fourier_raw_shuffle,530027,0.62,0.5150454672632253,-0.10495453273677469
fourier_raw_shuffle,530028,0.38,0.4883438589236482,0.10834385892364817
fourier_raw_shuffle,530028,0.46,0.4917532681475762,0.031753268147576175
fourier_raw_shuffle,530028,0.54,0.5092773073635924,-0.03072269263640759
fourier_raw_shuffle,530028,0.62,0.5016567439343698,-0.11834325606563023
fourier_raw_shuffle,530029,0.38,0.5059014456230538,0.12590144562305383
fourier_raw_shuffle,530029,0.46,0.5032192247362459,0.0432192247362459
fourier_raw_shuffle,530029,0.54,0.48531388073917825,-0.054686119260821786
fourier_raw_shuffle,530029,0.62,0.5040081880195557,-0.11599181198044428
fourier_raw_shuffle,530030,0.38,0.5001799941555454,0.12017999415554537
fourier_raw_shuffle,530030,0.46,0.5042312742341301,0.044231274234130036
fourier_raw_shuffle,530030,0.54,0.5009247339212511,-0.039075266078748894
fourier_raw_shuffle,530030,0.62,0.5113360317884769,-0.10866396821152313
fourier_raw_shuffle,530031,0.38,0.4866153507335819,0.10661535073358192
fourier_raw_shuffle,530031,0.46,0.5084284173997142,0.04842841739971421
fourier_raw_shuffle,530031,0.54,0.4931451951993069,-0.04685480480069315
fourier_raw_shuffle,530031,0.62,0.5006002520518635,-0.11939974794813646
fourier_raw_shuffle,530032,0.38,0.4956935745372653,0.11569357453726531
fourier_raw_shuffle,530032,0.46,0.507325240881603,0.047325240881603
fourier_raw_shuffle,530032,0.54,0.5153738670934855,-0.024626132906514497
fourier_raw_shuffle,530032,0.62,0.5041774849471685,-0.11582251505283148
fourier_raw_shuffle,530033,0.38,0.4723405378058896,0.09234053780588958
fourier_raw_shuffle,530033,0.46,0.4957794578515524,0.0357794578515524
fourier_raw_shuffle,530033,0.54,0.5165916649287124,-0.02340833507128759
fourier_raw_shuffle,530033,0.62,0.5040790903471771,-0.11592090965282287
fourier_raw_shuffle,530034,0.38,0.5033516628067857,0.12335166280678567
fourier_raw_shuffle,530034,0.46,0.49755815507460677,0.03755815507460675
fourier_raw_shuffle,530034,0.54,0.4684897664276847,-0.07151023357231534
fourier_raw_shuffle,530034,0.62,0.48386053356412695,-0.13613946643587305
fourier_raw_shuffle,530035,0.38,0.47975643304144877,0.09975643304144877
fourier_raw_shuffle,530035,0.46,0.4444543304152411,-0.015545669584758948
fourier_raw_shuffle,530035,0.54,0.473224543582804,-0.06677545641719601
fourier_raw_shuffle,530035,0.62,0.5014372421488154,-0.11856275785118464
fourier_raw_shuffle,530036,0.38,0.4961639270032491,0.11616392700324907
fourier_raw_shuffle,530036,0.46,0.5078902236553765,0.047890223655376485
fourier_raw_shuffle,530036,0.54,0.5049696054200462,-0.03503039457995383
fourier_raw_shuffle,530036,0.62,0.5092524266455164,-0.1107475733544836
fourier_raw_shuffle,530037,0.38,0.4744311802816701,0.09443118028167008
fourier_raw_shuffle,530037,0.46,0.4773340576257393,0.017334057625739308
fourier_raw_shuffle,530037,0.54,0.5017996188387445,-0.03820038116125557
fourier_raw_shuffle,530037,0.62,0.5082877300313626,-0.11171226996863737
fourier_raw_shuffle,530038,0.38,0.49857996786902925,0.11857996786902925
fourier_raw_shuffle,530038,0.46,0.505471127844258,0.04547112784425794
fourier_raw_shuffle,530038,0.54,0.4933639881779354,-0.046636011822064616
fourier_raw_shuffle,530038,0.62,0.5094564298560746,-0.11054357014392535
fourier_raw_shuffle,530039,0.38,0.4965092591993014,0.11650925919930138
fourier_raw_shuffle,530039,0.46,0.5142889578514636,0.05428895785146354
fourier_raw_shuffle,530039,0.54,0.4996638950941009,-0.04033610490589912
fourier_raw_shuffle,530039,0.62,0.5163764369474246,-0.10362356305257536
fourier_raw_shuffle,530040,0.38,0.5086564682038861,0.1286564682038861
fourier_raw_shuffle,530040,0.46,0.5079760877352102,0.04797608773521017
fourier_raw_shuffle,530040,0.54,0.48250086438436207,-0.057499135615637964
fourier_raw_shuffle,530040,0.62,0.5086803282203463,-0.11131967177965374
fourier_raw_shuffle,530041,0.38,0.5039212906504439,0.12392129065044388
fourier_raw_shuffle,530041,0.46,0.4859395082202274,0.025939508220227392
fourier_raw_shuffle,530041,0.54,0.5005735670402806,-0.03942643295971948
fourier_raw_shuffle,530041,0.62,0.513875638804155,-0.10612436119584501
fourier_raw_shuffle,530042,0.38,0.4981596624268534,0.11815966242685338
fourier_raw_shuffle,530042,0.46,0.5052882840213065,0.045288284021306524
fourier_raw_shuffle,530042,0.54,0.49014935747033894,-0.04985064252966109
fourier_raw_shuffle,530042,0.62,0.5000910319905907,-0.11990896800940931
fourier_raw_shuffle,530043,0.38,0.5030881380840931,0.12308813808409313
fourier_raw_shuffle,530043,0.46,0.5107934364403095,0.05079343644030948
fourier_raw_shuffle,530043,0.54,0.49597802617064257,-0.044021973829357464
fourier_raw_shuffle,530043,0.62,0.49001052815468815,-0.12998947184531184
fourier_raw_shuffle,530044,0.38,0.5028770913041611,0.12287709130416113
fourier_raw_shuffle,530044,0.46,0.5044615051375739,0.04446150513757391
fourier_raw_shuffle,530044,0.54,0.5082024637733342,-0.03179753622666581
fourier_raw_shuffle,530044,0.62,0.5131410350701213,-0.10685896492987867
fourier_raw_shuffle,530045,0.38,0.49637212716038603,0.11637212716038603
fourier_raw_shuffle,530045,0.46,0.5097090271072932,0.049709027107293136
fourier_raw_shuffle,530045,0.54,0.4916240435991464,-0.048375956400853626
fourier_raw_shuffle,530045,0.62,0.5004458862434126,-0.11955411375658742
fourier_raw_shuffle,530046,0.38,0.49878530730824583,0.11878530730824582
fourier_raw_shuffle,530046,0.46,0.47639164378718735,0.016391643787187327
fourier_raw_shuffle,530046,0.54,0.5029261283972263,-0.037073871602773756
fourier_raw_shuffle,530046,0.62,0.5128572792729975,-0.10714272072700248
fourier_raw_shuffle,530047,0.38,0.487104968403536,0.107104968403536
fourier_raw_shuffle,530047,0.46,0.4901082869772048,0.0301082869772048
fourier_raw_shuffle,530047,0.54,0.4944001554768733,-0.04559984452312671
fourier_raw_shuffle,530047,0.62,0.4902596849711435,-0.12974031502885652
fourier_cayley_shuffle,530000,0.38,0.4907903531205546,0.11079035312055457
fourier_cayley_shuffle,530000,0.46,0.4792067187875685,0.019206718787568466
fourier_cayley_shuffle,530000,0.54,0.48876029617994793,-0.05123970382005211
fourier_cayley_shuffle,530000,0.62,0.49847960504222705,-0.12152039495777295
fourier_cayley_shuffle,530001,0.38,0.5074693895441547,0.12746938954415465
fourier_cayley_shuffle,530001,0.46,0.5128708145966493,0.052870814596649274
fourier_cayley_shuffle,530001,0.54,0.4814544427187836,-0.05854555728121641
fourier_cayley_shuffle,530001,0.62,0.531691408836769,-0.08830859116323098
fourier_cayley_shuffle,530002,0.38,0.4794677120950053,0.09946771209500532
fourier_cayley_shuffle,530002,0.46,0.5001878054850103,0.040187805485010275
fourier_cayley_shuffle,530002,0.54,0.5181749063863719,-0.021825093613628166
fourier_cayley_shuffle,530002,0.62,0.5013437627013739,-0.11865623729862607
fourier_cayley_shuffle,530003,0.38,0.5287375720052989,0.1487375720052989
fourier_cayley_shuffle,530003,0.46,0.5319310791922021,0.07193107919220204
fourier_cayley_shuffle,530003,0.54,0.5069547916921393,-0.03304520830786073
fourier_cayley_shuffle,530003,0.62,0.484600721835282,-0.13539927816471797
fourier_cayley_shuffle,530004,0.38,0.4980133233529323,0.1180133233529323
fourier_cayley_shuffle,530004,0.46,0.5040785672076639,0.044078567207663844
fourier_cayley_shuffle,530004,0.54,0.5292412653718296,-0.010758734628170452
fourier_cayley_shuffle,530004,0.62,0.48568559089287056,-0.13431440910712944
fourier_cayley_shuffle,530005,0.38,0.4989707995639272,0.1189707995639272
fourier_cayley_shuffle,530005,0.46,0.47155527462892116,0.011555274628921142
fourier_cayley_shuffle,530005,0.54,0.5078676127882652,-0.032132387211734836
fourier_cayley_shuffle,530005,0.62,0.49758462937939163,-0.12241537062060837
fourier_cayley_shuffle,530006,0.38,0.5034285103917737,0.12342851039177372
fourier_cayley_shuffle,530006,0.46,0.5248278775338123,0.0648278775338123
fourier_cayley_shuffle,530006,0.54,0.49218875322128147,-0.047811246778718564
fourier_cayley_shuffle,530006,0.62,0.5370121804692827,-0.08298781953071732
fourier_cayley_shuffle,530007,0.38,0.5137470405795342,0.13374704057953424
fourier_cayley_shuffle,530007,0.46,0.4781724382528912,0.018172438252891165
fourier_cayley_shuffle,530007,0.54,0.49030890964629287,-0.04969109035370717
fourier_cayley_shuffle,530007,0.62,0.502939969615783,-0.11706003038421697
fourier_cayley_shuffle,530008,0.38,0.47424065245396746,0.09424065245396746
fourier_cayley_shuffle,530008,0.46,0.5564088531039182,0.09640885310391817
fourier_cayley_shuffle,530008,0.54,0.5050807300937626,-0.03491926990623739
fourier_cayley_shuffle,530008,0.62,0.4980975311064386,-0.12190246889356138
fourier_cayley_shuffle,530009,0.38,0.5052036070815173,0.12520360708151734
fourier_cayley_shuffle,530009,0.46,0.502595079010587,0.042595079010586956
fourier_cayley_shuffle,530009,0.54,0.4987505637463008,-0.041249436253699256
fourier_cayley_shuffle,530009,0.62,0.5163237800624416,-0.10367621993755838
fourier_cayley_shuffle,530010,0.38,0.49550456025879075,0.11550456025879074
fourier_cayley_shuffle,530010,0.46,0.5247700846970782,0.06477008469707818
fourier_cayley_shuffle,530010,0.54,0.49671624264013275,-0.04328375735986728
fourier_cayley_shuffle,530010,0.62,0.5178079428173076,-0.10219205718269242
fourier_cayley_shuffle,530011,0.38,0.5168874058251329,0.13688740582513292
fourier_cayley_shuffle,530011,0.46,0.5151671370753572,0.0551671370753572
fourier_cayley_shuffle,530011,0.54,0.5037742560067417,-0.036225743993258286
fourier_cayley_shuffle,530011,0.62,0.4862029005865634,-0.1337970994134366
fourier_cayley_shuffle,530012,0.38,0.5318124159762416,0.15181241597624162
fourier_cayley_shuffle,530012,0.46,0.5032507748828339,0.04325077488283385
fourier_cayley_shuffle,530012,0.54,0.5081660389769023,-0.03183396102309777
fourier_cayley_shuffle,530012,0.62,0.49501455302024594,-0.12498544697975406
fourier_cayley_shuffle,530013,0.38,0.5028665411446568,0.12286654114465678
fourier_cayley_shuffle,530013,0.46,0.49372805704596007,0.03372805704596005
fourier_cayley_shuffle,530013,0.54,0.522936641190338,-0.017063358809662033
fourier_cayley_shuffle,530013,0.62,0.48559542288392876,-0.13440457711607123
fourier_cayley_shuffle,530014,0.38,0.513133524105364,0.13313352410536394
fourier_cayley_shuffle,530014,0.46,0.49622368456636734,0.03622368456636732
fourier_cayley_shuffle,530014,0.54,0.5154811382134629,-0.02451886178653717
fourier_cayley_shuffle,530014,0.62,0.49952726745846915,-0.12047273254153085
fourier_cayley_shuffle,530015,0.38,0.46038010162344156,0.08038010162344156
fourier_cayley_shuffle,530015,0.46,0.5016514539437019,0.0416514539437019
fourier_cayley_shuffle,530015,0.54,0.48962694597602574,-0.050373054023974295
fourier_cayley_shuffle,530015,0.62,0.5278698785715222,-0.09213012142847776
fourier_cayley_shuffle,530016,0.38,0.5156194180603899,0.1356194180603899
fourier_cayley_shuffle,530016,0.46,0.48811520200997155,0.02811520200997153
fourier_cayley_shuffle,530016,0.54,0.4913290062366558,-0.04867099376334422
fourier_cayley_shuffle,530016,0.62,0.5071704384399421,-0.11282956156005786
fourier_cayley_shuffle,530017,0.38,0.5519828081821356,0.17198280818213563
fourier_cayley_shuffle,530017,0.46,0.528154215855239,0.06815421585523901
fourier_cayley_shuffle,530017,0.54,0.4862447961778157,-0.05375520382218435
fourier_cayley_shuffle,530017,0.62,0.5201546955519403,-0.09984530444805972
fourier_cayley_shuffle,530018,0.38,0.5059714606570604,0.12597146065706044
fourier_cayley_shuffle,530018,0.46,0.5016610469332484,0.0416610469332484
fourier_cayley_shuffle,530018,0.54,0.48755489864432333,-0.052445101355676704
fourier_cayley_shuffle,530018,0.62,0.48415914456221365,-0.13584085543778635
fourier_cayley_shuffle,530019,0.38,0.48115706290888954,0.10115706290888954
fourier_cayley_shuffle,530019,0.46,0.48749994170003846,0.027499941700038444
fourier_cayley_shuffle,530019,0.54,0.523353775152648,-0.01664622484735201
fourier_cayley_shuffle,530019,0.62,0.47640184708579253,-0.14359815291420747
fourier_cayley_shuffle,530020,0.38,0.503307192980933,0.12330719298093296
fourier_cayley_shuffle,530020,0.46,0.46187952201890176,0.0018795220189017359
fourier_cayley_shuffle,530020,0.54,0.5211781593115935,-0.018821840688406533
fourier_cayley_shuffle,530020,0.62,0.4778021729078613,-0.14219782709213868
fourier_cayley_shuffle,530021,0.38,0.5342998777853415,0.1542998777853415
fourier_cayley_shuffle,530021,0.46,0.5029355555983203,0.04293555559832024
fourier_cayley_shuffle,530021,0.54,0.4853840056983074,-0.054615994301692616
fourier_cayley_shuffle,530021,0.62,0.5098945129763663,-0.11010548702363365
fourier_cayley_shuffle,530022,0.38,0.48836597783445135,0.10836597783445134
fourier_cayley_shuffle,530022,0.46,0.4972625638651647,0.03726256386516469
fourier_cayley_shuffle,530022,0.54,0.5147515603374695,-0.025248439662530542
fourier_cayley_shuffle,530022,0.62,0.4587460628556351,-0.16125393714436492
fourier_cayley_shuffle,530023,0.38,0.4928509843119544,0.1128509843119544
fourier_cayley_shuffle,530023,0.46,0.5236512425139987,0.06365124251399873
fourier_cayley_shuffle,530023,0.54,0.49667806654998703,-0.043321933450013006
fourier_cayley_shuffle,530023,0.62,0.5146570916500618,-0.1053429083499382
fourier_cayley_shuffle,530024,0.38,0.5084397566033815,0.12843975660338147
fourier_cayley_shuffle,530024,0.46,0.4562901821316175,-0.0037098178683825367
fourier_cayley_shuffle,530024,0.54,0.4779219758050084,-0.06207802419499164
fourier_cayley_shuffle,530024,0.62,0.533036165030619,-0.08696383496938098
fourier_cayley_shuffle,530025,0.38,0.4655807504353067,0.08558075043530672
fourier_cayley_shuffle,530025,0.46,0.5090527724235361,0.04905277242353606
fourier_cayley_shuffle,530025,0.54,0.5064002865469243,-0.033599713453075775
fourier_cayley_shuffle,530025,0.62,0.5279365270027744,-0.09206347299722561
fourier_cayley_shuffle,530026,0.38,0.4856697985715123,0.10566979857151232
fourier_cayley_shuffle,530026,0.46,0.4780424036960083,0.01804240369600829
fourier_cayley_shuffle,530026,0.54,0.5029709432710725,-0.037029056728927534
fourier_cayley_shuffle,530026,0.62,0.497467900029382,-0.12253209997061798
fourier_cayley_shuffle,530027,0.38,0.5016404086466875,0.12164040864668746
fourier_cayley_shuffle,530027,0.46,0.46517898312650696,0.005178983126506942
fourier_cayley_shuffle,530027,0.54,0.47853351334160515,-0.06146648665839488
fourier_cayley_shuffle,530027,0.62,0.5230045742091087,-0.09699542579089127
fourier_cayley_shuffle,530028,0.38,0.4727706532113844,0.09277065321138439
fourier_cayley_shuffle,530028,0.46,0.5035320750050983,0.043532075005098314
fourier_cayley_shuffle,530028,0.54,0.49912028794957836,-0.04087971205042168
fourier_cayley_shuffle,530028,0.62,0.5313662353424874,-0.0886337646575126
fourier_cayley_shuffle,530029,0.38,0.45880241885784245,0.07880241885784245
fourier_cayley_shuffle,530029,0.46,0.48450836029390243,0.02450836029390241
fourier_cayley_shuffle,530029,0.54,0.5109011274623882,-0.029098872537611786
fourier_cayley_shuffle,530029,0.62,0.505023183343714,-0.11497681665628601
fourier_cayley_shuffle,530030,0.38,0.46692068921284186,0.08692068921284185
fourier_cayley_shuffle,530030,0.46,0.45712699224435255,-0.002873007755647472
fourier_cayley_shuffle,530030,0.54,0.5154888390104947,-0.024511160989505343
fourier_cayley_shuffle,530030,0.62,0.5175597596419315,-0.10244024035806854
fourier_cayley_shuffle,530031,0.38,0.49731299471490675,0.11731299471490675
fourier_cayley_shuffle,530031,0.46,0.4937491082243709,0.03374910822437088
fourier_cayley_shuffle,530031,0.54,0.5296278301498061,-0.010372169850193957
fourier_cayley_shuffle,530031,0.62,0.5300855123958479,-0.0899144876041521
fourier_cayley_shuffle,530032,0.38,0.5066235380672648,0.12662353806726478
fourier_cayley_shuffle,530032,0.46,0.47925151041591557,0.01925151041591555
fourier_cayley_shuffle,530032,0.54,0.4511803137067541,-0.08881968629324594
fourier_cayley_shuffle,530032,0.62,0.4749028103033528,-0.1450971896966472
fourier_cayley_shuffle,530033,0.38,0.5221445128641016,0.14214451286410157
fourier_cayley_shuffle,530033,0.46,0.5042463018780089,0.044246301878008876
fourier_cayley_shuffle,530033,0.54,0.5029614190770553,-0.037038580922944764
fourier_cayley_shuffle,530033,0.62,0.5099005583393695,-0.11009944166063046
fourier_cayley_shuffle,530034,0.38,0.45061036297053414,0.07061036297053414
fourier_cayley_shuffle,530034,0.46,0.5221787294343695,0.06217872943436947
fourier_cayley_shuffle,530034,0.54,0.4899341632191087,-0.050065836780891326
fourier_cayley_shuffle,530034,0.62,0.5128686528404919,-0.10713134715950812
fourier_cayley_shuffle,530035,0.38,0.5148386464258066,0.13483864642580656
fourier_cayley_shuffle,530035,0.46,0.4946291730160751,0.0346291730160751
fourier_cayley_shuffle,530035,0.54,0.4843325621909823,-0.05566743780901773
fourier_cayley_shuffle,530035,0.62,0.51444956419803,-0.10555043580196999
fourier_cayley_shuffle,530036,0.38,0.47659776823534666,0.09659776823534666
fourier_cayley_shuffle,530036,0.46,0.4727369990106217,0.012736999010621697
fourier_cayley_shuffle,530036,0.54,0.4870921635131,-0.05290783648690006
fourier_cayley_shuffle,530036,0.62,0.5256419133085943,-0.09435808669140566
fourier_cayley_shuffle,530037,0.38,0.5120344981481052,0.1320344981481052
fourier_cayley_shuffle,530037,0.46,0.46773692304204134,0.0077369230420413215
fourier_cayley_shuffle,530037,0.54,0.5152327392093651,-0.02476726079063496
fourier_cayley_shuffle,530037,0.62,0.4836442068210739,-0.1363557931789261
fourier_cayley_shuffle,530038,0.38,0.4957130624868927,0.11571306248689267
fourier_cayley_shuffle,530038,0.46,0.5104356145076604,0.050435614507660376
fourier_cayley_shuffle,530038,0.54,0.48081859374796326,-0.05918140625203677
fourier_cayley_shuffle,530038,0.62,0.5031792015881663,-0.11682079841183368
fourier_cayley_shuffle,530039,0.38,0.48401289500663397,0.10401289500663397
fourier_cayley_shuffle,530039,0.46,0.4830538792693303,0.02305387926933028
fourier_cayley_shuffle,530039,0.54,0.500487578484043,-0.03951242151595702
fourier_cayley_shuffle,530039,0.62,0.4651276210041478,-0.1548723789958522
fourier_cayley_shuffle,530040,0.38,0.49965067838490707,0.11965067838490706
fourier_cayley_shuffle,530040,0.46,0.5209687334586804,0.060968733458680424
fourier_cayley_shuffle,530040,0.54,0.5004538214842478,-0.03954617851575226
fourier_cayley_shuffle,530040,0.62,0.4952031736147792,-0.12479682638522077
fourier_cayley_shuffle,530041,0.38,0.5220456202897797,0.14204562028977974
fourier_cayley_shuffle,530041,0.46,0.47174545725169637,0.011745457251696345
fourier_cayley_shuffle,530041,0.54,0.4973783195059819,-0.042621680494018155
fourier_cayley_shuffle,530041,0.62,0.5066312869577158,-0.11336871304228424
fourier_cayley_shuffle,530042,0.38,0.4794282323614736,0.09942823236147358
fourier_cayley_shuffle,530042,0.46,0.5046264714435647,0.04462647144356463
fourier_cayley_shuffle,530042,0.54,0.5182919582821531,-0.021708041717846904
fourier_cayley_shuffle,530042,0.62,0.4984411772284657,-0.12155882277153429
fourier_cayley_shuffle,530043,0.38,0.4534426664459249,0.0734426664459249
fourier_cayley_shuffle,530043,0.46,0.505111129952536,0.04511112995253602
fourier_cayley_shuffle,530043,0.54,0.5072661607392788,-0.032733839260721265
fourier_cayley_shuffle,530043,0.62,0.5170085439538443,-0.10299145604615567
fourier_cayley_shuffle,530044,0.38,0.5118221218158419,0.13182212181584185
fourier_cayley_shuffle,530044,0.46,0.49875759782028545,0.03875759782028543
fourier_cayley_shuffle,530044,0.54,0.5104924655188309,-0.029507534481169162
fourier_cayley_shuffle,530044,0.62,0.47082428634551476,-0.14917571365448523
fourier_cayley_shuffle,530045,0.38,0.5208209319564528,0.14082093195645284
fourier_cayley_shuffle,530045,0.46,0.5473973811225653,0.08739738112256529
fourier_cayley_shuffle,530045,0.54,0.48355951534682384,-0.05644048465317619
fourier_cayley_shuffle,530045,0.62,0.4914664588305984,-0.12853354116940158
fourier_cayley_shuffle,530046,0.38,0.4651633377927147,0.08516333779271468
fourier_cayley_shuffle,530046,0.46,0.4756616651453805,0.015661665145380477
fourier_cayley_shuffle,530046,0.54,0.5279978019450794,-0.012002198054920643
fourier_cayley_shuffle,530046,0.62,0.5248057191847958,-0.0951942808152042
fourier_cayley_shuffle,530047,0.38,0.5171496051252239,0.1371496051252239
fourier_cayley_shuffle,530047,0.46,0.46839057966659264,0.008390579666592624
fourier_cayley_shuffle,530047,0.54,0.5002154863933395,-0.039784513606660576
fourier_cayley_shuffle,530047,0.62,0.4786479414950931,-0.1413520585049069
tm_instant,530000,0.38,0.4898262611795298,0.10982626117952982
tm_instant,530000,0.46,0.48640193824274575,0.026401938242745726
tm_instant,530000,0.54,0.49073102103488453,-0.049268978965115506
tm_instant,530000,0.62,0.5210288017054159,-0.09897119829458412
tm_instant,530001,0.38,0.49807996269984245,0.11807996269984244
tm_instant,530001,0.46,0.5191873582164588,0.05918735821645876
tm_instant,530001,0.54,0.5306843433948262,-0.009315656605173861
tm_instant,530001,0.62,0.4982520006550689,-0.12174799934493108
tm_instant,530002,0.38,0.4992277392039919,0.11922773920399188
tm_instant,530002,0.46,0.4867094163926725,0.02670941639267249
tm_instant,530002,0.54,0.5105990831396493,-0.029400916860350734
tm_instant,530002,0.62,0.5445142266527127,-0.07548577334728734
tm_instant,530003,0.38,0.477874930077227,0.09787493007722697
tm_instant,530003,0.46,0.4682368574757213,0.008236857475721282
tm_instant,530003,0.54,0.5031100454660892,-0.03688995453391086
tm_instant,530003,0.62,0.4886527616642748,-0.1313472383357252
tm_instant,530004,0.38,0.48415501389807836,0.10415501389807835
tm_instant,530004,0.46,0.4892351977832514,0.0292351977832514
tm_instant,530004,0.54,0.4773361464200226,-0.06266385357997745
tm_instant,530004,0.62,0.5748265128358627,-0.04517348716413727
tm_instant,530005,0.38,0.5212003163467575,0.14120031634675745
tm_instant,530005,0.46,0.5220665763821352,0.06206657638213514
tm_instant,530005,0.54,0.4972704148872429,-0.04272958511275715
tm_instant,530005,0.62,0.48304561534047713,-0.13695438465952287
tm_instant,530006,0.38,0.5210841007206191,0.14108410072061905
tm_instant,530006,0.46,0.4875862521122937,0.027586252112293708
tm_instant,530006,0.54,0.5418293068030737,0.0018293068030736936
tm_instant,530006,0.62,0.5097865427219586,-0.11021345727804144
tm_instant,530007,0.38,0.48938353802411916,0.10938353802411915
tm_instant,530007,0.46,0.47109997750929844,0.01109997750929842
tm_instant,530007,0.54,0.50768705615852,-0.03231294384148009
tm_instant,530007,0.62,0.49647521916828613,-0.12352478083171387
tm_instant,530008,0.38,0.4963556555580666,0.1163556555580666
tm_instant,530008,0.46,0.48468416438228445,0.024684164382284435
tm_instant,530008,0.54,0.5036670100514373,-0.03633298994856271
tm_instant,530008,0.62,0.4696966115390555,-0.1503033884609445
tm_instant,530009,0.38,0.4813142807631666,0.10131428076316662
tm_instant,530009,0.46,0.4838972035530119,0.023897203553011892
tm_instant,530009,0.54,0.5141476695547992,-0.025852330445200855
tm_instant,530009,0.62,0.5065084637215157,-0.1134915362784843
tm_instant,530010,0.38,0.5455700996271594,0.1655700996271594
tm_instant,530010,0.46,0.482162758134437,0.022162758134436966
tm_instant,530010,0.54,0.5119740348376194,-0.02802596516238065
tm_instant,530010,0.62,0.47365727581307526,-0.14634272418692473
tm_instant,530011,0.38,0.47314200336270457,0.09314200336270456
tm_instant,530011,0.46,0.49553171842094434,0.035531718420944325
tm_instant,530011,0.54,0.5196055692832009,-0.02039443071679914
tm_instant,530011,0.62,0.48399300171086235,-0.13600699828913765
tm_instant,530012,0.38,0.5020635785332398,0.12206357853323979
tm_instant,530012,0.46,0.4989680968404987,0.03896809684049868
tm_instant,530012,0.54,0.5014419728706322,-0.038558027129367844
tm_instant,530012,0.62,0.4972529109432485,-0.12274708905675147
tm_instant,530013,0.38,0.4688718406849765,0.0888718406849765
tm_instant,530013,0.46,0.5147079611278039,0.054707961127803906
tm_instant,530013,0.54,0.4934596928672095,-0.04654030713279056
tm_instant,530013,0.62,0.4906257190044375,-0.12937428099556247
tm_instant,530014,0.38,0.5029240725140723,0.12292407251407234
tm_instant,530014,0.46,0.49661151582333657,0.03661151582333655
tm_instant,530014,0.54,0.4752109824314568,-0.06478901756854322
tm_instant,530014,0.62,0.5076509977892114,-0.11234900221078858
tm_instant,530015,0.38,0.5196466306078684,0.13964663060786842
tm_instant,530015,0.46,0.5083320190574013,0.04833201905740131
tm_instant,530015,0.54,0.506727498701304,-0.03327250129869608
tm_instant,530015,0.62,0.5088269755798852,-0.11117302442011479
tm_instant,530016,0.38,0.49427934059852896,0.11427934059852896
tm_instant,530016,0.46,0.5099816653106696,0.049981665310669554
tm_instant,530016,0.54,0.5031030525824496,-0.03689694741755045
tm_instant,530016,0.62,0.46856947076599065,-0.15143052923400935
tm_instant,530017,0.38,0.49045310543519277,0.11045310543519277
tm_instant,530017,0.46,0.49827194772041916,0.03827194772041914
tm_instant,530017,0.54,0.47865738016391396,-0.061342619836086076
tm_instant,530017,0.62,0.5160598251915587,-0.10394017480844131
tm_instant,530018,0.38,0.49649637587114176,0.11649637587114176
tm_instant,530018,0.46,0.5383587195674933,0.07835871956749324
tm_instant,530018,0.54,0.4888348344456389,-0.051165165554361125
tm_instant,530018,0.62,0.5058055484018413,-0.11419445159815866
tm_instant,530019,0.38,0.46521534094894357,0.08521534094894356
tm_instant,530019,0.46,0.4832048955672795,0.023204895567279504
tm_instant,530019,0.54,0.5007145300039191,-0.03928546999608096
tm_instant,530019,0.62,0.46575165267434926,-0.15424834732565074
tm_instant,530020,0.38,0.5059965786844653,0.12599657868446534
tm_instant,530020,0.46,0.481988633674083,0.02198863367408299
tm_instant,530020,0.54,0.5026719199465095,-0.03732808005349053
tm_instant,530020,0.62,0.4751889743926013,-0.14481102560739867
tm_instant,530021,0.38,0.5141461593663964,0.1341461593663964
tm_instant,530021,0.46,0.5002135111279525,0.04021351112795252
tm_instant,530021,0.54,0.5223068245422291,-0.017693175457770938
tm_instant,530021,0.62,0.5028225998547482,-0.1171774001452518
tm_instant,530022,0.38,0.503903722477513,0.12390372247751302
tm_instant,530022,0.46,0.49010839510589316,0.030108395105893138
tm_instant,530022,0.54,0.5107026701237115,-0.029297329876288525
tm_instant,530022,0.62,0.49410314712151393,-0.12589685287848607
tm_instant,530023,0.38,0.5019501503928351,0.12195015039283508
tm_instant,530023,0.46,0.5185227784117188,0.05852277841171877
tm_instant,530023,0.54,0.5293911480247325,-0.010608851975267508
tm_instant,530023,0.62,0.49663925526507924,-0.12336074473492076
tm_instant,530024,0.38,0.5023415311010454,0.1223415311010454
tm_instant,530024,0.46,0.4794694875839045,0.019469487583904488
tm_instant,530024,0.54,0.502760696554306,-0.03723930344569404
tm_instant,530024,0.62,0.5085673071847724,-0.11143269281522761
tm_instant,530025,0.38,0.48853104406144227,0.10853104406144226
tm_instant,530025,0.46,0.5149007481350844,0.05490074813508433
tm_instant,530025,0.54,0.5113541280141732,-0.0286458719858268
tm_instant,530025,0.62,0.534848012442446,-0.08515198755755404
tm_instant,530026,0.38,0.47778774402775626,0.09778774402775625
tm_instant,530026,0.46,0.5034115550294902,0.04341155502949018
tm_instant,530026,0.54,0.5085167455580542,-0.031483254441945885
tm_instant,530026,0.62,0.4641434935561341,-0.1558565064438659
tm_instant,530027,0.38,0.5178264534224336,0.1378264534224336
tm_instant,530027,0.46,0.4970726527314404,0.03707265273144039
tm_instant,530027,0.54,0.45519421500615553,-0.0848057849938445
tm_instant,530027,0.62,0.5522876770286635,-0.06771232297133645
tm_instant,530028,0.38,0.504345926375652,0.124345926375652
tm_instant,530028,0.46,0.4751758127716861,0.01517581277168606
tm_instant,530028,0.54,0.5240625741239817,-0.01593742587601832
tm_instant,530028,0.62,0.5061563106008266,-0.11384368939917344
tm_instant,530029,0.38,0.53841379512563,0.15841379512563003
tm_instant,530029,0.46,0.4720853527781672,0.012085352778167191
tm_instant,530029,0.54,0.5088348036835614,-0.03116519631643866
tm_instant,530029,0.62,0.5161339383144186,-0.10386606168558143
tm_instant,530030,0.38,0.49515379116403174,0.11515379116403174
tm_instant,530030,0.46,0.48138992793893887,0.021389927938938846
tm_instant,530030,0.54,0.5350543823180334,-0.004945617681966663
tm_instant,530030,0.62,0.5116501477698202,-0.10834985223017979
tm_instant,530031,0.38,0.5152001804544876,0.13520018045448756
tm_instant,530031,0.46,0.477394878134581,0.01739487813458096
tm_instant,530031,0.54,0.4987186216283149,-0.04128137837168516
tm_instant,530031,0.62,0.46383905889299126,-0.15616094110700873
tm_instant,530032,0.38,0.491724172192093,0.11172417219209302
tm_instant,530032,0.46,0.5226779655045732,0.06267796550457322
tm_instant,530032,0.54,0.5366906865879901,-0.0033093134120099066
tm_instant,530032,0.62,0.487537815874829,-0.13246218412517102
tm_instant,530033,0.38,0.4674867985987065,0.0874867985987065
tm_instant,530033,0.46,0.5052833070966192,0.04528330709661915
tm_instant,530033,0.54,0.5275514377082049,-0.01244856229179514
tm_instant,530033,0.62,0.4864686848176312,-0.13353131518236877
tm_instant,530034,0.38,0.4796516408725382,0.0996516408725382
tm_instant,530034,0.46,0.4926001392914393,0.03260013929143929
tm_instant,530034,0.54,0.4714049733257372,-0.06859502667426282
tm_instant,530034,0.62,0.5020196846691103,-0.1179803153308897
tm_instant,530035,0.38,0.49695514323741286,0.11695514323741285
tm_instant,530035,0.46,0.47996021382351867,0.019960213823518647
tm_instant,530035,0.54,0.4526801700045082,-0.08731982999549182
tm_instant,530035,0.62,0.47778053513605423,-0.14221946486394577
tm_instant,530036,0.38,0.5015777243057692,0.12157772430576919
tm_instant,530036,0.46,0.5073798290782067,0.04737982907820665
tm_instant,530036,0.54,0.46717332804412615,-0.07282667195587389
tm_instant,530036,0.62,0.49178670118049833,-0.12821329881950166
tm_instant,530037,0.38,0.514984206906553,0.134984206906553
tm_instant,530037,0.46,0.4962509169418535,0.036250916941853506
tm_instant,530037,0.54,0.48922443245132285,-0.05077556754867718
tm_instant,530037,0.62,0.5148358875384803,-0.10516411246151969
tm_instant,530038,0.38,0.4846225712042446,0.10462257120424462
tm_instant,530038,0.46,0.4670518320142636,0.00705183201426357
tm_instant,530038,0.54,0.4989393455327695,-0.04106065446723056
tm_instant,530038,0.62,0.5084832999102418,-0.11151670008975823
tm_instant,530039,0.38,0.4877040506011985,0.10770405060119848
tm_instant,530039,0.46,0.45205642083465575,-0.007943579165344272
tm_instant,530039,0.54,0.4755325390936141,-0.06446746090638594
tm_instant,530039,0.62,0.4807652858025831,-0.1392347141974169
tm_instant,530040,0.38,0.4905980362229973,0.1105980362229973
tm_instant,530040,0.46,0.49312741815005545,0.03312741815005543
tm_instant,530040,0.54,0.493369249018661,-0.04663075098133901
tm_instant,530040,0.62,0.4982214159849249,-0.12177858401507508
tm_instant,530041,0.38,0.48560332705290554,0.10560332705290554
tm_instant,530041,0.46,0.5067620280860338,0.04676202808603375
tm_instant,530041,0.54,0.5200681755367064,-0.019931824463293668
tm_instant,530041,0.62,0.5289698071467803,-0.09103019285321967
tm_instant,530042,0.38,0.4789619570307802,0.0989619570307802
tm_instant,530042,0.46,0.5046394846573836,0.0446394846573836
tm_instant,530042,0.54,0.4891598510550673,-0.05084014894493272
tm_instant,530042,0.62,0.5341953770350867,-0.08580462296491331
tm_instant,530043,0.38,0.5168499157741201,0.1368499157741201
tm_instant,530043,0.46,0.5121500725526913,0.05215007255269127
tm_instant,530043,0.54,0.4536873367198733,-0.08631266328012671
tm_instant,530043,0.62,0.48838304894977674,-0.13161695105022325
tm_instant,530044,0.38,0.4530645778543536,0.07306457785435361
tm_instant,530044,0.46,0.48418731191231595,0.024187311912315934
tm_instant,530044,0.54,0.4907692598752733,-0.049230740124726724
tm_instant,530044,0.62,0.48482381824593945,-0.13517618175406054
tm_instant,530045,0.38,0.4872415526169599,0.10724155261695989
tm_instant,530045,0.46,0.48592684662359653,0.02592684662359651
tm_instant,530045,0.54,0.48730663199448154,-0.05269336800551849
tm_instant,530045,0.62,0.4815952038029071,-0.1384047961970929
tm_instant,530046,0.38,0.5136932214750624,0.13369322147506235
tm_instant,530046,0.46,0.48830596360931194,0.028305963609311924
tm_instant,530046,0.54,0.5087822091747064,-0.031217790825293634
tm_instant,530046,0.62,0.5057016336661837,-0.11429836633381629
tm_instant,530047,0.38,0.4775147515817482,0.09751475158174822
tm_instant,530047,0.46,0.48454772578825467,0.02454772578825465
tm_instant,530047,0.54,0.4991618163329892,-0.04083818366701081
tm_instant,530047,0.62,0.509572416736749,-0.11042758326325097
quantiles,530000,0.38,0.4935336845416564,0.11353368454165641
quantiles,530000,0.46,0.501896021933241,0.04189602193324099
quantiles,530000,0.54,0.4888149189142964,-0.05118508108570363
quantiles,530000,0.62,0.5068042289862345,-0.11319577101376554
quantiles,530001,0.38,0.5047490411326669,0.12474904113266694
quantiles,530001,0.46,0.5117729488847993,0.051772948884799275
quantiles,530001,0.54,0.509752454201806,-0.030247545798193998
quantiles,530001,0.62,0.4777224420538224,-0.14227755794617758
quantiles,530002,0.38,0.4976794988055501,0.11767949880555012
quantiles,530002,0.46,0.4973889841370677,0.037388984137067705
quantiles,530002,0.54,0.49843047851683364,-0.041569521483166394
quantiles,530002,0.62,0.5156681040968859,-0.10433189590311409
quantiles,530003,0.38,0.5048733879302937,0.12487338793029368
quantiles,530003,0.46,0.47628045865909213,0.016280458659092112
quantiles,530003,0.54,0.5305654941439784,-0.00943450585602168
quantiles,530003,0.62,0.49566189051890863,-0.12433810948109136
quantiles,530004,0.38,0.5106186735819691,0.1306186735819691
quantiles,530004,0.46,0.5021338393567192,0.04213383935671916
quantiles,530004,0.54,0.49791596326249926,-0.042084036737500774
quantiles,530004,0.62,0.539006419174034,-0.08099358082596597
quantiles,530005,0.38,0.49538499648426804,0.11538499648426803
quantiles,530005,0.46,0.49660558261113275,0.036605582611132725
quantiles,530005,0.54,0.5190042017664016,-0.02099579823359843
quantiles,530005,0.62,0.5067978773954472,-0.11320212260455276
quantiles,530006,0.38,0.5045809955960212,0.1245809955960212
quantiles,530006,0.46,0.4925882698136202,0.032588269813620174
quantiles,530006,0.54,0.5304137369327855,-0.009586263067214551
quantiles,530006,0.62,0.5024771347682736,-0.11752286523172639
quantiles,530007,0.38,0.5026833250206431,0.12268332502064305
quantiles,530007,0.46,0.49235547261683527,0.032355472616835246
quantiles,530007,0.54,0.4942239235929248,-0.04577607640707526
quantiles,530007,0.62,0.5156425772031856,-0.10435742279681437
quantiles,530008,0.38,0.4830977273743861,0.1030977273743861
quantiles,530008,0.46,0.49055710598544366,0.030557105985443644
quantiles,530008,0.54,0.505860937507171,-0.03413906249282905
quantiles,530008,0.62,0.4820098407647509,-0.1379901592352491
quantiles,530009,0.38,0.5056662141520404,0.12566621415204038
quantiles,530009,0.46,0.4954783369526526,0.03547833695265257
quantiles,530009,0.54,0.5096582137707905,-0.030341786229209577
quantiles,530009,0.62,0.5011427197418545,-0.11885728025814546
quantiles,530010,0.38,0.49856021507504794,0.11856021507504794
quantiles,530010,0.46,0.471028325426797,0.011028325426796992
quantiles,530010,0.54,0.501297265206752,-0.03870273479324804
quantiles,530010,0.62,0.4870974763666608,-0.1329025236333392
quantiles,530011,0.38,0.47742571877334555,0.09742571877334555
quantiles,530011,0.46,0.48436555399623954,0.02436555399623952
quantiles,530011,0.54,0.49378265100271435,-0.04621734899728569
quantiles,530011,0.62,0.5081402032551519,-0.11185979674484814
quantiles,530012,0.38,0.49967312346508075,0.11967312346508074
quantiles,530012,0.46,0.5132869724159344,0.05328697241593433
quantiles,530012,0.54,0.5156584823419783,-0.024341517658021727
quantiles,530012,0.62,0.49960191183363684,-0.12039808816636316
quantiles,530013,0.38,0.48411947554037055,0.10411947554037054
quantiles,530013,0.46,0.5114387366129796,0.05143873661297954
quantiles,530013,0.54,0.5038999833622871,-0.036100016637712895
quantiles,530013,0.62,0.4967004078926404,-0.12329959210735958
quantiles,530014,0.38,0.4776890664894143,0.09768906648941428
quantiles,530014,0.46,0.5001526094625048,0.04015260946250482
quantiles,530014,0.54,0.49921869224645343,-0.0407813077535466
quantiles,530014,0.62,0.5077871615301164,-0.11221283846988361
quantiles,530015,0.38,0.5180673852089598,0.13806738520895978
quantiles,530015,0.46,0.5114446279117997,0.051444627911799656
quantiles,530015,0.54,0.5055080955469777,-0.034491904453022304
quantiles,530015,0.62,0.5113970649379189,-0.10860293506208107
quantiles,530016,0.38,0.4825945376925274,0.10259453769252741
quantiles,530016,0.46,0.5054814859363054,0.045481485936305355
quantiles,530016,0.54,0.5184894021309121,-0.021510597869087933
quantiles,530016,0.62,0.47293328620343356,-0.14706671379656644
quantiles,530017,0.38,0.5108844476062285,0.13088444760622853
quantiles,530017,0.46,0.4713088766258161,0.011308876625816089
quantiles,530017,0.54,0.477653087647656,-0.06234691235234402
quantiles,530017,0.62,0.5148265599908972,-0.10517344000910278
quantiles,530018,0.38,0.4846375793677956,0.10463757936779561
quantiles,530018,0.46,0.5067172834219665,0.046717283421966516
quantiles,530018,0.54,0.4791321639578425,-0.06086783604215751
quantiles,530018,0.62,0.5017905003186917,-0.11820949968130834
quantiles,530019,0.38,0.5039755799563761,0.12397557995637609
quantiles,530019,0.46,0.49060494785960174,0.030604947859601717
quantiles,530019,0.54,0.5112503237151579,-0.02874967628484215
quantiles,530019,0.62,0.4910356595824912,-0.12896434041750882
quantiles,530020,0.38,0.4937347872770988,0.11373478727709879
quantiles,530020,0.46,0.5150084489671944,0.05500844896719442
quantiles,530020,0.54,0.4900437236334846,-0.04995627636651545
quantiles,530020,0.62,0.5263680201586319,-0.09363197984136806
quantiles,530021,0.38,0.48867743923680623,0.10867743923680623
quantiles,530021,0.46,0.5210691194576448,0.06106911945764476
quantiles,530021,0.54,0.516396930609005,-0.02360306939099499
quantiles,530021,0.62,0.498136991884068,-0.12186300811593198
quantiles,530022,0.38,0.5044641086586779,0.12446410865867785
quantiles,530022,0.46,0.5118002668499793,0.05180026684997924
quantiles,530022,0.54,0.49814746963822026,-0.04185253036177977
quantiles,530022,0.62,0.4986087983635533,-0.12139120163644668
quantiles,530023,0.38,0.5001093471581234,0.12010934715812338
quantiles,530023,0.46,0.5067335647716659,0.04673356477166585
quantiles,530023,0.54,0.5058605462069253,-0.0341394537930747
quantiles,530023,0.62,0.4992798385106635,-0.12072016148933651
quantiles,530024,0.38,0.48551364283513976,0.10551364283513975
quantiles,530024,0.46,0.47022607243317943,0.010226072433179412
quantiles,530024,0.54,0.5180563546452014,-0.021943645354798647
quantiles,530024,0.62,0.510345046948338,-0.10965495305166195
quantiles,530025,0.38,0.4914570288043018,0.1114570288043018
quantiles,530025,0.46,0.4941581947035761,0.03415819470357606
quantiles,530025,0.54,0.5048191287743444,-0.03518087122565561
quantiles,530025,0.62,0.5345837313198044,-0.08541626868019558
quantiles,530026,0.38,0.5212024668576718,0.1412024668576718
quantiles,530026,0.46,0.4972296170444211,0.03722961704442107
quantiles,530026,0.54,0.49353463432857764,-0.0464653656714224
quantiles,530026,0.62,0.4871095327345173,-0.1328904672654827
quantiles,530027,0.38,0.5058177192609862,0.12581771926098617
quantiles,530027,0.46,0.49890493529407665,0.038904935294076626
quantiles,530027,0.54,0.48360935639132824,-0.0563906436086718
quantiles,530027,0.62,0.5343092914608629,-0.08569070853913707
quantiles,530028,0.38,0.5049094472523471,0.1249094472523471
quantiles,530028,0.46,0.4978689729162622,0.03786897291626218
quantiles,530028,0.54,0.4906751935281219,-0.049324806471878146
quantiles,530028,0.62,0.5201285951980519,-0.09987140480194812
quantiles,530029,0.38,0.4969181590343228,0.11691815903432279
quantiles,530029,0.46,0.4930509112334176,0.03305091123341758
quantiles,530029,0.54,0.4954086517557561,-0.044591348244243934
quantiles,530029,0.62,0.49557484744916686,-0.12442515255083314
quantiles,530030,0.38,0.4992433255461623,0.1192433255461623
quantiles,530030,0.46,0.4948591182414749,0.03485911824147486
quantiles,530030,0.54,0.5269186055000382,-0.013081394499961818
quantiles,530030,0.62,0.4970871997201829,-0.1229128002798171
quantiles,530031,0.38,0.5132798946584406,0.1332798946584406
quantiles,530031,0.46,0.47101319700674643,0.011013197006746411
quantiles,530031,0.54,0.519839514778467,-0.02016048522153302
quantiles,530031,0.62,0.5025724521011965,-0.1174275478988035
quantiles,530032,0.38,0.49078727563954244,0.11078727563954244
quantiles,530032,0.46,0.5102363980270961,0.05023639802709606
quantiles,530032,0.54,0.516052302055582,-0.02394769794441809
quantiles,530032,0.62,0.4972463140154838,-0.12275368598451619
quantiles,530033,0.38,0.47474128038002944,0.09474128038002944
quantiles,530033,0.46,0.5052678773443647,0.045267877344364715
quantiles,530033,0.54,0.5128637334043191,-0.027136266595680913
quantiles,530033,0.62,0.511280592152321,-0.10871940784767897
quantiles,530034,0.38,0.48231776130042564,0.10231776130042564
quantiles,530034,0.46,0.48968869378428626,0.029688693784286235
quantiles,530034,0.54,0.5001197123537839,-0.039880287646216095
quantiles,530034,0.62,0.4962507988409199,-0.12374920115908011
quantiles,530035,0.38,0.4966309542835504,0.11663095428355041
quantiles,530035,0.46,0.4565998543990303,-0.0034001456009697395
quantiles,530035,0.54,0.49151836359400236,-0.048481636405997675
quantiles,530035,0.62,0.4744420464170865,-0.1455579535829135
quantiles,530036,0.38,0.5027847533110968,0.12278475331109684
quantiles,530036,0.46,0.5071135326505462,0.04711353265054613
quantiles,530036,0.54,0.47726323667825243,-0.0627367633217476
quantiles,530036,0.62,0.47185007497799886,-0.14814992502200114
quantiles,530037,0.38,0.49065529999580787,0.11065529999580787
quantiles,530037,0.46,0.5038027213111183,0.04380272131111823
quantiles,530037,0.54,0.5028680287401301,-0.03713197125986989
quantiles,530037,0.62,0.5068054478873879,-0.11319455211261209
quantiles,530038,0.38,0.48701071600915136,0.10701071600915135
quantiles,530038,0.46,0.48540815158467504,0.02540815158467502
quantiles,530038,0.54,0.520979317348334,-0.01902068265166601
quantiles,530038,0.62,0.5227060540649914,-0.09729394593500862
quantiles,530039,0.38,0.5016907847699443,0.12169078476994433
quantiles,530039,0.46,0.4857577288576625,0.025757728857662476
quantiles,530039,0.54,0.48839469713747774,-0.051605302862522295
quantiles,530039,0.62,0.502028736104462,-0.11797126389553803
quantiles,530040,0.38,0.4881122429520962,0.1081122429520962
quantiles,530040,0.46,0.5091660246958872,0.04916602469588721
quantiles,530040,0.54,0.513200416238343,-0.02679958376165703
quantiles,530040,0.62,0.49082421195178433,-0.12917578804821567
quantiles,530041,0.38,0.4827279669477038,0.10272796694770381
quantiles,530041,0.46,0.5092271592028516,0.049227159202851534
quantiles,530041,0.54,0.5267271647548478,-0.013272835245152215
quantiles,530041,0.62,0.500884125874966,-0.119115874125034
quantiles,530042,0.38,0.5021136289955107,0.1221136289955107
quantiles,530042,0.46,0.49857378475756725,0.03857378475756723
quantiles,530042,0.54,0.4980876864232907,-0.041912313576709326
quantiles,530042,0.62,0.5113062523508505,-0.10869374764914952
quantiles,530043,0.38,0.5192944282719193,0.1392944282719193
quantiles,530043,0.46,0.49023690032468825,0.030236900324688232
quantiles,530043,0.54,0.4766935021033752,-0.06330649789662485
quantiles,530043,0.62,0.47481144677218423,-0.14518855322781576
quantiles,530044,0.38,0.4783631015268049,0.09836310152680489
quantiles,530044,0.46,0.4825725252243807,0.02257252522438069
quantiles,530044,0.54,0.5038981737770215,-0.03610182622297853
quantiles,530044,0.62,0.48901498571206936,-0.13098501428793063
quantiles,530045,0.38,0.49166350412136584,0.11166350412136583
quantiles,530045,0.46,0.48792740945098384,0.02792740945098382
quantiles,530045,0.54,0.49197380349684294,-0.04802619650315709
quantiles,530045,0.62,0.5088050357610617,-0.11119496423893827
quantiles,530046,0.38,0.49064721972769954,0.11064721972769953
quantiles,530046,0.46,0.5014186348791918,0.041418634879191785
quantiles,530046,0.54,0.5152752163563104,-0.024724783643689685
quantiles,530046,0.62,0.4890525059212907,-0.13094749407870931
quantiles,530047,0.38,0.4955235263088205,0.11552352630882051
quantiles,530047,0.46,0.4942965955562773,0.03429659555627729
quantiles,530047,0.54,0.5027393926411363,-0.03726060735886372
quantiles,530047,0.62,0.5046611181613062,-0.11533888183869379
constant,530000,0.38,0.5,0.12
constant,530000,0.46,0.5,0.03999999999999998
constant,530000,0.54,0.5,-0.040000000000000036
constant,530000,0.62,0.5,-0.12
constant,530001,0.38,0.5,0.12
constant,530001,0.46,0.5,0.03999999999999998
constant,530001,0.54,0.5,-0.040000000000000036
constant,530001,0.62,0.5,-0.12
constant,530002,0.38,0.5,0.12
constant,530002,0.46,0.5,0.03999999999999998
constant,530002,0.54,0.5,-0.040000000000000036
constant,530002,0.62,0.5,-0.12
constant,530003,0.38,0.5,0.12
constant,530003,0.46,0.5,0.03999999999999998
constant,530003,0.54,0.5,-0.040000000000000036
constant,530003,0.62,0.5,-0.12
constant,530004,0.38,0.5,0.12
constant,530004,0.46,0.5,0.03999999999999998
constant,530004,0.54,0.5,-0.040000000000000036
constant,530004,0.62,0.5,-0.12
constant,530005,0.38,0.5,0.12
constant,530005,0.46,0.5,0.03999999999999998
constant,530005,0.54,0.5,-0.040000000000000036
constant,530005,0.62,0.5,-0.12
constant,530006,0.38,0.5,0.12
constant,530006,0.46,0.5,0.03999999999999998
constant,530006,0.54,0.5,-0.040000000000000036
constant,530006,0.62,0.5,-0.12
constant,530007,0.38,0.5,0.12
constant,530007,0.46,0.5,0.03999999999999998
constant,530007,0.54,0.5,-0.040000000000000036
constant,530007,0.62,0.5,-0.12
constant,530008,0.38,0.5,0.12
constant,530008,0.46,0.5,0.03999999999999998
constant,530008,0.54,0.5,-0.040000000000000036
constant,530008,0.62,0.5,-0.12
constant,530009,0.38,0.5,0.12
constant,530009,0.46,0.5,0.03999999999999998
constant,530009,0.54,0.5,-0.040000000000000036
constant,530009,0.62,0.5,-0.12
constant,530010,0.38,0.5,0.12
constant,530010,0.46,0.5,0.03999999999999998
constant,530010,0.54,0.5,-0.040000000000000036
constant,530010,0.62,0.5,-0.12
constant,530011,0.38,0.5,0.12
constant,530011,0.46,0.5,0.03999999999999998
constant,530011,0.54,0.5,-0.040000000000000036
constant,530011,0.62,0.5,-0.12
constant,530012,0.38,0.5,0.12
constant,530012,0.46,0.5,0.03999999999999998
constant,530012,0.54,0.5,-0.040000000000000036
constant,530012,0.62,0.5,-0.12
constant,530013,0.38,0.5,0.12
constant,530013,0.46,0.5,0.03999999999999998
constant,530013,0.54,0.5,-0.040000000000000036
constant,530013,0.62,0.5,-0.12
constant,530014,0.38,0.5,0.12
constant,530014,0.46,0.5,0.03999999999999998
constant,530014,0.54,0.5,-0.040000000000000036
constant,530014,0.62,0.5,-0.12
constant,530015,0.38,0.5,0.12
constant,530015,0.46,0.5,0.03999999999999998
constant,530015,0.54,0.5,-0.040000000000000036
constant,530015,0.62,0.5,-0.12
constant,530016,0.38,0.5,0.12
constant,530016,0.46,0.5,0.03999999999999998
constant,530016,0.54,0.5,-0.040000000000000036
constant,530016,0.62,0.5,-0.12
constant,530017,0.38,0.5,0.12
constant,530017,0.46,0.5,0.03999999999999998
constant,530017,0.54,0.5,-0.040000000000000036
constant,530017,0.62,0.5,-0.12
constant,530018,0.38,0.5,0.12
constant,530018,0.46,0.5,0.03999999999999998
constant,530018,0.54,0.5,-0.040000000000000036
constant,530018,0.62,0.5,-0.12
constant,530019,0.38,0.5,0.12
constant,530019,0.46,0.5,0.03999999999999998
constant,530019,0.54,0.5,-0.040000000000000036
constant,530019,0.62,0.5,-0.12
constant,530020,0.38,0.5,0.12
constant,530020,0.46,0.5,0.03999999999999998
constant,530020,0.54,0.5,-0.040000000000000036
constant,530020,0.62,0.5,-0.12
constant,530021,0.38,0.5,0.12
constant,530021,0.46,0.5,0.03999999999999998
constant,530021,0.54,0.5,-0.040000000000000036
constant,530021,0.62,0.5,-0.12
constant,530022,0.38,0.5,0.12
constant,530022,0.46,0.5,0.03999999999999998
constant,530022,0.54,0.5,-0.040000000000000036
constant,530022,0.62,0.5,-0.12
constant,530023,0.38,0.5,0.12
constant,530023,0.46,0.5,0.03999999999999998
constant,530023,0.54,0.5,-0.040000000000000036
constant,530023,0.62,0.5,-0.12
constant,530024,0.38,0.5,0.12
constant,530024,0.46,0.5,0.03999999999999998
constant,530024,0.54,0.5,-0.040000000000000036
constant,530024,0.62,0.5,-0.12
constant,530025,0.38,0.5,0.12
constant,530025,0.46,0.5,0.03999999999999998
constant,530025,0.54,0.5,-0.040000000000000036
constant,530025,0.62,0.5,-0.12
constant,530026,0.38,0.5,0.12
constant,530026,0.46,0.5,0.03999999999999998
constant,530026,0.54,0.5,-0.040000000000000036
constant,530026,0.62,0.5,-0.12
constant,530027,0.38,0.5,0.12
constant,530027,0.46,0.5,0.03999999999999998
constant,530027,0.54,0.5,-0.040000000000000036
constant,530027,0.62,0.5,-0.12
constant,530028,0.38,0.5,0.12
constant,530028,0.46,0.5,0.03999999999999998
constant,530028,0.54,0.5,-0.040000000000000036
constant,530028,0.62,0.5,-0.12
constant,530029,0.38,0.5,0.12
constant,530029,0.46,0.5,0.03999999999999998
constant,530029,0.54,0.5,-0.040000000000000036
constant,530029,0.62,0.5,-0.12
constant,530030,0.38,0.5,0.12
constant,530030,0.46,0.5,0.03999999999999998
constant,530030,0.54,0.5,-0.040000000000000036
constant,530030,0.62,0.5,-0.12
constant,530031,0.38,0.5,0.12
constant,530031,0.46,0.5,0.03999999999999998
constant,530031,0.54,0.5,-0.040000000000000036
constant,530031,0.62,0.5,-0.12
constant,530032,0.38,0.5,0.12
constant,530032,0.46,0.5,0.03999999999999998
constant,530032,0.54,0.5,-0.040000000000000036
constant,530032,0.62,0.5,-0.12
constant,530033,0.38,0.5,0.12
constant,530033,0.46,0.5,0.03999999999999998
constant,530033,0.54,0.5,-0.040000000000000036
constant,530033,0.62,0.5,-0.12
constant,530034,0.38,0.5,0.12
constant,530034,0.46,0.5,0.03999999999999998
constant,530034,0.54,0.5,-0.040000000000000036
constant,530034,0.62,0.5,-0.12
constant,530035,0.38,0.5,0.12
constant,530035,0.46,0.5,0.03999999999999998
constant,530035,0.54,0.5,-0.040000000000000036
constant,530035,0.62,0.5,-0.12
constant,530036,0.38,0.5,0.12
constant,530036,0.46,0.5,0.03999999999999998
constant,530036,0.54,0.5,-0.040000000000000036
constant,530036,0.62,0.5,-0.12
constant,530037,0.38,0.5,0.12
constant,530037,0.46,0.5,0.03999999999999998
constant,530037,0.54,0.5,-0.040000000000000036
constant,530037,0.62,0.5,-0.12
constant,530038,0.38,0.5,0.12
constant,530038,0.46,0.5,0.03999999999999998
constant,530038,0.54,0.5,-0.040000000000000036
constant,530038,0.62,0.5,-0.12
constant,530039,0.38,0.5,0.12
constant,530039,0.46,0.5,0.03999999999999998
constant,530039,0.54,0.5,-0.040000000000000036
constant,530039,0.62,0.5,-0.12
constant,530040,0.38,0.5,0.12
constant,530040,0.46,0.5,0.03999999999999998
constant,530040,0.54,0.5,-0.040000000000000036
constant,530040,0.62,0.5,-0.12
constant,530041,0.38,0.5,0.12
constant,530041,0.46,0.5,0.03999999999999998
constant,530041,0.54,0.5,-0.040000000000000036
constant,530041,0.62,0.5,-0.12
constant,530042,0.38,0.5,0.12
constant,530042,0.46,0.5,0.03999999999999998
constant,530042,0.54,0.5,-0.040000000000000036
constant,530042,0.62,0.5,-0.12
constant,530043,0.38,0.5,0.12
constant,530043,0.46,0.5,0.03999999999999998
constant,530043,0.54,0.5,-0.040000000000000036
constant,530043,0.62,0.5,-0.12
constant,530044,0.38,0.5,0.12
constant,530044,0.46,0.5,0.03999999999999998
constant,530044,0.54,0.5,-0.040000000000000036
constant,530044,0.62,0.5,-0.12
constant,530045,0.38,0.5,0.12
constant,530045,0.46,0.5,0.03999999999999998
constant,530045,0.54,0.5,-0.040000000000000036
constant,530045,0.62,0.5,-0.12
constant,530046,0.38,0.5,0.12
constant,530046,0.46,0.5,0.03999999999999998
constant,530046,0.54,0.5,-0.040000000000000036
constant,530046,0.62,0.5,-0.12
constant,530047,0.38,0.5,0.12
constant,530047,0.46,0.5,0.03999999999999998
constant,530047,0.54,0.5,-0.040000000000000036
constant,530047,0.62,0.5,-0.12
analytic,530000,0.38,0.3949102987577731,0.01491029875777311
analytic,530000,0.46,0.46548757813650016,0.0054875781365001375
analytic,530000,0.54,0.542527294485967,0.002527294485967002
analytic,530000,0.62,0.5982282369895499,-0.02177176301045014
analytic,530001,0.38,0.3730936647624623,-0.006906335237537697
analytic,530001,0.46,0.44382049802979767,-0.016179501970202348
analytic,530001,0.54,0.5425147184673834,0.002514718467383381
analytic,530001,0.62,0.6180975152553407,-0.0019024847446592608
analytic,530002,0.38,0.40094110173672254,0.020941101736722534
analytic,530002,0.46,0.43951860532636894,-0.02048139467363108
analytic,530002,0.54,0.5372246622040933,-0.0027753377959067738
analytic,530002,0.62,0.6220948736664035,0.002094873666403485
analytic,530003,0.38,0.3601031118998725,-0.01989688810012752
analytic,530003,0.46,0.44964959247505193,-0.010350407524948091
analytic,530003,0.54,0.5558912468707281,0.01589124687072807
analytic,530003,0.62,0.6137764419837946,-0.006223558016205444
analytic,530004,0.38,0.3751585132971429,-0.004841486702857112
analytic,530004,0.46,0.4691070417128011,0.009107041712801078
analytic,530004,0.54,0.5431414897871717,0.0031414897871716585
analytic,530004,0.62,0.6293359671394132,0.009335967139413204
analytic,530005,0.38,0.3916507635534475,0.011650763553447518
analytic,530005,0.46,0.45317813328287804,-0.006821866717121983
analytic,530005,0.54,0.5523786301956034,0.012378630195603368
analytic,530005,0.62,0.6226657642561191,0.0026657642561190853
analytic,530006,0.38,0.3832857388748322,0.003285738874832189
analytic,530006,0.46,0.4728128045346718,0.012812804534671762
analytic,530006,0.54,0.5411606506859323,0.0011606506859322963
analytic,530006,0.62,0.633703793289109,0.013703793289108979
analytic,530007,0.38,0.3738527804512241,-0.006147219548775895
analytic,530007,0.46,0.4854142155296432,0.02541421552964318
analytic,530007,0.54,0.5384241821066552,-0.001575817893344822
analytic,530007,0.62,0.6126351205287438,-0.007364879471256192
analytic,530008,0.38,0.3847749942836029,0.004774994283602896
analytic,530008,0.46,0.45842718554903267,-0.0015728144509673525
analytic,530008,0.54,0.5409756486544395,0.0009756486544394427
analytic,530008,0.62,0.6202155819832906,0.00021558198329063583
analytic,530009,0.38,0.36916434362775385,-0.01083565637224615
analytic,530009,0.46,0.45475671566341636,-0.0052432843365836646
analytic,530009,0.54,0.5273934039185079,-0.012606596081492172
analytic,530009,0.62,0.6272432743719751,0.007243274371975139
analytic,530010,0.38,0.38880805287430203,0.00880805287430203
analytic,530010,0.46,0.44969022973466466,-0.01030977026533536
analytic,530010,0.54,0.5362156642304283,-0.0037843357695717117
analytic,530010,0.62,0.6314435504539173,0.011443550453917317
analytic,530011,0.38,0.376629267975565,-0.003370732024434997
analytic,530011,0.46,0.45950556220692856,-0.0004944377930714561
analytic,530011,0.54,0.5374688774520269,-0.0025311225479731636
analytic,530011,0.62,0.6272102128696732,0.0072102128696731604
analytic,530012,0.38,0.37317826740841187,-0.006821732591588137
analytic,530012,0.46,0.4435723439750681,-0.016427656024931903
analytic,530012,0.54,0.5478181949192636,0.00781819491926361
analytic,530012,0.62,0.6332168305098391,0.013216830509839128
analytic,530013,0.38,0.35615760393487594,-0.02384239606512406
analytic,530013,0.46,0.46700350262041496,0.007003502620414936
analytic,530013,0.54,0.521660659284603,-0.018339340715397
analytic,530013,0.62,0.6148649642362852,-0.005135035763714768
analytic,530014,0.38,0.3939257883850877,0.013925788385087678
analytic,530014,0.46,0.4498183154495533,-0.010181684550446712
analytic,530014,0.54,0.5513300479395346,0.011330047939534515
analytic,530014,0.62,0.6121932785418662,-0.00780672145813377
analytic,530015,0.38,0.3957073114318621,0.015707311431862103
analytic,530015,0.46,0.4818252942369293,0.021825294236929305
analytic,530015,0.54,0.5380288464907929,-0.0019711535092071797
analytic,530015,0.62,0.6241609052207673,0.004160905220767286
analytic,530016,0.38,0.37622177322413203,-0.0037782267758679766
analytic,530016,0.46,0.4543423825041496,-0.00565761749585042
analytic,530016,0.54,0.5543951983040241,0.014395198304024026
analytic,530016,0.62,0.6203449142136321,0.0003449142136321415
analytic,530017,0.38,0.35709715430205535,-0.02290284569794465
analytic,530017,0.46,0.46709381803047045,0.0070938180304704335
analytic,530017,0.54,0.546987967089211,0.006987967089211011
analytic,530017,0.62,0.5985684377275114,-0.021431562272488547
analytic,530018,0.38,0.3847220185192959,0.004722018519295879
analytic,530018,0.46,0.4486307423630978,-0.01136925763690222
analytic,530018,0.54,0.5117077312332099,-0.02829226876679014
analytic,530018,0.62,0.624319780918021,0.004319780918020988
analytic,530019,0.38,0.3845684479992775,0.00456844799927747
analytic,530019,0.46,0.4486035799278679,-0.011396420072132096
analytic,530019,0.54,0.5329742427867814,-0.007025757213218631
analytic,530019,0.62,0.6093193743888352,-0.010680625611164785
analytic,530020,0.38,0.3785966662813728,-0.00140333371862722
analytic,530020,0.46,0.4617354703758477,0.001735470375847703
analytic,530020,0.54,0.5354602978750899,-0.004539702124910172
analytic,530020,0.62,0.6230892120234651,0.0030892120234651266
analytic,530021,0.38,0.37998652477385864,-1.3475226141368424e-05
analytic,530021,0.46,0.45919796839272986,-0.0008020316072701594
analytic,530021,0.54,0.5182225325579273,-0.021777467442072762
analytic,530021,0.62,0.6236903665349396,0.003690366534939593
analytic,530022,0.38,0.3850273617798592,0.005027361779859185
analytic,530022,0.46,0.48718897808409245,0.02718897808409243
analytic,530022,0.54,0.5395630594398921,-0.0004369405601079013
analytic,530022,0.62,0.6240141138445044,0.004014113844504452
analytic,530023,0.38,0.37398962337649483,-0.006010376623505176
analytic,530023,0.46,0.4718702473947313,0.011870247394731304
analytic,530023,0.54,0.5362595603066973,-0.003740439693302733
analytic,530023,0.62,0.6359309791248491,0.015930979124849087
analytic,530024,0.38,0.3716475680600973,-0.008352431939902705
analytic,530024,0.46,0.45203048141055774,-0.007969518589442282
analytic,530024,0.54,0.5381520016873258,-0.0018479983126742372
analytic,530024,0.62,0.6082439848671818,-0.01175601513281821
analytic,530025,0.38,0.3666494537567801,-0.013350546243219907
analytic,530025,0.46,0.45310462165878646,-0.006895378341213565
analytic,530025,0.54,0.5376225854663194,-0.0023774145336806773
analytic,530025,0.62,0.6343429454694682,0.014342945469468238
analytic,530026,0.38,0.3961352834293962,0.016135283429396186
analytic,530026,0.46,0.464171976064135,0.004171976064134997
analytic,530026,0.54,0.5393698107815511,-0.0006301892184489288
analytic,530026,0.62,0.6129626044416732,-0.007037395558326831
analytic,530027,0.38,0.3815827126776615,0.0015827126776614686
analytic,530027,0.46,0.468349925980302,0.008349925980301987
analytic,530027,0.54,0.5466347142273867,0.006634714227386707
analytic,530027,0.62,0.615154484148517,-0.004845515851482962
analytic,530028,0.38,0.38448283569390707,0.004482835693907061
analytic,530028,0.46,0.4689631990273779,0.008963199027377855
analytic,530028,0.54,0.5365406911202045,-0.0034593088797955085
analytic,530028,0.62,0.6287949253710069,0.0087949253710069
analytic,530029,0.38,0.4030555386110336,0.0230555386110336
analytic,530029,0.46,0.46207486925732844,0.0020748692573284155
analytic,530029,0.54,0.5354154118445941,-0.004584588155405966
analytic,530029,0.62,0.6251630264320523,0.005163026432052353
analytic,530030,0.38,0.38609787588791805,0.006097875887918047
analytic,530030,0.46,0.4644484184054301,0.004448418405430088
analytic,530030,0.54,0.5282757387198115,-0.011724261280188553
analytic,530030,0.62,0.6270623785226648,0.007062378522664781
analytic,530031,0.38,0.39935748662620263,0.019357486626202625
analytic,530031,0.46,0.4603173937430719,0.00031739374307188095
analytic,530031,0.54,0.5504271165686224,0.010427116568622385
analytic,530031,0.62,0.6255464717676125,0.005546471767612471
analytic,530032,0.38,0.37830641332108944,-0.0016935866789105636
analytic,530032,0.46,0.468058059416482,0.008058059416481966
analytic,530032,0.54,0.5412689150767365,0.0012689150767364321
analytic,530032,0.62,0.6322859445560617,0.01228594455606169
analytic,530033,0.38,0.3549023244708555,-0.025097675529144492
analytic,530033,0.46,0.4599065499926389,-9.345000736110665e-05
analytic,530033,0.54,0.5430731503683353,0.00307315036833522
analytic,530033,0.62,0.6135138188426436,-0.006486181157356441
analytic,530034,0.38,0.37360640385883603,-0.006393596141163971
analytic,530034,0.46,0.4406470564092679,-0.01935294359073214
analytic,530034,0.54,0.5574847960147442,0.017484796014744175
analytic,530034,0.62,0.6247401554051804,0.004740155405180357
analytic,530035,0.38,0.39542085979128216,0.01542085979128216
analytic,530035,0.46,0.44101976563432377,-0.018980234365676252
analytic,530035,0.54,0.5516770928939663,0.011677092893966234
analytic,530035,0.62,0.6274830416354567,0.007483041635456655
analytic,530036,0.38,0.3926408501449506,0.012640850144950588
analytic,530036,0.46,0.44886548178287805,-0.01113451821712197
analytic,530036,0.54,0.536162342661947,-0.00383765733805308
analytic,530036,0.62,0.6358959025168512,0.015895902516851246
analytic,530037,0.38,0.37280075807553775,-0.007199241924462252
analytic,530037,0.46,0.47568916582782617,0.015689165827826146
analytic,530037,0.54,0.5163205932075786,-0.02367940679242142
analytic,530037,0.62,0.5889610958640079,-0.031038904135992085
analytic,530038,0.38,0.3794759776290465,-0.000524022370953503
analytic,530038,0.46,0.4547345782054149,-0.005265421794585112
analytic,530038,0.54,0.549101542019298,0.009101542019297915
analytic,530038,0.62,0.6151730568071851,-0.004826943192814848
analytic,530039,0.38,0.37992864083964817,-7.135916035183598e-05
analytic,530039,0.46,0.4559874729035417,-0.004012527096458329
analytic,530039,0.54,0.5467971376794832,0.006797137679483201
analytic,530039,0.62,0.611536754846319,-0.00846324515368102
analytic,530040,0.38,0.3804342283853187,0.00043422838531870234
analytic,530040,0.46,0.4565402180791816,-0.0034597819208184166
analytic,530040,0.54,0.5508335857505658,0.01083358575056581
analytic,530040,0.62,0.6082778852845323,-0.01172211471546769
analytic,530041,0.38,0.39251780163233824,0.012517801632338232
analytic,530041,0.46,0.47180674428824,0.011806744288239968
analytic,530041,0.54,0.5358939010607537,-0.004106098939246294
analytic,530041,0.62,0.6110817118532345,-0.00891828814676554
analytic,530042,0.38,0.3681972881911619,-0.011802711808838129
analytic,530042,0.46,0.460025435537371,2.543553737099913e-05
analytic,530042,0.54,0.5059594521834777,-0.034040547816522326
analytic,530042,0.62,0.6095203329530834,-0.010479667046916608
analytic,530043,0.38,0.3854264945938082,0.005426494593808173
analytic,530043,0.46,0.473497744245883,0.013497744245882959
analytic,530043,0.54,0.5698872901894985,0.029887290189498428
analytic,530043,0.62,0.6284075084700715,0.008407508470071545
analytic,530044,0.38,0.36379948414032565,-0.016200515859674358
analytic,530044,0.46,0.48016568888670175,0.020165688886701727
analytic,530044,0.54,0.5211569500180482,-0.018843049981951854
analytic,530044,0.62,0.6253455727179327,0.005345572717932678
analytic,530045,0.38,0.36816170051101205,-0.011838299488987958
analytic,530045,0.46,0.45387590678250633,-0.006124093217493687
analytic,530045,0.54,0.5380911925969238,-0.001908807403076196
analytic,530045,0.62,0.6315140877174692,0.011514087717469201
analytic,530046,0.38,0.39303472997533645,0.013034729975336445
analytic,530046,0.46,0.47317353535674844,0.013173535356748423
analytic,530046,0.54,0.5392764050578384,-0.0007235949421616761
analytic,530046,0.62,0.620129659830545,0.00012965983054502583
analytic,530047,0.38,0.35813354340015296,-0.02186645659984704
analytic,530047,0.46,0.4713416480265512,0.011341648026551188
analytic,530047,0.54,0.5400399684545004,3.996845450038311e-05
analytic,530047,0.62,0.6240980423240765,0.004098042324076512
