alpha,dictionary,horizon,target,seed,nmse
0.25,tm,1,cayley,630000,4.6201548003058676e-05
0.25,tm,1,cayley,630001,4.565618085230523e-05
0.25,tm,1,cayley,630002,4.537411591909948e-05
0.25,tm,1,cayley,630003,4.529483847671785e-05
0.25,tm,1,cayley,630004,4.580723035986831e-05
0.25,tm,1,cayley,630005,4.5620376725552894e-05
0.25,tm,1,cayley,630006,4.580018746961911e-05
0.25,tm,1,cayley,630007,4.401133930068213e-05
0.25,tm,1,cayley,630008,4.6157412512894874e-05
0.25,tm,1,cayley,630009,4.5506002579994724e-05
0.25,tm,1,cayley,630010,4.385487268904498e-05
0.25,tm,1,cayley,630011,4.5095095340708447e-05
0.25,tm,1,cayley,630012,4.555157929999244e-05
0.25,tm,1,cayley,630013,4.7727939118118854e-05
0.25,tm,1,cayley,630014,4.571497475207721e-05
0.25,tm,1,cayley,630015,4.715147120090148e-05
0.25,tm,1,cayley,630016,4.611457465110996e-05
0.25,tm,1,cayley,630017,4.735291937048425e-05
0.25,tm,1,cayley,630018,4.616494805140012e-05
0.25,tm,1,cayley,630019,4.54085062381862e-05
0.25,tm,1,cayley,630020,4.517447616866264e-05
0.25,tm,1,cayley,630021,4.7796272914758536e-05
0.25,tm,1,cayley,630022,4.674824305907009e-05
0.25,tm,1,cayley,630023,4.75112657985203e-05
0.25,tm,1,cdf,630000,0.15422056294055486
0.25,tm,1,cdf,630001,0.12817908978758827
0.25,tm,1,cdf,630002,0.11728528851243476
0.25,tm,1,cdf,630003,0.13405696354858007
0.25,tm,1,cdf,630004,0.13290397379076338
0.25,tm,1,cdf,630005,0.1188211984641209
0.25,tm,1,cdf,630006,0.14512261042362337
0.25,tm,1,cdf,630007,0.11137800387434159
0.25,tm,1,cdf,630008,0.13552223617713063
0.25,tm,1,cdf,630009,0.12845828558630779
0.25,tm,1,cdf,630010,0.10683012762930377
0.25,tm,1,cdf,630011,0.12535786486506498
0.25,tm,1,cdf,630012,0.1549270747911532
0.25,tm,1,cdf,630013,0.1769642701325397
0.25,tm,1,cdf,630014,0.13554192908271404
0.25,tm,1,cdf,630015,0.18352989886971646
0.25,tm,1,cdf,630016,0.1589664974257535
0.25,tm,1,cdf,630017,0.14781477610517327
0.25,tm,1,cdf,630018,0.14774217753249932
0.25,tm,1,cdf,630019,0.13042821924626927
0.25,tm,1,cdf,630020,0.12054375759037225
0.25,tm,1,cdf,630021,0.16072326144963764
0.25,tm,1,cdf,630022,0.15253231834918643
0.25,tm,1,cdf,630023,0.14913124854074927
0.25,tm,2,cayley,630000,0.07779926749486946
0.25,tm,2,cayley,630001,0.072246647871248
0.25,tm,2,cayley,630002,0.06953322562704733
0.25,tm,2,cayley,630003,0.07129967483734982
0.25,tm,2,cayley,630004,0.07234561883410374
0.25,tm,2,cayley,630005,0.0697182204830215
0.25,tm,2,cayley,630006,0.07593365280099527
0.25,tm,2,cayley,630007,0.06399954196709659
0.25,tm,2,cayley,630008,0.07517870519842854
0.25,tm,2,cayley,630009,0.07304106591021622
0.25,tm,2,cayley,630010,0.06366856170534498
0.25,tm,2,cayley,630011,0.06924408512640558
0.25,tm,2,cayley,630012,0.07497084139969974
0.25,tm,2,cayley,630013,0.08603639076756127
0.25,tm,2,cayley,630014,0.07353775587447024
0.25,tm,2,cayley,630015,0.0852632338970505
0.25,tm,2,cayley,630016,0.07726110017090998
0.25,tm,2,cayley,630017,0.07860019347708212
0.25,tm,2,cayley,630018,0.07586829100208961
0.25,tm,2,cayley,630019,0.07142208818700706
0.25,tm,2,cayley,630020,0.06906582075752597
0.25,tm,2,cayley,630021,0.0821993605725586
0.25,tm,2,cayley,630022,0.07921449498825336
0.25,tm,2,cayley,630023,0.07994859539197031
0.25,tm,2,cdf,630000,0.29829887852089654
0.25,tm,2,cdf,630001,0.27493102206956693
0.25,tm,2,cdf,630002,0.2639820162118726
0.25,tm,2,cdf,630003,0.271313604952444
0.25,tm,2,cdf,630004,0.2786189470693612
0.25,tm,2,cdf,630005,0.26798353843156103
0.25,tm,2,cdf,630006,0.29771308385893575
0.25,tm,2,cdf,630007,0.24074383032655944
0.25,tm,2,cdf,630008,0.2860173183066482
0.25,tm,2,cdf,630009,0.2805941614343994
0.25,tm,2,cdf,630010,0.23671503102687033
0.25,tm,2,cdf,630011,0.2672120732421059
0.25,tm,2,cdf,630012,0.2898547098213989
0.25,tm,2,cdf,630013,0.3338117220435123
0.25,tm,2,cdf,630014,0.2845329620132107
0.25,tm,2,cdf,630015,0.3349467543592262
0.25,tm,2,cdf,630016,0.2986693834311002
0.25,tm,2,cdf,630017,0.3067215725859843
0.25,tm,2,cdf,630018,0.29633158211180666
0.25,tm,2,cdf,630019,0.2746361859370958
0.25,tm,2,cdf,630020,0.2676724390129716
0.25,tm,2,cdf,630021,0.3240973348725811
0.25,tm,2,cdf,630022,0.3110754590390709
0.25,tm,2,cdf,630023,0.3112186295363041
0.25,tm,3,cayley,630000,0.407967928927884
0.25,tm,3,cayley,630001,0.4034887005886787
0.25,tm,3,cayley,630002,0.40254364687184974
0.25,tm,3,cayley,630003,0.3876872042119602
0.25,tm,3,cayley,630004,0.40550839186754867
0.25,tm,3,cayley,630005,0.4070660829667202
0.25,tm,3,cayley,630006,0.41588874938251313
0.25,tm,3,cayley,630007,0.37647784521709066
0.25,tm,3,cayley,630008,0.4172368841859693
0.25,tm,3,cayley,630009,0.42057373735243
0.25,tm,3,cayley,630010,0.3812812481889493
0.25,tm,3,cayley,630011,0.4054742008878894
0.25,tm,3,cayley,630012,0.3997541526901583
0.25,tm,3,cayley,630013,0.43425066787774813
0.25,tm,3,cayley,630014,0.40764544794474245
0.25,tm,3,cayley,630015,0.428559029948598
0.25,tm,3,cayley,630016,0.4119189990481005
0.25,tm,3,cayley,630017,0.4298069033919245
0.25,tm,3,cayley,630018,0.4146538923880575
0.25,tm,3,cayley,630019,0.40726667533155786
0.25,tm,3,cayley,630020,0.4044266778277
0.25,tm,3,cayley,630021,0.4464693010730261
0.25,tm,3,cayley,630022,0.42870751636436816
0.25,tm,3,cayley,630023,0.4372676405517917
0.25,tm,3,cdf,630000,0.6188796914181633
0.25,tm,3,cdf,630001,0.6056198243270283
0.25,tm,3,cdf,630002,0.6221840609288816
0.25,tm,3,cdf,630003,0.5837661549754155
0.25,tm,3,cdf,630004,0.5830586678006955
0.25,tm,3,cdf,630005,0.605053558487387
0.25,tm,3,cdf,630006,0.6255659990275219
0.25,tm,3,cdf,630007,0.5432868247543347
0.25,tm,3,cdf,630008,0.6530168029751889
0.25,tm,3,cdf,630009,0.6316661580584143
0.25,tm,3,cdf,630010,0.5669583542515945
0.25,tm,3,cdf,630011,0.5924462918138994
0.25,tm,3,cdf,630012,0.5856325706211338
0.25,tm,3,cdf,630013,0.6606775646218536
0.25,tm,3,cdf,630014,0.6123404670306175
0.25,tm,3,cdf,630015,0.6664638330120017
0.25,tm,3,cdf,630016,0.5863517454275434
0.25,tm,3,cdf,630017,0.6579325752089472
0.25,tm,3,cdf,630018,0.6096375204948711
0.25,tm,3,cdf,630019,0.5947986441454453
0.25,tm,3,cdf,630020,0.5664066335926782
0.25,tm,3,cdf,630021,0.6856914357342282
0.25,tm,3,cdf,630022,0.6639801662883447
0.25,tm,3,cdf,630023,0.6509430959046856
0.25,tm,4,cayley,630000,0.5586591503073828
0.25,tm,4,cayley,630001,0.5703343232455889
0.25,tm,4,cayley,630002,0.5711749982845209
0.25,tm,4,cayley,630003,0.5385407477081107
0.25,tm,4,cayley,630004,0.5851433951117727
0.25,tm,4,cayley,630005,0.5851008717276602
0.25,tm,4,cayley,630006,0.57354091269863
0.25,tm,4,cayley,630007,0.5300204912975914
0.25,tm,4,cayley,630008,0.5755692293427513
0.25,tm,4,cayley,630009,0.5851594042971708
0.25,tm,4,cayley,630010,0.5300861103374951
0.25,tm,4,cayley,630011,0.5616435583611189
0.25,tm,4,cayley,630012,0.5495369800492713
0.25,tm,4,cayley,630013,0.6014369370735889
0.25,tm,4,cayley,630014,0.5727729172554857
0.25,tm,4,cayley,630015,0.5680357254489604
0.25,tm,4,cayley,630016,0.5593643971289104
0.25,tm,4,cayley,630017,0.6152617968502047
0.25,tm,4,cayley,630018,0.5759482556913346
0.25,tm,4,cayley,630019,0.5705304715808741
0.25,tm,4,cayley,630020,0.5664195501539554
0.25,tm,4,cayley,630021,0.6243247292781728
0.25,tm,4,cayley,630022,0.5993898816761719
0.25,tm,4,cayley,630023,0.6207342251422874
0.25,tm,4,cdf,630000,0.7384685767471354
0.25,tm,4,cdf,630001,0.7601118680716591
0.25,tm,4,cdf,630002,0.7531894247512382
0.25,tm,4,cdf,630003,0.7300758220084995
0.25,tm,4,cdf,630004,0.7391230956236474
0.25,tm,4,cdf,630005,0.7555690093764661
0.25,tm,4,cdf,630006,0.7489106115580227
0.25,tm,4,cdf,630007,0.6758707562528622
0.25,tm,4,cdf,630008,0.7430891854437625
0.25,tm,4,cdf,630009,0.7286664479234604
0.25,tm,4,cdf,630010,0.6693034054090413
0.25,tm,4,cdf,630011,0.7024305982587877
0.25,tm,4,cdf,630012,0.6801117739907564
0.25,tm,4,cdf,630013,0.7748662094263469
0.25,tm,4,cdf,630014,0.7534095541823329
0.25,tm,4,cdf,630015,0.7578634524804178
0.25,tm,4,cdf,630016,0.6835201531711061
0.25,tm,4,cdf,630017,0.8066129878260079
0.25,tm,4,cdf,630018,0.7295931135609779
0.25,tm,4,cdf,630019,0.7009232728163853
0.25,tm,4,cdf,630020,0.7062042471369234
0.25,tm,4,cdf,630021,0.8152332642634027
0.25,tm,4,cdf,630022,0.7937412298571908
0.25,tm,4,cdf,630023,0.7880068405156232
0.25,phase_fourier,1,cayley,630000,4.620154800305903e-05
0.25,phase_fourier,1,cayley,630001,4.565618085230497e-05
0.25,phase_fourier,1,cayley,630002,4.537411591909877e-05
0.25,phase_fourier,1,cayley,630003,4.529483847671825e-05
0.25,phase_fourier,1,cayley,630004,4.580723035986897e-05
0.25,phase_fourier,1,cayley,630005,4.562037672555219e-05
0.25,phase_fourier,1,cayley,630006,4.5800187469618465e-05
0.25,phase_fourier,1,cayley,630007,4.4011339300683425e-05
0.25,phase_fourier,1,cayley,630008,4.6157412512895335e-05
0.25,phase_fourier,1,cayley,630009,4.5506002579995456e-05
0.25,phase_fourier,1,cayley,630010,4.385487268904443e-05
0.25,phase_fourier,1,cayley,630011,4.5095095340708284e-05
0.25,phase_fourier,1,cayley,630012,4.5551579299993085e-05
0.25,phase_fourier,1,cayley,630013,4.772793911811856e-05
0.25,phase_fourier,1,cayley,630014,4.571497475207683e-05
0.25,phase_fourier,1,cayley,630015,4.715147120090148e-05
0.25,phase_fourier,1,cayley,630016,4.611457465111016e-05
0.25,phase_fourier,1,cayley,630017,4.7352919370482965e-05
0.25,phase_fourier,1,cayley,630018,4.61649480514002e-05
0.25,phase_fourier,1,cayley,630019,4.540850623818749e-05
0.25,phase_fourier,1,cayley,630020,4.517447616866247e-05
0.25,phase_fourier,1,cayley,630021,4.7796272914758644e-05
0.25,phase_fourier,1,cayley,630022,4.6748243059069684e-05
0.25,phase_fourier,1,cayley,630023,4.7511265798519404e-05
0.25,phase_fourier,1,cdf,630000,0.15422056294055494
0.25,phase_fourier,1,cdf,630001,0.1281790897875882
0.25,phase_fourier,1,cdf,630002,0.11728528851243464
0.25,phase_fourier,1,cdf,630003,0.1340569635485801
0.25,phase_fourier,1,cdf,630004,0.13290397379076338
0.25,phase_fourier,1,cdf,630005,0.118821198464121
0.25,phase_fourier,1,cdf,630006,0.14512261042362343
0.25,phase_fourier,1,cdf,630007,0.11137800387434162
0.25,phase_fourier,1,cdf,630008,0.1355222361771307
0.25,phase_fourier,1,cdf,630009,0.12845828558630767
0.25,phase_fourier,1,cdf,630010,0.1068301276293038
0.25,phase_fourier,1,cdf,630011,0.12535786486506495
0.25,phase_fourier,1,cdf,630012,0.15492707479115325
0.25,phase_fourier,1,cdf,630013,0.17696427013253982
0.25,phase_fourier,1,cdf,630014,0.13554192908271423
0.25,phase_fourier,1,cdf,630015,0.18352989886971643
0.25,phase_fourier,1,cdf,630016,0.15896649742575344
0.25,phase_fourier,1,cdf,630017,0.14781477610517324
0.25,phase_fourier,1,cdf,630018,0.14774217753249935
0.25,phase_fourier,1,cdf,630019,0.13042821924626938
0.25,phase_fourier,1,cdf,630020,0.12054375759037225
0.25,phase_fourier,1,cdf,630021,0.16072326144963764
0.25,phase_fourier,1,cdf,630022,0.15253231834918643
0.25,phase_fourier,1,cdf,630023,0.14913124854074924
0.25,phase_fourier,2,cayley,630000,0.07779926749486946
0.25,phase_fourier,2,cayley,630001,0.07224664787124802
0.25,phase_fourier,2,cayley,630002,0.06953322562704738
0.25,phase_fourier,2,cayley,630003,0.07129967483734988
0.25,phase_fourier,2,cayley,630004,0.07234561883410373
0.25,phase_fourier,2,cayley,630005,0.0697182204830215
0.25,phase_fourier,2,cayley,630006,0.07593365280099525
0.25,phase_fourier,2,cayley,630007,0.06399954196709659
0.25,phase_fourier,2,cayley,630008,0.07517870519842855
0.25,phase_fourier,2,cayley,630009,0.07304106591021622
0.25,phase_fourier,2,cayley,630010,0.06366856170534502
0.25,phase_fourier,2,cayley,630011,0.06924408512640555
0.25,phase_fourier,2,cayley,630012,0.07497084139969973
0.25,phase_fourier,2,cayley,630013,0.08603639076756119
0.25,phase_fourier,2,cayley,630014,0.07353775587447024
0.25,phase_fourier,2,cayley,630015,0.0852632338970505
0.25,phase_fourier,2,cayley,630016,0.07726110017090998
0.25,phase_fourier,2,cayley,630017,0.07860019347708212
0.25,phase_fourier,2,cayley,630018,0.07586829100208956
0.25,phase_fourier,2,cayley,630019,0.071422088187007
0.25,phase_fourier,2,cayley,630020,0.06906582075752601
0.25,phase_fourier,2,cayley,630021,0.08219936057255858
0.25,phase_fourier,2,cayley,630022,0.07921449498825336
0.25,phase_fourier,2,cayley,630023,0.0799485953919703
0.25,phase_fourier,2,cdf,630000,0.2982988785208965
0.25,phase_fourier,2,cdf,630001,0.2749310220695667
0.25,phase_fourier,2,cdf,630002,0.26398201621187267
0.25,phase_fourier,2,cdf,630003,0.27131360495244394
0.25,phase_fourier,2,cdf,630004,0.27861894706936124
0.25,phase_fourier,2,cdf,630005,0.26798353843156086
0.25,phase_fourier,2,cdf,630006,0.29771308385893575
0.25,phase_fourier,2,cdf,630007,0.24074383032655927
0.25,phase_fourier,2,cdf,630008,0.2860173183066485
0.25,phase_fourier,2,cdf,630009,0.2805941614343993
0.25,phase_fourier,2,cdf,630010,0.23671503102687036
0.25,phase_fourier,2,cdf,630011,0.2672120732421057
0.25,phase_fourier,2,cdf,630012,0.28985470982139894
0.25,phase_fourier,2,cdf,630013,0.3338117220435119
0.25,phase_fourier,2,cdf,630014,0.28453296201321104
0.25,phase_fourier,2,cdf,630015,0.33494675435922644
0.25,phase_fourier,2,cdf,630016,0.2986693834311001
0.25,phase_fourier,2,cdf,630017,0.3067215725859844
0.25,phase_fourier,2,cdf,630018,0.29633158211180666
0.25,phase_fourier,2,cdf,630019,0.27463618593709593
0.25,phase_fourier,2,cdf,630020,0.2676724390129716
0.25,phase_fourier,2,cdf,630021,0.3240973348725811
0.25,phase_fourier,2,cdf,630022,0.3110754590390708
0.25,phase_fourier,2,cdf,630023,0.3112186295363043
0.25,phase_fourier,3,cayley,630000,0.4079679289278842
0.25,phase_fourier,3,cayley,630001,0.4034887005886787
0.25,phase_fourier,3,cayley,630002,0.40254364687184974
0.25,phase_fourier,3,cayley,630003,0.3876872042119605
0.25,phase_fourier,3,cayley,630004,0.4055083918675487
0.25,phase_fourier,3,cayley,630005,0.40706608296672037
0.25,phase_fourier,3,cayley,630006,0.415888749382513
0.25,phase_fourier,3,cayley,630007,0.37647784521709055
0.25,phase_fourier,3,cayley,630008,0.41723688418596944
0.25,phase_fourier,3,cayley,630009,0.42057373735243
0.25,phase_fourier,3,cayley,630010,0.38128124818894943
0.25,phase_fourier,3,cayley,630011,0.40547420088788955
0.25,phase_fourier,3,cayley,630012,0.3997541526901584
0.25,phase_fourier,3,cayley,630013,0.4342506678777478
0.25,phase_fourier,3,cayley,630014,0.40764544794474256
0.25,phase_fourier,3,cayley,630015,0.42855902994859796
0.25,phase_fourier,3,cayley,630016,0.4119189990481006
0.25,phase_fourier,3,cayley,630017,0.42980690339192446
0.25,phase_fourier,3,cayley,630018,0.4146538923880578
0.25,phase_fourier,3,cayley,630019,0.4072666753315578
0.25,phase_fourier,3,cayley,630020,0.4044266778277001
0.25,phase_fourier,3,cayley,630021,0.44646930107302607
0.25,phase_fourier,3,cayley,630022,0.42870751636436805
0.25,phase_fourier,3,cayley,630023,0.4372676405517914
0.25,phase_fourier,3,cdf,630000,0.6188796914181632
0.25,phase_fourier,3,cdf,630001,0.6056198243270285
0.25,phase_fourier,3,cdf,630002,0.6221840609288816
0.25,phase_fourier,3,cdf,630003,0.5837661549754153
0.25,phase_fourier,3,cdf,630004,0.5830586678006955
0.25,phase_fourier,3,cdf,630005,0.6050535584873872
0.25,phase_fourier,3,cdf,630006,0.6255659990275219
0.25,phase_fourier,3,cdf,630007,0.5432868247543339
0.25,phase_fourier,3,cdf,630008,0.6530168029751888
0.25,phase_fourier,3,cdf,630009,0.6316661580584139
0.25,phase_fourier,3,cdf,630010,0.5669583542515946
0.25,phase_fourier,3,cdf,630011,0.592446291813899
0.25,phase_fourier,3,cdf,630012,0.5856325706211338
0.25,phase_fourier,3,cdf,630013,0.6606775646218532
0.25,phase_fourier,3,cdf,630014,0.6123404670306174
0.25,phase_fourier,3,cdf,630015,0.666463833012002
0.25,phase_fourier,3,cdf,630016,0.5863517454275433
0.25,phase_fourier,3,cdf,630017,0.6579325752089474
0.25,phase_fourier,3,cdf,630018,0.6096375204948713
0.25,phase_fourier,3,cdf,630019,0.5947986441454451
0.25,phase_fourier,3,cdf,630020,0.566406633592678
0.25,phase_fourier,3,cdf,630021,0.6856914357342279
0.25,phase_fourier,3,cdf,630022,0.6639801662883449
0.25,phase_fourier,3,cdf,630023,0.6509430959046857
0.25,phase_fourier,4,cayley,630000,0.5586591503073824
0.25,phase_fourier,4,cayley,630001,0.5703343232455886
0.25,phase_fourier,4,cayley,630002,0.5711749982845208
0.25,phase_fourier,4,cayley,630003,0.5385407477081108
0.25,phase_fourier,4,cayley,630004,0.5851433951117724
0.25,phase_fourier,4,cayley,630005,0.5851008717276601
0.25,phase_fourier,4,cayley,630006,0.5735409126986301
0.25,phase_fourier,4,cayley,630007,0.5300204912975912
0.25,phase_fourier,4,cayley,630008,0.5755692293427513
0.25,phase_fourier,4,cayley,630009,0.5851594042971705
0.25,phase_fourier,4,cayley,630010,0.5300861103374954
0.25,phase_fourier,4,cayley,630011,0.561643558361119
0.25,phase_fourier,4,cayley,630012,0.5495369800492713
0.25,phase_fourier,4,cayley,630013,0.6014369370735889
0.25,phase_fourier,4,cayley,630014,0.572772917255486
0.25,phase_fourier,4,cayley,630015,0.5680357254489603
0.25,phase_fourier,4,cayley,630016,0.5593643971289104
0.25,phase_fourier,4,cayley,630017,0.6152617968502045
0.25,phase_fourier,4,cayley,630018,0.5759482556913345
0.25,phase_fourier,4,cayley,630019,0.570530471580874
0.25,phase_fourier,4,cayley,630020,0.5664195501539554
0.25,phase_fourier,4,cayley,630021,0.6243247292781728
0.25,phase_fourier,4,cayley,630022,0.5993898816761718
0.25,phase_fourier,4,cayley,630023,0.6207342251422874
0.25,phase_fourier,4,cdf,630000,0.7384685767471355
0.25,phase_fourier,4,cdf,630001,0.7601118680716594
0.25,phase_fourier,4,cdf,630002,0.7531894247512382
0.25,phase_fourier,4,cdf,630003,0.7300758220084997
0.25,phase_fourier,4,cdf,630004,0.7391230956236473
0.25,phase_fourier,4,cdf,630005,0.7555690093764658
0.25,phase_fourier,4,cdf,630006,0.7489106115580226
0.25,phase_fourier,4,cdf,630007,0.675870756252862
0.25,phase_fourier,4,cdf,630008,0.7430891854437623
0.25,phase_fourier,4,cdf,630009,0.7286664479234605
0.25,phase_fourier,4,cdf,630010,0.6693034054090412
0.25,phase_fourier,4,cdf,630011,0.702430598258788
0.25,phase_fourier,4,cdf,630012,0.6801117739907567
0.25,phase_fourier,4,cdf,630013,0.7748662094263469
0.25,phase_fourier,4,cdf,630014,0.7534095541823329
0.25,phase_fourier,4,cdf,630015,0.7578634524804181
0.25,phase_fourier,4,cdf,630016,0.683520153171106
0.25,phase_fourier,4,cdf,630017,0.8066129878260079
0.25,phase_fourier,4,cdf,630018,0.7295931135609774
0.25,phase_fourier,4,cdf,630019,0.7009232728163857
0.25,phase_fourier,4,cdf,630020,0.7062042471369235
0.25,phase_fourier,4,cdf,630021,0.8152332642634025
0.25,phase_fourier,4,cdf,630022,0.793741229857191
0.25,phase_fourier,4,cdf,630023,0.7880068405156229
0.25,euclidean_fourier,1,cayley,630000,0.47377097765790227
0.25,euclidean_fourier,1,cayley,630001,0.4638107159292501
0.25,euclidean_fourier,1,cayley,630002,0.4562226321461826
0.25,euclidean_fourier,1,cayley,630003,0.4521004216632606
0.25,euclidean_fourier,1,cayley,630004,0.47822485437528267
0.25,euclidean_fourier,1,cayley,630005,0.45778036398142385
0.25,euclidean_fourier,1,cayley,630006,0.4637669947873682
0.25,euclidean_fourier,1,cayley,630007,0.43962696881242525
0.25,euclidean_fourier,1,cayley,630008,0.48252674864919376
0.25,euclidean_fourier,1,cayley,630009,0.45450603849508725
0.25,euclidean_fourier,1,cayley,630010,0.4315148810207907
0.25,euclidean_fourier,1,cayley,630011,0.4501543453913135
0.25,euclidean_fourier,1,cayley,630012,0.45165948962601027
0.25,euclidean_fourier,1,cayley,630013,0.49325352341935735
0.25,euclidean_fourier,1,cayley,630014,0.4599821813370458
0.25,euclidean_fourier,1,cayley,630015,0.47068108375961265
0.25,euclidean_fourier,1,cayley,630016,0.46716293348485816
0.25,euclidean_fourier,1,cayley,630017,0.4939812751308326
0.25,euclidean_fourier,1,cayley,630018,0.4639625317104644
0.25,euclidean_fourier,1,cayley,630019,0.45616441071513597
0.25,euclidean_fourier,1,cayley,630020,0.4555946600951927
0.25,euclidean_fourier,1,cayley,630021,0.5023130594131218
0.25,euclidean_fourier,1,cayley,630022,0.48436479573622765
0.25,euclidean_fourier,1,cayley,630023,0.5206338030610941
0.25,euclidean_fourier,1,cdf,630000,0.7740709684884599
0.25,euclidean_fourier,1,cdf,630001,0.7603207039641847
0.25,euclidean_fourier,1,cdf,630002,0.7626363198673396
0.25,euclidean_fourier,1,cdf,630003,0.7461787743873458
0.25,euclidean_fourier,1,cdf,630004,0.7744018622875721
0.25,euclidean_fourier,1,cdf,630005,0.7665360329812455
0.25,euclidean_fourier,1,cdf,630006,0.74882320393423
0.25,euclidean_fourier,1,cdf,630007,0.7116361882223354
0.25,euclidean_fourier,1,cdf,630008,0.7990899976683215
0.25,euclidean_fourier,1,cdf,630009,0.7614488879362263
0.25,euclidean_fourier,1,cdf,630010,0.7024586680715211
0.25,euclidean_fourier,1,cdf,630011,0.7349433749901647
0.25,euclidean_fourier,1,cdf,630012,0.7671889795813303
0.25,euclidean_fourier,1,cdf,630013,0.8169391692775475
0.25,euclidean_fourier,1,cdf,630014,0.7606346384988162
0.25,euclidean_fourier,1,cdf,630015,0.7721761725678714
0.25,euclidean_fourier,1,cdf,630016,0.7783827705075251
0.25,euclidean_fourier,1,cdf,630017,0.8295592221613515
0.25,euclidean_fourier,1,cdf,630018,0.7737337558545352
0.25,euclidean_fourier,1,cdf,630019,0.7613461144440405
0.25,euclidean_fourier,1,cdf,630020,0.7667476807934824
0.25,euclidean_fourier,1,cdf,630021,0.817520560719703
0.25,euclidean_fourier,1,cdf,630022,0.7878901114269207
0.25,euclidean_fourier,1,cdf,630023,0.8252092975783981
0.25,euclidean_fourier,2,cayley,630000,0.6190992950351115
0.25,euclidean_fourier,2,cayley,630001,0.6357334777767508
0.25,euclidean_fourier,2,cayley,630002,0.6415212755209215
0.25,euclidean_fourier,2,cayley,630003,0.6150472964825147
0.25,euclidean_fourier,2,cayley,630004,0.6369634704173147
0.25,euclidean_fourier,2,cayley,630005,0.6342842241486035
0.25,euclidean_fourier,2,cayley,630006,0.6270200394881761
0.25,euclidean_fourier,2,cayley,630007,0.6032927626592277
0.25,euclidean_fourier,2,cayley,630008,0.6402333752633877
0.25,euclidean_fourier,2,cayley,630009,0.6237631647468043
0.25,euclidean_fourier,2,cayley,630010,0.6079692227406753
0.25,euclidean_fourier,2,cayley,630011,0.6303185011490942
0.25,euclidean_fourier,2,cayley,630012,0.61247656440753
0.25,euclidean_fourier,2,cayley,630013,0.6568551829533185
0.25,euclidean_fourier,2,cayley,630014,0.6214986983404686
0.25,euclidean_fourier,2,cayley,630015,0.6424166407005631
0.25,euclidean_fourier,2,cayley,630016,0.619046736806271
0.25,euclidean_fourier,2,cayley,630017,0.6677590168845448
0.25,euclidean_fourier,2,cayley,630018,0.6253153061326915
0.25,euclidean_fourier,2,cayley,630019,0.6200215932988773
0.25,euclidean_fourier,2,cayley,630020,0.6250408095470614
0.25,euclidean_fourier,2,cayley,630021,0.6768914107992138
0.25,euclidean_fourier,2,cayley,630022,0.6491518111437472
0.25,euclidean_fourier,2,cayley,630023,0.6625843996942369
0.25,euclidean_fourier,2,cdf,630000,0.8715208548116463
0.25,euclidean_fourier,2,cdf,630001,0.8620739003850936
0.25,euclidean_fourier,2,cdf,630002,0.8573073835105053
0.25,euclidean_fourier,2,cdf,630003,0.8520413404213645
0.25,euclidean_fourier,2,cdf,630004,0.8680492537651516
0.25,euclidean_fourier,2,cdf,630005,0.8632504675208957
0.25,euclidean_fourier,2,cdf,630006,0.8616997997809275
0.25,euclidean_fourier,2,cdf,630007,0.8172045693907305
0.25,euclidean_fourier,2,cdf,630008,0.8604226354652987
0.25,euclidean_fourier,2,cdf,630009,0.8353472338053389
0.25,euclidean_fourier,2,cdf,630010,0.8001135709626613
0.25,euclidean_fourier,2,cdf,630011,0.8499615354245796
0.25,euclidean_fourier,2,cdf,630012,0.8364762037396605
0.25,euclidean_fourier,2,cdf,630013,0.9192411285483972
0.25,euclidean_fourier,2,cdf,630014,0.8572704871380774
0.25,euclidean_fourier,2,cdf,630015,0.8976441962283331
0.25,euclidean_fourier,2,cdf,630016,0.8664641855986567
0.25,euclidean_fourier,2,cdf,630017,0.9108994699161246
0.25,euclidean_fourier,2,cdf,630018,0.8720317899523479
0.25,euclidean_fourier,2,cdf,630019,0.8319973445682544
0.25,euclidean_fourier,2,cdf,630020,0.8479710088435679
0.25,euclidean_fourier,2,cdf,630021,0.9249623858752446
0.25,euclidean_fourier,2,cdf,630022,0.885266120784033
0.25,euclidean_fourier,2,cdf,630023,0.9239437990868583
0.25,euclidean_fourier,3,cayley,630000,0.6782114289337924
0.25,euclidean_fourier,3,cayley,630001,0.6978746357079626
0.25,euclidean_fourier,3,cayley,630002,0.6911057791255771
0.25,euclidean_fourier,3,cayley,630003,0.6781868383717654
0.25,euclidean_fourier,3,cayley,630004,0.6864957108511938
0.25,euclidean_fourier,3,cayley,630005,0.6919688928175263
0.25,euclidean_fourier,3,cayley,630006,0.6704106918814132
0.25,euclidean_fourier,3,cayley,630007,0.6639579436061613
0.25,euclidean_fourier,3,cayley,630008,0.6999258593310062
0.25,euclidean_fourier,3,cayley,630009,0.679623508493982
0.25,euclidean_fourier,3,cayley,630010,0.6617675312860426
0.25,euclidean_fourier,3,cayley,630011,0.6805218161900886
0.25,euclidean_fourier,3,cayley,630012,0.675565114498862
0.25,euclidean_fourier,3,cayley,630013,0.7016070176796259
0.25,euclidean_fourier,3,cayley,630014,0.6791978579893685
0.25,euclidean_fourier,3,cayley,630015,0.6909789463861091
0.25,euclidean_fourier,3,cayley,630016,0.6795627384362086
0.25,euclidean_fourier,3,cayley,630017,0.7145641314025964
0.25,euclidean_fourier,3,cayley,630018,0.6836628843332896
0.25,euclidean_fourier,3,cayley,630019,0.6845329828816455
0.25,euclidean_fourier,3,cayley,630020,0.6837377872132361
0.25,euclidean_fourier,3,cayley,630021,0.7171113052986876
0.25,euclidean_fourier,3,cayley,630022,0.6975631308011531
0.25,euclidean_fourier,3,cayley,630023,0.7068733309314646
0.25,euclidean_fourier,3,cdf,630000,0.8714849054344966
0.25,euclidean_fourier,3,cdf,630001,0.8619890793671745
0.25,euclidean_fourier,3,cdf,630002,0.8528448194342817
0.25,euclidean_fourier,3,cdf,630003,0.8437750707266729
0.25,euclidean_fourier,3,cdf,630004,0.864486428415487
0.25,euclidean_fourier,3,cdf,630005,0.8566126190715613
0.25,euclidean_fourier,3,cdf,630006,0.8520873183235586
0.25,euclidean_fourier,3,cdf,630007,0.8043830444707125
0.25,euclidean_fourier,3,cdf,630008,0.8789688572753387
0.25,euclidean_fourier,3,cdf,630009,0.8495375427291075
0.25,euclidean_fourier,3,cdf,630010,0.8081120381311003
0.25,euclidean_fourier,3,cdf,630011,0.8399861191140938
0.25,euclidean_fourier,3,cdf,630012,0.8463592627827977
0.25,euclidean_fourier,3,cdf,630013,0.9070193965047394
0.25,euclidean_fourier,3,cdf,630014,0.8456542343116007
0.25,euclidean_fourier,3,cdf,630015,0.8894914950405134
0.25,euclidean_fourier,3,cdf,630016,0.8752840236556805
0.25,euclidean_fourier,3,cdf,630017,0.9150193933947165
0.25,euclidean_fourier,3,cdf,630018,0.874188913366815
0.25,euclidean_fourier,3,cdf,630019,0.8449551300807424
0.25,euclidean_fourier,3,cdf,630020,0.8532586044781634
0.25,euclidean_fourier,3,cdf,630021,0.9262890764647661
0.25,euclidean_fourier,3,cdf,630022,0.87840571680919
0.25,euclidean_fourier,3,cdf,630023,0.9187797962331432
0.25,euclidean_fourier,4,cayley,630000,0.8664162998359753
0.25,euclidean_fourier,4,cayley,630001,0.8795298961472742
0.25,euclidean_fourier,4,cayley,630002,0.8759742178164667
0.25,euclidean_fourier,4,cayley,630003,0.8693807491064778
0.25,euclidean_fourier,4,cayley,630004,0.865229889405829
0.25,euclidean_fourier,4,cayley,630005,0.8820338459706442
0.25,euclidean_fourier,4,cayley,630006,0.8578889637959702
0.25,euclidean_fourier,4,cayley,630007,0.8606003751469499
0.25,euclidean_fourier,4,cayley,630008,0.8861982801153264
0.25,euclidean_fourier,4,cayley,630009,0.861191334732792
0.25,euclidean_fourier,4,cayley,630010,0.8522765768554442
0.25,euclidean_fourier,4,cayley,630011,0.871401597049089
0.25,euclidean_fourier,4,cayley,630012,0.86554661070783
0.25,euclidean_fourier,4,cayley,630013,0.8786851086294387
0.25,euclidean_fourier,4,cayley,630014,0.8704080599712505
0.25,euclidean_fourier,4,cayley,630015,0.8830971965709978
0.25,euclidean_fourier,4,cayley,630016,0.8778461210299833
0.25,euclidean_fourier,4,cayley,630017,0.8879349796145121
0.25,euclidean_fourier,4,cayley,630018,0.8760933049176448
0.25,euclidean_fourier,4,cayley,630019,0.8800109386490239
0.25,euclidean_fourier,4,cayley,630020,0.87776253366217
0.25,euclidean_fourier,4,cayley,630021,0.8916036891302442
0.25,euclidean_fourier,4,cayley,630022,0.8745098589456999
0.25,euclidean_fourier,4,cayley,630023,0.8789683482433248
0.25,euclidean_fourier,4,cdf,630000,0.9365106066032662
0.25,euclidean_fourier,4,cdf,630001,0.9279221726529086
0.25,euclidean_fourier,4,cdf,630002,0.9137173739813836
0.25,euclidean_fourier,4,cdf,630003,0.9235208089539795
0.25,euclidean_fourier,4,cdf,630004,0.9222031883611324
0.25,euclidean_fourier,4,cdf,630005,0.9308588132290794
0.25,euclidean_fourier,4,cdf,630006,0.9158747074772652
0.25,euclidean_fourier,4,cdf,630007,0.8850174925334025
0.25,euclidean_fourier,4,cdf,630008,0.928665434088719
0.25,euclidean_fourier,4,cdf,630009,0.8976430570437437
0.25,euclidean_fourier,4,cdf,630010,0.8684487737519297
0.25,euclidean_fourier,4,cdf,630011,0.9084785693016483
0.25,euclidean_fourier,4,cdf,630012,0.9193052479038772
0.25,euclidean_fourier,4,cdf,630013,0.9712924340183685
0.25,euclidean_fourier,4,cdf,630014,0.9173153634796312
0.25,euclidean_fourier,4,cdf,630015,0.9552469334191037
0.25,euclidean_fourier,4,cdf,630016,0.9356314106909641
0.25,euclidean_fourier,4,cdf,630017,0.9634786611757146
0.25,euclidean_fourier,4,cdf,630018,0.9397326960135292
0.25,euclidean_fourier,4,cdf,630019,0.9168664042701052
0.25,euclidean_fourier,4,cdf,630020,0.9155350949891393
0.25,euclidean_fourier,4,cdf,630021,0.9751680411343531
0.25,euclidean_fourier,4,cdf,630022,0.9453131128074683
0.25,euclidean_fourier,4,cdf,630023,0.9719964197180493
0.25,cdf_cosine,1,cayley,630000,0.0038524720669576517
0.25,cdf_cosine,1,cayley,630001,0.0033606913059804695
0.25,cdf_cosine,1,cayley,630002,0.0030594932104430006
0.25,cdf_cosine,1,cayley,630003,0.0036182385358882988
0.25,cdf_cosine,1,cayley,630004,0.0033144711568779215
0.25,cdf_cosine,1,cayley,630005,0.0029353165919652055
0.25,cdf_cosine,1,cayley,630006,0.0034029702125662944
0.25,cdf_cosine,1,cayley,630007,0.00282867190520834
0.25,cdf_cosine,1,cayley,630008,0.00335655774754216
0.25,cdf_cosine,1,cayley,630009,0.002819726227359819
0.25,cdf_cosine,1,cayley,630010,0.0025032355701527205
0.25,cdf_cosine,1,cayley,630011,0.002730690464191171
0.25,cdf_cosine,1,cayley,630012,0.0036306290382130367
0.25,cdf_cosine,1,cayley,630013,0.00449024721353985
0.25,cdf_cosine,1,cayley,630014,0.0033981039935173925
0.25,cdf_cosine,1,cayley,630015,0.004134547804248255
0.25,cdf_cosine,1,cayley,630016,0.003537656459943866
0.25,cdf_cosine,1,cayley,630017,0.0036356972417499103
0.25,cdf_cosine,1,cayley,630018,0.0034153670685978907
0.25,cdf_cosine,1,cayley,630019,0.002995966818450924
0.25,cdf_cosine,1,cayley,630020,0.0026932617533360456
0.25,cdf_cosine,1,cayley,630021,0.003516895122239494
0.25,cdf_cosine,1,cayley,630022,0.0035930929165967425
0.25,cdf_cosine,1,cayley,630023,0.00358431814015043
0.25,cdf_cosine,1,cdf,630000,0.07948478061205153
0.25,cdf_cosine,1,cdf,630001,0.06982013347666444
0.25,cdf_cosine,1,cdf,630002,0.06965735265025508
0.25,cdf_cosine,1,cdf,630003,0.06905474920474683
0.25,cdf_cosine,1,cdf,630004,0.07293772626235014
0.25,cdf_cosine,1,cdf,630005,0.07103267363599115
0.25,cdf_cosine,1,cdf,630006,0.08175767769503683
0.25,cdf_cosine,1,cdf,630007,0.06418992628166974
0.25,cdf_cosine,1,cdf,630008,0.07650793415539067
0.25,cdf_cosine,1,cdf,630009,0.07825981305954763
0.25,cdf_cosine,1,cdf,630010,0.06627396068550967
0.25,cdf_cosine,1,cdf,630011,0.07673986488916713
0.25,cdf_cosine,1,cdf,630012,0.08054499617420618
0.25,cdf_cosine,1,cdf,630013,0.08697532157586027
0.25,cdf_cosine,1,cdf,630014,0.07494819040236254
0.25,cdf_cosine,1,cdf,630015,0.0939066385030121
0.25,cdf_cosine,1,cdf,630016,0.08375079636092528
0.25,cdf_cosine,1,cdf,630017,0.08194174233795752
0.25,cdf_cosine,1,cdf,630018,0.08179473565729614
0.25,cdf_cosine,1,cdf,630019,0.0754274921247037
0.25,cdf_cosine,1,cdf,630020,0.07267355001857083
0.25,cdf_cosine,1,cdf,630021,0.09209924458395037
0.25,cdf_cosine,1,cdf,630022,0.08462485821596089
0.25,cdf_cosine,1,cdf,630023,0.0847234027783398
0.25,cdf_cosine,2,cayley,630000,0.054440212533447475
0.25,cdf_cosine,2,cayley,630001,0.046137207082782995
0.25,cdf_cosine,2,cayley,630002,0.043438678019249236
0.25,cdf_cosine,2,cayley,630003,0.04975367323338425
0.25,cdf_cosine,2,cayley,630004,0.045348797815116304
0.25,cdf_cosine,2,cayley,630005,0.04058948766448304
0.25,cdf_cosine,2,cayley,630006,0.04766158941261196
0.25,cdf_cosine,2,cayley,630007,0.0395200171619853
0.25,cdf_cosine,2,cayley,630008,0.04782647382065922
0.25,cdf_cosine,2,cayley,630009,0.03942946983971463
0.25,cdf_cosine,2,cayley,630010,0.03558838485136831
0.25,cdf_cosine,2,cayley,630011,0.037936594692146476
0.25,cdf_cosine,2,cayley,630012,0.04968474778900909
0.25,cdf_cosine,2,cayley,630013,0.06092623682982895
0.25,cdf_cosine,2,cayley,630014,0.0466270488190452
0.25,cdf_cosine,2,cayley,630015,0.058170904412085826
0.25,cdf_cosine,2,cayley,630016,0.04807930814295465
0.25,cdf_cosine,2,cayley,630017,0.05089490586370546
0.25,cdf_cosine,2,cayley,630018,0.048124560546138506
0.25,cdf_cosine,2,cayley,630019,0.041440738992603705
0.25,cdf_cosine,2,cayley,630020,0.03728423512597459
0.25,cdf_cosine,2,cayley,630021,0.049731347879722186
0.25,cdf_cosine,2,cayley,630022,0.05054709345395049
0.25,cdf_cosine,2,cayley,630023,0.05003768913676319
0.25,cdf_cosine,2,cdf,630000,0.2534002311741944
0.25,cdf_cosine,2,cdf,630001,0.24150418376077876
0.25,cdf_cosine,2,cdf,630002,0.24000671601223872
0.25,cdf_cosine,2,cdf,630003,0.23118492015145184
0.25,cdf_cosine,2,cdf,630004,0.2427440141296717
0.25,cdf_cosine,2,cdf,630005,0.24300954611330067
0.25,cdf_cosine,2,cdf,630006,0.26196461142066435
0.25,cdf_cosine,2,cdf,630007,0.2130747602785787
0.25,cdf_cosine,2,cdf,630008,0.25867251759696286
0.25,cdf_cosine,2,cdf,630009,0.2618697021676624
0.25,cdf_cosine,2,cdf,630010,0.22159575908266146
0.25,cdf_cosine,2,cdf,630011,0.2445891139522471
0.25,cdf_cosine,2,cdf,630012,0.2466616155317083
0.25,cdf_cosine,2,cdf,630013,0.277554197200946
0.25,cdf_cosine,2,cdf,630014,0.24931699771560625
0.25,cdf_cosine,2,cdf,630015,0.28062797821137053
0.25,cdf_cosine,2,cdf,630016,0.2569222859379823
0.25,cdf_cosine,2,cdf,630017,0.26781445534695986
0.25,cdf_cosine,2,cdf,630018,0.2567438409533996
0.25,cdf_cosine,2,cdf,630019,0.24554240917052045
0.25,cdf_cosine,2,cdf,630020,0.24143457141619515
0.25,cdf_cosine,2,cdf,630021,0.286106773786847
0.25,cdf_cosine,2,cdf,630022,0.27083460312179153
0.25,cdf_cosine,2,cdf,630023,0.2754040365828961
0.25,cdf_cosine,3,cayley,630000,0.3748207494898478
0.25,cdf_cosine,3,cayley,630001,0.36159737645057993
0.25,cdf_cosine,3,cayley,630002,0.35897600368818855
0.25,cdf_cosine,3,cayley,630003,0.35438947661250403
0.25,cdf_cosine,3,cayley,630004,0.36421951079470266
0.25,cdf_cosine,3,cayley,630005,0.3652411136351162
0.25,cdf_cosine,3,cayley,630006,0.38256378314571443
0.25,cdf_cosine,3,cayley,630007,0.33466108976756637
0.25,cdf_cosine,3,cayley,630008,0.3759479237814475
0.25,cdf_cosine,3,cayley,630009,0.373758045861724
0.25,cdf_cosine,3,cayley,630010,0.33603131084260895
0.25,cdf_cosine,3,cayley,630011,0.36524032232190123
0.25,cdf_cosine,3,cayley,630012,0.37328075886108175
0.25,cdf_cosine,3,cayley,630013,0.40553788335092633
0.25,cdf_cosine,3,cayley,630014,0.3730635832068676
0.25,cdf_cosine,3,cayley,630015,0.40472243993942764
0.25,cdf_cosine,3,cayley,630016,0.3791420669976355
0.25,cdf_cosine,3,cayley,630017,0.3976941229423791
0.25,cdf_cosine,3,cayley,630018,0.37976183834188565
0.25,cdf_cosine,3,cayley,630019,0.3653116074774187
0.25,cdf_cosine,3,cayley,630020,0.35832697226066035
0.25,cdf_cosine,3,cayley,630021,0.4127850579565815
0.25,cdf_cosine,3,cayley,630022,0.3945193813940619
0.25,cdf_cosine,3,cayley,630023,0.4013662911343959
0.25,cdf_cosine,3,cdf,630000,0.6025852066941962
0.25,cdf_cosine,3,cdf,630001,0.583214433880712
0.25,cdf_cosine,3,cdf,630002,0.5931044636180174
0.25,cdf_cosine,3,cdf,630003,0.56538684273524
0.25,cdf_cosine,3,cdf,630004,0.5614622788310811
0.25,cdf_cosine,3,cdf,630005,0.5747033360553561
0.25,cdf_cosine,3,cdf,630006,0.605156031000578
0.25,cdf_cosine,3,cdf,630007,0.5136771468933955
0.25,cdf_cosine,3,cdf,630008,0.6372622153006304
0.25,cdf_cosine,3,cdf,630009,0.6193687820375848
0.25,cdf_cosine,3,cdf,630010,0.5485860304882333
0.25,cdf_cosine,3,cdf,630011,0.5743372433420398
0.25,cdf_cosine,3,cdf,630012,0.5799681216913615
0.25,cdf_cosine,3,cdf,630013,0.6559446193714977
0.25,cdf_cosine,3,cdf,630014,0.5903028534280053
0.25,cdf_cosine,3,cdf,630015,0.6563294155747011
0.25,cdf_cosine,3,cdf,630016,0.5896468559224394
0.25,cdf_cosine,3,cdf,630017,0.6309186450528541
0.25,cdf_cosine,3,cdf,630018,0.5878709972650465
0.25,cdf_cosine,3,cdf,630019,0.5741899267953583
0.25,cdf_cosine,3,cdf,630020,0.5436122019605771
0.25,cdf_cosine,3,cdf,630021,0.6624386657586971
0.25,cdf_cosine,3,cdf,630022,0.6349325557310974
0.25,cdf_cosine,3,cdf,630023,0.6310954975448314
0.25,cdf_cosine,4,cayley,630000,0.5842657588095054
0.25,cdf_cosine,4,cayley,630001,0.5941868825303096
0.25,cdf_cosine,4,cayley,630002,0.5839881933687192
0.25,cdf_cosine,4,cayley,630003,0.5669347609043512
0.25,cdf_cosine,4,cayley,630004,0.6008114725292558
0.25,cdf_cosine,4,cayley,630005,0.6053466317918775
0.25,cdf_cosine,4,cayley,630006,0.5996554951046559
0.25,cdf_cosine,4,cayley,630007,0.5503510482114642
0.25,cdf_cosine,4,cayley,630008,0.6089213090985167
0.25,cdf_cosine,4,cayley,630009,0.6112432974018521
0.25,cdf_cosine,4,cayley,630010,0.5550856292527233
0.25,cdf_cosine,4,cayley,630011,0.5986734277601202
0.25,cdf_cosine,4,cayley,630012,0.5898736005065913
0.25,cdf_cosine,4,cayley,630013,0.6425428988787099
0.25,cdf_cosine,4,cayley,630014,0.5990744022340484
0.25,cdf_cosine,4,cayley,630015,0.6059908883314454
0.25,cdf_cosine,4,cayley,630016,0.6076229469799402
0.25,cdf_cosine,4,cayley,630017,0.6382168311954625
0.25,cdf_cosine,4,cayley,630018,0.607523429618321
0.25,cdf_cosine,4,cayley,630019,0.5996346470973998
0.25,cdf_cosine,4,cayley,630020,0.5944827289747513
0.25,cdf_cosine,4,cayley,630021,0.6558403001694625
0.25,cdf_cosine,4,cayley,630022,0.6176573991124084
0.25,cdf_cosine,4,cayley,630023,0.6445703937548101
0.25,cdf_cosine,4,cdf,630000,0.7653966469999786
0.25,cdf_cosine,4,cdf,630001,0.750694353232304
0.25,cdf_cosine,4,cdf,630002,0.7593642615106918
0.25,cdf_cosine,4,cdf,630003,0.7362510791462914
0.25,cdf_cosine,4,cdf,630004,0.7341211009225602
0.25,cdf_cosine,4,cdf,630005,0.7709874418216446
0.25,cdf_cosine,4,cdf,630006,0.761206866799791
0.25,cdf_cosine,4,cdf,630007,0.6868874467919709
0.25,cdf_cosine,4,cdf,630008,0.7798015162319564
0.25,cdf_cosine,4,cdf,630009,0.7467802260963345
0.25,cdf_cosine,4,cdf,630010,0.690945950040819
0.25,cdf_cosine,4,cdf,630011,0.7261534997706446
0.25,cdf_cosine,4,cdf,630012,0.7346169370654011
0.25,cdf_cosine,4,cdf,630013,0.8048580924263801
0.25,cdf_cosine,4,cdf,630014,0.7629014646337293
0.25,cdf_cosine,4,cdf,630015,0.8034782228812053
0.25,cdf_cosine,4,cdf,630016,0.7472746193967381
0.25,cdf_cosine,4,cdf,630017,0.8132485668175178
0.25,cdf_cosine,4,cdf,630018,0.7758082775858121
0.25,cdf_cosine,4,cdf,630019,0.7301168491285952
0.25,cdf_cosine,4,cdf,630020,0.7314268586287035
0.25,cdf_cosine,4,cdf,630021,0.8397934064758062
0.25,cdf_cosine,4,cdf,630022,0.7964264660867707
0.25,cdf_cosine,4,cdf,630023,0.8240647251181646
0.25,cdf_legendre,1,cayley,630000,6.207209607854323e-07
0.25,cdf_legendre,1,cayley,630001,5.809661452347661e-07
0.25,cdf_legendre,1,cayley,630002,5.854380434574743e-07
0.25,cdf_legendre,1,cayley,630003,5.539477747948975e-07
0.25,cdf_legendre,1,cayley,630004,6.388014948988116e-07
0.25,cdf_legendre,1,cayley,630005,4.998828167811257e-07
0.25,cdf_legendre,1,cayley,630006,5.267161607730282e-07
0.25,cdf_legendre,1,cayley,630007,5.186137862476229e-07
0.25,cdf_legendre,1,cayley,630008,5.530116578082241e-07
0.25,cdf_legendre,1,cayley,630009,5.204106418816386e-07
0.25,cdf_legendre,1,cayley,630010,4.911418980267454e-07
0.25,cdf_legendre,1,cayley,630011,4.951019396195149e-07
0.25,cdf_legendre,1,cayley,630012,5.684793670147154e-07
0.25,cdf_legendre,1,cayley,630013,7.254132511496703e-07
0.25,cdf_legendre,1,cayley,630014,5.350268917634717e-07
0.25,cdf_legendre,1,cayley,630015,5.796970587085984e-07
0.25,cdf_legendre,1,cayley,630016,5.548793578631542e-07
0.25,cdf_legendre,1,cayley,630017,5.843901279511182e-07
0.25,cdf_legendre,1,cayley,630018,5.775150153264973e-07
0.25,cdf_legendre,1,cayley,630019,5.51567227663492e-07
0.25,cdf_legendre,1,cayley,630020,4.7245741083606944e-07
0.25,cdf_legendre,1,cayley,630021,5.887548153640897e-07
0.25,cdf_legendre,1,cayley,630022,6.038706837309309e-07
0.25,cdf_legendre,1,cayley,630023,6.037619614327749e-07
0.25,cdf_legendre,1,cdf,630000,0.11875790163945732
0.25,cdf_legendre,1,cdf,630001,0.11256987233701246
0.25,cdf_legendre,1,cdf,630002,0.11215584376175558
0.25,cdf_legendre,1,cdf,630003,0.1068412756789738
0.25,cdf_legendre,1,cdf,630004,0.11549308248961868
0.25,cdf_legendre,1,cdf,630005,0.11523476074298784
0.25,cdf_legendre,1,cdf,630006,0.12411474326388817
0.25,cdf_legendre,1,cdf,630007,0.09963532511540943
0.25,cdf_legendre,1,cdf,630008,0.11864479581853973
0.25,cdf_legendre,1,cdf,630009,0.12408367402459536
0.25,cdf_legendre,1,cdf,630010,0.10433156449744002
0.25,cdf_legendre,1,cdf,630011,0.11453639235070173
0.25,cdf_legendre,1,cdf,630012,0.11419348350050798
0.25,cdf_legendre,1,cdf,630013,0.12906256969565347
0.25,cdf_legendre,1,cdf,630014,0.11683258943911325
0.25,cdf_legendre,1,cdf,630015,0.13041403989585915
0.25,cdf_legendre,1,cdf,630016,0.1202239469489717
0.25,cdf_legendre,1,cdf,630017,0.12558931699377965
0.25,cdf_legendre,1,cdf,630018,0.12101962599519152
0.25,cdf_legendre,1,cdf,630019,0.11458704147267303
0.25,cdf_legendre,1,cdf,630020,0.1137526656796075
0.25,cdf_legendre,1,cdf,630021,0.13535107105182953
0.25,cdf_legendre,1,cdf,630022,0.12749456991377459
0.25,cdf_legendre,1,cdf,630023,0.13152697152130371
0.25,cdf_legendre,2,cayley,630000,0.020602272332474324
0.25,cdf_legendre,2,cayley,630001,0.020948915523174155
0.25,cdf_legendre,2,cayley,630002,0.0207775218131167
0.25,cdf_legendre,2,cayley,630003,0.020446170206521088
0.25,cdf_legendre,2,cayley,630004,0.02107216794640967
0.25,cdf_legendre,2,cayley,630005,0.020601253578573495
0.25,cdf_legendre,2,cayley,630006,0.02033215969135996
0.25,cdf_legendre,2,cayley,630007,0.02032518971770753
0.25,cdf_legendre,2,cayley,630008,0.02069616027286028
0.25,cdf_legendre,2,cayley,630009,0.02059300094632634
0.25,cdf_legendre,2,cayley,630010,0.01995922540688244
0.25,cdf_legendre,2,cayley,630011,0.020165763894978428
0.25,cdf_legendre,2,cayley,630012,0.02048853666541435
0.25,cdf_legendre,2,cayley,630013,0.021561003121780373
0.25,cdf_legendre,2,cayley,630014,0.020742820984176805
0.25,cdf_legendre,2,cayley,630015,0.020469411536190307
0.25,cdf_legendre,2,cayley,630016,0.020510887527949394
0.25,cdf_legendre,2,cayley,630017,0.021041997222251158
0.25,cdf_legendre,2,cayley,630018,0.020548538235892675
0.25,cdf_legendre,2,cayley,630019,0.020652149305029992
0.25,cdf_legendre,2,cayley,630020,0.020233414349684203
0.25,cdf_legendre,2,cayley,630021,0.020972065192074615
0.25,cdf_legendre,2,cayley,630022,0.020922371513110317
0.25,cdf_legendre,2,cayley,630023,0.021021981588136632
0.25,cdf_legendre,2,cdf,630000,0.31735430699240336
0.25,cdf_legendre,2,cdf,630001,0.31874571349750985
0.25,cdf_legendre,2,cdf,630002,0.31141225248058985
0.25,cdf_legendre,2,cdf,630003,0.2989552349691217
0.25,cdf_legendre,2,cdf,630004,0.31976258593772455
0.25,cdf_legendre,2,cdf,630005,0.31994098480898336
0.25,cdf_legendre,2,cdf,630006,0.33083349517186256
0.25,cdf_legendre,2,cdf,630007,0.2850924425554573
0.25,cdf_legendre,2,cdf,630008,0.3236061222254435
0.25,cdf_legendre,2,cdf,630009,0.3294722369347911
0.25,cdf_legendre,2,cdf,630010,0.2808223978177236
0.25,cdf_legendre,2,cdf,630011,0.30819383932870464
0.25,cdf_legendre,2,cdf,630012,0.3040368183612414
0.25,cdf_legendre,2,cdf,630013,0.35011179347511245
0.25,cdf_legendre,2,cdf,630014,0.3230766875478401
0.25,cdf_legendre,2,cdf,630015,0.33694637026247437
0.25,cdf_legendre,2,cdf,630016,0.3144214620572055
0.25,cdf_legendre,2,cdf,630017,0.342187489139143
0.25,cdf_legendre,2,cdf,630018,0.3252470601980634
0.25,cdf_legendre,2,cdf,630019,0.3169063274749017
0.25,cdf_legendre,2,cdf,630020,0.3175936690452675
0.25,cdf_legendre,2,cdf,630021,0.3545203520332249
0.25,cdf_legendre,2,cdf,630022,0.3450426497249557
0.25,cdf_legendre,2,cdf,630023,0.3491055125427254
0.25,cdf_legendre,3,cayley,630000,0.25134082775657535
0.25,cdf_legendre,3,cayley,630001,0.24430217250464525
0.25,cdf_legendre,3,cayley,630002,0.24122250278938473
0.25,cdf_legendre,3,cayley,630003,0.23360572142939404
0.25,cdf_legendre,3,cayley,630004,0.253035856962368
0.25,cdf_legendre,3,cayley,630005,0.2360595778483864
0.25,cdf_legendre,3,cayley,630006,0.24334961715499925
0.25,cdf_legendre,3,cayley,630007,0.22377590600137504
0.25,cdf_legendre,3,cayley,630008,0.24888538202859184
0.25,cdf_legendre,3,cayley,630009,0.24240845792301774
0.25,cdf_legendre,3,cayley,630010,0.217101841811381
0.25,cdf_legendre,3,cayley,630011,0.23104150214133368
0.25,cdf_legendre,3,cayley,630012,0.2372308044229024
0.25,cdf_legendre,3,cayley,630013,0.28151338407106086
0.25,cdf_legendre,3,cayley,630014,0.23837427922189416
0.25,cdf_legendre,3,cayley,630015,0.24914829705375205
0.25,cdf_legendre,3,cayley,630016,0.24023455745626238
0.25,cdf_legendre,3,cayley,630017,0.25504933856732925
0.25,cdf_legendre,3,cayley,630018,0.24876571636823477
0.25,cdf_legendre,3,cayley,630019,0.2395463112716898
0.25,cdf_legendre,3,cayley,630020,0.2301645608530985
0.25,cdf_legendre,3,cayley,630021,0.2596417821875604
0.25,cdf_legendre,3,cayley,630022,0.2551872854625957
0.25,cdf_legendre,3,cayley,630023,0.2604599361987622
0.25,cdf_legendre,3,cdf,630000,0.511456552424466
0.25,cdf_legendre,3,cdf,630001,0.5138026230835974
0.25,cdf_legendre,3,cdf,630002,0.5074092957567639
0.25,cdf_legendre,3,cdf,630003,0.4861857788361345
0.25,cdf_legendre,3,cdf,630004,0.5163457584412274
0.25,cdf_legendre,3,cdf,630005,0.5195999635545387
0.25,cdf_legendre,3,cdf,630006,0.5263709975686196
0.25,cdf_legendre,3,cdf,630007,0.4629925360136603
0.25,cdf_legendre,3,cdf,630008,0.5232080404613866
0.25,cdf_legendre,3,cdf,630009,0.5282561128783887
0.25,cdf_legendre,3,cdf,630010,0.4639796421878042
0.25,cdf_legendre,3,cdf,630011,0.496692818759514
0.25,cdf_legendre,3,cdf,630012,0.4965660928519102
0.25,cdf_legendre,3,cdf,630013,0.5539902480528536
0.25,cdf_legendre,3,cdf,630014,0.5206275230674043
0.25,cdf_legendre,3,cdf,630015,0.5412618527412476
0.25,cdf_legendre,3,cdf,630016,0.502413978907679
0.25,cdf_legendre,3,cdf,630017,0.5590211158608902
0.25,cdf_legendre,3,cdf,630018,0.5215912592976836
0.25,cdf_legendre,3,cdf,630019,0.5087666226456774
0.25,cdf_legendre,3,cdf,630020,0.5024502219235348
0.25,cdf_legendre,3,cdf,630021,0.5732431842954531
0.25,cdf_legendre,3,cdf,630022,0.5561686928084127
0.25,cdf_legendre,3,cdf,630023,0.5586619481666526
0.25,cdf_legendre,4,cayley,630000,0.8378820169906498
0.25,cdf_legendre,4,cayley,630001,0.8289030735775506
0.25,cdf_legendre,4,cayley,630002,0.8237657415071605
0.25,cdf_legendre,4,cayley,630003,0.8239120530332362
0.25,cdf_legendre,4,cayley,630004,0.8404187732984556
0.25,cdf_legendre,4,cayley,630005,0.8221951892189421
0.25,cdf_legendre,4,cayley,630006,0.8194634130189359
0.25,cdf_legendre,4,cayley,630007,0.7956786028480445
0.25,cdf_legendre,4,cayley,630008,0.8325286914633716
0.25,cdf_legendre,4,cayley,630009,0.8126289954199228
0.25,cdf_legendre,4,cayley,630010,0.7849132253674369
0.25,cdf_legendre,4,cayley,630011,0.8167088552094657
0.25,cdf_legendre,4,cayley,630012,0.8149326364724291
0.25,cdf_legendre,4,cayley,630013,0.8834726581098289
0.25,cdf_legendre,4,cayley,630014,0.8160779898447326
0.25,cdf_legendre,4,cayley,630015,0.8228929417081201
0.25,cdf_legendre,4,cayley,630016,0.8266076283213677
0.25,cdf_legendre,4,cayley,630017,0.8579792933978546
0.25,cdf_legendre,4,cayley,630018,0.8323287941855527
0.25,cdf_legendre,4,cayley,630019,0.8152282526193402
0.25,cdf_legendre,4,cayley,630020,0.8171789784049786
0.25,cdf_legendre,4,cayley,630021,0.8524282833815047
0.25,cdf_legendre,4,cayley,630022,0.8362329661369361
0.25,cdf_legendre,4,cayley,630023,0.8671379585495774
0.25,cdf_legendre,4,cdf,630000,0.952755210264746
0.25,cdf_legendre,4,cdf,630001,0.9153446414701069
0.25,cdf_legendre,4,cdf,630002,0.9216319507787326
0.25,cdf_legendre,4,cdf,630003,0.9219485742381593
0.25,cdf_legendre,4,cdf,630004,0.9394831786402603
0.25,cdf_legendre,4,cdf,630005,0.9297028007879368
0.25,cdf_legendre,4,cdf,630006,0.9176594793491882
0.25,cdf_legendre,4,cdf,630007,0.8716055108928427
0.25,cdf_legendre,4,cdf,630008,0.9313783673548319
0.25,cdf_legendre,4,cdf,630009,0.888766590974032
0.25,cdf_legendre,4,cdf,630010,0.8612967754332597
0.25,cdf_legendre,4,cdf,630011,0.8928488535778465
0.25,cdf_legendre,4,cdf,630012,0.9225988421611047
0.25,cdf_legendre,4,cdf,630013,0.9801174653003244
0.25,cdf_legendre,4,cdf,630014,0.9139371417002813
0.25,cdf_legendre,4,cdf,630015,0.9565603549159394
0.25,cdf_legendre,4,cdf,630016,0.9318369858077844
0.25,cdf_legendre,4,cdf,630017,0.9782195208260501
0.25,cdf_legendre,4,cdf,630018,0.9533999801171216
0.25,cdf_legendre,4,cdf,630019,0.9014765745463605
0.25,cdf_legendre,4,cdf,630020,0.9031064486162759
0.25,cdf_legendre,4,cdf,630021,0.978245011517172
0.25,cdf_legendre,4,cdf,630022,0.9423618654018839
0.25,cdf_legendre,4,cdf,630023,0.9882771622943657
0.25,cdf_rbf,1,cayley,630000,3.5802590116036786e-05
0.25,cdf_rbf,1,cayley,630001,3.606347630575431e-05
0.25,cdf_rbf,1,cayley,630002,3.518156691688212e-05
0.25,cdf_rbf,1,cayley,630003,3.550829744014475e-05
0.25,cdf_rbf,1,cayley,630004,3.604378757189562e-05
0.25,cdf_rbf,1,cayley,630005,3.5469533197687434e-05
0.25,cdf_rbf,1,cayley,630006,3.521159653501298e-05
0.25,cdf_rbf,1,cayley,630007,3.44538995404472e-05
0.25,cdf_rbf,1,cayley,630008,3.588260936630605e-05
0.25,cdf_rbf,1,cayley,630009,3.552452536387062e-05
0.25,cdf_rbf,1,cayley,630010,3.4158718184419074e-05
0.25,cdf_rbf,1,cayley,630011,3.492526442933197e-05
0.25,cdf_rbf,1,cayley,630012,3.494337824297432e-05
0.25,cdf_rbf,1,cayley,630013,3.7527026956165546e-05
0.25,cdf_rbf,1,cayley,630014,3.536289001736626e-05
0.25,cdf_rbf,1,cayley,630015,3.5847461000111956e-05
0.25,cdf_rbf,1,cayley,630016,3.6198905911732214e-05
0.25,cdf_rbf,1,cayley,630017,3.6039350381247174e-05
0.25,cdf_rbf,1,cayley,630018,3.570081936414448e-05
0.25,cdf_rbf,1,cayley,630019,3.547777342280178e-05
0.25,cdf_rbf,1,cayley,630020,3.57437218234562e-05
0.25,cdf_rbf,1,cayley,630021,3.6303328860191996e-05
0.25,cdf_rbf,1,cayley,630022,3.5640080193161516e-05
0.25,cdf_rbf,1,cayley,630023,3.6362160101371886e-05
0.25,cdf_rbf,1,cdf,630000,0.09954548532167079
0.25,cdf_rbf,1,cdf,630001,0.09089732822487767
0.25,cdf_rbf,1,cdf,630002,0.09143575622615444
0.25,cdf_rbf,1,cdf,630003,0.08820486437179673
0.25,cdf_rbf,1,cdf,630004,0.09445568864201583
0.25,cdf_rbf,1,cdf,630005,0.09333650808026822
0.25,cdf_rbf,1,cdf,630006,0.10357721073907308
0.25,cdf_rbf,1,cdf,630007,0.08131453049156012
0.25,cdf_rbf,1,cdf,630008,0.09725337260750602
0.25,cdf_rbf,1,cdf,630009,0.10088154816430087
0.25,cdf_rbf,1,cdf,630010,0.08521643002019183
0.25,cdf_rbf,1,cdf,630011,0.09653685165021976
0.25,cdf_rbf,1,cdf,630012,0.09688040453676518
0.25,cdf_rbf,1,cdf,630013,0.10831001396044701
0.25,cdf_rbf,1,cdf,630014,0.09531622214964702
0.25,cdf_rbf,1,cdf,630015,0.11202701555993191
0.25,cdf_rbf,1,cdf,630016,0.10193092500823778
0.25,cdf_rbf,1,cdf,630017,0.10442471728821166
0.25,cdf_rbf,1,cdf,630018,0.10157049021289248
0.25,cdf_rbf,1,cdf,630019,0.09451444738700117
0.25,cdf_rbf,1,cdf,630020,0.09335138982758245
0.25,cdf_rbf,1,cdf,630021,0.11433520825806838
0.25,cdf_rbf,1,cdf,630022,0.10640244042809624
0.25,cdf_rbf,1,cdf,630023,0.1098550116368496
0.25,cdf_rbf,2,cayley,630000,0.02462007481950219
0.25,cdf_rbf,2,cayley,630001,0.02214765900687261
0.25,cdf_rbf,2,cayley,630002,0.019504136697827044
0.25,cdf_rbf,2,cayley,630003,0.0225435709893341
0.25,cdf_rbf,2,cayley,630004,0.02164503036364788
0.25,cdf_rbf,2,cayley,630005,0.018484142953221625
0.25,cdf_rbf,2,cayley,630006,0.020697193106398597
0.25,cdf_rbf,2,cayley,630007,0.018450122729194357
0.25,cdf_rbf,2,cayley,630008,0.021358009702470922
0.25,cdf_rbf,2,cayley,630009,0.018989522301718697
0.25,cdf_rbf,2,cayley,630010,0.017164733449567853
0.25,cdf_rbf,2,cayley,630011,0.01700690310305723
0.25,cdf_rbf,2,cayley,630012,0.02145236302312081
0.25,cdf_rbf,2,cayley,630013,0.026845903991970285
0.25,cdf_rbf,2,cayley,630014,0.020206192811644656
0.25,cdf_rbf,2,cayley,630015,0.024806740109237765
0.25,cdf_rbf,2,cayley,630016,0.02264693165013184
0.25,cdf_rbf,2,cayley,630017,0.020602667669056204
0.25,cdf_rbf,2,cayley,630018,0.021061881050327025
0.25,cdf_rbf,2,cayley,630019,0.019394165475852456
0.25,cdf_rbf,2,cayley,630020,0.018564644700655754
0.25,cdf_rbf,2,cayley,630021,0.020244159251444883
0.25,cdf_rbf,2,cayley,630022,0.021383929459493654
0.25,cdf_rbf,2,cayley,630023,0.02119827991893979
0.25,cdf_rbf,2,cdf,630000,0.2689293498264722
0.25,cdf_rbf,2,cdf,630001,0.25964056639173755
0.25,cdf_rbf,2,cdf,630002,0.2561242703209434
0.25,cdf_rbf,2,cdf,630003,0.24872379965826807
0.25,cdf_rbf,2,cdf,630004,0.2622291354947465
0.25,cdf_rbf,2,cdf,630005,0.26208956732599176
0.25,cdf_rbf,2,cdf,630006,0.2777382412655015
0.25,cdf_rbf,2,cdf,630007,0.23290867281384223
0.25,cdf_rbf,2,cdf,630008,0.2693297932657191
0.25,cdf_rbf,2,cdf,630009,0.270416355141286
0.25,cdf_rbf,2,cdf,630010,0.23154213126290377
0.25,cdf_rbf,2,cdf,630011,0.2564644913183375
0.25,cdf_rbf,2,cdf,630012,0.25789118945564143
0.25,cdf_rbf,2,cdf,630013,0.29197872744928305
0.25,cdf_rbf,2,cdf,630014,0.2665691969291299
0.25,cdf_rbf,2,cdf,630015,0.29150212830947675
0.25,cdf_rbf,2,cdf,630016,0.26510768226177245
0.25,cdf_rbf,2,cdf,630017,0.28650220414999833
0.25,cdf_rbf,2,cdf,630018,0.2740515902013301
0.25,cdf_rbf,2,cdf,630019,0.26071981045168824
0.25,cdf_rbf,2,cdf,630020,0.2599169363246051
0.25,cdf_rbf,2,cdf,630021,0.3002897210688389
0.25,cdf_rbf,2,cdf,630022,0.28894441668993154
0.25,cdf_rbf,2,cdf,630023,0.29210646135822543
0.25,cdf_rbf,3,cayley,630000,0.4500041144236491
0.25,cdf_rbf,3,cayley,630001,0.41915640744401067
0.25,cdf_rbf,3,cayley,630002,0.4004678957465264
0.25,cdf_rbf,3,cayley,630003,0.42074684420816194
0.25,cdf_rbf,3,cayley,630004,0.4165133790155732
0.25,cdf_rbf,3,cayley,630005,0.4008060645163582
0.25,cdf_rbf,3,cayley,630006,0.4249100169689968
0.25,cdf_rbf,3,cayley,630007,0.3749525440798719
0.25,cdf_rbf,3,cayley,630008,0.4259643910230288
0.25,cdf_rbf,3,cayley,630009,0.4017446489416885
0.25,cdf_rbf,3,cayley,630010,0.3659220478226223
0.25,cdf_rbf,3,cayley,630011,0.3813004679077083
0.25,cdf_rbf,3,cayley,630012,0.41986629894054145
0.25,cdf_rbf,3,cayley,630013,0.47369985559420535
0.25,cdf_rbf,3,cayley,630014,0.41305695081242505
0.25,cdf_rbf,3,cayley,630015,0.4693147676333961
0.25,cdf_rbf,3,cayley,630016,0.43098795542787144
0.25,cdf_rbf,3,cayley,630017,0.4404292829302337
0.25,cdf_rbf,3,cayley,630018,0.4250448512520908
0.25,cdf_rbf,3,cayley,630019,0.3979949200659785
0.25,cdf_rbf,3,cayley,630020,0.39040396445240344
0.25,cdf_rbf,3,cayley,630021,0.4435334535276884
0.25,cdf_rbf,3,cayley,630022,0.4384499636966102
0.25,cdf_rbf,3,cayley,630023,0.44510231066012695
0.25,cdf_rbf,3,cdf,630000,0.6858687109515423
0.25,cdf_rbf,3,cdf,630001,0.6653749367045554
0.25,cdf_rbf,3,cdf,630002,0.6629700338664744
0.25,cdf_rbf,3,cdf,630003,0.6518871946814067
0.25,cdf_rbf,3,cdf,630004,0.6561589444021264
0.25,cdf_rbf,3,cdf,630005,0.6587613038727345
0.25,cdf_rbf,3,cdf,630006,0.6741985033577776
0.25,cdf_rbf,3,cdf,630007,0.599739606731128
0.25,cdf_rbf,3,cdf,630008,0.6781162538140623
0.25,cdf_rbf,3,cdf,630009,0.6446117889476588
0.25,cdf_rbf,3,cdf,630010,0.5882141618540758
0.25,cdf_rbf,3,cdf,630011,0.612878099802146
0.25,cdf_rbf,3,cdf,630012,0.6435272166016746
0.25,cdf_rbf,3,cdf,630013,0.7237297865579868
0.25,cdf_rbf,3,cdf,630014,0.6724384615085571
0.25,cdf_rbf,3,cdf,630015,0.7224749317417473
0.25,cdf_rbf,3,cdf,630016,0.6339898514284665
0.25,cdf_rbf,3,cdf,630017,0.7220180731272834
0.25,cdf_rbf,3,cdf,630018,0.672857487619284
0.25,cdf_rbf,3,cdf,630019,0.6359658397292473
0.25,cdf_rbf,3,cdf,630020,0.6172512357941878
0.25,cdf_rbf,3,cdf,630021,0.7294598831459204
0.25,cdf_rbf,3,cdf,630022,0.7181010333286346
0.25,cdf_rbf,3,cdf,630023,0.7074600013103203
0.25,cdf_rbf,4,cayley,630000,0.8496081853374878
0.25,cdf_rbf,4,cayley,630001,0.8404927292943576
0.25,cdf_rbf,4,cayley,630002,0.8276713260351841
0.25,cdf_rbf,4,cayley,630003,0.8448228743041829
0.25,cdf_rbf,4,cayley,630004,0.8476415239430751
0.25,cdf_rbf,4,cayley,630005,0.8511896621820669
0.25,cdf_rbf,4,cayley,630006,0.8364871769027369
0.25,cdf_rbf,4,cayley,630007,0.8115180599519192
0.25,cdf_rbf,4,cayley,630008,0.8424146053209651
0.25,cdf_rbf,4,cayley,630009,0.8272127514511011
0.25,cdf_rbf,4,cayley,630010,0.8114225457606391
0.25,cdf_rbf,4,cayley,630011,0.844553417024889
0.25,cdf_rbf,4,cayley,630012,0.8472369943263732
0.25,cdf_rbf,4,cayley,630013,0.8685979101175726
0.25,cdf_rbf,4,cayley,630014,0.8350780895663584
0.25,cdf_rbf,4,cayley,630015,0.8615312834318006
0.25,cdf_rbf,4,cayley,630016,0.8696888041697144
0.25,cdf_rbf,4,cayley,630017,0.8840303656188043
0.25,cdf_rbf,4,cayley,630018,0.8553865794090654
0.25,cdf_rbf,4,cayley,630019,0.8326051367398792
0.25,cdf_rbf,4,cayley,630020,0.8467437802181548
0.25,cdf_rbf,4,cayley,630021,0.8872591648653797
0.25,cdf_rbf,4,cayley,630022,0.8513417422716155
0.25,cdf_rbf,4,cayley,630023,0.8848902506956482
0.25,cdf_rbf,4,cdf,630000,0.9341704040330567
0.25,cdf_rbf,4,cdf,630001,0.8999078936695194
0.25,cdf_rbf,4,cdf,630002,0.8972071392158779
0.25,cdf_rbf,4,cdf,630003,0.9049652674614705
0.25,cdf_rbf,4,cdf,630004,0.9271417743723291
0.25,cdf_rbf,4,cdf,630005,0.9271208957839059
0.25,cdf_rbf,4,cdf,630006,0.9074627488934248
0.25,cdf_rbf,4,cdf,630007,0.8677417031532778
0.25,cdf_rbf,4,cdf,630008,0.9204034613677654
0.25,cdf_rbf,4,cdf,630009,0.8880490765426733
0.25,cdf_rbf,4,cdf,630010,0.8560747813457776
0.25,cdf_rbf,4,cdf,630011,0.8884212673568266
0.25,cdf_rbf,4,cdf,630012,0.9213804322586443
0.25,cdf_rbf,4,cdf,630013,0.9532200911025954
0.25,cdf_rbf,4,cdf,630014,0.9132466551224699
0.25,cdf_rbf,4,cdf,630015,0.9497418773666335
0.25,cdf_rbf,4,cdf,630016,0.9449391364604572
0.25,cdf_rbf,4,cdf,630017,0.9714836163762608
0.25,cdf_rbf,4,cdf,630018,0.9558481830778509
0.25,cdf_rbf,4,cdf,630019,0.9006421501153364
0.25,cdf_rbf,4,cdf,630020,0.9206360388262089
0.25,cdf_rbf,4,cdf,630021,0.974799094109551
0.25,cdf_rbf,4,cdf,630022,0.9229348761464063
0.25,cdf_rbf,4,cdf,630023,0.979399081123967
0.5,tm,1,cayley,630000,6.6228588592990326e-09
0.5,tm,1,cayley,630001,6.628451966941712e-09
0.5,tm,1,cayley,630002,6.622134779387553e-09
0.5,tm,1,cayley,630003,6.626797495235831e-09
0.5,tm,1,cayley,630004,6.623119895553033e-09
0.5,tm,1,cayley,630005,6.6255750068192284e-09
0.5,tm,1,cayley,630006,6.620170425366605e-09
0.5,tm,1,cayley,630007,6.618660237245556e-09
0.5,tm,1,cayley,630008,6.620892500031119e-09
0.5,tm,1,cayley,630009,6.625316525948579e-09
0.5,tm,1,cayley,630010,6.6319138523544076e-09
0.5,tm,1,cayley,630011,6.626616484411625e-09
0.5,tm,1,cayley,630012,6.617832503575447e-09
0.5,tm,1,cayley,630013,6.618942362289911e-09
0.5,tm,1,cayley,630014,6.623573376769637e-09
0.5,tm,1,cayley,630015,6.6285747275457284e-09
0.5,tm,1,cayley,630016,6.630826223700954e-09
0.5,tm,1,cayley,630017,6.6297412285695485e-09
0.5,tm,1,cayley,630018,6.623842754344116e-09
0.5,tm,1,cayley,630019,6.629914666129811e-09
0.5,tm,1,cayley,630020,6.6213920813665625e-09
0.5,tm,1,cayley,630021,6.63152365239126e-09
0.5,tm,1,cayley,630022,6.6227897617232395e-09
0.5,tm,1,cayley,630023,6.620595871950746e-09
0.5,tm,1,cdf,630000,0.13059965392187864
0.5,tm,1,cdf,630001,0.14954911805570525
0.5,tm,1,cdf,630002,0.1604375209081782
0.5,tm,1,cdf,630003,0.11469417005920321
0.5,tm,1,cdf,630004,0.11264651847274669
0.5,tm,1,cdf,630005,0.12242522318511494
0.5,tm,1,cdf,630006,0.1466231572912164
0.5,tm,1,cdf,630007,0.11815959271138554
0.5,tm,1,cdf,630008,0.15878024872486773
0.5,tm,1,cdf,630009,0.14681612047576129
0.5,tm,1,cdf,630010,0.15528426140253568
0.5,tm,1,cdf,630011,0.13552076424598716
0.5,tm,1,cdf,630012,0.144555680407752
0.5,tm,1,cdf,630013,0.12267060864104071
0.5,tm,1,cdf,630014,0.1270538708196524
0.5,tm,1,cdf,630015,0.13293191904996735
0.5,tm,1,cdf,630016,0.14635005883362093
0.5,tm,1,cdf,630017,0.13471616134076536
0.5,tm,1,cdf,630018,0.1495085610297977
0.5,tm,1,cdf,630019,0.1455177289275197
0.5,tm,1,cdf,630020,0.13383940876305664
0.5,tm,1,cdf,630021,0.12319724329707847
0.5,tm,1,cdf,630022,0.14188845709596604
0.5,tm,1,cdf,630023,0.13903500424316817
0.5,tm,2,cayley,630000,1.490272894320138e-08
0.5,tm,2,cayley,630001,1.4909322233287222e-08
0.5,tm,2,cayley,630002,1.4899643761227365e-08
0.5,tm,2,cayley,630003,1.4908143391339763e-08
0.5,tm,2,cayley,630004,1.4905074769856424e-08
0.5,tm,2,cayley,630005,1.4906900731512086e-08
0.5,tm,2,cayley,630006,1.4896960185914342e-08
0.5,tm,2,cayley,630007,1.4895890714031739e-08
0.5,tm,2,cayley,630008,1.4897003717493729e-08
0.5,tm,2,cayley,630009,1.4902515175559813e-08
0.5,tm,2,cayley,630010,1.491606405027401e-08
0.5,tm,2,cayley,630011,1.4901491088506023e-08
0.5,tm,2,cayley,630012,1.4892509785259425e-08
0.5,tm,2,cayley,630013,1.4891088904494912e-08
0.5,tm,2,cayley,630014,1.4902018959622144e-08
0.5,tm,2,cayley,630015,1.491041594881614e-08
0.5,tm,2,cayley,630016,1.4914711006526874e-08
0.5,tm,2,cayley,630017,1.4911980474865866e-08
0.5,tm,2,cayley,630018,1.4898799069938955e-08
0.5,tm,2,cayley,630019,1.4912993897625438e-08
0.5,tm,2,cayley,630020,1.489786854198194e-08
0.5,tm,2,cayley,630021,1.4913158428597057e-08
0.5,tm,2,cayley,630022,1.4902396444605646e-08
0.5,tm,2,cayley,630023,1.4896403287246886e-08
0.5,tm,2,cdf,630000,0.23344960458612005
0.5,tm,2,cdf,630001,0.2506910242949388
0.5,tm,2,cdf,630002,0.28716403448131333
0.5,tm,2,cdf,630003,0.2112868892679208
0.5,tm,2,cdf,630004,0.21709206734961242
0.5,tm,2,cdf,630005,0.22450839797758051
0.5,tm,2,cdf,630006,0.24878678941744856
0.5,tm,2,cdf,630007,0.23051582162868509
0.5,tm,2,cdf,630008,0.272245286610055
0.5,tm,2,cdf,630009,0.2508090510192295
0.5,tm,2,cdf,630010,0.2628291926091001
0.5,tm,2,cdf,630011,0.23888677617013288
0.5,tm,2,cdf,630012,0.24829633732275566
0.5,tm,2,cdf,630013,0.23492300670610142
0.5,tm,2,cdf,630014,0.22256435304346733
0.5,tm,2,cdf,630015,0.23251525715854238
0.5,tm,2,cdf,630016,0.2547769535712631
0.5,tm,2,cdf,630017,0.2335311436430745
0.5,tm,2,cdf,630018,0.25409185688242847
0.5,tm,2,cdf,630019,0.25595010050444095
0.5,tm,2,cdf,630020,0.23645615385424223
0.5,tm,2,cdf,630021,0.21932696105115534
0.5,tm,2,cdf,630022,0.2506676960979093
0.5,tm,2,cdf,630023,0.24885390897730086
0.5,tm,3,cayley,630000,2.650150270528921e-08
0.5,tm,3,cayley,630001,2.6498816144046253e-08
0.5,tm,3,cayley,630002,2.6507321666216454e-08
0.5,tm,3,cayley,630003,2.6504953918214687e-08
0.5,tm,3,cayley,630004,2.650134277663634e-08
0.5,tm,3,cayley,630005,2.6508636927479216e-08
0.5,tm,3,cayley,630006,2.6479241620309934e-08
0.5,tm,3,cayley,630007,2.649105897858306e-08
0.5,tm,3,cayley,630008,2.6491560878657854e-08
0.5,tm,3,cayley,630009,2.650459922645609e-08
0.5,tm,3,cayley,630010,2.651799845960989e-08
0.5,tm,3,cayley,630011,2.6490054222625158e-08
0.5,tm,3,cayley,630012,2.6484229870532958e-08
0.5,tm,3,cayley,630013,2.647489595431337e-08
0.5,tm,3,cayley,630014,2.6488560944702525e-08
0.5,tm,3,cayley,630015,2.6497653553661195e-08
0.5,tm,3,cayley,630016,2.652838374096389e-08
0.5,tm,3,cayley,630017,2.651374760695454e-08
0.5,tm,3,cayley,630018,2.6496466741841796e-08
0.5,tm,3,cayley,630019,2.6523985166606598e-08
0.5,tm,3,cayley,630020,2.648593136692559e-08
0.5,tm,3,cayley,630021,2.6506187766715767e-08
0.5,tm,3,cayley,630022,2.648520284873403e-08
0.5,tm,3,cayley,630023,2.6484536408916782e-08
0.5,tm,3,cdf,630000,0.3859992446873964
0.5,tm,3,cdf,630001,0.4008691921433444
0.5,tm,3,cdf,630002,0.45596772394331514
0.5,tm,3,cdf,630003,0.3571947294005597
0.5,tm,3,cdf,630004,0.3668195880233934
0.5,tm,3,cdf,630005,0.36927764059579615
0.5,tm,3,cdf,630006,0.40230880977185995
0.5,tm,3,cdf,630007,0.38682812750666934
0.5,tm,3,cdf,630008,0.42908823089278786
0.5,tm,3,cdf,630009,0.3974662504500715
0.5,tm,3,cdf,630010,0.4110551054080714
0.5,tm,3,cdf,630011,0.38988865918301024
0.5,tm,3,cdf,630012,0.4067763533923346
0.5,tm,3,cdf,630013,0.39128374364607266
0.5,tm,3,cdf,630014,0.3660560647978117
0.5,tm,3,cdf,630015,0.3796457930042641
0.5,tm,3,cdf,630016,0.40982206988049646
0.5,tm,3,cdf,630017,0.3827401852846979
0.5,tm,3,cdf,630018,0.4003198718378612
0.5,tm,3,cdf,630019,0.41007548372556113
0.5,tm,3,cdf,630020,0.3894376743347713
0.5,tm,3,cdf,630021,0.3632851131437023
0.5,tm,3,cdf,630022,0.4050956261552029
0.5,tm,3,cdf,630023,0.40399492372259144
0.5,tm,4,cayley,630000,1.0010863133428183
0.5,tm,4,cayley,630001,1.000114464036111
0.5,tm,4,cayley,630002,1.0029997863704392
0.5,tm,4,cayley,630003,1.0026921580638457
0.5,tm,4,cayley,630004,1.0021492662399998
0.5,tm,4,cayley,630005,1.0018702035538147
0.5,tm,4,cayley,630006,0.9995627824563904
0.5,tm,4,cayley,630007,1.0027904485819403
0.5,tm,4,cayley,630008,1.0016747765750817
0.5,tm,4,cayley,630009,1.0008273062152766
0.5,tm,4,cayley,630010,1.0018827437208968
0.5,tm,4,cayley,630011,0.9986158924049512
0.5,tm,4,cayley,630012,0.9999618222944774
0.5,tm,4,cayley,630013,0.9984478882996533
0.5,tm,4,cayley,630014,1.0000264884400887
0.5,tm,4,cayley,630015,1.0004033128131429
0.5,tm,4,cayley,630016,1.0033200530484907
0.5,tm,4,cayley,630017,1.0020216132228128
0.5,tm,4,cayley,630018,1.0000116071036547
0.5,tm,4,cayley,630019,1.0035254479219289
0.5,tm,4,cayley,630020,0.9991020781822944
0.5,tm,4,cayley,630021,0.9993551881516812
0.5,tm,4,cayley,630022,0.9995724594115449
0.5,tm,4,cayley,630023,1.0000482599404878
0.5,tm,4,cdf,630000,0.9933401771870349
0.5,tm,4,cdf,630001,0.9974248956882327
0.5,tm,4,cdf,630002,1.086877367463716
0.5,tm,4,cdf,630003,0.9694547978876077
0.5,tm,4,cdf,630004,0.9804103540150597
0.5,tm,4,cdf,630005,0.9803547544822497
0.5,tm,4,cdf,630006,1.0056026933681628
0.5,tm,4,cdf,630007,1.011503730117042
0.5,tm,4,cdf,630008,1.0364768282713182
0.5,tm,4,cdf,630009,0.9989328746029978
0.5,tm,4,cdf,630010,1.0014032137043114
0.5,tm,4,cdf,630011,1.0005527787453068
0.5,tm,4,cdf,630012,1.0253563290934582
0.5,tm,4,cdf,630013,1.013771079560543
0.5,tm,4,cdf,630014,0.960179952177337
0.5,tm,4,cdf,630015,0.9629873583708158
0.5,tm,4,cdf,630016,1.0085484248096064
0.5,tm,4,cdf,630017,0.9834872811356313
0.5,tm,4,cdf,630018,1.0036786036731649
0.5,tm,4,cdf,630019,1.0107983728700123
0.5,tm,4,cdf,630020,1.0004011623222984
0.5,tm,4,cdf,630021,0.943259107891617
0.5,tm,4,cdf,630022,1.0151731496086085
0.5,tm,4,cdf,630023,1.005895832913517
0.5,phase_fourier,1,cayley,630000,6.622858859028477e-09
0.5,phase_fourier,1,cayley,630001,6.6284519666645825e-09
0.5,phase_fourier,1,cayley,630002,6.6221347791264004e-09
0.5,phase_fourier,1,cayley,630003,6.62679749495352e-09
0.5,phase_fourier,1,cayley,630004,6.623119895281373e-09
0.5,phase_fourier,1,cayley,630005,6.625575006538614e-09
0.5,phase_fourier,1,cayley,630006,6.620170425091097e-09
0.5,phase_fourier,1,cayley,630007,6.618660236978599e-09
0.5,phase_fourier,1,cayley,630008,6.620892499768841e-09
0.5,phase_fourier,1,cayley,630009,6.625316525677972e-09
0.5,phase_fourier,1,cayley,630010,6.6319138520788985e-09
0.5,phase_fourier,1,cayley,630011,6.6266164841365615e-09
0.5,phase_fourier,1,cayley,630012,6.617832503301489e-09
0.5,phase_fourier,1,cayley,630013,6.618942362016515e-09
0.5,phase_fourier,1,cayley,630014,6.623573376488495e-09
0.5,phase_fourier,1,cayley,630015,6.628574727266775e-09
0.5,phase_fourier,1,cayley,630016,6.630826223419002e-09
0.5,phase_fourier,1,cayley,630017,6.629741228290641e-09
0.5,phase_fourier,1,cayley,630018,6.623842754068397e-09
0.5,phase_fourier,1,cayley,630019,6.629914665846012e-09
0.5,phase_fourier,1,cayley,630020,6.621392081086474e-09
0.5,phase_fourier,1,cayley,630021,6.63152365210862e-09
0.5,phase_fourier,1,cayley,630022,6.6227897614519756e-09
0.5,phase_fourier,1,cayley,630023,6.6205958716832746e-09
0.5,phase_fourier,1,cdf,630000,0.13059965392187875
0.5,phase_fourier,1,cdf,630001,0.1495491180557054
0.5,phase_fourier,1,cdf,630002,0.16043752090817798
0.5,phase_fourier,1,cdf,630003,0.11469417005920317
0.5,phase_fourier,1,cdf,630004,0.11264651847274677
0.5,phase_fourier,1,cdf,630005,0.12242522318511494
0.5,phase_fourier,1,cdf,630006,0.14662315729121636
0.5,phase_fourier,1,cdf,630007,0.11815959271138554
0.5,phase_fourier,1,cdf,630008,0.15878024872486782
0.5,phase_fourier,1,cdf,630009,0.14681612047576129
0.5,phase_fourier,1,cdf,630010,0.1552842614025356
0.5,phase_fourier,1,cdf,630011,0.1355207642459872
0.5,phase_fourier,1,cdf,630012,0.14455568040775205
0.5,phase_fourier,1,cdf,630013,0.12267060864104079
0.5,phase_fourier,1,cdf,630014,0.12705387081965258
0.5,phase_fourier,1,cdf,630015,0.13293191904996726
0.5,phase_fourier,1,cdf,630016,0.146350058833621
0.5,phase_fourier,1,cdf,630017,0.1347161613407653
0.5,phase_fourier,1,cdf,630018,0.1495085610297975
0.5,phase_fourier,1,cdf,630019,0.14551772892751974
0.5,phase_fourier,1,cdf,630020,0.13383940876305647
0.5,phase_fourier,1,cdf,630021,0.12319724329707844
0.5,phase_fourier,1,cdf,630022,0.14188845709596618
0.5,phase_fourier,1,cdf,630023,0.13903500424316828
0.5,phase_fourier,2,cayley,630000,1.490272894260337e-08
0.5,phase_fourier,2,cayley,630001,1.490932223270665e-08
0.5,phase_fourier,2,cayley,630002,1.489964376064288e-08
0.5,phase_fourier,2,cayley,630003,1.4908143390753447e-08
0.5,phase_fourier,2,cayley,630004,1.490507476926441e-08
0.5,phase_fourier,2,cayley,630005,1.4906900730914362e-08
0.5,phase_fourier,2,cayley,630006,1.4896960185324211e-08
0.5,phase_fourier,2,cayley,630007,1.4895890713446888e-08
0.5,phase_fourier,2,cayley,630008,1.4897003716911516e-08
0.5,phase_fourier,2,cayley,630009,1.4902515174968762e-08
0.5,phase_fourier,2,cayley,630010,1.4916064049670895e-08
0.5,phase_fourier,2,cayley,630011,1.490149108793038e-08
0.5,phase_fourier,2,cayley,630012,1.4892509784681881e-08
0.5,phase_fourier,2,cayley,630013,1.4891088903909536e-08
0.5,phase_fourier,2,cayley,630014,1.490201895902179e-08
0.5,phase_fourier,2,cayley,630015,1.4910415948216703e-08
0.5,phase_fourier,2,cayley,630016,1.4914711005935427e-08
0.5,phase_fourier,2,cayley,630017,1.4911980474277648e-08
0.5,phase_fourier,2,cayley,630018,1.4898799069339936e-08
0.5,phase_fourier,2,cayley,630019,1.4912993897018688e-08
0.5,phase_fourier,2,cayley,630020,1.4897868541397579e-08
0.5,phase_fourier,2,cayley,630021,1.4913158427999673e-08
0.5,phase_fourier,2,cayley,630022,1.4902396444023248e-08
0.5,phase_fourier,2,cayley,630023,1.489640328666653e-08
0.5,phase_fourier,2,cdf,630000,0.23344960458612005
0.5,phase_fourier,2,cdf,630001,0.25069102429493845
0.5,phase_fourier,2,cdf,630002,0.2871640344813135
0.5,phase_fourier,2,cdf,630003,0.2112868892679208
0.5,phase_fourier,2,cdf,630004,0.21709206734961253
0.5,phase_fourier,2,cdf,630005,0.22450839797758035
0.5,phase_fourier,2,cdf,630006,0.2487867894174485
0.5,phase_fourier,2,cdf,630007,0.23051582162868506
0.5,phase_fourier,2,cdf,630008,0.2722452866100552
0.5,phase_fourier,2,cdf,630009,0.2508090510192297
0.5,phase_fourier,2,cdf,630010,0.2628291926091002
0.5,phase_fourier,2,cdf,630011,0.23888677617013296
0.5,phase_fourier,2,cdf,630012,0.24829633732275552
0.5,phase_fourier,2,cdf,630013,0.23492300670610136
0.5,phase_fourier,2,cdf,630014,0.2225643530434673
0.5,phase_fourier,2,cdf,630015,0.23251525715854254
0.5,phase_fourier,2,cdf,630016,0.2547769535712631
0.5,phase_fourier,2,cdf,630017,0.2335311436430744
0.5,phase_fourier,2,cdf,630018,0.2540918568824283
0.5,phase_fourier,2,cdf,630019,0.255950100504441
0.5,phase_fourier,2,cdf,630020,0.23645615385424232
0.5,phase_fourier,2,cdf,630021,0.21932696105115532
0.5,phase_fourier,2,cdf,630022,0.25066769609790956
0.5,phase_fourier,2,cdf,630023,0.24885390897730095
0.5,phase_fourier,3,cayley,630000,2.650150270425685e-08
0.5,phase_fourier,3,cayley,630001,2.6498816143039862e-08
0.5,phase_fourier,3,cayley,630002,2.6507321665190872e-08
0.5,phase_fourier,3,cayley,630003,2.6504953917200706e-08
0.5,phase_fourier,3,cayley,630004,2.6501342775623815e-08
0.5,phase_fourier,3,cayley,630005,2.6508636926457823e-08
0.5,phase_fourier,3,cayley,630006,2.647924161928944e-08
0.5,phase_fourier,3,cayley,630007,2.649105897757494e-08
0.5,phase_fourier,3,cayley,630008,2.6491560877623736e-08
0.5,phase_fourier,3,cayley,630009,2.65045992254515e-08
0.5,phase_fourier,3,cayley,630010,2.6517998458568962e-08
0.5,phase_fourier,3,cayley,630011,2.649005422159986e-08
0.5,phase_fourier,3,cayley,630012,2.6484229869522494e-08
0.5,phase_fourier,3,cayley,630013,2.647489595329602e-08
0.5,phase_fourier,3,cayley,630014,2.648856094368258e-08
0.5,phase_fourier,3,cayley,630015,2.6497653552633533e-08
0.5,phase_fourier,3,cayley,630016,2.65283837399546e-08
0.5,phase_fourier,3,cayley,630017,2.6513747605929185e-08
0.5,phase_fourier,3,cayley,630018,2.649646674082539e-08
0.5,phase_fourier,3,cayley,630019,2.6523985165575855e-08
0.5,phase_fourier,3,cayley,630020,2.648593136591347e-08
0.5,phase_fourier,3,cayley,630021,2.6506187765683337e-08
0.5,phase_fourier,3,cayley,630022,2.648520284772041e-08
0.5,phase_fourier,3,cayley,630023,2.6484536407907198e-08
0.5,phase_fourier,3,cdf,630000,0.38599924468739627
0.5,phase_fourier,3,cdf,630001,0.4008691921433445
0.5,phase_fourier,3,cdf,630002,0.45596772394331464
0.5,phase_fourier,3,cdf,630003,0.3571947294005598
0.5,phase_fourier,3,cdf,630004,0.36681958802339326
0.5,phase_fourier,3,cdf,630005,0.36927764059579626
0.5,phase_fourier,3,cdf,630006,0.40230880977185973
0.5,phase_fourier,3,cdf,630007,0.38682812750666934
0.5,phase_fourier,3,cdf,630008,0.42908823089278814
0.5,phase_fourier,3,cdf,630009,0.39746625045007167
0.5,phase_fourier,3,cdf,630010,0.4110551054080712
0.5,phase_fourier,3,cdf,630011,0.38988865918301013
0.5,phase_fourier,3,cdf,630012,0.40677635339233437
0.5,phase_fourier,3,cdf,630013,0.3912837436460724
0.5,phase_fourier,3,cdf,630014,0.3660560647978118
0.5,phase_fourier,3,cdf,630015,0.3796457930042645
0.5,phase_fourier,3,cdf,630016,0.4098220698804968
0.5,phase_fourier,3,cdf,630017,0.38274018528469755
0.5,phase_fourier,3,cdf,630018,0.4003198718378614
0.5,phase_fourier,3,cdf,630019,0.4100754837255611
0.5,phase_fourier,3,cdf,630020,0.38943767433477144
0.5,phase_fourier,3,cdf,630021,0.36328511314370204
0.5,phase_fourier,3,cdf,630022,0.40509562615520295
0.5,phase_fourier,3,cdf,630023,0.4039949237225917
0.5,phase_fourier,4,cayley,630000,1.001086313342818
0.5,phase_fourier,4,cayley,630001,1.000114464036111
0.5,phase_fourier,4,cayley,630002,1.0029997863704387
0.5,phase_fourier,4,cayley,630003,1.002692158063845
0.5,phase_fourier,4,cayley,630004,1.0021492662400004
0.5,phase_fourier,4,cayley,630005,1.001870203553815
0.5,phase_fourier,4,cayley,630006,0.9995627824563904
0.5,phase_fourier,4,cayley,630007,1.0027904485819399
0.5,phase_fourier,4,cayley,630008,1.001674776575081
0.5,phase_fourier,4,cayley,630009,1.0008273062152766
0.5,phase_fourier,4,cayley,630010,1.001882743720897
0.5,phase_fourier,4,cayley,630011,0.9986158924049507
0.5,phase_fourier,4,cayley,630012,0.9999618222944774
0.5,phase_fourier,4,cayley,630013,0.9984478882996534
0.5,phase_fourier,4,cayley,630014,1.0000264884400887
0.5,phase_fourier,4,cayley,630015,1.0004033128131429
0.5,phase_fourier,4,cayley,630016,1.0033200530484907
0.5,phase_fourier,4,cayley,630017,1.0020216132228128
0.5,phase_fourier,4,cayley,630018,1.0000116071036549
0.5,phase_fourier,4,cayley,630019,1.0035254479219284
0.5,phase_fourier,4,cayley,630020,0.9991020781822944
0.5,phase_fourier,4,cayley,630021,0.9993551881516808
0.5,phase_fourier,4,cayley,630022,0.9995724594115448
0.5,phase_fourier,4,cayley,630023,1.000048259940488
0.5,phase_fourier,4,cdf,630000,0.9933401771870349
0.5,phase_fourier,4,cdf,630001,0.9974248956882327
0.5,phase_fourier,4,cdf,630002,1.086877367463716
0.5,phase_fourier,4,cdf,630003,0.9694547978876082
0.5,phase_fourier,4,cdf,630004,0.9804103540150594
0.5,phase_fourier,4,cdf,630005,0.9803547544822496
0.5,phase_fourier,4,cdf,630006,1.0056026933681623
0.5,phase_fourier,4,cdf,630007,1.0115037301170415
0.5,phase_fourier,4,cdf,630008,1.036476828271318
0.5,phase_fourier,4,cdf,630009,0.9989328746029978
0.5,phase_fourier,4,cdf,630010,1.0014032137043116
0.5,phase_fourier,4,cdf,630011,1.0005527787453061
0.5,phase_fourier,4,cdf,630012,1.0253563290934582
0.5,phase_fourier,4,cdf,630013,1.0137710795605432
0.5,phase_fourier,4,cdf,630014,0.9601799521773366
0.5,phase_fourier,4,cdf,630015,0.962987358370816
0.5,phase_fourier,4,cdf,630016,1.0085484248096068
0.5,phase_fourier,4,cdf,630017,0.9834872811356313
0.5,phase_fourier,4,cdf,630018,1.0036786036731646
0.5,phase_fourier,4,cdf,630019,1.0107983728700123
0.5,phase_fourier,4,cdf,630020,1.0004011623222986
0.5,phase_fourier,4,cdf,630021,0.9432591078916168
0.5,phase_fourier,4,cdf,630022,1.0151731496086085
0.5,phase_fourier,4,cdf,630023,1.0058958329135168
0.5,euclidean_fourier,1,cayley,630000,0.4524151736233938
0.5,euclidean_fourier,1,cayley,630001,0.4677028182974017
0.5,euclidean_fourier,1,cayley,630002,0.5217208246347728
0.5,euclidean_fourier,1,cayley,630003,0.4368212546282429
0.5,euclidean_fourier,1,cayley,630004,0.43226486124727453
0.5,euclidean_fourier,1,cayley,630005,0.4280638678274485
0.5,euclidean_fourier,1,cayley,630006,0.46518465352439264
0.5,euclidean_fourier,1,cayley,630007,0.45769518123197955
0.5,euclidean_fourier,1,cayley,630008,0.4819352209878812
0.5,euclidean_fourier,1,cayley,630009,0.472752027272447
0.5,euclidean_fourier,1,cayley,630010,0.4612124703603043
0.5,euclidean_fourier,1,cayley,630011,0.44226975146153763
0.5,euclidean_fourier,1,cayley,630012,0.4702362990593596
0.5,euclidean_fourier,1,cayley,630013,0.47246327222222545
0.5,euclidean_fourier,1,cayley,630014,0.435749918967689
0.5,euclidean_fourier,1,cayley,630015,0.4315445740425934
0.5,euclidean_fourier,1,cayley,630016,0.46077948936726704
0.5,euclidean_fourier,1,cayley,630017,0.4464986946766663
0.5,euclidean_fourier,1,cayley,630018,0.4549526951532475
0.5,euclidean_fourier,1,cayley,630019,0.4569837990035559
0.5,euclidean_fourier,1,cayley,630020,0.4517906924165975
0.5,euclidean_fourier,1,cayley,630021,0.42211765811024865
0.5,euclidean_fourier,1,cayley,630022,0.47585157716546944
0.5,euclidean_fourier,1,cayley,630023,0.47809854628370946
0.5,euclidean_fourier,1,cdf,630000,0.741642972022808
0.5,euclidean_fourier,1,cdf,630001,0.7737896887562751
0.5,euclidean_fourier,1,cdf,630002,0.8969136666416478
0.5,euclidean_fourier,1,cdf,630003,0.7414096175284285
0.5,euclidean_fourier,1,cdf,630004,0.7280316178241909
0.5,euclidean_fourier,1,cdf,630005,0.7496719806623665
0.5,euclidean_fourier,1,cdf,630006,0.7779178950530015
0.5,euclidean_fourier,1,cdf,630007,0.7738527832480318
0.5,euclidean_fourier,1,cdf,630008,0.8161772622927629
0.5,euclidean_fourier,1,cdf,630009,0.7681851032002203
0.5,euclidean_fourier,1,cdf,630010,0.7806590168366166
0.5,euclidean_fourier,1,cdf,630011,0.7536420188154509
0.5,euclidean_fourier,1,cdf,630012,0.7925748680032896
0.5,euclidean_fourier,1,cdf,630013,0.7743049198896526
0.5,euclidean_fourier,1,cdf,630014,0.7228861611841425
0.5,euclidean_fourier,1,cdf,630015,0.7167234544550259
0.5,euclidean_fourier,1,cdf,630016,0.7762677703373082
0.5,euclidean_fourier,1,cdf,630017,0.7477663211320931
0.5,euclidean_fourier,1,cdf,630018,0.7838980275250581
0.5,euclidean_fourier,1,cdf,630019,0.7713084158762276
0.5,euclidean_fourier,1,cdf,630020,0.7671466489485369
0.5,euclidean_fourier,1,cdf,630021,0.6927789007244632
0.5,euclidean_fourier,1,cdf,630022,0.7903348807946651
0.5,euclidean_fourier,1,cdf,630023,0.805740027407442
0.5,euclidean_fourier,2,cayley,630000,0.4799006686541872
0.5,euclidean_fourier,2,cayley,630001,0.4802592205515179
0.5,euclidean_fourier,2,cayley,630002,0.5193626041432391
0.5,euclidean_fourier,2,cayley,630003,0.46318905754368955
0.5,euclidean_fourier,2,cayley,630004,0.47840146964449226
0.5,euclidean_fourier,2,cayley,630005,0.4637368717278537
0.5,euclidean_fourier,2,cayley,630006,0.4672311450823085
0.5,euclidean_fourier,2,cayley,630007,0.47225392117329573
0.5,euclidean_fourier,2,cayley,630008,0.48955907543436594
0.5,euclidean_fourier,2,cayley,630009,0.47415963337828615
0.5,euclidean_fourier,2,cayley,630010,0.4777344944435015
0.5,euclidean_fourier,2,cayley,630011,0.47343985641290914
0.5,euclidean_fourier,2,cayley,630012,0.48163227370166434
0.5,euclidean_fourier,2,cayley,630013,0.48926922706539944
0.5,euclidean_fourier,2,cayley,630014,0.4572124264593045
0.5,euclidean_fourier,2,cayley,630015,0.4546978939096872
0.5,euclidean_fourier,2,cayley,630016,0.48595252644550235
0.5,euclidean_fourier,2,cayley,630017,0.46617010320006536
0.5,euclidean_fourier,2,cayley,630018,0.48081621410785474
0.5,euclidean_fourier,2,cayley,630019,0.4871113328841922
0.5,euclidean_fourier,2,cayley,630020,0.4832677456027153
0.5,euclidean_fourier,2,cayley,630021,0.4517645366055853
0.5,euclidean_fourier,2,cayley,630022,0.4715168246705698
0.5,euclidean_fourier,2,cayley,630023,0.4814639420218916
0.5,euclidean_fourier,2,cdf,630000,0.7446153864433924
0.5,euclidean_fourier,2,cdf,630001,0.7637340838787174
0.5,euclidean_fourier,2,cdf,630002,0.8587688297362537
0.5,euclidean_fourier,2,cdf,630003,0.7140475775312276
0.5,euclidean_fourier,2,cdf,630004,0.7281531865255885
0.5,euclidean_fourier,2,cdf,630005,0.7272278497636914
0.5,euclidean_fourier,2,cdf,630006,0.7610050957897551
0.5,euclidean_fourier,2,cdf,630007,0.7562631681415645
0.5,euclidean_fourier,2,cdf,630008,0.7995527722592987
0.5,euclidean_fourier,2,cdf,630009,0.7545922902942942
0.5,euclidean_fourier,2,cdf,630010,0.7485211452087912
0.5,euclidean_fourier,2,cdf,630011,0.7478763499219777
0.5,euclidean_fourier,2,cdf,630012,0.7889307371977966
0.5,euclidean_fourier,2,cdf,630013,0.7621875191792212
0.5,euclidean_fourier,2,cdf,630014,0.7096445085610986
0.5,euclidean_fourier,2,cdf,630015,0.7099343814023155
0.5,euclidean_fourier,2,cdf,630016,0.7712191990107308
0.5,euclidean_fourier,2,cdf,630017,0.7260280186427205
0.5,euclidean_fourier,2,cdf,630018,0.7664422595819004
0.5,euclidean_fourier,2,cdf,630019,0.7759468061902867
0.5,euclidean_fourier,2,cdf,630020,0.751133629297291
0.5,euclidean_fourier,2,cdf,630021,0.684201973875006
0.5,euclidean_fourier,2,cdf,630022,0.7678778551864861
0.5,euclidean_fourier,2,cdf,630023,0.7675480362578982
0.5,euclidean_fourier,3,cayley,630000,0.8551548576490405
0.5,euclidean_fourier,3,cayley,630001,0.8452141073134101
0.5,euclidean_fourier,3,cayley,630002,0.8771432782032684
0.5,euclidean_fourier,3,cayley,630003,0.8463738442877311
0.5,euclidean_fourier,3,cayley,630004,0.8340797256217891
0.5,euclidean_fourier,3,cayley,630005,0.8475447247467677
0.5,euclidean_fourier,3,cayley,630006,0.8494033391229602
0.5,euclidean_fourier,3,cayley,630007,0.8550493413383043
0.5,euclidean_fourier,3,cayley,630008,0.858756353842454
0.5,euclidean_fourier,3,cayley,630009,0.8441038704461429
0.5,euclidean_fourier,3,cayley,630010,0.850898490767808
0.5,euclidean_fourier,3,cayley,630011,0.8402896911964564
0.5,euclidean_fourier,3,cayley,630012,0.8548328724385247
0.5,euclidean_fourier,3,cayley,630013,0.851305851520989
0.5,euclidean_fourier,3,cayley,630014,0.8329096345915422
0.5,euclidean_fourier,3,cayley,630015,0.8426319446908402
0.5,euclidean_fourier,3,cayley,630016,0.855173814514293
0.5,euclidean_fourier,3,cayley,630017,0.8454983975744176
0.5,euclidean_fourier,3,cayley,630018,0.8533610032045532
0.5,euclidean_fourier,3,cayley,630019,0.8426611613379614
0.5,euclidean_fourier,3,cayley,630020,0.8406809747181577
0.5,euclidean_fourier,3,cayley,630021,0.8371078009903765
0.5,euclidean_fourier,3,cayley,630022,0.8655059809537547
0.5,euclidean_fourier,3,cayley,630023,0.8527375256649448
0.5,euclidean_fourier,3,cdf,630000,0.9429525433836516
0.5,euclidean_fourier,3,cdf,630001,0.9376197545505809
0.5,euclidean_fourier,3,cdf,630002,1.054351539390984
0.5,euclidean_fourier,3,cdf,630003,0.9081685053123159
0.5,euclidean_fourier,3,cdf,630004,0.9161461832260132
0.5,euclidean_fourier,3,cdf,630005,0.9256435487947331
0.5,euclidean_fourier,3,cdf,630006,0.9406261290072504
0.5,euclidean_fourier,3,cdf,630007,0.9595201117642109
0.5,euclidean_fourier,3,cdf,630008,0.9814819572496173
0.5,euclidean_fourier,3,cdf,630009,0.9446568966589458
0.5,euclidean_fourier,3,cdf,630010,0.9524006877609413
0.5,euclidean_fourier,3,cdf,630011,0.9377685642499183
0.5,euclidean_fourier,3,cdf,630012,0.9674774138235024
0.5,euclidean_fourier,3,cdf,630013,0.9638263145576722
0.5,euclidean_fourier,3,cdf,630014,0.8905878073122163
0.5,euclidean_fourier,3,cdf,630015,0.893115569823037
0.5,euclidean_fourier,3,cdf,630016,0.9442631727866173
0.5,euclidean_fourier,3,cdf,630017,0.9309278680413522
0.5,euclidean_fourier,3,cdf,630018,0.9455388904884745
0.5,euclidean_fourier,3,cdf,630019,0.9430932692992466
0.5,euclidean_fourier,3,cdf,630020,0.9432582019455703
0.5,euclidean_fourier,3,cdf,630021,0.8707385148583859
0.5,euclidean_fourier,3,cdf,630022,0.9647765312339222
0.5,euclidean_fourier,3,cdf,630023,0.9471786468616784
0.5,euclidean_fourier,4,cayley,630000,0.9506228097008632
0.5,euclidean_fourier,4,cayley,630001,0.9606457600178174
0.5,euclidean_fourier,4,cayley,630002,0.9551294617649104
0.5,euclidean_fourier,4,cayley,630003,0.9519054490906151
0.5,euclidean_fourier,4,cayley,630004,0.9523951485429398
0.5,euclidean_fourier,4,cayley,630005,0.952868984585728
0.5,euclidean_fourier,4,cayley,630006,0.9601654692115168
0.5,euclidean_fourier,4,cayley,630007,0.9519149629624835
0.5,euclidean_fourier,4,cayley,630008,0.9563434444370177
0.5,euclidean_fourier,4,cayley,630009,0.9543591702060151
0.5,euclidean_fourier,4,cayley,630010,0.9541433583652568
0.5,euclidean_fourier,4,cayley,630011,0.957882208123129
0.5,euclidean_fourier,4,cayley,630012,0.9546671302292471
0.5,euclidean_fourier,4,cayley,630013,0.9555306195363169
0.5,euclidean_fourier,4,cayley,630014,0.9575367173514072
0.5,euclidean_fourier,4,cayley,630015,0.9612821890905023
0.5,euclidean_fourier,4,cayley,630016,0.9602711513615367
0.5,euclidean_fourier,4,cayley,630017,0.9565214855695969
0.5,euclidean_fourier,4,cayley,630018,0.9544840042842478
0.5,euclidean_fourier,4,cayley,630019,0.9535101802275927
0.5,euclidean_fourier,4,cayley,630020,0.957256845050715
0.5,euclidean_fourier,4,cayley,630021,0.9582642423720691
0.5,euclidean_fourier,4,cayley,630022,0.9556616601231355
0.5,euclidean_fourier,4,cayley,630023,0.9573253145888382
0.5,euclidean_fourier,4,cdf,630000,0.9705497275740339
0.5,euclidean_fourier,4,cdf,630001,0.9827614389362053
0.5,euclidean_fourier,4,cdf,630002,1.0712020309437478
0.5,euclidean_fourier,4,cdf,630003,0.9492143841798228
0.5,euclidean_fourier,4,cdf,630004,0.9582781213490537
0.5,euclidean_fourier,4,cdf,630005,0.9543337994943749
0.5,euclidean_fourier,4,cdf,630006,0.9893866360831651
0.5,euclidean_fourier,4,cdf,630007,0.994436438400817
0.5,euclidean_fourier,4,cdf,630008,1.0162778210537862
0.5,euclidean_fourier,4,cdf,630009,0.9758498254011221
0.5,euclidean_fourier,4,cdf,630010,0.9763839203412389
0.5,euclidean_fourier,4,cdf,630011,0.9825706711071647
0.5,euclidean_fourier,4,cdf,630012,1.0092525884673653
0.5,euclidean_fourier,4,cdf,630013,0.9938934972621108
0.5,euclidean_fourier,4,cdf,630014,0.9406785203921493
0.5,euclidean_fourier,4,cdf,630015,0.9458629213478295
0.5,euclidean_fourier,4,cdf,630016,0.9867232161409363
0.5,euclidean_fourier,4,cdf,630017,0.9547083454573845
0.5,euclidean_fourier,4,cdf,630018,0.9886157314856137
0.5,euclidean_fourier,4,cdf,630019,0.9872554340014327
0.5,euclidean_fourier,4,cdf,630020,0.9800471973914875
0.5,euclidean_fourier,4,cdf,630021,0.9239417216548313
0.5,euclidean_fourier,4,cdf,630022,0.9982014001895138
0.5,euclidean_fourier,4,cdf,630023,0.9943107380201424
0.5,cdf_cosine,1,cayley,630000,0.0005555471042701148
0.5,cdf_cosine,1,cayley,630001,0.0006856274248571849
0.5,cdf_cosine,1,cayley,630002,0.0005984055755812969
0.5,cdf_cosine,1,cayley,630003,0.0005537640608573586
0.5,cdf_cosine,1,cayley,630004,0.0004258286673231928
0.5,cdf_cosine,1,cayley,630005,0.0004785512938747015
0.5,cdf_cosine,1,cayley,630006,0.0006830086837458117
0.5,cdf_cosine,1,cayley,630007,0.0004386812016477768
0.5,cdf_cosine,1,cayley,630008,0.0006110806608804496
0.5,cdf_cosine,1,cayley,630009,0.0006107545913078297
0.5,cdf_cosine,1,cayley,630010,0.0006731428680614682
0.5,cdf_cosine,1,cayley,630011,0.0005933170996911228
0.5,cdf_cosine,1,cayley,630012,0.0005645117612668479
0.5,cdf_cosine,1,cayley,630013,0.0005043152445349458
0.5,cdf_cosine,1,cayley,630014,0.0005056056369478407
0.5,cdf_cosine,1,cayley,630015,0.0005451317849761612
0.5,cdf_cosine,1,cayley,630016,0.0005609560550919603
0.5,cdf_cosine,1,cayley,630017,0.0006684707445453351
0.5,cdf_cosine,1,cayley,630018,0.0006417928954218175
0.5,cdf_cosine,1,cayley,630019,0.0005690983768551222
0.5,cdf_cosine,1,cayley,630020,0.000551548010002307
0.5,cdf_cosine,1,cayley,630021,0.0005296467315245058
0.5,cdf_cosine,1,cayley,630022,0.000508425892170022
0.5,cdf_cosine,1,cayley,630023,0.0005871198285288359
0.5,cdf_cosine,1,cdf,630000,0.07445661264392917
0.5,cdf_cosine,1,cdf,630001,0.07267684233535646
0.5,cdf_cosine,1,cdf,630002,0.09286734285823925
0.5,cdf_cosine,1,cdf,630003,0.06502844227579692
0.5,cdf_cosine,1,cdf,630004,0.0754863345359802
0.5,cdf_cosine,1,cdf,630005,0.07359295552620222
0.5,cdf_cosine,1,cdf,630006,0.07320609703260628
0.5,cdf_cosine,1,cdf,630007,0.08120280434661933
0.5,cdf_cosine,1,cdf,630008,0.08836572486610889
0.5,cdf_cosine,1,cdf,630009,0.07570342106711568
0.5,cdf_cosine,1,cdf,630010,0.07833569631137363
0.5,cdf_cosine,1,cdf,630011,0.07143319214433472
0.5,cdf_cosine,1,cdf,630012,0.0785932350094599
0.5,cdf_cosine,1,cdf,630013,0.07543922634076838
0.5,cdf_cosine,1,cdf,630014,0.07169558034034468
0.5,cdf_cosine,1,cdf,630015,0.07434710108334856
0.5,cdf_cosine,1,cdf,630016,0.08331074752782404
0.5,cdf_cosine,1,cdf,630017,0.06707037833520678
0.5,cdf_cosine,1,cdf,630018,0.07602082177182443
0.5,cdf_cosine,1,cdf,630019,0.08243888145521462
0.5,cdf_cosine,1,cdf,630020,0.07475639023824092
0.5,cdf_cosine,1,cdf,630021,0.0686795704650682
0.5,cdf_cosine,1,cdf,630022,0.08159042599646779
0.5,cdf_cosine,1,cdf,630023,0.07951045004981229
0.5,cdf_cosine,2,cayley,630000,0.002895712491699729
0.5,cdf_cosine,2,cayley,630001,0.003494501743565833
0.5,cdf_cosine,2,cayley,630002,0.0031277979918496552
0.5,cdf_cosine,2,cayley,630003,0.002879739227918402
0.5,cdf_cosine,2,cayley,630004,0.00227155029578516
0.5,cdf_cosine,2,cayley,630005,0.0025278763575807012
0.5,cdf_cosine,2,cayley,630006,0.0034763027481931504
0.5,cdf_cosine,2,cayley,630007,0.002338094651127498
0.5,cdf_cosine,2,cayley,630008,0.0031598751160880002
0.5,cdf_cosine,2,cayley,630009,0.0031639338906403647
0.5,cdf_cosine,2,cayley,630010,0.0034586784777354595
0.5,cdf_cosine,2,cayley,630011,0.003069028195438051
0.5,cdf_cosine,2,cayley,630012,0.00294768829651277
0.5,cdf_cosine,2,cayley,630013,0.002653855189261462
0.5,cdf_cosine,2,cayley,630014,0.002636428465162104
0.5,cdf_cosine,2,cayley,630015,0.0028234619302337205
0.5,cdf_cosine,2,cayley,630016,0.0029248403129083353
0.5,cdf_cosine,2,cayley,630017,0.003410333865151848
0.5,cdf_cosine,2,cayley,630018,0.0033019353316652332
0.5,cdf_cosine,2,cayley,630019,0.002959731963084752
0.5,cdf_cosine,2,cayley,630020,0.0028697530864370386
0.5,cdf_cosine,2,cayley,630021,0.002752903116423775
0.5,cdf_cosine,2,cayley,630022,0.002662544593254517
0.5,cdf_cosine,2,cayley,630023,0.003035952478430218
0.5,cdf_cosine,2,cdf,630000,0.22190445740919865
0.5,cdf_cosine,2,cdf,630001,0.21422156592820313
0.5,cdf_cosine,2,cdf,630002,0.27677308550040525
0.5,cdf_cosine,2,cdf,630003,0.20746360998097452
0.5,cdf_cosine,2,cdf,630004,0.22266530290293893
0.5,cdf_cosine,2,cdf,630005,0.22480396053195917
0.5,cdf_cosine,2,cdf,630006,0.21895082821001421
0.5,cdf_cosine,2,cdf,630007,0.24114776551101763
0.5,cdf_cosine,2,cdf,630008,0.24795344724450788
0.5,cdf_cosine,2,cdf,630009,0.22649262318503088
0.5,cdf_cosine,2,cdf,630010,0.23414147358401888
0.5,cdf_cosine,2,cdf,630011,0.21543537700803514
0.5,cdf_cosine,2,cdf,630012,0.22805104530200246
0.5,cdf_cosine,2,cdf,630013,0.2351545057965868
0.5,cdf_cosine,2,cdf,630014,0.2064215183434331
0.5,cdf_cosine,2,cdf,630015,0.21243081429119554
0.5,cdf_cosine,2,cdf,630016,0.23239627357401066
0.5,cdf_cosine,2,cdf,630017,0.21821565846090596
0.5,cdf_cosine,2,cdf,630018,0.21911184275466397
0.5,cdf_cosine,2,cdf,630019,0.23559861686942132
0.5,cdf_cosine,2,cdf,630020,0.22439452948089061
0.5,cdf_cosine,2,cdf,630021,0.19901911402240377
0.5,cdf_cosine,2,cdf,630022,0.23640771245017775
0.5,cdf_cosine,2,cdf,630023,0.23326868893351713
0.5,cdf_cosine,3,cayley,630000,0.22746533594271984
0.5,cdf_cosine,3,cayley,630001,0.2317997997128325
0.5,cdf_cosine,3,cayley,630002,0.23465303818342773
0.5,cdf_cosine,3,cayley,630003,0.22240862572996922
0.5,cdf_cosine,3,cayley,630004,0.2099276062849799
0.5,cdf_cosine,3,cayley,630005,0.2153591230000312
0.5,cdf_cosine,3,cayley,630006,0.2273751664924076
0.5,cdf_cosine,3,cayley,630007,0.21032240532731294
0.5,cdf_cosine,3,cayley,630008,0.22623147363036944
0.5,cdf_cosine,3,cayley,630009,0.23588559317211957
0.5,cdf_cosine,3,cayley,630010,0.23919147762027346
0.5,cdf_cosine,3,cayley,630011,0.22693866293441575
0.5,cdf_cosine,3,cayley,630012,0.22588819310374086
0.5,cdf_cosine,3,cayley,630013,0.22457128584397534
0.5,cdf_cosine,3,cayley,630014,0.20949471778030698
0.5,cdf_cosine,3,cayley,630015,0.21806143928581462
0.5,cdf_cosine,3,cayley,630016,0.21881502358885746
0.5,cdf_cosine,3,cayley,630017,0.23361972866823824
0.5,cdf_cosine,3,cayley,630018,0.22704286494088005
0.5,cdf_cosine,3,cayley,630019,0.22208364306787834
0.5,cdf_cosine,3,cayley,630020,0.22629652443999101
0.5,cdf_cosine,3,cayley,630021,0.21642156274547114
0.5,cdf_cosine,3,cayley,630022,0.21352209058915778
0.5,cdf_cosine,3,cayley,630023,0.22181890730459666
0.5,cdf_cosine,3,cdf,630000,0.548710619487411
0.5,cdf_cosine,3,cdf,630001,0.5141860919921185
0.5,cdf_cosine,3,cdf,630002,0.637282683058887
0.5,cdf_cosine,3,cdf,630003,0.5154681484753096
0.5,cdf_cosine,3,cdf,630004,0.5455568613464029
0.5,cdf_cosine,3,cdf,630005,0.5495004463971707
0.5,cdf_cosine,3,cdf,630006,0.5211119066402938
0.5,cdf_cosine,3,cdf,630007,0.5738864191829821
0.5,cdf_cosine,3,cdf,630008,0.5939832186551521
0.5,cdf_cosine,3,cdf,630009,0.5448381819564829
0.5,cdf_cosine,3,cdf,630010,0.5645185667874945
0.5,cdf_cosine,3,cdf,630011,0.5276249514984889
0.5,cdf_cosine,3,cdf,630012,0.5633239890352064
0.5,cdf_cosine,3,cdf,630013,0.5976305712604021
0.5,cdf_cosine,3,cdf,630014,0.4955948540659142
0.5,cdf_cosine,3,cdf,630015,0.49491124340179954
0.5,cdf_cosine,3,cdf,630016,0.5561790946578212
0.5,cdf_cosine,3,cdf,630017,0.5366993341872912
0.5,cdf_cosine,3,cdf,630018,0.5220960774220085
0.5,cdf_cosine,3,cdf,630019,0.5480324432287608
0.5,cdf_cosine,3,cdf,630020,0.5587655321483671
0.5,cdf_cosine,3,cdf,630021,0.47563113630529597
0.5,cdf_cosine,3,cdf,630022,0.5582376382178452
0.5,cdf_cosine,3,cdf,630023,0.5364185486851287
0.5,cdf_cosine,4,cayley,630000,0.9936713454662923
0.5,cdf_cosine,4,cayley,630001,0.9939371547407255
0.5,cdf_cosine,4,cayley,630002,0.9894677483864648
0.5,cdf_cosine,4,cayley,630003,0.9999663758804781
0.5,cdf_cosine,4,cayley,630004,0.9958039986289141
0.5,cdf_cosine,4,cayley,630005,0.9932357974365809
0.5,cdf_cosine,4,cayley,630006,0.9947789825831731
0.5,cdf_cosine,4,cayley,630007,0.9942615714844567
0.5,cdf_cosine,4,cayley,630008,0.9902282434657712
0.5,cdf_cosine,4,cayley,630009,0.9907849592380971
0.5,cdf_cosine,4,cayley,630010,0.9960316498484264
0.5,cdf_cosine,4,cayley,630011,0.9922747830593404
0.5,cdf_cosine,4,cayley,630012,0.986419393760046
0.5,cdf_cosine,4,cayley,630013,0.991340392208059
0.5,cdf_cosine,4,cayley,630014,0.9936911635170497
0.5,cdf_cosine,4,cayley,630015,0.994376828836954
0.5,cdf_cosine,4,cayley,630016,0.9947236165556471
0.5,cdf_cosine,4,cayley,630017,1.0005481069033888
0.5,cdf_cosine,4,cayley,630018,0.99276745779253
0.5,cdf_cosine,4,cayley,630019,0.9938994533429293
0.5,cdf_cosine,4,cayley,630020,0.9903989375715279
0.5,cdf_cosine,4,cayley,630021,0.9976687132952871
0.5,cdf_cosine,4,cayley,630022,0.9878023934848755
0.5,cdf_cosine,4,cayley,630023,0.9956795009584082
0.5,cdf_cosine,4,cdf,630000,0.9720997595460786
0.5,cdf_cosine,4,cdf,630001,0.9635582623774372
0.5,cdf_cosine,4,cdf,630002,1.0548845032745473
0.5,cdf_cosine,4,cdf,630003,0.9541196045249566
0.5,cdf_cosine,4,cdf,630004,0.9708333758304193
0.5,cdf_cosine,4,cdf,630005,0.9623300332223129
0.5,cdf_cosine,4,cdf,630006,0.9753681407712009
0.5,cdf_cosine,4,cdf,630007,1.0005118656969882
0.5,cdf_cosine,4,cdf,630008,1.0026923214744272
0.5,cdf_cosine,4,cdf,630009,0.9667868401884046
0.5,cdf_cosine,4,cdf,630010,0.9684380410284993
0.5,cdf_cosine,4,cdf,630011,0.9737280295934672
0.5,cdf_cosine,4,cdf,630012,0.9920172397617789
0.5,cdf_cosine,4,cdf,630013,0.9961651622912504
0.5,cdf_cosine,4,cdf,630014,0.940660795568524
0.5,cdf_cosine,4,cdf,630015,0.9420858877471834
0.5,cdf_cosine,4,cdf,630016,0.9828509308788941
0.5,cdf_cosine,4,cdf,630017,0.9572068372495941
0.5,cdf_cosine,4,cdf,630018,0.9724947463632235
0.5,cdf_cosine,4,cdf,630019,0.9854961606552703
0.5,cdf_cosine,4,cdf,630020,0.9755861003002539
0.5,cdf_cosine,4,cdf,630021,0.9273877899214417
0.5,cdf_cosine,4,cdf,630022,0.9896384446969994
0.5,cdf_cosine,4,cdf,630023,0.9850310981170838
0.5,cdf_legendre,1,cayley,630000,6.725847140904873e-09
0.5,cdf_legendre,1,cayley,630001,6.7046436679502826e-09
0.5,cdf_legendre,1,cayley,630002,6.7121028832924105e-09
0.5,cdf_legendre,1,cayley,630003,6.7166138875154375e-09
0.5,cdf_legendre,1,cayley,630004,6.727788265597096e-09
0.5,cdf_legendre,1,cayley,630005,6.7318294224542716e-09
0.5,cdf_legendre,1,cayley,630006,6.717324584235812e-09
0.5,cdf_legendre,1,cayley,630007,6.726361480310776e-09
0.5,cdf_legendre,1,cayley,630008,6.7176933094811765e-09
0.5,cdf_legendre,1,cayley,630009,6.718963514620976e-09
0.5,cdf_legendre,1,cayley,630010,6.7158010298668315e-09
0.5,cdf_legendre,1,cayley,630011,6.712922053154769e-09
0.5,cdf_legendre,1,cayley,630012,6.716622814758901e-09
0.5,cdf_legendre,1,cayley,630013,6.7116389754616655e-09
0.5,cdf_legendre,1,cayley,630014,6.7145343143472075e-09
0.5,cdf_legendre,1,cayley,630015,6.723403942809447e-09
0.5,cdf_legendre,1,cayley,630016,6.740606561482707e-09
0.5,cdf_legendre,1,cayley,630017,6.711024807060315e-09
0.5,cdf_legendre,1,cayley,630018,6.726220677145788e-09
0.5,cdf_legendre,1,cayley,630019,6.730490172229151e-09
0.5,cdf_legendre,1,cayley,630020,6.7290435567553045e-09
0.5,cdf_legendre,1,cayley,630021,6.725229166192647e-09
0.5,cdf_legendre,1,cayley,630022,6.724360481198045e-09
0.5,cdf_legendre,1,cayley,630023,6.711183933188453e-09
0.5,cdf_legendre,1,cdf,630000,0.1137576921038014
0.5,cdf_legendre,1,cdf,630001,0.11124895587169814
0.5,cdf_legendre,1,cdf,630002,0.1386504703130379
0.5,cdf_legendre,1,cdf,630003,0.10467888249157448
0.5,cdf_legendre,1,cdf,630004,0.11475189296285748
0.5,cdf_legendre,1,cdf,630005,0.11170667462453403
0.5,cdf_legendre,1,cdf,630006,0.1131535925866043
0.5,cdf_legendre,1,cdf,630007,0.12374704420712754
0.5,cdf_legendre,1,cdf,630008,0.12594283599045825
0.5,cdf_legendre,1,cdf,630009,0.1147688985286451
0.5,cdf_legendre,1,cdf,630010,0.1181462662453118
0.5,cdf_legendre,1,cdf,630011,0.11105943875629212
0.5,cdf_legendre,1,cdf,630012,0.11542742923277267
0.5,cdf_legendre,1,cdf,630013,0.12130981733784035
0.5,cdf_legendre,1,cdf,630014,0.10711921310494986
0.5,cdf_legendre,1,cdf,630015,0.1104835741602171
0.5,cdf_legendre,1,cdf,630016,0.12061021982757263
0.5,cdf_legendre,1,cdf,630017,0.10744100138798446
0.5,cdf_legendre,1,cdf,630018,0.1156692504441118
0.5,cdf_legendre,1,cdf,630019,0.12126309748008152
0.5,cdf_legendre,1,cdf,630020,0.1135695228399308
0.5,cdf_legendre,1,cdf,630021,0.10531211159774881
0.5,cdf_legendre,1,cdf,630022,0.11967719536537177
0.5,cdf_legendre,1,cdf,630023,0.12078740694896095
0.5,cdf_legendre,2,cayley,630000,0.00020860521268708488
0.5,cdf_legendre,2,cayley,630001,0.00021714826606493572
0.5,cdf_legendre,2,cayley,630002,0.00021426122536179996
0.5,cdf_legendre,2,cayley,630003,0.00021187719978363925
0.5,cdf_legendre,2,cayley,630004,0.00020470599881191608
0.5,cdf_legendre,2,cayley,630005,0.00020484237374752127
0.5,cdf_legendre,2,cayley,630006,0.00023145228352789218
0.5,cdf_legendre,2,cayley,630007,0.00020099667357185113
0.5,cdf_legendre,2,cayley,630008,0.000217796053268992
0.5,cdf_legendre,2,cayley,630009,0.00021227750661512564
0.5,cdf_legendre,2,cayley,630010,0.00021053586616985261
0.5,cdf_legendre,2,cayley,630011,0.00021261454477493615
0.5,cdf_legendre,2,cayley,630012,0.0002099297207143931
0.5,cdf_legendre,2,cayley,630013,0.00019642903000983996
0.5,cdf_legendre,2,cayley,630014,0.00021415938170030258
0.5,cdf_legendre,2,cayley,630015,0.00020358066310866273
0.5,cdf_legendre,2,cayley,630016,0.0002074165065725984
0.5,cdf_legendre,2,cayley,630017,0.00022369514630207204
0.5,cdf_legendre,2,cayley,630018,0.00022240051107527443
0.5,cdf_legendre,2,cayley,630019,0.00021238177107633365
0.5,cdf_legendre,2,cayley,630020,0.0002101843432661132
0.5,cdf_legendre,2,cayley,630021,0.00020607191979580696
0.5,cdf_legendre,2,cayley,630022,0.0002107708594822086
0.5,cdf_legendre,2,cayley,630023,0.00021617449742498913
0.5,cdf_legendre,2,cdf,630000,0.2862034378751434
0.5,cdf_legendre,2,cdf,630001,0.2855595016534676
0.5,cdf_legendre,2,cdf,630002,0.3296470041259282
0.5,cdf_legendre,2,cdf,630003,0.26559759838119645
0.5,cdf_legendre,2,cdf,630004,0.284403717005787
0.5,cdf_legendre,2,cdf,630005,0.27736858761277156
0.5,cdf_legendre,2,cdf,630006,0.2864641186831723
0.5,cdf_legendre,2,cdf,630007,0.3029408142812231
0.5,cdf_legendre,2,cdf,630008,0.30734898908335023
0.5,cdf_legendre,2,cdf,630009,0.27968437841687604
0.5,cdf_legendre,2,cdf,630010,0.2840433399840224
0.5,cdf_legendre,2,cdf,630011,0.28295868268823354
0.5,cdf_legendre,2,cdf,630012,0.2986516843420583
0.5,cdf_legendre,2,cdf,630013,0.2992683170422538
0.5,cdf_legendre,2,cdf,630014,0.2685325202529428
0.5,cdf_legendre,2,cdf,630015,0.2782261221565906
0.5,cdf_legendre,2,cdf,630016,0.2982997482145686
0.5,cdf_legendre,2,cdf,630017,0.2685491081966747
0.5,cdf_legendre,2,cdf,630018,0.284713993770626
0.5,cdf_legendre,2,cdf,630019,0.297655310243365
0.5,cdf_legendre,2,cdf,630020,0.28569461151536446
0.5,cdf_legendre,2,cdf,630021,0.27069778980054293
0.5,cdf_legendre,2,cdf,630022,0.2962746715487071
0.5,cdf_legendre,2,cdf,630023,0.29710505857553626
0.5,cdf_legendre,3,cayley,630000,0.7574570985607268
0.5,cdf_legendre,3,cayley,630001,0.7635680608962762
0.5,cdf_legendre,3,cayley,630002,0.7069537185039126
0.5,cdf_legendre,3,cayley,630003,0.7633653692133426
0.5,cdf_legendre,3,cayley,630004,0.7604930298872953
0.5,cdf_legendre,3,cayley,630005,0.7605615219142557
0.5,cdf_legendre,3,cayley,630006,0.760970455790885
0.5,cdf_legendre,3,cayley,630007,0.7413453194264924
0.5,cdf_legendre,3,cayley,630008,0.7479192958257375
0.5,cdf_legendre,3,cayley,630009,0.7547653134188437
0.5,cdf_legendre,3,cayley,630010,0.7642419827782102
0.5,cdf_legendre,3,cayley,630011,0.7572585316870953
0.5,cdf_legendre,3,cayley,630012,0.7433598149431732
0.5,cdf_legendre,3,cayley,630013,0.7358877896139283
0.5,cdf_legendre,3,cayley,630014,0.7776797381592826
0.5,cdf_legendre,3,cayley,630015,0.7861916524103922
0.5,cdf_legendre,3,cayley,630016,0.7576205488105114
0.5,cdf_legendre,3,cayley,630017,0.7717984176736893
0.5,cdf_legendre,3,cayley,630018,0.75332216313459
0.5,cdf_legendre,3,cayley,630019,0.760202989667247
0.5,cdf_legendre,3,cayley,630020,0.7491487075511292
0.5,cdf_legendre,3,cayley,630021,0.7981375104346956
0.5,cdf_legendre,3,cayley,630022,0.7455299402792949
0.5,cdf_legendre,3,cayley,630023,0.7539449343882376
0.5,cdf_legendre,3,cdf,630000,0.8218968647843365
0.5,cdf_legendre,3,cdf,630001,0.8251906580716774
0.5,cdf_legendre,3,cdf,630002,0.8668388448519844
0.5,cdf_legendre,3,cdf,630003,0.797901088409421
0.5,cdf_legendre,3,cdf,630004,0.8262093853342335
0.5,cdf_legendre,3,cdf,630005,0.8100599988246894
0.5,cdf_legendre,3,cdf,630006,0.8237921718916857
0.5,cdf_legendre,3,cdf,630007,0.8479847053108298
0.5,cdf_legendre,3,cdf,630008,0.8483362179107651
0.5,cdf_legendre,3,cdf,630009,0.8048895854525309
0.5,cdf_legendre,3,cdf,630010,0.8022416465621895
0.5,cdf_legendre,3,cdf,630011,0.830427459166481
0.5,cdf_legendre,3,cdf,630012,0.8492827744101339
0.5,cdf_legendre,3,cdf,630013,0.8511546007400967
0.5,cdf_legendre,3,cdf,630014,0.7972360956656701
0.5,cdf_legendre,3,cdf,630015,0.8064722705342331
0.5,cdf_legendre,3,cdf,630016,0.8269985799130076
0.5,cdf_legendre,3,cdf,630017,0.7905095504054355
0.5,cdf_legendre,3,cdf,630018,0.8244094349900603
0.5,cdf_legendre,3,cdf,630019,0.8293265987753914
0.5,cdf_legendre,3,cdf,630020,0.8236183832578965
0.5,cdf_legendre,3,cdf,630021,0.8077158198960575
0.5,cdf_legendre,3,cdf,630022,0.8390652900156861
0.5,cdf_legendre,3,cdf,630023,0.8279051574370468
0.5,cdf_legendre,4,cayley,630000,0.9461365371939683
0.5,cdf_legendre,4,cayley,630001,0.9385965295019478
0.5,cdf_legendre,4,cayley,630002,0.9270541562886858
0.5,cdf_legendre,4,cayley,630003,0.9572046424627454
0.5,cdf_legendre,4,cayley,630004,0.9544204422066768
0.5,cdf_legendre,4,cayley,630005,0.9515957592370471
0.5,cdf_legendre,4,cayley,630006,0.9457362630208295
0.5,cdf_legendre,4,cayley,630007,0.9491608440797861
0.5,cdf_legendre,4,cayley,630008,0.9292030554795306
0.5,cdf_legendre,4,cayley,630009,0.942191645083406
0.5,cdf_legendre,4,cayley,630010,0.9405149378426393
0.5,cdf_legendre,4,cayley,630011,0.9429434997782278
0.5,cdf_legendre,4,cayley,630012,0.939216282099208
0.5,cdf_legendre,4,cayley,630013,0.9486127610147389
0.5,cdf_legendre,4,cayley,630014,0.9465137288025743
0.5,cdf_legendre,4,cayley,630015,0.9429982851075931
0.5,cdf_legendre,4,cayley,630016,0.9393697305110831
0.5,cdf_legendre,4,cayley,630017,0.9547891714307198
0.5,cdf_legendre,4,cayley,630018,0.9384667713368032
0.5,cdf_legendre,4,cayley,630019,0.934410876180886
0.5,cdf_legendre,4,cayley,630020,0.9459824785939875
0.5,cdf_legendre,4,cayley,630021,0.9478036698157476
0.5,cdf_legendre,4,cayley,630022,0.9375664395989586
0.5,cdf_legendre,4,cayley,630023,0.9385572614761177
0.5,cdf_legendre,4,cdf,630000,0.9263317607225223
0.5,cdf_legendre,4,cdf,630001,0.9119822468322575
0.5,cdf_legendre,4,cdf,630002,1.0048556723254918
0.5,cdf_legendre,4,cdf,630003,0.9140593456509446
0.5,cdf_legendre,4,cdf,630004,0.9371699669426786
0.5,cdf_legendre,4,cdf,630005,0.9265911037941942
0.5,cdf_legendre,4,cdf,630006,0.9296341268061975
0.5,cdf_legendre,4,cdf,630007,0.9710417571965052
0.5,cdf_legendre,4,cdf,630008,0.9511426507431731
0.5,cdf_legendre,4,cdf,630009,0.9200176786358352
0.5,cdf_legendre,4,cdf,630010,0.9133296585793991
0.5,cdf_legendre,4,cdf,630011,0.9249483278292481
0.5,cdf_legendre,4,cdf,630012,0.9499385056356592
0.5,cdf_legendre,4,cdf,630013,0.9575030882400453
0.5,cdf_legendre,4,cdf,630014,0.8992738878470172
0.5,cdf_legendre,4,cdf,630015,0.8970560161990715
0.5,cdf_legendre,4,cdf,630016,0.9289365777708041
0.5,cdf_legendre,4,cdf,630017,0.9120514471274888
0.5,cdf_legendre,4,cdf,630018,0.9199198362959697
0.5,cdf_legendre,4,cdf,630019,0.9333957765340627
0.5,cdf_legendre,4,cdf,630020,0.9376666503705536
0.5,cdf_legendre,4,cdf,630021,0.8801063198576942
0.5,cdf_legendre,4,cdf,630022,0.9513968905594962
0.5,cdf_legendre,4,cdf,630023,0.9390560978777333
0.5,cdf_rbf,1,cayley,630000,5.038511043527342e-07
0.5,cdf_rbf,1,cayley,630001,5.524618394476824e-07
0.5,cdf_rbf,1,cayley,630002,5.08822659289767e-07
0.5,cdf_rbf,1,cayley,630003,5.124912184727009e-07
0.5,cdf_rbf,1,cayley,630004,4.4713512850533867e-07
0.5,cdf_rbf,1,cayley,630005,4.6486252844021907e-07
0.5,cdf_rbf,1,cayley,630006,5.701498286599826e-07
0.5,cdf_rbf,1,cayley,630007,4.458293075045815e-07
0.5,cdf_rbf,1,cayley,630008,5.111719823809239e-07
0.5,cdf_rbf,1,cayley,630009,5.208411316808374e-07
0.5,cdf_rbf,1,cayley,630010,5.446013750737826e-07
0.5,cdf_rbf,1,cayley,630011,5.067000001068557e-07
0.5,cdf_rbf,1,cayley,630012,4.808165766449666e-07
0.5,cdf_rbf,1,cayley,630013,4.690807727280461e-07
0.5,cdf_rbf,1,cayley,630014,4.819549130494953e-07
0.5,cdf_rbf,1,cayley,630015,4.92360213246243e-07
0.5,cdf_rbf,1,cayley,630016,5.13644417642317e-07
0.5,cdf_rbf,1,cayley,630017,5.663186600315052e-07
0.5,cdf_rbf,1,cayley,630018,5.469285044336012e-07
0.5,cdf_rbf,1,cayley,630019,5.093162826541923e-07
0.5,cdf_rbf,1,cayley,630020,5.049098724728547e-07
0.5,cdf_rbf,1,cayley,630021,4.799168096894422e-07
0.5,cdf_rbf,1,cayley,630022,4.751664590250567e-07
0.5,cdf_rbf,1,cayley,630023,5.199358693960784e-07
0.5,cdf_rbf,1,cdf,630000,0.0938365373725756
0.5,cdf_rbf,1,cdf,630001,0.09190624721078726
0.5,cdf_rbf,1,cdf,630002,0.11491322681272254
0.5,cdf_rbf,1,cdf,630003,0.08391194543347034
0.5,cdf_rbf,1,cdf,630004,0.09507900114982948
0.5,cdf_rbf,1,cdf,630005,0.09213929136852934
0.5,cdf_rbf,1,cdf,630006,0.09287868509467287
0.5,cdf_rbf,1,cdf,630007,0.10273110702992508
0.5,cdf_rbf,1,cdf,630008,0.10762759212206617
0.5,cdf_rbf,1,cdf,630009,0.09466488653034888
0.5,cdf_rbf,1,cdf,630010,0.09817280512215788
0.5,cdf_rbf,1,cdf,630011,0.09111397377531366
0.5,cdf_rbf,1,cdf,630012,0.09675487169985203
0.5,cdf_rbf,1,cdf,630013,0.09810087641378716
0.5,cdf_rbf,1,cdf,630014,0.08894077756839308
0.5,cdf_rbf,1,cdf,630015,0.09336945307226968
0.5,cdf_rbf,1,cdf,630016,0.10158752070223005
0.5,cdf_rbf,1,cdf,630017,0.08670455720397491
0.5,cdf_rbf,1,cdf,630018,0.0947132234691356
0.5,cdf_rbf,1,cdf,630019,0.10174084189812137
0.5,cdf_rbf,1,cdf,630020,0.09370486237974383
0.5,cdf_rbf,1,cdf,630021,0.08803231213703265
0.5,cdf_rbf,1,cdf,630022,0.09997306647287074
0.5,cdf_rbf,1,cdf,630023,0.10029501700294233
0.5,cdf_rbf,2,cayley,630000,2.9528915482157814e-05
0.5,cdf_rbf,2,cayley,630001,3.307081750722385e-05
0.5,cdf_rbf,2,cayley,630002,2.9992044254989755e-05
0.5,cdf_rbf,2,cayley,630003,2.9951820919104692e-05
0.5,cdf_rbf,2,cayley,630004,2.6311066321354878e-05
0.5,cdf_rbf,2,cayley,630005,2.7285524767750766e-05
0.5,cdf_rbf,2,cayley,630006,3.41849894604362e-05
0.5,cdf_rbf,2,cayley,630007,2.640194475653335e-05
0.5,cdf_rbf,2,cayley,630008,3.0534522292727936e-05
0.5,cdf_rbf,2,cayley,630009,3.064455339642352e-05
0.5,cdf_rbf,2,cayley,630010,3.1867221411597774e-05
0.5,cdf_rbf,2,cayley,630011,3.010965341397808e-05
0.5,cdf_rbf,2,cayley,630012,2.8513605351345764e-05
0.5,cdf_rbf,2,cayley,630013,2.7622863726300982e-05
0.5,cdf_rbf,2,cayley,630014,2.8683098573508862e-05
0.5,cdf_rbf,2,cayley,630015,2.9284613962129244e-05
0.5,cdf_rbf,2,cayley,630016,3.0114585245300095e-05
0.5,cdf_rbf,2,cayley,630017,3.359172524050397e-05
0.5,cdf_rbf,2,cayley,630018,3.2247306346941966e-05
0.5,cdf_rbf,2,cayley,630019,3.0051880895308555e-05
0.5,cdf_rbf,2,cayley,630020,2.9941825931688578e-05
0.5,cdf_rbf,2,cayley,630021,2.8293557246669183e-05
0.5,cdf_rbf,2,cayley,630022,2.8383818113274617e-05
0.5,cdf_rbf,2,cayley,630023,3.087943195539778e-05
0.5,cdf_rbf,2,cdf,630000,0.28818333403266944
0.5,cdf_rbf,2,cdf,630001,0.2868030930817051
0.5,cdf_rbf,2,cdf,630002,0.3339231459324416
0.5,cdf_rbf,2,cdf,630003,0.26841784169101934
0.5,cdf_rbf,2,cdf,630004,0.28627514047570135
0.5,cdf_rbf,2,cdf,630005,0.2797006752126034
0.5,cdf_rbf,2,cdf,630006,0.2883267042682051
0.5,cdf_rbf,2,cdf,630007,0.30538104466290955
0.5,cdf_rbf,2,cdf,630008,0.30864172013746866
0.5,cdf_rbf,2,cdf,630009,0.28245992706330336
0.5,cdf_rbf,2,cdf,630010,0.2875095445450697
0.5,cdf_rbf,2,cdf,630011,0.2845051443848792
0.5,cdf_rbf,2,cdf,630012,0.29908045100796526
0.5,cdf_rbf,2,cdf,630013,0.30270456401009804
0.5,cdf_rbf,2,cdf,630014,0.2697438131619886
0.5,cdf_rbf,2,cdf,630015,0.2789765031814442
0.5,cdf_rbf,2,cdf,630016,0.3001248966184107
0.5,cdf_rbf,2,cdf,630017,0.2718188884999565
0.5,cdf_rbf,2,cdf,630018,0.28719121717855645
0.5,cdf_rbf,2,cdf,630019,0.29967619830450637
0.5,cdf_rbf,2,cdf,630020,0.28764103033491606
0.5,cdf_rbf,2,cdf,630021,0.27107031297666073
0.5,cdf_rbf,2,cdf,630022,0.2980027145802985
0.5,cdf_rbf,2,cdf,630023,0.29946671650136464
0.5,cdf_rbf,3,cayley,630000,0.861169987674337
0.5,cdf_rbf,3,cayley,630001,0.8680170298166605
0.5,cdf_rbf,3,cayley,630002,0.8248143131900826
0.5,cdf_rbf,3,cayley,630003,0.8731854726507878
0.5,cdf_rbf,3,cayley,630004,0.862317087219734
0.5,cdf_rbf,3,cayley,630005,0.8629837702341439
0.5,cdf_rbf,3,cayley,630006,0.8687217308509433
0.5,cdf_rbf,3,cayley,630007,0.8463717934889251
0.5,cdf_rbf,3,cayley,630008,0.8531519505044783
0.5,cdf_rbf,3,cayley,630009,0.8616600625034629
0.5,cdf_rbf,3,cayley,630010,0.8679526892578114
0.5,cdf_rbf,3,cayley,630011,0.8628321026754749
0.5,cdf_rbf,3,cayley,630012,0.8468059452347607
0.5,cdf_rbf,3,cayley,630013,0.8442366218043235
0.5,cdf_rbf,3,cayley,630014,0.8742575645364798
0.5,cdf_rbf,3,cayley,630015,0.876860134753024
0.5,cdf_rbf,3,cayley,630016,0.8627013076938049
0.5,cdf_rbf,3,cayley,630017,0.880676131670537
0.5,cdf_rbf,3,cayley,630018,0.8621217898939613
0.5,cdf_rbf,3,cayley,630019,0.8610030465270874
0.5,cdf_rbf,3,cayley,630020,0.8575658775948272
0.5,cdf_rbf,3,cayley,630021,0.883663774745462
0.5,cdf_rbf,3,cayley,630022,0.8490148557896351
0.5,cdf_rbf,3,cayley,630023,0.8603120749474947
0.5,cdf_rbf,3,cdf,630000,0.8414619351485456
0.5,cdf_rbf,3,cdf,630001,0.835403563423736
0.5,cdf_rbf,3,cdf,630002,0.904555918024483
0.5,cdf_rbf,3,cdf,630003,0.8311736682148438
0.5,cdf_rbf,3,cdf,630004,0.8455246038180174
0.5,cdf_rbf,3,cdf,630005,0.8378395103597615
0.5,cdf_rbf,3,cdf,630006,0.8429513057078912
0.5,cdf_rbf,3,cdf,630007,0.873216113535256
0.5,cdf_rbf,3,cdf,630008,0.8585607651460293
0.5,cdf_rbf,3,cdf,630009,0.8330642694722578
0.5,cdf_rbf,3,cdf,630010,0.828894147387147
0.5,cdf_rbf,3,cdf,630011,0.8455458326766971
0.5,cdf_rbf,3,cdf,630012,0.8623518157947764
0.5,cdf_rbf,3,cdf,630013,0.8748828611076714
0.5,cdf_rbf,3,cdf,630014,0.81151260457518
0.5,cdf_rbf,3,cdf,630015,0.813139498462504
0.5,cdf_rbf,3,cdf,630016,0.8407545212989394
0.5,cdf_rbf,3,cdf,630017,0.8285296861943754
0.5,cdf_rbf,3,cdf,630018,0.8403265143259213
0.5,cdf_rbf,3,cdf,630019,0.8431607295842619
0.5,cdf_rbf,3,cdf,630020,0.8464167264872133
0.5,cdf_rbf,3,cdf,630021,0.8055088122473844
0.5,cdf_rbf,3,cdf,630022,0.8549196680819022
0.5,cdf_rbf,3,cdf,630023,0.8472089269105084
0.5,cdf_rbf,4,cayley,630000,0.9725116187319701
0.5,cdf_rbf,4,cayley,630001,0.9648700608534957
0.5,cdf_rbf,4,cayley,630002,0.9621821364614137
0.5,cdf_rbf,4,cayley,630003,0.9798476268727949
0.5,cdf_rbf,4,cayley,630004,0.9732888598606843
0.5,cdf_rbf,4,cayley,630005,0.9742112732716153
0.5,cdf_rbf,4,cayley,630006,0.9630486067254115
0.5,cdf_rbf,4,cayley,630007,0.9723074034213831
0.5,cdf_rbf,4,cayley,630008,0.9587252422652092
0.5,cdf_rbf,4,cayley,630009,0.96834556884582
0.5,cdf_rbf,4,cayley,630010,0.9676238528884522
0.5,cdf_rbf,4,cayley,630011,0.9679020832448297
0.5,cdf_rbf,4,cayley,630012,0.9631028217817827
0.5,cdf_rbf,4,cayley,630013,0.973546143626486
0.5,cdf_rbf,4,cayley,630014,0.9676489464444684
0.5,cdf_rbf,4,cayley,630015,0.9654108795819017
0.5,cdf_rbf,4,cayley,630016,0.9631358866173471
0.5,cdf_rbf,4,cayley,630017,0.9738407335070867
0.5,cdf_rbf,4,cayley,630018,0.9692034006809016
0.5,cdf_rbf,4,cayley,630019,0.9672207862010996
0.5,cdf_rbf,4,cayley,630020,0.9666124282441266
0.5,cdf_rbf,4,cayley,630021,0.9713378932689293
0.5,cdf_rbf,4,cayley,630022,0.9630650964825623
0.5,cdf_rbf,4,cayley,630023,0.9639041088210872
0.5,cdf_rbf,4,cdf,630000,0.9388642630079224
0.5,cdf_rbf,4,cdf,630001,0.925634808724917
0.5,cdf_rbf,4,cdf,630002,1.0191142089376475
0.5,cdf_rbf,4,cdf,630003,0.9286997611679224
0.5,cdf_rbf,4,cdf,630004,0.9526167066696527
0.5,cdf_rbf,4,cdf,630005,0.9379205112655653
0.5,cdf_rbf,4,cdf,630006,0.9456062485770172
0.5,cdf_rbf,4,cdf,630007,0.9836870696772115
0.5,cdf_rbf,4,cdf,630008,0.9620729794179443
0.5,cdf_rbf,4,cdf,630009,0.9332641137444976
0.5,cdf_rbf,4,cdf,630010,0.9293353476552582
0.5,cdf_rbf,4,cdf,630011,0.9400174328980859
0.5,cdf_rbf,4,cdf,630012,0.9577134217837802
0.5,cdf_rbf,4,cdf,630013,0.9697048603449459
0.5,cdf_rbf,4,cdf,630014,0.9163660620081681
0.5,cdf_rbf,4,cdf,630015,0.9117113589517526
0.5,cdf_rbf,4,cdf,630016,0.9442454740013815
0.5,cdf_rbf,4,cdf,630017,0.9259859352140074
0.5,cdf_rbf,4,cdf,630018,0.9402365735866055
0.5,cdf_rbf,4,cdf,630019,0.9486721970252804
0.5,cdf_rbf,4,cdf,630020,0.9499035067327689
0.5,cdf_rbf,4,cdf,630021,0.8931591745199849
0.5,cdf_rbf,4,cdf,630022,0.968272814710153
0.5,cdf_rbf,4,cdf,630023,0.9560504202879258
0.75,tm,1,cayley,630000,4.555173431259354e-05
0.75,tm,1,cayley,630001,4.643667174937002e-05
0.75,tm,1,cayley,630002,4.558906099011005e-05
0.75,tm,1,cayley,630003,4.7806044236803574e-05
0.75,tm,1,cayley,630004,4.501044247582615e-05
0.75,tm,1,cayley,630005,4.491019803061952e-05
0.75,tm,1,cayley,630006,4.802788172610924e-05
0.75,tm,1,cayley,630007,4.5479528472940786e-05
0.75,tm,1,cayley,630008,4.644065308604421e-05
0.75,tm,1,cayley,630009,4.5665811467834134e-05
0.75,tm,1,cayley,630010,4.507008336296044e-05
0.75,tm,1,cayley,630011,4.6197669619743536e-05
0.75,tm,1,cayley,630012,4.6204308842145326e-05
0.75,tm,1,cayley,630013,4.695056973798373e-05
0.75,tm,1,cayley,630014,4.683842633252945e-05
0.75,tm,1,cayley,630015,4.644439032318582e-05
0.75,tm,1,cayley,630016,4.538950026385782e-05
0.75,tm,1,cayley,630017,4.460498196587401e-05
0.75,tm,1,cayley,630018,4.776501558063236e-05
0.75,tm,1,cayley,630019,4.659466394857124e-05
0.75,tm,1,cayley,630020,4.544908751784526e-05
0.75,tm,1,cayley,630021,4.7558993628699164e-05
0.75,tm,1,cayley,630022,4.667517198197015e-05
0.75,tm,1,cayley,630023,4.600079930597181e-05
0.75,tm,1,cdf,630000,0.14289393246780552
0.75,tm,1,cdf,630001,0.11479287525656176
0.75,tm,1,cdf,630002,0.13729257393826855
0.75,tm,1,cdf,630003,0.11037330863754317
0.75,tm,1,cdf,630004,0.14362635368932397
0.75,tm,1,cdf,630005,0.13319206269121373
0.75,tm,1,cdf,630006,0.09166375371342425
0.75,tm,1,cdf,630007,0.13835555364213703
0.75,tm,1,cdf,630008,0.15882433628967202
0.75,tm,1,cdf,630009,0.1898475497952103
0.75,tm,1,cdf,630010,0.12050235598140137
0.75,tm,1,cdf,630011,0.13922323471092068
0.75,tm,1,cdf,630012,0.1563782286117633
0.75,tm,1,cdf,630013,0.14974148858136893
0.75,tm,1,cdf,630014,0.12896742706516517
0.75,tm,1,cdf,630015,0.14286973609943288
0.75,tm,1,cdf,630016,0.15550260297789753
0.75,tm,1,cdf,630017,0.21364613103666671
0.75,tm,1,cdf,630018,0.07717812663803904
0.75,tm,1,cdf,630019,0.15474786371009744
0.75,tm,1,cdf,630020,0.17386494550573323
0.75,tm,1,cdf,630021,0.10314775489900321
0.75,tm,1,cdf,630022,0.12123356500640227
0.75,tm,1,cdf,630023,0.1281427648965909
0.75,tm,2,cayley,630000,0.02179125408574559
0.75,tm,2,cayley,630001,0.022420630743804543
0.75,tm,2,cayley,630002,0.021877125135547827
0.75,tm,2,cayley,630003,0.023124542973217505
0.75,tm,2,cayley,630004,0.021406715219341396
0.75,tm,2,cayley,630005,0.021406886215926887
0.75,tm,2,cayley,630006,0.02322661104832415
0.75,tm,2,cayley,630007,0.021951746217014935
0.75,tm,2,cayley,630008,0.022401760288245295
0.75,tm,2,cayley,630009,0.02189418333000741
0.75,tm,2,cayley,630010,0.021410192142744984
0.75,tm,2,cayley,630011,0.02230232170732819
0.75,tm,2,cayley,630012,0.02220841816900818
0.75,tm,2,cayley,630013,0.022664083916990065
0.75,tm,2,cayley,630014,0.022669363936584568
0.75,tm,2,cayley,630015,0.022273856172528646
0.75,tm,2,cayley,630016,0.021759396779186136
0.75,tm,2,cayley,630017,0.021352281729660683
0.75,tm,2,cayley,630018,0.02314781626824761
0.75,tm,2,cayley,630019,0.022499340461048636
0.75,tm,2,cayley,630020,0.02181300649192624
0.75,tm,2,cayley,630021,0.02297075801764108
0.75,tm,2,cayley,630022,0.022625384666833115
0.75,tm,2,cayley,630023,0.022017691552210946
0.75,tm,2,cdf,630000,0.2952603249895706
0.75,tm,2,cdf,630001,0.26349634582930226
0.75,tm,2,cdf,630002,0.28550496576759793
0.75,tm,2,cdf,630003,0.25323947208251507
0.75,tm,2,cdf,630004,0.2973811607207639
0.75,tm,2,cdf,630005,0.2953254152705928
0.75,tm,2,cdf,630006,0.23079233544004193
0.75,tm,2,cdf,630007,0.2932295831518048
0.75,tm,2,cdf,630008,0.29958943709746655
0.75,tm,2,cdf,630009,0.3394339142882282
0.75,tm,2,cdf,630010,0.2764012215032915
0.75,tm,2,cdf,630011,0.2848313129722594
0.75,tm,2,cdf,630012,0.30273290967690925
0.75,tm,2,cdf,630013,0.28458244937044186
0.75,tm,2,cdf,630014,0.2763263722249838
0.75,tm,2,cdf,630015,0.294739696287065
0.75,tm,2,cdf,630016,0.3179248439494643
0.75,tm,2,cdf,630017,0.3759277955834503
0.75,tm,2,cdf,630018,0.2131995588312616
0.75,tm,2,cdf,630019,0.29889337411854205
0.75,tm,2,cdf,630020,0.33084194318559623
0.75,tm,2,cdf,630021,0.2352756702039422
0.75,tm,2,cdf,630022,0.26271949786042564
0.75,tm,2,cdf,630023,0.2685726186916378
0.75,tm,3,cayley,630000,0.45588717524912314
0.75,tm,3,cayley,630001,0.48072072045738623
0.75,tm,3,cayley,630002,0.4591134416290099
0.75,tm,3,cayley,630003,0.4977941987108643
0.75,tm,3,cayley,630004,0.4285875607472694
0.75,tm,3,cayley,630005,0.43233740111235874
0.75,tm,3,cayley,630006,0.497220991826466
0.75,tm,3,cayley,630007,0.4733528502488312
0.75,tm,3,cayley,630008,0.4752987213481542
0.75,tm,3,cayley,630009,0.4505767222322208
0.75,tm,3,cayley,630010,0.4152047348776442
0.75,tm,3,cayley,630011,0.46471980168348087
0.75,tm,3,cayley,630012,0.461007938598217
0.75,tm,3,cayley,630013,0.485941147428677
0.75,tm,3,cayley,630014,0.4922218902387242
0.75,tm,3,cayley,630015,0.4403241201195125
0.75,tm,3,cayley,630016,0.449912946084766
0.75,tm,3,cayley,630017,0.45210533432420424
0.75,tm,3,cayley,630018,0.47557045143616883
0.75,tm,3,cayley,630019,0.4867069165703708
0.75,tm,3,cayley,630020,0.4636439598927786
0.75,tm,3,cayley,630021,0.4812051092548036
0.75,tm,3,cayley,630022,0.4955201825860855
0.75,tm,3,cayley,630023,0.4464661798133237
0.75,tm,3,cdf,630000,0.5990170954436672
0.75,tm,3,cdf,630001,0.5863733623823261
0.75,tm,3,cdf,630002,0.5748159674142083
0.75,tm,3,cdf,630003,0.5893327140624074
0.75,tm,3,cdf,630004,0.5973813827891591
0.75,tm,3,cdf,630005,0.6159077127117217
0.75,tm,3,cdf,630006,0.551390425180987
0.75,tm,3,cdf,630007,0.6163318116496739
0.75,tm,3,cdf,630008,0.6063080687027111
0.75,tm,3,cdf,630009,0.6406538201471395
0.75,tm,3,cdf,630010,0.5885043179422084
0.75,tm,3,cdf,630011,0.5983246158647558
0.75,tm,3,cdf,630012,0.6088327707133455
0.75,tm,3,cdf,630013,0.5860634853016664
0.75,tm,3,cdf,630014,0.6063414626560316
0.75,tm,3,cdf,630015,0.6452039563292493
0.75,tm,3,cdf,630016,0.6513726004459062
0.75,tm,3,cdf,630017,0.7112025543238906
0.75,tm,3,cdf,630018,0.5330142106869997
0.75,tm,3,cdf,630019,0.6023033480481929
0.75,tm,3,cdf,630020,0.6594962625159108
0.75,tm,3,cdf,630021,0.5323555474074961
0.75,tm,3,cdf,630022,0.5657240578574955
0.75,tm,3,cdf,630023,0.5704331456249817
0.75,tm,4,cayley,630000,0.6988950272499835
0.75,tm,4,cayley,630001,0.7098372702105425
0.75,tm,4,cayley,630002,0.6987381473435977
0.75,tm,4,cayley,630003,0.7449479399723369
0.75,tm,4,cayley,630004,0.6945462387929946
0.75,tm,4,cayley,630005,0.682134285587784
0.75,tm,4,cayley,630006,0.7618367339439961
0.75,tm,4,cayley,630007,0.6870018801355532
0.75,tm,4,cayley,630008,0.7188563772473066
0.75,tm,4,cayley,630009,0.7026064526732422
0.75,tm,4,cayley,630010,0.7027760124033338
0.75,tm,4,cayley,630011,0.7319057140247232
0.75,tm,4,cayley,630012,0.7333649842107816
0.75,tm,4,cayley,630013,0.7353608442718512
0.75,tm,4,cayley,630014,0.7326343379597836
0.75,tm,4,cayley,630015,0.7384852769442706
0.75,tm,4,cayley,630016,0.69943816589393
0.75,tm,4,cayley,630017,0.6644545614752405
0.75,tm,4,cayley,630018,0.7715455914524897
0.75,tm,4,cayley,630019,0.7223057409223422
0.75,tm,4,cayley,630020,0.6983374835869247
0.75,tm,4,cayley,630021,0.7537721310093362
0.75,tm,4,cayley,630022,0.7241587574522542
0.75,tm,4,cayley,630023,0.7293659137843379
0.75,tm,4,cdf,630000,0.7761105873144699
0.75,tm,4,cdf,630001,0.7455817590376235
0.75,tm,4,cdf,630002,0.7600056076087434
0.75,tm,4,cdf,630003,0.7360071414684515
0.75,tm,4,cdf,630004,0.780346671517768
0.75,tm,4,cdf,630005,0.7938444729650416
0.75,tm,4,cdf,630006,0.7221888234099898
0.75,tm,4,cdf,630007,0.7595382065641116
0.75,tm,4,cdf,630008,0.7616310505814673
0.75,tm,4,cdf,630009,0.8014107003105241
0.75,tm,4,cdf,630010,0.7754992894677908
0.75,tm,4,cdf,630011,0.7578799296006606
0.75,tm,4,cdf,630012,0.7819592123672763
0.75,tm,4,cdf,630013,0.7551407596199566
0.75,tm,4,cdf,630014,0.744343265363902
0.75,tm,4,cdf,630015,0.8039464346366513
0.75,tm,4,cdf,630016,0.8010463831210696
0.75,tm,4,cdf,630017,0.8374877674837278
0.75,tm,4,cdf,630018,0.7093022777544248
0.75,tm,4,cdf,630019,0.7694219209963302
0.75,tm,4,cdf,630020,0.7916685813881837
0.75,tm,4,cdf,630021,0.7227408263760814
0.75,tm,4,cdf,630022,0.7225510272301823
0.75,tm,4,cdf,630023,0.7467835906139837
0.75,phase_fourier,1,cayley,630000,4.555173431259374e-05
0.75,phase_fourier,1,cayley,630001,4.643667174937002e-05
0.75,phase_fourier,1,cayley,630002,4.558906099010993e-05
0.75,phase_fourier,1,cayley,630003,4.7806044236803723e-05
0.75,phase_fourier,1,cayley,630004,4.5010442475826545e-05
0.75,phase_fourier,1,cayley,630005,4.4910198030620265e-05
0.75,phase_fourier,1,cayley,630006,4.802788172610979e-05
0.75,phase_fourier,1,cayley,630007,4.547952847294024e-05
0.75,phase_fourier,1,cayley,630008,4.6440653086043994e-05
0.75,phase_fourier,1,cayley,630009,4.5665811467833315e-05
0.75,phase_fourier,1,cayley,630010,4.507008336296123e-05
0.75,phase_fourier,1,cayley,630011,4.619766961974316e-05
0.75,phase_fourier,1,cayley,630012,4.620430884214476e-05
0.75,phase_fourier,1,cayley,630013,4.695056973798258e-05
0.75,phase_fourier,1,cayley,630014,4.6838426332528696e-05
0.75,phase_fourier,1,cayley,630015,4.644439032318627e-05
0.75,phase_fourier,1,cayley,630016,4.538950026385781e-05
0.75,phase_fourier,1,cayley,630017,4.4604981965873525e-05
0.75,phase_fourier,1,cayley,630018,4.7765015580631994e-05
0.75,phase_fourier,1,cayley,630019,4.6594663948571295e-05
0.75,phase_fourier,1,cayley,630020,4.544908751784471e-05
0.75,phase_fourier,1,cayley,630021,4.755899362869967e-05
0.75,phase_fourier,1,cayley,630022,4.667517198196969e-05
0.75,phase_fourier,1,cayley,630023,4.6000799305972504e-05
0.75,phase_fourier,1,cdf,630000,0.14289393246780543
0.75,phase_fourier,1,cdf,630001,0.11479287525656184
0.75,phase_fourier,1,cdf,630002,0.13729257393826855
0.75,phase_fourier,1,cdf,630003,0.11037330863754313
0.75,phase_fourier,1,cdf,630004,0.14362635368932394
0.75,phase_fourier,1,cdf,630005,0.13319206269121375
0.75,phase_fourier,1,cdf,630006,0.09166375371342432
0.75,phase_fourier,1,cdf,630007,0.13835555364213709
0.75,phase_fourier,1,cdf,630008,0.15882433628967196
0.75,phase_fourier,1,cdf,630009,0.18984754979521046
0.75,phase_fourier,1,cdf,630010,0.12050235598140137
0.75,phase_fourier,1,cdf,630011,0.13922323471092063
0.75,phase_fourier,1,cdf,630012,0.15637822861176334
0.75,phase_fourier,1,cdf,630013,0.14974148858136896
0.75,phase_fourier,1,cdf,630014,0.12896742706516515
0.75,phase_fourier,1,cdf,630015,0.14286973609943288
0.75,phase_fourier,1,cdf,630016,0.1555026029778976
0.75,phase_fourier,1,cdf,630017,0.21364613103666671
0.75,phase_fourier,1,cdf,630018,0.07717812663803898
0.75,phase_fourier,1,cdf,630019,0.15474786371009736
0.75,phase_fourier,1,cdf,630020,0.17386494550573323
0.75,phase_fourier,1,cdf,630021,0.1031477548990032
0.75,phase_fourier,1,cdf,630022,0.12123356500640224
0.75,phase_fourier,1,cdf,630023,0.1281427648965909
0.75,phase_fourier,2,cayley,630000,0.021791254085745587
0.75,phase_fourier,2,cayley,630001,0.022420630743804536
0.75,phase_fourier,2,cayley,630002,0.02187712513554783
0.75,phase_fourier,2,cayley,630003,0.02312454297321749
0.75,phase_fourier,2,cayley,630004,0.021406715219341402
0.75,phase_fourier,2,cayley,630005,0.021406886215926915
0.75,phase_fourier,2,cayley,630006,0.023226611048324127
0.75,phase_fourier,2,cayley,630007,0.021951746217014935
0.75,phase_fourier,2,cayley,630008,0.02240176028824529
0.75,phase_fourier,2,cayley,630009,0.021894183330007404
0.75,phase_fourier,2,cayley,630010,0.02141019214274497
0.75,phase_fourier,2,cayley,630011,0.022302321707328227
0.75,phase_fourier,2,cayley,630012,0.022208418169008176
0.75,phase_fourier,2,cayley,630013,0.022664083916990072
0.75,phase_fourier,2,cayley,630014,0.022669363936584547
0.75,phase_fourier,2,cayley,630015,0.022273856172528653
0.75,phase_fourier,2,cayley,630016,0.0217593967791861
0.75,phase_fourier,2,cayley,630017,0.021352281729660708
0.75,phase_fourier,2,cayley,630018,0.02314781626824759
0.75,phase_fourier,2,cayley,630019,0.02249934046104864
0.75,phase_fourier,2,cayley,630020,0.02181300649192626
0.75,phase_fourier,2,cayley,630021,0.022970758017641056
0.75,phase_fourier,2,cayley,630022,0.022625384666833132
0.75,phase_fourier,2,cayley,630023,0.02201769155221094
0.75,phase_fourier,2,cdf,630000,0.2952603249895707
0.75,phase_fourier,2,cdf,630001,0.26349634582930226
0.75,phase_fourier,2,cdf,630002,0.28550496576759793
0.75,phase_fourier,2,cdf,630003,0.253239472082515
0.75,phase_fourier,2,cdf,630004,0.2973811607207639
0.75,phase_fourier,2,cdf,630005,0.295325415270593
0.75,phase_fourier,2,cdf,630006,0.23079233544004196
0.75,phase_fourier,2,cdf,630007,0.2932295831518047
0.75,phase_fourier,2,cdf,630008,0.2995894370974664
0.75,phase_fourier,2,cdf,630009,0.33943391428822806
0.75,phase_fourier,2,cdf,630010,0.27640122150329144
0.75,phase_fourier,2,cdf,630011,0.2848313129722593
0.75,phase_fourier,2,cdf,630012,0.30273290967690947
0.75,phase_fourier,2,cdf,630013,0.2845824493704419
0.75,phase_fourier,2,cdf,630014,0.276326372224984
0.75,phase_fourier,2,cdf,630015,0.2947396962870648
0.75,phase_fourier,2,cdf,630016,0.3179248439494642
0.75,phase_fourier,2,cdf,630017,0.37592779558345013
0.75,phase_fourier,2,cdf,630018,0.21319955883126157
0.75,phase_fourier,2,cdf,630019,0.29889337411854205
0.75,phase_fourier,2,cdf,630020,0.33084194318559623
0.75,phase_fourier,2,cdf,630021,0.23527567020394213
0.75,phase_fourier,2,cdf,630022,0.2627194978604257
0.75,phase_fourier,2,cdf,630023,0.2685726186916375
0.75,phase_fourier,3,cayley,630000,0.45588717524912303
0.75,phase_fourier,3,cayley,630001,0.48072072045738623
0.75,phase_fourier,3,cayley,630002,0.4591134416290099
0.75,phase_fourier,3,cayley,630003,0.49779419871086444
0.75,phase_fourier,3,cayley,630004,0.4285875607472692
0.75,phase_fourier,3,cayley,630005,0.4323374011123589
0.75,phase_fourier,3,cayley,630006,0.4972209918264661
0.75,phase_fourier,3,cayley,630007,0.4733528502488313
0.75,phase_fourier,3,cayley,630008,0.4752987213481542
0.75,phase_fourier,3,cayley,630009,0.4505767222322208
0.75,phase_fourier,3,cayley,630010,0.4152047348776442
0.75,phase_fourier,3,cayley,630011,0.46471980168348087
0.75,phase_fourier,3,cayley,630012,0.461007938598217
0.75,phase_fourier,3,cayley,630013,0.48594114742867667
0.75,phase_fourier,3,cayley,630014,0.49222189023872404
0.75,phase_fourier,3,cayley,630015,0.44032412011951255
0.75,phase_fourier,3,cayley,630016,0.449912946084766
0.75,phase_fourier,3,cayley,630017,0.4521053343242042
0.75,phase_fourier,3,cayley,630018,0.47557045143616894
0.75,phase_fourier,3,cayley,630019,0.48670691657037046
0.75,phase_fourier,3,cayley,630020,0.4636439598927786
0.75,phase_fourier,3,cayley,630021,0.4812051092548038
0.75,phase_fourier,3,cayley,630022,0.49552018258608543
0.75,phase_fourier,3,cayley,630023,0.4464661798133238
0.75,phase_fourier,3,cdf,630000,0.599017095443667
0.75,phase_fourier,3,cdf,630001,0.5863733623823262
0.75,phase_fourier,3,cdf,630002,0.5748159674142083
0.75,phase_fourier,3,cdf,630003,0.5893327140624073
0.75,phase_fourier,3,cdf,630004,0.5973813827891591
0.75,phase_fourier,3,cdf,630005,0.6159077127117216
0.75,phase_fourier,3,cdf,630006,0.5513904251809871
0.75,phase_fourier,3,cdf,630007,0.6163318116496735
0.75,phase_fourier,3,cdf,630008,0.6063080687027108
0.75,phase_fourier,3,cdf,630009,0.6406538201471392
0.75,phase_fourier,3,cdf,630010,0.5885043179422081
0.75,phase_fourier,3,cdf,630011,0.5983246158647555
0.75,phase_fourier,3,cdf,630012,0.6088327707133452
0.75,phase_fourier,3,cdf,630013,0.5860634853016666
0.75,phase_fourier,3,cdf,630014,0.6063414626560316
0.75,phase_fourier,3,cdf,630015,0.6452039563292491
0.75,phase_fourier,3,cdf,630016,0.6513726004459062
0.75,phase_fourier,3,cdf,630017,0.71120255432389
0.75,phase_fourier,3,cdf,630018,0.5330142106870001
0.75,phase_fourier,3,cdf,630019,0.6023033480481931
0.75,phase_fourier,3,cdf,630020,0.6594962625159108
0.75,phase_fourier,3,cdf,630021,0.5323555474074964
0.75,phase_fourier,3,cdf,630022,0.565724057857495
0.75,phase_fourier,3,cdf,630023,0.5704331456249813
0.75,phase_fourier,4,cayley,630000,0.6988950272499839
0.75,phase_fourier,4,cayley,630001,0.7098372702105425
0.75,phase_fourier,4,cayley,630002,0.6987381473435978
0.75,phase_fourier,4,cayley,630003,0.7449479399723368
0.75,phase_fourier,4,cayley,630004,0.6945462387929946
0.75,phase_fourier,4,cayley,630005,0.6821342855877841
0.75,phase_fourier,4,cayley,630006,0.7618367339439963
0.75,phase_fourier,4,cayley,630007,0.6870018801355531
0.75,phase_fourier,4,cayley,630008,0.7188563772473068
0.75,phase_fourier,4,cayley,630009,0.702606452673242
0.75,phase_fourier,4,cayley,630010,0.7027760124033339
0.75,phase_fourier,4,cayley,630011,0.7319057140247233
0.75,phase_fourier,4,cayley,630012,0.733364984210782
0.75,phase_fourier,4,cayley,630013,0.7353608442718513
0.75,phase_fourier,4,cayley,630014,0.7326343379597837
0.75,phase_fourier,4,cayley,630015,0.7384852769442705
0.75,phase_fourier,4,cayley,630016,0.6994381658939302
0.75,phase_fourier,4,cayley,630017,0.6644545614752406
0.75,phase_fourier,4,cayley,630018,0.7715455914524897
0.75,phase_fourier,4,cayley,630019,0.7223057409223425
0.75,phase_fourier,4,cayley,630020,0.6983374835869249
0.75,phase_fourier,4,cayley,630021,0.7537721310093359
0.75,phase_fourier,4,cayley,630022,0.7241587574522543
0.75,phase_fourier,4,cayley,630023,0.7293659137843377
0.75,phase_fourier,4,cdf,630000,0.7761105873144697
0.75,phase_fourier,4,cdf,630001,0.7455817590376237
0.75,phase_fourier,4,cdf,630002,0.7600056076087432
0.75,phase_fourier,4,cdf,630003,0.7360071414684516
0.75,phase_fourier,4,cdf,630004,0.7803466715177684
0.75,phase_fourier,4,cdf,630005,0.7938444729650413
0.75,phase_fourier,4,cdf,630006,0.7221888234099894
0.75,phase_fourier,4,cdf,630007,0.7595382065641112
0.75,phase_fourier,4,cdf,630008,0.7616310505814672
0.75,phase_fourier,4,cdf,630009,0.8014107003105241
0.75,phase_fourier,4,cdf,630010,0.7754992894677905
0.75,phase_fourier,4,cdf,630011,0.7578799296006606
0.75,phase_fourier,4,cdf,630012,0.7819592123672766
0.75,phase_fourier,4,cdf,630013,0.7551407596199569
0.75,phase_fourier,4,cdf,630014,0.7443432653639024
0.75,phase_fourier,4,cdf,630015,0.8039464346366509
0.75,phase_fourier,4,cdf,630016,0.8010463831210701
0.75,phase_fourier,4,cdf,630017,0.837487767483728
0.75,phase_fourier,4,cdf,630018,0.7093022777544251
0.75,phase_fourier,4,cdf,630019,0.7694219209963301
0.75,phase_fourier,4,cdf,630020,0.7916685813881843
0.75,phase_fourier,4,cdf,630021,0.7227408263760817
0.75,phase_fourier,4,cdf,630022,0.7225510272301824
0.75,phase_fourier,4,cdf,630023,0.7467835906139838
0.75,euclidean_fourier,1,cayley,630000,0.3829135349566859
0.75,euclidean_fourier,1,cayley,630001,0.3360532381293301
0.75,euclidean_fourier,1,cayley,630002,0.37289340759776346
0.75,euclidean_fourier,1,cayley,630003,0.3269408014359341
0.75,euclidean_fourier,1,cayley,630004,0.3817208821283321
0.75,euclidean_fourier,1,cayley,630005,0.3942164288056218
0.75,euclidean_fourier,1,cayley,630006,0.28705052583422924
0.75,euclidean_fourier,1,cayley,630007,0.375693430530081
0.75,euclidean_fourier,1,cayley,630008,0.3510134622333047
0.75,euclidean_fourier,1,cayley,630009,0.41539546575013875
0.75,euclidean_fourier,1,cayley,630010,0.38596796540083633
0.75,euclidean_fourier,1,cayley,630011,0.3460767809214236
0.75,euclidean_fourier,1,cayley,630012,0.36048348397722163
0.75,euclidean_fourier,1,cayley,630013,0.34535195520226275
0.75,euclidean_fourier,1,cayley,630014,0.34482744906034807
0.75,euclidean_fourier,1,cayley,630015,0.34591387020549413
0.75,euclidean_fourier,1,cayley,630016,0.39406219942706033
0.75,euclidean_fourier,1,cayley,630017,0.4216101353491064
0.75,euclidean_fourier,1,cayley,630018,0.29319598048789175
0.75,euclidean_fourier,1,cayley,630019,0.3505660781067847
0.75,euclidean_fourier,1,cayley,630020,0.3822076671689707
0.75,euclidean_fourier,1,cayley,630021,0.31802434074084823
0.75,euclidean_fourier,1,cayley,630022,0.3418407185239268
0.75,euclidean_fourier,1,cayley,630023,0.3432627890657217
0.75,euclidean_fourier,1,cdf,630000,0.8356736176356154
0.75,euclidean_fourier,1,cdf,630001,0.7541209105529717
0.75,euclidean_fourier,1,cdf,630002,0.8298403148736694
0.75,euclidean_fourier,1,cdf,630003,0.7109862809459349
0.75,euclidean_fourier,1,cdf,630004,0.8693374613552913
0.75,euclidean_fourier,1,cdf,630005,0.8815434367033151
0.75,euclidean_fourier,1,cdf,630006,0.6586322806552279
0.75,euclidean_fourier,1,cdf,630007,0.8319268465745701
0.75,euclidean_fourier,1,cdf,630008,0.765612297935121
0.75,euclidean_fourier,1,cdf,630009,0.8724648629138478
0.75,euclidean_fourier,1,cdf,630010,0.8410072560003423
0.75,euclidean_fourier,1,cdf,630011,0.7668331653427762
0.75,euclidean_fourier,1,cdf,630012,0.8085009135426066
0.75,euclidean_fourier,1,cdf,630013,0.7536249091278592
0.75,euclidean_fourier,1,cdf,630014,0.7841391867351756
0.75,euclidean_fourier,1,cdf,630015,0.7401339681570831
0.75,euclidean_fourier,1,cdf,630016,0.8789375641007428
0.75,euclidean_fourier,1,cdf,630017,0.9360595316817087
0.75,euclidean_fourier,1,cdf,630018,0.6235481150322026
0.75,euclidean_fourier,1,cdf,630019,0.7874421613422349
0.75,euclidean_fourier,1,cdf,630020,0.874278281802055
0.75,euclidean_fourier,1,cdf,630021,0.6678466368520658
0.75,euclidean_fourier,1,cdf,630022,0.7631435265099038
0.75,euclidean_fourier,1,cdf,630023,0.7770406816331297
0.75,euclidean_fourier,2,cayley,630000,0.7376724840054333
0.75,euclidean_fourier,2,cayley,630001,0.7165568505410259
0.75,euclidean_fourier,2,cayley,630002,0.7418255361728894
0.75,euclidean_fourier,2,cayley,630003,0.7156792857892225
0.75,euclidean_fourier,2,cayley,630004,0.74199903821982
0.75,euclidean_fourier,2,cayley,630005,0.7501855806148582
0.75,euclidean_fourier,2,cayley,630006,0.6862535683057956
0.75,euclidean_fourier,2,cayley,630007,0.7368203389276538
0.75,euclidean_fourier,2,cayley,630008,0.7181507311103312
0.75,euclidean_fourier,2,cayley,630009,0.7542837061498671
0.75,euclidean_fourier,2,cayley,630010,0.7391815341460265
0.75,euclidean_fourier,2,cayley,630011,0.7244111478541049
0.75,euclidean_fourier,2,cayley,630012,0.7281234286299811
0.75,euclidean_fourier,2,cayley,630013,0.723433265042403
0.75,euclidean_fourier,2,cayley,630014,0.727771948135483
0.75,euclidean_fourier,2,cayley,630015,0.7185018619892513
0.75,euclidean_fourier,2,cayley,630016,0.7429452838877277
0.75,euclidean_fourier,2,cayley,630017,0.7579698787314982
0.75,euclidean_fourier,2,cayley,630018,0.684399459112509
0.75,euclidean_fourier,2,cayley,630019,0.7025520265598403
0.75,euclidean_fourier,2,cayley,630020,0.7418383322449443
0.75,euclidean_fourier,2,cayley,630021,0.706240622076654
0.75,euclidean_fourier,2,cayley,630022,0.7291706249162123
0.75,euclidean_fourier,2,cayley,630023,0.7197795971339249
0.75,euclidean_fourier,2,cdf,630000,0.9809625051700637
0.75,euclidean_fourier,2,cdf,630001,0.9190118869820567
0.75,euclidean_fourier,2,cdf,630002,0.972106453444652
0.75,euclidean_fourier,2,cdf,630003,0.8762482771518413
0.75,euclidean_fourier,2,cdf,630004,1.0162310298438149
0.75,euclidean_fourier,2,cdf,630005,1.0244600575076337
0.75,euclidean_fourier,2,cdf,630006,0.8297858533019976
0.75,euclidean_fourier,2,cdf,630007,0.9753124862459841
0.75,euclidean_fourier,2,cdf,630008,0.9174374898041071
0.75,euclidean_fourier,2,cdf,630009,1.0207490192170185
0.75,euclidean_fourier,2,cdf,630010,0.9970740348496789
0.75,euclidean_fourier,2,cdf,630011,0.9386530390500963
0.75,euclidean_fourier,2,cdf,630012,0.9566488988096254
0.75,euclidean_fourier,2,cdf,630013,0.9028002589564192
0.75,euclidean_fourier,2,cdf,630014,0.9260671343388598
0.75,euclidean_fourier,2,cdf,630015,0.9143816158442897
0.75,euclidean_fourier,2,cdf,630016,1.0002555858080961
0.75,euclidean_fourier,2,cdf,630017,1.0730648526014321
0.75,euclidean_fourier,2,cdf,630018,0.8119750694230338
0.75,euclidean_fourier,2,cdf,630019,0.9302769665419787
0.75,euclidean_fourier,2,cdf,630020,1.0052945247837355
0.75,euclidean_fourier,2,cdf,630021,0.8503090937553532
0.75,euclidean_fourier,2,cdf,630022,0.906379406232456
0.75,euclidean_fourier,2,cdf,630023,0.9272674482492472
0.75,euclidean_fourier,3,cayley,630000,0.9089592777125788
0.75,euclidean_fourier,3,cayley,630001,0.9209584388243348
0.75,euclidean_fourier,3,cayley,630002,0.9180061896284419
0.75,euclidean_fourier,3,cayley,630003,0.9112988230433954
0.75,euclidean_fourier,3,cayley,630004,0.9220411963975259
0.75,euclidean_fourier,3,cayley,630005,0.9322354183913154
0.75,euclidean_fourier,3,cayley,630006,0.9141968973389739
0.75,euclidean_fourier,3,cayley,630007,0.9354932456553992
0.75,euclidean_fourier,3,cayley,630008,0.911878507545454
0.75,euclidean_fourier,3,cayley,630009,0.9201462881129335
0.75,euclidean_fourier,3,cayley,630010,0.9117239004633075
0.75,euclidean_fourier,3,cayley,630011,0.9155043196025233
0.75,euclidean_fourier,3,cayley,630012,0.9161889968333032
0.75,euclidean_fourier,3,cayley,630013,0.9240813807101126
0.75,euclidean_fourier,3,cayley,630014,0.9188025032846853
0.75,euclidean_fourier,3,cayley,630015,0.9117059990429741
0.75,euclidean_fourier,3,cayley,630016,0.9178040578559786
0.75,euclidean_fourier,3,cayley,630017,0.9314515731748733
0.75,euclidean_fourier,3,cayley,630018,0.9005456090441204
0.75,euclidean_fourier,3,cayley,630019,0.9068079252349726
0.75,euclidean_fourier,3,cayley,630020,0.9137799982092413
0.75,euclidean_fourier,3,cayley,630021,0.9161771994758657
0.75,euclidean_fourier,3,cayley,630022,0.9144700049874042
0.75,euclidean_fourier,3,cayley,630023,0.9100870578931402
0.75,euclidean_fourier,3,cdf,630000,1.0369205498730591
0.75,euclidean_fourier,3,cdf,630001,0.972805935620438
0.75,euclidean_fourier,3,cdf,630002,1.0170380621605672
0.75,euclidean_fourier,3,cdf,630003,0.9285366988380082
0.75,euclidean_fourier,3,cdf,630004,1.0547491177705142
0.75,euclidean_fourier,3,cdf,630005,1.0716837435475992
0.75,euclidean_fourier,3,cdf,630006,0.9012273638559585
0.75,euclidean_fourier,3,cdf,630007,1.0421890249021446
0.75,euclidean_fourier,3,cdf,630008,0.9764285176029928
0.75,euclidean_fourier,3,cdf,630009,1.0643715992564453
0.75,euclidean_fourier,3,cdf,630010,1.0375306560110837
0.75,euclidean_fourier,3,cdf,630011,0.9859239673733393
0.75,euclidean_fourier,3,cdf,630012,1.0097741652205623
0.75,euclidean_fourier,3,cdf,630013,0.9568700814248458
0.75,euclidean_fourier,3,cdf,630014,0.9611153233972647
0.75,euclidean_fourier,3,cdf,630015,0.9781772453064944
0.75,euclidean_fourier,3,cdf,630016,1.062119744972704
0.75,euclidean_fourier,3,cdf,630017,1.1180712168083413
0.75,euclidean_fourier,3,cdf,630018,0.8675396872592647
0.75,euclidean_fourier,3,cdf,630019,0.981837745294902
0.75,euclidean_fourier,3,cdf,630020,1.0613490851788576
0.75,euclidean_fourier,3,cdf,630021,0.9135336500421053
0.75,euclidean_fourier,3,cdf,630022,0.9523904958903002
0.75,euclidean_fourier,3,cdf,630023,0.9665273824692018
0.75,euclidean_fourier,4,cayley,630000,0.9660109352455752
0.75,euclidean_fourier,4,cayley,630001,0.9554471314974928
0.75,euclidean_fourier,4,cayley,630002,0.966057273067429
0.75,euclidean_fourier,4,cayley,630003,0.9643330464667016
0.75,euclidean_fourier,4,cayley,630004,0.9652523980066842
0.75,euclidean_fourier,4,cayley,630005,0.9633592257265244
0.75,euclidean_fourier,4,cayley,630006,0.9578546772070795
0.75,euclidean_fourier,4,cayley,630007,0.9594854234226996
0.75,euclidean_fourier,4,cayley,630008,0.9638880600888257
0.75,euclidean_fourier,4,cayley,630009,0.9738675918182351
0.75,euclidean_fourier,4,cayley,630010,0.9661438585353951
0.75,euclidean_fourier,4,cayley,630011,0.9622540571726719
0.75,euclidean_fourier,4,cayley,630012,0.96808931748905
0.75,euclidean_fourier,4,cayley,630013,0.9618578311647069
0.75,euclidean_fourier,4,cayley,630014,0.9740782745024261
0.75,euclidean_fourier,4,cayley,630015,0.9564722815114918
0.75,euclidean_fourier,4,cayley,630016,0.972669199503724
0.75,euclidean_fourier,4,cayley,630017,0.9677402435098447
0.75,euclidean_fourier,4,cayley,630018,0.9580000283791775
0.75,euclidean_fourier,4,cayley,630019,0.9588084159655639
0.75,euclidean_fourier,4,cayley,630020,0.9668963354203214
0.75,euclidean_fourier,4,cayley,630021,0.9658664083431314
0.75,euclidean_fourier,4,cayley,630022,0.962465467429353
0.75,euclidean_fourier,4,cayley,630023,0.9605954607546127
0.75,euclidean_fourier,4,cdf,630000,1.0352072864743866
0.75,euclidean_fourier,4,cdf,630001,0.9766819856817276
0.75,euclidean_fourier,4,cdf,630002,1.0287759049453447
0.75,euclidean_fourier,4,cdf,630003,0.9454415479704487
0.75,euclidean_fourier,4,cdf,630004,1.0659960979209349
0.75,euclidean_fourier,4,cdf,630005,1.0681853667247467
0.75,euclidean_fourier,4,cdf,630006,0.9026252293364068
0.75,euclidean_fourier,4,cdf,630007,1.0347827629103894
0.75,euclidean_fourier,4,cdf,630008,0.9896388533496163
0.75,euclidean_fourier,4,cdf,630009,1.0580961628869003
0.75,euclidean_fourier,4,cdf,630010,1.0519143478254391
0.75,euclidean_fourier,4,cdf,630011,0.9964720880860829
0.75,euclidean_fourier,4,cdf,630012,1.0210844931273246
0.75,euclidean_fourier,4,cdf,630013,0.967455634360835
0.75,euclidean_fourier,4,cdf,630014,0.9856536592532977
0.75,euclidean_fourier,4,cdf,630015,0.9848979083605998
0.75,euclidean_fourier,4,cdf,630016,1.072098159927823
0.75,euclidean_fourier,4,cdf,630017,1.1164884511446502
0.75,euclidean_fourier,4,cdf,630018,0.8822581432160381
0.75,euclidean_fourier,4,cdf,630019,0.9921126126101946
0.75,euclidean_fourier,4,cdf,630020,1.0610657547540165
0.75,euclidean_fourier,4,cdf,630021,0.9266796733566973
0.75,euclidean_fourier,4,cdf,630022,0.9639906712740063
0.75,euclidean_fourier,4,cdf,630023,0.9778669315917997
0.75,cdf_cosine,1,cayley,630000,0.0003936858075980281
0.75,cdf_cosine,1,cayley,630001,0.00032202079843526323
0.75,cdf_cosine,1,cayley,630002,0.00037079951514113163
0.75,cdf_cosine,1,cayley,630003,0.00031559500807192735
0.75,cdf_cosine,1,cayley,630004,0.0003752204939785508
0.75,cdf_cosine,1,cayley,630005,0.0003340984381479785
0.75,cdf_cosine,1,cayley,630006,0.00026663646953312045
0.75,cdf_cosine,1,cayley,630007,0.0003718620538981045
0.75,cdf_cosine,1,cayley,630008,0.0004977029926896504
0.75,cdf_cosine,1,cayley,630009,0.0004999225079710385
0.75,cdf_cosine,1,cayley,630010,0.0003000920494464593
0.75,cdf_cosine,1,cayley,630011,0.00038308486500835613
0.75,cdf_cosine,1,cayley,630012,0.00042931209203061517
0.75,cdf_cosine,1,cayley,630013,0.0005039498400820279
0.75,cdf_cosine,1,cayley,630014,0.00033579363453983824
0.75,cdf_cosine,1,cayley,630015,0.00045419539771787004
0.75,cdf_cosine,1,cayley,630016,0.00041418981303864593
0.75,cdf_cosine,1,cayley,630017,0.0005674588128411868
0.75,cdf_cosine,1,cayley,630018,0.0002332526559420877
0.75,cdf_cosine,1,cayley,630019,0.00043714565005666806
0.75,cdf_cosine,1,cayley,630020,0.0004576698429060292
0.75,cdf_cosine,1,cayley,630021,0.00031436210828818245
0.75,cdf_cosine,1,cayley,630022,0.0003221713514906478
0.75,cdf_cosine,1,cayley,630023,0.00037517438629661415
0.75,cdf_cosine,1,cdf,630000,0.08062405867852
0.75,cdf_cosine,1,cdf,630001,0.0728593272516338
0.75,cdf_cosine,1,cdf,630002,0.07989657236745974
0.75,cdf_cosine,1,cdf,630003,0.06844588338762898
0.75,cdf_cosine,1,cdf,630004,0.08224995195071445
0.75,cdf_cosine,1,cdf,630005,0.08849491534622965
0.75,cdf_cosine,1,cdf,630006,0.06474028953369353
0.75,cdf_cosine,1,cdf,630007,0.08310261151822726
0.75,cdf_cosine,1,cdf,630008,0.07308994230281905
0.75,cdf_cosine,1,cdf,630009,0.0800351459437506
0.75,cdf_cosine,1,cdf,630010,0.08380821637397773
0.75,cdf_cosine,1,cdf,630011,0.0739766781546743
0.75,cdf_cosine,1,cdf,630012,0.07457911571412698
0.75,cdf_cosine,1,cdf,630013,0.06809270983277334
0.75,cdf_cosine,1,cdf,630014,0.0754069897970003
0.75,cdf_cosine,1,cdf,630015,0.06723040545745519
0.75,cdf_cosine,1,cdf,630016,0.08329866456160734
0.75,cdf_cosine,1,cdf,630017,0.08255132519836389
0.75,cdf_cosine,1,cdf,630018,0.06309162586200921
0.75,cdf_cosine,1,cdf,630019,0.07432437300822546
0.75,cdf_cosine,1,cdf,630020,0.07957855235128448
0.75,cdf_cosine,1,cdf,630021,0.07030738763174922
0.75,cdf_cosine,1,cdf,630022,0.07454046144706813
0.75,cdf_cosine,1,cdf,630023,0.07001815560280134
0.75,cdf_cosine,2,cayley,630000,0.023544723709541422
0.75,cdf_cosine,2,cayley,630001,0.02447913392633146
0.75,cdf_cosine,2,cayley,630002,0.023572946840143917
0.75,cdf_cosine,2,cayley,630003,0.025328681733756776
0.75,cdf_cosine,2,cayley,630004,0.02328235274023102
0.75,cdf_cosine,2,cayley,630005,0.02313715030918007
0.75,cdf_cosine,2,cayley,630006,0.025449821591731567
0.75,cdf_cosine,2,cayley,630007,0.023818499280461734
0.75,cdf_cosine,2,cayley,630008,0.0244544236291252
0.75,cdf_cosine,2,cayley,630009,0.023835135115370075
0.75,cdf_cosine,2,cayley,630010,0.023205393897721496
0.75,cdf_cosine,2,cayley,630011,0.024341883897416868
0.75,cdf_cosine,2,cayley,630012,0.024261972417180706
0.75,cdf_cosine,2,cayley,630013,0.024938237136237235
0.75,cdf_cosine,2,cayley,630014,0.024691695091860713
0.75,cdf_cosine,2,cayley,630015,0.02482717260148721
0.75,cdf_cosine,2,cayley,630016,0.023691766328237152
0.75,cdf_cosine,2,cayley,630017,0.02323529198004918
0.75,cdf_cosine,2,cayley,630018,0.025547831761217322
0.75,cdf_cosine,2,cayley,630019,0.024627759982947292
0.75,cdf_cosine,2,cayley,630020,0.02376672704516975
0.75,cdf_cosine,2,cayley,630021,0.024956495486989902
0.75,cdf_cosine,2,cayley,630022,0.024610648001406582
0.75,cdf_cosine,2,cayley,630023,0.02390054685159843
0.75,cdf_cosine,2,cdf,630000,0.21239601232088995
0.75,cdf_cosine,2,cdf,630001,0.20129490668257483
0.75,cdf_cosine,2,cdf,630002,0.20809451464595763
0.75,cdf_cosine,2,cdf,630003,0.19194313542638855
0.75,cdf_cosine,2,cdf,630004,0.2141682182897531
0.75,cdf_cosine,2,cdf,630005,0.2293213583939498
0.75,cdf_cosine,2,cdf,630006,0.1857175058855414
0.75,cdf_cosine,2,cdf,630007,0.2165222447896568
0.75,cdf_cosine,2,cdf,630008,0.19608535408894268
0.75,cdf_cosine,2,cdf,630009,0.20593032167704456
0.75,cdf_cosine,2,cdf,630010,0.21863313448284705
0.75,cdf_cosine,2,cdf,630011,0.20031991233911126
0.75,cdf_cosine,2,cdf,630012,0.2000496734193313
0.75,cdf_cosine,2,cdf,630013,0.1836829112227585
0.75,cdf_cosine,2,cdf,630014,0.2023057430838367
0.75,cdf_cosine,2,cdf,630015,0.19961098310119413
0.75,cdf_cosine,2,cdf,630016,0.22314752967427948
0.75,cdf_cosine,2,cdf,630017,0.22025988470966057
0.75,cdf_cosine,2,cdf,630018,0.18093216744485105
0.75,cdf_cosine,2,cdf,630019,0.19890919021292663
0.75,cdf_cosine,2,cdf,630020,0.21406627938695189
0.75,cdf_cosine,2,cdf,630021,0.1854150146077846
0.75,cdf_cosine,2,cdf,630022,0.19681582439745662
0.75,cdf_cosine,2,cdf,630023,0.1922779227372536
0.75,cdf_cosine,3,cayley,630000,0.45459171193426
0.75,cdf_cosine,3,cayley,630001,0.47850524995179694
0.75,cdf_cosine,3,cayley,630002,0.45839318917266475
0.75,cdf_cosine,3,cayley,630003,0.49421411681909405
0.75,cdf_cosine,3,cayley,630004,0.4269243352138687
0.75,cdf_cosine,3,cayley,630005,0.4300636504302249
0.75,cdf_cosine,3,cayley,630006,0.4941845795805943
0.75,cdf_cosine,3,cayley,630007,0.47137038364553935
0.75,cdf_cosine,3,cayley,630008,0.4741157110353944
0.75,cdf_cosine,3,cayley,630009,0.4492878443572139
0.75,cdf_cosine,3,cayley,630010,0.4121406889890858
0.75,cdf_cosine,3,cayley,630011,0.4621580762370896
0.75,cdf_cosine,3,cayley,630012,0.4584393354862343
0.75,cdf_cosine,3,cayley,630013,0.48484942422288757
0.75,cdf_cosine,3,cayley,630014,0.48836837670717936
0.75,cdf_cosine,3,cayley,630015,0.4371491065985237
0.75,cdf_cosine,3,cayley,630016,0.4476135430476795
0.75,cdf_cosine,3,cayley,630017,0.451216432558654
0.75,cdf_cosine,3,cayley,630018,0.470614865147043
0.75,cdf_cosine,3,cayley,630019,0.48533031636558044
0.75,cdf_cosine,3,cayley,630020,0.46137090991497326
0.75,cdf_cosine,3,cayley,630021,0.4792371396499735
0.75,cdf_cosine,3,cayley,630022,0.49334770706875214
0.75,cdf_cosine,3,cayley,630023,0.44507664677948533
0.75,cdf_cosine,3,cdf,630000,0.5178540863991711
0.75,cdf_cosine,3,cdf,630001,0.5255236081551897
0.75,cdf_cosine,3,cdf,630002,0.5053462755411248
0.75,cdf_cosine,3,cdf,630003,0.5265902615532003
0.75,cdf_cosine,3,cdf,630004,0.515690972255348
0.75,cdf_cosine,3,cdf,630005,0.5479443105825325
0.75,cdf_cosine,3,cdf,630006,0.5060460241468144
0.75,cdf_cosine,3,cdf,630007,0.5344378818093055
0.75,cdf_cosine,3,cdf,630008,0.507151033409705
0.75,cdf_cosine,3,cdf,630009,0.5080752160157699
0.75,cdf_cosine,3,cdf,630010,0.5285439354077323
0.75,cdf_cosine,3,cdf,630011,0.5141660524417958
0.75,cdf_cosine,3,cdf,630012,0.5068036479650011
0.75,cdf_cosine,3,cdf,630013,0.4853151858758213
0.75,cdf_cosine,3,cdf,630014,0.5235299322714512
0.75,cdf_cosine,3,cdf,630015,0.5366145408290268
0.75,cdf_cosine,3,cdf,630016,0.547559118857859
0.75,cdf_cosine,3,cdf,630017,0.5514108001647183
0.75,cdf_cosine,3,cdf,630018,0.49622298474997834
0.75,cdf_cosine,3,cdf,630019,0.5066117255544249
0.75,cdf_cosine,3,cdf,630020,0.5346282741807683
0.75,cdf_cosine,3,cdf,630021,0.4917334344578809
0.75,cdf_cosine,3,cdf,630022,0.503367813355366
0.75,cdf_cosine,3,cdf,630023,0.4987146646680122
0.75,cdf_cosine,4,cayley,630000,0.6972390819762806
0.75,cdf_cosine,4,cayley,630001,0.7078707292740624
0.75,cdf_cosine,4,cayley,630002,0.6994568224237548
0.75,cdf_cosine,4,cayley,630003,0.7433794556814145
0.75,cdf_cosine,4,cayley,630004,0.6944611527320559
0.75,cdf_cosine,4,cayley,630005,0.6806814277033564
0.75,cdf_cosine,4,cayley,630006,0.7606337988726065
0.75,cdf_cosine,4,cayley,630007,0.6839141567141321
0.75,cdf_cosine,4,cayley,630008,0.718484895250848
0.75,cdf_cosine,4,cayley,630009,0.7030912868145006
0.75,cdf_cosine,4,cayley,630010,0.7013427377168358
0.75,cdf_cosine,4,cayley,630011,0.7306637974258231
0.75,cdf_cosine,4,cayley,630012,0.7319527154623054
0.75,cdf_cosine,4,cayley,630013,0.7358311295160532
0.75,cdf_cosine,4,cayley,630014,0.7284911797467543
0.75,cdf_cosine,4,cayley,630015,0.736692006915574
0.75,cdf_cosine,4,cayley,630016,0.6980173325759257
0.75,cdf_cosine,4,cayley,630017,0.6607071917563497
0.75,cdf_cosine,4,cayley,630018,0.7719440979314565
0.75,cdf_cosine,4,cayley,630019,0.7211177190541886
0.75,cdf_cosine,4,cayley,630020,0.6954071260478132
0.75,cdf_cosine,4,cayley,630021,0.7547580695922566
0.75,cdf_cosine,4,cayley,630022,0.7234897064490614
0.75,cdf_cosine,4,cayley,630023,0.7300074861431756
0.75,cdf_cosine,4,cdf,630000,0.7102039532432404
0.75,cdf_cosine,4,cdf,630001,0.6986158724411994
0.75,cdf_cosine,4,cdf,630002,0.7049229337345634
0.75,cdf_cosine,4,cdf,630003,0.6874582501040651
0.75,cdf_cosine,4,cdf,630004,0.7164009869792517
0.75,cdf_cosine,4,cdf,630005,0.7459668447744957
0.75,cdf_cosine,4,cdf,630006,0.6930899931820032
0.75,cdf_cosine,4,cdf,630007,0.6946010618169324
0.75,cdf_cosine,4,cdf,630008,0.6738758503248928
0.75,cdf_cosine,4,cdf,630009,0.6925341522214165
0.75,cdf_cosine,4,cdf,630010,0.7321477494471164
0.75,cdf_cosine,4,cdf,630011,0.689359504693352
0.75,cdf_cosine,4,cdf,630012,0.700099679198249
0.75,cdf_cosine,4,cdf,630013,0.6696050772578731
0.75,cdf_cosine,4,cdf,630014,0.6823357593347933
0.75,cdf_cosine,4,cdf,630015,0.7224922111928702
0.75,cdf_cosine,4,cdf,630016,0.7220269676071428
0.75,cdf_cosine,4,cdf,630017,0.6990850853032744
0.75,cdf_cosine,4,cdf,630018,0.6953401088848151
0.75,cdf_cosine,4,cdf,630019,0.6908731861326216
0.75,cdf_cosine,4,cdf,630020,0.6921597957777496
0.75,cdf_cosine,4,cdf,630021,0.6902829993780686
0.75,cdf_cosine,4,cdf,630022,0.6780068633075179
0.75,cdf_cosine,4,cdf,630023,0.6887000689441067
0.75,cdf_legendre,1,cayley,630000,0.0036359016245655733
0.75,cdf_legendre,1,cayley,630001,0.0037306533442636276
0.75,cdf_legendre,1,cayley,630002,0.0036457752742856293
0.75,cdf_legendre,1,cayley,630003,0.003853049622022965
0.75,cdf_legendre,1,cayley,630004,0.003525673398983866
0.75,cdf_legendre,1,cayley,630005,0.0035368521454866068
0.75,cdf_legendre,1,cayley,630006,0.003795631737189635
0.75,cdf_legendre,1,cayley,630007,0.003583151839173147
0.75,cdf_legendre,1,cayley,630008,0.004382135251623414
0.75,cdf_legendre,1,cayley,630009,0.004019610204474944
0.75,cdf_legendre,1,cayley,630010,0.0035172675423771264
0.75,cdf_legendre,1,cayley,630011,0.003811055799938215
0.75,cdf_legendre,1,cayley,630012,0.003940410380914606
0.75,cdf_legendre,1,cayley,630013,0.003997372379108317
0.75,cdf_legendre,1,cayley,630014,0.0037229680695517594
0.75,cdf_legendre,1,cayley,630015,0.004279819343948192
0.75,cdf_legendre,1,cayley,630016,0.0036855223542677567
0.75,cdf_legendre,1,cayley,630017,0.00407840910152106
0.75,cdf_legendre,1,cayley,630018,0.0037710028187900777
0.75,cdf_legendre,1,cayley,630019,0.00393185576189595
0.75,cdf_legendre,1,cayley,630020,0.0037363513758223313
0.75,cdf_legendre,1,cayley,630021,0.003889799996187887
0.75,cdf_legendre,1,cayley,630022,0.003733553715316106
0.75,cdf_legendre,1,cayley,630023,0.003819843877543164
0.75,cdf_legendre,1,cdf,630000,0.12208887036013097
0.75,cdf_legendre,1,cdf,630001,0.1168604580571448
0.75,cdf_legendre,1,cdf,630002,0.12181852053776936
0.75,cdf_legendre,1,cdf,630003,0.11070315606339762
0.75,cdf_legendre,1,cdf,630004,0.12036950043941178
0.75,cdf_legendre,1,cdf,630005,0.13108146181998212
0.75,cdf_legendre,1,cdf,630006,0.10668219173633613
0.75,cdf_legendre,1,cdf,630007,0.121241919191298
0.75,cdf_legendre,1,cdf,630008,0.11509915175836449
0.75,cdf_legendre,1,cdf,630009,0.1166890491487102
0.75,cdf_legendre,1,cdf,630010,0.12199806291794955
0.75,cdf_legendre,1,cdf,630011,0.11013622208728428
0.75,cdf_legendre,1,cdf,630012,0.11254695746419342
0.75,cdf_legendre,1,cdf,630013,0.10592297602061128
0.75,cdf_legendre,1,cdf,630014,0.11055804465703274
0.75,cdf_legendre,1,cdf,630015,0.1117297806978497
0.75,cdf_legendre,1,cdf,630016,0.12149709375942619
0.75,cdf_legendre,1,cdf,630017,0.12568189370189098
0.75,cdf_legendre,1,cdf,630018,0.10180763880944728
0.75,cdf_legendre,1,cdf,630019,0.1149015804682827
0.75,cdf_legendre,1,cdf,630020,0.11670476758935448
0.75,cdf_legendre,1,cdf,630021,0.10913202158673385
0.75,cdf_legendre,1,cdf,630022,0.11279722045107395
0.75,cdf_legendre,1,cdf,630023,0.11063915018742816
0.75,cdf_legendre,2,cayley,630000,0.2638610832005623
0.75,cdf_legendre,2,cayley,630001,0.27114470309150923
0.75,cdf_legendre,2,cayley,630002,0.2651861734460361
0.75,cdf_legendre,2,cayley,630003,0.28208805744866
0.75,cdf_legendre,2,cayley,630004,0.2564887811122156
0.75,cdf_legendre,2,cayley,630005,0.2579762853179177
0.75,cdf_legendre,2,cayley,630006,0.27769010165922364
0.75,cdf_legendre,2,cayley,630007,0.2625844426874575
0.75,cdf_legendre,2,cayley,630008,0.30983018754092617
0.75,cdf_legendre,2,cayley,630009,0.28932021155702936
0.75,cdf_legendre,2,cayley,630010,0.2575647046912578
0.75,cdf_legendre,2,cayley,630011,0.2768046497356429
0.75,cdf_legendre,2,cayley,630012,0.28354653225242993
0.75,cdf_legendre,2,cayley,630013,0.2898444152473475
0.75,cdf_legendre,2,cayley,630014,0.27363576345745133
0.75,cdf_legendre,2,cayley,630015,0.3030530221327368
0.75,cdf_legendre,2,cayley,630016,0.26748075423073087
0.75,cdf_legendre,2,cayley,630017,0.2880681513526812
0.75,cdf_legendre,2,cayley,630018,0.27873538767539835
0.75,cdf_legendre,2,cayley,630019,0.28346061671291345
0.75,cdf_legendre,2,cayley,630020,0.27034496408637415
0.75,cdf_legendre,2,cayley,630021,0.28487138363507924
0.75,cdf_legendre,2,cayley,630022,0.2739798246831628
0.75,cdf_legendre,2,cayley,630023,0.2763838407757605
0.75,cdf_legendre,2,cdf,630000,0.39813846101315503
0.75,cdf_legendre,2,cdf,630001,0.39765721893244477
0.75,cdf_legendre,2,cdf,630002,0.4000802730238453
0.75,cdf_legendre,2,cdf,630003,0.38566706647192894
0.75,cdf_legendre,2,cdf,630004,0.4005919324638105
0.75,cdf_legendre,2,cdf,630005,0.4120056432765228
0.75,cdf_legendre,2,cdf,630006,0.3847780765366647
0.75,cdf_legendre,2,cdf,630007,0.3823311545651048
0.75,cdf_legendre,2,cdf,630008,0.4038405970739842
0.75,cdf_legendre,2,cdf,630009,0.3890168765559566
0.75,cdf_legendre,2,cdf,630010,0.4052196105898811
0.75,cdf_legendre,2,cdf,630011,0.39044583053300197
0.75,cdf_legendre,2,cdf,630012,0.39277111231630535
0.75,cdf_legendre,2,cdf,630013,0.3721630942578978
0.75,cdf_legendre,2,cdf,630014,0.36801893647651474
0.75,cdf_legendre,2,cdf,630015,0.4077077632430203
0.75,cdf_legendre,2,cdf,630016,0.39028904848203805
0.75,cdf_legendre,2,cdf,630017,0.3982478152384681
0.75,cdf_legendre,2,cdf,630018,0.3858536196457325
0.75,cdf_legendre,2,cdf,630019,0.3913223940393886
0.75,cdf_legendre,2,cdf,630020,0.37911579523726063
0.75,cdf_legendre,2,cdf,630021,0.3924647948456053
0.75,cdf_legendre,2,cdf,630022,0.37753470063771055
0.75,cdf_legendre,2,cdf,630023,0.39321010965306175
0.75,cdf_legendre,3,cayley,630000,0.5993770004599873
0.75,cdf_legendre,3,cayley,630001,0.6182406531879878
0.75,cdf_legendre,3,cayley,630002,0.6057458099221864
0.75,cdf_legendre,3,cayley,630003,0.6513170062735169
0.75,cdf_legendre,3,cayley,630004,0.5920879892844623
0.75,cdf_legendre,3,cayley,630005,0.5868792158538534
0.75,cdf_legendre,3,cayley,630006,0.6560627536550035
0.75,cdf_legendre,3,cayley,630007,0.6037733698740513
0.75,cdf_legendre,3,cayley,630008,0.6229531761665628
0.75,cdf_legendre,3,cayley,630009,0.6173049570279987
0.75,cdf_legendre,3,cayley,630010,0.593622988964258
0.75,cdf_legendre,3,cayley,630011,0.6170484593244621
0.75,cdf_legendre,3,cayley,630012,0.6166091997289659
0.75,cdf_legendre,3,cayley,630013,0.6435494328001788
0.75,cdf_legendre,3,cayley,630014,0.6303928489912468
0.75,cdf_legendre,3,cayley,630015,0.6195728634734553
0.75,cdf_legendre,3,cayley,630016,0.5983976751191188
0.75,cdf_legendre,3,cayley,630017,0.5747925975604243
0.75,cdf_legendre,3,cayley,630018,0.6590200681106192
0.75,cdf_legendre,3,cayley,630019,0.6284614391770792
0.75,cdf_legendre,3,cayley,630020,0.5941514262551268
0.75,cdf_legendre,3,cayley,630021,0.6550535243123287
0.75,cdf_legendre,3,cayley,630022,0.6344105455766258
0.75,cdf_legendre,3,cayley,630023,0.6188175772904221
0.75,cdf_legendre,3,cdf,630000,0.6120808532952247
0.75,cdf_legendre,3,cdf,630001,0.611933704739599
0.75,cdf_legendre,3,cdf,630002,0.6083277423736212
0.75,cdf_legendre,3,cdf,630003,0.5919653717322165
0.75,cdf_legendre,3,cdf,630004,0.6146609439161289
0.75,cdf_legendre,3,cdf,630005,0.6355016258216007
0.75,cdf_legendre,3,cdf,630006,0.606430211970603
0.75,cdf_legendre,3,cdf,630007,0.600973508114406
0.75,cdf_legendre,3,cdf,630008,0.5816300919566085
0.75,cdf_legendre,3,cdf,630009,0.5870229932184837
0.75,cdf_legendre,3,cdf,630010,0.6216388267082207
0.75,cdf_legendre,3,cdf,630011,0.5897070651649808
0.75,cdf_legendre,3,cdf,630012,0.5902681582450476
0.75,cdf_legendre,3,cdf,630013,0.5708784123807978
0.75,cdf_legendre,3,cdf,630014,0.582443958462109
0.75,cdf_legendre,3,cdf,630015,0.622206689514269
0.75,cdf_legendre,3,cdf,630016,0.6123583195339496
0.75,cdf_legendre,3,cdf,630017,0.5892068341984821
0.75,cdf_legendre,3,cdf,630018,0.6065728569202324
0.75,cdf_legendre,3,cdf,630019,0.5949206547809762
0.75,cdf_legendre,3,cdf,630020,0.5881868135276367
0.75,cdf_legendre,3,cdf,630021,0.5859920048324574
0.75,cdf_legendre,3,cdf,630022,0.5838924490487777
0.75,cdf_legendre,3,cdf,630023,0.5887433813596435
0.75,cdf_legendre,4,cayley,630000,0.7234527962031676
0.75,cdf_legendre,4,cayley,630001,0.744908432421442
0.75,cdf_legendre,4,cayley,630002,0.7260170404415015
0.75,cdf_legendre,4,cayley,630003,0.7658587422298381
0.75,cdf_legendre,4,cayley,630004,0.7211637887489409
0.75,cdf_legendre,4,cayley,630005,0.7091561550019494
0.75,cdf_legendre,4,cayley,630006,0.7868944867543061
0.75,cdf_legendre,4,cayley,630007,0.7139661214740702
0.75,cdf_legendre,4,cayley,630008,0.7487609679914333
0.75,cdf_legendre,4,cayley,630009,0.7191151351224813
0.75,cdf_legendre,4,cayley,630010,0.7224993480790958
0.75,cdf_legendre,4,cayley,630011,0.7527403679267186
0.75,cdf_legendre,4,cayley,630012,0.747555480531073
0.75,cdf_legendre,4,cayley,630013,0.7534202496145519
0.75,cdf_legendre,4,cayley,630014,0.7445335733928259
0.75,cdf_legendre,4,cayley,630015,0.7704906671643877
0.75,cdf_legendre,4,cayley,630016,0.7223535388295506
0.75,cdf_legendre,4,cayley,630017,0.6975797238269454
0.75,cdf_legendre,4,cayley,630018,0.7909236666244391
0.75,cdf_legendre,4,cayley,630019,0.7490988319698748
0.75,cdf_legendre,4,cayley,630020,0.7220307527570059
0.75,cdf_legendre,4,cayley,630021,0.7673569589283634
0.75,cdf_legendre,4,cayley,630022,0.74613653063264
0.75,cdf_legendre,4,cayley,630023,0.748230216376278
0.75,cdf_legendre,4,cdf,630000,0.7310898430519203
0.75,cdf_legendre,4,cdf,630001,0.7221102063939081
0.75,cdf_legendre,4,cdf,630002,0.7246939588279055
0.75,cdf_legendre,4,cdf,630003,0.7030280269365509
0.75,cdf_legendre,4,cdf,630004,0.7355437596872227
0.75,cdf_legendre,4,cdf,630005,0.7656996718330566
0.75,cdf_legendre,4,cdf,630006,0.7094747952650133
0.75,cdf_legendre,4,cdf,630007,0.7130268901711755
0.75,cdf_legendre,4,cdf,630008,0.6924134095953663
0.75,cdf_legendre,4,cdf,630009,0.6995736520378323
0.75,cdf_legendre,4,cdf,630010,0.7482035241623453
0.75,cdf_legendre,4,cdf,630011,0.7038730599664688
0.75,cdf_legendre,4,cdf,630012,0.710188076288307
0.75,cdf_legendre,4,cdf,630013,0.6746212667781646
0.75,cdf_legendre,4,cdf,630014,0.6932954271545424
0.75,cdf_legendre,4,cdf,630015,0.7420481661999777
0.75,cdf_legendre,4,cdf,630016,0.7400591869642242
0.75,cdf_legendre,4,cdf,630017,0.719260424621228
0.75,cdf_legendre,4,cdf,630018,0.7116866321350396
0.75,cdf_legendre,4,cdf,630019,0.7051887126126618
0.75,cdf_legendre,4,cdf,630020,0.7089203841500411
0.75,cdf_legendre,4,cdf,630021,0.6954122692697384
0.75,cdf_legendre,4,cdf,630022,0.6921835004812916
0.75,cdf_legendre,4,cdf,630023,0.7033587457415181
0.75,cdf_rbf,1,cayley,630000,0.0007696249896851471
0.75,cdf_rbf,1,cayley,630001,0.0007917974211088256
0.75,cdf_rbf,1,cayley,630002,0.0007746104751846405
0.75,cdf_rbf,1,cayley,630003,0.0008130519283047837
0.75,cdf_rbf,1,cayley,630004,0.0007585656340109408
0.75,cdf_rbf,1,cayley,630005,0.0007548604714752634
0.75,cdf_rbf,1,cayley,630006,0.000816996964385892
0.75,cdf_rbf,1,cayley,630007,0.0007597063692263928
0.75,cdf_rbf,1,cayley,630008,0.0008234760796988844
0.75,cdf_rbf,1,cayley,630009,0.000789810052473697
0.75,cdf_rbf,1,cayley,630010,0.0007505222142431998
0.75,cdf_rbf,1,cayley,630011,0.0007964912108172973
0.75,cdf_rbf,1,cayley,630012,0.0007958625387462167
0.75,cdf_rbf,1,cayley,630013,0.0008047877067182109
0.75,cdf_rbf,1,cayley,630014,0.0007871388021212238
0.75,cdf_rbf,1,cayley,630015,0.0008181411282527671
0.75,cdf_rbf,1,cayley,630016,0.0007667684347538912
0.75,cdf_rbf,1,cayley,630017,0.0007849214502216894
0.75,cdf_rbf,1,cayley,630018,0.0008018949291018031
0.75,cdf_rbf,1,cayley,630019,0.0008096840379890283
0.75,cdf_rbf,1,cayley,630020,0.0007743143182903934
0.75,cdf_rbf,1,cayley,630021,0.0008093507311217745
0.75,cdf_rbf,1,cayley,630022,0.0007865243641261354
0.75,cdf_rbf,1,cayley,630023,0.0007913149682247324
0.75,cdf_rbf,1,cdf,630000,0.10141706907295282
0.75,cdf_rbf,1,cdf,630001,0.09485090127987564
0.75,cdf_rbf,1,cdf,630002,0.10078870760982818
0.75,cdf_rbf,1,cdf,630003,0.08987405779010291
0.75,cdf_rbf,1,cdf,630004,0.10117862948392925
0.75,cdf_rbf,1,cdf,630005,0.1110570784409943
0.75,cdf_rbf,1,cdf,630006,0.0847795470276497
0.75,cdf_rbf,1,cdf,630007,0.1026951046876451
0.75,cdf_rbf,1,cdf,630008,0.09272015082240687
0.75,cdf_rbf,1,cdf,630009,0.09871028649761918
0.75,cdf_rbf,1,cdf,630010,0.10282811733338414
0.75,cdf_rbf,1,cdf,630011,0.09066674081842706
0.75,cdf_rbf,1,cdf,630012,0.09269899367611661
0.75,cdf_rbf,1,cdf,630013,0.08641464613733925
0.75,cdf_rbf,1,cdf,630014,0.09277345408865903
0.75,cdf_rbf,1,cdf,630015,0.08834036858555984
0.75,cdf_rbf,1,cdf,630016,0.10249035019365019
0.75,cdf_rbf,1,cdf,630017,0.10459264993728977
0.75,cdf_rbf,1,cdf,630018,0.08150193032114741
0.75,cdf_rbf,1,cdf,630019,0.09432892494166524
0.75,cdf_rbf,1,cdf,630020,0.09749773068101074
0.75,cdf_rbf,1,cdf,630021,0.08897800570615927
0.75,cdf_rbf,1,cdf,630022,0.09346766646542892
0.75,cdf_rbf,1,cdf,630023,0.08930088634634091
0.75,cdf_rbf,2,cayley,630000,0.07227267584343841
0.75,cdf_rbf,2,cayley,630001,0.07332950672783045
0.75,cdf_rbf,2,cayley,630002,0.07326930577839387
0.75,cdf_rbf,2,cayley,630003,0.07487144507599791
0.75,cdf_rbf,2,cayley,630004,0.0718729797198942
0.75,cdf_rbf,2,cayley,630005,0.07152748922165253
0.75,cdf_rbf,2,cayley,630006,0.07503412804189201
0.75,cdf_rbf,2,cayley,630007,0.07065572517460396
0.75,cdf_rbf,2,cayley,630008,0.07991382928675646
0.75,cdf_rbf,2,cayley,630009,0.0771382500813169
0.75,cdf_rbf,2,cayley,630010,0.07160606006417183
0.75,cdf_rbf,2,cayley,630011,0.07606074836748868
0.75,cdf_rbf,2,cayley,630012,0.07580584278629922
0.75,cdf_rbf,2,cayley,630013,0.0760293900040462
0.75,cdf_rbf,2,cayley,630014,0.07303379575903134
0.75,cdf_rbf,2,cayley,630015,0.07914438452731976
0.75,cdf_rbf,2,cayley,630016,0.0727548714108508
0.75,cdf_rbf,2,cayley,630017,0.07610543255457072
0.75,cdf_rbf,2,cayley,630018,0.07472231372581768
0.75,cdf_rbf,2,cayley,630019,0.07632006639814139
0.75,cdf_rbf,2,cayley,630020,0.07288743100759668
0.75,cdf_rbf,2,cayley,630021,0.07671453288480151
0.75,cdf_rbf,2,cayley,630022,0.07286887297208586
0.75,cdf_rbf,2,cayley,630023,0.07583451433938487
0.75,cdf_rbf,2,cdf,630000,0.27486225461222363
0.75,cdf_rbf,2,cdf,630001,0.26629996101920167
0.75,cdf_rbf,2,cdf,630002,0.27728311223048435
0.75,cdf_rbf,2,cdf,630003,0.2524897572217762
0.75,cdf_rbf,2,cdf,630004,0.2780553829557228
0.75,cdf_rbf,2,cdf,630005,0.2906257124938307
0.75,cdf_rbf,2,cdf,630006,0.24611312050701972
0.75,cdf_rbf,2,cdf,630007,0.2651641784608409
0.75,cdf_rbf,2,cdf,630008,0.2654844431263772
0.75,cdf_rbf,2,cdf,630009,0.26665274329913913
0.75,cdf_rbf,2,cdf,630010,0.2771822692184688
0.75,cdf_rbf,2,cdf,630011,0.26084858702803626
0.75,cdf_rbf,2,cdf,630012,0.26395571229496056
0.75,cdf_rbf,2,cdf,630013,0.24280249340634388
0.75,cdf_rbf,2,cdf,630014,0.245602915661305
0.75,cdf_rbf,2,cdf,630015,0.2544945915942347
0.75,cdf_rbf,2,cdf,630016,0.2675831678556695
0.75,cdf_rbf,2,cdf,630017,0.2744321482032374
0.75,cdf_rbf,2,cdf,630018,0.24263815183136084
0.75,cdf_rbf,2,cdf,630019,0.26583923432143786
0.75,cdf_rbf,2,cdf,630020,0.2571564808338044
0.75,cdf_rbf,2,cdf,630021,0.25825823822002525
0.75,cdf_rbf,2,cdf,630022,0.2554990486937959
0.75,cdf_rbf,2,cdf,630023,0.25850412943721396
0.75,cdf_rbf,3,cayley,630000,0.5830901949528178
0.75,cdf_rbf,3,cayley,630001,0.602056011256358
0.75,cdf_rbf,3,cayley,630002,0.5901903314093327
0.75,cdf_rbf,3,cayley,630003,0.6314092690798344
0.75,cdf_rbf,3,cayley,630004,0.5753536496550901
0.75,cdf_rbf,3,cayley,630005,0.5685652349283293
0.75,cdf_rbf,3,cayley,630006,0.6398458441011915
0.75,cdf_rbf,3,cayley,630007,0.5885704756345832
0.75,cdf_rbf,3,cayley,630008,0.6025417961329799
0.75,cdf_rbf,3,cayley,630009,0.5974198390714506
0.75,cdf_rbf,3,cayley,630010,0.5742283137448084
0.75,cdf_rbf,3,cayley,630011,0.6000351401803073
0.75,cdf_rbf,3,cayley,630012,0.5988686514660497
0.75,cdf_rbf,3,cayley,630013,0.6259096970903
0.75,cdf_rbf,3,cayley,630014,0.6125435585429889
0.75,cdf_rbf,3,cayley,630015,0.5987503685612313
0.75,cdf_rbf,3,cayley,630016,0.5819329951445437
0.75,cdf_rbf,3,cayley,630017,0.5568981302717463
0.75,cdf_rbf,3,cayley,630018,0.6403748472180875
0.75,cdf_rbf,3,cayley,630019,0.6118445147241689
0.75,cdf_rbf,3,cayley,630020,0.5776046021515138
0.75,cdf_rbf,3,cayley,630021,0.6352890985495255
0.75,cdf_rbf,3,cayley,630022,0.6188087951950139
0.75,cdf_rbf,3,cayley,630023,0.6004681904622072
0.75,cdf_rbf,3,cdf,630000,0.6049956481947345
0.75,cdf_rbf,3,cdf,630001,0.6048856611626229
0.75,cdf_rbf,3,cdf,630002,0.6015331637592921
0.75,cdf_rbf,3,cdf,630003,0.586290082599894
0.75,cdf_rbf,3,cdf,630004,0.6063066372346684
0.75,cdf_rbf,3,cdf,630005,0.6266654935749
0.75,cdf_rbf,3,cdf,630006,0.5971757251667213
0.75,cdf_rbf,3,cdf,630007,0.5963224084964815
0.75,cdf_rbf,3,cdf,630008,0.5766568330040303
0.75,cdf_rbf,3,cdf,630009,0.5824886827943204
0.75,cdf_rbf,3,cdf,630010,0.6118203670687717
0.75,cdf_rbf,3,cdf,630011,0.5831276493498845
0.75,cdf_rbf,3,cdf,630012,0.5833676165942387
0.75,cdf_rbf,3,cdf,630013,0.5657242889946326
0.75,cdf_rbf,3,cdf,630014,0.5778447991064989
0.75,cdf_rbf,3,cdf,630015,0.608572493465374
0.75,cdf_rbf,3,cdf,630016,0.6045354933345979
0.75,cdf_rbf,3,cdf,630017,0.5843748097576442
0.75,cdf_rbf,3,cdf,630018,0.5967279442082886
0.75,cdf_rbf,3,cdf,630019,0.5898342317494394
0.75,cdf_rbf,3,cdf,630020,0.5815575051280134
0.75,cdf_rbf,3,cdf,630021,0.5813975337031837
0.75,cdf_rbf,3,cdf,630022,0.5794776987996474
0.75,cdf_rbf,3,cdf,630023,0.5803187188608367
0.75,cdf_rbf,4,cayley,630000,0.7137960372317868
0.75,cdf_rbf,4,cayley,630001,0.7262709709690705
0.75,cdf_rbf,4,cayley,630002,0.7167391562024358
0.75,cdf_rbf,4,cayley,630003,0.7543539390126126
0.75,cdf_rbf,4,cayley,630004,0.710100050255404
0.75,cdf_rbf,4,cayley,630005,0.6957050565407068
0.75,cdf_rbf,4,cayley,630006,0.7745627294701624
0.75,cdf_rbf,4,cayley,630007,0.7007916889998914
0.75,cdf_rbf,4,cayley,630008,0.7376192478311465
0.75,cdf_rbf,4,cayley,630009,0.7160024833403125
0.75,cdf_rbf,4,cayley,630010,0.7139434992734147
0.75,cdf_rbf,4,cayley,630011,0.7438352062685819
0.75,cdf_rbf,4,cayley,630012,0.7414911465549626
0.75,cdf_rbf,4,cayley,630013,0.7466967324187866
0.75,cdf_rbf,4,cayley,630014,0.7377048403094721
0.75,cdf_rbf,4,cayley,630015,0.7552929001757843
0.75,cdf_rbf,4,cayley,630016,0.7133499500893218
0.75,cdf_rbf,4,cayley,630017,0.6835984921071295
0.75,cdf_rbf,4,cayley,630018,0.7810089165709589
0.75,cdf_rbf,4,cayley,630019,0.7379187095269871
0.75,cdf_rbf,4,cayley,630020,0.7117713862690823
0.75,cdf_rbf,4,cayley,630021,0.7620506958921308
0.75,cdf_rbf,4,cayley,630022,0.7354697821077042
0.75,cdf_rbf,4,cayley,630023,0.743675228966195
0.75,cdf_rbf,4,cdf,630000,0.7245420163844339
0.75,cdf_rbf,4,cdf,630001,0.7101838459439603
0.75,cdf_rbf,4,cdf,630002,0.7214416038490403
0.75,cdf_rbf,4,cdf,630003,0.6942140534972164
0.75,cdf_rbf,4,cdf,630004,0.7282035771382602
0.75,cdf_rbf,4,cdf,630005,0.755611048403074
0.75,cdf_rbf,4,cdf,630006,0.7024107575217061
0.75,cdf_rbf,4,cdf,630007,0.7021848329832251
0.75,cdf_rbf,4,cdf,630008,0.6879147035032624
0.75,cdf_rbf,4,cdf,630009,0.6975030121241237
0.75,cdf_rbf,4,cdf,630010,0.7403786899389577
0.75,cdf_rbf,4,cdf,630011,0.6973510622352574
0.75,cdf_rbf,4,cdf,630012,0.7063687632907731
0.75,cdf_rbf,4,cdf,630013,0.6736571765670155
0.75,cdf_rbf,4,cdf,630014,0.6846710042995171
0.75,cdf_rbf,4,cdf,630015,0.7278392224717398
0.75,cdf_rbf,4,cdf,630016,0.7287296959912258
0.75,cdf_rbf,4,cdf,630017,0.7065733549994117
0.75,cdf_rbf,4,cdf,630018,0.7035322120048653
0.75,cdf_rbf,4,cdf,630019,0.7008768297639605
0.75,cdf_rbf,4,cdf,630020,0.6991171986887252
0.75,cdf_rbf,4,cdf,630021,0.6973961609505013
0.75,cdf_rbf,4,cdf,630022,0.6883993699465506
0.75,cdf_rbf,4,cdf,630023,0.7000673182241566
