distribution,node_count,matrix_seed,initialization,coupling_strength,sample_absolute_mean,sample_signed_mean,row_mean_std,mean_tm_order,q05_tm_order,mean_phase_mad,median_sync_residual,median_adaptive_scale,max_tm_modulus_error,local_initial_growth_rate,near_zero_rate,nonfinite_event_rate,finite_completed,first_nonfinite_step,synchronized
uniform_positive,64,20260910,global,0.0,1.0,1.0,0.0,0.08459257762508039,0.018722708868679907,1.403161678902638,0.3644596353392098,0.5779708815127271,4.440892098500626e-16,nan,0.0,0.0,True,-1,False
uniform_positive,64,20260910,global,0.4,1.0,1.0,0.0,0.8129694535035299,0.1135179249860902,0.2558969297270006,0.005383500156184211,0.7903712082262521,4.440892098500626e-16,nan,0.0,0.0,True,-1,False
uniform_positive,64,20260910,global,0.425,1.0,1.0,0.0,0.8007224292563203,0.09963685575206571,0.27213063082580446,0.007429651543639305,0.7852576283347297,4.440892098500626e-16,nan,0.0,0.0,True,-1,False
uniform_positive,64,20260910,global,0.45,1.0,1.0,0.0,0.9121641692704341,0.3217936680756071,0.11644444250026119,1.8019732889277164e-05,0.8732425160245729,4.440892098500626e-16,nan,0.0,0.0,True,-1,False
uniform_positive,64,20260910,global,0.475,1.0,1.0,0.0,0.962478362431672,0.6890652183627327,0.05423298594509636,1.438861058000896e-06,0.9402633582491373,3.3306690738754696e-16,nan,0.0,0.0,True,-1,True
uniform_positive,64,20260910,global,0.5,1.0,1.0,0.0,0.9999759505977127,0.9999999972897832,5.222758995908672e-05,0.0,1.0648226332473458,3.3306690738754696e-16,nan,0.0,0.0,True,-1,True
uniform_positive,64,20260910,global,0.525,1.0,1.0,0.0,1.0,0.9999999999999999,0.0,0.0,1.0628109076877292,1.1102230246251565e-16,nan,0.0,0.0,True,-1,True
uniform_positive,64,20260910,global,0.55,1.0,1.0,0.0,1.0,0.9999999999999999,0.0,0.0,1.2090993909010397,1.1102230246251565e-16,nan,0.0,0.0,True,-1,True
uniform_positive,64,20260910,global,0.575,1.0,1.0,0.0,1.0,0.9999999999999999,0.0,0.0,1.259365624112609,1.1102230246251565e-16,nan,0.0,0.0,True,-1,True
uniform_positive,64,20260910,global,0.6,1.0,1.0,0.0,1.0,0.9999999999999999,0.0,0.0,1.5454628106085697,1.1102230246251565e-16,nan,0.0,0.0,True,-1,True
uniform_positive,64,20260910,local,0.0,1.0,1.0,0.0,0.08184385497249787,0.019465062521677786,1.4049714487012306,0.3655710422878179,0.5809249967393247,4.440892098500626e-16,0.6491939987136119,0.0,0.0,True,-1,False
uniform_positive,64,20260910,local,0.4,1.0,1.0,0.0,0.804535346895369,0.10976350216407335,0.2708737078493182,0.00543208753036987,0.8430108363101846,4.440892098500626e-16,0.2068765423169397,0.0,0.0,True,-1,False
uniform_positive,64,20260910,local,0.425,1.0,1.0,0.0,0.8256572850166782,0.13043315946269993,0.24072827633135238,0.007583806791053897,0.8479600608486899,4.440892098500626e-16,0.34989752003069563,0.0,0.0,True,-1,False
uniform_positive,64,20260910,local,0.45,1.0,1.0,0.0,0.9803616767697279,0.8627035054614869,0.0,0.0,0.8870833078667306,3.3306690738754696e-16,0.028671341325636725,0.0,0.0,True,-1,True
uniform_positive,64,20260910,local,0.475,1.0,1.0,0.0,0.9073774261646084,0.25588911857498714,0.1273742187114435,1.9827710745267614e-05,0.8641401399921661,4.440892098500626e-16,0.01454699848647596,0.0,0.0,True,-1,False
uniform_positive,64,20260910,local,0.5,1.0,1.0,0.0,1.0,0.9999999999999999,0.0,0.0,1.0216038278341857,1.1102230246251565e-16,-0.28764277279415434,0.0,0.0,True,-1,True
uniform_positive,64,20260910,local,0.525,1.0,1.0,0.0,1.0,0.9999999999999999,0.0,0.0,1.1238755310417265,1.1102230246251565e-16,-0.30062904948049024,0.0,0.0,True,-1,True
uniform_positive,64,20260910,local,0.55,1.0,1.0,0.0,1.0,0.9999999999999999,0.0,0.0,1.1736042814576968,1.1102230246251565e-16,0.031192261270642473,0.0,0.0,True,-1,True
uniform_positive,64,20260910,local,0.575,1.0,1.0,0.0,1.0,0.9999999999999999,0.0,0.0,1.3233654390476524,1.1102230246251565e-16,-0.35922913041512633,0.0,0.0,True,-1,True
uniform_positive,64,20260910,local,0.6,1.0,1.0,0.0,1.0,0.9999999999999999,0.0,0.0,1.4606653680281643,1.1102230246251565e-16,-0.3418552951745805,0.0,0.0,True,-1,True
uniform_positive,64,20260911,global,0.0,1.0,1.0,0.0,0.08552461687142394,0.019378709164903543,1.4094368901364667,0.3629844440373388,0.5824048647733611,4.440892098500626e-16,nan,0.0,0.0,True,-1,False
uniform_positive,64,20260911,global,0.4,1.0,1.0,0.0,0.8052264211779023,0.12589236904624848,0.2643282042191954,0.010614747256769363,0.7734649542791812,4.440892098500626e-16,nan,0.0,0.0,True,-1,False
uniform_positive,64,20260911,global,0.425,1.0,1.0,0.0,0.8393025000747312,0.1370479539079582,0.21860151098537517,0.004022905651171903,0.8614017086613004,4.440892098500626e-16,nan,0.0,0.0,True,-1,False
uniform_positive,64,20260911,global,0.45,1.0,1.0,0.0,0.9335967452456846,0.32618961894409876,0.09168950194790916,0.00010006841557021842,1.008638472568196,4.440892098500626e-16,nan,0.0,0.0,True,-1,False
uniform_positive,64,20260911,global,0.475,1.0,1.0,0.0,0.9269715890760762,0.3811338963245969,0.10122213805878642,3.8792682123461597e-07,0.9564322813184934,4.440892098500626e-16,nan,0.0,0.0,True,-1,False
uniform_positive,64,20260911,global,0.5,1.0,1.0,0.0,1.0,0.9999999999999999,0.0,0.0,1.0775778430562606,1.1102230246251565e-16,nan,0.0,0.0,True,-1,True
uniform_positive,64,20260911,global,0.525,1.0,1.0,0.0,1.0,0.9999999999999999,0.0,0.0,1.0679373683393654,1.1102230246251565e-16,nan,0.0,0.0,True,-1,True
uniform_positive,64,20260911,global,0.55,1.0,1.0,0.0,1.0,0.9999999999999999,0.0,0.0,1.108707567701508,1.1102230246251565e-16,nan,0.0,0.0,True,-1,True
uniform_positive,64,20260911,global,0.575,1.0,1.0,0.0,1.0,0.9999999999999999,0.0,0.0,1.0872697968684424,1.1102230246251565e-16,nan,0.0,0.0,True,-1,True
uniform_positive,64,20260911,global,0.6,1.0,1.0,0.0,1.0,0.9999999999999999,0.0,0.0,1.5490884558868927,1.1102230246251565e-16,nan,0.0,0.0,True,-1,True
uniform_positive,64,20260911,local,0.0,1.0,1.0,0.0,0.08246646276584717,0.018054581467644333,1.4114891226131099,0.36405339164847994,0.5732597471664773,4.440892098500626e-16,0.5622799188641978,0.0,0.0,True,-1,False
uniform_positive,64,20260911,local,0.4,1.0,1.0,0.0,0.8310331853502683,0.14603260603081744,0.23222794065816152,0.003261710784311078,0.8619966565604582,4.440892098500626e-16,0.24244210579290845,0.0,0.0,True,-1,False
uniform_positive,64,20260911,local,0.425,1.0,1.0,0.0,0.783328068085915,0.12074780936124818,0.2892123462943208,0.020763434038534284,0.7717466585063142,4.440892098500626e-16,-0.08260414970458559,0.0,0.0,True,-1,False
uniform_positive,64,20260911,local,0.45,1.0,1.0,0.0,0.8871066353419654,0.2101866990060512,0.15386183242558632,0.00022805884421814133,0.8536925669100071,4.440892098500626e-16,-0.288143901922412,0.0,0.0,True,-1,False
uniform_positive,64,20260911,local,0.475,1.0,1.0,0.0,0.9953932662933331,0.9695539869438458,0.0,0.0,0.9042402755152474,3.3306690738754696e-16,0.3444256913921656,0.0,0.0,True,-1,True
uniform_positive,64,20260911,local,0.5,1.0,1.0,0.0,1.0,0.9999999999999999,0.0,0.0,1.0926085443070295,1.1102230246251565e-16,-0.2524807806360063,0.0,0.0,True,-1,True
uniform_positive,64,20260911,local,0.525,1.0,1.0,0.0,1.0,0.9999999999999999,0.0,0.0,1.0550471479516192,1.1102230246251565e-16,0.23863749949247853,0.0,0.0,True,-1,True
uniform_positive,64,20260911,local,0.55,1.0,1.0,0.0,1.0,0.9999999999999999,0.0,0.0,1.1790192490046398,1.1102230246251565e-16,0.3327546207545537,0.0,0.0,True,-1,True
uniform_positive,64,20260911,local,0.575,1.0,1.0,0.0,1.0,0.9999999999999999,0.0,0.0,1.2423387721161485,1.1102230246251565e-16,0.0604868832809757,0.0,0.0,True,-1,True
uniform_positive,64,20260911,local,0.6,1.0,1.0,0.0,1.0,0.9999999999999999,0.0,0.0,1.3313081770873962,1.1102230246251565e-16,-0.03525029134045816,0.0,0.0,True,-1,True
uniform_positive,64,20260912,global,0.0,1.0,1.0,0.0,0.08188322821429335,0.016812516856565794,1.4115326820036678,0.36559088355296276,0.5808971562862254,4.440892098500626e-16,nan,0.0,0.0,True,-1,False
uniform_positive,64,20260912,global,0.4,1.0,1.0,0.0,0.8332168678194071,0.12591230169565612,0.22622219797819038,0.006245200634799256,0.8125123349864236,4.440892098500626e-16,nan,0.0,0.0,True,-1,False
uniform_positive,64,20260912,global,0.425,1.0,1.0,0.0,0.8101033253461575,0.1580754244296709,0.259976818774136,0.005891075705859034,0.7809672374206589,4.440892098500626e-16,nan,0.0,0.0,True,-1,False
uniform_positive,64,20260912,global,0.45,1.0,1.0,0.0,0.8289906831056073,0.14345150165374684,0.2355102360706792,0.0014596633447336127,0.7537495259630476,4.440892098500626e-16,nan,0.0,0.0,True,-1,False
uniform_positive,64,20260912,global,0.475,1.0,1.0,0.0,0.9614701962306443,0.7701058662524946,0.051014075357897384,7.745581657587946e-08,0.9414735015469793,4.440892098500626e-16,nan,0.0,0.0,True,-1,True
uniform_positive,64,20260912,global,0.5,1.0,1.0,0.0,1.0,0.9999999999999999,0.0,0.0,1.0313706496107562,1.1102230246251565e-16,nan,0.0,0.0,True,-1,True
uniform_positive,64,20260912,global,0.525,1.0,1.0,0.0,1.0,0.9999999999999999,0.0,0.0,1.128170758984271,1.1102230246251565e-16,nan,0.0,0.0,True,-1,True
uniform_positive,64,20260912,global,0.55,1.0,1.0,0.0,1.0,0.9999999999999999,0.0,0.0,1.186122934862686,1.1102230246251565e-16,nan,0.0,0.0,True,-1,True
uniform_positive,64,20260912,global,0.575,1.0,1.0,0.0,1.0,0.9999999999999999,0.0,0.0,1.0977393638528097,1.1102230246251565e-16,nan,0.0,0.0,True,-1,True
uniform_positive,64,20260912,global,0.6,1.0,1.0,0.0,1.0,0.9999999999999999,0.0,0.0,1.3077538906381787,1.1102230246251565e-16,nan,0.0,0.0,True,-1,True
uniform_positive,64,20260912,local,0.0,1.0,1.0,0.0,0.08693245033047606,0.021961870117290484,1.4023983463585123,0.36281726980053375,0.5773322440931101,4.440892098500626e-16,0.6599070885625706,0.0,0.0,True,-1,False
uniform_positive,64,20260912,local,0.4,1.0,1.0,0.0,0.6952940338804631,0.08289935086208089,0.43296784781105047,0.04634074438327902,0.7064439707785523,4.440892098500626e-16,0.25160024871221004,0.0,0.0,True,-1,False
uniform_positive,64,20260912,local,0.425,1.0,1.0,0.0,0.839182825874656,0.11871982214920661,0.21937847651066839,0.004309347450135646,0.8255940988731798,4.440892098500626e-16,0.3260038401391963,0.0,0.0,True,-1,False
uniform_positive,64,20260912,local,0.45,1.0,1.0,0.0,0.8134599810678196,0.11534904724393315,0.26152556993537196,0.0020315893824891604,0.7909250269440709,4.440892098500626e-16,-0.1759337543747654,0.0,0.0,True,-1,False
uniform_positive,64,20260912,local,0.475,1.0,1.0,0.0,0.9756233610530685,0.8783398109148851,0.03153348983118726,6.533278414118298e-08,0.9600206999320895,4.440892098500626e-16,-0.035786577621303654,0.0,0.0,True,-1,True
uniform_positive,64,20260912,local,0.5,1.0,1.0,0.0,1.0,0.9999999999999999,0.0,0.0,0.9039054746017394,1.1102230246251565e-16,-0.06065971590515955,0.0,0.0,True,-1,True
uniform_positive,64,20260912,local,0.525,1.0,1.0,0.0,1.0,0.9999999999999999,0.0,0.0,1.1462194092882139,1.1102230246251565e-16,-0.25655898372150876,0.0,0.0,True,-1,True
uniform_positive,64,20260912,local,0.55,1.0,1.0,0.0,1.0,0.9999999999999999,0.0,0.0,1.0720725908701518,1.1102230246251565e-16,0.15084338753365806,0.0,0.0,True,-1,True
uniform_positive,64,20260912,local,0.575,1.0,1.0,0.0,1.0,0.9999999999999999,0.0,0.0,1.1378251469686944,1.1102230246251565e-16,0.1328009485547588,0.0,0.0,True,-1,True
uniform_positive,64,20260912,local,0.6,1.0,1.0,0.0,1.0,0.9999999999999999,0.0,0.0,1.3206186664065198,1.1102230246251565e-16,-0.21062540315224668,0.0,0.0,True,-1,True
uniform_positive,64,20260913,global,0.0,1.0,1.0,0.0,0.08100682431560918,0.01918437945190115,1.4152771870875753,0.3630131523972507,0.5786427368353834,4.440892098500626e-16,nan,0.0,0.0,True,-1,False
uniform_positive,64,20260913,global,0.4,1.0,1.0,0.0,0.8378659745186544,0.15793619718580076,0.22330302139887698,0.0018188801165782095,0.8422546238127543,4.440892098500626e-16,nan,0.0,0.0,True,-1,False
uniform_positive,64,20260913,global,0.425,1.0,1.0,0.0,0.8531647651863532,0.1628528739132066,0.19885572151501554,0.003093804362729509,0.8538070812707821,4.440892098500626e-16,nan,0.0,0.0,True,-1,False
uniform_positive,64,20260913,global,0.45,1.0,1.0,0.0,0.8604568580210107,0.17358662249318607,0.1876831875340249,0.0010401934522183938,0.8166026413361551,4.440892098500626e-16,nan,0.0,0.0,True,-1,False
uniform_positive,64,20260913,global,0.475,1.0,1.0,0.0,0.8918819766874345,0.38551595368296415,0.14311539090575692,0.0014319358855803322,0.8612853182966598,4.440892098500626e-16,nan,0.0,0.0,True,-1,False
uniform_positive,64,20260913,global,0.5,1.0,1.0,0.0,0.9586213500805755,0.6908379678052489,0.05632631831405619,8.572405617443133e-08,0.9280268220267437,4.440892098500626e-16,nan,0.0,0.0,True,-1,True
uniform_positive,64,20260913,global,0.525,1.0,1.0,0.0,1.0,0.9999999999999999,0.0,0.0,1.0861132670835907,1.1102230246251565e-16,nan,0.0,0.0,True,-1,True
uniform_positive,64,20260913,global,0.55,1.0,1.0,0.0,1.0,0.9999999999999999,0.0,0.0,1.0515893991599916,1.1102230246251565e-16,nan,0.0,0.0,True,-1,True
uniform_positive,64,20260913,global,0.575,1.0,1.0,0.0,1.0,0.9999999999999999,0.0,0.0,1.2000236046919683,1.1102230246251565e-16,nan,0.0,0.0,True,-1,True
uniform_positive,64,20260913,global,0.6,1.0,1.0,0.0,1.0,0.9999999999999999,0.0,0.0,1.3313244787281995,1.1102230246251565e-16,nan,0.0,0.0,True,-1,True
uniform_positive,64,20260913,local,0.0,1.0,1.0,0.0,0.08449039737750333,0.019724525275583365,1.4041221101462174,0.36337597749860295,0.5764901611193873,4.440892098500626e-16,0.5636124667122713,0.0,0.0,True,-1,False
uniform_positive,64,20260913,local,0.4,1.0,1.0,0.0,0.7328430151759601,0.07005345437979324,0.37435959218462017,0.02079683277284708,0.7284824393949838,4.440892098500626e-16,0.0494114835455717,0.0,0.0,True,-1,False
uniform_positive,64,20260913,local,0.425,1.0,1.0,0.0,0.7853570072488917,0.09662363373398766,0.30202019365241356,0.00692041042156644,0.7455787911614546,4.440892098500626e-16,-0.123455650200949,0.0,0.0,True,-1,False
uniform_positive,64,20260913,local,0.45,1.0,1.0,0.0,1.0,0.9999999999999999,0.0,0.0,0.8644602603147529,1.1102230246251565e-16,-0.48603652007897286,0.0,0.0,True,-1,True
uniform_positive,64,20260913,local,0.475,1.0,1.0,0.0,0.924529334571496,0.39820234364966356,0.10030130342682916,0.00024167988601295686,0.9144698078919319,4.440892098500626e-16,0.003634971020797339,0.0,0.0,True,-1,False
uniform_positive,64,20260913,local,0.5,1.0,1.0,0.0,1.0,0.9999999999999999,0.0,0.0,1.014446966688653,1.1102230246251565e-16,-0.033159840633975576,0.0,0.0,True,-1,True
uniform_positive,64,20260913,local,0.525,1.0,1.0,0.0,1.0,0.9999999999999999,0.0,0.0,0.9030980049988748,1.1102230246251565e-16,-0.17676838288490035,0.0,0.0,True,-1,True
uniform_positive,64,20260913,local,0.55,1.0,1.0,0.0,1.0,0.9999999999999999,0.0,0.0,0.9742037255698641,1.1102230246251565e-16,-0.3564645675443075,0.0,0.0,True,-1,True
uniform_positive,64,20260913,local,0.575,1.0,1.0,0.0,1.0,0.9999999999999999,0.0,0.0,1.1759094332408475,1.1102230246251565e-16,-0.43811650506147587,0.0,0.0,True,-1,True
uniform_positive,64,20260913,local,0.6,1.0,1.0,0.0,1.0,0.9999999999999999,0.0,0.0,1.034447323988192,1.1102230246251565e-16,-0.5795397689361574,0.0,0.0,True,-1,True
uniform_positive,64,20260914,global,0.0,1.0,1.0,0.0,0.08609431070223159,0.019170100153854855,1.4102656536602813,0.3637017520189535,0.5851672313673365,4.440892098500626e-16,nan,0.0,0.0,True,-1,False
uniform_positive,64,20260914,global,0.4,1.0,1.0,0.0,0.812369317254309,0.11928810248503105,0.25641549497883476,0.008785735185563654,0.7883078040782665,4.440892098500626e-16,nan,0.0,0.0,True,-1,False
uniform_positive,64,20260914,global,0.425,1.0,1.0,0.0,0.8175726041548084,0.125062294771824,0.25574097790003225,0.0028751359409504434,0.8182918298943433,4.440892098500626e-16,nan,0.0,0.0,True,-1,False
uniform_positive,64,20260914,global,0.45,1.0,1.0,0.0,0.8862977998672177,0.17592814468315326,0.15435412804594362,0.0003000770275322748,0.863118523299073,4.440892098500626e-16,nan,0.0,0.0,True,-1,False
uniform_positive,64,20260914,global,0.475,1.0,1.0,0.0,1.0,0.9999999999999999,0.0,0.0,0.9352204006800968,1.1102230246251565e-16,nan,0.0,0.0,True,-1,True
uniform_positive,64,20260914,global,0.5,1.0,1.0,0.0,1.0,0.9999999999999999,0.0,0.0,0.9658812526758582,1.1102230246251565e-16,nan,0.0,0.0,True,-1,True
uniform_positive,64,20260914,global,0.525,1.0,1.0,0.0,1.0,0.9999999999999999,0.0,0.0,1.068795027824291,1.1102230246251565e-16,nan,0.0,0.0,True,-1,True
uniform_positive,64,20260914,global,0.55,1.0,1.0,0.0,1.0,0.9999999999999999,0.0,0.0,1.2921273546866439,1.1102230246251565e-16,nan,0.0,0.0,True,-1,True
uniform_positive,64,20260914,global,0.575,1.0,1.0,0.0,1.0,0.9999999999999999,0.0,0.0,1.2267217514307065,1.1102230246251565e-16,nan,0.0,0.0,True,-1,True
uniform_positive,64,20260914,global,0.6,1.0,1.0,0.0,1.0,0.9999999999999999,0.0,0.0,1.4929019778070058,1.1102230246251565e-16,nan,0.0,0.0,True,-1,True
uniform_positive,64,20260914,local,0.0,1.0,1.0,0.0,0.08722191464843639,0.02047774598141036,1.4051243742162582,0.3621404630959536,0.5773100804542068,4.440892098500626e-16,0.6502056474798736,0.0,0.0,True,-1,False
uniform_positive,64,20260914,local,0.4,1.0,1.0,0.0,0.7568418273533483,0.08665719942869796,0.3394678467064647,0.017761114782273667,0.7503141374784361,4.440892098500626e-16,0.32983205572638397,0.0,0.0,True,-1,False
uniform_positive,64,20260914,local,0.425,1.0,1.0,0.0,0.7086317715404095,0.08919144571870151,0.40492463494594494,0.03599479814837051,0.7395994016751564,4.440892098500626e-16,0.4041608169532377,0.0,0.0,True,-1,False
uniform_positive,64,20260914,local,0.45,1.0,1.0,0.0,0.8958934402088616,0.21828708225231064,0.14163817384469402,2.2930408195415368e-05,0.8916580246864618,4.440892098500626e-16,0.20163507439918874,0.0,0.0,True,-1,False
uniform_positive,64,20260914,local,0.475,1.0,1.0,0.0,0.9966994330518343,0.9998760545121639,0.004663432087739215,0.0,1.1204588910837316,4.440892098500626e-16,-0.2312118375278259,0.0,0.0,True,-1,True
uniform_positive,64,20260914,local,0.5,1.0,1.0,0.0,1.0,0.9999999999999999,0.0,0.0,1.1381695363487343,1.1102230246251565e-16,-0.15819606882853904,0.0,0.0,True,-1,True
uniform_positive,64,20260914,local,0.525,1.0,1.0,0.0,1.0,0.9999999999999999,0.0,0.0,1.0716434815628477,1.1102230246251565e-16,0.14582274253058547,0.0,0.0,True,-1,True
uniform_positive,64,20260914,local,0.55,1.0,1.0,0.0,1.0,0.9999999999999999,0.0,0.0,1.1856022918199745,1.1102230246251565e-16,0.079951945916742,0.0,0.0,True,-1,True
uniform_positive,64,20260914,local,0.575,1.0,1.0,0.0,1.0,0.9999999999999999,0.0,0.0,1.3296417703335184,1.1102230246251565e-16,-0.3524791159074902,0.0,0.0,True,-1,True
uniform_positive,64,20260914,local,0.6,1.0,1.0,0.0,1.0,0.9999999999999999,0.0,0.0,1.5481900387236331,1.1102230246251565e-16,-0.3015052777951977,0.0,0.0,True,-1,True
uniform_positive,64,20260915,global,0.0,1.0,1.0,0.0,0.08781801953384906,0.019875328381174492,1.402838313892993,0.3611017706099368,0.5708542123468363,4.440892098500626e-16,nan,0.0,0.0,True,-1,False
uniform_positive,64,20260915,global,0.4,1.0,1.0,0.0,0.7707561102891218,0.08975337237531239,0.31919206872303835,0.008794136551396976,0.7426881837828632,4.440892098500626e-16,nan,0.0,0.0,True,-1,False
uniform_positive,64,20260915,global,0.425,1.0,1.0,0.0,0.7669925446915195,0.09987529902244095,0.3199669311526177,0.01422697430596339,0.7702508839700353,4.440892098500626e-16,nan,0.0,0.0,True,-1,False
uniform_positive,64,20260915,global,0.45,1.0,1.0,0.0,0.891736786089992,0.20573746385138306,0.1497750732917061,8.444672125718646e-05,0.8584580406685682,4.440892098500626e-16,nan,0.0,0.0,True,-1,False
uniform_positive,64,20260915,global,0.475,1.0,1.0,0.0,1.0,0.9999999999999999,0.0,0.0,1.1104101563113287,2.220446049250313e-16,nan,0.0,0.0,True,-1,True
uniform_positive,64,20260915,global,0.5,1.0,1.0,0.0,1.0,0.9999999999999999,0.0,0.0,1.0447140787723954,1.1102230246251565e-16,nan,0.0,0.0,True,-1,True
uniform_positive,64,20260915,global,0.525,1.0,1.0,0.0,1.0,0.9999999999999999,0.0,0.0,1.0994066873265007,1.1102230246251565e-16,nan,0.0,0.0,True,-1,True
uniform_positive,64,20260915,global,0.55,1.0,1.0,0.0,1.0,0.9999999999999999,0.0,0.0,1.3533215605153988,1.1102230246251565e-16,nan,0.0,0.0,True,-1,True
uniform_positive,64,20260915,global,0.575,1.0,1.0,0.0,1.0,0.9999999999999999,0.0,0.0,1.4223725280412447,1.1102230246251565e-16,nan,0.0,0.0,True,-1,True
uniform_positive,64,20260915,global,0.6,1.0,1.0,0.0,1.0,0.9999999999999999,0.0,0.0,1.124722922993096,1.1102230246251565e-16,nan,0.0,0.0,True,-1,True
uniform_positive,64,20260915,local,0.0,1.0,1.0,0.0,0.08304268446926383,0.01759154040040822,1.4114504991686023,0.36566907153834205,0.5849274992699551,4.440892098500626e-16,0.5999920951933131,0.0,0.0,True,-1,False
uniform_positive,64,20260915,local,0.4,1.0,1.0,0.0,0.7709466802247307,0.10411190444498482,0.31532579548737355,0.02505176460544005,0.7678179222600287,4.440892098500626e-16,0.010215558754334077,0.0,0.0,True,-1,False
uniform_positive,64,20260915,local,0.425,1.0,1.0,0.0,0.7727515240748839,0.10876075142945428,0.3178261321533649,0.011767809714713688,0.7526396289719326,4.440892098500626e-16,0.020446283027477453,0.0,0.0,True,-1,False
uniform_positive,64,20260915,local,0.45,1.0,1.0,0.0,0.8786153532712586,0.18142751450247288,0.16686370658960606,0.0014294148018615532,0.8406575282451563,4.440892098500626e-16,0.016466946373270976,0.0,0.0,True,-1,False
uniform_positive,64,20260915,local,0.475,1.0,1.0,0.0,0.9528827353766447,0.6542582857962601,0.061131705051702796,9.84532080352209e-08,0.9617336067549815,4.440892098500626e-16,-0.26311485415233576,0.0,0.0,True,-1,True
uniform_positive,64,20260915,local,0.5,1.0,1.0,0.0,1.0,0.9999999999999999,0.0,0.0,0.9843990411009107,1.1102230246251565e-16,0.0022501835736482155,0.0,0.0,True,-1,True
uniform_positive,64,20260915,local,0.525,1.0,1.0,0.0,1.0,0.9999999999999999,0.0,0.0,1.002760192387007,1.1102230246251565e-16,-0.3017104474524962,0.0,0.0,True,-1,True
uniform_positive,64,20260915,local,0.55,1.0,1.0,0.0,1.0,0.9999999999999999,0.0,0.0,1.175838563133878,1.1102230246251565e-16,-0.002845462954318864,0.0,0.0,True,-1,True
uniform_positive,64,20260915,local,0.575,1.0,1.0,0.0,1.0,0.9999999999999999,0.0,0.0,1.3868941764187501,1.1102230246251565e-16,-0.6250535578535545,0.0,0.0,True,-1,True
uniform_positive,64,20260915,local,0.6,1.0,1.0,0.0,1.0,0.9999999999999999,0.0,0.0,1.292262001170152,1.1102230246251565e-16,-0.19301418617037522,0.0,0.0,True,-1,True
uniform_positive,64,20260916,global,0.0,1.0,1.0,0.0,0.08613495127912822,0.019451322837162558,1.404160225445048,0.3663217930711621,0.5811697130476021,4.440892098500626e-16,nan,0.0,0.0,True,-1,False
uniform_positive,64,20260916,global,0.4,1.0,1.0,0.0,0.7410853851931235,0.07498629362562029,0.36129094627933134,0.018411802000422257,0.6999979365941935,4.440892098500626e-16,nan,0.0,0.0,True,-1,False
uniform_positive,64,20260916,global,0.425,1.0,1.0,0.0,0.7729967046389459,0.10044158296885816,0.3149218954918328,0.01078704263027016,0.7589508000072589,4.440892098500626e-16,nan,0.0,0.0,True,-1,False
uniform_positive,64,20260916,global,0.45,1.0,1.0,0.0,0.8897220461327943,0.19464498547416778,0.15031197606405824,6.397766194925724e-05,0.8265515533796707,4.440892098500626e-16,nan,0.0,0.0,True,-1,False
uniform_positive,64,20260916,global,0.475,1.0,1.0,0.0,0.9999999999998167,0.9999999999999999,1.583331418419931e-09,0.0,1.0601804362015126,3.3306690738754696e-16,nan,0.0,0.0,True,-1,True
uniform_positive,64,20260916,global,0.5,1.0,1.0,0.0,1.0,0.9999999999999999,0.0,0.0,1.1304580327559752,1.1102230246251565e-16,nan,0.0,0.0,True,-1,True
uniform_positive,64,20260916,global,0.525,1.0,1.0,0.0,0.999999998697473,0.9999999999999983,0.0,0.0,1.0127262400871573,3.3306690738754696e-16,nan,0.0,0.0,True,-1,True
uniform_positive,64,20260916,global,0.55,1.0,1.0,0.0,1.0,0.9999999999999999,0.0,0.0,1.1980929907526052,1.1102230246251565e-16,nan,0.0,0.0,True,-1,True
uniform_positive,64,20260916,global,0.575,1.0,1.0,0.0,1.0,0.9999999999999999,0.0,0.0,1.202918722470039,1.1102230246251565e-16,nan,0.0,0.0,True,-1,True
uniform_positive,64,20260916,global,0.6,1.0,1.0,0.0,1.0,0.9999999999999999,0.0,0.0,1.3586314133816553,1.1102230246251565e-16,nan,0.0,0.0,True,-1,True
uniform_positive,64,20260916,local,0.0,1.0,1.0,0.0,0.08325919547061257,0.018992228622226968,1.4105044655941938,0.3679084994347528,0.5826705566596222,4.440892098500626e-16,0.5980464898398483,0.0,0.0,True,-1,False
uniform_positive,64,20260916,local,0.4,1.0,1.0,0.0,0.7556768575811762,0.08601538947897505,0.34006054595769636,0.014157068199508474,0.7535567063589553,4.440892098500626e-16,0.03517418776313005,0.0,0.0,True,-1,False
uniform_positive,64,20260916,local,0.425,1.0,1.0,0.0,0.79334927463494,0.10006337987993467,0.28849975932371746,0.007048378676947863,0.7868913673255927,4.440892098500626e-16,0.02976337397874858,0.0,0.0,True,-1,False
uniform_positive,64,20260916,local,0.45,1.0,1.0,0.0,0.8652259180506364,0.13347663568766632,0.18792940699917546,0.0013564692882343063,0.8310619447331777,4.440892098500626e-16,-0.057404194462954417,0.0,0.0,True,-1,False
uniform_positive,64,20260916,local,0.475,1.0,1.0,0.0,0.9219845686580446,0.3051569945501719,0.10739288172575985,3.215533695696199e-05,0.8796576470352373,4.440892098500626e-16,0.10107917299102669,0.0,0.0,True,-1,False
uniform_positive,64,20260916,local,0.5,1.0,1.0,0.0,1.0,0.9999999999999999,0.0,0.0,1.0796197829999368,1.1102230246251565e-16,0.20820008521388764,0.0,0.0,True,-1,True
uniform_positive,64,20260916,local,0.525,1.0,1.0,0.0,1.0,0.9999999999999999,0.0,0.0,1.036456905756009,1.1102230246251565e-16,-0.12770220792589101,0.0,0.0,True,-1,True
uniform_positive,64,20260916,local,0.55,1.0,1.0,0.0,1.0,0.9999999999999999,0.0,0.0,1.097829378022065,1.1102230246251565e-16,-0.1492057793291162,0.0,0.0,True,-1,True
uniform_positive,64,20260916,local,0.575,1.0,1.0,0.0,1.0,0.9999999999999999,0.0,0.0,1.187317241842531,1.1102230246251565e-16,-0.6186302716332838,0.0,0.0,True,-1,True
uniform_positive,64,20260916,local,0.6,1.0,1.0,0.0,1.0,0.9999999999999999,0.0,0.0,1.2329182516177315,1.1102230246251565e-16,0.07296825467378412,0.0,0.0,True,-1,True
uniform_positive,64,20260917,global,0.0,1.0,1.0,0.0,0.08166171813979177,0.018423405992944696,1.4127622243956235,0.36271736826808965,0.574392292710482,4.440892098500626e-16,nan,0.0,0.0,True,-1,False
uniform_positive,64,20260917,global,0.4,1.0,1.0,0.0,0.8299166628913026,0.14295375827911752,0.22643983401519135,0.0063969517720798685,0.8463272840422199,4.440892098500626e-16,nan,0.0,0.0,True,-1,False
uniform_positive,64,20260917,global,0.425,1.0,1.0,0.0,0.7683511343871822,0.08666197012997855,0.3245043627467262,0.008611583433864147,0.7354094656845607,4.440892098500626e-16,nan,0.0,0.0,True,-1,False
uniform_positive,64,20260917,global,0.45,1.0,1.0,0.0,0.8637423479427007,0.18751866565869935,0.18368015626984063,0.0009979293035774599,0.8528998748183785,4.440892098500626e-16,nan,0.0,0.0,True,-1,False
uniform_positive,64,20260917,global,0.475,1.0,1.0,0.0,0.9616074325639863,0.761819499866171,0.049082561110860685,1.5136343300890749e-05,0.9992483306953399,4.440892098500626e-16,nan,0.0,0.0,True,-1,True
uniform_positive,64,20260917,global,0.5,1.0,1.0,0.0,1.0,0.9999999999999999,0.0,0.0,0.8592400887147109,1.1102230246251565e-16,nan,0.0,0.0,True,-1,True
uniform_positive,64,20260917,global,0.525,1.0,1.0,0.0,1.0,0.9999999999999999,0.0,0.0,0.9954125922277799,1.1102230246251565e-16,nan,0.0,0.0,True,-1,True
uniform_positive,64,20260917,global,0.55,1.0,1.0,0.0,1.0,0.9999999999999999,0.0,0.0,1.1286546868819571,1.1102230246251565e-16,nan,0.0,0.0,True,-1,True
uniform_positive,64,20260917,global,0.575,1.0,1.0,0.0,1.0,0.9999999999999999,0.0,0.0,1.3986467313348383,1.1102230246251565e-16,nan,0.0,0.0,True,-1,True
uniform_positive,64,20260917,global,0.6,1.0,1.0,0.0,1.0,0.9999999999999999,0.0,0.0,1.35421229218649,1.1102230246251565e-16,nan,0.0,0.0,True,-1,True
uniform_positive,64,20260917,local,0.0,1.0,1.0,0.0,0.0825583663370298,0.019671780445587324,1.4114635959930637,0.364009792139024,0.5752561932221891,4.440892098500626e-16,0.7320433592731209,0.0,0.0,True,-1,False
uniform_positive,64,20260917,local,0.4,1.0,1.0,0.0,0.7808465745099741,0.11936515643033982,0.29693783969865173,0.009966439377056803,0.7624895323429735,4.440892098500626e-16,0.30634009654020194,0.0,0.0,True,-1,False
uniform_positive,64,20260917,local,0.425,1.0,1.0,0.0,0.8676294619050333,0.17237911460511018,0.18107851639009073,0.001719759538226294,0.8643972678124895,4.440892098500626e-16,0.032250597919800124,0.0,0.0,True,-1,False
uniform_positive,64,20260917,local,0.45,1.0,1.0,0.0,0.9187297970158066,0.2938670484208993,0.10893439435008417,0.0001293025755435672,0.966748387600217,4.440892098500626e-16,0.2357574785589803,0.0,0.0,True,-1,False
uniform_positive,64,20260917,local,0.475,1.0,1.0,0.0,0.9802984533486738,0.9496821488267744,0.02623287133474565,1.1097765732944264e-07,0.9415773989910932,4.440892098500626e-16,-0.01619411744495385,0.0,0.0,True,-1,True
uniform_positive,64,20260917,local,0.5,1.0,1.0,0.0,1.0,0.9999999999999999,0.0,0.0,1.030565882676318,1.1102230246251565e-16,0.00039745442161150975,0.0,0.0,True,-1,True
uniform_positive,64,20260917,local,0.525,1.0,1.0,0.0,1.0,0.9999999999999999,0.0,0.0,1.05607525418061,1.1102230246251565e-16,-0.3550614873560105,0.0,0.0,True,-1,True
uniform_positive,64,20260917,local,0.55,1.0,1.0,0.0,1.0,0.9999999999999999,0.0,0.0,0.9870789497720186,1.1102230246251565e-16,-0.5781709662878024,0.0,0.0,True,-1,True
uniform_positive,64,20260917,local,0.575,1.0,1.0,0.0,1.0,0.9999999999999999,0.0,0.0,1.2182580441397732,1.1102230246251565e-16,-0.5462669138222527,0.0,0.0,True,-1,True
uniform_positive,64,20260917,local,0.6,1.0,1.0,0.0,1.0,0.9999999999999999,0.0,0.0,1.2047183526333265,1.1102230246251565e-16,-0.37627627697053656,0.0,0.0,True,-1,True
uniform_positive,64,20260918,global,0.0,1.0,1.0,0.0,0.08298533088609869,0.018926566036960454,1.4100342639227852,0.36494110669238145,0.5850200576807227,4.440892098500626e-16,nan,0.0,0.0,True,-1,False
uniform_positive,64,20260918,global,0.4,1.0,1.0,0.0,0.8508428347601918,0.17432443652671012,0.2007343000182208,0.0026663434717209135,0.8155496300629965,4.440892098500626e-16,nan,0.0,0.0,True,-1,False
uniform_positive,64,20260918,global,0.425,1.0,1.0,0.0,0.8416990143001338,0.1234898373071557,0.21452768980615508,0.005061978845536633,0.8009510442611724,4.440892098500626e-16,nan,0.0,0.0,True,-1,False
uniform_positive,64,20260918,global,0.45,1.0,1.0,0.0,0.8516126698565528,0.14981139108229677,0.2061013165904244,0.002017929076902551,0.8110920720627377,4.440892098500626e-16,nan,0.0,0.0,True,-1,False
uniform_positive,64,20260918,global,0.475,1.0,1.0,0.0,1.0,0.9999999999999999,0.0,0.0,0.9512540779990769,1.1102230246251565e-16,nan,0.0,0.0,True,-1,True
uniform_positive,64,20260918,global,0.5,1.0,1.0,0.0,1.0,0.9999999999999999,0.0,0.0,0.9721616910809061,1.1102230246251565e-16,nan,0.0,0.0,True,-1,True
uniform_positive,64,20260918,global,0.525,1.0,1.0,0.0,1.0,0.9999999999999999,0.0,0.0,1.0130166802370075,1.1102230246251565e-16,nan,0.0,0.0,True,-1,True
uniform_positive,64,20260918,global,0.55,1.0,1.0,0.0,1.0,0.9999999999999999,0.0,0.0,1.301758233830529,1.1102230246251565e-16,nan,0.0,0.0,True,-1,True
uniform_positive,64,20260918,global,0.575,1.0,1.0,0.0,1.0,0.9999999999999999,0.0,0.0,1.0879807971110504,1.1102230246251565e-16,nan,0.0,0.0,True,-1,True
uniform_positive,64,20260918,global,0.6,1.0,1.0,0.0,1.0,0.9999999999999999,0.0,0.0,1.2384271871248975,1.1102230246251565e-16,nan,0.0,0.0,True,-1,True
uniform_positive,64,20260918,local,0.0,1.0,1.0,0.0,0.08417000446788449,0.019806696236944046,1.4084563541132324,0.36355248156766773,0.5803710972387675,4.440892098500626e-16,0.5697993924510534,0.0,0.0,True,-1,False
uniform_positive,64,20260918,local,0.4,1.0,1.0,0.0,0.8224311100493928,0.11157165189364923,0.2438721137264658,0.00331078070539577,0.8040574372213494,4.440892098500626e-16,0.15205106007085753,0.0,0.0,True,-1,False
uniform_positive,64,20260918,local,0.425,1.0,1.0,0.0,0.8191510967989801,0.10023246003658717,0.246517409711642,0.0022772613128964566,0.8114353612418437,4.440892098500626e-16,0.0248411331969068,0.0,0.0,True,-1,False
uniform_positive,64,20260918,local,0.45,1.0,1.0,0.0,0.9082150740388396,0.2427074989265071,0.1221724755795068,0.0002942915256682373,0.878224078417975,4.440892098500626e-16,-0.009064147164783766,0.0,0.0,True,-1,False
uniform_positive,64,20260918,local,0.475,1.0,1.0,0.0,1.0,0.9999999999999999,0.0,0.0,1.0165964420307874,1.1102230246251565e-16,-0.005306591544996993,0.0,0.0,True,-1,True
uniform_positive,64,20260918,local,0.5,1.0,1.0,0.0,0.9997477974981434,0.999924112679414,0.0,0.0,0.9716859592959897,3.3306690738754696e-16,0.3543906891823257,0.0,0.0,True,-1,True
uniform_positive,64,20260918,local,0.525,1.0,1.0,0.0,1.0,0.9999999999999999,0.0,0.0,1.1004509303060266,1.1102230246251565e-16,0.2302960387195629,0.0,0.0,True,-1,True
uniform_positive,64,20260918,local,0.55,1.0,1.0,0.0,1.0,0.9999999999999999,0.0,0.0,1.191679947740628,1.1102230246251565e-16,-0.1732535257165723,0.0,0.0,True,-1,True
uniform_positive,64,20260918,local,0.575,1.0,1.0,0.0,1.0,0.9999999999999999,0.0,0.0,1.261650778659444,1.1102230246251565e-16,0.1653343108258403,0.0,0.0,True,-1,True
uniform_positive,64,20260918,local,0.6,1.0,1.0,0.0,1.0,0.9999999999999999,0.0,0.0,1.1719365879761048,1.1102230246251565e-16,-0.5019289540269416,0.0,0.0,True,-1,True
uniform_positive,64,20260919,global,0.0,1.0,1.0,0.0,0.08350286894764576,0.01984313196340714,1.4045486722267835,0.3635188478323337,0.5752894195246968,4.440892098500626e-16,nan,0.0,0.0,True,-1,False
uniform_positive,64,20260919,global,0.4,1.0,1.0,0.0,0.7043293974841256,0.08135541371348044,0.41029033977170476,0.044105537961618535,0.7127806317904071,4.440892098500626e-16,nan,0.0,0.0,True,-1,False
uniform_positive,64,20260919,global,0.425,1.0,1.0,0.0,0.8549072084922683,0.17391176662909447,0.19822858228152487,0.0017917124576345839,0.8490431366596141,4.440892098500626e-16,nan,0.0,0.0,True,-1,False
uniform_positive,64,20260919,global,0.45,1.0,1.0,0.0,0.8800286328062356,0.3948912212194742,0.16911610707132588,0.0029527027813681557,0.817642735000688,4.440892098500626e-16,nan,0.0,0.0,True,-1,False
uniform_positive,64,20260919,global,0.475,1.0,1.0,0.0,0.9182531185240489,0.2563507625247697,0.11454202288917216,6.3645483471398984e-06,0.8286226258068359,4.440892098500626e-16,nan,0.0,0.0,True,-1,False
uniform_positive,64,20260919,global,0.5,1.0,1.0,0.0,1.0,0.9999999999999999,0.0,0.0,1.1454479342575596,1.1102230246251565e-16,nan,0.0,0.0,True,-1,True
uniform_positive,64,20260919,global,0.525,1.0,1.0,0.0,1.0,0.9999999999999999,0.0,0.0,0.9240080337015372,1.1102230246251565e-16,nan,0.0,0.0,True,-1,True
uniform_positive,64,20260919,global,0.55,1.0,1.0,0.0,1.0,0.9999999999999999,0.0,0.0,1.2223135878007674,1.1102230246251565e-16,nan,0.0,0.0,True,-1,True
uniform_positive,64,20260919,global,0.575,1.0,1.0,0.0,1.0,0.9999999999999999,0.0,0.0,1.133826601929274,1.1102230246251565e-16,nan,0.0,0.0,True,-1,True
uniform_positive,64,20260919,global,0.6,1.0,1.0,0.0,1.0,0.9999999999999999,0.0,0.0,1.097094362864286,1.1102230246251565e-16,nan,0.0,0.0,True,-1,True
uniform_positive,64,20260919,local,0.0,1.0,1.0,0.0,0.08513574915537728,0.01952951574212177,1.4019627873366953,0.3645490402966454,0.574053887408001,4.440892098500626e-16,0.6231024794062214,0.0,0.0,True,-1,False
uniform_positive,64,20260919,local,0.4,1.0,1.0,0.0,0.7772031865637915,0.15334593491796905,0.3164076296987214,0.019015372192883465,0.7873578431281355,4.440892098500626e-16,0.037826413608294855,0.0,0.0,True,-1,False
uniform_positive,64,20260919,local,0.425,1.0,1.0,0.0,0.8348881889835386,0.1273239365459016,0.2271826260874631,0.004355655152303661,0.8078071481351736,4.440892098500626e-16,-0.023705970347186033,0.0,0.0,True,-1,False
uniform_positive,64,20260919,local,0.45,1.0,1.0,0.0,0.8856765898466931,0.212290691127028,0.152404548579395,0.0005358383950193288,0.8172658056078881,4.440892098500626e-16,0.16827182362171517,0.0,0.0,True,-1,False
uniform_positive,64,20260919,local,0.475,1.0,1.0,0.0,1.0,0.9999999999999999,0.0,0.0,0.9305682877662045,1.1102230246251565e-16,-0.3479348066978755,0.0,0.0,True,-1,True
uniform_positive,64,20260919,local,0.5,1.0,1.0,0.0,1.0,0.9999999999999999,0.0,0.0,0.9308280677653732,1.1102230246251565e-16,-0.1210409307717506,0.0,0.0,True,-1,True
uniform_positive,64,20260919,local,0.525,1.0,1.0,0.0,1.0,0.9999999999999999,0.0,0.0,1.1014878399607002,1.1102230246251565e-16,0.16409995815533057,0.0,0.0,True,-1,True
uniform_positive,64,20260919,local,0.55,1.0,1.0,0.0,1.0,0.9999999999999999,0.0,0.0,1.0887497808995774,1.1102230246251565e-16,-0.007867316526041994,0.0,0.0,True,-1,True
uniform_positive,64,20260919,local,0.575,1.0,1.0,0.0,1.0,0.9999999999999999,0.0,0.0,1.2496693979879392,1.1102230246251565e-16,0.0956108797499018,0.0,0.0,True,-1,True
uniform_positive,64,20260919,local,0.6,1.0,1.0,0.0,1.0,0.9999999999999999,0.0,0.0,1.2067538870078092,1.1102230246251565e-16,0.005057607940163551,0.0,0.0,True,-1,True
uniform_positive,128,20260910,global,0.0,1.0,1.0,0.0,0.05756758196413376,0.013298429900808444,1.4589555471936897,0.36496654601605705,0.5757096392838288,4.440892098500626e-16,nan,0.0,0.0,True,-1,False
uniform_positive,128,20260910,global,0.4,1.0,1.0,0.0,0.7548107604638381,0.08418372782155367,0.3398803822734192,0.023680394329653416,0.7616024565875918,4.440892098500626e-16,nan,0.0,0.0,True,-1,False
uniform_positive,128,20260910,global,0.425,1.0,1.0,0.0,0.7936745941620873,0.1008677300870821,0.2851025022416999,0.00804425288399542,0.7987358992669082,4.440892098500626e-16,nan,0.0,0.0,True,-1,False
uniform_positive,128,20260910,global,0.45,1.0,1.0,0.0,0.8383222494770937,0.11600586413905441,0.22521083147796975,0.002438055412852802,0.7985951590402418,4.440892098500626e-16,nan,0.0,0.0,True,-1,False
uniform_positive,128,20260910,global,0.475,1.0,1.0,0.0,0.9590484447596337,0.7621850379379144,0.05581325765706925,7.925280500786048e-07,0.9829601559494399,4.440892098500626e-16,nan,0.0,0.0,True,-1,True
uniform_positive,128,20260910,global,0.5,1.0,1.0,0.0,1.0,0.9999999999999999,0.0,0.0,1.013711836887715,1.1102230246251565e-16,nan,0.0,0.0,True,-1,True
uniform_positive,128,20260910,global,0.525,1.0,1.0,0.0,1.0,0.9999999999999999,0.0,0.0,1.0508201017108396,1.1102230246251565e-16,nan,0.0,0.0,True,-1,True
uniform_positive,128,20260910,global,0.55,1.0,1.0,0.0,1.0,0.9999999999999999,0.0,0.0,0.9968414027918,1.1102230246251565e-16,nan,0.0,0.0,True,-1,True
uniform_positive,128,20260910,global,0.575,1.0,1.0,0.0,1.0,0.9999999999999999,0.0,0.0,1.1460833233642282,1.1102230246251565e-16,nan,0.0,0.0,True,-1,True
uniform_positive,128,20260910,global,0.6,1.0,1.0,0.0,1.0,0.9999999999999999,0.0,0.0,1.2016748832326518,1.1102230246251565e-16,nan,0.0,0.0,True,-1,True
uniform_positive,128,20260910,local,0.0,1.0,1.0,0.0,0.05945659426730316,0.014837003254929973,1.4511766025239061,0.3642119534569073,0.5796152632639964,4.440892098500626e-16,0.5559902688610183,0.0,0.0,True,-1,False
uniform_positive,128,20260910,local,0.4,1.0,1.0,0.0,0.7823064660082268,0.09064428794660559,0.30767145500374316,0.009657111678956474,0.7946307482836754,4.440892098500626e-16,-0.12634976599225076,0.0,0.0,True,-1,False
uniform_positive,128,20260910,local,0.425,1.0,1.0,0.0,0.7450646396029331,0.07847727463670305,0.35838595372045634,0.020889271276703807,0.7354125017355779,4.440892098500626e-16,0.1300357252572494,0.0,0.0,True,-1,False
uniform_positive,128,20260910,local,0.45,1.0,1.0,0.0,0.8315814296833207,0.12546439491472947,0.23620352082843613,0.0017443275967450882,0.7692406733390889,4.440892098500626e-16,-0.2522140096408178,0.0,0.0,True,-1,False
uniform_positive,128,20260910,local,0.475,1.0,1.0,0.0,0.9821719739778603,0.9401698548293214,0.03069739822315473,1.911399254072847e-06,1.0159336929260916,4.440892098500626e-16,0.05180068506551282,0.0,0.0,True,-1,True
uniform_positive,128,20260910,local,0.5,1.0,1.0,0.0,1.0,0.9999999999999999,0.0,0.0,0.8861970983744634,1.1102230246251565e-16,0.11250838899824767,0.0,0.0,True,-1,True
uniform_positive,128,20260910,local,0.525,1.0,1.0,0.0,1.0,0.9999999999999999,0.0,0.0,0.9048827078432377,1.1102230246251565e-16,0.16163096587624723,0.0,0.0,True,-1,True
uniform_positive,128,20260910,local,0.55,1.0,1.0,0.0,1.0,0.9999999999999999,0.0,0.0,1.1370961651286953,1.1102230246251565e-16,-0.29990605460219477,0.0,0.0,True,-1,True
uniform_positive,128,20260910,local,0.575,1.0,1.0,0.0,1.0,0.9999999999999999,0.0,0.0,1.4188257754501095,1.1102230246251565e-16,-0.3175620835723621,0.0,0.0,True,-1,True
uniform_positive,128,20260910,local,0.6,1.0,1.0,0.0,1.0,0.9999999999999999,0.0,0.0,1.3079311808175682,1.1102230246251565e-16,-0.008475423621038957,0.0,0.0,True,-1,True
uniform_positive,128,20260911,global,0.0,1.0,1.0,0.0,0.058999464625486185,0.012861882285291143,1.4506732288224944,0.36720286143916453,0.5808001014547358,4.440892098500626e-16,nan,0.0,0.0,True,-1,False
uniform_positive,128,20260911,global,0.4,1.0,1.0,0.0,0.792520939154956,0.08923273276743986,0.29184059179487476,0.004343357133023388,0.7700984993007562,4.440892098500626e-16,nan,0.0,0.0,True,-1,False
uniform_positive,128,20260911,global,0.425,1.0,1.0,0.0,0.8423510973666533,0.14629447056963543,0.21472814584955907,0.006233596904551449,0.8323808842104421,4.440892098500626e-16,nan,0.0,0.0,True,-1,False
uniform_positive,128,20260911,global,0.45,1.0,1.0,0.0,0.9000543189892309,0.2337399969634723,0.13899794047039513,3.113344925138726e-05,0.8554498545136565,4.440892098500626e-16,nan,0.0,0.0,True,-1,False
uniform_positive,128,20260911,global,0.475,1.0,1.0,0.0,0.9977353802000108,0.9834955391261624,4.788595520111017e-12,0.0,1.0052308018520328,3.3306690738754696e-16,nan,0.0,0.0,True,-1,True
uniform_positive,128,20260911,global,0.5,1.0,1.0,0.0,1.0,0.9999999999999999,0.0,0.0,1.0425563704595282,1.1102230246251565e-16,nan,0.0,0.0,True,-1,True
uniform_positive,128,20260911,global,0.525,1.0,1.0,0.0,1.0,0.9999999999999999,0.0,0.0,1.200674385480652,1.1102230246251565e-16,nan,0.0,0.0,True,-1,True
uniform_positive,128,20260911,global,0.55,1.0,1.0,0.0,1.0,0.9999999999999999,0.0,0.0,1.1053632874478263,1.1102230246251565e-16,nan,0.0,0.0,True,-1,True
uniform_positive,128,20260911,global,0.575,1.0,1.0,0.0,1.0,0.9999999999999999,0.0,0.0,1.1196846038824364,1.1102230246251565e-16,nan,0.0,0.0,True,-1,True
uniform_positive,128,20260911,global,0.6,1.0,1.0,0.0,1.0,0.9999999999999999,0.0,0.0,1.3871720785030144,1.1102230246251565e-16,nan,0.0,0.0,True,-1,True
uniform_positive,128,20260911,local,0.0,1.0,1.0,0.0,0.061635969391406906,0.014587699009917349,1.4509388302099946,0.3655237862025581,0.5828927916961231,4.440892098500626e-16,0.6258098630210667,0.0,0.0,True,-1,False
uniform_positive,128,20260911,local,0.4,1.0,1.0,0.0,0.7316246000620019,0.07999240324564034,0.37418551785487636,0.030769051228097935,0.7306560656689643,4.440892098500626e-16,0.17984721209820104,0.0,0.0,True,-1,False
uniform_positive,128,20260911,local,0.425,1.0,1.0,0.0,0.9065484358383533,0.23487983968167575,0.12829985085779716,0.00011137424550149375,0.9259627609172895,4.440892098500626e-16,0.25619479864892797,0.0,0.0,True,-1,False
uniform_positive,128,20260911,local,0.45,1.0,1.0,0.0,0.8245057186942846,0.1207751225524827,0.24366245186327978,0.006606967624936325,0.8070618470267223,4.440892098500626e-16,0.03676461956662401,0.0,0.0,True,-1,False
uniform_positive,128,20260911,local,0.475,1.0,1.0,0.0,0.9097360203004818,0.3052158713835692,0.12038604877597908,3.068482758029417e-05,0.8463136425683944,4.440892098500626e-16,-0.04548275625673145,0.0,0.0,True,-1,False
uniform_positive,128,20260911,local,0.5,1.0,1.0,0.0,1.0,0.9999999999999999,1.1668443988810395e-16,0.0,0.9981600513032054,1.1102230246251565e-16,0.006306103475873638,0.0,0.0,True,-1,True
uniform_positive,128,20260911,local,0.525,1.0,1.0,0.0,1.0,0.9999999999999999,0.0,0.0,1.0652048189694105,1.1102230246251565e-16,0.24598338561502223,0.0,0.0,True,-1,True
uniform_positive,128,20260911,local,0.55,1.0,1.0,0.0,1.0,0.9999999999999999,0.0,0.0,1.0506890434107277,1.1102230246251565e-16,-0.06594566255718173,0.0,0.0,True,-1,True
uniform_positive,128,20260911,local,0.575,1.0,1.0,0.0,1.0,0.9999999999999999,0.0,0.0,1.068978790496889,1.1102230246251565e-16,-0.27783462399220454,0.0,0.0,True,-1,True
uniform_positive,128,20260911,local,0.6,1.0,1.0,0.0,1.0,0.9999999999999999,0.0,0.0,1.3843370984539032,1.1102230246251565e-16,-0.19863703624407392,0.0,0.0,True,-1,True
uniform_positive,128,20260912,global,0.0,1.0,1.0,0.0,0.05816306079003242,0.013420114374601578,1.4533911171560063,0.3653829485642773,0.5769788018799389,4.440892098500626e-16,nan,0.0,0.0,True,-1,False
uniform_positive,128,20260912,global,0.4,1.0,1.0,0.0,0.6669618163634486,0.06595666964333112,0.46966536313566,0.0653254395554755,0.6838696994011075,4.440892098500626e-16,nan,0.0,0.0,True,-1,False
uniform_positive,128,20260912,global,0.425,1.0,1.0,0.0,0.8830011360645386,0.14778209266626086,0.1630697212270976,0.0010605640090973643,0.8983737659970121,4.440892098500626e-16,nan,0.0,0.0,True,-1,False
uniform_positive,128,20260912,global,0.45,1.0,1.0,0.0,0.766018114990602,0.09055479022503318,0.32040564625418055,0.016980516397903808,0.7498037577512018,4.440892098500626e-16,nan,0.0,0.0,True,-1,False
uniform_positive,128,20260912,global,0.475,1.0,1.0,0.0,0.8727729880044933,0.15988971927006698,0.17487282995549283,0.00111326221398429,0.8416807145887114,4.440892098500626e-16,nan,0.0,0.0,True,-1,False
uniform_positive,128,20260912,global,0.5,1.0,1.0,0.0,0.9999999999988196,0.9999999999999999,3.6351977592552487e-09,0.0,1.0543659422880198,3.3306690738754696e-16,nan,0.0,0.0,True,-1,True
uniform_positive,128,20260912,global,0.525,1.0,1.0,0.0,1.0,0.9999999999999999,0.0,0.0,1.128646464621472,1.1102230246251565e-16,nan,0.0,0.0,True,-1,True
uniform_positive,128,20260912,global,0.55,1.0,1.0,0.0,1.0,0.9999999999999999,0.0,0.0,1.156488742132674,1.1102230246251565e-16,nan,0.0,0.0,True,-1,True
uniform_positive,128,20260912,global,0.575,1.0,1.0,0.0,1.0,0.9999999999999999,0.0,0.0,1.3404536149903648,1.1102230246251565e-16,nan,0.0,0.0,True,-1,True
uniform_positive,128,20260912,global,0.6,1.0,1.0,0.0,1.0,0.9999999999999999,0.0,0.0,1.337932453712912,1.1102230246251565e-16,nan,0.0,0.0,True,-1,True
uniform_positive,128,20260912,local,0.0,1.0,1.0,0.0,0.0601695631883206,0.013447805020480348,1.4479361882507393,0.3637256437307975,0.5761807720791806,4.440892098500626e-16,0.5029680684333638,0.0,0.0,True,-1,False
uniform_positive,128,20260912,local,0.4,1.0,1.0,0.0,0.7720378890586066,0.08486648306481892,0.3172673334395886,0.0072582390024322945,0.7738730141813359,4.440892098500626e-16,0.15421550572433873,0.0,0.0,True,-1,False
uniform_positive,128,20260912,local,0.425,1.0,1.0,0.0,0.8543457523624154,0.14135778362076964,0.19940318031192247,0.0015273977057822358,0.8713138516863016,4.440892098500626e-16,0.0754242801140108,0.0,0.0,True,-1,False
uniform_positive,128,20260912,local,0.45,1.0,1.0,0.0,0.8485096981519138,0.15267237776866707,0.20866170078866383,0.001975740861034852,0.8419849895146021,4.440892098500626e-16,0.059332003583651,0.0,0.0,True,-1,False
uniform_positive,128,20260912,local,0.475,1.0,1.0,0.0,1.0,0.9999999999999999,0.0,0.0,0.952369011301649,1.1102230246251565e-16,0.09643023745266444,0.0,0.0,True,-1,True
uniform_positive,128,20260912,local,0.5,1.0,1.0,0.0,0.9862332849381448,0.9796826003693432,0.017772451158665745,8.442759270835625e-10,0.9594006001852421,4.440892098500626e-16,0.0650930020036718,0.0,0.0,True,-1,True
uniform_positive,128,20260912,local,0.525,1.0,1.0,0.0,1.0,0.9999999999999999,0.0,0.0,1.2141874768264531,1.1102230246251565e-16,-0.2890049367586242,0.0,0.0,True,-1,True
uniform_positive,128,20260912,local,0.55,1.0,1.0,0.0,1.0,0.9999999999999999,0.0,0.0,1.0504957536414692,1.1102230246251565e-16,-0.364554210593468,0.0,0.0,True,-1,True
uniform_positive,128,20260912,local,0.575,1.0,1.0,0.0,1.0,0.9999999999999999,0.0,0.0,1.283957164957767,1.1102230246251565e-16,-0.08978948911521943,0.0,0.0,True,-1,True
uniform_positive,128,20260912,local,0.6,1.0,1.0,0.0,1.0,0.9999999999999999,0.0,0.0,1.2838001487995827,1.1102230246251565e-16,-0.5431821171718232,0.0,0.0,True,-1,True
uniform_positive,128,20260913,global,0.0,1.0,1.0,0.0,0.06034875928893775,0.014067939918548251,1.4495112050470262,0.36615636096675164,0.576045587661612,4.440892098500626e-16,nan,0.0,0.0,True,-1,False
uniform_positive,128,20260913,global,0.4,1.0,1.0,0.0,0.722235272356227,0.06842541539959021,0.3901554441097837,0.028070591741380973,0.7226444797002154,4.440892098500626e-16,nan,0.0,0.0,True,-1,False
uniform_positive,128,20260913,global,0.425,1.0,1.0,0.0,0.8019102229135628,0.11166042097688814,0.27694005527003684,0.0020256246239786606,0.7827055625313531,4.440892098500626e-16,nan,0.0,0.0,True,-1,False
uniform_positive,128,20260913,global,0.45,1.0,1.0,0.0,0.7748418423174224,0.08354856429649123,0.309934117076829,0.01486976811260375,0.7679213922766605,4.440892098500626e-16,nan,0.0,0.0,True,-1,False
uniform_positive,128,20260913,global,0.475,1.0,1.0,0.0,0.9438067883552607,0.5382560246802847,0.07702030866714255,6.212575037092472e-05,0.9436903923748738,4.440892098500626e-16,nan,0.0,0.0,True,-1,True
uniform_positive,128,20260913,global,0.5,1.0,1.0,0.0,1.0,0.9999999999999999,0.0,0.0,0.922495590266112,1.1102230246251565e-16,nan,0.0,0.0,True,-1,True
uniform_positive,128,20260913,global,0.525,1.0,1.0,0.0,1.0,0.9999999999999999,0.0,0.0,0.9228341986999051,1.1102230246251565e-16,nan,0.0,0.0,True,-1,True
uniform_positive,128,20260913,global,0.55,1.0,1.0,0.0,1.0,0.9999999999999999,0.0,0.0,1.1597762978653292,1.1102230246251565e-16,nan,0.0,0.0,True,-1,True
uniform_positive,128,20260913,global,0.575,1.0,1.0,0.0,1.0,0.9999999999999999,0.0,0.0,1.2318865668653405,1.1102230246251565e-16,nan,0.0,0.0,True,-1,True
uniform_positive,128,20260913,global,0.6,1.0,1.0,0.0,1.0,0.9999999999999999,0.0,0.0,1.3113149186858726,1.1102230246251565e-16,nan,0.0,0.0,True,-1,True
uniform_positive,128,20260913,local,0.0,1.0,1.0,0.0,0.05987972475313879,0.012500508850716224,1.4509096997992257,0.3644934521279444,0.5746422577407678,4.440892098500626e-16,0.5507829060547141,0.0,0.0,True,-1,False
uniform_positive,128,20260913,local,0.4,1.0,1.0,0.0,0.7381908625563733,0.07410236600551837,0.36272071049269144,0.024707296001064513,0.7330434904448688,4.440892098500626e-16,0.2115535654668359,0.0,0.0,True,-1,False
uniform_positive,128,20260913,local,0.425,1.0,1.0,0.0,0.8715909483360254,0.1349153443030558,0.17561214086734916,3.572000149399078e-05,0.8486537033703774,4.440892098500626e-16,0.08525922323446655,0.0,0.0,True,-1,False
uniform_positive,128,20260913,local,0.45,1.0,1.0,0.0,0.8481932866998668,0.1299797435051864,0.20933436124718569,0.0020383761807120883,0.8062476585452081,4.440892098500626e-16,-0.32175504832437946,0.0,0.0,True,-1,False
uniform_positive,128,20260913,local,0.475,1.0,1.0,0.0,0.9113726401000879,0.22970392725265132,0.12243496288399276,3.971843993911422e-05,0.8639253969647881,4.440892098500626e-16,-0.011304710157796242,0.0,0.0,True,-1,False
uniform_positive,128,20260913,local,0.5,1.0,1.0,0.0,1.0,0.9999999999999999,0.0,0.0,0.9468250742724957,1.1102230246251565e-16,0.007880595166758153,0.0,0.0,True,-1,True
uniform_positive,128,20260913,local,0.525,1.0,1.0,0.0,1.0,0.9999999999999999,0.0,0.0,1.0181604906337216,1.1102230246251565e-16,-0.011860368944838455,0.0,0.0,True,-1,True
uniform_positive,128,20260913,local,0.55,1.0,1.0,0.0,1.0,0.9999999999999999,0.0,0.0,1.1465934011803447,1.1102230246251565e-16,0.04657541655905281,0.0,0.0,True,-1,True
uniform_positive,128,20260913,local,0.575,1.0,1.0,0.0,1.0,0.9999999999999999,0.0,0.0,1.1430369087944245,1.1102230246251565e-16,0.009603090018583327,0.0,0.0,True,-1,True
uniform_positive,128,20260913,local,0.6,1.0,1.0,0.0,1.0,0.9999999999999999,0.0,0.0,1.3603032121385468,1.1102230246251565e-16,-0.23445611888455292,0.0,0.0,True,-1,True
uniform_positive,128,20260914,global,0.0,1.0,1.0,0.0,0.05964318552210678,0.013260498709427792,1.451801868431496,0.3658446680993536,0.5772838893101282,4.440892098500626e-16,nan,0.0,0.0,True,-1,False
uniform_positive,128,20260914,global,0.4,1.0,1.0,0.0,0.7517303720544528,0.09355049387249562,0.3461357634856077,0.01800980374223042,0.732121870796224,4.440892098500626e-16,nan,0.0,0.0,True,-1,False
uniform_positive,128,20260914,global,0.425,1.0,1.0,0.0,0.8235003520076479,0.11162722738315987,0.24339765943116498,0.001857570653569117,0.7962906347172798,4.440892098500626e-16,nan,0.0,0.0,True,-1,False
uniform_positive,128,20260914,global,0.45,1.0,1.0,0.0,0.8145266629088136,0.08866306718319927,0.262155575374223,0.0009220413434732727,0.7832205117111717,4.440892098500626e-16,nan,0.0,0.0,True,-1,False
uniform_positive,128,20260914,global,0.475,1.0,1.0,0.0,0.9939369840860065,0.9850307584409379,0.006359600401599212,1.300166537268096e-10,1.0173132036396235,4.440892098500626e-16,nan,0.0,0.0,True,-1,True
uniform_positive,128,20260914,global,0.5,1.0,1.0,0.0,0.9997759324877539,0.9999948860760732,0.0002802774961409711,0.0,1.0937588188086007,4.440892098500626e-16,nan,0.0,0.0,True,-1,True
uniform_positive,128,20260914,global,0.525,1.0,1.0,0.0,1.0,0.9999999999999999,2.0450308113595384e-16,0.0,1.059228541400681,1.1102230246251565e-16,nan,0.0,0.0,True,-1,True
uniform_positive,128,20260914,global,0.55,1.0,1.0,0.0,1.0,0.9999999999999999,0.0,0.0,1.0910663470374513,1.1102230246251565e-16,nan,0.0,0.0,True,-1,True
uniform_positive,128,20260914,global,0.575,1.0,1.0,0.0,1.0,0.9999999999999999,0.0,0.0,1.1158761589923838,1.1102230246251565e-16,nan,0.0,0.0,True,-1,True
uniform_positive,128,20260914,global,0.6,1.0,1.0,0.0,1.0,0.9999999999999999,0.0,0.0,1.223367049631276,1.1102230246251565e-16,nan,0.0,0.0,True,-1,True
uniform_positive,128,20260914,local,0.0,1.0,1.0,0.0,0.05773536760101338,0.01240736611678915,1.4542321871401382,0.36425138009798064,0.5732865397924762,4.440892098500626e-16,0.642171792698987,0.0,0.0,True,-1,False
uniform_positive,128,20260914,local,0.4,1.0,1.0,0.0,0.8264983562713621,0.11096412996125253,0.23694924703448886,0.0063499643614101375,0.8140360615469999,4.440892098500626e-16,-0.0810280740337452,0.0,0.0,True,-1,False
uniform_positive,128,20260914,local,0.425,1.0,1.0,0.0,0.8306171677696069,0.12574913672479354,0.23097453016283048,0.004844798546302748,0.8422326311508569,4.440892098500626e-16,0.20168570184905635,0.0,0.0,True,-1,False
uniform_positive,128,20260914,local,0.45,1.0,1.0,0.0,0.8495741938338254,0.1302485717270358,0.20886595049462636,0.0021849283712268982,0.8008188019813789,4.440892098500626e-16,0.28655443653100415,0.0,0.0,True,-1,False
uniform_positive,128,20260914,local,0.475,1.0,1.0,0.0,0.9455072055307162,0.5247464538434043,0.07679093897938374,8.919979114555179e-06,0.9437872304986439,4.440892098500626e-16,0.014575780566294522,0.0,0.0,True,-1,True
uniform_positive,128,20260914,local,0.5,1.0,1.0,0.0,0.9999999999978151,0.9999999999999991,8.33833743152379e-09,0.0,0.9683500968594556,3.3306690738754696e-16,0.21039862875739293,0.0,0.0,True,-1,True
uniform_positive,128,20260914,local,0.525,1.0,1.0,0.0,1.0,0.9999999999999999,0.0,0.0,1.037927980457107,1.1102230246251565e-16,-0.0749428638967019,0.0,0.0,True,-1,True
uniform_positive,128,20260914,local,0.55,1.0,1.0,0.0,1.0,0.9999999999999999,0.0,0.0,1.1997339427793787,1.1102230246251565e-16,0.08252103396209054,0.0,0.0,True,-1,True
uniform_positive,128,20260914,local,0.575,1.0,1.0,0.0,1.0,0.9999999999999999,0.0,0.0,1.18760308919826,1.1102230246251565e-16,0.29161564382141686,0.0,0.0,True,-1,True
uniform_positive,128,20260914,local,0.6,1.0,1.0,0.0,1.0,0.9999999999999999,0.0,0.0,1.0039137654721335,1.1102230246251565e-16,0.07688262759902077,0.0,0.0,True,-1,True
uniform_positive,128,20260915,global,0.0,1.0,1.0,0.0,0.059216538109668516,0.015153374260092627,1.4538562442146932,0.3657546506285051,0.5751447344483628,4.440892098500626e-16,nan,0.0,0.0,True,-1,False
uniform_positive,128,20260915,global,0.4,1.0,1.0,0.0,0.6874519088234999,0.05353268083721436,0.43958712678159506,0.045726949007840065,0.7012028452166053,4.440892098500626e-16,nan,0.0,0.0,True,-1,False
uniform_positive,128,20260915,global,0.425,1.0,1.0,0.0,0.8107657821559696,0.10574415715485708,0.26037051272646466,0.004853644806941757,0.7765788483062339,4.440892098500626e-16,nan,0.0,0.0,True,-1,False
uniform_positive,128,20260915,global,0.45,1.0,1.0,0.0,0.8554186145952548,0.17509378803778852,0.19577929994561136,0.0014875711581102033,0.8773266422265356,4.440892098500626e-16,nan,0.0,0.0,True,-1,False
uniform_positive,128,20260915,global,0.475,1.0,1.0,0.0,0.9979654315719184,0.9838545218173183,0.0,0.0,0.9286810774738541,3.3306690738754696e-16,nan,0.0,0.0,True,-1,True
uniform_positive,128,20260915,global,0.5,1.0,1.0,0.0,0.9999999999994373,0.9999999999999996,0.0,0.0,1.040074391077921,3.3306690738754696e-16,nan,0.0,0.0,True,-1,True
uniform_positive,128,20260915,global,0.525,1.0,1.0,0.0,1.0,0.9999999999999999,0.0,0.0,1.1320156038262383,1.1102230246251565e-16,nan,0.0,0.0,True,-1,True
uniform_positive,128,20260915,global,0.55,1.0,1.0,0.0,1.0,0.9999999999999999,0.0,0.0,1.2670637912656084,1.1102230246251565e-16,nan,0.0,0.0,True,-1,True
uniform_positive,128,20260915,global,0.575,1.0,1.0,0.0,1.0,0.9999999999999999,0.0,0.0,1.0703711616433509,1.1102230246251565e-16,nan,0.0,0.0,True,-1,True
uniform_positive,128,20260915,global,0.6,1.0,1.0,0.0,1.0,0.9999999999999999,0.0,0.0,1.3082114114266148,1.1102230246251565e-16,nan,0.0,0.0,True,-1,True
uniform_positive,128,20260915,local,0.0,1.0,1.0,0.0,0.05734820333528088,0.01411969810933627,1.4522594613969941,0.3650667052331862,0.5787441625162149,4.440892098500626e-16,0.5812019567455826,0.0,0.0,True,-1,False
uniform_positive,128,20260915,local,0.4,1.0,1.0,0.0,0.7154632323806925,0.06584356611636717,0.4042873982330541,0.02205838539592677,0.6919997095620196,4.440892098500626e-16,0.31210433428587986,0.0,0.0,True,-1,False
uniform_positive,128,20260915,local,0.425,1.0,1.0,0.0,0.831517219879325,0.13087740358711691,0.23279005406019693,0.003800376038429313,0.8741200361857586,4.440892098500626e-16,0.01931645807367683,0.0,0.0,True,-1,False
uniform_positive,128,20260915,local,0.45,1.0,1.0,0.0,0.7872488536304584,0.09815615224242479,0.29435661934329277,0.004248114356330479,0.7459032319192578,4.440892098500626e-16,-0.021524220927195144,0.0,0.0,True,-1,False
uniform_positive,128,20260915,local,0.475,1.0,1.0,0.0,0.9535540036242198,0.6798834975311714,0.06129730590477368,1.3188625791104805e-05,0.9786988158980994,4.440892098500626e-16,-0.06900793020508525,0.0,0.0,True,-1,True
uniform_positive,128,20260915,local,0.5,1.0,1.0,0.0,0.9854729342449129,0.960632305892609,0.019355501782341435,2.9894051786833617e-07,0.9012498214873867,4.440892098500626e-16,0.15970680666764345,0.0,0.0,True,-1,True
uniform_positive,128,20260915,local,0.525,1.0,1.0,0.0,1.0,0.9999999999999999,0.0,0.0,1.110070701706999,1.1102230246251565e-16,0.022205490997218517,0.0,0.0,True,-1,True
uniform_positive,128,20260915,local,0.55,1.0,1.0,0.0,1.0,0.9999999999999999,0.0,0.0,0.9639558705600076,1.1102230246251565e-16,-0.36211263429151286,0.0,0.0,True,-1,True
uniform_positive,128,20260915,local,0.575,1.0,1.0,0.0,1.0,0.9999999999999999,0.0,0.0,1.263507498578994,1.1102230246251565e-16,0.03703798798350389,0.0,0.0,True,-1,True
uniform_positive,128,20260915,local,0.6,1.0,1.0,0.0,1.0,0.9999999999999999,0.0,0.0,1.278438185849939,1.1102230246251565e-16,-0.10677581695581041,0.0,0.0,True,-1,True
uniform_positive,128,20260916,global,0.0,1.0,1.0,0.0,0.057357605546507706,0.012575873423248929,1.457842412616672,0.36614553697608465,0.5770379349044863,4.440892098500626e-16,nan,0.0,0.0,True,-1,False
uniform_positive,128,20260916,global,0.4,1.0,1.0,0.0,0.7634566322537445,0.0595063851981509,0.33124592829404054,0.01203557853527733,0.7506194705086721,4.440892098500626e-16,nan,0.0,0.0,True,-1,False
uniform_positive,128,20260916,global,0.425,1.0,1.0,0.0,0.9804158663298915,0.912909320711794,0.0,0.0,0.8096895586327615,4.440892098500626e-16,nan,0.0,0.0,True,-1,True
uniform_positive,128,20260916,global,0.45,1.0,1.0,0.0,0.8278983480113684,0.16731304247562886,0.2319608239105931,0.008522369585345576,0.7930416340117338,4.440892098500626e-16,nan,0.0,0.0,True,-1,False
uniform_positive,128,20260916,global,0.475,1.0,1.0,0.0,0.9381248616522043,0.5187049725528261,0.08080280584891884,7.305924196124365e-06,0.9350723093408699,4.440892098500626e-16,nan,0.0,0.0,True,-1,True
uniform_positive,128,20260916,global,0.5,1.0,1.0,0.0,0.9981774599658307,0.9978181915400258,5.115906543395887e-09,0.0,0.9575163864498896,4.440892098500626e-16,nan,0.0,0.0,True,-1,True
uniform_positive,128,20260916,global,0.525,1.0,1.0,0.0,1.0,0.9999999999999999,0.0,0.0,1.1248425631410006,1.1102230246251565e-16,nan,0.0,0.0,True,-1,True
uniform_positive,128,20260916,global,0.55,1.0,1.0,0.0,1.0,0.9999999999999999,0.0,0.0,1.1196422506591235,1.1102230246251565e-16,nan,0.0,0.0,True,-1,True
uniform_positive,128,20260916,global,0.575,1.0,1.0,0.0,1.0,0.9999999999999999,0.0,0.0,1.1547029913408564,1.1102230246251565e-16,nan,0.0,0.0,True,-1,True
uniform_positive,128,20260916,global,0.6,1.0,1.0,0.0,1.0,0.9999999999999999,0.0,0.0,1.2902747962848564,1.1102230246251565e-16,nan,0.0,0.0,True,-1,True
uniform_positive,128,20260916,local,0.0,1.0,1.0,0.0,0.06125939544567919,0.014426351244752235,1.451233587199061,0.36487471320897547,0.5770939458936546,4.440892098500626e-16,0.6473799433036711,0.0,0.0,True,-1,False
uniform_positive,128,20260916,local,0.4,1.0,1.0,0.0,0.7104354533305544,0.06832312576771321,0.40304934186282115,0.04200618907939033,0.7100400191219471,4.440892098500626e-16,0.3170766150401251,0.0,0.0,True,-1,False
uniform_positive,128,20260916,local,0.425,1.0,1.0,0.0,0.8015971091659624,0.10726587543066113,0.2701872847741057,0.010656069502215605,0.7576214531747412,4.440892098500626e-16,0.08553520787290016,0.0,0.0,True,-1,False
uniform_positive,128,20260916,local,0.45,1.0,1.0,0.0,0.8102196417083986,0.08716041708353599,0.26727742309804325,0.0054857401875110815,0.7850058980423325,4.440892098500626e-16,-0.38181652330297844,0.0,0.0,True,-1,False
uniform_positive,128,20260916,local,0.475,1.0,1.0,0.0,0.9591395939520242,0.7364159438036071,0.05121426280770835,1.0402017969322429e-05,0.9535348797575562,4.440892098500626e-16,0.0679602604228879,0.0,0.0,True,-1,True
uniform_positive,128,20260916,local,0.5,1.0,1.0,0.0,1.0,0.9999999999999999,0.0,0.0,0.9538757457902323,1.1102230246251565e-16,0.12615063814739155,0.0,0.0,True,-1,True
uniform_positive,128,20260916,local,0.525,1.0,1.0,0.0,1.0,0.9999999999999999,0.0,0.0,1.3108487317555104,1.1102230246251565e-16,-0.17103800012367157,0.0,0.0,True,-1,True
uniform_positive,128,20260916,local,0.55,1.0,1.0,0.0,1.0,0.9999999999999999,0.0,0.0,1.2422321024898069,1.1102230246251565e-16,0.11855180475934207,0.0,0.0,True,-1,True
uniform_positive,128,20260916,local,0.575,1.0,1.0,0.0,1.0,0.9999999999999999,0.0,0.0,1.083938817038677,1.1102230246251565e-16,-0.48664628677799565,0.0,0.0,True,-1,True
uniform_positive,128,20260916,local,0.6,1.0,1.0,0.0,1.0,0.9999999999999999,0.0,0.0,1.3158639398739786,1.1102230246251565e-16,0.0885917105264542,0.0,0.0,True,-1,True
uniform_positive,128,20260917,global,0.0,1.0,1.0,0.0,0.05870916182409893,0.012959508118849196,1.4557856641735685,0.36413124193614776,0.5744916381667762,4.440892098500626e-16,nan,0.0,0.0,True,-1,False
uniform_positive,128,20260917,global,0.4,1.0,1.0,0.0,0.6927245791431473,0.06148046925696956,0.431347569869564,0.04362684198454641,0.6810026662959289,4.440892098500626e-16,nan,0.0,0.0,True,-1,False
uniform_positive,128,20260917,global,0.425,1.0,1.0,0.0,0.8543186629324596,0.1426359580442592,0.19694126614023125,0.001925135018934773,0.8406393163607253,4.440892098500626e-16,nan,0.0,0.0,True,-1,False
uniform_positive,128,20260917,global,0.45,1.0,1.0,0.0,0.8835285792878039,0.18437314028241467,0.1605155318878283,0.00028382080098650656,0.8559487389950202,4.440892098500626e-16,nan,0.0,0.0,True,-1,False
uniform_positive,128,20260917,global,0.475,1.0,1.0,0.0,0.9276211717646804,0.3668594771326247,0.0987277264729999,6.311126748440084e-05,0.9006702876030943,4.440892098500626e-16,nan,0.0,0.0,True,-1,False
uniform_positive,128,20260917,global,0.5,1.0,1.0,0.0,1.0,0.9999999999999999,0.0,0.0,1.0322300236031614,1.1102230246251565e-16,nan,0.0,0.0,True,-1,True
uniform_positive,128,20260917,global,0.525,1.0,1.0,0.0,1.0,0.9999999999999999,0.0,0.0,1.0635445086295907,1.1102230246251565e-16,nan,0.0,0.0,True,-1,True
uniform_positive,128,20260917,global,0.55,1.0,1.0,0.0,1.0,0.9999999999999999,0.0,0.0,1.0606786303219318,1.1102230246251565e-16,nan,0.0,0.0,True,-1,True
uniform_positive,128,20260917,global,0.575,1.0,1.0,0.0,1.0,0.9999999999999999,0.0,0.0,1.2050017594987463,1.1102230246251565e-16,nan,0.0,0.0,True,-1,True
uniform_positive,128,20260917,global,0.6,1.0,1.0,0.0,1.0,0.9999999999999999,0.0,0.0,1.3257507152589838,1.1102230246251565e-16,nan,0.0,0.0,True,-1,True
uniform_positive,128,20260917,local,0.0,1.0,1.0,0.0,0.060358498684157366,0.013118667864023707,1.4513987915547986,0.3637233487132364,0.5742614696916384,4.440892098500626e-16,0.6086467343810142,0.0,0.0,True,-1,False
uniform_positive,128,20260917,local,0.4,1.0,1.0,0.0,0.7473838461295549,0.07734745508338943,0.35675705426443843,0.012102070808958518,0.7165189889871126,4.440892098500626e-16,0.19304365316504296,0.0,0.0,True,-1,False
uniform_positive,128,20260917,local,0.425,1.0,1.0,0.0,0.7949597626062836,0.09700575975615582,0.2888817399652287,0.0030254161647255526,0.7720076809318949,4.440892098500626e-16,0.06850699768513427,0.0,0.0,True,-1,False
uniform_positive,128,20260917,local,0.45,1.0,1.0,0.0,0.9280514831982628,0.4276118636455357,0.09628163583062314,0.00019177036493199133,0.9062744263948712,4.440892098500626e-16,-0.17334491485081893,0.0,0.0,True,-1,False
uniform_positive,128,20260917,local,0.475,1.0,1.0,0.0,1.0,0.9999999999999999,0.0,0.0,1.0842166907626152,1.1102230246251565e-16,0.11373442976926793,0.0,0.0,True,-1,True
uniform_positive,128,20260917,local,0.5,1.0,1.0,0.0,0.963365134305777,0.7717608214922161,0.04836509711295641,8.961036173744626e-11,0.9414167343266515,4.440892098500626e-16,-0.32561169238257953,0.0,0.0,True,-1,True
uniform_positive,128,20260917,local,0.525,1.0,1.0,0.0,1.0,0.9999999999999999,0.0,0.0,0.9531483247902126,1.1102230246251565e-16,-0.030351449522239785,0.0,0.0,True,-1,True
uniform_positive,128,20260917,local,0.55,1.0,1.0,0.0,1.0,0.9999999999999999,0.0,0.0,1.1192418016850323,1.1102230246251565e-16,-0.7742235802119585,0.0,0.0,True,-1,True
uniform_positive,128,20260917,local,0.575,1.0,1.0,0.0,1.0,0.9999999999999999,0.0,0.0,1.004943420163717,1.1102230246251565e-16,0.3851985869223066,0.0,0.0,True,-1,True
uniform_positive,128,20260917,local,0.6,1.0,1.0,0.0,1.0,0.9999999999999999,0.0,0.0,1.3387109568852007,1.1102230246251565e-16,-0.4809086230354424,0.0,0.0,True,-1,True
uniform_positive,128,20260918,global,0.0,1.0,1.0,0.0,0.05875524722895237,0.01501726039721357,1.4545340302003775,0.3657067617947687,0.5779282161084035,4.440892098500626e-16,nan,0.0,0.0,True,-1,False
uniform_positive,128,20260918,global,0.4,1.0,1.0,0.0,0.8309397786522263,0.11768109916191273,0.22815690117411322,0.0063784886112991535,0.7983284632656892,4.440892098500626e-16,nan,0.0,0.0,True,-1,False
uniform_positive,128,20260918,global,0.425,1.0,1.0,0.0,0.8345433929902037,0.12328018554743023,0.23048232540926986,0.003305147152548165,0.8057546643449253,4.440892098500626e-16,nan,0.0,0.0,True,-1,False
uniform_positive,128,20260918,global,0.45,1.0,1.0,0.0,0.8589985906274336,0.19235209361602718,0.18796338303609122,0.005854686435532543,0.8251526061141349,4.440892098500626e-16,nan,0.0,0.0,True,-1,False
uniform_positive,128,20260918,global,0.475,1.0,1.0,0.0,0.9661540498762134,0.8058345637437472,0.04181642620703019,1.6104940058909863e-07,0.9924484889519145,4.440892098500626e-16,nan,0.0,0.0,True,-1,True
uniform_positive,128,20260918,global,0.5,1.0,1.0,0.0,1.0,0.9999999999999999,0.0,0.0,1.0218747737399854,1.1102230246251565e-16,nan,0.0,0.0,True,-1,True
uniform_positive,128,20260918,global,0.525,1.0,1.0,0.0,1.0,0.9999999999999999,0.0,0.0,0.9617669859732589,1.1102230246251565e-16,nan,0.0,0.0,True,-1,True
uniform_positive,128,20260918,global,0.55,1.0,1.0,0.0,1.0,0.9999999999999999,0.0,0.0,1.0697274407820705,1.1102230246251565e-16,nan,0.0,0.0,True,-1,True
uniform_positive,128,20260918,global,0.575,1.0,1.0,0.0,1.0,0.9999999999999999,0.0,0.0,1.267732697376243,1.1102230246251565e-16,nan,0.0,0.0,True,-1,True
uniform_positive,128,20260918,global,0.6,1.0,1.0,0.0,1.0,0.9999999999999999,0.0,0.0,1.3620948267583222,1.1102230246251565e-16,nan,0.0,0.0,True,-1,True
uniform_positive,128,20260918,local,0.0,1.0,1.0,0.0,0.05971125441371537,0.014538577429048072,1.4552414143570427,0.3655546325921298,0.577009128235923,4.440892098500626e-16,0.6506563259781616,0.0,0.0,True,-1,False
uniform_positive,128,20260918,local,0.4,1.0,1.0,0.0,0.6895667936535166,0.057948699307932304,0.43703958136141596,0.03879884702893485,0.6935120274182143,4.440892098500626e-16,0.07079838428172573,0.0,0.0,True,-1,False
uniform_positive,128,20260918,local,0.425,1.0,1.0,0.0,0.8079814190309788,0.09841445709037681,0.2650054850477345,0.007768942325332609,0.7800748191681266,4.440892098500626e-16,0.038313664582077314,0.0,0.0,True,-1,False
uniform_positive,128,20260918,local,0.45,1.0,1.0,0.0,0.8469981561528734,0.15670660426909994,0.21204499973016613,0.002955064026423421,0.8251247567779949,4.440892098500626e-16,0.005885358100484709,0.0,0.0,True,-1,False
uniform_positive,128,20260918,local,0.475,1.0,1.0,0.0,0.9551012416363627,0.5905800606286298,0.061743683845449836,9.551616753152764e-06,0.9861116210440983,4.440892098500626e-16,0.222131528847652,0.0,0.0,True,-1,True
uniform_positive,128,20260918,local,0.5,1.0,1.0,0.0,1.0,0.9999999999999999,0.0,0.0,0.9850142928403606,1.1102230246251565e-16,-0.03978633826780237,0.0,0.0,True,-1,True
uniform_positive,128,20260918,local,0.525,1.0,1.0,0.0,1.0,0.9999999999999999,0.0,0.0,1.0436014160464158,1.1102230246251565e-16,-0.4475481856794245,0.0,0.0,True,-1,True
uniform_positive,128,20260918,local,0.55,1.0,1.0,0.0,1.0,0.9999999999999999,0.0,0.0,1.0490951182520036,1.1102230246251565e-16,-0.023283929263051725,0.0,0.0,True,-1,True
uniform_positive,128,20260918,local,0.575,1.0,1.0,0.0,1.0,0.9999999999999999,0.0,0.0,1.1619948740919166,1.1102230246251565e-16,-0.580115158583428,0.0,0.0,True,-1,True
uniform_positive,128,20260918,local,0.6,1.0,1.0,0.0,1.0,0.9999999999999999,0.0,0.0,1.195863792753546,1.1102230246251565e-16,-0.4086161433813726,0.0,0.0,True,-1,True
uniform_positive,128,20260919,global,0.0,1.0,1.0,0.0,0.05701986602491349,0.013470373261128791,1.4573593595188759,0.3652107135392346,0.576715449071092,4.440892098500626e-16,nan,0.0,0.0,True,-1,False
uniform_positive,128,20260919,global,0.4,1.0,1.0,0.0,0.7510114655036993,0.07464638444875059,0.3450646002601126,0.025442957778327675,0.7434989227148068,4.440892098500626e-16,nan,0.0,0.0,True,-1,False
uniform_positive,128,20260919,global,0.425,1.0,1.0,0.0,0.8650127817155728,0.16754962320190406,0.18909057216236608,0.0004925533499494375,0.8636432899373392,4.440892098500626e-16,nan,0.0,0.0,True,-1,False
uniform_positive,128,20260919,global,0.45,1.0,1.0,0.0,0.9285957506971749,0.3778258175700643,0.09829800796465547,0.00011972284808392373,0.940712109603267,4.440892098500626e-16,nan,0.0,0.0,True,-1,False
uniform_positive,128,20260919,global,0.475,1.0,1.0,0.0,0.9999999999999997,0.9999999999999999,3.201626741500263e-11,0.0,0.9344276548474166,3.3306690738754696e-16,nan,0.0,0.0,True,-1,True
uniform_positive,128,20260919,global,0.5,1.0,1.0,0.0,1.0,0.9999999999999999,0.0,0.0,0.9552830511777717,1.1102230246251565e-16,nan,0.0,0.0,True,-1,True
uniform_positive,128,20260919,global,0.525,1.0,1.0,0.0,1.0,0.9999999999999999,0.0,0.0,1.0358013143673737,1.1102230246251565e-16,nan,0.0,0.0,True,-1,True
uniform_positive,128,20260919,global,0.55,1.0,1.0,0.0,1.0,0.9999999999999999,0.0,0.0,1.1414216261785217,1.1102230246251565e-16,nan,0.0,0.0,True,-1,True
uniform_positive,128,20260919,global,0.575,1.0,1.0,0.0,1.0,0.9999999999999999,0.0,0.0,1.224515047424999,1.1102230246251565e-16,nan,0.0,0.0,True,-1,True
uniform_positive,128,20260919,global,0.6,1.0,1.0,0.0,1.0,0.9999999999999999,0.0,0.0,1.453851124179225,1.1102230246251565e-16,nan,0.0,0.0,True,-1,True
uniform_positive,128,20260919,local,0.0,1.0,1.0,0.0,0.058961258289867084,0.011974582603907161,1.455170126621918,0.3654853498999954,0.5731816041106185,4.440892098500626e-16,0.5853653092511439,0.0,0.0,True,-1,False
uniform_positive,128,20260919,local,0.4,1.0,1.0,0.0,0.8102614759837597,0.09985742588628434,0.263247188817715,0.0068165076132438475,0.8344141459556342,4.440892098500626e-16,-0.07799055849548406,0.0,0.0,True,-1,False
uniform_positive,128,20260919,local,0.425,1.0,1.0,0.0,0.8059983583347389,0.11831466063150103,0.2674694755284005,0.004214802059764614,0.7420197834335001,4.440892098500626e-16,-0.047647094191868564,0.0,0.0,True,-1,False
uniform_positive,128,20260919,local,0.45,1.0,1.0,0.0,0.8284735091752685,0.11596903462607747,0.2360674523491533,0.007424381291675287,0.8216510598918636,4.440892098500626e-16,-0.00831418676327035,0.0,0.0,True,-1,False
uniform_positive,128,20260919,local,0.475,1.0,1.0,0.0,1.0,0.9999999999999999,0.0,0.0,0.9843685728917403,1.1102230246251565e-16,0.20478807077306374,0.0,0.0,True,-1,True
uniform_positive,128,20260919,local,0.5,1.0,1.0,0.0,1.0,0.9999999999999999,0.0,0.0,1.0532588994699101,1.1102230246251565e-16,0.05278195354863382,0.0,0.0,True,-1,True
uniform_positive,128,20260919,local,0.525,1.0,1.0,0.0,1.0,0.9999999999999999,0.0,0.0,1.0094554331881556,1.1102230246251565e-16,0.20224217046024093,0.0,0.0,True,-1,True
uniform_positive,128,20260919,local,0.55,1.0,1.0,0.0,1.0,0.9999999999999999,0.0,0.0,1.0888720448402316,1.1102230246251565e-16,-0.1636310407169967,0.0,0.0,True,-1,True
uniform_positive,128,20260919,local,0.575,1.0,1.0,0.0,1.0,0.9999999999999999,0.0,0.0,1.4227451949912573,1.1102230246251565e-16,-0.34063538606337374,0.0,0.0,True,-1,True
uniform_positive,128,20260919,local,0.6,1.0,1.0,0.0,1.0,0.9999999999999999,0.0,0.0,1.1621261963220857,1.1102230246251565e-16,-0.2712447784495041,0.0,0.0,True,-1,True
uniform_positive,256,20260910,global,0.0,1.0,1.0,0.0,0.042198426543869606,0.009125276113269529,1.4828658394168301,0.3650372972649605,0.5773242074606978,4.440892098500626e-16,nan,0.0,0.0,True,-1,False
uniform_positive,256,20260910,global,0.4,1.0,1.0,0.0,0.801825166602172,0.08285696262826239,0.2746671367518626,0.006847090241039458,0.7846540341787364,4.440892098500626e-16,nan,0.0,0.0,True,-1,False
uniform_positive,256,20260910,global,0.425,1.0,1.0,0.0,0.7384001604377458,0.07047501916617756,0.3678082281593761,0.01783845215766664,0.7206732708764152,4.440892098500626e-16,nan,0.0,0.0,True,-1,False
uniform_positive,256,20260910,global,0.45,1.0,1.0,0.0,0.8642131247022452,0.1518866200534113,0.18375621322415794,0.0012014452163606345,0.898188286457488,4.440892098500626e-16,nan,0.0,0.0,True,-1,False
uniform_positive,256,20260910,global,0.475,1.0,1.0,0.0,0.9132224797670097,0.3071085373322646,0.11677825880712468,0.00022062210636453381,0.9138496135229017,4.440892098500626e-16,nan,0.0,0.0,True,-1,False
uniform_positive,256,20260910,global,0.5,1.0,1.0,0.0,0.9990669429092386,0.9910366533979956,0.0,0.0,0.9746591429693414,3.3306690738754696e-16,nan,0.0,0.0,True,-1,True
uniform_positive,256,20260910,global,0.525,1.0,1.0,0.0,1.0,0.9999999999999999,0.0,0.0,1.0099199817216893,1.1102230246251565e-16,nan,0.0,0.0,True,-1,True
uniform_positive,256,20260910,global,0.55,1.0,1.0,0.0,1.0,0.9999999999999999,0.0,0.0,1.2297598524365014,1.1102230246251565e-16,nan,0.0,0.0,True,-1,True
uniform_positive,256,20260910,global,0.575,1.0,1.0,0.0,1.0,0.9999999999999999,0.0,0.0,1.1173690901353917,1.1102230246251565e-16,nan,0.0,0.0,True,-1,True
uniform_positive,256,20260910,global,0.6,1.0,1.0,0.0,1.0,0.9999999999999999,0.0,0.0,1.2187567016073138,1.1102230246251565e-16,nan,0.0,0.0,True,-1,True
uniform_positive,256,20260910,local,0.0,1.0,1.0,0.0,0.04149429984399913,0.009970415089007381,1.4837917324952439,0.3655910564687167,0.5765645751804394,4.440892098500626e-16,0.571617648351572,0.0,0.0,True,-1,False
uniform_positive,256,20260910,local,0.4,1.0,1.0,0.0,0.7018458549663453,0.06359011545434054,0.41748973661746397,0.042910634835614817,0.6818426467312678,4.440892098500626e-16,-0.1322474318061505,0.0,0.0,True,-1,False
uniform_positive,256,20260910,local,0.425,1.0,1.0,0.0,0.8434762778207258,0.1161078133669259,0.21924489495827323,0.0012223466733630476,0.8089829621869311,4.440892098500626e-16,0.07758023311114891,0.0,0.0,True,-1,False
uniform_positive,256,20260910,local,0.45,1.0,1.0,0.0,0.802426562700589,0.09058513425329137,0.2731308117788188,0.00956038602857099,0.7654067068319781,4.440892098500626e-16,0.06708034461927802,0.0,0.0,True,-1,False
uniform_positive,256,20260910,local,0.475,1.0,1.0,0.0,1.0,0.9999999999999999,0.0,0.0,1.0109532599492466,1.1102230246251565e-16,-0.5358497682656645,0.0,0.0,True,-1,True
uniform_positive,256,20260910,local,0.5,1.0,1.0,0.0,0.8919508914423306,0.20720955646173436,0.14781406087708604,0.0008416283732845995,0.8000024882708672,4.440892098500626e-16,-0.03545337199560535,0.0,0.0,True,-1,False
uniform_positive,256,20260910,local,0.525,1.0,1.0,0.0,1.0,0.9999999999999999,0.0,0.0,0.9986788013823472,1.1102230246251565e-16,0.051477717624183975,0.0,0.0,True,-1,True
uniform_positive,256,20260910,local,0.55,1.0,1.0,0.0,1.0,0.9999999999999999,0.0,0.0,1.1553427781924066,1.1102230246251565e-16,-0.04886017570314573,0.0,0.0,True,-1,True
uniform_positive,256,20260910,local,0.575,1.0,1.0,0.0,1.0,0.9999999999999999,0.0,0.0,1.1741104246063898,1.1102230246251565e-16,-0.10076121202771804,0.0,0.0,True,-1,True
uniform_positive,256,20260910,local,0.6,1.0,1.0,0.0,1.0,0.9999999999999999,0.0,0.0,1.5413187582554477,1.1102230246251565e-16,-0.3697051870085057,0.0,0.0,True,-1,True
uniform_positive,256,20260911,global,0.0,1.0,1.0,0.0,0.04113677959640825,0.009603316651392158,1.4855123300061106,0.36341284744962243,0.5718229994572506,4.440892098500626e-16,nan,0.0,0.0,True,-1,False
uniform_positive,256,20260911,global,0.4,1.0,1.0,0.0,0.7340431610118969,0.05823624011004851,0.37522005694745875,0.022662018538428932,0.7132940013827263,4.440892098500626e-16,nan,0.0,0.0,True,-1,False
uniform_positive,256,20260911,global,0.425,1.0,1.0,0.0,0.8521781958825422,0.1438177096513262,0.20213085161803415,0.003311946111595258,0.8505887525165374,4.440892098500626e-16,nan,0.0,0.0,True,-1,False
uniform_positive,256,20260911,global,0.45,1.0,1.0,0.0,0.8828705228897641,0.17162938751008422,0.16153920493603652,0.00046933885643946744,0.823797801123273,4.440892098500626e-16,nan,0.0,0.0,True,-1,False
uniform_positive,256,20260911,global,0.475,1.0,1.0,0.0,0.9715025302192598,0.8502945979268027,0.036771704515492304,1.5030896869424122e-06,1.0486530548943982,4.440892098500626e-16,nan,0.0,0.0,True,-1,True
uniform_positive,256,20260911,global,0.5,1.0,1.0,0.0,0.9999497002572373,0.9999984728433838,3.813287240689323e-05,0.0,0.9332151538908431,4.440892098500626e-16,nan,0.0,0.0,True,-1,True
uniform_positive,256,20260911,global,0.525,1.0,1.0,0.0,1.0,0.9999999999999999,0.0,0.0,1.098693631917552,1.1102230246251565e-16,nan,0.0,0.0,True,-1,True
uniform_positive,256,20260911,global,0.55,1.0,1.0,0.0,1.0,0.9999999999999999,0.0,0.0,1.3393927283458793,1.1102230246251565e-16,nan,0.0,0.0,True,-1,True
uniform_positive,256,20260911,global,0.575,1.0,1.0,0.0,1.0,0.9999999999999999,0.0,0.0,1.1868265269660228,1.1102230246251565e-16,nan,0.0,0.0,True,-1,True
uniform_positive,256,20260911,global,0.6,1.0,1.0,0.0,1.0,0.9999999999999999,0.0,0.0,1.245256494672003,1.1102230246251565e-16,nan,0.0,0.0,True,-1,True
uniform_positive,256,20260911,local,0.0,1.0,1.0,0.0,0.041779094164556475,0.00936429348377626,1.4870416348047857,0.366241036800646,0.5774932318757994,4.440892098500626e-16,0.5200743198056244,0.0,0.0,True,-1,False
uniform_positive,256,20260911,local,0.4,1.0,1.0,0.0,0.6723408178246295,0.0592852941319194,0.4610668626332202,0.0580101509924081,0.6965147094504635,4.440892098500626e-16,0.19214078867746,0.0,0.0,True,-1,False
uniform_positive,256,20260911,local,0.425,1.0,1.0,0.0,0.8039071493077511,0.12131599077916143,0.27121453292270814,0.006651330429307669,0.7963435753050827,4.440892098500626e-16,0.20248118979693006,0.0,0.0,True,-1,False
uniform_positive,256,20260911,local,0.45,1.0,1.0,0.0,0.9179791565580931,0.24823767757480922,0.11396807373263801,1.601724786028216e-05,0.9243124932248069,4.440892098500626e-16,0.1672957458333826,0.0,0.0,True,-1,False
uniform_positive,256,20260911,local,0.475,1.0,1.0,0.0,0.8760787529054571,0.19954945569284652,0.1697059165596943,0.0006165972807838233,0.8561192981839998,4.440892098500626e-16,0.2930807604773802,0.0,0.0,True,-1,False
uniform_positive,256,20260911,local,0.5,1.0,1.0,0.0,1.0,0.9999999999999999,0.0,0.0,0.8675290242250283,1.1102230246251565e-16,0.154049174428647,0.0,0.0,True,-1,True
uniform_positive,256,20260911,local,0.525,1.0,1.0,0.0,1.0,0.9999999999999999,0.0,0.0,0.8940938119286871,1.1102230246251565e-16,0.08625147579461939,0.0,0.0,True,-1,True
uniform_positive,256,20260911,local,0.55,1.0,1.0,0.0,1.0,0.9999999999999999,0.0,0.0,1.0949449823566613,1.1102230246251565e-16,-0.08082092568505977,0.0,0.0,True,-1,True
uniform_positive,256,20260911,local,0.575,1.0,1.0,0.0,1.0,0.9999999999999999,0.0,0.0,1.0677593470906366,1.1102230246251565e-16,-0.25389603669294497,0.0,0.0,True,-1,True
uniform_positive,256,20260911,local,0.6,1.0,1.0,0.0,1.0,0.9999999999999999,0.0,0.0,1.2293113217590044,1.1102230246251565e-16,-0.026311650604231913,0.0,0.0,True,-1,True
uniform_positive,256,20260912,global,0.0,1.0,1.0,0.0,0.04256518542037952,0.010382711612386774,1.4828059003259964,0.36550439525234524,0.5774683205452336,4.440892098500626e-16,nan,0.0,0.0,True,-1,False
uniform_positive,256,20260912,global,0.4,1.0,1.0,0.0,0.6999714118379645,0.0484552909241405,0.4193345714435796,0.0422253298329702,0.6891477667352284,4.440892098500626e-16,nan,0.0,0.0,True,-1,False
uniform_positive,256,20260912,global,0.425,1.0,1.0,0.0,0.7285037871085328,0.0552694581282536,0.3853720272705785,0.012054127462952542,0.7124572494120079,4.440892098500626e-16,nan,0.0,0.0,True,-1,False
uniform_positive,256,20260912,global,0.45,1.0,1.0,0.0,0.8486299563994932,0.14134111645307743,0.20731051558505545,0.0006009862388846675,0.8075750440886513,4.440892098500626e-16,nan,0.0,0.0,True,-1,False
uniform_positive,256,20260912,global,0.475,1.0,1.0,0.0,0.9198763804394505,0.3184851974337432,0.1113200629123159,2.3657126973667157e-07,0.9094390110444802,4.440892098500626e-16,nan,0.0,0.0,True,-1,False
uniform_positive,256,20260912,global,0.5,1.0,1.0,0.0,1.0,0.9999999999999999,0.0,0.0,0.9820242747102214,1.1102230246251565e-16,nan,0.0,0.0,True,-1,True
uniform_positive,256,20260912,global,0.525,1.0,1.0,0.0,1.0,0.9999999999999999,0.0,0.0,1.1363369301269803,1.1102230246251565e-16,nan,0.0,0.0,True,-1,True
uniform_positive,256,20260912,global,0.55,1.0,1.0,0.0,1.0,0.9999999999999999,0.0,0.0,1.2373087957503248,1.1102230246251565e-16,nan,0.0,0.0,True,-1,True
uniform_positive,256,20260912,global,0.575,1.0,1.0,0.0,1.0,0.9999999999999999,0.0,0.0,1.0851615101324872,1.1102230246251565e-16,nan,0.0,0.0,True,-1,True
uniform_positive,256,20260912,global,0.6,1.0,1.0,0.0,1.0,0.9999999999999999,0.0,0.0,1.2563563379048461,1.1102230246251565e-16,nan,0.0,0.0,True,-1,True
uniform_positive,256,20260912,local,0.0,1.0,1.0,0.0,0.041887598468049375,0.011680123448898475,1.4826425689003926,0.3649277106244812,0.5764681054424718,4.440892098500626e-16,0.628847845114228,0.0,0.0,True,-1,False
uniform_positive,256,20260912,local,0.4,1.0,1.0,0.0,0.6935657325534105,0.06007885613098115,0.4281301041151081,0.045816286926089446,0.6947356419517345,4.440892098500626e-16,0.31523893255739033,0.0,0.0,True,-1,False
uniform_positive,256,20260912,local,0.425,1.0,1.0,0.0,0.7549698523700322,0.08118592207610661,0.343321737150663,0.012929610784977705,0.7398842966362895,4.440892098500626e-16,-0.3038348223930189,0.0,0.0,True,-1,False
uniform_positive,256,20260912,local,0.45,1.0,1.0,0.0,0.9149243410888857,0.2800639132209211,0.11536476671365717,0.00010175109537626003,0.9097526900169073,4.440892098500626e-16,-0.09108761047414547,0.0,0.0,True,-1,False
uniform_positive,256,20260912,local,0.475,1.0,1.0,0.0,0.9188868321181326,0.302873220600878,0.10969487050350557,0.00019825088088549312,0.9055371618998007,4.440892098500626e-16,0.2306979652768765,0.0,0.0,True,-1,False
uniform_positive,256,20260912,local,0.5,1.0,1.0,0.0,0.9941466717874727,0.9980908260014634,0.007225589172159482,1.29737534162096e-07,0.990080552392369,4.440892098500626e-16,0.267130645519875,0.0,0.0,True,-1,True
uniform_positive,256,20260912,local,0.525,1.0,1.0,0.0,0.9999999999995072,0.9999999999999999,6.848720442431677e-09,0.0,1.018837417711656,3.3306690738754696e-16,0.031294223136541066,0.0,0.0,True,-1,True
uniform_positive,256,20260912,local,0.55,1.0,1.0,0.0,1.0,0.9999999999999999,0.0,0.0,1.042607424726504,1.1102230246251565e-16,0.1150722303109212,0.0,0.0,True,-1,True
uniform_positive,256,20260912,local,0.575,1.0,1.0,0.0,1.0,0.9999999999999999,0.0,0.0,1.0895527626661077,1.1102230246251565e-16,0.09776907479737001,0.0,0.0,True,-1,True
uniform_positive,256,20260912,local,0.6,1.0,1.0,0.0,1.0,0.9999999999999999,0.0,0.0,1.2053745020827167,1.1102230246251565e-16,-0.05744580633627538,0.0,0.0,True,-1,True
uniform_positive,256,20260913,global,0.0,1.0,1.0,0.0,0.04199324857783323,0.010783987441262008,1.4838455079977249,0.36510902007263735,0.5753416107180731,4.440892098500626e-16,nan,0.0,0.0,True,-1,False
uniform_positive,256,20260913,global,0.4,1.0,1.0,0.0,0.7641334167783903,0.0808511032680739,0.3269932471665436,0.02059081055294861,0.7447285640837379,4.440892098500626e-16,nan,0.0,0.0,True,-1,False
uniform_positive,256,20260913,global,0.425,1.0,1.0,0.0,0.844669728151063,0.14113350329789123,0.21250680185150708,0.0014802520731030792,0.8138133762842157,4.440892098500626e-16,nan,0.0,0.0,True,-1,False
uniform_positive,256,20260913,global,0.45,1.0,1.0,0.0,0.8305633104605552,0.12928489237438714,0.23176475617711184,0.003524395957945104,0.7969287382472566,4.440892098500626e-16,nan,0.0,0.0,True,-1,False
uniform_positive,256,20260913,global,0.475,1.0,1.0,0.0,0.929863150592418,0.3749919738955359,0.09400023830449054,0.00010155111658248573,0.933610693508669,4.440892098500626e-16,nan,0.0,0.0,True,-1,False
uniform_positive,256,20260913,global,0.5,1.0,1.0,0.0,0.9997914060073596,0.9999999988215961,0.0,0.0,1.0668139653579538,3.3306690738754696e-16,nan,0.0,0.0,True,-1,True
uniform_positive,256,20260913,global,0.525,1.0,1.0,0.0,1.0,0.9999999999999999,0.0,0.0,0.9824655413312052,1.1102230246251565e-16,nan,0.0,0.0,True,-1,True
uniform_positive,256,20260913,global,0.55,1.0,1.0,0.0,1.0,0.9999999999999999,0.0,0.0,1.2426321184651679,1.1102230246251565e-16,nan,0.0,0.0,True,-1,True
uniform_positive,256,20260913,global,0.575,1.0,1.0,0.0,1.0,0.9999999999999999,0.0,0.0,1.0996137893821687,1.1102230246251565e-16,nan,0.0,0.0,True,-1,True
uniform_positive,256,20260913,global,0.6,1.0,1.0,0.0,1.0,0.9999999999999999,0.0,0.0,1.1967867537135746,1.1102230246251565e-16,nan,0.0,0.0,True,-1,True
uniform_positive,256,20260913,local,0.0,1.0,1.0,0.0,0.04322818836938614,0.010808367410425387,1.4818946504818262,0.36574128877120826,0.5776555200627694,4.440892098500626e-16,0.6727524020798379,0.0,0.0,True,-1,False
uniform_positive,256,20260913,local,0.4,1.0,1.0,0.0,0.8122073529770073,0.09336371817007456,0.263832116237541,0.005027557792310648,0.8087273054138185,4.440892098500626e-16,0.20024094677695337,0.0,0.0,True,-1,False
uniform_positive,256,20260913,local,0.425,1.0,1.0,0.0,0.8126145098020423,0.11409224604660856,0.2584327173923061,0.005356557956664563,0.7804338454166521,4.440892098500626e-16,-0.024907807778027126,0.0,0.0,True,-1,False
uniform_positive,256,20260913,local,0.45,1.0,1.0,0.0,0.824241811903713,0.1381828663404297,0.24115346865519852,0.0037829362207154023,0.7773569488159912,4.440892098500626e-16,0.03304311791459707,0.0,0.0,True,-1,False
uniform_positive,256,20260913,local,0.475,1.0,1.0,0.0,0.9576118084937257,0.7080327042212924,0.058858256861772165,5.9775103576160286e-06,0.9480900397269822,4.440892098500626e-16,-0.15985591683444791,0.0,0.0,True,-1,True
uniform_positive,256,20260913,local,0.5,1.0,1.0,0.0,1.0,0.9999999999999999,0.0,0.0,1.1011043302468986,1.1102230246251565e-16,0.19487838379552053,0.0,0.0,True,-1,True
uniform_positive,256,20260913,local,0.525,1.0,1.0,0.0,1.0,0.9999999999999999,0.0,0.0,1.091977433097899,1.1102230246251565e-16,0.0023987684950101513,0.0,0.0,True,-1,True
uniform_positive,256,20260913,local,0.55,1.0,1.0,0.0,1.0,0.9999999999999999,0.0,0.0,1.125793741597266,1.1102230246251565e-16,0.3061120296374559,0.0,0.0,True,-1,True
uniform_positive,256,20260913,local,0.575,1.0,1.0,0.0,1.0,0.9999999999999999,0.0,0.0,1.2272916752063385,1.1102230246251565e-16,-0.18577844555993034,0.0,0.0,True,-1,True
uniform_positive,256,20260913,local,0.6,1.0,1.0,0.0,1.0,0.9999999999999999,0.0,0.0,1.2544357588185078,1.1102230246251565e-16,-0.06430772520524507,0.0,0.0,True,-1,True
uniform_positive,256,20260914,global,0.0,1.0,1.0,0.0,0.042136232287595235,0.010263670848354509,1.4833992923646087,0.3638087067126348,0.573336648343365,4.440892098500626e-16,nan,0.0,0.0,True,-1,False
uniform_positive,256,20260914,global,0.4,1.0,1.0,0.0,0.6943477271337314,0.047831728380161254,0.43601002830841024,0.030787340416159176,0.6854302352244409,4.440892098500626e-16,nan,0.0,0.0,True,-1,False
uniform_positive,256,20260914,global,0.425,1.0,1.0,0.0,0.7962985403447566,0.10558220522427213,0.28118021790234116,0.006746737311848055,0.7714283936271705,4.440892098500626e-16,nan,0.0,0.0,True,-1,False
uniform_positive,256,20260914,global,0.45,1.0,1.0,0.0,0.8165998947036619,0.09182835430348832,0.25431354378474047,0.00480992361533619,0.7973789026211231,4.440892098500626e-16,nan,0.0,0.0,True,-1,False
uniform_positive,256,20260914,global,0.475,1.0,1.0,0.0,0.9713330899765679,0.9100322508785732,0.0454561753180306,8.789239267328977e-09,1.0934489331772173,4.440892098500626e-16,nan,0.0,0.0,True,-1,True
uniform_positive,256,20260914,global,0.5,1.0,1.0,0.0,0.9553352186840971,0.673600762289352,0.09100551496597174,1.7295013591343047e-05,0.8901952183348696,4.440892098500626e-16,nan,0.0,0.0,True,-1,True
uniform_positive,256,20260914,global,0.525,1.0,1.0,0.0,1.0,0.9999999999999999,0.0,0.0,1.2160245884622563,1.1102230246251565e-16,nan,0.0,0.0,True,-1,True
uniform_positive,256,20260914,global,0.55,1.0,1.0,0.0,1.0,0.9999999999999999,0.0,0.0,1.1881989048641917,1.1102230246251565e-16,nan,0.0,0.0,True,-1,True
uniform_positive,256,20260914,global,0.575,1.0,1.0,0.0,1.0,0.9999999999999999,0.0,0.0,1.0181787686924832,1.1102230246251565e-16,nan,0.0,0.0,True,-1,True
uniform_positive,256,20260914,global,0.6,1.0,1.0,0.0,1.0,0.9999999999999999,0.0,0.0,1.5166519567519727,1.1102230246251565e-16,nan,0.0,0.0,True,-1,True
uniform_positive,256,20260914,local,0.0,1.0,1.0,0.0,0.04064138753214787,0.010292404765093776,1.4869992074773852,0.36622967520439187,0.5778535864679499,4.440892098500626e-16,0.673946729386139,0.0,0.0,True,-1,False
uniform_positive,256,20260914,local,0.4,1.0,1.0,0.0,0.6944252008901325,0.06320856732477058,0.4277183982838422,0.051361309959945305,0.7093327965874329,4.440892098500626e-16,0.2606793715528674,0.0,0.0,True,-1,False
uniform_positive,256,20260914,local,0.425,1.0,1.0,0.0,0.8274798581027155,0.12172957013436422,0.23995992099562755,0.0024628980131351603,0.8076447211127507,4.440892098500626e-16,-0.24585437777839875,0.0,0.0,True,-1,False
uniform_positive,256,20260914,local,0.45,1.0,1.0,0.0,0.8663629595981892,0.22699792499321805,0.17476795987739713,0.001660462858219003,0.8495427744588244,4.440892098500626e-16,-0.12577318026533288,0.0,0.0,True,-1,False
uniform_positive,256,20260914,local,0.475,1.0,1.0,0.0,0.790538320960755,0.09098087044914246,0.29065577343251064,0.008961028142929931,0.7379281129868955,4.440892098500626e-16,0.037554048486745435,0.0,0.0,True,-1,False
uniform_positive,256,20260914,local,0.5,1.0,1.0,0.0,1.0,0.9999999999999999,0.0,0.0,1.066407549299614,1.1102230246251565e-16,-0.012348994455790298,0.0,0.0,True,-1,True
uniform_positive,256,20260914,local,0.525,1.0,1.0,0.0,1.0,0.9999999999999999,0.0,0.0,1.0851718588900336,1.1102230246251565e-16,-0.33872088564173264,0.0,0.0,True,-1,True
uniform_positive,256,20260914,local,0.55,1.0,1.0,0.0,1.0,0.9999999999999999,0.0,0.0,1.1737550537963746,1.1102230246251565e-16,-0.1827090462560451,0.0,0.0,True,-1,True
uniform_positive,256,20260914,local,0.575,1.0,1.0,0.0,1.0,0.9999999999999999,0.0,0.0,1.2118762894295905,1.1102230246251565e-16,-0.18503786339863915,0.0,0.0,True,-1,True
uniform_positive,256,20260914,local,0.6,1.0,1.0,0.0,1.0,0.9999999999999999,0.0,0.0,1.07680715238451,1.1102230246251565e-16,-0.479500077641227,0.0,0.0,True,-1,True
uniform_positive,256,20260915,global,0.0,1.0,1.0,0.0,0.040618612669075446,0.008166297937064334,1.488659382910804,0.3674176311859165,0.5818252637061022,4.440892098500626e-16,nan,0.0,0.0,True,-1,False
uniform_positive,256,20260915,global,0.4,1.0,1.0,0.0,0.7713559409594883,0.06899438894667195,0.31993488338154974,0.010323474936274845,0.7309794763471521,4.440892098500626e-16,nan,0.0,0.0,True,-1,False
uniform_positive,256,20260915,global,0.425,1.0,1.0,0.0,0.8110016357605768,0.1047370569358624,0.26046073751336457,0.0041200328921248116,0.8159132375489004,4.440892098500626e-16,nan,0.0,0.0,True,-1,False
uniform_positive,256,20260915,global,0.45,1.0,1.0,0.0,0.8856494332739914,0.1972897990928152,0.1571090076454887,0.0006014876687123047,0.8594041630482752,4.440892098500626e-16,nan,0.0,0.0,True,-1,False
uniform_positive,256,20260915,global,0.475,1.0,1.0,0.0,1.0,0.9999999999999999,0.0,0.0,1.0312176422036643,2.220446049250313e-16,nan,0.0,0.0,True,-1,True
uniform_positive,256,20260915,global,0.5,1.0,1.0,0.0,1.0,0.9999999999999999,0.0,0.0,0.961342231784831,1.1102230246251565e-16,nan,0.0,0.0,True,-1,True
uniform_positive,256,20260915,global,0.525,1.0,1.0,0.0,1.0,0.9999999999999999,0.0,0.0,0.9728957445377953,1.1102230246251565e-16,nan,0.0,0.0,True,-1,True
uniform_positive,256,20260915,global,0.55,1.0,1.0,0.0,1.0,0.9999999999999999,0.0,0.0,1.1690683238647552,1.1102230246251565e-16,nan,0.0,0.0,True,-1,True
uniform_positive,256,20260915,global,0.575,1.0,1.0,0.0,1.0,0.9999999999999999,0.0,0.0,1.5070902588036241,1.1102230246251565e-16,nan,0.0,0.0,True,-1,True
uniform_positive,256,20260915,global,0.6,1.0,1.0,0.0,1.0,0.9999999999999999,0.0,0.0,1.3674029820947595,1.1102230246251565e-16,nan,0.0,0.0,True,-1,True
uniform_positive,256,20260915,local,0.0,1.0,1.0,0.0,0.04280680050986155,0.010276855865892874,1.4843412797421565,0.3661332406999378,0.5762347403439503,4.440892098500626e-16,0.6753318257257982,0.0,0.0,True,-1,False
uniform_positive,256,20260915,local,0.4,1.0,1.0,0.0,0.7293371573681104,0.07261892185702751,0.3806874144502599,0.019681017462796525,0.6965672487362342,4.440892098500626e-16,0.11730903768169766,0.0,0.0,True,-1,False
uniform_positive,256,20260915,local,0.425,1.0,1.0,0.0,0.7702959114916835,0.07792302545089179,0.31896259378721586,0.014750517452998765,0.7504758310675717,4.440892098500626e-16,0.17988948067725857,0.0,0.0,True,-1,False
uniform_positive,256,20260915,local,0.45,1.0,1.0,0.0,0.8487817061165605,0.10939120126934834,0.20871720368082508,0.004270757254579159,0.8355096061563617,4.440892098500626e-16,-0.06580886385299055,0.0,0.0,True,-1,False
uniform_positive,256,20260915,local,0.475,1.0,1.0,0.0,0.9753337213967386,0.932699867871739,0.033621191122788406,2.0154849730466813e-06,1.0123709373542336,4.440892098500626e-16,0.32074133149166084,0.0,0.0,True,-1,True
uniform_positive,256,20260915,local,0.5,1.0,1.0,0.0,0.9301104025899085,0.4038651329603907,0.09531676182194686,4.004969264636552e-05,0.8745402512182817,4.440892098500626e-16,0.258169323948022,0.0,0.0,True,-1,False
uniform_positive,256,20260915,local,0.525,1.0,1.0,0.0,1.0,0.9999999999999999,0.0,0.0,1.1976968474380432,1.1102230246251565e-16,0.08982893548732418,0.0,0.0,True,-1,True
uniform_positive,256,20260915,local,0.55,1.0,1.0,0.0,1.0,0.9999999999999999,0.0,0.0,0.9684159643661144,1.1102230246251565e-16,0.05388215536263743,0.0,0.0,True,-1,True
uniform_positive,256,20260915,local,0.575,1.0,1.0,0.0,1.0,0.9999999999999999,0.0,0.0,1.1822949247143704,1.1102230246251565e-16,-0.6292843250381888,0.0,0.0,True,-1,True
uniform_positive,256,20260915,local,0.6,1.0,1.0,0.0,1.0,0.9999999999999999,0.0,0.0,1.3318469460361448,1.1102230246251565e-16,-0.3266676035956928,0.0,0.0,True,-1,True
uniform_positive,256,20260916,global,0.0,1.0,1.0,0.0,0.04157777727620005,0.008938062320942578,1.4878766106354209,0.36634542933613934,0.5778393324560122,4.440892098500626e-16,nan,0.0,0.0,True,-1,False
uniform_positive,256,20260916,global,0.4,1.0,1.0,0.0,0.7275290696316274,0.06865969481615007,0.38099941489675687,0.03250454935838487,0.7304379631263088,4.440892098500626e-16,nan,0.0,0.0,True,-1,False
uniform_positive,256,20260916,global,0.425,1.0,1.0,0.0,0.7373483186710311,0.06049406062905196,0.3709404187731375,0.01813914547610187,0.7289459270582541,4.440892098500626e-16,nan,0.0,0.0,True,-1,False
uniform_positive,256,20260916,global,0.45,1.0,1.0,0.0,0.8938018315432388,0.20820638779250522,0.14496877452163737,0.0003463711252024444,0.878979440382285,4.440892098500626e-16,nan,0.0,0.0,True,-1,False
uniform_positive,256,20260916,global,0.475,1.0,1.0,0.0,0.8226704497742469,0.1454922153558664,0.2441155781976019,0.005762423216259905,0.7658315202079231,4.440892098500626e-16,nan,0.0,0.0,True,-1,False
uniform_positive,256,20260916,global,0.5,1.0,1.0,0.0,1.0,0.9999999999999999,0.0,0.0,0.9974262322879823,1.1102230246251565e-16,nan,0.0,0.0,True,-1,True
uniform_positive,256,20260916,global,0.525,1.0,1.0,0.0,1.0,0.9999999999999999,0.0,0.0,1.1330030852020236,1.1102230246251565e-16,nan,0.0,0.0,True,-1,True
uniform_positive,256,20260916,global,0.55,1.0,1.0,0.0,1.0,0.9999999999999999,0.0,0.0,1.1616829488685592,1.1102230246251565e-16,nan,0.0,0.0,True,-1,True
uniform_positive,256,20260916,global,0.575,1.0,1.0,0.0,1.0,0.9999999999999999,0.0,0.0,1.1180064606446969,1.1102230246251565e-16,nan,0.0,0.0,True,-1,True
uniform_positive,256,20260916,global,0.6,1.0,1.0,0.0,1.0,0.9999999999999999,0.0,0.0,1.0614431709079903,1.1102230246251565e-16,nan,0.0,0.0,True,-1,True
uniform_positive,256,20260916,local,0.0,1.0,1.0,0.0,0.04191101221958417,0.009957311273013665,1.4847620177813272,0.36591839258002345,0.5790771807391775,4.440892098500626e-16,0.5798824216081584,0.0,0.0,True,-1,False
uniform_positive,256,20260916,local,0.4,1.0,1.0,0.0,0.7623807159915291,0.09063077604387407,0.33149036511996804,0.008427639311801028,0.7338491073049209,4.440892098500626e-16,0.10236099576210422,0.0,0.0,True,-1,False
uniform_positive,256,20260916,local,0.425,1.0,1.0,0.0,0.7702995258386304,0.09176769751145997,0.3172472335905927,0.015596791153462072,0.7302208357815341,4.440892098500626e-16,0.06556138358232642,0.0,0.0,True,-1,False
uniform_positive,256,20260916,local,0.45,1.0,1.0,0.0,0.8178369383534507,0.10751804940017429,0.25189118361915713,0.005594423878018477,0.7988399837062272,4.440892098500626e-16,0.13375712850262256,0.0,0.0,True,-1,False
uniform_positive,256,20260916,local,0.475,1.0,1.0,0.0,0.9457852708572709,0.5152554013093964,0.07273923349655848,3.497072675183787e-05,0.935992386058333,4.440892098500626e-16,-0.01974001753727082,0.0,0.0,True,-1,True
uniform_positive,256,20260916,local,0.5,1.0,1.0,0.0,1.0,0.9999999999999999,0.0,0.0,0.9868282966511909,1.1102230246251565e-16,0.32306592335354334,0.0,0.0,True,-1,True
uniform_positive,256,20260916,local,0.525,1.0,1.0,0.0,1.0,0.9999999999999999,0.0,0.0,0.9966518890531062,1.1102230246251565e-16,0.1340652465599679,0.0,0.0,True,-1,True
uniform_positive,256,20260916,local,0.55,1.0,1.0,0.0,1.0,0.9999999999999999,0.0,0.0,1.1027734436009635,1.1102230246251565e-16,-0.029342155323854445,0.0,0.0,True,-1,True
uniform_positive,256,20260916,local,0.575,1.0,1.0,0.0,1.0,0.9999999999999999,0.0,0.0,1.3617318053986653,1.1102230246251565e-16,-0.11972093942280466,0.0,0.0,True,-1,True
uniform_positive,256,20260916,local,0.6,1.0,1.0,0.0,1.0,0.9999999999999999,0.0,0.0,1.2947938087954771,1.1102230246251565e-16,-0.4473442414819049,0.0,0.0,True,-1,True
uniform_positive,256,20260917,global,0.0,1.0,1.0,0.0,0.04302929647986751,0.00929819606146312,1.483738266596573,0.36594653582931747,0.578876369948512,4.440892098500626e-16,nan,0.0,0.0,True,-1,False
uniform_positive,256,20260917,global,0.4,1.0,1.0,0.0,0.7629951548097128,0.06505483725891725,0.331837122359915,0.017314993677309713,0.7571655568779301,4.440892098500626e-16,nan,0.0,0.0,True,-1,False
uniform_positive,256,20260917,global,0.425,1.0,1.0,0.0,0.7881462829412191,0.0839536645117426,0.29335662930720036,0.007807048796976761,0.7621395975771195,4.440892098500626e-16,nan,0.0,0.0,True,-1,False
uniform_positive,256,20260917,global,0.45,1.0,1.0,0.0,0.9160824800223146,0.3070358746277007,0.11450407413414058,0.000338082846085139,0.873325470553666,4.440892098500626e-16,nan,0.0,0.0,True,-1,False
uniform_positive,256,20260917,global,0.475,1.0,1.0,0.0,0.8323095275254846,0.11089052033411012,0.23387316993024918,0.0012183735602898154,0.769301496945109,4.440892098500626e-16,nan,0.0,0.0,True,-1,False
uniform_positive,256,20260917,global,0.5,1.0,1.0,0.0,0.9986355148495335,0.9998074796076808,0.001660782821343497,0.0,1.0280953763412666,4.440892098500626e-16,nan,0.0,0.0,True,-1,True
uniform_positive,256,20260917,global,0.525,1.0,1.0,0.0,1.0,0.9999999999999999,0.0,0.0,0.9368031810616031,1.1102230246251565e-16,nan,0.0,0.0,True,-1,True
uniform_positive,256,20260917,global,0.55,1.0,1.0,0.0,1.0,0.9999999999999999,0.0,0.0,1.123321206288508,1.1102230246251565e-16,nan,0.0,0.0,True,-1,True
uniform_positive,256,20260917,global,0.575,1.0,1.0,0.0,1.0,0.9999999999999999,0.0,0.0,1.1780805888030372,1.1102230246251565e-16,nan,0.0,0.0,True,-1,True
uniform_positive,256,20260917,global,0.6,1.0,1.0,0.0,1.0,0.9999999999999999,0.0,0.0,1.3553294293051474,1.1102230246251565e-16,nan,0.0,0.0,True,-1,True
uniform_positive,256,20260917,local,0.0,1.0,1.0,0.0,0.04247653777584885,0.009883623720432623,1.4842308847738628,0.36582695720096436,0.5796591377239371,4.440892098500626e-16,0.6323476670765349,0.0,0.0,True,-1,False
uniform_positive,256,20260917,local,0.4,1.0,1.0,0.0,0.7494476270010746,0.0734480569193866,0.3508255472783975,0.018498900931036823,0.7218032901376745,4.440892098500626e-16,-0.026139652531377164,0.0,0.0,True,-1,False
uniform_positive,256,20260917,local,0.425,1.0,1.0,0.0,0.8800182785112959,0.17896955286761818,0.16213857566433582,0.0012858225707044267,0.8999299655756998,4.440892098500626e-16,0.08157908423859976,0.0,0.0,True,-1,False
uniform_positive,256,20260917,local,0.45,1.0,1.0,0.0,0.8379468193124737,0.11840822884767978,0.22689164873332418,0.0009880649646966853,0.8056474409117527,4.440892098500626e-16,0.11363628470032018,0.0,0.0,True,-1,False
uniform_positive,256,20260917,local,0.475,1.0,1.0,0.0,0.8314681500301004,0.10083925088464779,0.23683309534194705,0.0009054123037964321,0.8012319879075609,4.440892098500626e-16,0.39147551903025285,0.0,0.0,True,-1,False
uniform_positive,256,20260917,local,0.5,1.0,1.0,0.0,0.9797873515598927,0.9416939954932849,0.025886219612260206,1.5249886684040373e-07,0.9627558354453682,4.440892098500626e-16,-0.24520097291049217,0.0,0.0,True,-1,True
uniform_positive,256,20260917,local,0.525,1.0,1.0,0.0,1.0,0.9999999999999999,0.0,0.0,1.1968227513390297,1.1102230246251565e-16,0.01409261487078921,0.0,0.0,True,-1,True
uniform_positive,256,20260917,local,0.55,1.0,1.0,0.0,1.0,0.9999999999999999,0.0,0.0,1.1451397318515402,1.1102230246251565e-16,0.05475277278211418,0.0,0.0,True,-1,True
uniform_positive,256,20260917,local,0.575,1.0,1.0,0.0,1.0,0.9999999999999999,0.0,0.0,1.1022526714101613,1.1102230246251565e-16,-0.19559838341553074,0.0,0.0,True,-1,True
uniform_positive,256,20260917,local,0.6,1.0,1.0,0.0,1.0,0.9999999999999999,0.0,0.0,1.330435555810173,1.1102230246251565e-16,0.17281364087024095,0.0,0.0,True,-1,True
uniform_positive,256,20260918,global,0.0,1.0,1.0,0.0,0.042530762364395173,0.010097556412990904,1.4831457656377927,0.36595314441918214,0.5792641574417348,4.440892098500626e-16,nan,0.0,0.0,True,-1,False
uniform_positive,256,20260918,global,0.4,1.0,1.0,0.0,0.8307872447773277,0.0996365163546381,0.23650702580803676,0.0023735185744568474,0.863187369275006,4.440892098500626e-16,nan,0.0,0.0,True,-1,False
uniform_positive,256,20260918,global,0.425,1.0,1.0,0.0,0.7595620589103542,0.07200578379386346,0.3331335601956027,0.016378422591820867,0.7369852583026837,4.440892098500626e-16,nan,0.0,0.0,True,-1,False
uniform_positive,256,20260918,global,0.45,1.0,1.0,0.0,0.8613851839937053,0.2016976426828325,0.18371288727157656,0.0042170331434541256,0.8100974295993456,4.440892098500626e-16,nan,0.0,0.0,True,-1,False
uniform_positive,256,20260918,global,0.475,1.0,1.0,0.0,0.9757393719331446,0.8728740297815791,0.029825939585705973,2.4884653042628554e-08,1.0047283047876459,4.440892098500626e-16,nan,0.0,0.0,True,-1,True
uniform_positive,256,20260918,global,0.5,1.0,1.0,0.0,0.9069122407182588,0.20284944300928717,0.12961326403390183,0.00014429385196758668,0.8791515274184004,4.440892098500626e-16,nan,0.0,0.0,True,-1,False
uniform_positive,256,20260918,global,0.525,1.0,1.0,0.0,1.0,0.9999999999999999,0.0,0.0,1.0717192241769635,1.1102230246251565e-16,nan,0.0,0.0,True,-1,True
uniform_positive,256,20260918,global,0.55,1.0,1.0,0.0,1.0,0.9999999999999999,0.0,0.0,1.306392941853435,1.1102230246251565e-16,nan,0.0,0.0,True,-1,True
uniform_positive,256,20260918,global,0.575,1.0,1.0,0.0,1.0,0.9999999999999999,0.0,0.0,1.2514534367060342,1.1102230246251565e-16,nan,0.0,0.0,True,-1,True
uniform_positive,256,20260918,global,0.6,1.0,1.0,0.0,1.0,0.9999999999999999,0.0,0.0,1.1381828784753876,1.1102230246251565e-16,nan,0.0,0.0,True,-1,True
uniform_positive,256,20260918,local,0.0,1.0,1.0,0.0,0.043963042767761806,0.01027819403066325,1.4819235162619202,0.3654729446834373,0.5747105327307008,4.440892098500626e-16,0.5959743489956133,0.0,0.0,True,-1,False
uniform_positive,256,20260918,local,0.4,1.0,1.0,0.0,0.7922226929153147,0.08939882485288386,0.2878358254453829,0.011243925809790545,0.7719501204921932,4.440892098500626e-16,-0.2640627855901583,0.0,0.0,True,-1,False
uniform_positive,256,20260918,local,0.425,1.0,1.0,0.0,0.6726170465794581,0.05253933563722032,0.46307211218445915,0.05214549821568196,0.6780182401579923,4.440892098500626e-16,0.017540189814407872,0.0,0.0,True,-1,False
uniform_positive,256,20260918,local,0.45,1.0,1.0,0.0,0.8338747370117564,0.24647770969830557,0.21125433348128037,0.00632195480494309,0.8293462915150986,4.440892098500626e-16,-0.2966013077713735,0.0,0.0,True,-1,False
uniform_positive,256,20260918,local,0.475,1.0,1.0,0.0,1.0,0.9999999999999999,0.0,0.0,0.9111313381329204,1.1102230246251565e-16,-0.15603601015168558,0.0,0.0,True,-1,True
uniform_positive,256,20260918,local,0.5,1.0,1.0,0.0,0.9968999019542734,0.9996769411178744,0.0,0.0,0.9826541427518191,3.3306690738754696e-16,-0.35878101917119126,0.0,0.0,True,-1,True
uniform_positive,256,20260918,local,0.525,1.0,1.0,0.0,1.0,0.9999999999999999,0.0,0.0,0.9527352626867155,1.1102230246251565e-16,-0.4816935960343156,0.0,0.0,True,-1,True
uniform_positive,256,20260918,local,0.55,1.0,1.0,0.0,1.0,0.9999999999999999,0.0,0.0,1.2777960263261572,1.1102230246251565e-16,-0.48496018981257083,0.0,0.0,True,-1,True
uniform_positive,256,20260918,local,0.575,1.0,1.0,0.0,1.0,0.9999999999999999,0.0,0.0,1.3265373134645277,1.1102230246251565e-16,-1.193963707510764,0.0,0.0,True,-1,True
uniform_positive,256,20260918,local,0.6,1.0,1.0,0.0,1.0,0.9999999999999999,0.0,0.0,1.2685856479865874,1.1102230246251565e-16,-1.2284638473311336,0.0,0.0,True,-1,True
uniform_positive,256,20260919,global,0.0,1.0,1.0,0.0,0.042377222844574396,0.010365072864753019,1.4828469041322279,0.36425290952447287,0.5742948144574749,4.440892098500626e-16,nan,0.0,0.0,True,-1,False
uniform_positive,256,20260919,global,0.4,1.0,1.0,0.0,0.7220010984456418,0.059847893518616795,0.3903537994625173,0.028458149122510386,0.7121939301580015,4.440892098500626e-16,nan,0.0,0.0,True,-1,False
uniform_positive,256,20260919,global,0.425,1.0,1.0,0.0,0.8006740363800536,0.08116139817479141,0.27959734374229606,0.008137605625102639,0.7620396466231814,4.440892098500626e-16,nan,0.0,0.0,True,-1,False
uniform_positive,256,20260919,global,0.45,1.0,1.0,0.0,0.8313380197356157,0.12813547143708667,0.2327332505547774,0.0028810680694438765,0.8319522600437317,4.440892098500626e-16,nan,0.0,0.0,True,-1,False
uniform_positive,256,20260919,global,0.475,1.0,1.0,0.0,0.911347675395765,0.3019199869336926,0.12084997656219253,2.5513136867906162e-06,0.9419339630938082,4.440892098500626e-16,nan,0.0,0.0,True,-1,False
uniform_positive,256,20260919,global,0.5,1.0,1.0,0.0,0.9944506973725047,0.9998609829682026,0.006811112505467135,2.5174590810198638e-08,0.9596846517298374,3.3306690738754696e-16,nan,0.0,0.0,True,-1,True
uniform_positive,256,20260919,global,0.525,1.0,1.0,0.0,1.0,0.9999999999999999,0.0,0.0,0.9964076791469373,1.1102230246251565e-16,nan,0.0,0.0,True,-1,True
uniform_positive,256,20260919,global,0.55,1.0,1.0,0.0,1.0,0.9999999999999999,0.0,0.0,1.0757475686754596,1.1102230246251565e-16,nan,0.0,0.0,True,-1,True
uniform_positive,256,20260919,global,0.575,1.0,1.0,0.0,1.0,0.9999999999999999,0.0,0.0,1.0869932044860182,1.1102230246251565e-16,nan,0.0,0.0,True,-1,True
uniform_positive,256,20260919,global,0.6,1.0,1.0,0.0,1.0,0.9999999999999999,0.0,0.0,1.3079003978305033,1.1102230246251565e-16,nan,0.0,0.0,True,-1,True
uniform_positive,256,20260919,local,0.0,1.0,1.0,0.0,0.042747666392521526,0.010867244129813148,1.4846062529857518,0.36547326649728995,0.5783937515640516,4.440892098500626e-16,0.5732125903332094,0.0,0.0,True,-1,False
uniform_positive,256,20260919,local,0.4,1.0,1.0,0.0,0.7652851356370028,0.09256026460260494,0.3289601507518962,0.01009292352353186,0.7855982203601813,4.440892098500626e-16,-0.054868509567123115,0.0,0.0,True,-1,False
uniform_positive,256,20260919,local,0.425,1.0,1.0,0.0,0.7363008634541408,0.06025074344841547,0.3682830790930657,0.02680081577623422,0.703038674864421,4.440892098500626e-16,0.1188725220345275,0.0,0.0,True,-1,False
uniform_positive,256,20260919,local,0.45,1.0,1.0,0.0,0.9222635524940811,0.27005005442532093,0.10580107737695184,5.404615580706208e-05,0.9514956153081827,4.440892098500626e-16,0.10921684151596778,0.0,0.0,True,-1,False
uniform_positive,256,20260919,local,0.475,1.0,1.0,0.0,0.9909295803540001,0.9765917112667472,0.01088339194625523,3.808640096292706e-08,0.9825556598717234,4.440892098500626e-16,0.008333267708542483,0.0,0.0,True,-1,True
uniform_positive,256,20260919,local,0.5,1.0,1.0,0.0,0.9947165644523045,0.9992268862037522,0.005957187066602055,8.646599788951997e-12,0.9993413069254258,4.440892098500626e-16,0.05761851847394897,0.0,0.0,True,-1,True
uniform_positive,256,20260919,local,0.525,1.0,1.0,0.0,1.0,0.9999999999999999,0.0,0.0,1.00346022727381,1.1102230246251565e-16,0.04952709185896901,0.0,0.0,True,-1,True
uniform_positive,256,20260919,local,0.55,1.0,1.0,0.0,1.0,0.9999999999999999,0.0,0.0,1.0879334778048073,1.1102230246251565e-16,0.06171364342720734,0.0,0.0,True,-1,True
uniform_positive,256,20260919,local,0.575,1.0,1.0,0.0,1.0,0.9999999999999999,0.0,0.0,1.1304872357290772,1.1102230246251565e-16,-0.20059259346558295,0.0,0.0,True,-1,True
uniform_positive,256,20260919,local,0.6,1.0,1.0,0.0,1.0,0.9999999999999999,0.0,0.0,1.3288871171684797,1.1102230246251565e-16,-0.3070456017737728,0.0,0.0,True,-1,True
uniform_positive,512,20260910,global,0.0,1.0,1.0,0.0,0.02848732994975411,0.006421243521995741,1.5104620490757485,0.36678548964562496,0.5799328472124502,4.440892098500626e-16,nan,0.0,0.0,True,-1,False
uniform_positive,512,20260910,global,0.4,1.0,1.0,0.0,0.7059901964635785,0.05285389411327578,0.4156795390006681,0.03285683898565518,0.7165699315955065,4.440892098500626e-16,nan,0.0,0.0,True,-1,False
uniform_positive,512,20260910,global,0.425,1.0,1.0,0.0,0.797807326374935,0.09286933193454538,0.27921017704629025,0.010272707770010672,0.7777457135974788,4.440892098500626e-16,nan,0.0,0.0,True,-1,False
uniform_positive,512,20260910,global,0.45,1.0,1.0,0.0,0.8184109437962286,0.11569780152884337,0.2496538587848097,0.007948053529069188,0.8270127031525782,4.440892098500626e-16,nan,0.0,0.0,True,-1,False
uniform_positive,512,20260910,global,0.475,1.0,1.0,0.0,0.8704276467933783,0.20902515769878782,0.17342771189538617,0.0013169372153456187,0.808601040944448,4.440892098500626e-16,nan,0.0,0.0,True,-1,False
uniform_positive,512,20260910,global,0.5,1.0,1.0,0.0,0.9999999922279724,0.9999999999999998,0.0,0.0,1.0295861962466044,3.3306690738754696e-16,nan,0.0,0.0,True,-1,True
uniform_positive,512,20260910,global,0.525,1.0,1.0,0.0,1.0,0.9999999999999999,0.0,0.0,1.0625983596738269,1.1102230246251565e-16,nan,0.0,0.0,True,-1,True
uniform_positive,512,20260910,global,0.55,1.0,1.0,0.0,1.0,0.9999999999999999,0.0,0.0,0.9847159248015269,1.1102230246251565e-16,nan,0.0,0.0,True,-1,True
uniform_positive,512,20260910,global,0.575,1.0,1.0,0.0,1.0,0.9999999999999999,0.0,0.0,1.2669760999709148,1.1102230246251565e-16,nan,0.0,0.0,True,-1,True
uniform_positive,512,20260910,global,0.6,1.0,1.0,0.0,1.0,0.9999999999999999,0.0,0.0,1.0961398229216766,1.1102230246251565e-16,nan,0.0,0.0,True,-1,True
uniform_positive,512,20260910,local,0.0,1.0,1.0,0.0,0.02950307676063818,0.006445917070615281,1.5104557915016283,0.364832917257936,0.5769453253394383,4.440892098500626e-16,0.5490410926320968,0.0,0.0,True,-1,False
uniform_positive,512,20260910,local,0.4,1.0,1.0,0.0,0.7930831148643542,0.09901327235794141,0.28863877191949666,0.00683326185921327,0.7890108292628695,4.440892098500626e-16,0.30431559142912934,0.0,0.0,True,-1,False
uniform_positive,512,20260910,local,0.425,1.0,1.0,0.0,0.7871299719133897,0.12001619373492643,0.2880088528233615,0.018510728537912437,0.7793813965143604,4.440892098500626e-16,0.3619537827820214,0.0,0.0,True,-1,False
uniform_positive,512,20260910,local,0.45,1.0,1.0,0.0,0.9032187020464298,0.31785514496332545,0.12910972480238248,0.00018913498091391952,0.9052354014347517,4.440892098500626e-16,-0.07004831207674724,0.0,0.0,True,-1,False
uniform_positive,512,20260910,local,0.475,1.0,1.0,0.0,0.9997323748434742,0.9999987172103426,0.00023678356837439563,6.928613908246885e-14,1.1052640568239314,4.440892098500626e-16,0.31669991141705134,0.0,0.0,True,-1,True
uniform_positive,512,20260910,local,0.5,1.0,1.0,0.0,1.0,0.9999999999999999,0.0,0.0,0.9763427428194951,1.1102230246251565e-16,0.2155962546421608,0.0,0.0,True,-1,True
uniform_positive,512,20260910,local,0.525,1.0,1.0,0.0,0.9999999863771889,0.9999999999971871,3.0567889686716754e-07,0.0,1.1635883536945995,3.3306690738754696e-16,0.19990966633841678,0.0,0.0,True,-1,True
uniform_positive,512,20260910,local,0.55,1.0,1.0,0.0,1.0,0.9999999999999999,0.0,0.0,1.0235904816321948,1.1102230246251565e-16,0.09046387616489235,0.0,0.0,True,-1,True
uniform_positive,512,20260910,local,0.575,1.0,1.0,0.0,1.0,0.9999999999999999,0.0,0.0,1.1877355614620733,1.1102230246251565e-16,-0.02188488455479208,0.0,0.0,True,-1,True
uniform_positive,512,20260910,local,0.6,1.0,1.0,0.0,1.0,0.9999999999999999,0.0,0.0,1.342696857902367,1.1102230246251565e-16,-0.16990896276455072,0.0,0.0,True,-1,True
uniform_positive,512,20260911,global,0.0,1.0,1.0,0.0,0.030339398594992524,0.006944253591679609,1.5082231840771994,0.3663171593355164,0.5802016487684432,4.440892098500626e-16,nan,0.0,0.0,True,-1,False
uniform_positive,512,20260911,global,0.4,1.0,1.0,0.0,0.8212896363142185,0.11544993917575064,0.2450892686934726,0.003918936059574234,0.8441294491090015,4.440892098500626e-16,nan,0.0,0.0,True,-1,False
uniform_positive,512,20260911,global,0.425,1.0,1.0,0.0,0.8988426319396181,0.22675839734752126,0.14078780392605164,3.7928553529292436e-05,0.9264245849984016,4.440892098500626e-16,nan,0.0,0.0,True,-1,False
uniform_positive,512,20260911,global,0.45,1.0,1.0,0.0,0.9489548931351488,0.6215604733606139,0.0668425391761425,0.00011780256037761936,0.9673305096440755,4.440892098500626e-16,nan,0.0,0.0,True,-1,True
uniform_positive,512,20260911,global,0.475,1.0,1.0,0.0,0.9341881519032564,0.30987484545372884,0.09315268633677963,3.771742935637335e-07,0.9056961653797688,4.440892098500626e-16,nan,0.0,0.0,True,-1,False
uniform_positive,512,20260911,global,0.5,1.0,1.0,0.0,1.0,0.9999999999999999,0.0,0.0,1.1408657782079894,1.1102230246251565e-16,nan,0.0,0.0,True,-1,True
uniform_positive,512,20260911,global,0.525,1.0,1.0,0.0,1.0,0.9999999999999999,0.0,0.0,0.997575852326398,1.1102230246251565e-16,nan,0.0,0.0,True,-1,True
uniform_positive,512,20260911,global,0.55,1.0,1.0,0.0,1.0,0.9999999999999999,0.0,0.0,1.2113881647952809,1.1102230246251565e-16,nan,0.0,0.0,True,-1,True
uniform_positive,512,20260911,global,0.575,1.0,1.0,0.0,1.0,0.9999999999999999,0.0,0.0,1.150703368927997,1.1102230246251565e-16,nan,0.0,0.0,True,-1,True
uniform_positive,512,20260911,global,0.6,1.0,1.0,0.0,1.0,0.9999999999999999,0.0,0.0,1.3070928458009003,1.1102230246251565e-16,nan,0.0,0.0,True,-1,True
uniform_positive,512,20260911,local,0.0,1.0,1.0,0.0,0.030258590352081442,0.007111737887069877,1.5070988262050102,0.36517072298286013,0.5786003291304975,4.440892098500626e-16,0.6249633271781797,0.0,0.0,True,-1,False
uniform_positive,512,20260911,local,0.4,1.0,1.0,0.0,0.8299536676668456,0.09917836857972219,0.23528440571116857,0.004593344945626842,0.8413209841790572,4.440892098500626e-16,0.4907101349785631,0.0,0.0,True,-1,False
uniform_positive,512,20260911,local,0.425,1.0,1.0,0.0,0.804130430679705,0.10585985942079693,0.27443829851733365,0.006879279027859817,0.7507146353344157,4.440892098500626e-16,0.3186928236928994,0.0,0.0,True,-1,False
uniform_positive,512,20260911,local,0.45,1.0,1.0,0.0,0.9025893197103572,0.2644827068938844,0.1329722718371152,0.0005365995960895074,0.9296602212961289,4.440892098500626e-16,0.03417410975689051,0.0,0.0,True,-1,False
uniform_positive,512,20260911,local,0.475,1.0,1.0,0.0,1.0,0.9999999999999999,0.0,0.0,0.8380771460047005,1.1102230246251565e-16,-0.20500553080062364,0.0,0.0,True,-1,True
uniform_positive,512,20260911,local,0.5,1.0,1.0,0.0,1.0,0.9999999999999999,0.0,0.0,1.0030130774900003,1.1102230246251565e-16,-0.06138962049721392,0.0,0.0,True,-1,True
uniform_positive,512,20260911,local,0.525,1.0,1.0,0.0,1.0,0.9999999999999999,0.0,0.0,1.0158420380609539,1.1102230246251565e-16,0.12218092853096299,0.0,0.0,True,-1,True
uniform_positive,512,20260911,local,0.55,1.0,1.0,0.0,1.0,0.9999999999999999,0.0,0.0,1.0933273737615916,1.1102230246251565e-16,-0.031957865379014405,0.0,0.0,True,-1,True
uniform_positive,512,20260911,local,0.575,1.0,1.0,0.0,1.0,0.9999999999999999,0.0,0.0,1.1186880700930582,1.1102230246251565e-16,-0.2616852585434199,0.0,0.0,True,-1,True
uniform_positive,512,20260911,local,0.6,1.0,1.0,0.0,1.0,0.9999999999999999,0.0,0.0,1.103895519065841,1.1102230246251565e-16,-0.19500951516540715,0.0,0.0,True,-1,True
uniform_positive,512,20260912,global,0.0,1.0,1.0,0.0,0.029707412274692164,0.007976981182544179,1.512228072271135,0.36665324382964226,0.5781086522130122,4.440892098500626e-16,nan,0.0,0.0,True,-1,False
uniform_positive,512,20260912,global,0.4,1.0,1.0,0.0,0.7218432493127266,0.06753771778006482,0.39288347715407973,0.024993682287437605,0.6957480733366407,4.440892098500626e-16,nan,0.0,0.0,True,-1,False
uniform_positive,512,20260912,global,0.425,1.0,1.0,0.0,0.8713901611738762,0.16668945788754955,0.17467537598743546,0.0015776846865786505,0.8671032008239627,4.440892098500626e-16,nan,0.0,0.0,True,-1,False
uniform_positive,512,20260912,global,0.45,1.0,1.0,0.0,0.7865096438112671,0.08078140079509069,0.30032469801982214,0.0013348771927856684,0.7338853912054842,4.440892098500626e-16,nan,0.0,0.0,True,-1,False
uniform_positive,512,20260912,global,0.475,1.0,1.0,0.0,0.855337935624967,0.19979271114410346,0.19020508767143782,0.0007883230678781582,0.7988590713361245,4.440892098500626e-16,nan,0.0,0.0,True,-1,False
uniform_positive,512,20260912,global,0.5,1.0,1.0,0.0,1.0,0.9999999999999999,0.0,0.0,0.9795941147481876,1.1102230246251565e-16,nan,0.0,0.0,True,-1,True
uniform_positive,512,20260912,global,0.525,1.0,1.0,0.0,1.0,0.9999999999999999,0.0,0.0,0.9598969012664935,1.1102230246251565e-16,nan,0.0,0.0,True,-1,True
uniform_positive,512,20260912,global,0.55,1.0,1.0,0.0,1.0,0.9999999999999999,0.0,0.0,1.3824574284475757,1.1102230246251565e-16,nan,0.0,0.0,True,-1,True
uniform_positive,512,20260912,global,0.575,1.0,1.0,0.0,1.0,0.9999999999999999,0.0,0.0,1.1419072759934674,1.1102230246251565e-16,nan,0.0,0.0,True,-1,True
uniform_positive,512,20260912,global,0.6,1.0,1.0,0.0,1.0,0.9999999999999999,0.0,0.0,1.176037329406228,1.1102230246251565e-16,nan,0.0,0.0,True,-1,True
uniform_positive,512,20260912,local,0.0,1.0,1.0,0.0,0.029907969665751696,0.007670042703612018,1.5099112996352615,0.36553949858427814,0.5780714439467884,4.440892098500626e-16,0.5579311930952041,0.0,0.0,True,-1,False
uniform_positive,512,20260912,local,0.4,1.0,1.0,0.0,0.757489275667327,0.09320766979334986,0.33640418560648283,0.017732798783380247,0.7125453656700407,4.440892098500626e-16,0.13083154936513322,0.0,0.0,True,-1,False
uniform_positive,512,20260912,local,0.425,1.0,1.0,0.0,0.7384596705343633,0.07709970477477804,0.3656231850771691,0.02220711821155509,0.7003439642136127,4.440892098500626e-16,-0.09166618169100815,0.0,0.0,True,-1,False
uniform_positive,512,20260912,local,0.45,1.0,1.0,0.0,0.8227422845416265,0.10910325416734008,0.24814550322855752,0.002086951414639434,0.7782146497843674,4.440892098500626e-16,0.09279063512749036,0.0,0.0,True,-1,False
uniform_positive,512,20260912,local,0.475,1.0,1.0,0.0,0.9999999999999991,0.9999999999999999,2.415005315725693e-10,0.0,1.0675767814669923,3.3306690738754696e-16,0.24431964257653452,0.0,0.0,True,-1,True
uniform_positive,512,20260912,local,0.5,1.0,1.0,0.0,0.9919018011609765,0.9562637620689757,2.000317578243482e-12,0.0,0.9480295472182821,4.440892098500626e-16,0.1307184164499436,0.0,0.0,True,-1,True
uniform_positive,512,20260912,local,0.525,1.0,1.0,0.0,1.0,0.9999999999999999,0.0,0.0,1.1483801047450908,1.1102230246251565e-16,0.06706171246595898,0.0,0.0,True,-1,True
uniform_positive,512,20260912,local,0.55,1.0,1.0,0.0,1.0,0.9999999999999999,0.0,0.0,1.0209584746451066,1.1102230246251565e-16,-0.385363268899288,0.0,0.0,True,-1,True
uniform_positive,512,20260912,local,0.575,1.0,1.0,0.0,1.0,0.9999999999999999,0.0,0.0,1.2849688752766002,1.1102230246251565e-16,-0.15718262875722153,0.0,0.0,True,-1,True
uniform_positive,512,20260912,local,0.6,1.0,1.0,0.0,1.0,0.9999999999999999,0.0,0.0,1.4436168939916005,1.1102230246251565e-16,-0.22120933373845442,0.0,0.0,True,-1,True
uniform_positive,512,20260913,global,0.0,1.0,1.0,0.0,0.029103524521949566,0.0063462638474516605,1.5096724964764008,0.364521810222324,0.5748161520292228,4.440892098500626e-16,nan,0.0,0.0,True,-1,False
uniform_positive,512,20260913,global,0.4,1.0,1.0,0.0,0.7710487785844279,0.09104759806140009,0.31671036874259095,0.016313654687023664,0.771834728611814,4.440892098500626e-16,nan,0.0,0.0,True,-1,False
uniform_positive,512,20260913,global,0.425,1.0,1.0,0.0,0.8474866154723611,0.1286982335394376,0.2085309673162006,0.0022993087686560398,0.8514732024101712,4.440892098500626e-16,nan,0.0,0.0,True,-1,False
uniform_positive,512,20260913,global,0.45,1.0,1.0,0.0,0.8456641753885904,0.15189108969795287,0.21121394279423017,0.0021038255659175005,0.8388529056392917,4.440892098500626e-16,nan,0.0,0.0,True,-1,False
uniform_positive,512,20260913,global,0.475,1.0,1.0,0.0,0.8542442723333808,0.14434298699812462,0.20338845352026924,0.0010573138493004165,0.7990879145777836,4.440892098500626e-16,nan,0.0,0.0,True,-1,False
uniform_positive,512,20260913,global,0.5,1.0,1.0,0.0,0.978846193406696,0.9596721333071377,0.029622060357629102,1.3717305025145183e-08,1.0192401242959248,4.440892098500626e-16,nan,0.0,0.0,True,-1,True
uniform_positive,512,20260913,global,0.525,1.0,1.0,0.0,1.0,0.9999999999999999,0.0,0.0,1.1119771833837673,1.1102230246251565e-16,nan,0.0,0.0,True,-1,True
uniform_positive,512,20260913,global,0.55,1.0,1.0,0.0,1.0,0.9999999999999999,0.0,0.0,0.9865623197103198,1.1102230246251565e-16,nan,0.0,0.0,True,-1,True
uniform_positive,512,20260913,global,0.575,1.0,1.0,0.0,1.0,0.9999999999999999,0.0,0.0,1.1012289957060872,1.1102230246251565e-16,nan,0.0,0.0,True,-1,True
uniform_positive,512,20260913,global,0.6,1.0,1.0,0.0,1.0,0.9999999999999999,0.0,0.0,1.2860969866427219,1.1102230246251565e-16,nan,0.0,0.0,True,-1,True
uniform_positive,512,20260913,local,0.0,1.0,1.0,0.0,0.028989406081332617,0.007185791044479274,1.5111123284584242,0.36547100159752427,0.5781285232138752,4.440892098500626e-16,0.601598718905252,0.0,0.0,True,-1,False
uniform_positive,512,20260913,local,0.4,1.0,1.0,0.0,0.7540708517854369,0.07896991622151953,0.3475680753902211,0.010565926354401043,0.7327688983760839,4.440892098500626e-16,0.17691116684040925,0.0,0.0,True,-1,False
uniform_positive,512,20260913,local,0.425,1.0,1.0,0.0,0.7736017777953126,0.07778386264309,0.3129451247827419,0.017338771537645667,0.7678541468535454,4.440892098500626e-16,-0.0341766382188787,0.0,0.0,True,-1,False
uniform_positive,512,20260913,local,0.45,1.0,1.0,0.0,0.9065987416883576,0.31540811692773724,0.12573894387661358,0.00017976952620669056,0.8954337341988168,4.440892098500626e-16,0.14421656613758302,0.0,0.0,True,-1,False
uniform_positive,512,20260913,local,0.475,1.0,1.0,0.0,0.9116651063125796,0.25718203181839633,0.11885969018000377,8.111075136410556e-06,0.9008997488607517,4.440892098500626e-16,0.05235500710708149,0.0,0.0,True,-1,False
uniform_positive,512,20260913,local,0.5,1.0,1.0,0.0,1.0,0.9999999999999999,0.0,0.0,1.0642269006073444,1.1102230246251565e-16,-0.053096161123532666,0.0,0.0,True,-1,True
uniform_positive,512,20260913,local,0.525,1.0,1.0,0.0,1.0,0.9999999999999999,0.0,0.0,0.914826371054451,1.1102230246251565e-16,-0.14275803626280487,0.0,0.0,True,-1,True
uniform_positive,512,20260913,local,0.55,1.0,1.0,0.0,1.0,0.9999999999999999,0.0,0.0,1.0811704995765106,1.1102230246251565e-16,-0.1034188103205694,0.0,0.0,True,-1,True
uniform_positive,512,20260913,local,0.575,1.0,1.0,0.0,1.0,0.9999999999999999,0.0,0.0,1.1992432337852885,1.1102230246251565e-16,0.3074304109252567,0.0,0.0,True,-1,True
uniform_positive,512,20260913,local,0.6,1.0,1.0,0.0,1.0,0.9999999999999999,0.0,0.0,1.3183234911323098,1.1102230246251565e-16,-0.48469490848633984,0.0,0.0,True,-1,True
uniform_positive,512,20260914,global,0.0,1.0,1.0,0.0,0.028577205332962832,0.006025367906984967,1.5109669473539766,0.3657712425533922,0.5779237295207502,4.440892098500626e-16,nan,0.0,0.0,True,-1,False
uniform_positive,512,20260914,global,0.4,1.0,1.0,0.0,0.7476664848969509,0.06539907612182085,0.3492658785406809,0.0253384907632768,0.7401734337256798,4.440892098500626e-16,nan,0.0,0.0,True,-1,False
uniform_positive,512,20260914,global,0.425,1.0,1.0,0.0,0.8191265839410464,0.10676890199103334,0.2505742606088278,0.004327939510431174,0.8512773674743186,4.440892098500626e-16,nan,0.0,0.0,True,-1,False
uniform_positive,512,20260914,global,0.45,1.0,1.0,0.0,0.8691009661959838,0.12644597198382498,0.1834551811378497,0.001022061278037827,0.8129212409821666,4.440892098500626e-16,nan,0.0,0.0,True,-1,False
uniform_positive,512,20260914,global,0.475,1.0,1.0,0.0,0.8871987591211942,0.1845838771824009,0.15534044963660346,0.00030249160063285194,0.8525911777413502,4.440892098500626e-16,nan,0.0,0.0,True,-1,False
uniform_positive,512,20260914,global,0.5,1.0,1.0,0.0,1.0,0.9999999999999999,0.0,0.0,0.9162556932332755,1.1102230246251565e-16,nan,0.0,0.0,True,-1,True
uniform_positive,512,20260914,global,0.525,1.0,1.0,0.0,1.0,0.9999999999999999,0.0,0.0,1.0912638634306722,1.1102230246251565e-16,nan,0.0,0.0,True,-1,True
uniform_positive,512,20260914,global,0.55,1.0,1.0,0.0,1.0,0.9999999999999999,0.0,0.0,1.4723888859260907,1.1102230246251565e-16,nan,0.0,0.0,True,-1,True
uniform_positive,512,20260914,global,0.575,1.0,1.0,0.0,1.0,0.9999999999999999,0.0,0.0,1.269928900798412,1.1102230246251565e-16,nan,0.0,0.0,True,-1,True
uniform_positive,512,20260914,global,0.6,1.0,1.0,0.0,1.0,0.9999999999999999,0.0,0.0,1.2224301937447488,1.1102230246251565e-16,nan,0.0,0.0,True,-1,True
uniform_positive,512,20260914,local,0.0,1.0,1.0,0.0,0.030041588556666058,0.0067309722423535955,1.5094309352537572,0.3651343935033379,0.5775349112598487,4.440892098500626e-16,0.6828341681347696,0.0,0.0,True,-1,False
uniform_positive,512,20260914,local,0.4,1.0,1.0,0.0,0.778884962994166,0.07635634955003388,0.3074841385702496,0.012024549582767396,0.7276796090563138,4.440892098500626e-16,0.3146159619339218,0.0,0.0,True,-1,False
uniform_positive,512,20260914,local,0.425,1.0,1.0,0.0,0.8426108940694363,0.12760534523757935,0.21903562546796707,0.003116167079053,0.8528412386509252,4.440892098500626e-16,0.15214529489288217,0.0,0.0,True,-1,False
uniform_positive,512,20260914,local,0.45,1.0,1.0,0.0,0.8740656677010888,0.16488831008013574,0.1740366920465921,0.0010344622554345853,0.8213639583143904,4.440892098500626e-16,0.02473117161616125,0.0,0.0,True,-1,False
uniform_positive,512,20260914,local,0.475,1.0,1.0,0.0,1.0,0.9999999999999999,0.0,0.0,0.9301358760368001,1.1102230246251565e-16,0.2716575888885592,0.0,0.0,True,-1,True
uniform_positive,512,20260914,local,0.5,1.0,1.0,0.0,1.0,0.9999999999999999,0.0,0.0,1.0208569855757628,1.1102230246251565e-16,-0.3598419500375076,0.0,0.0,True,-1,True
uniform_positive,512,20260914,local,0.525,1.0,1.0,0.0,1.0,0.9999999999999999,0.0,0.0,1.1841258324824873,1.1102230246251565e-16,0.22422417289505367,0.0,0.0,True,-1,True
uniform_positive,512,20260914,local,0.55,1.0,1.0,0.0,1.0,0.9999999999999999,0.0,0.0,1.2264593055895163,1.1102230246251565e-16,-0.15971631049878487,0.0,0.0,True,-1,True
uniform_positive,512,20260914,local,0.575,1.0,1.0,0.0,1.0,0.9999999999999999,0.0,0.0,1.1578368521706492,1.1102230246251565e-16,-0.07927024287408452,0.0,0.0,True,-1,True
uniform_positive,512,20260914,local,0.6,1.0,1.0,0.0,1.0,0.9999999999999999,0.0,0.0,1.3023441305222936,1.1102230246251565e-16,-0.25024693904049655,0.0,0.0,True,-1,True
uniform_positive,512,20260915,global,0.0,1.0,1.0,0.0,0.0295993017065073,0.006722039104541063,1.509314841397198,0.3651230472975423,0.5776138136811191,4.440892098500626e-16,nan,0.0,0.0,True,-1,False
uniform_positive,512,20260915,global,0.4,1.0,1.0,0.0,0.6333771737852012,0.04906845902736998,0.5149529393633412,0.10116283618338318,0.6613059061297369,4.440892098500626e-16,nan,0.0,0.0,True,-1,False
uniform_positive,512,20260915,global,0.425,1.0,1.0,0.0,0.890208964136272,0.1667128670860921,0.15172803858959458,0.0003344569783731062,0.9019075679306578,4.440892098500626e-16,nan,0.0,0.0,True,-1,False
uniform_positive,512,20260915,global,0.45,1.0,1.0,0.0,0.814975469991869,0.1024990869435943,0.2553501173046154,0.005689467430008512,0.7695361787868591,4.440892098500626e-16,nan,0.0,0.0,True,-1,False
uniform_positive,512,20260915,global,0.475,1.0,1.0,0.0,0.9432906084929193,0.5168188834254682,0.0776964468177886,4.8863288855434024e-11,0.9643072864904766,4.440892098500626e-16,nan,0.0,0.0,True,-1,True
uniform_positive,512,20260915,global,0.5,1.0,1.0,0.0,0.9999528056140623,0.9999971072650922,2.5370375305132976e-05,1.5352855018625697e-12,1.0295361009254016,4.440892098500626e-16,nan,0.0,0.0,True,-1,True
uniform_positive,512,20260915,global,0.525,1.0,1.0,0.0,1.0,0.9999999999999999,0.0,0.0,1.0738643830362733,1.1102230246251565e-16,nan,0.0,0.0,True,-1,True
uniform_positive,512,20260915,global,0.55,1.0,1.0,0.0,1.0,0.9999999999999999,0.0,0.0,1.1071762484483876,1.1102230246251565e-16,nan,0.0,0.0,True,-1,True
uniform_positive,512,20260915,global,0.575,1.0,1.0,0.0,1.0,0.9999999999999999,0.0,0.0,1.1253962247322922,1.1102230246251565e-16,nan,0.0,0.0,True,-1,True
uniform_positive,512,20260915,global,0.6,1.0,1.0,0.0,1.0,0.9999999999999999,0.0,0.0,1.221762447316617,1.1102230246251565e-16,nan,0.0,0.0,True,-1,True
uniform_positive,512,20260915,local,0.0,1.0,1.0,0.0,0.030538134401421564,0.007189865372230075,1.5068159734985354,0.3660760655681486,0.5764166389015785,4.440892098500626e-16,0.5412282273713261,0.0,0.0,True,-1,False
uniform_positive,512,20260915,local,0.4,1.0,1.0,0.0,0.7562313999806972,0.06703844491614659,0.3409326823349089,0.015924595770971918,0.701307999869755,4.440892098500626e-16,0.39156396954309003,0.0,0.0,True,-1,False
uniform_positive,512,20260915,local,0.425,1.0,1.0,0.0,0.8540967681517306,0.13804803765551246,0.1997577312152925,0.0016195374532812666,0.8563391219504337,4.440892098500626e-16,0.2993992925143181,0.0,0.0,True,-1,False
uniform_positive,512,20260915,local,0.45,1.0,1.0,0.0,0.9420872222042439,0.44949962123256726,0.08054135009588156,2.0023803845412656e-05,0.9619548332274992,4.440892098500626e-16,0.11619780938399443,0.0,0.0,True,-1,False
uniform_positive,512,20260915,local,0.475,1.0,1.0,0.0,0.9605774215128919,0.7474783696680043,0.052148057535611324,5.821554846092301e-06,0.9292428370008133,4.440892098500626e-16,0.24163036279846178,0.0,0.0,True,-1,True
uniform_positive,512,20260915,local,0.5,1.0,1.0,0.0,1.0,0.9999999999999999,0.0,0.0,0.957968547586924,1.1102230246251565e-16,-0.30288754841991145,0.0,0.0,True,-1,True
uniform_positive,512,20260915,local,0.525,1.0,1.0,0.0,1.0,0.9999999999999999,0.0,0.0,1.0772034723809019,1.1102230246251565e-16,0.04507547535459429,0.0,0.0,True,-1,True
uniform_positive,512,20260915,local,0.55,1.0,1.0,0.0,1.0,0.9999999999999999,0.0,0.0,1.1240868856176183,1.1102230246251565e-16,-0.028034982491138456,0.0,0.0,True,-1,True
uniform_positive,512,20260915,local,0.575,1.0,1.0,0.0,1.0,0.9999999999999999,0.0,0.0,1.1255994139905101,1.1102230246251565e-16,-0.6034678264040815,0.0,0.0,True,-1,True
uniform_positive,512,20260915,local,0.6,1.0,1.0,0.0,1.0,0.9999999999999999,0.0,0.0,1.7727557682792086,1.1102230246251565e-16,-0.12551830132841724,0.0,0.0,True,-1,True
uniform_positive,512,20260916,global,0.0,1.0,1.0,0.0,0.03117841912160847,0.007777757010274557,1.5077023413917827,0.36590513896585725,0.5795528716625831,4.440892098500626e-16,nan,0.0,0.0,True,-1,False
uniform_positive,512,20260916,global,0.4,1.0,1.0,0.0,0.7727913951567662,0.07791957825060072,0.3160073880881124,0.014719356959367443,0.7744904080114343,4.440892098500626e-16,nan,0.0,0.0,True,-1,False
uniform_positive,512,20260916,global,0.425,1.0,1.0,0.0,0.892841810815858,0.1587234203623474,0.1485147793388867,0.0004200972050214963,0.9132062892163925,4.440892098500626e-16,nan,0.0,0.0,True,-1,False
uniform_positive,512,20260916,global,0.45,1.0,1.0,0.0,0.938727879615763,0.443369977306004,0.08458934101965869,2.940577945376226e-05,1.031034487299657,4.440892098500626e-16,nan,0.0,0.0,True,-1,False
uniform_positive,512,20260916,global,0.475,1.0,1.0,0.0,0.9678812290437845,0.8460646929479924,0.0451513789902601,6.314673907658145e-08,0.9354156409929468,4.440892098500626e-16,nan,0.0,0.0,True,-1,True
uniform_positive,512,20260916,global,0.5,1.0,1.0,0.0,1.0,0.9999999999999999,0.0,0.0,1.0728192213865364,1.1102230246251565e-16,nan,0.0,0.0,True,-1,True
uniform_positive,512,20260916,global,0.525,1.0,1.0,0.0,1.0,0.9999999999999999,0.0,0.0,0.9020380204867107,1.1102230246251565e-16,nan,0.0,0.0,True,-1,True
uniform_positive,512,20260916,global,0.55,1.0,1.0,0.0,1.0,0.9999999999999999,0.0,0.0,1.0726182660521442,1.1102230246251565e-16,nan,0.0,0.0,True,-1,True
uniform_positive,512,20260916,global,0.575,1.0,1.0,0.0,1.0,0.9999999999999999,0.0,0.0,1.2991329346469653,1.1102230246251565e-16,nan,0.0,0.0,True,-1,True
uniform_positive,512,20260916,global,0.6,1.0,1.0,0.0,1.0,0.9999999999999999,0.0,0.0,1.0900464217198977,1.1102230246251565e-16,nan,0.0,0.0,True,-1,True
uniform_positive,512,20260916,local,0.0,1.0,1.0,0.0,0.030515771345865163,0.007049550172978779,1.5058473674096462,0.36534296703641894,0.5770945155691112,4.440892098500626e-16,0.6399775296500364,0.0,0.0,True,-1,False
uniform_positive,512,20260916,local,0.4,1.0,1.0,0.0,0.7541778378464784,0.06799442683724133,0.3462657224026073,0.013903640371528865,0.7556772990903492,4.440892098500626e-16,0.2369472349593295,0.0,0.0,True,-1,False
uniform_positive,512,20260916,local,0.425,1.0,1.0,0.0,0.8470638213675242,0.13680405545027094,0.21008893197328676,0.0020356441644047672,0.8411932338013371,4.440892098500626e-16,0.16338264154004833,0.0,0.0,True,-1,False
uniform_positive,512,20260916,local,0.45,1.0,1.0,0.0,0.8914224483723745,0.23137756977805335,0.14797011284945932,0.0014328979752003704,0.902622531853395,4.440892098500626e-16,0.16257893810958973,0.0,0.0,True,-1,False
uniform_positive,512,20260916,local,0.475,1.0,1.0,0.0,0.9602714350121047,0.6961872433407118,0.05174238817585521,5.674208587629732e-07,0.9913136414880179,4.440892098500626e-16,0.2539010284396144,0.0,0.0,True,-1,True
uniform_positive,512,20260916,local,0.5,1.0,1.0,0.0,0.9573542957160623,0.7187075609604056,0.059799280043561616,1.6270226608791423e-08,0.991640257975311,4.440892098500626e-16,0.2849381051130495,0.0,0.0,True,-1,True
uniform_positive,512,20260916,local,0.525,1.0,1.0,0.0,1.0,0.9999999999999999,0.0,0.0,0.8797679127569453,1.1102230246251565e-16,0.07608322507127577,0.0,0.0,True,-1,True
uniform_positive,512,20260916,local,0.55,1.0,1.0,0.0,1.0,0.9999999999999999,0.0,0.0,1.0898628032968294,1.1102230246251565e-16,-0.25797270569070935,0.0,0.0,True,-1,True
uniform_positive,512,20260916,local,0.575,1.0,1.0,0.0,1.0,0.9999999999999999,0.0,0.0,1.1211141646393812,1.1102230246251565e-16,0.054635595373646303,0.0,0.0,True,-1,True
uniform_positive,512,20260916,local,0.6,1.0,1.0,0.0,1.0,0.9999999999999999,0.0,0.0,1.5350394153081917,1.1102230246251565e-16,-0.15999748579297116,0.0,0.0,True,-1,True
uniform_positive,512,20260917,global,0.0,1.0,1.0,0.0,0.030167559090125307,0.006792795168045607,1.507445697616745,0.3656338072088429,0.5765828411941873,4.440892098500626e-16,nan,0.0,0.0,True,-1,False
uniform_positive,512,20260917,global,0.4,1.0,1.0,0.0,0.6412051492065092,0.0432663803853376,0.5107067490321563,0.07343737312490588,0.6665989063903872,4.440892098500626e-16,nan,0.0,0.0,True,-1,False
uniform_positive,512,20260917,global,0.425,1.0,1.0,0.0,0.8600725590509045,0.14844423379247434,0.19674194501252976,0.0008459723449605308,0.8169122300264575,4.440892098500626e-16,nan,0.0,0.0,True,-1,False
uniform_positive,512,20260917,global,0.45,1.0,1.0,0.0,0.8484176606210788,0.1167363029839379,0.21126950527186772,0.00045563937145326916,0.7928842192993539,4.440892098500626e-16,nan,0.0,0.0,True,-1,False
uniform_positive,512,20260917,global,0.475,1.0,1.0,0.0,0.999999999999999,0.9999999999999999,0.0,0.0,0.9576299741333154,2.220446049250313e-16,nan,0.0,0.0,True,-1,True
uniform_positive,512,20260917,global,0.5,1.0,1.0,0.0,0.9462316201968547,0.5523078239496818,0.07262796820399431,1.0059991554203572e-06,0.9296049630260943,4.440892098500626e-16,nan,0.0,0.0,True,-1,True
uniform_positive,512,20260917,global,0.525,1.0,1.0,0.0,1.0,0.9999999999999999,0.0,0.0,1.1649886775519886,1.1102230246251565e-16,nan,0.0,0.0,True,-1,True
uniform_positive,512,20260917,global,0.55,1.0,1.0,0.0,1.0,0.9999999999999999,0.0,0.0,1.0767932954849124,1.1102230246251565e-16,nan,0.0,0.0,True,-1,True
uniform_positive,512,20260917,global,0.575,1.0,1.0,0.0,1.0,0.9999999999999999,0.0,0.0,1.3978060350832897,1.1102230246251565e-16,nan,0.0,0.0,True,-1,True
uniform_positive,512,20260917,global,0.6,1.0,1.0,0.0,1.0,0.9999999999999999,0.0,0.0,1.1368952251219533,1.1102230246251565e-16,nan,0.0,0.0,True,-1,True
uniform_positive,512,20260917,local,0.0,1.0,1.0,0.0,0.02975762422392146,0.008221221541957173,1.510196032895013,0.36615815295955745,0.5776815786360365,4.440892098500626e-16,0.5729618854380807,0.0,0.0,True,-1,False
uniform_positive,512,20260917,local,0.4,1.0,1.0,0.0,0.8037285277797405,0.08719425651018388,0.27365514117130474,0.006613784912720463,0.7959427783049162,4.440892098500626e-16,-0.009992740522176882,0.0,0.0,True,-1,False
uniform_positive,512,20260917,local,0.425,1.0,1.0,0.0,0.7002711086487216,0.05611453515715043,0.42166105609028964,0.04134467672008822,0.6867210603034476,4.440892098500626e-16,0.1837096106428165,0.0,0.0,True,-1,False
uniform_positive,512,20260917,local,0.45,1.0,1.0,0.0,0.8390180153520788,0.12728263949145496,0.22397165610350192,0.0014785397314892302,0.8019158508207088,4.440892098500626e-16,0.31522167259811645,0.0,0.0,True,-1,False
uniform_positive,512,20260917,local,0.475,1.0,1.0,0.0,0.9278993550320103,0.2990505752842249,0.1005248178661625,2.669855057716386e-09,0.9661067178301188,4.440892098500626e-16,0.23514601154410525,0.0,0.0,True,-1,False
uniform_positive,512,20260917,local,0.5,1.0,1.0,0.0,0.9999999784032815,0.9999999999963738,1.4311005367195762e-08,0.0,1.0617579412077376,3.3306690738754696e-16,0.13877263567595444,0.0,0.0,True,-1,True
uniform_positive,512,20260917,local,0.525,1.0,1.0,0.0,1.0,0.9999999999999999,0.0,0.0,1.0785722017979922,1.1102230246251565e-16,-0.1396244178923427,0.0,0.0,True,-1,True
uniform_positive,512,20260917,local,0.55,1.0,1.0,0.0,1.0,0.9999999999999999,0.0,0.0,1.1892618263351604,1.1102230246251565e-16,0.22650270538052034,0.0,0.0,True,-1,True
uniform_positive,512,20260917,local,0.575,1.0,1.0,0.0,1.0,0.9999999999999999,0.0,0.0,1.301148924095985,1.1102230246251565e-16,-0.13031086457733004,0.0,0.0,True,-1,True
uniform_positive,512,20260917,local,0.6,1.0,1.0,0.0,1.0,0.9999999999999999,0.0,0.0,1.3752090361794926,1.1102230246251565e-16,-0.1836552828255166,0.0,0.0,True,-1,True
uniform_positive,512,20260918,global,0.0,1.0,1.0,0.0,0.029638350156790814,0.007156391964866322,1.5069364643452456,0.3654618160705702,0.5750240241975084,4.440892098500626e-16,nan,0.0,0.0,True,-1,False
uniform_positive,512,20260918,global,0.4,1.0,1.0,0.0,0.736865345812246,0.07872711849722283,0.36657349215306895,0.020981083939388148,0.70416910826352,4.440892098500626e-16,nan,0.0,0.0,True,-1,False
uniform_positive,512,20260918,global,0.425,1.0,1.0,0.0,0.9205571653360312,0.36976400933289205,0.10555672999441645,8.700951407009943e-05,0.9527213546759472,4.440892098500626e-16,nan,0.0,0.0,True,-1,False
uniform_positive,512,20260918,global,0.45,1.0,1.0,0.0,0.8881427275706139,0.25928052880289115,0.14999353521595085,0.0014080191324325523,0.9623438639867059,4.440892098500626e-16,nan,0.0,0.0,True,-1,False
uniform_positive,512,20260918,global,0.475,1.0,1.0,0.0,0.8963960537725653,0.17954457249792702,0.1412525518649214,7.077041907644737e-05,0.8893344762084219,4.440892098500626e-16,nan,0.0,0.0,True,-1,False
uniform_positive,512,20260918,global,0.5,1.0,1.0,0.0,1.0,0.9999999999999999,0.0,0.0,0.8848994613495367,1.1102230246251565e-16,nan,0.0,0.0,True,-1,True
uniform_positive,512,20260918,global,0.525,1.0,1.0,0.0,1.0,0.9999999999999999,0.0,0.0,1.0250974280323653,1.1102230246251565e-16,nan,0.0,0.0,True,-1,True
uniform_positive,512,20260918,global,0.55,1.0,1.0,0.0,1.0,0.9999999999999999,0.0,0.0,0.9773657148650532,1.1102230246251565e-16,nan,0.0,0.0,True,-1,True
uniform_positive,512,20260918,global,0.575,1.0,1.0,0.0,1.0,0.9999999999999999,0.0,0.0,1.1471937798831955,1.1102230246251565e-16,nan,0.0,0.0,True,-1,True
uniform_positive,512,20260918,global,0.6,1.0,1.0,0.0,1.0,0.9999999999999999,0.0,0.0,1.2829985550587562,1.1102230246251565e-16,nan,0.0,0.0,True,-1,True
uniform_positive,512,20260918,local,0.0,1.0,1.0,0.0,0.029113711329026723,0.006859100104589157,1.5111822670002522,0.36589085527102283,0.5771833896812324,4.440892098500626e-16,0.5484237177057568,0.0,0.0,True,-1,False
uniform_positive,512,20260918,local,0.4,1.0,1.0,0.0,0.6579507230463648,0.04240129919589516,0.4827831001124722,0.06949244136455396,0.6513172660824776,4.440892098500626e-16,-0.028512607435399216,0.0,0.0,True,-1,False
uniform_positive,512,20260918,local,0.425,1.0,1.0,0.0,0.8675103508798983,0.16901215768961556,0.18231704659749548,0.0013701434954551377,0.890643192821599,4.440892098500626e-16,0.28045588190364024,0.0,0.0,True,-1,False
uniform_positive,512,20260918,local,0.45,1.0,1.0,0.0,0.8813045626365749,0.1739541608646334,0.1638008432375144,0.000662572181604571,0.8469871639905504,4.440892098500626e-16,0.14860620081486867,0.0,0.0,True,-1,False
uniform_positive,512,20260918,local,0.475,1.0,1.0,0.0,0.9921487982177151,0.9961783869844284,0.009563572240901097,1.1932945865027066e-11,1.0890447081668868,4.440892098500626e-16,0.36927208943371176,0.0,0.0,True,-1,True
uniform_positive,512,20260918,local,0.5,1.0,1.0,0.0,0.9999990854142632,0.9999999999922281,0.0,0.0,1.003160982425471,3.3306690738754696e-16,0.13329492961709594,0.0,0.0,True,-1,True
uniform_positive,512,20260918,local,0.525,1.0,1.0,0.0,1.0,0.9999999999999999,0.0,0.0,1.0797538123338146,1.1102230246251565e-16,0.27283292989699504,0.0,0.0,True,-1,True
uniform_positive,512,20260918,local,0.55,1.0,1.0,0.0,1.0,0.9999999999999999,0.0,0.0,1.2094408420311544,1.1102230246251565e-16,-0.42599498012884746,0.0,0.0,True,-1,True
uniform_positive,512,20260918,local,0.575,1.0,1.0,0.0,1.0,0.9999999999999999,0.0,0.0,1.0415845608075358,1.1102230246251565e-16,-0.31110429979506043,0.0,0.0,True,-1,True
uniform_positive,512,20260918,local,0.6,1.0,1.0,0.0,1.0,0.9999999999999999,0.0,0.0,1.1666847144733183,1.1102230246251565e-16,0.006507639504798476,0.0,0.0,True,-1,True
uniform_positive,512,20260919,global,0.0,1.0,1.0,0.0,0.030508018115224758,0.006589198626232998,1.5070041877212077,0.3650796798018925,0.5770799498410794,4.440892098500626e-16,nan,0.0,0.0,True,-1,False
uniform_positive,512,20260919,global,0.4,1.0,1.0,0.0,0.8328120388138441,0.10710068631447106,0.23203916772665487,0.0031900150034463786,0.8611732605986668,4.440892098500626e-16,nan,0.0,0.0,True,-1,False
uniform_positive,512,20260919,global,0.425,1.0,1.0,0.0,0.8105551937429681,0.07530832046694363,0.2678213366291102,0.001314258883524109,0.7679442796436536,4.440892098500626e-16,nan,0.0,0.0,True,-1,False
uniform_positive,512,20260919,global,0.45,1.0,1.0,0.0,0.8466984824956036,0.14761283769912012,0.20677074353642066,0.0067499003490414,0.814321448421693,4.440892098500626e-16,nan,0.0,0.0,True,-1,False
uniform_positive,512,20260919,global,0.475,1.0,1.0,0.0,0.768407038878374,0.06615994701810284,0.32264060973952946,0.011230718999069647,0.742764036248436,4.440892098500626e-16,nan,0.0,0.0,True,-1,False
uniform_positive,512,20260919,global,0.5,1.0,1.0,0.0,0.9962275809170591,0.9999766893194907,0.006489852748261818,1.598118125801326e-10,1.015956016605048,4.440892098500626e-16,nan,0.0,0.0,True,-1,True
uniform_positive,512,20260919,global,0.525,1.0,1.0,0.0,1.0,0.9999999999999999,0.0,0.0,1.0224665234813588,1.1102230246251565e-16,nan,0.0,0.0,True,-1,True
uniform_positive,512,20260919,global,0.55,1.0,1.0,0.0,1.0,0.9999999999999999,0.0,0.0,1.2473910436348348,1.1102230246251565e-16,nan,0.0,0.0,True,-1,True
uniform_positive,512,20260919,global,0.575,1.0,1.0,0.0,1.0,0.9999999999999999,0.0,0.0,1.3267387628497493,1.1102230246251565e-16,nan,0.0,0.0,True,-1,True
uniform_positive,512,20260919,global,0.6,1.0,1.0,0.0,1.0,0.9999999999999999,0.0,0.0,1.1984294265948714,1.1102230246251565e-16,nan,0.0,0.0,True,-1,True
uniform_positive,512,20260919,local,0.0,1.0,1.0,0.0,0.029673071511925813,0.006779462278471586,1.5093594752106756,0.3658150670401161,0.5757118755024072,4.440892098500626e-16,0.6151699853930782,0.0,0.0,True,-1,False
uniform_positive,512,20260919,local,0.4,1.0,1.0,0.0,0.7381031548675037,0.045579107332836724,0.36993696298212014,0.02456878131691093,0.7181517384014997,4.440892098500626e-16,-0.21714641546322638,0.0,0.0,True,-1,False
uniform_positive,512,20260919,local,0.425,1.0,1.0,0.0,0.759395604632138,0.07167678157038332,0.33043288146575805,0.02519533706938167,0.7615807682633104,4.440892098500626e-16,0.0076455365630739005,0.0,0.0,True,-1,False
uniform_positive,512,20260919,local,0.45,1.0,1.0,0.0,0.8417938569174689,0.10557100416178507,0.2233799170613973,0.0013010766586164075,0.8354440717479599,4.440892098500626e-16,0.2009169571033129,0.0,0.0,True,-1,False
uniform_positive,512,20260919,local,0.475,1.0,1.0,0.0,0.9976946725508039,0.9814281143530748,0.0,0.0,0.9734702583446642,4.440892098500626e-16,-0.06035323239842823,0.0,0.0,True,-1,True
uniform_positive,512,20260919,local,0.5,1.0,1.0,0.0,0.9993514471346173,0.9961173274903157,0.0,0.0,0.961612916527115,3.3306690738754696e-16,-0.1923642814938374,0.0,0.0,True,-1,True
uniform_positive,512,20260919,local,0.525,1.0,1.0,0.0,1.0,0.9999999999999999,0.0,0.0,1.057481733541116,1.1102230246251565e-16,0.17574398945582648,0.0,0.0,True,-1,True
uniform_positive,512,20260919,local,0.55,1.0,1.0,0.0,1.0,0.9999999999999999,0.0,0.0,1.123884164982091,1.1102230246251565e-16,0.006266856044249388,0.0,0.0,True,-1,True
uniform_positive,512,20260919,local,0.575,1.0,1.0,0.0,1.0,0.9999999999999999,0.0,0.0,1.3009650201575997,1.1102230246251565e-16,-0.15587109613732428,0.0,0.0,True,-1,True
uniform_positive,512,20260919,local,0.6,1.0,1.0,0.0,1.0,0.9999999999999999,0.0,0.0,1.403394660111791,1.1102230246251565e-16,-0.07068605421892186,0.0,0.0,True,-1,True
