beta,seed,n,k,lag,real,imag
1.0001,0,50000,1,1,0.9997402857177143,-4.90826691754021e-05
1.0001,0,50000,1,64,0.9836860259936601,-0.0026798988282625766
1.0001,0,50000,1,1024,0.7558821543227938,0.0016836730341332272
1.0001,0,50000,1,4096,0.34475945841913064,0.06422812108380523
1.0001,0,200000,1,1,0.9997703129212567,-4.832528420990691e-05
1.0001,0,200000,1,64,0.9853134183476236,-0.002939304344185377
1.0001,0,200000,1,1024,0.780603185129165,-0.04028848840745183
1.0001,0,200000,1,4096,0.36727858311598544,-0.1157337253305009
1.0001,0,1000000,1,1,0.9997810553492481,-2.8302671743729446e-05
1.0001,0,1000000,1,64,0.9860556678132257,-0.0017145453143827146
1.0001,0,1000000,1,1024,0.8024460496001558,-0.017374540623719934
1.0001,0,1000000,1,4096,0.4088463046712081,-0.016617347975454572
1.0001,0,50000,4,1,0.9988980597817643,-0.00044985433504056665
1.0001,0,50000,4,64,0.9266778201661297,-0.032009650248729773
1.0001,0,50000,4,1024,0.21478237571400224,-0.18369154444530053
1.0001,0,50000,4,4096,-0.1768058672667611,0.1370190796185939
1.0001,0,200000,4,1,0.9990654517492126,-0.00030500434700737736
1.0001,0,200000,4,64,0.9378745384717792,-0.018036230189012008
1.0001,0,200000,4,1024,0.33688961953786123,-0.13795760685886976
1.0001,0,200000,4,4096,-0.007524828138112549,-0.09927683687265176
1.0001,0,1000000,4,1,0.9990534425321864,-0.00023991256623139595
1.0001,0,1000000,4,64,0.9405417303341158,-0.013904355631665763
1.0001,0,1000000,4,1024,0.37005860651808337,-0.0893630854615857
1.0001,0,1000000,4,4096,0.026597574329454133,-0.04149164824491972
1.0001,1,50000,1,1,0.9997177327467228,3.833519499281294e-05
1.0001,1,50000,1,64,0.9819110550777096,0.003243137919959611
1.0001,1,50000,1,1024,0.6967584332000489,-0.0003501615588187501
1.0001,1,50000,1,4096,0.2828361461892062,0.05853080891105178
1.0001,1,200000,1,1,0.9997908569730568,-3.753087124890668e-05
1.0001,1,200000,1,64,0.986600329298852,-0.002291718135003287
1.0001,1,200000,1,1024,0.8004881952153806,-0.040817538286555884
1.0001,1,200000,1,4096,0.46399957247457446,-0.12203437954130063
1.0001,1,1000000,1,1,0.9998103389507619,-1.2578030011506503e-05
1.0001,1,1000000,1,64,0.9881553050797567,-0.0006442842041421347
1.0001,1,1000000,1,1024,0.8229488027826246,-0.011378087945121846
1.0001,1,1000000,1,4096,0.4539207675071862,-0.025447040612238316
1.0001,1,50000,4,1,0.9987973313202777,0.00011577901937377451
1.0001,1,50000,4,64,0.9226979787530769,0.010771429062254376
1.0001,1,50000,4,1024,0.19226517269570156,0.04857928429638355
1.0001,1,50000,4,4096,-0.051654803101378585,-0.10582646132655538
1.0001,1,200000,4,1,0.99912964966954,-0.00011878020381372185
1.0001,1,200000,4,64,0.9442720554116678,-0.007964641415875643
1.0001,1,200000,4,1024,0.4462362657254808,-0.11925173672994165
1.0001,1,200000,4,4096,0.03867687613484315,-0.17517477240073806
1.0001,1,1000000,4,1,0.9992509663323709,-6.895003168066313e-05
1.0001,1,1000000,4,64,0.9536153735482653,-0.0038128286190334633
1.0001,1,1000000,4,1024,0.4802977150187157,-0.049867817372539334
1.0001,1,1000000,4,4096,0.06636963885116615,-0.0288012425511806
1.0001,2,50000,1,1,0.9997313531393499,0.0001281352912439138
1.0001,2,50000,1,64,0.9822417746085478,0.008601034081617904
1.0001,2,50000,1,1024,0.7535725067567932,0.07920525222076943
1.0001,2,50000,1,4096,0.48220358357990944,-0.08969462116265395
1.0001,2,200000,1,1,0.9998167113304541,5.520916820244024e-05
1.0001,2,200000,1,64,0.9882587353902925,0.0036222634840568785
1.0001,2,200000,1,1024,0.8237030938115594,0.03305286574362875
1.0001,2,200000,1,4096,0.44942204584041723,0.03579020457989968
1.0001,2,1000000,1,1,0.9998128162926028,1.2028942985679075e-05
1.0001,2,1000000,1,64,0.9879466094398297,0.0008216661055661053
1.0001,2,1000000,1,1024,0.8245568265166652,0.0056910452931446505
1.0001,2,1000000,1,4096,0.4433376421488376,0.015959652084335363
1.0001,2,50000,4,1,0.9992082030534196,0.0008865047270198099
1.0001,2,50000,4,64,0.9492444292205094,0.05590039103833254
1.0001,2,50000,4,1024,0.2773306887428883,0.46397724363396065
1.0001,2,50000,4,4096,-0.19768135061306943,0.17894233311590832
1.0001,2,200000,4,1,0.9993625898266723,0.0002876480000471527
1.0001,2,200000,4,64,0.9601966987225943,0.017828222534783222
1.0001,2,200000,4,1024,0.5097013986453981,0.16634242625139534
1.0001,2,200000,4,4096,0.1431247731834572,0.1737729150104283
1.0001,2,1000000,4,1,0.9992879469076646,7.688872653581205e-05
1.0001,2,1000000,4,64,0.9555755371422228,0.0041322166172404065
1.0001,2,1000000,4,1024,0.4864726675594497,0.02700759214994032
1.0001,2,1000000,4,4096,0.04111597528459551,0.013715135420827657
1.0001,3,50000,1,1,0.9997968585135134,3.474819612478548e-05
1.0001,3,50000,1,64,0.987195679808938,0.0022773899448086236
1.0001,3,50000,1,1024,0.8023734722700344,0.038248530591375764
1.0001,3,50000,1,4096,0.3026198137542544,0.2412591647671343
1.0001,3,200000,1,1,0.9997773197698662,4.869306256582762e-05
1.0001,3,200000,1,64,0.9858112076771867,0.0032175092114986458
1.0001,3,200000,1,1024,0.7972297406065493,0.036873437653019515
1.0001,3,200000,1,4096,0.4109362211002639,0.06441440060825877
1.0001,3,1000000,1,1,0.9997832556035268,1.2366623597138833e-06
1.0001,3,1000000,1,64,0.986171282792147,-8.553181546709724e-06
1.0001,3,1000000,1,1024,0.7990841846157631,0.0010437169632040563
1.0001,3,1000000,1,4096,0.39444122377536467,0.02080609091373691
1.0001,3,50000,4,1,0.9993506653577979,0.00021062728124137775
1.0001,3,50000,4,64,0.9610781293516388,0.015687176718053635
1.0001,3,50000,4,1024,0.4339519286071712,0.17843426780762286
1.0001,3,50000,4,4096,-0.13943809939330126,0.18200015022751406
1.0001,3,200000,4,1,0.9991833975034199,0.0004090864363204631
1.0001,3,200000,4,64,0.9467384323721675,0.025657232239022075
1.0001,3,200000,4,1024,0.3478052709933784,0.16456078881658312
1.0001,3,200000,4,4096,-0.081973565816268,0.0368325296997643
1.0001,3,1000000,4,1,0.9991422902752405,-7.177022480035014e-06
1.0001,3,1000000,4,64,0.9463974086650042,-0.0007747834358392183
1.0001,3,1000000,4,1024,0.3883761032471143,-0.006322966265647144
1.0001,3,1000000,4,4096,-0.012584026822936674,0.010528945715472256
1.0001,4,50000,1,1,0.9997168506930844,4.7735259174054955e-05
1.0001,4,50000,1,64,0.9819746971215595,0.002780350459892923
1.0001,4,50000,1,1024,0.733903574145382,0.05425481395585835
1.0001,4,50000,1,4096,0.23341856653330426,0.11697361265394442
1.0001,4,200000,1,1,0.999768666812087,-4.733443177117467e-07
1.0001,4,200000,1,64,0.985529287340304,0.00016428992046617255
1.0001,4,200000,1,1024,0.7973189012312405,0.008192173184942782
1.0001,4,200000,1,4096,0.37141759065373864,-0.008432146762277945
1.0001,4,1000000,1,1,0.9997849295760831,4.129258025005161e-06
1.0001,4,1000000,1,64,0.9862922323489375,9.871059803644638e-05
1.0001,4,1000000,1,1024,0.804104035908252,-0.0056994705894284885
1.0001,4,1000000,1,4096,0.4110486234989828,-0.01140507700643535
1.0001,4,50000,4,1,0.9987362775539809,0.0005664901199081273
1.0001,4,50000,4,64,0.9215968807787074,0.031236435751880585
1.0001,4,50000,4,1024,0.23728478961741528,0.2062495302254132
1.0001,4,50000,4,4096,-0.010229126268144133,0.11397881744054929
1.0001,4,200000,4,1,0.9989359562630253,-6.370969400838925e-05
1.0001,4,200000,4,64,0.9350182530040049,-0.002442891278291201
1.0001,4,200000,4,1024,0.37236968726875475,0.013018647128632585
1.0001,4,200000,4,4096,-0.04390900748072603,-0.06917484806102014
1.0001,4,1000000,4,1,0.9990402494529819,6.105620114498464e-05
1.0001,4,1000000,4,64,0.9409100330864233,0.0023539926449557495
1.0001,4,1000000,4,1024,0.3979322804776882,0.005285512283556857
1.0001,4,1000000,4,4096,0.04575536247258205,0.020714905152137926
1.0001,5,50000,1,1,0.999780563818644,0.00010699045302472624
1.0001,5,50000,1,64,0.9861390813876972,0.006218664912141295
1.0001,5,50000,1,1024,0.7998966768427298,0.06265633794246771
1.0001,5,50000,1,4096,0.3622666909594739,0.018299752415906402
1.0001,5,200000,1,1,0.9997866413599753,1.720639976745495e-05
1.0001,5,200000,1,64,0.9860640568189667,0.0009571075528374969
1.0001,5,200000,1,1024,0.7951714264302642,0.012678135112235719
1.0001,5,200000,1,4096,0.45994426011813305,-0.007390212194534877
1.0001,5,1000000,1,1,0.9997938614164633,-3.6628586562063458e-06
1.0001,5,1000000,1,64,0.9868554229241784,-0.00024797338119860807
1.0001,5,1000000,1,1024,0.8098861350418836,-0.006432716993446996
1.0001,5,1000000,1,4096,0.43142426394375655,-0.013001210728952486
1.0001,5,50000,4,1,0.9991231563088441,0.0009110233150050719
1.0001,5,50000,4,64,0.9446148858311401,0.05103322525611304
1.0001,5,50000,4,1024,0.30678247993809044,0.3260473742925515
1.0001,5,50000,4,4096,-0.009661991753370298,0.2044085704831818
1.0001,5,200000,4,1,0.9991349630291813,0.0001738191197056544
1.0001,5,200000,4,64,0.9433917223591981,0.00998955157658599
1.0001,5,200000,4,1024,0.3683216575149479,0.07560010819297475
1.0001,5,200000,4,4096,0.05200619024437772,0.0018913198550080548
1.0001,5,1000000,4,1,0.9992042644523261,-2.515156823185246e-06
1.0001,5,1000000,4,64,0.9498217958913262,-0.0002984684790553707
1.0001,5,1000000,4,1024,0.42414690800986005,-0.00573862907575138
1.0001,5,1000000,4,4096,-0.0017052077601663123,-0.015067470957584275
1.0001,6,50000,1,1,0.9998132368916677,-0.00013548405973793474
1.0001,6,50000,1,64,0.9883192068990586,-0.007974459899462069
1.0001,6,50000,1,1024,0.8466227328706767,-0.10202580359986584
1.0001,6,50000,1,4096,0.5191380954937341,-0.2376012114383541
1.0001,6,200000,1,1,0.9997881949125164,-2.2105806986313283e-05
1.0001,6,200000,1,64,0.9867027517444106,-0.001017843410575671
1.0001,6,200000,1,1024,0.8121198434684749,0.0003417989703626493
1.0001,6,200000,1,4096,0.43717146002811497,0.0029283552142532815
1.0001,6,1000000,1,1,0.9998245498740095,1.7115053263625416e-07
1.0001,6,1000000,1,64,0.9889335875624807,9.923027810103617e-05
1.0001,6,1000000,1,1024,0.8384221886618424,0.004920900490657901
1.0001,6,1000000,1,4096,0.5049423843332465,0.021547356282100465
1.0001,6,50000,4,1,0.9995455902023185,-0.0010572706559295233
1.0001,6,50000,4,64,0.9691844600726649,-0.06265246786862501
1.0001,6,50000,4,1024,0.4902110422228907,-0.37025525208295107
1.0001,6,50000,4,4096,-0.23010944841388775,-0.176477530999085
1.0001,6,200000,4,1,0.9991922293479177,-0.0001996729108857889
1.0001,6,200000,4,64,0.9496946776745017,-0.01184992389034525
1.0001,6,200000,4,1024,0.4038575545892856,-0.02520992447425056
1.0001,6,200000,4,4096,-0.07143989829710205,0.04590851143481431
1.0001,6,1000000,4,1,0.9993484022200283,-4.321703398713789e-06
1.0001,6,1000000,4,64,0.9590369676814038,-0.00025687662936077374
1.0001,6,1000000,4,1024,0.5282816490902509,0.007446185725158309
1.0001,6,1000000,4,4096,0.1239440716747418,0.007670696666589215
1.0001,7,50000,1,1,0.9997748004753514,4.9795518459579115e-05
1.0001,7,50000,1,64,0.9856124739085951,0.002952145388407919
1.0001,7,50000,1,1024,0.820488899951979,0.0577227370388788
1.0001,7,50000,1,4096,0.6107981502831072,0.10705504514113771
1.0001,7,200000,1,1,0.9997933531460534,1.7390559279736995e-05
1.0001,7,200000,1,64,0.986593662230705,0.0009977607661783784
1.0001,7,200000,1,1024,0.8140919939889477,0.02558024233604029
1.0001,7,200000,1,4096,0.5230781277297074,0.0777090437427538
1.0001,7,1000000,1,1,0.9998050509212222,-2.4166145514561457e-06
1.0001,7,1000000,1,64,0.9876353433853563,-0.00016936410326754417
1.0001,7,1000000,1,1024,0.8220588106996259,0.004211500678358801
1.0001,7,1000000,1,4096,0.4775503794398001,0.04850754221425521
1.0001,7,50000,4,1,0.9988795076753044,0.000598887150221413
1.0001,7,50000,4,64,0.9286757913568985,0.038013899785345674
1.0001,7,50000,4,1024,0.46396127866007614,0.25049932173243933
1.0001,7,50000,4,4096,0.15488943484162962,0.1973072331407251
1.0001,7,200000,4,1,0.9991021469125211,-8.52806066765035e-06
1.0001,7,200000,4,64,0.9424302061430223,-0.0009818090530986268
1.0001,7,200000,4,1024,0.43715891167541343,0.07840800035338266
1.0001,7,200000,4,4096,0.14302233677808524,0.03508147674053213
1.0001,7,1000000,4,1,0.999202572475263,-7.241853128506069e-05
1.0001,7,1000000,4,64,0.9504347143202945,-0.004657421427185455
1.0001,7,1000000,4,1024,0.45492576211884195,-0.010778421630104291
1.0001,7,1000000,4,4096,0.06961066442356253,0.024238371415217848
1.0001,8,50000,1,1,0.9998461772910666,9.94953693819646e-05
1.0001,8,50000,1,64,0.9899140638769542,0.005833625499466097
1.0001,8,50000,1,1024,0.8519319741153552,0.07504313364600544
1.0001,8,50000,1,4096,0.4189436062934991,0.22727109933971515
1.0001,8,200000,1,1,0.9998380442515337,3.3434592168357358e-06
1.0001,8,200000,1,64,0.9894316892643986,6.31897775456498e-05
1.0001,8,200000,1,1024,0.8385118439941287,-0.0004458552277544341
1.0001,8,200000,1,4096,0.45407929252533674,0.022795729688594134
1.0001,8,1000000,1,1,0.9997834692289627,1.468862910620231e-05
1.0001,8,1000000,1,64,0.9860616319376221,0.0008878635632008559
1.0001,8,1000000,1,1024,0.7965489625665223,0.008139791961518107
1.0001,8,1000000,1,4096,0.4166233052167674,0.005735267203489376
1.0001,8,50000,4,1,0.9992803049430983,0.0006361728518006986
1.0001,8,50000,4,64,0.9511658760386665,0.03818420315943152
1.0001,8,50000,4,1024,0.5941113988362139,0.2980576211637698
1.0001,8,50000,4,4096,-0.0305403410755329,0.30456007531188733
1.0001,8,200000,4,1,0.9993965303270924,5.800435641174048e-05
1.0001,8,200000,4,64,0.9612392478898492,0.004001529712867031
1.0001,8,200000,4,1024,0.5770591845306724,0.01200164599525285
1.0001,8,200000,4,4096,0.1133056714216828,-0.045496109642725144
1.0001,8,1000000,4,1,0.9990998970099374,0.00018377881759053756
1.0001,8,1000000,4,64,0.9425333605724261,0.01077374643520144
1.0001,8,1000000,4,1024,0.3879286274629336,0.04072237270599446
1.0001,8,1000000,4,4096,-0.007612391914302682,0.021299626553748
1.0001,9,50000,1,1,0.9998537041378049,-0.00011900753282237253
1.0001,9,50000,1,64,0.9906856689724013,-0.00749316091122959
1.0001,9,50000,1,1024,0.8643966935002787,-0.10063059017578146
1.0001,9,50000,1,4096,0.4807133887770512,-0.24597105752794374
1.0001,9,200000,1,1,0.9998305677255488,-5.864418735930502e-06
1.0001,9,200000,1,64,0.9892149219288425,-0.00034269515642138394
1.0001,9,200000,1,1024,0.8419818743317894,0.004590990086592833
1.0001,9,200000,1,4096,0.5014860036657915,0.0017228931269335527
1.0001,9,1000000,1,1,0.9998346873815496,-1.0074359399507053e-05
1.0001,9,1000000,1,64,0.9896095075022261,-0.0006344423666175672
1.0001,9,1000000,1,1024,0.8538350531847457,-0.0067561265942223964
1.0001,9,1000000,1,4096,0.5545159282604941,-0.02561740986215704
1.0001,9,50000,4,1,0.9996957727715764,-0.0002549456159814444
1.0001,9,50000,4,64,0.9795256700625676,-0.017313611738317566
1.0001,9,50000,4,1024,0.6571295564314293,-0.36551218945303354
1.0001,9,50000,4,4096,0.008901798077737165,-0.1943035451099196
1.0001,9,200000,4,1,0.9993646707717877,3.602918011976284e-05
1.0001,9,200000,4,64,0.9609663934533792,0.002656069742373163
1.0001,9,200000,4,1024,0.5420989791999139,-0.05688789923743442
1.0001,9,200000,4,4096,0.07636881945213117,0.10487838514830486
1.0001,9,1000000,4,1,0.999296991361856,-4.355955014820729e-05
1.0001,9,1000000,4,64,0.9567967738480575,-0.001771763846167485
1.0001,9,1000000,4,1024,0.544409610508092,-0.040920925991602346
1.0001,9,1000000,4,4096,0.19695145008045273,-0.01343604897715419
1.0001,10,50000,1,1,0.9997320474297625,-6.849776408611718e-05
1.0001,10,50000,1,64,0.9830195620882605,-0.005357265713655065
1.0001,10,50000,1,1024,0.7396019200417782,-0.10127535768774924
1.0001,10,50000,1,4096,0.3280970070421339,0.04276048207278315
1.0001,10,200000,1,1,0.9998028985862054,2.2202327310281226e-05
1.0001,10,200000,1,64,0.9870572021038412,0.0013318399859997545
1.0001,10,200000,1,1024,0.8045662346402203,0.014254101458041894
1.0001,10,200000,1,4096,0.4106826183289363,0.06065734076037139
1.0001,10,1000000,1,1,0.9997739074937527,2.8391391103684e-05
1.0001,10,1000000,1,64,0.9856141071320629,0.0017947057210409092
1.0001,10,1000000,1,1024,0.7860674311292084,0.03524471581454826
1.0001,10,1000000,1,4096,0.349468334464854,0.096325209138165
1.0001,10,50000,4,1,0.9989388567778018,-0.0004408095514591565
1.0001,10,50000,4,64,0.929897329858181,-0.03381332823976561
1.0001,10,50000,4,1024,0.26456413477525265,-0.357531013608495
1.0001,10,50000,4,4096,-0.1465778815792772,-0.033439886552187395
1.0001,10,200000,4,1,0.999317367283065,6.444584280323433e-05
1.0001,10,200000,4,64,0.9526086229106514,0.004384957206911353
1.0001,10,200000,4,1024,0.47807187922100647,0.04713500836358881
1.0001,10,200000,4,4096,-0.056418223594786744,0.10477468661424943
1.0001,10,1000000,4,1,0.999040742923438,9.251025254079448e-05
1.0001,10,1000000,4,64,0.9397054407598282,0.0056579842989712605
1.0001,10,1000000,4,1024,0.36355043068919046,0.07945504665518142
1.0001,10,1000000,4,4096,-0.06329756338809925,0.09248135869479832
1.0001,11,50000,1,1,0.9998269149246872,-1.533855084789789e-05
1.0001,11,50000,1,64,0.9890350390010926,-0.0005668869254806685
1.0001,11,50000,1,1024,0.8287746596245593,-0.03166949705103668
1.0001,11,50000,1,4096,0.463462815720347,0.11573278781796167
1.0001,11,200000,1,1,0.9997513988665077,-1.0796378976533787e-05
1.0001,11,200000,1,64,0.9842880498284431,-0.00048758911539805973
1.0001,11,200000,1,1024,0.7851537860049478,-0.009655264065370683
1.0001,11,200000,1,4096,0.334492234408107,0.07805464512911896
1.0001,11,1000000,1,1,0.9998050047560659,-6.938078106741809e-06
1.0001,11,1000000,1,64,0.9875945726692714,-0.00038558894225648103
1.0001,11,1000000,1,1024,0.8182787920207523,-0.004673522605760626
1.0001,11,1000000,1,4096,0.4694396995890637,0.009597674658735475
1.0001,11,50000,4,1,0.9994664008547,-0.000325831273403194
1.0001,11,50000,4,64,0.9666794340627284,-0.01863606493056144
1.0001,11,50000,4,1024,0.5456999327599805,-0.14679331004226992
1.0001,11,50000,4,4096,-0.02762806540279027,0.1605801449549929
1.0001,11,200000,4,1,0.9989100742048699,-0.0002637647324552462
1.0001,11,200000,4,64,0.9355263064985639,-0.01429900905542754
1.0001,11,200000,4,1024,0.3265425036057142,-0.0686071442284617
1.0001,11,200000,4,4096,-0.0014354803724382164,0.0677676445170624
1.0001,11,1000000,4,1,0.9992290341595057,-7.634946882081424e-05
1.0001,11,1000000,4,64,0.9527461445348268,-0.004806290387553632
1.0001,11,1000000,4,1024,0.44817614720153626,-0.038054513108053904
1.0001,11,1000000,4,4096,0.132333419051412,-0.007047682534177847
1.0001,12,50000,1,1,0.9997383783226188,-0.00011003787069867623
1.0001,12,50000,1,64,0.9828102440275898,-0.006648542569451764
1.0001,12,50000,1,1024,0.7455005575878951,-0.08393969765903991
1.0001,12,50000,1,4096,0.27960688340269196,0.0008587915970408065
1.0001,12,200000,1,1,0.9997299031430462,-4.370125857292986e-05
1.0001,12,200000,1,64,0.9828586195485857,-0.002557810458157935
1.0001,12,200000,1,1024,0.7636328495662547,-0.029225085949681835
1.0001,12,200000,1,4096,0.2878296356806173,-0.054706589523086914
1.0001,12,1000000,1,1,0.9997975079619387,-1.1357522485007438e-05
1.0001,12,1000000,1,64,0.9871407127664791,-0.0007225544343357404
1.0001,12,1000000,1,1024,0.8164567312089305,-0.0190844625810778
1.0001,12,1000000,1,4096,0.4334539503661792,-0.08671764281306212
1.0001,12,50000,4,1,0.9991968321623583,-0.0004320456420203488
1.0001,12,50000,4,64,0.940860868419524,-0.025830109469690173
1.0001,12,50000,4,1024,0.3056147533979937,-0.27872618273380384
1.0001,12,50000,4,4096,-0.027580271647117228,-0.055637470393026314
1.0001,12,200000,4,1,0.9988711915386985,-0.00025839626200169967
1.0001,12,200000,4,64,0.9279831245284248,-0.01632073744582415
1.0001,12,200000,4,1024,0.21348288920190311,-0.098785825543161
1.0001,12,200000,4,4096,0.031605997190672315,-0.07534107608049878
1.0001,12,1000000,4,1,0.9991787139835184,-4.544162813238538e-05
1.0001,12,1000000,4,64,0.9488047965533124,-0.002210642962880726
1.0001,12,1000000,4,1024,0.4397736005914494,-0.019126906497722782
1.0001,12,1000000,4,4096,0.08920840406473189,-0.0512340948033552
1.0001,13,50000,1,1,0.9998350298667361,-3.201131264244347e-05
1.0001,13,50000,1,64,0.9900677591325472,-0.0022811106460149016
1.0001,13,50000,1,1024,0.8589880816120682,-0.009612291725141208
1.0001,13,50000,1,4096,0.5818138281740286,-0.3030590395002633
1.0001,13,200000,1,1,0.9997966353321588,1.426259549031384e-06
1.0001,13,200000,1,64,0.9873137263806935,-0.0002616769516436771
1.0001,13,200000,1,1024,0.8185130546324848,-0.01841275983358931
1.0001,13,200000,1,4096,0.4827275845124027,-0.13405791841727902
1.0001,13,1000000,1,1,0.9997980180002866,1.2948023049721657e-05
1.0001,13,1000000,1,64,0.9871314590905472,0.0007881750041347117
1.0001,13,1000000,1,1024,0.8098518853746552,0.011908807433708072
1.0001,13,1000000,1,4096,0.4323534947339171,-0.021491959292313102
1.0001,13,50000,4,1,0.9992573052499306,-9.678666204122468e-06
1.0001,13,50000,4,64,0.9583587009524098,0.0012618420481598244
1.0001,13,50000,4,1024,0.5922435446215283,-0.017737894878161613
1.0001,13,50000,4,4096,0.15744353463542227,-0.24978839745119774
1.0001,13,200000,4,1,0.9992240924692991,0.00014748521487471323
1.0001,13,200000,4,64,0.9530674607039,0.010510031844075774
1.0001,13,200000,4,1024,0.4261033399601354,0.0177045821988964
1.0001,13,200000,4,4096,0.13531007938129996,-0.1449244505927666
1.0001,13,1000000,4,1,0.9992265436501111,7.896397985753284e-05
1.0001,13,1000000,4,64,0.9515888309228054,0.005160718350417645
1.0001,13,1000000,4,1024,0.4195972600027684,0.048801812090685764
1.0001,13,1000000,4,4096,0.05300861892636685,0.007448401802952119
1.0001,14,50000,1,1,0.9998144684589758,-6.163815598635337e-05
1.0001,14,50000,1,64,0.9880744618477435,-0.0038380648965465032
1.0001,14,50000,1,1024,0.83411489545019,-0.016597977266028952
1.0001,14,50000,1,4096,0.6890190617980165,-0.21037276882974273
1.0001,14,200000,1,1,0.9998272818517525,6.1028971007449965e-06
1.0001,14,200000,1,64,0.9888011499486573,0.00041451440900372357
1.0001,14,200000,1,1024,0.8362003119670246,0.00681157145467065
1.0001,14,200000,1,4096,0.5795333818057183,-5.8384893182334404e-05
1.0001,14,1000000,1,1,0.9997891972293942,-4.444839612984863e-06
1.0001,14,1000000,1,64,0.9865074071828557,-4.8050659914417744e-05
1.0001,14,1000000,1,1024,0.8046578133592734,-0.0035938682989245345
1.0001,14,1000000,1,4096,0.4323858175972553,-0.04914216120928907
1.0001,14,50000,4,1,0.99903422901498,-0.0003667981279623045
1.0001,14,50000,4,64,0.9452089341796637,-0.02502173567555757
1.0001,14,50000,4,1024,0.49691729603827933,-0.13370547325205515
1.0001,14,50000,4,4096,0.27579581864176245,-0.18774525667707362
1.0001,14,200000,4,1,0.9993045245254015,7.35975330202368e-05
1.0001,14,200000,4,64,0.9571484604787349,0.004298361057543397
1.0001,14,200000,4,1024,0.5086792776926913,0.02799766696329145
1.0001,14,200000,4,4096,0.24103086971003182,0.03297918464213547
1.0001,14,1000000,4,1,0.9991526875894244,3.884124818686488e-06
1.0001,14,1000000,4,64,0.946869449578403,0.001341003824816458
1.0001,14,1000000,4,1024,0.40835402454654923,-0.004795106655014772
1.0001,14,1000000,4,4096,0.040286590694595635,-0.015312903708893478
1.0001,15,50000,1,1,0.9997341378665886,-9.489894074812697e-05
1.0001,15,50000,1,64,0.9836998516940364,-0.005429799068898264
1.0001,15,50000,1,1024,0.792170765428108,-0.07637591191702132
1.0001,15,50000,1,4096,0.3910175563984603,-0.08767278107749732
1.0001,15,200000,1,1,0.9997702684989379,-3.492416400219361e-05
1.0001,15,200000,1,64,0.9854214309734481,-0.001997698065178828
1.0001,15,200000,1,1024,0.797636986197071,-0.018985736097951317
1.0001,15,200000,1,4096,0.41192181259015725,0.012925969878627933
1.0001,15,1000000,1,1,0.9997866557981584,-1.62148952501146e-05
1.0001,15,1000000,1,64,0.9864439110061505,-0.0009483158539576739
1.0001,15,1000000,1,1024,0.8033647154784893,-0.010107334179529142
1.0001,15,1000000,1,4096,0.3935258189046064,-0.0286500774484722
1.0001,15,50000,4,1,0.9984018306792627,-0.0009073116583293734
1.0001,15,50000,4,64,0.9080157653229851,-0.04963629880384729
1.0001,15,50000,4,1024,0.2954962569717179,-0.35329374595585883
1.0001,15,50000,4,4096,-0.1680298129365452,-0.024117120991098296
1.0001,15,200000,4,1,0.9989903817881735,-0.0004343211423508179
1.0001,15,200000,4,64,0.9375982293836607,-0.02401044920925266
1.0001,15,200000,4,1024,0.37370735449994597,-0.10660806313887931
1.0001,15,200000,4,4096,-0.013814988562047407,0.0009464534406348718
1.0001,15,1000000,4,1,0.9991492623871356,-0.0001585110323961465
1.0001,15,1000000,4,64,0.9470986281094553,-0.009145629761013177
1.0001,15,1000000,4,1024,0.4105544673132834,-0.04717771541310131
1.0001,15,1000000,4,4096,-0.016789670216270994,-0.05001915489464843
1.0001,16,50000,1,1,0.9997970775070826,-8.888006254193642e-05
1.0001,16,50000,1,64,0.9868170728076627,-0.005543764479091989
1.0001,16,50000,1,1024,0.8054344675910976,-0.058192404656419096
1.0001,16,50000,1,4096,0.44069130123417,-0.17643573787055403
1.0001,16,200000,1,1,0.9997729676959335,-2.1665323983889023e-05
1.0001,16,200000,1,64,0.9853784368602635,-0.0013680672599727943
1.0001,16,200000,1,1024,0.7948269483075292,-0.010205178053279354
1.0001,16,200000,1,4096,0.40039278508946313,-0.03564312610158213
1.0001,16,1000000,1,1,0.9998126877359163,-1.1454697934413358e-05
1.0001,16,1000000,1,64,0.9880391483429182,-0.0007415506433310638
1.0001,16,1000000,1,1024,0.8354747068906248,-0.008087175474832705
1.0001,16,1000000,1,4096,0.4968908088485123,0.017034790793467862
1.0001,16,50000,4,1,0.9993175889461143,-0.0007225903438600318
1.0001,16,50000,4,64,0.9567850231768433,-0.03956193097780713
1.0001,16,50000,4,1024,0.47665845702640053,-0.3196659222887402
1.0001,16,50000,4,4096,-0.030305835516101304,-0.2571139113428014
1.0001,16,200000,4,1,0.9988885360374025,-0.00022454468125819964
1.0001,16,200000,4,64,0.9299152068782836,-0.013542442806002164
1.0001,16,200000,4,1024,0.3825702215789381,-0.06890364714699053
1.0001,16,200000,4,4096,-0.10406422588048755,-0.039208881193864925
1.0001,16,1000000,4,1,0.9991837168966266,-8.049721205891581e-05
1.0001,16,1000000,4,64,0.9488836419526963,-0.00463588119262399
1.0001,16,1000000,4,1024,0.48259848419446927,-0.04491104523181135
1.0001,16,1000000,4,4096,0.08583064258124322,0.01791748651226321
1.0001,17,50000,1,1,0.9998403404344758,-3.305536308903046e-05
1.0001,17,50000,1,64,0.9900821824348359,-0.002138377104671587
1.0001,17,50000,1,1024,0.8975558855805412,-0.06388577386296271
1.0001,17,50000,1,4096,0.6186038686389023,-0.26192134434952347
1.0001,17,200000,1,1,0.99980421487912,2.220607759146344e-06
1.0001,17,200000,1,64,0.9878394434529603,-0.00016851058984880624
1.0001,17,200000,1,1024,0.8396910376479257,-0.011496885662060665
1.0001,17,200000,1,4096,0.45497447871894536,-0.022124891840924196
1.0001,17,1000000,1,1,0.9997969520678353,8.771806933823036e-06
1.0001,17,1000000,1,64,0.9871323380248395,0.0004919327521779028
1.0001,17,1000000,1,1024,0.8127402108500255,0.0040637418288068635
1.0001,17,1000000,1,4096,0.39055031797085055,0.009533065669918392
1.0001,17,50000,4,1,0.9991991606547472,0.00012922754264435912
1.0001,17,50000,4,64,0.9498984215041328,0.005720057310757319
1.0001,17,50000,4,1024,0.6536945298247145,-0.15995901215951963
1.0001,17,50000,4,4096,0.3110986161289817,-0.26805479732974263
1.0001,17,200000,4,1,0.9991777624155171,-1.5551486954682385e-05
1.0001,17,200000,4,64,0.9482677572968564,-0.0021337024131396877
1.0001,17,200000,4,1024,0.48210711519796373,0.012045815855164841
1.0001,17,200000,4,4096,0.054008390660074776,0.0013941388658536063
1.0001,17,1000000,4,1,0.9992014781315347,3.9770629369594845e-05
1.0001,17,1000000,4,64,0.9506486647880416,0.001942250821136255
1.0001,17,1000000,4,1024,0.43862555286854754,0.02284217015202341
1.0001,17,1000000,4,4096,0.0020495300627579086,0.04349815435607117
1.0001,18,50000,1,1,0.999843101280723,-9.882952909489298e-06
1.0001,18,50000,1,64,0.9896839186158509,-0.0014046476761534986
1.0001,18,50000,1,1024,0.8619117081561104,-0.021004594959268878
1.0001,18,50000,1,4096,0.490113554260222,-0.20441290754173433
1.0001,18,200000,1,1,0.9998859592249426,-2.8132709161663553e-05
1.0001,18,200000,1,64,0.992806192258152,-0.0018918574895558354
1.0001,18,200000,1,1024,0.9004214395948994,-0.02285136385435655
1.0001,18,200000,1,4096,0.6592086361295402,-0.09609486749820535
1.0001,18,1000000,1,1,0.9998038143073109,2.2991031150683335e-05
1.0001,18,1000000,1,64,0.9875644938476191,0.0013691082812740164
1.0001,18,1000000,1,1024,0.8225976817436448,0.023769140698731095
1.0001,18,1000000,1,4096,0.4609116736386995,0.07102161277476364
1.0001,18,50000,4,1,0.9992273366910671,6.935995297751157e-05
1.0001,18,50000,4,64,0.9513764753383607,-0.0023771125882358396
1.0001,18,50000,4,1024,0.6110818536011329,-0.06698738624753962
1.0001,18,50000,4,4096,0.24450084439727035,-0.2983357969691645
1.0001,18,200000,4,1,0.9994919984122617,-9.700358048361859e-05
1.0001,18,200000,4,64,0.967678556667419,-0.007828114009270448
1.0001,18,200000,4,1024,0.6921173282688396,-0.10209804897164072
1.0001,18,200000,4,4096,0.3539288541122556,-0.16551438959033074
1.0001,18,1000000,4,1,0.9991689132115752,0.00010146975632730543
1.0001,18,1000000,4,64,0.9485055513999955,0.005798372316840347
1.0001,18,1000000,4,1024,0.44981589493595414,0.059704085640913805
1.0001,18,1000000,4,4096,0.06421383653652671,0.0628138079779983
1.0001,19,50000,1,1,0.9997828410538816,3.862483124889358e-05
1.0001,19,50000,1,64,0.9860275034456313,0.001987609959405506
1.0001,19,50000,1,1024,0.805765108262567,0.010817203658031026
1.0001,19,50000,1,4096,0.2561456517746148,-0.021120207802426374
1.0001,19,200000,1,1,0.9997391602920673,2.0328366311074954e-05
1.0001,19,200000,1,64,0.9835847279364985,0.0010472419051389087
1.0001,19,200000,1,1024,0.7553300859401995,0.013765929042026467
1.0001,19,200000,1,4096,0.24719896199804298,0.052803214943492535
1.0001,19,1000000,1,1,0.9998014890490416,1.0032386987197577e-06
1.0001,19,1000000,1,64,0.98747954303817,-5.674337341370077e-05
1.0001,19,1000000,1,1024,0.8174012907947501,-0.0026480810427905854
1.0001,19,1000000,1,4096,0.41102110217852345,0.013051484482618773
1.0001,19,50000,4,1,0.9991628513121243,0.00027777209308337035
1.0001,19,50000,4,64,0.9458837729548702,0.015228939340965657
1.0001,19,50000,4,1024,0.40561671539119504,0.05061001156398862
1.0001,19,50000,4,4096,-0.21049255101961925,-0.0479920314554217
1.0001,19,200000,4,1,0.998893892565227,0.00011559814117492279
1.0001,19,200000,4,64,0.9327625336432646,0.007263237361714366
1.0001,19,200000,4,1024,0.2756104024178592,0.06594713355337142
1.0001,19,200000,4,4096,-0.14851503755526213,0.018461088860766705
1.0001,19,1000000,4,1,0.9991976103409885,-9.397554489672498e-06
1.0001,19,1000000,4,64,0.9513201298498024,-0.0009543649791897656
1.0001,19,1000000,4,1024,0.4427949972963565,-0.0021275611695055394
1.0001,19,1000000,4,4096,0.035769962156276626,-0.01661050753748178
1.0001,20,50000,1,1,0.9997261376251009,-1.9794653106031785e-06
1.0001,20,50000,1,64,0.9823816169903103,-0.0004634458891366083
1.0001,20,50000,1,1024,0.7398214678526288,-0.030041528070849376
1.0001,20,50000,1,4096,0.28087133081634896,-0.14683928913432462
1.0001,20,200000,1,1,0.9997876445782632,2.9222136284894783e-05
1.0001,20,200000,1,64,0.9864299896824528,0.0017061882098341743
1.0001,20,200000,1,1024,0.8051860444531653,0.012310551517289398
1.0001,20,200000,1,4096,0.44028901437328666,-0.0033633686880306895
1.0001,20,1000000,1,1,0.9997822072817931,4.470728504920707e-06
1.0001,20,1000000,1,64,0.9862428114346293,0.0002187231601004967
1.0001,20,1000000,1,1024,0.802078559100399,-0.00013106365861007457
1.0001,20,1000000,1,4096,0.42772239790154937,0.014227689201078647
1.0001,20,50000,4,1,0.9988637456123062,0.00030853411136875993
1.0001,20,50000,4,64,0.9240522307322742,0.010939894140548995
1.0001,20,50000,4,1024,0.26022861742972214,-0.1287346838122549
1.0001,20,50000,4,4096,-0.09484211566285296,-0.21816610939719286
1.0001,20,200000,4,1,0.9990348314076863,0.000320274613751764
1.0001,20,200000,4,64,0.9382349592710225,0.01587469750303344
1.0001,20,200000,4,1024,0.41409251567950356,0.07272682026800918
1.0001,20,200000,4,4096,0.024691673253150085,0.027837733794670846
1.0001,20,1000000,4,1,0.9990454648669642,3.8611473329990844e-05
1.0001,20,1000000,4,64,0.9408560789013667,0.0019354955777734744
1.0001,20,1000000,4,1024,0.3956009192507812,0.020907230027723486
1.0001,20,1000000,4,4096,-0.018171084786901593,0.03171768066429744
1.0001,21,50000,1,1,0.9998048638077521,3.850776355726144e-05
1.0001,21,50000,1,64,0.9879525962643968,0.002979390240905168
1.0001,21,50000,1,1024,0.832225314569462,0.04616011613165011
1.0001,21,50000,1,4096,0.48605057348409886,0.19831634972532391
1.0001,21,200000,1,1,0.9998245527738591,1.455497625044801e-05
1.0001,21,200000,1,64,0.988967769217812,0.0013939271141840744
1.0001,21,200000,1,1024,0.8414814319090772,0.04216961666198864
1.0001,21,200000,1,4096,0.5296450185513354,0.20861068986859102
1.0001,21,1000000,1,1,0.9997980272550884,9.765673452339616e-07
1.0001,21,1000000,1,64,0.9872239554797626,9.105030416618562e-05
1.0001,21,1000000,1,1024,0.817774115512431,0.003561583959991455
1.0001,21,1000000,1,4096,0.44812136099719707,0.05161545846221173
1.0001,21,50000,4,1,0.9992747129457409,0.0002914880909552242
1.0001,21,50000,4,64,0.9577702162360424,0.020676872373246228
1.0001,21,50000,4,1024,0.3683889453399355,0.1598438592753157
1.0001,21,50000,4,4096,-0.11936151301732849,0.25994154342991116
1.0001,21,200000,4,1,0.9994455857793733,-8.074535730746186e-05
1.0001,21,200000,4,64,0.96519223581958,-0.001973639744264698
1.0001,21,200000,4,1024,0.5010077976781324,0.002717939752478341
1.0001,21,200000,4,4096,0.17400903082015992,0.1417672110687797
1.0001,21,1000000,4,1,0.9992138143636599,-2.6286367655531276e-05
1.0001,21,1000000,4,64,0.9510389530083214,-0.0015169810402276614
1.0001,21,1000000,4,1024,0.44264998933684624,-0.002569303834167927
1.0001,21,1000000,4,4096,0.025119036108087574,0.037131497325980804
1.0001,22,50000,1,1,0.999734095188898,9.529705787466016e-06
1.0001,22,50000,1,64,0.9831624019105953,0.0006752842547020466
1.0001,22,50000,1,1024,0.7608663109702564,0.01544593646610744
1.0001,22,50000,1,4096,0.27265590536851375,0.07966714017769021
1.0001,22,200000,1,1,0.9997869791296385,4.450566934768802e-06
1.0001,22,200000,1,64,0.9865500835395565,0.00019905382863851222
1.0001,22,200000,1,1024,0.7953225993843708,-0.0017299914741139802
1.0001,22,200000,1,4096,0.36447032567708604,0.05715004248176266
1.0001,22,1000000,1,1,0.9997920010833582,-2.1914541306499886e-05
1.0001,22,1000000,1,64,0.9868799071081717,-0.0014105298277212743
1.0001,22,1000000,1,1024,0.8051764767089875,-0.01838497477966041
1.0001,22,1000000,1,4096,0.3966687986873963,-0.036869601872937655
1.0001,22,50000,4,1,0.9988373502065587,0.0001442095497419859
1.0001,22,50000,4,64,0.9242292503454106,0.00974383207512303
1.0001,22,50000,4,1024,0.23667448026974586,0.1282553235407011
1.0001,22,50000,4,4096,-0.12290815128023533,0.04552834567372508
1.0001,22,200000,4,1,0.9991459040524558,3.071993103960226e-05
1.0001,22,200000,4,64,0.9457744761132154,0.002529648977397873
1.0001,22,200000,4,1024,0.39794048436282164,0.037021826487872056
1.0001,22,200000,4,4096,-0.04591022919704374,-0.021136834057209557
1.0001,22,1000000,4,1,0.9991556080185033,-6.777043145235908e-05
1.0001,22,1000000,4,64,0.9471933184068831,-0.005885807939197307
1.0001,22,1000000,4,1024,0.40776185310460783,-0.058525713333721884
1.0001,22,1000000,4,4096,-0.020922388284599223,-0.04133175765865995
1.0001,23,50000,1,1,0.9997583811377893,1.3352774602460858e-05
1.0001,23,50000,1,64,0.9849782565923021,0.0006463168130464853
1.0001,23,50000,1,1024,0.7897548386884419,-0.0031831678188155056
1.0001,23,50000,1,4096,0.5018273783936635,-0.21849467238826303
1.0001,23,200000,1,1,0.9997441336831666,-2.9895547265289486e-05
1.0001,23,200000,1,64,0.9838692105920339,-0.0016918531088903892
1.0001,23,200000,1,1024,0.7600915772365433,-0.024606406523582845
1.0001,23,200000,1,4096,0.35887761030243015,-0.07634476075357635
1.0001,23,1000000,1,1,0.9998020599295109,-1.6103243897094227e-05
1.0001,23,1000000,1,64,0.9874082047382803,-0.0010160555630407708
1.0001,23,1000000,1,1024,0.8168041446074545,-0.012423671218093324
1.0001,23,1000000,1,4096,0.4896823359614035,-0.041548759036269235
1.0001,23,50000,4,1,0.9988016095339344,-0.00010055804118149446
1.0001,23,50000,4,64,0.9277545579736202,-0.0005308649877874557
1.0001,23,50000,4,1024,0.3039097308611632,0.09509994258335853
1.0001,23,50000,4,4096,0.096438364617549,-0.2730475609246416
1.0001,23,200000,4,1,0.998966317590854,-0.00025735104367477783
1.0001,23,200000,4,64,0.9373008265294108,-0.015452900091130562
1.0001,23,200000,4,1024,0.2682331269998301,-0.11149749840191032
1.0001,23,200000,4,4096,0.005624557469603737,-0.04638742493788187
1.0001,23,1000000,4,1,0.9991969453814182,-5.766402113679822e-05
1.0001,23,1000000,4,64,0.9494757089139774,-0.0034436918733425884
1.0001,23,1000000,4,1024,0.4378754222966625,-0.05064198634026162
1.0001,23,1000000,4,4096,0.07704542080512168,-0.05194341190053681
1.0001,24,50000,1,1,0.9998517245059317,0.00013263619454094932
1.0001,24,50000,1,64,0.9902974274065459,0.008434408404495027
1.0001,24,50000,1,1024,0.8337773017656084,0.10773076679898505
1.0001,24,50000,1,4096,0.4384249484971288,0.21597728644535993
1.0001,24,200000,1,1,0.9997773326748707,5.208483833577511e-05
1.0001,24,200000,1,64,0.9857740722362097,0.002904630232003483
1.0001,24,200000,1,1024,0.7897100741871548,0.04029951864959022
1.0001,24,200000,1,4096,0.34916711322574323,0.051663148627296936
1.0001,24,1000000,1,1,0.9997848743353231,5.6862697921475165e-06
1.0001,24,1000000,1,64,0.9864541212378642,0.00017920126730626735
1.0001,24,1000000,1,1024,0.8034915637713388,0.00043609248129123247
1.0001,24,1000000,1,4096,0.42813575829135814,-0.0422775629496089
1.0001,24,50000,4,1,0.999703005980925,0.0006662201374017044
1.0001,24,50000,4,64,0.9769723052316599,0.04127940353966078
1.0001,24,50000,4,1024,0.5800387738885409,0.4010989652796366
1.0001,24,50000,4,4096,-0.21859874976978627,0.31473185738065196
1.0001,24,200000,4,1,0.9992085364873948,0.0003207353791137437
1.0001,24,200000,4,64,0.9487957182596786,0.0165613528988957
1.0001,24,200000,4,1024,0.3695004549955657,0.15233603508246787
1.0001,24,200000,4,4096,-0.1370228886558448,0.10920965064541255
1.0001,24,1000000,4,1,0.9991067057405236,7.44313502880442e-05
1.0001,24,1000000,4,64,0.9441151188640513,0.0037288914659729445
1.0001,24,1000000,4,1024,0.39265212294792495,0.02212287539020499
1.0001,24,1000000,4,4096,-0.017806140951671996,-0.005638785752959519
1.0001,25,50000,1,1,0.9998375763536135,6.917935135036151e-05
1.0001,25,50000,1,64,0.9897712757984987,0.0035518470841453204
1.0001,25,50000,1,1024,0.8307674233239972,0.04900650515267937
1.0001,25,50000,1,4096,0.41706770771001556,0.13451332531257154
1.0001,25,200000,1,1,0.9997992421716867,2.7158407950293375e-05
1.0001,25,200000,1,64,0.9874913304194282,0.0013949558981125939
1.0001,25,200000,1,1024,0.8232556131099927,0.017361197657212734
1.0001,25,200000,1,4096,0.4362557853715145,0.02685931753947099
1.0001,25,1000000,1,1,0.9998057604891997,7.4201713652757184e-06
1.0001,25,1000000,1,64,0.9875922407736644,0.0004651875775308739
1.0001,25,1000000,1,1024,0.8253625355416585,0.012057934900951967
1.0001,25,1000000,1,4096,0.45012356497189626,0.04399512014974317
1.0001,25,50000,4,1,0.9995440807657926,0.0006712904536234825
1.0001,25,50000,4,64,0.9676022785590002,0.03766331437451824
1.0001,25,50000,4,1024,0.49169157322937623,0.22310032596205648
1.0001,25,50000,4,4096,0.014867149598547817,0.24205168563075075
1.0001,25,200000,4,1,0.9991677203380257,0.00026322278402050956
1.0001,25,200000,4,64,0.9483001407512663,0.01384769753069702
1.0001,25,200000,4,1024,0.41336276442114683,0.0560761487147254
1.0001,25,200000,4,4096,-0.034699040968165826,-0.026830488899666664
1.0001,25,1000000,4,1,0.9992018154122574,-2.3622211765517646e-05
1.0001,25,1000000,4,64,0.9497703415445949,-0.000911544413815143
1.0001,25,1000000,4,1024,0.4557583190679757,0.009314172212477777
1.0001,25,1000000,4,4096,0.04284447567642325,0.050657366114051194
1.0001,26,50000,1,1,0.9998233614346229,-0.00012306032721507367
1.0001,26,50000,1,64,0.9891190922716464,-0.006927248467943599
1.0001,26,50000,1,1024,0.8336803901989315,-0.08858486875122633
1.0001,26,50000,1,4096,0.503254068882887,-0.09707537557445431
1.0001,26,200000,1,1,0.9998524942313813,-7.323779478271988e-05
1.0001,26,200000,1,64,0.9907821132274479,-0.004620301980370449
1.0001,26,200000,1,1024,0.8599646069136847,-0.061603058097159366
1.0001,26,200000,1,4096,0.5584008945201147,-0.09463662684429948
1.0001,26,1000000,1,1,0.9998176433734,-1.6829087948341394e-05
1.0001,26,1000000,1,64,0.9884974995677439,-0.0011224259656203396
1.0001,26,1000000,1,1024,0.8346199640842314,-0.011103189901275696
1.0001,26,1000000,1,4096,0.5098239900687118,-0.034840161226050624
1.0001,26,50000,4,1,0.9996315050076217,-0.0005704391964146547
1.0001,26,50000,4,64,0.9745038464412146,-0.03469210782624346
1.0001,26,50000,4,1024,0.5829655628327725,-0.366964108038087
1.0001,26,50000,4,4096,0.006190689173578656,-0.29341968838687177
1.0001,26,200000,4,1,0.9995774921661857,-0.00023109952393219178
1.0001,26,200000,4,64,0.9714867802929364,-0.01515478317311433
1.0001,26,200000,4,1024,0.611160329231245,-0.19568025912367243
1.0001,26,200000,4,4096,0.20084401494349002,-0.18348622389359012
1.0001,26,1000000,4,1,0.9992836353021667,-7.282714900756827e-05
1.0001,26,1000000,4,64,0.955342821496614,-0.004801253762211368
1.0001,26,1000000,4,1024,0.4932704337702866,-0.04282670060750325
1.0001,26,1000000,4,4096,0.08907876671035432,-0.07862616332418211
1.0001,27,50000,1,1,0.9997798594978533,-7.201886429580498e-05
1.0001,27,50000,1,64,0.9855463542820186,-0.005290322986555571
1.0001,27,50000,1,1024,0.7925393784617066,-0.07822258090893562
1.0001,27,50000,1,4096,0.38060795699842864,-0.07821731186267969
1.0001,27,200000,1,1,0.9997828378407072,-6.014766979330238e-06
1.0001,27,200000,1,64,0.9863422064660625,-0.0003170054918712129
1.0001,27,200000,1,1024,0.7993201852919471,-0.0041909113738635515
1.0001,27,200000,1,4096,0.4468289788483846,0.034618271106284286
1.0001,27,1000000,1,1,0.9997918189608985,-1.2969628677854637e-05
1.0001,27,1000000,1,64,0.9868251141538834,-0.0009742268503744909
1.0001,27,1000000,1,1024,0.8063678243367379,-0.012707433856135677
1.0001,27,1000000,1,4096,0.4267790765655181,-0.04243370178771247
1.0001,27,50000,4,1,0.9991526367357029,-0.0002952987522584538
1.0001,27,50000,4,64,0.9478791328797608,-0.021882171573300226
1.0001,27,50000,4,1024,0.3385355969031864,-0.21060751973196692
1.0001,27,50000,4,4096,-0.011062227851966361,-0.12541781315377154
1.0001,27,200000,4,1,0.9989729321006429,-0.00012420198992164232
1.0001,27,200000,4,64,0.9381525433607969,-0.007996732159649684
1.0001,27,200000,4,1024,0.3577197432348351,-0.007197661831004162
1.0001,27,200000,4,4096,0.01611020995816586,0.11095582696365647
1.0001,27,1000000,4,1,0.999127941850195,-6.0175342684678315e-05
1.0001,27,1000000,4,64,0.946206474674565,-0.004432631329531745
1.0001,27,1000000,4,1024,0.4096858032954861,-0.032113913014044336
1.0001,27,1000000,4,4096,0.030469296163029132,-0.04547180011659166
1.0001,28,50000,1,1,0.9996736410041682,-7.360907609661248e-05
1.0001,28,50000,1,64,0.978909591005498,-0.004721604227662066
1.0001,28,50000,1,1024,0.7403409349697461,-0.02147209422889685
1.0001,28,50000,1,4096,0.4876759822819172,0.06177327395808446
1.0001,28,200000,1,1,0.9998216731574258,-2.0471695292479567e-05
1.0001,28,200000,1,64,0.9883729570549948,-0.001146958515291444
1.0001,28,200000,1,1024,0.8489181555138635,-0.009845736919292254
1.0001,28,200000,1,4096,0.5576371511680879,0.013102934854161674
1.0001,28,1000000,1,1,0.9997995885858446,-1.7818441852818864e-05
1.0001,28,1000000,1,64,0.9871550092020477,-0.0011370624674441913
1.0001,28,1000000,1,1024,0.813388124225583,-0.018384002571326625
1.0001,28,1000000,1,4096,0.4678100188067419,-0.026120262158752457
1.0001,28,50000,4,1,0.9987161573549272,-0.0008337524484053435
1.0001,28,50000,4,64,0.9177803212586423,-0.052393011692692726
1.0001,28,50000,4,1024,0.16680071831536664,-0.20321807765195007
1.0001,28,50000,4,4096,0.03083782736197533,-0.02643970236246385
1.0001,28,200000,4,1,0.9992449687100636,-0.00021434055637433434
1.0001,28,200000,4,64,0.9526084256423012,-0.013240158947921826
1.0001,28,200000,4,1024,0.5439701018499015,-0.06015921901268033
1.0001,28,200000,4,4096,0.19521084634886054,0.030506645874742562
1.0001,28,1000000,4,1,0.9992181749674862,-8.120197347312032e-05
1.0001,28,1000000,4,64,0.9500832419122291,-0.005830153507765075
1.0001,28,1000000,4,1024,0.4302180636697217,-0.060060474913558703
1.0001,28,1000000,4,4096,0.06397450559412263,-0.01748490365304697
1.0001,29,50000,1,1,0.9998315541123679,4.349292525255961e-05
1.0001,29,50000,1,64,0.9888538746117912,0.003090173782029109
1.0001,29,50000,1,1024,0.8420701990066364,0.09663709563907175
1.0001,29,50000,1,4096,0.3719971509167232,0.34007935194375083
1.0001,29,200000,1,1,0.999876752103098,1.749474398346373e-05
1.0001,29,200000,1,64,0.9919472407690745,0.0011126520594791594
1.0001,29,200000,1,1024,0.8819502069966046,0.031032562476433267
1.0001,29,200000,1,4096,0.6050049410270195,0.10082893215039553
1.0001,29,1000000,1,1,0.9998124988776199,1.2762783807951159e-06
1.0001,29,1000000,1,64,0.9880901864378684,0.00012067488645400672
1.0001,29,1000000,1,1024,0.8226283572300681,0.008556528132277794
1.0001,29,1000000,1,4096,0.5032160008342753,0.015298916873875159
1.0001,29,50000,4,1,0.9994657208239837,-0.00010850699373876819
1.0001,29,50000,4,64,0.9654395644968106,-0.007045157127598169
1.0001,29,50000,4,1024,0.4770480851851115,0.13422386082828144
1.0001,29,50000,4,4096,0.26166097983693065,0.1569853496375414
1.0001,29,200000,4,1,0.9995227752972752,6.595126986969366e-05
1.0001,29,200000,4,64,0.9698775383372469,0.003365514837127044
1.0001,29,200000,4,1024,0.6447114768564781,0.049625296001162514
1.0001,29,200000,4,4096,0.34047808946354946,0.0493420075004353
1.0001,29,1000000,4,1,0.9992203359859143,-3.7026144649168214e-05
1.0001,29,1000000,4,64,0.9508932137220254,-0.0018625720636118517
1.0001,29,1000000,4,1024,0.45050962179273657,0.017236551948274764
1.0001,29,1000000,4,4096,0.1022215619415562,-0.03234942226690838
1.0001,30,50000,1,1,0.9998354076508558,3.717906184824907e-06
1.0001,30,50000,1,64,0.9897078625798611,-0.00019846829869988656
1.0001,30,50000,1,1024,0.8553896030023443,-0.03172224247748268
1.0001,30,50000,1,4096,0.48881710088053437,-0.022319459018567755
1.0001,30,200000,1,1,0.999817923262148,2.0259833921481294e-05
1.0001,30,200000,1,64,0.9884725823343898,0.0012976365761000978
1.0001,30,200000,1,1024,0.8467543991397637,0.013581522346096771
1.0001,30,200000,1,4096,0.4837460068441151,0.05665533312185852
1.0001,30,1000000,1,1,0.9998089843788432,3.393028378948299e-06
1.0001,30,1000000,1,64,0.9877943009954835,0.00022869488296141467
1.0001,30,1000000,1,1024,0.8248892741927728,0.008816877296053433
1.0001,30,1000000,1,4096,0.44765897877131133,-0.007697736841401726
1.0001,30,50000,4,1,0.9994067798544819,0.0003004709493689587
1.0001,30,50000,4,64,0.9628814570803732,0.018615438801078448
1.0001,30,50000,4,1024,0.4782294362792627,0.07565338999327106
1.0001,30,50000,4,4096,0.07514311706598929,0.16886232781163799
1.0001,30,200000,4,1,0.9991873732511702,0.00014883761518333063
1.0001,30,200000,4,64,0.9492754442816012,0.01162010954428694
1.0001,30,200000,4,1024,0.4991070715777296,0.07110818402496293
1.0001,30,200000,4,4096,0.037584369642568935,0.05696291120319229
1.0001,30,1000000,4,1,0.9992584515032926,-4.327713886236387e-05
1.0001,30,1000000,4,64,0.9537786084482187,-0.0012523538293580227
1.0001,30,1000000,4,1024,0.4630571576963175,0.02042642311733176
1.0001,30,1000000,4,4096,0.04896469940485012,0.01857281862568367
1.0001,31,50000,1,1,0.9998130366719657,2.9089377921983617e-05
1.0001,31,50000,1,64,0.9878525624555102,0.0021714523015369585
1.0001,31,50000,1,1024,0.7881996571820349,0.02110576917074379
1.0001,31,50000,1,4096,0.35506394657965956,-0.03935951846330191
1.0001,31,200000,1,1,0.9997946398002212,3.786184663062848e-05
1.0001,31,200000,1,64,0.9868195670984086,0.002791259240520838
1.0001,31,200000,1,1024,0.8091537393277441,0.033753140437980916
1.0001,31,200000,1,4096,0.40041447258517077,0.0214652397281964
1.0001,31,1000000,1,1,0.9997986864598852,2.080229976348839e-05
1.0001,31,1000000,1,64,0.9871188028374067,0.0014554070224116651
1.0001,31,1000000,1,1024,0.8049026422800061,0.021217852478326433
1.0001,31,1000000,1,4096,0.4225138366479508,0.03473538947253058
1.0001,31,50000,4,1,0.9992692663666224,7.423101489900918e-05
1.0001,31,50000,4,64,0.9561289639175939,0.005659391719224578
1.0001,31,50000,4,1024,0.4308543026639194,0.028614902767859555
1.0001,31,50000,4,4096,-0.10820956871102273,-0.15848613661401678
1.0001,31,200000,4,1,0.9991787676097437,0.00020286836119507408
1.0001,31,200000,4,64,0.9513662277780449,0.011791114952113246
1.0001,31,200000,4,1024,0.4310770721979602,0.1288334272291897
1.0001,31,200000,4,4096,-0.09648689427915529,0.03806741865567611
1.0001,31,1000000,4,1,0.9992528852319874,9.065400647724051e-05
1.0001,31,1000000,4,64,0.9523054851716934,0.005341270090546328
1.0001,31,1000000,4,1024,0.4281716051982809,0.07587192852714159
1.0001,31,1000000,4,4096,0.01488365742952678,0.0662999097763647
1.0001,32,50000,1,1,0.9997526625360502,4.933080106757525e-05
1.0001,32,50000,1,64,0.9842639057488585,0.003915769842348607
1.0001,32,50000,1,1024,0.7599950814728084,0.014287992744296344
1.0001,32,50000,1,4096,0.26485518933349356,-0.18648819066197442
1.0001,32,200000,1,1,0.99977251318885,6.077155132122001e-06
1.0001,32,200000,1,64,0.9855633760602913,0.0006540211548620436
1.0001,32,200000,1,1024,0.7846159128001362,0.008503970507602621
1.0001,32,200000,1,4096,0.3547176183848912,-0.00856092771252656
1.0001,32,1000000,1,1,0.9998076050036503,1.3459575455996025e-05
1.0001,32,1000000,1,64,0.98767295615569,0.0010158921857306308
1.0001,32,1000000,1,1024,0.8100631717233944,0.008448579068714131
1.0001,32,1000000,1,4096,0.41319182417035605,0.0022400925149585124
1.0001,32,50000,4,1,0.9990918845112622,2.525244036562484e-05
1.0001,32,50000,4,64,0.9427066955523725,0.008505814787719888
1.0001,32,50000,4,1024,0.24512379162581768,0.12700816160625666
1.0001,32,50000,4,4096,-0.19759837905711294,0.09969949610483797
1.0001,32,200000,4,1,0.9990107523614101,-4.912586982133312e-05
1.0001,32,200000,4,64,0.9371347850847936,-0.0019859251506278786
1.0001,32,200000,4,1024,0.34789074531184544,0.02517967830345322
1.0001,32,200000,4,4096,-0.01144869876093557,0.002848159627083564
1.0001,32,1000000,4,1,0.9992809592549172,2.1873094214432207e-05
1.0001,32,1000000,4,64,0.9547931860741943,0.001706768378909244
1.0001,32,1000000,4,1024,0.4566182205389815,0.042626907708845946
1.0001,32,1000000,4,4096,0.037002007995339835,0.032974442545826564
1.0001,33,50000,1,1,0.9997981740716176,-1.5829817669024195e-05
1.0001,33,50000,1,64,0.9869333220089681,-0.0005331734970824711
1.0001,33,50000,1,1024,0.770099218976436,-0.024040921584023534
1.0001,33,50000,1,4096,0.4253334964162671,-0.14343235657521503
1.0001,33,200000,1,1,0.9998433350897392,-2.2674388531151472e-05
1.0001,33,200000,1,64,0.9900104216273624,-0.0012546225432336488
1.0001,33,200000,1,1024,0.8337018936301711,-0.026380813061823463
1.0001,33,200000,1,4096,0.5177932016609079,-0.04963412747996903
1.0001,33,1000000,1,1,0.9998187206136571,6.657814748982489e-07
1.0001,33,1000000,1,64,0.988468198027652,-3.527805485663761e-05
1.0001,33,1000000,1,1024,0.8308077119895819,-0.005231454706042175
1.0001,33,1000000,1,4096,0.4872278996081977,0.014453025778558979
1.0001,33,50000,4,1,0.9994616765124632,-4.663188670640494e-05
1.0001,33,50000,4,64,0.965206546853758,0.0011061443019528966
1.0001,33,50000,4,1024,0.4038674256003756,0.051811525052373075
1.0001,33,50000,4,4096,0.15925184156713415,-0.13672362381682462
1.0001,33,200000,4,1,0.999511193992899,-0.00010608785838120401
1.0001,33,200000,4,64,0.9694811259001143,-0.0063346005497526125
1.0001,33,200000,4,1024,0.5668247724320314,-0.05901952264014309
1.0001,33,200000,4,4096,0.17967044167674484,0.0012965074811461628
1.0001,33,1000000,4,1,0.9993517051136389,1.88352441636962e-05
1.0001,33,1000000,4,64,0.958805259176651,0.001381627703652052
1.0001,33,1000000,4,1024,0.4905080264137737,-0.003555357532646468
1.0001,33,1000000,4,4096,0.08562808896183623,0.017853309041279183
1.0001,34,50000,1,1,0.9998872888963822,5.368346689859105e-06
1.0001,34,50000,1,64,0.9936920730225232,0.0008305830732830418
1.0001,34,50000,1,1024,0.9131940206051848,-0.004340239008113781
1.0001,34,50000,1,4096,0.7539618610349442,-0.08452199367199337
1.0001,34,200000,1,1,0.9998017452075203,3.195942979243659e-06
1.0001,34,200000,1,64,0.9872575415055554,0.0003615382758352039
1.0001,34,200000,1,1024,0.820940544058118,0.0009308783565575731
1.0001,34,200000,1,4096,0.45867082699386796,0.05811355780897669
1.0001,34,1000000,1,1,0.9997791125037168,1.4655957486340522e-05
1.0001,34,1000000,1,64,0.9859437314317999,0.0007518932984335145
1.0001,34,1000000,1,1024,0.7970082740714427,0.010485693816925793
1.0001,34,1000000,1,4096,0.37726151773947125,0.04533467364390081
1.0001,34,50000,4,1,0.9998863020699305,1.9557250703580518e-05
1.0001,34,50000,4,64,0.9915331757544665,0.00042240789485646754
1.0001,34,50000,4,1024,0.7908320351485759,0.002284175775016692
1.0001,34,50000,4,4096,0.2389655087820134,-0.07913885893534864
1.0001,34,200000,4,1,0.999148916584035,-2.3354994783361527e-05
1.0001,34,200000,4,64,0.945791129440716,0.00039103238207648143
1.0001,34,200000,4,1024,0.4422088710842132,0.005456527798052756
1.0001,34,200000,4,4096,0.006673621280963976,0.030343565069208416
1.0001,34,1000000,4,1,0.9990954287861995,7.772385275329865e-05
1.0001,34,1000000,4,64,0.9431937957766476,0.003632582782885718
1.0001,34,1000000,4,1024,0.3730528665850167,0.047602755785245525
1.0001,34,1000000,4,4096,0.003234990634227524,0.036290543361165384
1.0001,35,50000,1,1,0.9997474714213244,-5.652337204371274e-05
1.0001,35,50000,1,64,0.9839574773980171,-0.0037129007837594726
1.0001,35,50000,1,1024,0.7706668818399359,-0.0649531386887315
1.0001,35,50000,1,4096,0.2620609976925396,-0.2689757573552281
1.0001,35,200000,1,1,0.999786331668265,-3.322808512505178e-05
1.0001,35,200000,1,64,0.9862609984018987,-0.002309482087457297
1.0001,35,200000,1,1024,0.8008761251709248,-0.03625076501148708
1.0001,35,200000,1,4096,0.3430442189306084,-0.15147280562117185
1.0001,35,1000000,1,1,0.9997981454047848,-9.164204707685918e-06
1.0001,35,1000000,1,64,0.9872119566428662,-0.0005751290508169031
1.0001,35,1000000,1,1024,0.8128065117194592,-0.0075053963576350085
1.0001,35,1000000,1,4096,0.39153628281276925,0.012391082945435887
1.0001,35,50000,4,1,0.9991326350009376,-0.000372156473700223
1.0001,35,50000,4,64,0.9411541769806411,-0.024891345041781292
1.0001,35,50000,4,1024,0.35861582621074545,-0.1555852727262333
1.0001,35,50000,4,4096,-0.0729559727794352,-0.22325883710461736
1.0001,35,200000,4,1,0.9992578187257719,-0.00014357224793658848
1.0001,35,200000,4,64,0.9513134024602053,-0.010245992141316865
1.0001,35,200000,4,1024,0.4231922903268295,-0.08389218475363681
1.0001,35,200000,4,4096,-0.009861133159597498,-0.11270808937884458
1.0001,35,1000000,4,1,0.9992426779115079,-4.59752874520868e-05
1.0001,35,1000000,4,64,0.9519525509778288,-0.00261159076822354
1.0001,35,1000000,4,1024,0.44697980225078277,-0.022113870596759365
1.0001,35,1000000,4,4096,0.00709545163312391,-0.004502056010424144
1.0001,36,50000,1,1,0.9997640205522564,-7.744284215740692e-05
1.0001,36,50000,1,64,0.9853240549120482,-0.004165821074802273
1.0001,36,50000,1,1024,0.7713047006809223,-0.03732092906150431
1.0001,36,50000,1,4096,0.3522611696824153,-0.2125213516326189
1.0001,36,200000,1,1,0.9997999861003547,-3.287635039730413e-05
1.0001,36,200000,1,64,0.9873512805856333,-0.0018750790915995452
1.0001,36,200000,1,1024,0.795975475436137,-0.027688298411011916
1.0001,36,200000,1,4096,0.36098859542804446,-0.14661993882791285
1.0001,36,1000000,1,1,0.9998144251321065,-4.0009237616335165e-06
1.0001,36,1000000,1,64,0.9881669929530587,-0.0002009404556379757
1.0001,36,1000000,1,1024,0.827700721753435,-0.005995423252132011
1.0001,36,1000000,1,4096,0.4758622781652414,-0.03282708244221084
1.0001,36,50000,4,1,0.9992649593398819,-0.0007768815073757616
1.0001,36,50000,4,64,0.9526245173734347,-0.04340864042491251
1.0001,36,50000,4,1024,0.3923164757887901,-0.2434668395604174
1.0001,36,50000,4,4096,-0.07884772211748421,-0.17668499005478164
1.0001,36,200000,4,1,0.9994170301641667,-0.0001874206554711029
1.0001,36,200000,4,64,0.9643943128138929,-0.010652917742914032
1.0001,36,200000,4,1024,0.500941191435578,-0.08370658332177303
1.0001,36,200000,4,4096,-0.09547621104152626,-0.07774389859368265
1.0001,36,1000000,4,1,0.99925908478022,4.086582267496066e-05
1.0001,36,1000000,4,64,0.9553899466792447,0.002334816989734792
1.0001,36,1000000,4,1024,0.4887746993011266,-0.016927072597431266
1.0001,36,1000000,4,4096,0.10944121445500832,-0.04300439843421759
1.0001,37,50000,1,1,0.9999536348587121,9.333204035824313e-06
1.0001,37,50000,1,64,0.9971475372529874,0.0009411974914511268
1.0001,37,50000,1,1024,0.9526317155162418,0.005443827351082244
1.0001,37,50000,1,4096,0.9216803272202485,-0.04125089931623699
1.0001,37,200000,1,1,0.9998124799023607,-2.793562587070318e-05
1.0001,37,200000,1,64,0.9880333182432822,-0.0021147507706034603
1.0001,37,200000,1,1024,0.8446230312061651,-0.023566951542656346
1.0001,37,200000,1,4096,0.5091609022270507,-0.03451048508565235
1.0001,37,1000000,1,1,0.9998042685633572,-1.2080774635801557e-05
1.0001,37,1000000,1,64,0.9874929811589312,-0.0007738685916066032
1.0001,37,1000000,1,1024,0.8240771196375196,-0.0028493853555578547
1.0001,37,1000000,1,4096,0.4539426028447511,-0.0026807941676404855
1.0001,37,50000,4,1,0.9999078374101301,1.3080424379204678e-05
1.0001,37,50000,4,64,0.9953984343279698,0.0016961721568915108
1.0001,37,50000,4,1024,0.9627641048146551,-0.040159592564938236
1.0001,37,50000,4,4096,0.94054161607634,-0.11967248235401197
1.0001,37,200000,4,1,0.9991691076196131,-0.00014339101619329343
1.0001,37,200000,4,64,0.9487286366832236,-0.011725064751282092
1.0001,37,200000,4,1024,0.46444520226782615,-0.07936592640393803
1.0001,37,200000,4,4096,0.23148713619849218,-0.12398968573413656
1.0001,37,1000000,4,1,0.9992021775538059,-9.620190278222712e-05
1.0001,37,1000000,4,64,0.9496990455411396,-0.007069675658326244
1.0001,37,1000000,4,1024,0.46137715204880086,-0.03182174905646029
1.0001,37,1000000,4,4096,0.052286357022632554,-0.029451417020613227
1.0001,38,50000,1,1,0.999776928914989,-8.242064855810232e-05
1.0001,38,50000,1,64,0.9861707655615601,-0.005316768863390743
1.0001,38,50000,1,1024,0.7666464817539045,-0.09996652457857429
1.0001,38,50000,1,4096,0.3341636503468103,-0.07892822777995293
1.0001,38,200000,1,1,0.9998190999072697,-5.799485151041295e-05
1.0001,38,200000,1,64,0.9886532322012673,-0.003823678384912842
1.0001,38,200000,1,1024,0.8362425253102994,-0.053997576373035615
1.0001,38,200000,1,4096,0.4591582528882359,-0.08974870147271638
1.0001,38,1000000,1,1,0.9998143079001346,-9.659552715918454e-06
1.0001,38,1000000,1,64,0.9882540549061416,-0.0005746839651211864
1.0001,38,1000000,1,1024,0.8203508463986506,-0.006878983951252116
1.0001,38,1000000,1,4096,0.4458164245643204,-0.00974466678877445
1.0001,38,50000,4,1,0.9990309995210784,-0.0001783394001432762
1.0001,38,50000,4,64,0.9414975674209681,-0.010204357513047352
1.0001,38,50000,4,1024,0.3040878287649898,-0.20300258382964417
1.0001,38,50000,4,4096,-0.015887648209772294,-0.1887227643912989
1.0001,38,200000,4,1,0.9992083973163739,-0.00022826452805508395
1.0001,38,200000,4,64,0.9512496863159015,-0.014925690163084522
1.0001,38,200000,4,1024,0.4968948084086329,-0.18448876846100565
1.0001,38,200000,4,4096,0.050719180746229026,-0.05904575222165765
1.0001,38,1000000,4,1,0.999264119489139,-2.063585921282957e-05
1.0001,38,1000000,4,64,0.9546000343322748,-0.001207830470230211
1.0001,38,1000000,4,1024,0.47787971447601013,-0.026610818937678627
1.0001,38,1000000,4,4096,0.05247469065392372,0.018854162935411478
1.0001,39,50000,1,1,0.9997495468120438,-1.643187613216055e-05
1.0001,39,50000,1,64,0.9831761946577241,-0.00029104631385764115
1.0001,39,50000,1,1024,0.7378028312330491,0.0020001185782003396
1.0001,39,50000,1,4096,0.29310208529414594,-0.026932308289415157
1.0001,39,200000,1,1,0.9997605751962471,-3.2980512600282e-05
1.0001,39,200000,1,64,0.984638731974539,-0.001694173114156784
1.0001,39,200000,1,1024,0.7621817233494942,-0.015913356635859625
1.0001,39,200000,1,4096,0.2773832771710251,-0.037533552457394294
1.0001,39,1000000,1,1,0.9998037604483253,-1.6918048951504115e-05
1.0001,39,1000000,1,64,0.987505519994605,-0.0009761496662390737
1.0001,39,1000000,1,1024,0.8193409854709002,-0.012486039239556681
1.0001,39,1000000,1,4096,0.44239799682003517,-0.026683096129684104
1.0001,39,50000,4,1,0.9991512486803058,-8.786203337627452e-05
1.0001,39,50000,4,64,0.9443312824880412,-0.00571168404589004
1.0001,39,50000,4,1024,0.3689503837248586,-0.05985011172773888
1.0001,39,50000,4,4096,-0.15568051385192028,0.16349940319617767
1.0001,39,200000,4,1,0.9991033958948755,-0.00023565678096229364
1.0001,39,200000,4,64,0.9446939830256141,-0.013931008013653235
1.0001,39,200000,4,1024,0.33410591908385434,-0.08881830346303979
1.0001,39,200000,4,4096,-0.1910853097137038,0.02407049517830134
1.0001,39,1000000,4,1,0.999171163186543,-0.00010934629870397672
1.0001,39,1000000,4,64,0.9491826536400758,-0.007517393523743299
1.0001,39,1000000,4,1024,0.46452439722613215,-0.06418864461458246
1.0001,39,1000000,4,4096,0.06071948974246651,0.006700502019211802
1.0001,40,50000,1,1,0.9997470873376436,-6.266751725457323e-05
1.0001,40,50000,1,64,0.9841531409700336,-0.002894992931081169
1.0001,40,50000,1,1024,0.7899326424983418,-0.04087181881948932
1.0001,40,50000,1,4096,0.41725752719897935,0.08490508248304551
1.0001,40,200000,1,1,0.9998249451186525,-3.735262496516371e-05
1.0001,40,200000,1,64,0.9888485252521193,-0.0021195792136427293
1.0001,40,200000,1,1024,0.8454310831774582,-0.018441853035857537
1.0001,40,200000,1,4096,0.49876588571275693,-0.004369864572150616
1.0001,40,1000000,1,1,0.9997996109878845,-7.175577454844721e-06
1.0001,40,1000000,1,64,0.9871602099037655,-0.0003011188992935913
1.0001,40,1000000,1,1024,0.8110514058163478,-0.0032333344363583527
1.0001,40,1000000,1,4096,0.43023121526009217,-0.014393863367697522
1.0001,40,50000,4,1,0.9988530802111216,-0.0005063656752777163
1.0001,40,50000,4,64,0.930091129573768,-0.027448120819727594
1.0001,40,50000,4,1024,0.4044321582262047,-0.33052825563049043
1.0001,40,50000,4,4096,0.01915047454610729,0.08725013739078961
1.0001,40,200000,4,1,0.9992494748973115,-0.0002529946582243365
1.0001,40,200000,4,64,0.9524049361484372,-0.014757209820215823
1.0001,40,200000,4,1024,0.5320320498899691,-0.11624418670686618
1.0001,40,200000,4,4096,0.10408372034459738,-0.04133192114138781
1.0001,40,1000000,4,1,0.9992148593051633,-5.490880092567384e-05
1.0001,40,1000000,4,64,0.9503133953316302,-0.0022829848288863403
1.0001,40,1000000,4,1024,0.4392238155995889,-0.022558698848596067
1.0001,40,1000000,4,4096,0.03262998361742546,-0.023190260716039655
1.0001,41,50000,1,1,0.9997111644648513,-2.1641002027006924e-05
1.0001,41,50000,1,64,0.98145712430385,-0.0013451022234852556
1.0001,41,50000,1,1024,0.7435714575457127,-0.01060695532125822
1.0001,41,50000,1,4096,0.3226928319029154,-0.08205493684277443
1.0001,41,200000,1,1,0.9997193846542848,-3.1416782207797075e-05
1.0001,41,200000,1,64,0.9819721776171643,-0.002062090175234575
1.0001,41,200000,1,1024,0.748552061655515,-0.02816687159390149
1.0001,41,200000,1,4096,0.3096829165105317,-0.009528309643926721
1.0001,41,1000000,1,1,0.9997603991056625,7.962036183369348e-06
1.0001,41,1000000,1,64,0.9846162409315989,0.0004888596625036568
1.0001,41,1000000,1,1024,0.7740573799746467,0.010075479270563481
1.0001,41,1000000,1,4096,0.3415665849046119,0.035482416937364085
1.0001,41,50000,4,1,0.9986285571519882,-0.00011468246547762565
1.0001,41,50000,4,64,0.9105330446770047,-0.0068885417303568225
1.0001,41,50000,4,1024,0.12763198408711757,-0.042542183279765576
1.0001,41,50000,4,4096,-0.00015824510766186304,0.04899968363492959
1.0001,41,200000,4,1,0.9986615331055709,-0.00014219374532190178
1.0001,41,200000,4,64,0.9148706337681995,-0.009002040757701968
1.0001,41,200000,4,1024,0.1866470163175322,-0.08609404326873568
1.0001,41,200000,4,4096,-0.014242029067162524,-0.044976947567019206
1.0001,41,1000000,4,1,0.9990014617775216,6.99221429272614e-05
1.0001,41,1000000,4,64,0.9378189520231173,0.0038224209170503423
1.0001,41,1000000,4,1024,0.3130209528204416,0.03749493514301943
1.0001,41,1000000,4,4096,-0.050770434852097104,0.005229847166931712
1.0001,42,50000,1,1,0.9997162881008832,6.922583363060831e-05
1.0001,42,50000,1,64,0.9821110697839508,0.00478963656840268
1.0001,42,50000,1,1024,0.764045795983205,0.06793224661899688
1.0001,42,50000,1,4096,0.3893272738552608,0.2104411335335901
1.0001,42,200000,1,1,0.999767613203207,-3.637477397668447e-05
1.0001,42,200000,1,64,0.9852835546265545,-0.0025421760807724045
1.0001,42,200000,1,1024,0.7967635076913075,-0.03897674808914101
1.0001,42,200000,1,4096,0.44336750011034876,-0.13184279974000782
1.0001,42,1000000,1,1,0.9997880450042366,4.1528219136306605e-06
1.0001,42,1000000,1,64,0.986558633146766,0.00019152065163936292
1.0001,42,1000000,1,1024,0.8072425678444223,-0.004760137928275781
1.0001,42,1000000,1,4096,0.42917080351851933,-0.048226418162671036
1.0001,42,50000,4,1,0.9987646643013522,0.0005970806478118122
1.0001,42,50000,4,64,0.9276885750996217,0.0290571320143443
1.0001,42,50000,4,1024,0.32949066113973874,0.1626759438882875
1.0001,42,50000,4,4096,-0.14942100605058395,-0.16564464508317545
1.0001,42,200000,4,1,0.9991251194668399,-7.665491545333266e-05
1.0001,42,200000,4,64,0.9469708997603075,-0.0074363669481834925
1.0001,42,200000,4,1024,0.3482473043254359,-0.10269340021944061
1.0001,42,200000,4,4096,-0.05054968347831358,-0.22383651104455715
1.0001,42,1000000,4,1,0.999196595347007,5.259483331803365e-05
1.0001,42,1000000,4,64,0.9490281348130297,0.0024277901957326198
1.0001,42,1000000,4,1024,0.3929296750783149,0.02374545020797786
1.0001,42,1000000,4,4096,-0.027488380683516844,-0.012365431693328007
1.0001,43,50000,1,1,0.9996977433998675,-3.802566049730191e-05
1.0001,43,50000,1,64,0.9803671256777283,-0.002982248555471035
1.0001,43,50000,1,1024,0.7198993422540969,-0.035553689035823295
1.0001,43,50000,1,4096,0.1850548045540792,-0.03150860600622237
1.0001,43,200000,1,1,0.9997910117743092,-2.6332755248551396e-05
1.0001,43,200000,1,64,0.9867061082276546,-0.001707347946924949
1.0001,43,200000,1,1024,0.8055563166387496,-0.011570356956803907
1.0001,43,200000,1,4096,0.4231096368698273,0.02283998616096764
1.0001,43,1000000,1,1,0.9998007857851533,-8.342405705497339e-06
1.0001,43,1000000,1,64,0.9873464337046607,-0.0006219841835734724
1.0001,43,1000000,1,1024,0.8129190485887132,-0.006957592191390125
1.0001,43,1000000,1,4096,0.4236120574050732,-0.0033232978103888526
1.0001,43,50000,4,1,0.9989862662067421,-0.0001870454574093104
1.0001,43,50000,4,64,0.9345199171412589,-0.01704032761115352
1.0001,43,50000,4,1024,0.02463622729770441,-0.09342632862270879
1.0001,43,50000,4,4096,-0.06986732652818918,0.06227753725917338
1.0001,43,200000,4,1,0.9993077161775948,-0.0002158201643647189
1.0001,43,200000,4,64,0.9568822399774779,-0.01433506573160012
1.0001,43,200000,4,1024,0.400120790628408,-0.10094978606079787
1.0001,43,200000,4,4096,0.13216074644292172,0.015550426717159496
1.0001,43,1000000,4,1,0.999243518854185,-6.178764086627911e-05
1.0001,43,1000000,4,64,0.952520919468701,-0.004070081885989899
1.0001,43,1000000,4,1024,0.4418547154390117,-0.016144298903874747
1.0001,43,1000000,4,4096,0.05498250755637776,-0.018513480182732474
1.0001,44,50000,1,1,0.9997633078966301,-0.00011286196618404332
1.0001,44,50000,1,64,0.9854851333626186,-0.006631474153909045
1.0001,44,50000,1,1024,0.8083553719354454,-0.05753836709727169
1.0001,44,50000,1,4096,0.5468064996407788,-0.060045202779800806
1.0001,44,200000,1,1,0.9997372084027948,-3.7234658588006575e-06
1.0001,44,200000,1,64,0.9832485425233196,2.5757003167396827e-05
1.0001,44,200000,1,1024,0.7629181352283384,0.013370544394513555
1.0001,44,200000,1,4096,0.3975322217591742,0.07625686639739603
1.0001,44,1000000,1,1,0.999794488614119,-1.6868503258322905e-05
1.0001,44,1000000,1,64,0.9868897439702752,-0.0009155251725789489
1.0001,44,1000000,1,1024,0.813035818354019,-0.009912440734612967
1.0001,44,1000000,1,4096,0.4349538375725781,-0.03342722561730288
1.0001,44,50000,4,1,0.9989496988455008,-0.0009015248039442568
1.0001,44,50000,4,64,0.9382972426215488,-0.05382021456476115
1.0001,44,50000,4,1024,0.312047731830598,-0.40005868720187293
1.0001,44,50000,4,4096,-0.026051496299660123,-0.1667625912863495
1.0001,44,200000,4,1,0.9988788505244236,-6.825320357846706e-05
1.0001,44,200000,4,64,0.9324257672694323,-0.004346921037029721
1.0001,44,200000,4,1024,0.20838866576557805,0.0004161730665784956
1.0001,44,200000,4,4096,-0.005813777603257759,0.03407905711790706
1.0001,44,1000000,4,1,0.9991859886628935,-7.816300083245027e-05
1.0001,44,1000000,4,64,0.9490167693615588,-0.004940480178381431
1.0001,44,1000000,4,1024,0.42352569724699257,-0.04221830237526635
1.0001,44,1000000,4,4096,0.02091542632797374,-0.0545450074279995
1.0001,45,50000,1,1,0.9997178613505532,-6.892682229481265e-06
1.0001,45,50000,1,64,0.9816469235018,-0.0003969787497716476
1.0001,45,50000,1,1024,0.7164784383747335,-0.030373278215146828
1.0001,45,50000,1,4096,0.3513500915040575,0.049495695501375815
1.0001,45,200000,1,1,0.9997753453092455,-2.0799440497184097e-05
1.0001,45,200000,1,64,0.9854500479936359,-0.0015825222150284515
1.0001,45,200000,1,1024,0.798673173450033,-0.01688967821118491
1.0001,45,200000,1,4096,0.34067832992457386,-0.012158220582075276
1.0001,45,1000000,1,1,0.9997687872289385,-7.358814119591936e-06
1.0001,45,1000000,1,64,0.9853060882994038,-0.0006091796467737796
1.0001,45,1000000,1,1024,0.8022567852205507,-0.0038926628770293774
1.0001,45,1000000,1,4096,0.42685360598146643,-0.009514665551473685
1.0001,45,50000,4,1,0.9984473622514274,-3.1170232921028474e-05
1.0001,45,50000,4,64,0.906881843027639,0.0004259535289841791
1.0001,45,50000,4,1024,0.18743340765982883,-0.15704641959167379
1.0001,45,50000,4,4096,0.007421766567209735,-0.036246990854004985
1.0001,45,200000,4,1,0.9989212528257887,2.80355776838125e-05
1.0001,45,200000,4,64,0.9335060598557954,-0.00042184204204460566
1.0001,45,200000,4,1024,0.3816169052770253,-0.1093375191371724
1.0001,45,200000,4,4096,-0.1423911677834015,-0.046463789162897104
1.0001,45,1000000,4,1,0.9988701189840347,-2.025432632050068e-05
1.0001,45,1000000,4,64,0.9303408164725792,-0.002931466544347926
1.0001,45,1000000,4,1024,0.3380042922182274,-0.02696599206264774
1.0001,45,1000000,4,4096,-0.0043188087939199545,-0.006337363070730403
1.0001,46,50000,1,1,0.9998626869731846,1.6840731708184065e-05
1.0001,46,50000,1,64,0.9910295043711008,0.0014733396133843881
1.0001,46,50000,1,1024,0.8531759671867672,0.013087313361858012
1.0001,46,50000,1,4096,0.5624502863130086,0.12149064072654764
1.0001,46,200000,1,1,0.9997841853931004,3.083868872045184e-05
1.0001,46,200000,1,64,0.9860131238464886,0.0018137684656799457
1.0001,46,200000,1,1024,0.7982623659253352,0.017587041742573747
1.0001,46,200000,1,4096,0.35538725547898375,0.08840287066320947
1.0001,46,1000000,1,1,0.9998019297125099,3.798654886286475e-06
1.0001,46,1000000,1,64,0.9873203263570697,0.0002656543534309113
1.0001,46,1000000,1,1024,0.812795004832893,-0.002347557608239201
1.0001,46,1000000,1,4096,0.4164720214254886,0.0004720110418376245
1.0001,46,50000,4,1,0.9996030788403877,0.0002227704976742881
1.0001,46,50000,4,64,0.9743410018121903,0.014351565231567723
1.0001,46,50000,4,1024,0.5123990544915968,0.03537767208572734
1.0001,46,50000,4,4096,0.1788100390413096,0.24699953846660097
1.0001,46,200000,4,1,0.9990555324840811,0.0001987020562719706
1.0001,46,200000,4,64,0.9425583504402304,0.013000728022888947
1.0001,46,200000,4,1024,0.36003949695350207,0.11167879744652756
1.0001,46,200000,4,4096,-0.016913039379973065,0.0933481197569202
1.0001,46,1000000,4,1,0.9992082771099594,2.5558541358440133e-05
1.0001,46,1000000,4,64,0.9510225432701429,0.0015246382220354996
1.0001,46,1000000,4,1024,0.44062898587126575,0.016162577060398434
1.0001,46,1000000,4,4096,0.037835798568917084,0.004032677583903589
1.0001,47,50000,1,1,0.999831350315225,-1.6565471973323174e-05
1.0001,47,50000,1,64,0.9889888620280886,-0.0014403769599557934
1.0001,47,50000,1,1024,0.8471566738774725,-0.005802709728041406
1.0001,47,50000,1,4096,0.6139104741421401,0.06523749348566847
1.0001,47,200000,1,1,0.9998387258687695,-4.298765261514997e-05
1.0001,47,200000,1,64,0.9897732887118169,-0.002888986338232413
1.0001,47,200000,1,1024,0.8541432000389207,-0.03437009940332926
1.0001,47,200000,1,4096,0.6096944069664552,-0.055262265605722276
1.0001,47,1000000,1,1,0.9998039587606947,-9.528933932489664e-06
1.0001,47,1000000,1,64,0.9874549217899952,-0.0005594685432905622
1.0001,47,1000000,1,1024,0.8156347461911734,-0.0013147422311388835
1.0001,47,1000000,1,4096,0.43213388615763454,0.011355586522155887
1.0001,47,50000,4,1,0.9991161532066856,-0.0004591456114197423
1.0001,47,50000,4,64,0.9456636415092419,-0.02975423535667735
1.0001,47,50000,4,1024,0.5189000026789554,-0.10087379691924662
1.0001,47,50000,4,4096,-0.040305779263111095,0.04245224875207237
1.0001,47,200000,4,1,0.9992640979565374,-0.00032204183493655416
1.0001,47,200000,4,64,0.952415428999001,-0.019665112677951086
1.0001,47,200000,4,1024,0.558308080352343,-0.15193384356143758
1.0001,47,200000,4,4096,0.19437434917508786,-0.1564982782879533
1.0001,47,1000000,4,1,0.999190932245569,-8.505983548147331e-05
1.0001,47,1000000,4,64,0.9490542155706776,-0.005470197388672946
1.0001,47,1000000,4,1024,0.4539017730151385,-0.025688342922833722
1.0001,47,1000000,4,4096,0.03615493488829633,0.009465250602463882
1.0001,48,50000,1,1,0.999782364138066,-5.094664539463655e-05
1.0001,48,50000,1,64,0.9863560322581886,-0.0032276611990404037
1.0001,48,50000,1,1024,0.8192997579059557,-0.07569196851257701
1.0001,48,50000,1,4096,0.4647396603438166,-0.3765312994287526
1.0001,48,200000,1,1,0.9998538220363792,-2.2097189574034783e-05
1.0001,48,200000,1,64,0.9907522467112584,-0.0015087420502716254
1.0001,48,200000,1,1024,0.868593312254758,-0.033741161887288706
1.0001,48,200000,1,4096,0.5570944965909711,-0.16948373948201598
1.0001,48,1000000,1,1,0.9998056224700214,-2.4352508839693543e-06
1.0001,48,1000000,1,64,0.9876763124857963,-0.0001868756810771113
1.0001,48,1000000,1,1024,0.8167957119283661,-0.005663400004962816
1.0001,48,1000000,1,4096,0.44640560274000685,-0.015101239966081046
1.0001,48,50000,4,1,0.9988778086282735,-0.00017236013964672215
1.0001,48,50000,4,64,0.9334102096131648,-0.008391746803903212
1.0001,48,50000,4,1024,0.4160928717156508,-0.1026111692239082
1.0001,48,50000,4,4096,0.11761507069024586,-0.19913229281705067
1.0001,48,200000,4,1,0.9994397401496912,-4.4398021604960365e-05
1.0001,48,200000,4,64,0.9667758824592819,-0.0022267255378103797
1.0001,48,200000,4,1024,0.6500160646691255,-0.0317765756241172
1.0001,48,200000,4,4096,0.19566420397381157,-0.1573156185958865
1.0001,48,1000000,4,1,0.999257192462228,2.109425349775408e-05
1.0001,48,1000000,4,64,0.9545500488811351,0.0005896805240398197
1.0001,48,1000000,4,1024,0.46662178334190296,-0.01740701840394936
1.0001,48,1000000,4,4096,0.03691836770193988,-0.04570745711433892
1.0001,49,50000,1,1,0.999713015432903,-5.860380295880334e-05
1.0001,49,50000,1,64,0.9810547677723416,-0.0035878279341882047
1.0001,49,50000,1,1024,0.6833156269159163,-0.03657576379945658
1.0001,49,50000,1,4096,0.08479170738751354,-0.05975594277813881
1.0001,49,200000,1,1,0.9997690410436675,-1.2779791442921295e-05
1.0001,49,200000,1,64,0.9851115229686007,-0.0008102897851088829
1.0001,49,200000,1,1024,0.7672209780251665,-0.004848677395877202
1.0001,49,200000,1,4096,0.2747573715001815,0.025501567985848156
1.0001,49,1000000,1,1,0.9997934083362029,2.1552009150877524e-05
1.0001,49,1000000,1,64,0.9869712509742574,0.001322838874287249
1.0001,49,1000000,1,1024,0.8072734931889037,0.023755097518038497
1.0001,49,1000000,1,4096,0.3862905037952053,0.056002051883411626
1.0001,49,50000,4,1,0.9993523951625553,-0.00020040995936701912
1.0001,49,50000,4,64,0.954052225568909,-0.012234572181006414
1.0001,49,50000,4,1024,0.2065541659842435,-0.2567344676701969
1.0001,49,50000,4,4096,-0.03355136941416797,0.12766852891537706
1.0001,49,200000,4,1,0.9992251500096616,-7.777841736289099e-05
1.0001,49,200000,4,64,0.949654046434142,-0.004658692127290579
1.0001,49,200000,4,1024,0.34566831075730864,-0.06391171972406517
1.0001,49,200000,4,4096,-0.05157683179706146,0.0578305053551371
1.0001,49,1000000,4,1,0.9992177588992612,0.00010130526873721398
1.0001,49,1000000,4,64,0.9516058940257878,0.006491399828711299
1.0001,49,1000000,4,1024,0.41544834890561005,0.07278670671537898
1.0001,49,1000000,4,4096,-0.023347770681196107,0.09296630623072508
1.0001,50,50000,1,1,0.9997796441374021,-8.476500012206865e-05
1.0001,50,50000,1,64,0.9859432240092983,-0.005383246515444197
1.0001,50,50000,1,1024,0.8252910125716649,-0.03439526229576162
1.0001,50,50000,1,4096,0.5725986758467402,-0.18641663060951258
1.0001,50,200000,1,1,0.9997692546053711,-2.6236899581109762e-05
1.0001,50,200000,1,64,0.9851992468861573,-0.0016016450664987848
1.0001,50,200000,1,1024,0.7943916478973585,-0.027673633459584495
1.0001,50,200000,1,4096,0.39050844747558827,-0.14063881431059982
1.0001,50,1000000,1,1,0.9998010893443954,1.588282416172314e-05
1.0001,50,1000000,1,64,0.9873106639667071,0.0010574497848063525
1.0001,50,1000000,1,1024,0.8102169488187162,0.011874589965742125
1.0001,50,1000000,1,4096,0.41705709579148836,0.025490338932726144
1.0001,50,50000,4,1,0.9988116498386833,-0.0005772597686322782
1.0001,50,50000,4,64,0.9230936724818559,-0.03298341229734422
1.0001,50,50000,4,1024,0.400765788551407,-0.08870965180278319
1.0001,50,50000,4,4096,0.16131733598569437,-0.30165039135291444
1.0001,50,200000,4,1,0.9991892364192428,-8.859303643086142e-05
1.0001,50,200000,4,64,0.9471329581793851,-0.003251000207806722
1.0001,50,200000,4,1024,0.3605553780166925,-0.0792972392260466
1.0001,50,200000,4,4096,0.004766172224434163,-0.11392970441891176
1.0001,50,1000000,4,1,0.9992495382186295,0.00013003347158622568
1.0001,50,1000000,4,64,0.9519831599314494,0.007880349704076504
1.0001,50,1000000,4,1024,0.44417303224078936,0.03942192775697189
1.0001,50,1000000,4,4096,0.062289435437265,0.029729349347034063
1.0001,51,50000,1,1,0.9997943290547232,-7.518774335770528e-05
1.0001,51,50000,1,64,0.9867133499930238,-0.004442991902720459
1.0001,51,50000,1,1024,0.7973426861277091,-0.05900451321304014
1.0001,51,50000,1,4096,0.3110354428110202,-0.15585304924100715
1.0001,51,200000,1,1,0.9997714066745815,-1.628042906294293e-05
1.0001,51,200000,1,64,0.9855415214981015,-0.0007162709508604305
1.0001,51,200000,1,1024,0.7808417946390132,-0.0010978786775309656
1.0001,51,200000,1,4096,0.3230935243502868,0.02535320808760446
1.0001,51,1000000,1,1,0.9997924998021199,-7.959428499692566e-06
1.0001,51,1000000,1,64,0.9869882590450465,-0.0005359020597942233
1.0001,51,1000000,1,1024,0.8037470000837423,-0.0011091201755579108
1.0001,51,1000000,1,4096,0.3984993795103491,0.008398699897953377
1.0001,51,50000,4,1,0.9991549766091962,-0.0005024248611574927
1.0001,51,50000,4,64,0.9426718507808098,-0.028210382970954937
1.0001,51,50000,4,1024,0.33923812238349904,-0.20445227788095544
1.0001,51,50000,4,4096,-0.1731599938337295,-0.18179528008444643
1.0001,51,200000,4,1,0.9990584074300786,-0.00013521869873488667
1.0001,51,200000,4,64,0.94205333966589,-0.007387872955574752
1.0001,51,200000,4,1024,0.36492096314830585,-0.05702302436097504
1.0001,51,200000,4,4096,-0.10332008596112718,-0.022855806018530364
1.0001,51,1000000,4,1,0.9992280335844581,-5.895089141591453e-05
1.0001,51,1000000,4,64,0.9521340066237349,-0.003930055889765874
1.0001,51,1000000,4,1024,0.4230256347357849,-0.027021938236418293
1.0001,51,1000000,4,4096,-0.04170310046663563,-0.014928241273227177
1.0001,52,50000,1,1,0.9997445550329146,4.085580503438609e-05
1.0001,52,50000,1,64,0.982839322523136,0.002008697110629586
1.0001,52,50000,1,1024,0.8142215355269232,0.037357248148876775
1.0001,52,50000,1,4096,0.33322883421641364,0.24400644763124874
1.0001,52,200000,1,1,0.999744457703498,-1.7980896220791753e-05
1.0001,52,200000,1,64,0.9833768530709905,-0.001506910682031752
1.0001,52,200000,1,1024,0.7748332493896888,-0.014994151624630598
1.0001,52,200000,1,4096,0.30484125857442723,0.057569737233664806
1.0001,52,1000000,1,1,0.9997762055068301,-1.0467611065128831e-06
1.0001,52,1000000,1,64,0.9857756827056008,-0.00013547574616302877
1.0001,52,1000000,1,1024,0.7978968187476367,-0.0008356745713276191
1.0001,52,1000000,1,4096,0.37732462713801085,-0.011823112589763166
1.0001,52,50000,4,1,0.9987595753429697,0.00018738391135047613
1.0001,52,50000,4,64,0.9209038492742662,0.004765608868710768
1.0001,52,50000,4,1024,0.3263820339843224,0.07016494937974564
1.0001,52,50000,4,4096,-0.04481798465576689,0.1562419936153227
1.0001,52,200000,4,1,0.9989702582686878,-0.00012417476578166308
1.0001,52,200000,4,64,0.9337978278805423,-0.010457420106498213
1.0001,52,200000,4,1024,0.2650346872774291,-0.07169447343962206
1.0001,52,200000,4,4096,-0.12033420419636381,0.060556493228368535
1.0001,52,1000000,4,1,0.9991466784890498,-6.320790487140218e-05
1.0001,52,1000000,4,64,0.946311171366824,-0.003321239165799828
1.0001,52,1000000,4,1024,0.35931928227707366,0.005258595054645507
1.0001,52,1000000,4,4096,-0.05770372049059912,-0.0001971687136834461
1.0001,53,50000,1,1,0.9998963037277792,-4.906251476367809e-05
1.0001,53,50000,1,64,0.9935346548692063,-0.003012547339514387
1.0001,53,50000,1,1024,0.9195249612282261,-0.029867097633561785
1.0001,53,50000,1,4096,0.6488283936866579,-0.12469120150021304
1.0001,53,200000,1,1,0.9997767464819987,-4.235964820892686e-05
1.0001,53,200000,1,64,0.9857931352910964,-0.002421195449763552
1.0001,53,200000,1,1024,0.786072120346711,-0.03729092132486381
1.0001,53,200000,1,4096,0.3745828424455231,-0.09933973851129997
1.0001,53,1000000,1,1,0.9997823006630642,1.507920389637641e-06
1.0001,53,1000000,1,64,0.9863750640398594,7.182246257741427e-05
1.0001,53,1000000,1,1024,0.8025186777029291,0.008936453154804118
1.0001,53,1000000,1,4096,0.4129166737337055,0.026695876504607866
1.0001,53,50000,4,1,0.9998271287863473,-0.00025724167390911147
1.0001,53,50000,4,64,0.9894676538898178,-0.01598163772166514
1.0001,53,50000,4,1024,0.7554126462845613,-0.18582491820728186
1.0001,53,50000,4,4096,0.47334404793371937,-0.29679807154774485
1.0001,53,200000,4,1,0.9991992133418188,-0.00021110852169040217
1.0001,53,200000,4,64,0.950759135534357,-0.01033055102913765
1.0001,53,200000,4,1024,0.3670913132718326,-0.1435368692836122
1.0001,53,200000,4,4096,0.10600839999364553,-0.03704755621134649
1.0001,53,1000000,4,1,0.9991213756515469,4.12609234588244e-05
1.0001,53,1000000,4,64,0.9457728198779686,0.00206417924512195
1.0001,53,1000000,4,1024,0.39683355111180596,0.00525634631973514
1.0001,53,1000000,4,4096,0.005506793323014427,0.012655161313776803
1.0001,54,50000,1,1,0.9997564106519284,7.158950356122288e-05
1.0001,54,50000,1,64,0.9843383297556111,0.004377315516282343
1.0001,54,50000,1,1024,0.768998441661753,0.05599205462672657
1.0001,54,50000,1,4096,0.35114867714537307,0.12093494807362153
1.0001,54,200000,1,1,0.9997951786423455,2.1002707402716262e-05
1.0001,54,200000,1,64,0.9867669637095299,0.0013724818095510584
1.0001,54,200000,1,1024,0.7851799658606985,0.020736784678934483
1.0001,54,200000,1,4096,0.2949916921280863,0.07901998595601266
1.0001,54,1000000,1,1,0.9998073403809852,3.571955316420707e-05
1.0001,54,1000000,1,64,0.9876712041393801,0.002124864382418545
1.0001,54,1000000,1,1024,0.810024449118034,0.025173310678233467
1.0001,54,1000000,1,4096,0.3847101557679729,0.07294296356133109
1.0001,54,50000,4,1,0.9989416867929768,0.00044818054768588043
1.0001,54,50000,4,64,0.9255571638320639,0.024476222514526445
1.0001,54,50000,4,1024,0.28688610817208743,0.1569281242381388
1.0001,54,50000,4,4096,0.0018378949065026612,0.08396146882312375
1.0001,54,200000,4,1,0.9993079536363588,0.00012200745315492615
1.0001,54,200000,4,64,0.9534880007767883,0.007852271721034355
1.0001,54,200000,4,1024,0.4381881031709495,0.06485363709073591
1.0001,54,200000,4,4096,-0.05880392841489069,0.09687836993766656
1.0001,54,1000000,4,1,0.9992855640054846,0.00023345987331185134
1.0001,54,1000000,4,64,0.9545253832747436,0.013772558231326306
1.0001,54,1000000,4,1024,0.4662701538404616,0.10107935832145551
1.0001,54,1000000,4,4096,-0.005181103112654036,0.13857860768483324
1.0001,55,50000,1,1,0.9997815174411477,8.178175829411775e-05
1.0001,55,50000,1,64,0.9854474536804461,0.004888437086732889
1.0001,55,50000,1,1024,0.7677477726004943,0.10305773792210511
1.0001,55,50000,1,4096,0.23352929790792798,0.22431888943852304
1.0001,55,200000,1,1,0.9998044129620183,4.716119976382525e-05
1.0001,55,200000,1,64,0.9875617479326846,0.002885211699126046
1.0001,55,200000,1,1024,0.8323563772803594,0.05313521206838062
1.0001,55,200000,1,4096,0.5022823077621676,0.10107043886681628
1.0001,55,1000000,1,1,0.999825452752723,7.801055120893491e-06
1.0001,55,1000000,1,64,0.9889103151605216,0.0005184352216313236
1.0001,55,1000000,1,1024,0.8467166982417652,0.006421724483945862
1.0001,55,1000000,1,4096,0.5321760594124428,0.01896083280661346
1.0001,55,50000,4,1,0.9992087070101942,0.00029301094115164855
1.0001,55,50000,4,64,0.948904093942862,0.018687526779887154
1.0001,55,50000,4,1024,0.51676670302711,0.3314562790613431
1.0001,55,50000,4,4096,-0.13903036766678395,0.19101807438575297
1.0001,55,200000,4,1,0.9991469664358512,0.00019220976525696743
1.0001,55,200000,4,64,0.9447488553455751,0.01167184077684675
1.0001,55,200000,4,1024,0.4954701083145031,0.18658266916681493
1.0001,55,200000,4,4096,0.11038232355044335,0.14133092241789144
1.0001,55,1000000,4,1,0.999335216216678,6.159338488089947e-05
1.0001,55,1000000,4,64,0.9572593709490208,0.003809654766970195
1.0001,55,1000000,4,1024,0.5327225487335127,0.03125286865166559
1.0001,55,1000000,4,4096,0.1278100028436128,0.04917256962736003
1.0001,56,50000,1,1,0.9997481946224089,4.300043750562881e-05
1.0001,56,50000,1,64,0.983707534948228,0.0026990746872721273
1.0001,56,50000,1,1024,0.7759839023352155,0.031336848515299734
1.0001,56,50000,1,4096,0.46959491780854473,-0.0273905825735416
1.0001,56,200000,1,1,0.9997565607562795,3.204852200060441e-05
1.0001,56,200000,1,64,0.98431486846052,0.0020881706970818136
1.0001,56,200000,1,1024,0.7582898071004283,0.028132780441932854
1.0001,56,200000,1,4096,0.3202964781227476,0.041100171879367174
1.0001,56,1000000,1,1,0.9997986109620399,3.708057823127454e-05
1.0001,56,1000000,1,64,0.9871354494031369,0.0022403933507192443
1.0001,56,1000000,1,1024,0.8091370453548894,0.0343954745578137
1.0001,56,1000000,1,4096,0.4178088573462469,0.08299337045910606
1.0001,56,50000,4,1,0.9989372331786702,0.00015439136336100684
1.0001,56,50000,4,64,0.9350468124106426,0.01081893832288598
1.0001,56,50000,4,1024,0.3411476418183758,0.17359392632629617
1.0001,56,50000,4,4096,-0.1126598149661435,0.1277440596363889
1.0001,56,200000,4,1,0.9990289289633693,0.00017784907679415732
1.0001,56,200000,4,64,0.9377855119635345,0.012171228319759565
1.0001,56,200000,4,1024,0.32061174151828753,0.12963893170901492
1.0001,56,200000,4,4096,-0.09537634964828172,0.09387394539036661
1.0001,56,1000000,4,1,0.9992141427622907,0.0001509692423990714
1.0001,56,1000000,4,64,0.9506275533045676,0.00902871040339855
1.0001,56,1000000,4,1024,0.4464053280838861,0.1272217349693087
1.0001,56,1000000,4,4096,0.04871557243552949,0.12575013051227615
1.0001,57,50000,1,1,0.9997642912872692,3.4475632414064236e-05
1.0001,57,50000,1,64,0.9852720104936814,0.001963258053034942
1.0001,57,50000,1,1024,0.7749003772947926,0.04982342714439192
1.0001,57,50000,1,4096,0.2972498750046123,0.3140654277272933
1.0001,57,200000,1,1,0.9997782143454914,1.7201155247157987e-05
1.0001,57,200000,1,64,0.986066611013198,0.0011340180429421458
1.0001,57,200000,1,1024,0.8031987335724534,0.01619631850830816
1.0001,57,200000,1,4096,0.4382417180007623,0.050406576055137146
1.0001,57,1000000,1,1,0.999783975212922,1.6141805147398358e-05
1.0001,57,1000000,1,64,0.986311819073611,0.0009624586599642795
1.0001,57,1000000,1,1024,0.8086187831693138,0.014808290499660436
1.0001,57,1000000,1,4096,0.41176898151080227,0.055095895763928364
1.0001,57,50000,4,1,0.9989027368759728,0.00014758351668912737
1.0001,57,50000,4,64,0.9320591732426567,0.006268000746266335
1.0001,57,50000,4,1024,0.36888959847806146,0.11255061179747666
1.0001,57,50000,4,4096,-0.07633551862946589,0.18616444351590697
1.0001,57,200000,4,1,0.999014030406067,0.00019924465247964012
1.0001,57,200000,4,64,0.9395697451106972,0.01052339910758792
1.0001,57,200000,4,1024,0.35404017993334386,0.06361039904927066
1.0001,57,200000,4,4096,-0.029481338320476076,0.017408720991160122
1.0001,57,1000000,4,1,0.9990629308154108,0.00011804543993348294
1.0001,57,1000000,4,64,0.941890054387408,0.005515900498867563
1.0001,57,1000000,4,1024,0.3876114067729601,0.051703510562181206
1.0001,57,1000000,4,4096,-0.02554847229256616,0.0743253179563085
1.0001,58,50000,1,1,0.9997269491161661,-1.4318494165791716e-05
1.0001,58,50000,1,64,0.9828736202490012,-0.0005979740735141742
1.0001,58,50000,1,1024,0.7630917621082088,0.005836586769131133
1.0001,58,50000,1,4096,0.24174195109239002,-0.01403337488039107
1.0001,58,200000,1,1,0.999797262982115,7.964673369313944e-06
1.0001,58,200000,1,64,0.986990457728129,0.00037377016694354064
1.0001,58,200000,1,1024,0.8146214379996134,-0.006494756158030848
1.0001,58,200000,1,4096,0.3942360491702946,0.01320530122800674
1.0001,58,1000000,1,1,0.9998134246487697,1.1695532106033268e-05
1.0001,58,1000000,1,64,0.988048815284413,0.0006381011136069951
1.0001,58,1000000,1,1024,0.8223815701578818,0.009111229344731622
1.0001,58,1000000,1,4096,0.4242776023986379,0.0470209019997034
1.0001,58,50000,4,1,0.9985897108979715,-0.00024427869992988885
1.0001,58,50000,4,64,0.9150143338201435,-0.01169345428678046
1.0001,58,50000,4,1024,0.2224664484491506,0.0001758085154851296
1.0001,58,50000,4,4096,-0.18659303024386148,-0.05989021029099218
1.0001,58,200000,4,1,0.9992461403084436,7.17729524930443e-05
1.0001,58,200000,4,64,0.9524258311124206,0.0039931040313161605
1.0001,58,200000,4,1024,0.4467656161755986,0.03868125657632842
1.0001,58,200000,4,4096,0.0027315750789851058,-0.009200633299366098
1.0001,58,1000000,4,1,0.9993572661100785,8.567982361784835e-05
1.0001,58,1000000,4,64,0.9589449733898645,0.005115349431571591
1.0001,58,1000000,4,1024,0.4831954190533409,0.0425753269338489
1.0001,58,1000000,4,4096,0.007569375844825393,0.022889273484676353
1.0001,59,50000,1,1,0.9997332468336384,-3.027198203902099e-06
1.0001,59,50000,1,64,0.9828282646000822,-0.0004233312013753596
1.0001,59,50000,1,1024,0.7733470276877044,-0.026025085797938198
1.0001,59,50000,1,4096,0.5428730103975838,0.03805159727870429
1.0001,59,200000,1,1,0.9997836639996862,4.1397773701568955e-05
1.0001,59,200000,1,64,0.9860455030337898,0.0025442320865666445
1.0001,59,200000,1,1024,0.7981461359562408,0.03493643947028759
1.0001,59,200000,1,4096,0.4298751823994492,0.11885452242726798
1.0001,59,1000000,1,1,0.9997849730012619,1.6297261589474535e-05
1.0001,59,1000000,1,64,0.9863038432528051,0.0010628643924606846
1.0001,59,1000000,1,1024,0.7999144353969679,0.017559111662638228
1.0001,59,1000000,1,4096,0.41325655383242665,0.037133571227683605
1.0001,59,50000,4,1,0.9989992734679143,0.0001785796703748116
1.0001,59,50000,4,64,0.9371941416819197,0.013108118988237329
1.0001,59,50000,4,1024,0.2586091962389984,0.03973502557955595
1.0001,59,50000,4,4096,0.09866453699299856,0.19544856092459106
1.0001,59,200000,4,1,0.999150247583295,0.0002350221442923342
1.0001,59,200000,4,64,0.9454897394459288,0.01680376461274459
1.0001,59,200000,4,1024,0.3723457630942502,0.11816952288014208
1.0001,59,200000,4,4096,0.10654620162063934,0.22158462183646838
1.0001,59,1000000,4,1,0.9991279428730835,2.221706987806642e-05
1.0001,59,1000000,4,64,0.94509814888321,0.0021803169575224665
1.0001,59,1000000,4,1024,0.3954706159198085,0.0650036847593279
1.0001,59,1000000,4,4096,0.052622674584152866,0.05633151954881904
1.0001,60,50000,1,1,0.9999216445438678,-7.234598887571725e-05
1.0001,60,50000,1,64,0.9952836103606233,-0.004380679594431675
1.0001,60,50000,1,1024,0.9146796725595854,-0.05370274639512401
1.0001,60,50000,1,4096,0.6512603963755096,-0.1005531128725079
1.0001,60,200000,1,1,0.9998346564092176,2.8394777984586143e-05
1.0001,60,200000,1,64,0.9895755473897626,0.0014524209407666784
1.0001,60,200000,1,1024,0.8591294808810356,0.013554830290249288
1.0001,60,200000,1,4096,0.5935632195094139,0.038815583798648474
1.0001,60,1000000,1,1,0.9998018266558207,-9.07234415005723e-06
1.0001,60,1000000,1,64,0.9873926225820777,-0.0006400120237649544
1.0001,60,1000000,1,1024,0.8143539652651673,0.0006643704790043721
1.0001,60,1000000,1,4096,0.4364587209348988,0.05497878078877899
1.0001,60,50000,4,1,0.9997176936928239,-0.000303545649406388
1.0001,60,50000,4,64,0.9859755348206202,-0.017389772897446917
1.0001,60,50000,4,1024,0.7608334491223583,-0.1445190398135821
1.0001,60,50000,4,4096,0.22375020524819947,-0.2709102860777758
1.0001,60,200000,4,1,0.9992219054877113,0.00021618813466010959
1.0001,60,200000,4,64,0.9535767481259327,0.012728260094789322
1.0001,60,200000,4,1024,0.5231156318915764,0.0921888770828663
1.0001,60,200000,4,4096,0.22478319294896554,0.01811941170560881
1.0001,60,1000000,4,1,0.9991903383706616,-8.485374675318366e-05
1.0001,60,1000000,4,64,0.949402572236661,-0.0057943286254033095
1.0001,60,1000000,4,1024,0.43711469230326977,-0.02204366741406926
1.0001,60,1000000,4,4096,0.0014713839358168875,0.01096559224850563
1.0001,61,50000,1,1,0.9998638495360792,3.710349251767501e-05
1.0001,61,50000,1,64,0.9915936141969756,0.0022047864163057852
1.0001,61,50000,1,1024,0.8663628306033968,-0.006589147952519506
1.0001,61,50000,1,4096,0.5134402132377865,0.05178285939712498
1.0001,61,200000,1,1,0.9998418573012671,-3.4083780011654203e-05
1.0001,61,200000,1,64,0.9900646736361773,-0.002155325826029971
1.0001,61,200000,1,1024,0.857745680478559,-0.03507580724939761
1.0001,61,200000,1,4096,0.559135960398778,-0.09073522082886454
1.0001,61,1000000,1,1,0.9997976126583504,1.0828598013924967e-05
1.0001,61,1000000,1,64,0.9871965908289032,0.000771089426327634
1.0001,61,1000000,1,1024,0.8138059712640183,0.013012093330457303
1.0001,61,1000000,1,4096,0.4206925134059227,0.06261502294069225
1.0001,61,50000,4,1,0.9997171024546564,0.00038289322455173727
1.0001,61,50000,4,64,0.9843100743492057,0.02286519018602016
1.0001,61,50000,4,1024,0.6265038314432757,0.17997699703495487
1.0001,61,50000,4,4096,0.10440537303088575,0.08813091814142936
1.0001,61,200000,4,1,0.9993792269745052,-6.820699426331199e-05
1.0001,61,200000,4,64,0.9618731144511091,-0.004768714516387677
1.0001,61,200000,4,1024,0.5702092168967969,-0.10550437352942187
1.0001,61,200000,4,4096,0.14094965636166526,-0.19140479146573605
1.0001,61,1000000,4,1,0.9991574584869236,2.932942779000672e-05
1.0001,61,1000000,4,64,0.9476062645088903,0.0027808251968423825
1.0001,61,1000000,4,1024,0.42251880164260885,0.025064841615539395
1.0001,61,1000000,4,4096,0.047184122584202785,0.04196452247841053
1.0001,62,50000,1,1,0.9997931721475677,-4.4112116582964555e-05
1.0001,62,50000,1,64,0.9862571786006641,-0.002733670104135499
1.0001,62,50000,1,1024,0.7887527174379879,-0.031017687307661402
1.0001,62,50000,1,4096,0.330786317646142,-0.033350023701510856
1.0001,62,200000,1,1,0.9998091069795866,-3.369545895125131e-05
1.0001,62,200000,1,64,0.9875779256319055,-0.002006234224875389
1.0001,62,200000,1,1024,0.8168563244121021,-0.02925720165412454
1.0001,62,200000,1,4096,0.4555032738995254,-0.05690958113510603
1.0001,62,1000000,1,1,0.9998227885990749,3.7144939466703144e-07
1.0001,62,1000000,1,64,0.9886525315808011,9.689698515422504e-05
1.0001,62,1000000,1,1024,0.8345226101293737,-0.001366114269485073
1.0001,62,1000000,1,4096,0.5002855818611852,-0.022929200222574202
1.0001,62,50000,4,1,0.999188858108836,-9.253719300389699e-05
1.0001,62,50000,4,64,0.9481965270855692,-0.006530564233694566
1.0001,62,50000,4,1024,0.4747597869912561,0.016206843159300207
1.0001,62,50000,4,4096,-0.05739302340403652,-0.12805386981880088
1.0001,62,200000,4,1,0.9992998605388643,-0.00012155834318456611
1.0001,62,200000,4,64,0.9567241144941467,-0.006259522183965365
1.0001,62,200000,4,1024,0.47660815392415123,-0.06956562107401344
1.0001,62,200000,4,4096,0.014165718174904102,-0.20231504334723005
1.0001,62,1000000,4,1,0.9993082540687318,5.190121941815532e-05
1.0001,62,1000000,4,64,0.9568706167011339,0.0038514532641835083
1.0001,62,1000000,4,1024,0.5005361403281089,0.010163626245275018
1.0001,62,1000000,4,4096,0.10811938681246178,-0.045622446565443286
1.0001,63,50000,1,1,0.9998743666851698,-0.0001149606652350326
1.0001,63,50000,1,64,0.9924279700103115,-0.007372650238391074
1.0001,63,50000,1,1024,0.8890151562939151,-0.11819594695866047
1.0001,63,50000,1,4096,0.5836642192148762,-0.3914115155362296
1.0001,63,200000,1,1,0.9998313836177404,-1.4735197038529312e-05
1.0001,63,200000,1,64,0.989202172240058,-0.0009652066593649911
1.0001,63,200000,1,1024,0.8554429876654549,-0.008643139343823431
1.0001,63,200000,1,4096,0.5007604643665348,-0.05186696717139007
1.0001,63,1000000,1,1,0.9998021719508714,3.108607870448088e-05
1.0001,63,1000000,1,64,0.9874435185613298,0.0020514136041015337
1.0001,63,1000000,1,1024,0.819827593825812,0.029547685179131554
1.0001,63,1000000,1,4096,0.4829709553080405,0.030718834492032165
1.0001,63,50000,4,1,0.9992609589102206,-0.0003401576571729771
1.0001,63,50000,4,64,0.9566741089633956,-0.020576507086670144
1.0001,63,50000,4,1024,0.5772019024949839,-0.281967938349503
1.0001,63,50000,4,4096,0.11065972839697977,-0.35980509153491935
1.0001,63,200000,4,1,0.9991682240461809,-0.00019644795131287265
1.0001,63,200000,4,64,0.9484283497105905,-0.01223110817277675
1.0001,63,200000,4,1024,0.5113461904054177,-0.001782538092010763
1.0001,63,200000,4,4096,0.1628551930296905,0.00017880139116253725
1.0001,63,1000000,4,1,0.999130328840829,0.0001358991052401828
1.0001,63,1000000,4,64,0.9460036088273376,0.008910662176113446
1.0001,63,1000000,4,1024,0.4565142557304111,0.11532976514990137
1.0001,63,1000000,4,4096,0.06616252377462299,0.058049630798343826
1.01,0,50000,1,1,0.9801778902722591,-0.0001556393170972795
1.01,0,50000,1,64,0.2730099997540745,-0.008590617768278259
1.01,0,50000,1,1024,0.0018163016041861542,-0.005550062801412518
1.01,0,50000,1,4096,0.0021170043564915078,-0.02342913522505692
1.01,0,200000,1,1,0.9801556578075367,-0.00024686739858262676
1.01,0,200000,1,64,0.27284164194843347,0.0005399573130910196
1.01,0,200000,1,1024,-0.005017543169535476,0.0022643406267937754
1.01,0,200000,1,4096,0.004283731848812942,-0.008788566725846372
1.01,0,1000000,1,1,0.9801400609478004,-4.322617997936896e-05
1.01,0,1000000,1,64,0.2806534310654155,-0.0011701989465931464
1.01,0,1000000,1,1024,-0.004512198281468876,0.001961175169332242
1.01,0,1000000,1,4096,0.010322585950570465,-0.004193035690436169
1.01,0,50000,4,1,0.9253895665655394,-0.00346387064278397
1.01,0,50000,4,64,0.011050695267941018,-0.002115654062686009
1.01,0,50000,4,1024,0.004988001070012819,-0.010210105350710858
1.01,0,50000,4,4096,-0.012813032997578792,0.008140535834677654
1.01,0,200000,4,1,0.9227266741190459,-0.0025004679457862255
1.01,0,200000,4,64,-0.0009853926099514466,0.0036465331839857155
1.01,0,200000,4,1024,0.0044315091913485075,-0.004808581641642279
1.01,0,200000,4,4096,-0.005692020117874463,0.002183325600628332
1.01,0,1000000,4,1,0.9226051293635702,-0.0005220849337966775
1.01,0,1000000,4,64,0.00933933930840161,0.0006453174418724184
1.01,0,1000000,4,1024,0.0022313413007664933,0.0028717097454244384
1.01,0,1000000,4,4096,-0.0016237001757750625,-0.0003817659648592821
1.01,1,50000,1,1,0.9802030017784173,0.0001705465927727289
1.01,1,50000,1,64,0.2819073914933235,0.006199474997259237
1.01,1,50000,1,1024,-0.0072365072744488635,0.022359566181181716
1.01,1,50000,1,4096,-0.03353890822525775,-0.012281229067802109
1.01,1,200000,1,1,0.9804199758179737,0.00021021137179191152
1.01,1,200000,1,64,0.27086350455101377,0.0011283626082137439
1.01,1,200000,1,1024,-0.008439444523998915,0.009392222113640436
1.01,1,200000,1,4096,-0.001799786381719455,0.005011348527835496
1.01,1,1000000,1,1,0.9803128855812746,0.00018880580667749317
1.01,1,1000000,1,64,0.2737192029741942,0.00461934645314936
1.01,1,1000000,1,1024,0.0052855993589801045,0.0017846866467180341
1.01,1,1000000,1,4096,0.0004595031694889832,-0.003323218769609125
1.01,1,50000,4,1,0.9230349003643638,0.0010067134479166534
1.01,1,50000,4,64,0.017012037430170344,-0.013474686316791547
1.01,1,50000,4,1024,-0.007431282235365869,0.00602930245068348
1.01,1,50000,4,4096,-0.010364829568629285,-0.01061299944613367
1.01,1,200000,4,1,0.9250026578223569,0.0009004632453527269
1.01,1,200000,4,64,0.009777660897830241,-0.002090687608888864
1.01,1,200000,4,1024,-0.00335671610268771,0.00668150594328568
1.01,1,200000,4,4096,0.0014626373543109579,-0.00889921600138171
1.01,1,1000000,4,1,0.9241317657569248,0.0015372691859798786
1.01,1,1000000,4,64,0.008507064434556306,0.004235372532114108
1.01,1,1000000,4,1024,0.002928812344349231,-0.0037565473844687752
1.01,1,1000000,4,4096,-0.0018149722296357195,0.0016980027469818066
1.01,2,50000,1,1,0.9825107997250134,0.0009818368031719437
1.01,2,50000,1,64,0.3230963801420557,0.024614389273621074
1.01,2,50000,1,1024,0.047862668174581284,0.015906402052229797
1.01,2,50000,1,4096,-0.015875885545274564,-0.021184900234667393
1.01,2,200000,1,1,0.9814371095552209,-0.00021015757176230077
1.01,2,200000,1,64,0.3124549234079805,-0.0019451675054607974
1.01,2,200000,1,1024,0.009341870148844628,-0.0019425902723666905
1.01,2,200000,1,4096,-0.003875404441676227,0.001061604168944837
1.01,2,1000000,1,1,0.9805834371899533,-8.581024112677151e-05
1.01,2,1000000,1,64,0.287483083777034,-0.0038492441190046693
1.01,2,1000000,1,1024,0.0038279746241390356,0.005931564003603561
1.01,2,1000000,1,4096,-0.0008526345897574228,-0.0008418417995109808
1.01,2,50000,4,1,0.9370500728640705,0.005050880728483056
1.01,2,50000,4,64,0.0480911268732544,0.013939934688718226
1.01,2,50000,4,1024,0.012297018465357953,-0.005161660605402636
1.01,2,50000,4,4096,-0.015367160657565729,-0.019315465422869924
1.01,2,200000,4,1,0.9295977695379688,-0.0013246874327285877
1.01,2,200000,4,64,0.03984183951063052,-0.0013918790719461935
1.01,2,200000,4,1024,0.008307479307067421,0.00397416437122498
1.01,2,200000,4,4096,-0.0006952951346973836,-0.006510828020264986
1.01,2,1000000,4,1,0.9252923984228738,8.999009249795336e-05
1.01,2,1000000,4,64,0.015102976385062404,0.00177517819693577
1.01,2,1000000,4,1024,5.003079308052722e-05,0.002958230664075331
1.01,2,1000000,4,4096,0.00029400046954613927,0.0022435307839032
1.01,3,50000,1,1,0.9808627037473953,0.0006057640023064135
1.01,3,50000,1,64,0.2844659432055717,-0.0022457786408556814
1.01,3,50000,1,1024,0.011105298625134047,0.036566462776133735
1.01,3,50000,1,4096,0.02003399867534784,0.03066046965313817
1.01,3,200000,1,1,0.9802994471957662,-0.00011137324239186566
1.01,3,200000,1,64,0.2777939639945861,-0.012312765425240103
1.01,3,200000,1,1024,0.0020766476856190976,0.008191380841228647
1.01,3,200000,1,4096,0.02183545873707255,0.010424381835013109
1.01,3,1000000,1,1,0.9801937713456788,0.0001309243050835849
1.01,3,1000000,1,64,0.27652363196324586,0.0023226196078380843
1.01,3,1000000,1,1024,0.002627335270825619,-0.0037694734386525125
1.01,3,1000000,1,4096,0.00884960358472864,0.009948402712865866
1.01,3,50000,4,1,0.9299158188858521,0.0030646206430029375
1.01,3,50000,4,64,-0.005838282850122414,-0.021165264097905232
1.01,3,50000,4,1024,-0.0028710132053537643,0.009605233179229731
1.01,3,50000,4,4096,-0.0066852710288192105,-0.010083559294517156
1.01,3,200000,4,1,0.9243319784001846,-0.00044740825137689244
1.01,3,200000,4,64,0.007451443989045277,-0.011437166883881007
1.01,3,200000,4,1024,-0.008427724913400991,0.004120969298960408
1.01,3,200000,4,4096,-0.0066548258284669275,-0.0015410572742402498
1.01,3,1000000,4,1,0.9229227897879547,0.00018690202899115113
1.01,3,1000000,4,64,0.007119976498099037,0.004428681579821608
1.01,3,1000000,4,1024,0.0016019201215397448,0.0048484095156084775
1.01,3,1000000,4,4096,-0.004889321830316149,-0.0009449525125893392
1.01,4,50000,1,1,0.9805604137007542,0.0003609451160017254
1.01,4,50000,1,64,0.26635726328503806,0.0206888083135635
1.01,4,50000,1,1024,-0.008917458140766254,0.01848666434152085
1.01,4,50000,1,4096,0.017085829546892462,-0.003379638059256563
1.01,4,200000,1,1,0.980321767373788,0.00011931748723560564
1.01,4,200000,1,64,0.2757314888752847,0.001903103817233364
1.01,4,200000,1,1024,0.004120655038537353,-0.0013768155421722593
1.01,4,200000,1,4096,-0.0003996222551681634,-0.006326031369873523
1.01,4,1000000,1,1,0.9802192277547414,9.180882519215096e-05
1.01,4,1000000,1,64,0.28033073493496397,0.0035841222561348337
1.01,4,1000000,1,1024,0.0008903943187260254,-0.008932933229312323
1.01,4,1000000,1,4096,-0.002349625780419096,-0.0033518526709158144
1.01,4,50000,4,1,0.9242705786775754,0.003501266113841911
1.01,4,50000,4,64,0.007873435892668604,0.011526228626491657
1.01,4,50000,4,1024,0.010584999325310021,0.027500763584726095
1.01,4,50000,4,4096,0.0003069992048421312,-0.006327590711276437
1.01,4,200000,4,1,0.9234917594699658,0.0011944630974777258
1.01,4,200000,4,64,0.0009402481778881967,0.008559782125374522
1.01,4,200000,4,1024,0.005302479715314528,0.006393580638555728
1.01,4,200000,4,4096,0.0017092678532064343,-0.0012878116158172852
1.01,4,1000000,4,1,0.9231833626634994,0.001001368719371511
1.01,4,1000000,4,64,0.0032783932260231985,0.004172948003326699
1.01,4,1000000,4,1024,0.00338211174801565,0.0004936800861574805
1.01,4,1000000,4,4096,-0.000785019951683589,0.00040376290970453344
1.01,5,50000,1,1,0.9792670476237315,9.202790504440054e-05
1.01,5,50000,1,64,0.26854494708759685,0.017100988039606635
1.01,5,50000,1,1024,0.007995015282490182,-0.013337566209624277
1.01,5,50000,1,4096,-0.028052584478693483,0.021399843466751823
1.01,5,200000,1,1,0.9802450446785186,4.371723029832476e-05
1.01,5,200000,1,64,0.28170468884926714,-0.004907124668197853
1.01,5,200000,1,1024,0.0011388052167131157,-0.0124491123088318
1.01,5,200000,1,4096,0.0012387150298309984,0.013880911273982314
1.01,5,1000000,1,1,0.9800762760334889,-0.00010448253041630352
1.01,5,1000000,1,64,0.2779179120864012,-0.0034734854984115058
1.01,5,1000000,1,1024,0.010164468995681894,-0.0034500768862207615
1.01,5,1000000,1,4096,-0.008158102827615355,-0.0012273815192604235
1.01,5,50000,4,1,0.9176743196490557,-0.0002325480781481943
1.01,5,50000,4,64,-0.007355839726636078,0.012028735565259348
1.01,5,50000,4,1024,0.0026082468712615168,0.017224675775267775
1.01,5,50000,4,4096,-0.004064354995917259,0.009092257744320306
1.01,5,200000,4,1,0.9236842245535081,0.00028769575651337254
1.01,5,200000,4,64,0.0005247697742001814,-0.0010320826005470564
1.01,5,200000,4,1024,-0.0020525071183584995,0.0036859494343583136
1.01,5,200000,4,4096,-0.006585705129464643,0.006100271451274373
1.01,5,1000000,4,1,0.9226783335873567,-0.0008104597523242462
1.01,5,1000000,4,64,0.0027787818590977666,0.0009768033540341003
1.01,5,1000000,4,1024,-0.0007188701880145199,-0.0005498866681708021
1.01,5,1000000,4,4096,-0.0014924633323293364,-0.0002574442662863641
1.01,6,50000,1,1,0.9797863590304906,0.0015562190261596029
1.01,6,50000,1,64,0.24933411506179756,0.022539421960287808
1.01,6,50000,1,1024,-0.038265574815068315,-0.013552987533660932
1.01,6,50000,1,4096,0.0010328878778065027,-0.015738145130728055
1.01,6,200000,1,1,0.9805334851169683,6.22720432672045e-05
1.01,6,200000,1,64,0.2811931438071977,-0.012722026842115253
1.01,6,200000,1,1024,-0.024631222556862738,-0.003377702207334136
1.01,6,200000,1,4096,0.005741020426132691,-0.01943009478294957
1.01,6,1000000,1,1,0.9802335959556977,-9.117957178177472e-05
1.01,6,1000000,1,64,0.2743915935453418,-0.004925927494298286
1.01,6,1000000,1,1024,-0.008451816865112587,0.0016145538253766701
1.01,6,1000000,1,4096,0.0018076135089968876,-0.006558983162274405
1.01,6,50000,4,1,0.9231514827980066,0.009188601808811417
1.01,6,50000,4,64,-0.008479009543754518,0.02176095618297733
1.01,6,50000,4,1024,0.025373149707851234,-0.012071233054286383
1.01,6,50000,4,4096,-0.002292142473214274,-0.007555416982410635
1.01,6,200000,4,1,0.9248294603418568,0.0004980171525750873
1.01,6,200000,4,64,0.022001125151846195,-0.015487480602290032
1.01,6,200000,4,1024,0.01256323905704534,-0.0013429959641894078
1.01,6,200000,4,4096,3.669434205189919e-06,-0.00487200069287971
1.01,6,1000000,4,1,0.9235084813503167,-0.0007511876194415757
1.01,6,1000000,4,64,0.0014700996721987642,-0.004678521217283156
1.01,6,1000000,4,1024,-0.0022172759072612556,0.002882436100856626
1.01,6,1000000,4,4096,0.000687287251297967,-0.004882918333803323
1.01,7,50000,1,1,0.9792989532381187,-3.074720397564043e-05
1.01,7,50000,1,64,0.2635502719461332,-0.00934672855153016
1.01,7,50000,1,1024,-0.023896007599991644,-0.02692744238778236
1.01,7,50000,1,4096,0.0472415379809991,0.0270359215527451
1.01,7,200000,1,1,0.9800960259528341,-0.00015640091880090467
1.01,7,200000,1,64,0.26378765698469425,-0.0050950732242459875
1.01,7,200000,1,1024,-0.004870088234574873,-0.010923990660376222
1.01,7,200000,1,4096,0.008818193511170693,0.010637087802698895
1.01,7,1000000,1,1,0.9801895430809761,3.497494348113617e-05
1.01,7,1000000,1,64,0.27857342870023044,-0.004803511785800917
1.01,7,1000000,1,1024,-0.0006238997559126699,-0.0009621652442595145
1.01,7,1000000,1,4096,-0.0031149420422079835,0.004171500424026247
1.01,7,50000,4,1,0.9175016162267028,0.0019606529055117327
1.01,7,50000,4,64,0.019555820073502646,-0.010126440350226118
1.01,7,50000,4,1024,-0.03554582573865405,0.01629811841324357
1.01,7,50000,4,4096,0.04598437731018637,0.0035588847511093635
1.01,7,200000,4,1,0.9226011603789214,-0.00048511317673671946
1.01,7,200000,4,64,0.006780827782601536,-0.004119798176819456
1.01,7,200000,4,1024,-0.006360903804362864,0.004940142725327241
1.01,7,200000,4,4096,0.007378329695589161,0.011659229822066356
1.01,7,1000000,4,1,0.9230330945946383,0.0006101130913878915
1.01,7,1000000,4,64,0.00777863026516761,-0.003745868273214885
1.01,7,1000000,4,1024,-0.002740852655235348,0.004167605857171908
1.01,7,1000000,4,4096,0.0016770351848640955,0.0034706871927611543
1.01,8,50000,1,1,0.980250984908486,-0.00017249424819500739
1.01,8,50000,1,64,0.2869867530373824,0.005020375835531988
1.01,8,50000,1,1024,-0.007065164602679342,0.024716772789484566
1.01,8,50000,1,4096,-0.001719788975621687,0.004584200358136946
1.01,8,200000,1,1,0.9795565168507092,-0.0004637088979666334
1.01,8,200000,1,64,0.2643422780099144,-0.0021459806861459036
1.01,8,200000,1,1024,0.005404603528537341,-0.0007081771132277922
1.01,8,200000,1,4096,0.01224353063954263,0.003969481650935605
1.01,8,1000000,1,1,0.9800841242071825,-0.00013194741046932125
1.01,8,1000000,1,64,0.2759297152437665,-0.003185302614157454
1.01,8,1000000,1,1024,-0.008915086380287216,-0.002361186734710994
1.01,8,1000000,1,4096,0.0018908136480854992,0.0021945181830015322
1.01,8,50000,4,1,0.9206920720197634,-0.00018277342354625832
1.01,8,50000,4,64,0.036087187644292376,0.0017475285807938101
1.01,8,50000,4,1024,-0.0035131831521949637,0.004474329532332034
1.01,8,50000,4,4096,0.025685198827886828,0.0059049523854346414
1.01,8,200000,4,1,0.9196172616658373,-0.0030045130796354596
1.01,8,200000,4,64,-0.008266338140999018,-0.009710397292877438
1.01,8,200000,4,1024,-0.0008922233891277377,-0.0005166660457291327
1.01,8,200000,4,4096,0.015127080062813223,-0.002456726540213964
1.01,8,1000000,4,1,0.9223053699538744,-0.0007780308007813162
1.01,8,1000000,4,64,0.0012337493105421767,-0.005261448582644765
1.01,8,1000000,4,1024,0.0007955480453312222,-0.001726238114332917
1.01,8,1000000,4,4096,0.002874714036942187,0.0018269649435402918
1.01,9,50000,1,1,0.979403977542308,-0.0003507463108848428
1.01,9,50000,1,64,0.28288514322500313,-0.012846247221047232
1.01,9,50000,1,1024,0.0341386709106848,-0.01707732151424142
1.01,9,50000,1,4096,-0.002623765195549552,0.03306435480176174
1.01,9,200000,1,1,0.9803000951420973,-0.00041008328522422737
1.01,9,200000,1,64,0.2964297931273658,-0.011094851620739084
1.01,9,200000,1,1024,0.0033996409065199266,-0.0006981553312370557
1.01,9,200000,1,4096,0.004990994138709583,0.012144778852264245
1.01,9,1000000,1,1,0.9802722737785955,-8.036386769719489e-05
1.01,9,1000000,1,64,0.2844910458197966,0.0005771233994984141
1.01,9,1000000,1,1024,0.0006644369215755476,0.006862720020637492
1.01,9,1000000,1,4096,0.006595789206206748,0.010826702757324731
1.01,9,50000,4,1,0.9175069782644365,2.2880815568281977e-05
1.01,9,50000,4,64,0.023951952641076354,-0.025601520473574047
1.01,9,50000,4,1024,-0.004471241384669316,-0.02602352440404713
1.01,9,50000,4,4096,0.015622965336576781,-0.0037136194940549636
1.01,9,200000,4,1,0.9238710043101506,-0.0014012967671651565
1.01,9,200000,4,64,0.01861218096675167,-0.012490375143737768
1.01,9,200000,4,1024,-0.00367085021258097,0.0008066178126580705
1.01,9,200000,4,4096,0.003338288246038161,-0.0038667569867201477
1.01,9,1000000,4,1,0.9235741732416857,-0.0007104639371662588
1.01,9,1000000,4,64,0.012596849991012758,0.002235338521314554
1.01,9,1000000,4,1024,-0.0009752830740099163,0.0012171922721815138
1.01,9,1000000,4,4096,-0.0007599995717691771,0.0012321751536598727
1.01,10,50000,1,1,0.9817873624783704,-0.00011744633548190495
1.01,10,50000,1,64,0.2805233680166062,0.00687405705155632
1.01,10,50000,1,1024,0.010121637234986923,-0.0071264936065733924
1.01,10,50000,1,4096,0.02515175948745948,0.023168850633503737
1.01,10,200000,1,1,0.9805458890543656,0.0004045638618880493
1.01,10,200000,1,64,0.28390541883738935,0.01311636870603263
1.01,10,200000,1,1024,-0.002312019519016744,0.01571369483885627
1.01,10,200000,1,4096,0.010893481195041394,0.003128198060683912
1.01,10,1000000,1,1,0.9803819806527362,5.735954295042847e-05
1.01,10,1000000,1,64,0.2808719360772411,0.0015726178661438057
1.01,10,1000000,1,1024,-0.0009360410923919974,0.0012088096140827251
1.01,10,1000000,1,4096,0.006377426370556504,-0.00792228462607852
1.01,10,50000,4,1,0.9353772958507284,-0.0005712304746923398
1.01,10,50000,4,64,-0.0009142271424125514,0.0002102981160403112
1.01,10,50000,4,1024,-0.005898165599948333,0.012337667196634473
1.01,10,50000,4,4096,-0.009926890255041237,0.0002449353923577884
1.01,10,200000,4,1,0.9255564975325355,0.0021598740643219315
1.01,10,200000,4,64,0.008463832589310714,0.011286519582355353
1.01,10,200000,4,1024,0.0037607999176109343,0.0074689664853776
1.01,10,200000,4,4096,-0.0035471425030370817,0.002648787086384627
1.01,10,1000000,4,1,0.9237534769658565,7.879943173610297e-07
1.01,10,1000000,4,64,0.004968852651128099,-0.0033439793276487735
1.01,10,1000000,4,1024,-0.0021175944373554426,0.002487905047942621
1.01,10,1000000,4,4096,0.00040534136728438604,-0.00043576263752077984
1.01,11,50000,1,1,0.980551882558748,0.0007051782707361237
1.01,11,50000,1,64,0.27879917023329887,-0.013741227380608328
1.01,11,50000,1,1024,0.0024408115490873335,0.01967730394158282
1.01,11,50000,1,4096,-0.002345295095395094,0.03158530647484281
1.01,11,200000,1,1,0.9802721485080454,0.00031004470693807767
1.01,11,200000,1,64,0.27986428941163616,0.006240342296987254
1.01,11,200000,1,1024,-0.012561247897561694,0.0032590823128884634
1.01,11,200000,1,4096,-0.0021101975107140677,0.004046378803358581
1.01,11,1000000,1,1,0.9803439248471877,8.67366707536709e-05
1.01,11,1000000,1,64,0.2768294195407224,-0.0013660405648792116
1.01,11,1000000,1,1024,4.477027188489913e-05,0.0019395123088600495
1.01,11,1000000,1,4096,0.00635716715656256,-0.0015903332046980799
1.01,11,50000,4,1,0.9242257554627586,0.00473669103934162
1.01,11,50000,4,64,-0.00675408914016597,-0.01226730099433048
1.01,11,50000,4,1024,0.015610941515248332,0.009665188565282347
1.01,11,50000,4,4096,0.010229941833287664,-0.0031530303377118357
1.01,11,200000,4,1,0.9244765454874648,0.002575830291157837
1.01,11,200000,4,64,0.015072921507597892,-0.002461387227637653
1.01,11,200000,4,1024,-0.0019325597806975254,-0.003735345446880051
1.01,11,200000,4,4096,0.007361244112367103,0.0022722912878874527
1.01,11,1000000,4,1,0.9242322534821571,0.000531918802354146
1.01,11,1000000,4,64,0.005193884226505642,0.004833207841424145
1.01,11,1000000,4,1024,-0.00025479831642410684,3.487571420130906e-05
1.01,11,1000000,4,4096,0.0009852126914637375,-0.00036597666655330345
1.01,12,50000,1,1,0.980146607070321,7.400944695825471e-05
1.01,12,50000,1,64,0.3009313037578624,-0.028511068060660054
1.01,12,50000,1,1024,0.032861842589158106,0.05011624727902103
1.01,12,50000,1,4096,-0.018945729480086736,-0.03569348813721459
1.01,12,200000,1,1,0.9805650810775213,-0.00011878128996048383
1.01,12,200000,1,64,0.2806435133757012,-0.00905629117880002
1.01,12,200000,1,1024,-0.004388396730617846,-0.001392794053494932
1.01,12,200000,1,4096,0.014767494813269704,-0.010749004658505194
1.01,12,1000000,1,1,0.9803525379044544,1.4548043595474793e-05
1.01,12,1000000,1,64,0.2773103547810152,0.0002644969133011148
1.01,12,1000000,1,1024,0.00894776768544061,0.0043052898103399535
1.01,12,1000000,1,4096,-0.0006424353293507147,-0.00019046225696387148
1.01,12,50000,4,1,0.9219707568749435,0.0024104943057115975
1.01,12,50000,4,64,0.012952240599604183,-0.01597040993186746
1.01,12,50000,4,1024,0.003244179319885071,0.02234956702531049
1.01,12,50000,4,4096,-0.009907231865160616,-0.0014815610159095985
1.01,12,200000,4,1,0.9258258644119883,0.0001964872498381343
1.01,12,200000,4,64,-0.005278728497805762,-0.008377915018284575
1.01,12,200000,4,1024,0.012070356114369752,0.00749640909887282
1.01,12,200000,4,4096,-0.005318421676497508,0.0010727647183440406
1.01,12,1000000,4,1,0.9239525716476,-0.00025668294004901107
1.01,12,1000000,4,64,-0.0004894993325663684,0.0017180446947469437
1.01,12,1000000,4,1024,0.0006659368618388814,-0.0009812403825346777
1.01,12,1000000,4,4096,-0.0001101842731603736,0.0005793470322443698
1.01,13,50000,1,1,0.9803669744219501,2.9102525964906147e-05
1.01,13,50000,1,64,0.27163557025666,-0.005814001462241028
1.01,13,50000,1,1024,0.0512386003281085,-0.03085881389589929
1.01,13,50000,1,4096,0.011535180826553687,0.01976519026067165
1.01,13,200000,1,1,0.9797519834752138,0.0003368553177049043
1.01,13,200000,1,64,0.26435706420690475,0.0015889197370533429
1.01,13,200000,1,1024,0.022381714596549324,0.005604495386486778
1.01,13,200000,1,4096,-0.0047429348292242005,-0.00566564766621872
1.01,13,1000000,1,1,0.9801477682974487,0.00029448599631989777
1.01,13,1000000,1,64,0.2752766134870142,0.00893705415023094
1.01,13,1000000,1,1024,0.008642480327738131,0.009451229156195467
1.01,13,1000000,1,4096,-0.004073227957452558,-0.006036424362424094
1.01,13,50000,4,1,0.922300914536552,-0.0011920963017068415
1.01,13,50000,4,64,0.018430185998778034,-0.00047054277048835835
1.01,13,50000,4,1024,-0.008998130597384111,0.002438960896953551
1.01,13,50000,4,4096,-0.006850361805266369,-0.0031003267007381563
1.01,13,200000,4,1,0.920239311350186,0.0015381632940268764
1.01,13,200000,4,64,0.00045385640869708083,0.0011502122332923857
1.01,13,200000,4,1024,0.003436672453783351,0.003199967794281797
1.01,13,200000,4,4096,-0.00215180650865239,-0.0020873362815340126
1.01,13,1000000,4,1,0.9226302337481691,0.0009922318938888855
1.01,13,1000000,4,64,0.0014881989768362814,0.004597439537113041
1.01,13,1000000,4,1024,-0.004400870345620004,0.0011397343958256248
1.01,13,1000000,4,4096,0.0016960784666236284,-0.002226803477667216
1.01,14,50000,1,1,0.9811763191179219,-6.356681006159658e-05
1.01,14,50000,1,64,0.2888743125090956,-0.028118126525736205
1.01,14,50000,1,1024,0.002485313686388751,0.016344029810346255
1.01,14,50000,1,4096,0.01782026270415979,0.009313811514963233
1.01,14,200000,1,1,0.98047805500643,-7.252112524790958e-05
1.01,14,200000,1,64,0.2834126690240305,-0.0016121251886272946
1.01,14,200000,1,1024,-0.000188082394626968,0.001575891599946474
1.01,14,200000,1,4096,0.00040946582360013343,0.016556580550395068
1.01,14,1000000,1,1,0.9802157950684374,-6.822001289507565e-05
1.01,14,1000000,1,64,0.27334701412275375,0.0009318952271047792
1.01,14,1000000,1,1024,0.0005535256239786486,-0.004701363145804382
1.01,14,1000000,1,4096,-0.006331084081513118,0.004397414472792317
1.01,14,50000,4,1,0.930290027627248,0.0009587629670387329
1.01,14,50000,4,64,0.012741071598728471,-0.01804463535213577
1.01,14,50000,4,1024,0.010911903748217391,0.01872186373046878
1.01,14,50000,4,4096,-0.005688811618480336,-0.0002938188491392575
1.01,14,200000,4,1,0.926986681542275,-0.0008097013641841591
1.01,14,200000,4,64,0.007268518231763099,0.006182821675957199
1.01,14,200000,4,1024,0.004862240651070799,-0.006931199145727804
1.01,14,200000,4,4096,-0.0012075937268584136,-0.001090473324318733
1.01,14,1000000,4,1,0.9234529104476477,-0.0006936923641008204
1.01,14,1000000,4,64,0.001967341251537086,0.0014714536287737828
1.01,14,1000000,4,1024,0.0010592291491069374,0.000325142697804076
1.01,14,1000000,4,4096,0.0014779472608026161,-0.0050663323003312735
1.01,15,50000,1,1,0.9820621195789009,-0.0005897210306830272
1.01,15,50000,1,64,0.318371776892689,-0.002689552563344939
1.01,15,50000,1,1024,-0.02449753311082853,0.009249129057186594
1.01,15,50000,1,4096,-0.02274357389148532,-0.020921596288458376
1.01,15,200000,1,1,0.9806284724958445,-1.405345210735206e-05
1.01,15,200000,1,64,0.2927686748785348,0.0032415094867781556
1.01,15,200000,1,1024,-0.008841445307742722,0.005046527367181395
1.01,15,200000,1,4096,-0.0038939246317320343,-0.004504692992270589
1.01,15,1000000,1,1,0.9805328883598596,2.4726210381856186e-05
1.01,15,1000000,1,64,0.28396164486326286,0.0043812086782396885
1.01,15,1000000,1,1024,-0.0022584753305325785,0.006845606222531754
1.01,15,1000000,1,4096,-0.0021018421630202458,-0.01012724847249795
1.01,15,50000,4,1,0.9339046606967489,-0.0030844872634429262
1.01,15,50000,4,64,0.05010256695448284,-0.020959516566829022
1.01,15,50000,4,1024,0.00017459607819648182,0.0019308881676194717
1.01,15,50000,4,4096,0.00025512424914096574,-0.007751102003693477
1.01,15,200000,4,1,0.9257789141108022,0.0009637779488704951
1.01,15,200000,4,64,0.01686072363896947,-0.0025015797655407305
1.01,15,200000,4,1024,-0.001390705564748124,-0.0025869101015811554
1.01,15,200000,4,4096,-0.0011170494449156245,0.00029659881442384436
1.01,15,1000000,4,1,0.9250313623854072,0.001230341899422452
1.01,15,1000000,4,64,0.009267033339620822,-0.0019385180633220052
1.01,15,1000000,4,1024,0.0017945324525970646,-0.0007971889632933324
1.01,15,1000000,4,4096,9.079017784348797e-05,-0.0015225011737046465
1.01,16,50000,1,1,0.9805413579782253,0.00017696229208586246
1.01,16,50000,1,64,0.2603656460400778,0.0010173881882177918
1.01,16,50000,1,1024,-0.03396803790614295,0.02538232654565675
1.01,16,50000,1,4096,-0.0008249488935308535,-0.00031373109446386727
1.01,16,200000,1,1,0.9799572282585661,-7.284086334124204e-05
1.01,16,200000,1,64,0.25332551948234255,-0.008202489416717376
1.01,16,200000,1,1024,-0.02165983283116649,-0.01220977084490626
1.01,16,200000,1,4096,-0.00278389449436394,0.015717643134553386
1.01,16,1000000,1,1,0.9802520551332248,8.452078054559876e-05
1.01,16,1000000,1,64,0.27987010672290824,-0.000705793387499272
1.01,16,1000000,1,1024,2.7335814022893344e-05,-0.0016936408745488452
1.01,16,1000000,1,4096,0.0025421323112814562,0.002303333368833484
1.01,16,50000,4,1,0.924741681799297,0.0008860136399650067
1.01,16,50000,4,64,-0.013872775746984827,0.0006464321146639176
1.01,16,50000,4,1024,-0.014691684556214233,0.02661656257412058
1.01,16,50000,4,4096,-0.00022353019248004126,-0.007211611242093101
1.01,16,200000,4,1,0.9232592820678306,-0.0008116789469531263
1.01,16,200000,4,64,-0.022906514134769143,-0.004141631223861337
1.01,16,200000,4,1024,-0.009633123802974,0.007087615599042932
1.01,16,200000,4,4096,-0.00035038372306194773,0.0031350885847235854
1.01,16,1000000,4,1,0.9237315555499147,0.0004945945688747085
1.01,16,1000000,4,64,0.004231997998729842,0.002706256964033823
1.01,16,1000000,4,1024,8.453239906924523e-05,0.0027378171376253096
1.01,16,1000000,4,4096,0.0003455546294796626,0.0014001608305734927
1.01,17,50000,1,1,0.9802222982844152,-0.0005770887057329295
1.01,17,50000,1,64,0.2672950062766206,-0.006908643923512415
1.01,17,50000,1,1024,0.029870015800439863,0.004666711020903774
1.01,17,50000,1,4096,0.03625577169199959,-0.03394681452791488
1.01,17,200000,1,1,0.9797150352489576,4.0787728356535614e-05
1.01,17,200000,1,64,0.24910219410910794,0.012488601296509869
1.01,17,200000,1,1024,0.019427384612268686,-0.005591226381770595
1.01,17,200000,1,4096,0.003459615631252602,-0.005991857824008833
1.01,17,1000000,1,1,0.9802137308496573,-8.02875016184566e-05
1.01,17,1000000,1,64,0.2753125801827537,0.0017361749870120006
1.01,17,1000000,1,1024,-0.0006404608260083134,0.004640542588980432
1.01,17,1000000,1,4096,0.0003192697064724514,-0.009310343374677225
1.01,17,50000,4,1,0.9263902145122159,-0.0033567403876525468
1.01,17,50000,4,64,0.0002419398658296303,-0.018372069090322685
1.01,17,50000,4,1024,0.01215862367394213,-0.012368731019771251
1.01,17,50000,4,4096,0.0025614430927336906,-0.004120048896559737
1.01,17,200000,4,1,0.9222928095861488,-0.00019250391984778736
1.01,17,200000,4,64,-0.011217229510903882,0.01003235084143931
1.01,17,200000,4,1024,0.00930760723069965,-0.00851012621288472
1.01,17,200000,4,4096,0.00425318412753037,0.0033860247066952055
1.01,17,1000000,4,1,0.9232942477095708,-0.0006330733410092988
1.01,17,1000000,4,64,0.002897090363581621,0.0005587967488210617
1.01,17,1000000,4,1024,-0.00013765628027589727,0.0016854100363052123
1.01,17,1000000,4,4096,-0.0021950590309157392,0.0008006659608000464
1.01,18,50000,1,1,0.9801856294486119,-0.0005902446619317311
1.01,18,50000,1,64,0.2723745371698744,-0.0013752944783868553
1.01,18,50000,1,1024,-0.008719530818760228,0.013534902741390548
1.01,18,50000,1,4096,-0.02251398789298592,0.01528021043325148
1.01,18,200000,1,1,0.9803049780062468,-0.0003937481100878386
1.01,18,200000,1,64,0.2820659614125244,0.004650184370060565
1.01,18,200000,1,1024,0.0031620970651983073,-0.004648163124195536
1.01,18,200000,1,4096,-0.007680126534674469,0.0025976096902031445
1.01,18,1000000,1,1,0.9803604964962245,3.950467258265136e-05
1.01,18,1000000,1,64,0.2840772736642738,0.004726033219967335
1.01,18,1000000,1,1024,0.0006230453531560123,0.001274588352160767
1.01,18,1000000,1,4096,-0.007474013217433222,0.0007119412358196286
1.01,18,50000,4,1,0.9228317410853806,-0.004733289793072784
1.01,18,50000,4,64,0.0022381233665090387,-0.0001677158756151512
1.01,18,50000,4,1024,0.0020561103799298934,0.016607604942612642
1.01,18,50000,4,4096,-0.015791099309096775,-0.00506871286409969
1.01,18,200000,4,1,0.9244576319242969,-0.003854265902459337
1.01,18,200000,4,64,0.002250405180652651,-0.0011443182499331912
1.01,18,200000,4,1024,-0.0014391601017625887,0.0005966507149544293
1.01,18,200000,4,4096,-0.0006977380341007405,-0.005950181381959579
1.01,18,1000000,4,1,0.9238769913211542,3.618080547165003e-05
1.01,18,1000000,4,64,0.006261833533117428,0.0036579834872448266
1.01,18,1000000,4,1024,0.0021495974538899855,0.002241044036043319
1.01,18,1000000,4,4096,-0.0017703313086517782,-0.0013403618703043435
1.01,19,50000,1,1,0.9804555266993238,-0.00028356868581481834
1.01,19,50000,1,64,0.2842515194994507,0.020313450205857272
1.01,19,50000,1,1024,0.02588557307802339,-0.010811628802787614
1.01,19,50000,1,4096,-0.0049596296762351106,-0.003945964876413594
1.01,19,200000,1,1,0.9802753294057006,0.00040359790335031486
1.01,19,200000,1,64,0.2777045847981529,-0.001602670190423144
1.01,19,200000,1,1024,0.017068401546463125,0.005264896751338987
1.01,19,200000,1,4096,-0.014586162030852412,-0.0006431760212734976
1.01,19,1000000,1,1,0.9803567528141872,0.00017310016852405642
1.01,19,1000000,1,64,0.27574921516485323,0.0019691612831133935
1.01,19,1000000,1,1024,0.0022956250840081432,0.003397679142213383
1.01,19,1000000,1,4096,0.0014563070973074824,0.001210281937898261
1.01,19,50000,4,1,0.9220083088248956,0.0005297440359181073
1.01,19,50000,4,64,0.005319902456910986,0.011949746412070611
1.01,19,50000,4,1024,0.0008410497948663458,-0.0013763018956593092
1.01,19,50000,4,4096,-0.00465420568203957,-0.0022068137331624324
1.01,19,200000,4,1,0.9231830009964858,0.003979297891390077
1.01,19,200000,4,64,0.004570618402432019,0.0034982057459744427
1.01,19,200000,4,1024,0.0029277845741924723,-0.0021879218953673547
1.01,19,200000,4,4096,-0.0025484874095468135,-0.003754068146657541
1.01,19,1000000,4,1,0.923808671887861,0.0011729783787028764
1.01,19,1000000,4,64,0.0015741701322244082,-0.0003760689665657295
1.01,19,1000000,4,1024,0.001106313375020999,-0.0014579345221730623
1.01,19,1000000,4,4096,-0.0005494940125121352,-0.0017617822756994912
1.01,20,50000,1,1,0.980783276188351,-0.0003157772912807139
1.01,20,50000,1,64,0.3015994982752691,0.004575760539101518
1.01,20,50000,1,1024,0.011488412863296724,-0.028447227506294134
1.01,20,50000,1,4096,0.00911180472584222,-0.0033269562866806886
1.01,20,200000,1,1,0.980258176000584,6.150597659519981e-05
1.01,20,200000,1,64,0.2763560989047141,0.0073833322274255205
1.01,20,200000,1,1024,0.0027588758862549458,0.0012078902322935662
1.01,20,200000,1,4096,0.0022080505613280925,-0.0014511012760420557
1.01,20,1000000,1,1,0.980263848830153,-0.00017155707084971723
1.01,20,1000000,1,64,0.27997164314659706,0.0003047724682451382
1.01,20,1000000,1,1024,0.003280734079576043,-0.01159870598828558
1.01,20,1000000,1,4096,0.000645826378366534,0.0035293742683018734
1.01,20,50000,4,1,0.927351388243752,-0.00038000209868797955
1.01,20,50000,4,64,0.03392035292856812,-0.01069846605835904
1.01,20,50000,4,1024,-0.0015790226375288984,0.001195481598607847
1.01,20,50000,4,4096,0.026996985002969057,0.014090530723713355
1.01,20,200000,4,1,0.9239237869444242,0.0014776067893501308
1.01,20,200000,4,64,0.0009050190242817375,-0.001268599374850489
1.01,20,200000,4,1024,-0.004716768050891742,0.0004769955153934033
1.01,20,200000,4,4096,0.008884142177152743,0.005204834865006064
1.01,20,1000000,4,1,0.9235689522931692,-0.0008245898951465468
1.01,20,1000000,4,64,0.007435830574207515,-0.0006590864869455445
1.01,20,1000000,4,1024,0.0009147190741758321,-0.00012014880683295603
1.01,20,1000000,4,4096,0.00025888038436909625,0.0024681450237328656
1.01,21,50000,1,1,0.979056596939842,0.000650214251379418
1.01,21,50000,1,64,0.25464549737930486,0.022203346779516412
1.01,21,50000,1,1024,0.01963160029764484,0.005043112843517392
1.01,21,50000,1,4096,-0.014065257658373343,-0.015663916746798588
1.01,21,200000,1,1,0.9800414659793133,0.00018042474908989416
1.01,21,200000,1,64,0.27386685788284953,0.007387420450942972
1.01,21,200000,1,1024,0.009553590495792897,0.007105968577836944
1.01,21,200000,1,4096,-0.009877774350025133,-0.0170981037451595
1.01,21,1000000,1,1,0.9802270360107677,-0.0001444901826564473
1.01,21,1000000,1,64,0.2824731383626525,-0.002914255765008151
1.01,21,1000000,1,1024,0.002825088774106465,0.0017533453243992632
1.01,21,1000000,1,4096,-0.0028173536984422757,-0.0060473730894168845
1.01,21,50000,4,1,0.9170962008535725,0.005146775672549552
1.01,21,50000,4,64,-0.009527996491521605,-0.007459667234734955
1.01,21,50000,4,1024,-0.0025861725080951747,0.013639790648102895
1.01,21,50000,4,4096,-0.0030187075661328813,-0.007754761912360916
1.01,21,200000,4,1,0.9231806671488482,0.0016966999159071688
1.01,21,200000,4,64,-0.0032827577824799496,0.0027578432032431674
1.01,21,200000,4,1024,-0.0024387635897511503,0.00493108016777487
1.01,21,200000,4,4096,0.0020980283302744285,-0.0013353782296942683
1.01,21,1000000,4,1,0.923091700021029,-0.001052378490907299
1.01,21,1000000,4,64,0.008233303710837121,-0.003632819300870166
1.01,21,1000000,4,1024,-0.0039513829747292945,0.0038827480586177887
1.01,21,1000000,4,4096,0.0005456207833413959,-0.0007189029530912681
1.01,22,50000,1,1,0.9806550878081497,-0.0008547439104432984
1.01,22,50000,1,64,0.3096581364689072,-0.013393340923312
1.01,22,50000,1,1024,0.03387796760227295,-0.021836422810068357
1.01,22,50000,1,4096,0.025783989025160523,0.01370860878975172
1.01,22,200000,1,1,0.9800579232726141,-0.0006153460785769604
1.01,22,200000,1,64,0.2923974899606732,-0.007448859729901999
1.01,22,200000,1,1024,0.023199079500493,-0.0009444139674764413
1.01,22,200000,1,4096,-0.006206283733788412,0.017519243961345875
1.01,22,1000000,1,1,0.9802277517308967,4.628504805561186e-06
1.01,22,1000000,1,64,0.28612180434294526,0.0006264108321750245
1.01,22,1000000,1,1024,0.006938882781555973,-0.004413422427567287
1.01,22,1000000,1,4096,0.004744887578008319,0.002234175378819786
1.01,22,50000,4,1,0.9282593286811917,-0.0020884971257966534
1.01,22,50000,4,64,0.0038591940182748866,-0.0352829898498179
1.01,22,50000,4,1024,0.035443709820155905,-0.0013930098030993745
1.01,22,50000,4,4096,-0.007675623918692165,-0.010378182314909138
1.01,22,200000,4,1,0.9217334842822272,-0.0012359618687595756
1.01,22,200000,4,64,0.012667968888137059,-0.006373957275678463
1.01,22,200000,4,1024,0.008886125639155106,0.006164491507720896
1.01,22,200000,4,4096,-0.005684861674676719,-0.002709146827107745
1.01,22,1000000,4,1,0.9234009986521461,0.0005443665171282663
1.01,22,1000000,4,64,0.008580737260793374,0.001449604996681797
1.01,22,1000000,4,1024,0.0009281722081576507,0.002973381050355259
1.01,22,1000000,4,4096,-0.007191112304165661,-0.0005014692375917465
1.01,23,50000,1,1,0.97938546317755,0.0004660757155196705
1.01,23,50000,1,64,0.2363503880169999,0.01773455357551974
1.01,23,50000,1,1024,-0.012288533994455019,-0.008602243818912602
1.01,23,50000,1,4096,-0.024222563541335944,0.042175116993268695
1.01,23,200000,1,1,0.9799768979602453,0.00030448023128463753
1.01,23,200000,1,64,0.2632284726685195,0.012089613657407391
1.01,23,200000,1,1024,-0.010620207680403605,-0.0051446101039012175
1.01,23,200000,1,4096,-0.0019622260702371135,0.03331031595361962
1.01,23,1000000,1,1,0.9802523678159456,-0.00022590545701912576
1.01,23,1000000,1,64,0.2773869928383111,-0.006621498745452073
1.01,23,1000000,1,1024,0.0030255338959652503,-0.005032295329239617
1.01,23,1000000,1,4096,-0.004022386085450044,0.006073827589189922
1.01,23,50000,4,1,0.9184966542219769,0.001403333824570149
1.01,23,50000,4,64,-0.034394989832578875,-0.010614952678931353
1.01,23,50000,4,1024,0.000545021264503671,-0.0005854613636767101
1.01,23,50000,4,4096,-0.0169622319944356,0.010186940930234816
1.01,23,200000,4,1,0.9221199995876417,0.0015755172543917926
1.01,23,200000,4,64,-0.0012051140423571325,0.015517010652096317
1.01,23,200000,4,1024,0.005283304795349165,-0.0005875917645322529
1.01,23,200000,4,4096,-0.0005098755822146854,0.006157100422588084
1.01,23,1000000,4,1,0.9233367791533239,-0.0010260596008388482
1.01,23,1000000,4,64,0.006910042826470056,-0.004581532501912292
1.01,23,1000000,4,1024,0.004578395959337171,-0.0026253009440885193
1.01,23,1000000,4,4096,0.0025643885196985645,0.003539945889868409
1.01,24,50000,1,1,0.9794704387285672,0.00014263719585301472
1.01,24,50000,1,64,0.25296118729595524,-0.03136028985929938
1.01,24,50000,1,1024,-0.007087776180651479,0.015806972321710817
1.01,24,50000,1,4096,0.0016920027619188145,-0.010731698497743036
1.01,24,200000,1,1,0.9799239249239198,0.0002862014137504003
1.01,24,200000,1,64,0.2651998139261081,0.009792555222145293
1.01,24,200000,1,1024,-0.0007696212534430778,0.007326205772388152
1.01,24,200000,1,4096,0.007774771306625753,-0.009114458243566258
1.01,24,1000000,1,1,0.9799379648151292,8.870678922688126e-05
1.01,24,1000000,1,64,0.273354701297245,0.004750581611618783
1.01,24,1000000,1,1024,0.0014586004703900362,0.0010501352464186327
1.01,24,1000000,1,4096,-0.00046126789324794806,-0.004083691597700654
1.01,24,50000,4,1,0.9209368005040985,0.0017015924195193173
1.01,24,50000,4,64,-0.007832006998622649,-0.035544016092782224
1.01,24,50000,4,1024,-0.007514746233733722,-0.005214537793463411
1.01,24,50000,4,4096,0.004976260884082193,0.014687057164469785
1.01,24,200000,4,1,0.9217316903087731,-0.0003045093716913352
1.01,24,200000,4,64,-0.006683753605723238,0.0060774214667992125
1.01,24,200000,4,1024,-0.003031588396204831,-0.007169071068116802
1.01,24,200000,4,4096,0.003633824393995988,-0.0024901190082846033
1.01,24,1000000,4,1,0.921493128671735,-0.0006496433537100868
1.01,24,1000000,4,64,0.0008418687596152688,-0.0017970046485886334
1.01,24,1000000,4,1024,-0.0021787350190881224,-0.0011882260621975328
1.01,24,1000000,4,4096,0.000585154258416609,-0.0013431244939580364
1.01,25,50000,1,1,0.9804486347473744,-0.00011108416809624743
1.01,25,50000,1,64,0.27597597767365195,0.010108600138640702
1.01,25,50000,1,1024,-0.007107747963115338,-0.009508374139031972
1.01,25,50000,1,4096,0.002763812350090746,-0.014418302931039519
1.01,25,200000,1,1,0.9801235856253144,-6.01571144492225e-05
1.01,25,200000,1,64,0.2770462434368675,-0.01184947253983304
1.01,25,200000,1,1024,-0.0024367842753327896,-0.008708677241356806
1.01,25,200000,1,4096,0.0162658881822624,-0.0018961913937847567
1.01,25,1000000,1,1,0.9800979005365487,0.000139416949140862
1.01,25,1000000,1,64,0.27722651605312065,-2.8356337576393723e-05
1.01,25,1000000,1,1024,-0.010618112630609149,-0.005738452783941587
1.01,25,1000000,1,4096,0.004652053404674845,-0.0017500037717725436
1.01,25,50000,4,1,0.9253749612051285,-0.0014292071619762129
1.01,25,50000,4,64,0.01790398702789257,0.0025327222257838706
1.01,25,50000,4,1024,0.015477104126645264,-0.020210119477827353
1.01,25,50000,4,4096,0.019681600550345704,0.00966316347819692
1.01,25,200000,4,1,0.9210854615413897,0.0012234370330932401
1.01,25,200000,4,64,0.009898852674411544,-0.008868963689673139
1.01,25,200000,4,1024,0.0032525001089922546,-0.011158565490678823
1.01,25,200000,4,4096,0.009451109259700347,0.006603580406896603
1.01,25,1000000,4,1,0.9225733289750697,0.0009543342716406309
1.01,25,1000000,4,64,-0.00038688196428663047,0.006187185808728008
1.01,25,1000000,4,1024,-0.00299286899978795,-0.005061052805376539
1.01,25,1000000,4,4096,-0.00064835166226272,0.002941337071049494
1.01,26,50000,1,1,0.98028619491251,-0.0008166800669105146
1.01,26,50000,1,64,0.28127574249859194,-0.007740595867266868
1.01,26,50000,1,1024,-0.026490007446065156,0.0066768317442735675
1.01,26,50000,1,4096,-0.04261664618183176,0.05158483464627591
1.01,26,200000,1,1,0.9801612372733282,0.0006588046598658307
1.01,26,200000,1,64,0.2754228371694945,0.010583349307293337
1.01,26,200000,1,1024,-0.005261314158189682,-0.0014472729570592794
1.01,26,200000,1,4096,-0.008155923630083665,0.0284392862182335
1.01,26,1000000,1,1,0.9801254039528461,-1.0328179014105512e-05
1.01,26,1000000,1,64,0.28003469369288214,0.00027230658740471617
1.01,26,1000000,1,1024,-0.006397180805785936,-0.0024257980556818366
1.01,26,1000000,1,4096,0.0004210428462390783,0.006865879251711545
1.01,26,50000,4,1,0.9241595683254792,-0.00467832605661487
1.01,26,50000,4,64,0.013862605398897743,-0.02482069353271096
1.01,26,50000,4,1024,-0.00899890849582567,-0.0029636439881106694
1.01,26,50000,4,4096,0.004413275558802429,-0.012620726957907513
1.01,26,200000,4,1,0.9230864781604742,0.004041367326468692
1.01,26,200000,4,64,0.004539441793250942,-0.0025442385277569235
1.01,26,200000,4,1024,0.0032396963747546893,-0.0028696208252772496
1.01,26,200000,4,4096,-0.002299594047533128,0.005567728206399118
1.01,26,1000000,4,1,0.9221790218986237,-0.0004457084992907606
1.01,26,1000000,4,64,0.006622890925902004,0.0013957719208505506
1.01,26,1000000,4,1024,-0.0007402225989190703,4.262850219483709e-05
1.01,26,1000000,4,4096,-0.002178389551130913,0.0012342805550163245
1.01,27,50000,1,1,0.9803630681489285,-2.029968718200703e-05
1.01,27,50000,1,64,0.2693729279848875,0.013247081788084215
1.01,27,50000,1,1024,-0.03567545610555179,-0.00408609023621315
1.01,27,50000,1,4096,-0.008289107155296852,-0.03325254984349158
1.01,27,200000,1,1,0.9808337019220209,1.712253896268695e-05
1.01,27,200000,1,64,0.28863953569784173,0.001779814148972437
1.01,27,200000,1,1024,-0.006488014235418132,0.006005664638242972
1.01,27,200000,1,4096,0.014781462808449723,0.01137203816513036
1.01,27,1000000,1,1,0.9803778691499421,-6.46984538533203e-05
1.01,27,1000000,1,64,0.27422848845647846,0.005008471906328143
1.01,27,1000000,1,1024,-0.00045375265083712657,-0.012676609679014163
1.01,27,1000000,1,4096,-0.003067769919607036,-0.003905130491629541
1.01,27,50000,4,1,0.9231250581075375,0.0017557353030698154
1.01,27,50000,4,64,-0.02089450873218995,0.009220722687620359
1.01,27,50000,4,1024,-0.015964861861947996,0.01975961847801294
1.01,27,50000,4,4096,0.012544651449804194,-0.0026036007000408835
1.01,27,200000,4,1,0.9270459262191376,0.0013193970110904176
1.01,27,200000,4,64,0.008519953173739473,0.0010006178607859446
1.01,27,200000,4,1024,-0.001290721072631601,0.01392214754456154
1.01,27,200000,4,4096,0.0024281098728189095,-0.003981559163017296
1.01,27,1000000,4,1,0.9241334688228741,6.979914482172823e-05
1.01,27,1000000,4,64,0.005144893793036872,0.0009464300176697638
1.01,27,1000000,4,1024,0.0014141714430098947,0.0024588094264378153
1.01,27,1000000,4,4096,-0.00011673359796920374,-0.0011399090649705128
1.01,28,50000,1,1,0.9806715273841526,0.0005223891417014812
1.01,28,50000,1,64,0.2653912477586515,0.0018180640327481548
1.01,28,50000,1,1024,-0.020065245477564633,0.035695666089413755
1.01,28,50000,1,4096,-0.0319383946816703,0.041315820867859315
1.01,28,200000,1,1,0.9806320154639768,0.00013616686710411316
1.01,28,200000,1,64,0.27950707293214666,-0.0019802130787599202
1.01,28,200000,1,1024,0.007282487948110996,-0.006891746264710896
1.01,28,200000,1,4096,-0.012952229264250832,0.005665488290256754
1.01,28,1000000,1,1,0.9804479002390488,8.447082199065548e-05
1.01,28,1000000,1,64,0.28169793234031476,0.004717348572482579
1.01,28,1000000,1,1024,-0.00971665183771045,0.0005392501843951062
1.01,28,1000000,1,4096,-0.003198443709072821,-0.0008811954444061659
1.01,28,50000,4,1,0.9277814592131836,0.005047099809379967
1.01,28,50000,4,64,0.0034141010707430626,0.019419944852996182
1.01,28,50000,4,1024,-0.022372481225034036,0.0035709685521937047
1.01,28,50000,4,4096,-0.036525559062696375,0.007953103289184615
1.01,28,200000,4,1,0.9275392703207316,0.0013601043793063843
1.01,28,200000,4,64,0.010887787913059171,0.007031716268233051
1.01,28,200000,4,1024,-0.008578010661768125,-0.0031581038396581982
1.01,28,200000,4,4096,-0.007821806736969621,0.0037144114563755423
1.01,28,1000000,4,1,0.9245047347380418,-2.1152760505442353e-05
1.01,28,1000000,4,64,0.011265729074260673,0.0031998264568470305
1.01,28,1000000,4,1024,-0.002349171718451768,0.0002298482604839128
1.01,28,1000000,4,4096,-0.0029363902769584307,0.003125330740350745
1.01,29,50000,1,1,0.9788062735625216,0.0001740156145368203
1.01,29,50000,1,64,0.23262782916030258,-0.0037233383772123574
1.01,29,50000,1,1024,0.018737243441379975,-0.026450609152180525
1.01,29,50000,1,4096,0.04345507181639661,-0.002862824956727555
1.01,29,200000,1,1,0.9798063560420642,1.40694244799611e-05
1.01,29,200000,1,64,0.2636155673916165,0.000873395640864224
1.01,29,200000,1,1024,0.00394963087637949,-0.010249440717728146
1.01,29,200000,1,4096,0.006958603353959038,-0.019336291377951932
1.01,29,1000000,1,1,0.9802956019666561,-1.9407722207474856e-05
1.01,29,1000000,1,64,0.27569203173744966,0.006834960200341249
1.01,29,1000000,1,1024,0.0004842375294907341,-0.0035229149770690067
1.01,29,1000000,1,4096,0.007571795531413652,-0.0072955706726741286
1.01,29,50000,4,1,0.9180193719137402,0.0011644926917109498
1.01,29,50000,4,64,-0.030874116133666193,0.01298289300305255
1.01,29,50000,4,1024,0.017715844794894957,-0.006290151602196773
1.01,29,50000,4,4096,0.0057606833188207415,-0.013757290912889625
1.01,29,200000,4,1,0.9211492337394781,0.0008075852628534304
1.01,29,200000,4,64,-0.009129282267569237,-0.005504747387507335
1.01,29,200000,4,1024,0.0027336196324887186,-0.0021538286609450383
1.01,29,200000,4,4096,0.0017241387893440722,-0.006217621643278227
1.01,29,1000000,4,1,0.9236904201583109,7.606125900546034e-05
1.01,29,1000000,4,64,0.007906958435796215,0.00014861124444732015
1.01,29,1000000,4,1024,0.0004411499814416526,-0.002377130129010915
1.01,29,1000000,4,4096,0.0013216586150949314,-0.0009447089184590808
1.01,30,50000,1,1,0.9806173274723337,-0.00012934467010291016
1.01,30,50000,1,64,0.29136461506290107,-0.011911794758844374
1.01,30,50000,1,1024,-0.010224139427469225,0.013912343608864858
1.01,30,50000,1,4096,-0.02786702786246377,-0.039384516748467144
1.01,30,200000,1,1,0.9806545493745478,8.252969694710185e-05
1.01,30,200000,1,64,0.2746768636950441,-0.007275427499196926
1.01,30,200000,1,1024,0.0042091757261868,-0.0013655887752523478
1.01,30,200000,1,4096,-0.016614411846065314,-0.031367807152307914
1.01,30,1000000,1,1,0.9803991635211112,0.00022280305557363027
1.01,30,1000000,1,64,0.27720690763482786,0.00484762017980693
1.01,30,1000000,1,1024,-0.004781033657525318,-0.0034679382357725593
1.01,30,1000000,1,4096,-0.004841965464812674,0.0013218566133444266
1.01,30,50000,4,1,0.9241248875313385,0.002897531175032273
1.01,30,50000,4,64,0.02220798470924253,-0.03018603668782065
1.01,30,50000,4,1024,0.0024272829026086244,0.003662711155831904
1.01,30,50000,4,4096,0.0008483146585601521,-0.009828970748526114
1.01,30,200000,4,1,0.9271114092773466,0.0007066919254019725
1.01,30,200000,4,64,0.008609942754097183,-0.010654764429438567
1.01,30,200000,4,1024,0.008974647957969328,-0.0059944943230557214
1.01,30,200000,4,4096,-0.006182673384118449,-0.0037147091511590307
1.01,30,1000000,4,1,0.9243234116045399,0.0009357926313636714
1.01,30,1000000,4,64,0.0044617926717427335,0.0007943134031548111
1.01,30,1000000,4,1024,0.004434232770117739,-0.0013012195895383875
1.01,30,1000000,4,4096,-0.002954913702624726,0.003555794474959377
1.01,31,50000,1,1,0.9801149082969594,-0.0004057904232469
1.01,31,50000,1,64,0.264753161315014,0.003469755852095795
1.01,31,50000,1,1024,-0.02803621817727459,0.012404264301631853
1.01,31,50000,1,4096,0.01132085786484059,0.0423261843529784
1.01,31,200000,1,1,0.980297961646914,-8.282709924988041e-05
1.01,31,200000,1,64,0.2802965586118084,-0.0025422872099162123
1.01,31,200000,1,1024,0.013278417263690548,-0.01284683132168993
1.01,31,200000,1,4096,0.01961778427054252,0.002157816282158943
1.01,31,1000000,1,1,0.9804711692814407,0.00014936279258739244
1.01,31,1000000,1,64,0.2787473261401888,0.002781811249280021
1.01,31,1000000,1,1024,0.0038982902422392647,-0.003946191691203294
1.01,31,1000000,1,4096,0.005174670672411252,0.005378247993984814
1.01,31,50000,4,1,0.9224092651872646,-0.003666150853604492
1.01,31,50000,4,64,-0.03796758839429213,0.035530582238015175
1.01,31,50000,4,1024,0.010163223168215309,0.008141326018016449
1.01,31,50000,4,4096,0.019670545511689137,0.008240714874810753
1.01,31,200000,4,1,0.9227858668942605,-0.00038753382939615925
1.01,31,200000,4,64,-0.001510716139864785,0.010768850032930379
1.01,31,200000,4,1024,0.002262272316934809,-0.0027303304092455064
1.01,31,200000,4,4096,0.005994104607495738,0.003961286639418493
1.01,31,1000000,4,1,0.9241781149013568,0.0006001566748683018
1.01,31,1000000,4,64,0.0059456724835746915,0.0024184922766272193
1.01,31,1000000,4,1024,0.0062930010381541,-0.003836020002499491
1.01,31,1000000,4,4096,0.00019629975982697904,-0.0012269292867217742
1.01,32,50000,1,1,0.9805173937331986,0.00041501568533913627
1.01,32,50000,1,64,0.29420668882404377,0.003633060288704084
1.01,32,50000,1,1024,0.010584777797725185,0.019791532704438383
1.01,32,50000,1,4096,0.009813247942315717,-0.0039848696367259405
1.01,32,200000,1,1,0.9808824146820173,0.00042429751704709206
1.01,32,200000,1,64,0.28554820642417156,0.0013738793541654228
1.01,32,200000,1,1024,0.018971980078727354,0.008155899672863313
1.01,32,200000,1,4096,0.020555283832956125,-0.004218813681155595
1.01,32,1000000,1,1,0.9803681280569937,-0.0001300345959242396
1.01,32,1000000,1,64,0.2782585699211567,-0.0037291048464961622
1.01,32,1000000,1,1024,0.006051162460455563,0.007083032607741441
1.01,32,1000000,1,4096,-0.004257150531779188,-0.0031747438936640783
1.01,32,50000,4,1,0.921692727641346,0.001574409461425368
1.01,32,50000,4,64,0.016200783275386852,0.01025723331368204
1.01,32,50000,4,1024,0.0030384812039616297,-0.0037125865117944652
1.01,32,50000,4,4096,-0.004195459595284556,-0.005608460817792235
1.01,32,200000,4,1,0.9274874600421308,0.0024858088041377216
1.01,32,200000,4,64,0.011836954028809663,-0.00010642610655964492
1.01,32,200000,4,1024,-0.002349473900382579,-0.009015965233397889
1.01,32,200000,4,4096,-0.002705823058086446,0.0038511163621356708
1.01,32,1000000,4,1,0.9244920892302981,-0.0007847195717501197
1.01,32,1000000,4,64,0.006805462951236537,-0.003034227626250482
1.01,32,1000000,4,1024,0.0008538036672624939,-0.00531058849300777
1.01,32,1000000,4,4096,-0.0027719016325578358,-0.001422538021325442
1.01,33,50000,1,1,0.9799273090577758,-0.00019361329211202405
1.01,33,50000,1,64,0.2763722087271357,-0.017023784776716754
1.01,33,50000,1,1024,-0.01902138398962072,0.016346329469951116
1.01,33,50000,1,4096,0.0014353063271467066,0.012832662037580347
1.01,33,200000,1,1,0.9798929007254793,0.00023206769891501522
1.01,33,200000,1,64,0.27485066191572544,0.003617766380921432
1.01,33,200000,1,1024,0.0366824708923902,-0.0011173554880641082
1.01,33,200000,1,4096,0.006812289465538711,0.006592343527934957
1.01,33,1000000,1,1,0.9801750440576059,0.00013430492463380886
1.01,33,1000000,1,64,0.2845304401603349,0.000764961115248386
1.01,33,1000000,1,1024,0.002769088296671583,0.0015983973501494256
1.01,33,1000000,1,4096,-0.00474986714594439,-0.003621898051969342
1.01,33,50000,4,1,0.9222713532775233,-0.00029679920414532607
1.01,33,50000,4,64,0.023173610977828506,-0.007051759968694317
1.01,33,50000,4,1024,-0.007617544595858331,-0.011436294579895449
1.01,33,50000,4,4096,-0.010684495684929221,-0.0006023108860534565
1.01,33,200000,4,1,0.9203591658998391,0.002957047832321245
1.01,33,200000,4,64,0.004861221970598346,0.002382420420910325
1.01,33,200000,4,1024,0.0012681432861384177,0.0006025186233360373
1.01,33,200000,4,4096,0.002578339197648374,-0.0008565271120290696
1.01,33,1000000,4,1,0.9224333557091957,0.0012754410987364743
1.01,33,1000000,4,64,0.009538788971221674,0.001395496315920659
1.01,33,1000000,4,1024,-0.0012514895152414994,-0.0010300398312085622
1.01,33,1000000,4,4096,0.003555206727025323,-0.001191038303708661
1.01,34,50000,1,1,0.979188430680178,-0.0008669635110881994
1.01,34,50000,1,64,0.27323573781662125,-0.009218752202459988
1.01,34,50000,1,1024,0.008300026467446864,-0.012144573069980775
1.01,34,50000,1,4096,0.02071256226165725,-0.00982519397565662
1.01,34,200000,1,1,0.9796151010307653,3.3699077033875234e-05
1.01,34,200000,1,64,0.27949499102823794,0.004395352427173548
1.01,34,200000,1,1024,0.009995032894622372,-0.004889525547708351
1.01,34,200000,1,4096,-0.006010418950890571,0.002459510544518582
1.01,34,1000000,1,1,0.9803974218776478,-0.00024901335914878403
1.01,34,1000000,1,64,0.27941812645355496,-0.003031395494134083
1.01,34,1000000,1,1024,-0.004555281187177027,-0.005028561849891748
1.01,34,1000000,1,4096,-0.003818122360979303,0.003299088403579667
1.01,34,50000,4,1,0.9160746372994298,-0.008847651537129868
1.01,34,50000,4,64,0.002157132965476974,-0.012295435743299665
1.01,34,50000,4,1024,0.01828159727867619,-0.0027745391295318496
1.01,34,50000,4,4096,-0.007169885524370502,-0.009583371544397533
1.01,34,200000,4,1,0.9200156551723032,-0.00025589424380586005
1.01,34,200000,4,64,-0.0006173071421481372,-0.0012870872660456743
1.01,34,200000,4,1024,0.01694702574029474,0.005867587647033298
1.01,34,200000,4,4096,-0.005781433261227083,-0.013470110921177624
1.01,34,1000000,4,1,0.9244334160359157,-0.0009607408903832438
1.01,34,1000000,4,64,0.01071747061538772,-0.005998539300719278
1.01,34,1000000,4,1024,0.0035267124337966848,0.0001491519654722244
1.01,34,1000000,4,4096,0.0016638894848081348,-0.0042066962676912635
1.01,35,50000,1,1,0.9803848327728949,-4.692211398902851e-05
1.01,35,50000,1,64,0.2760003899193084,-0.005281823734731232
1.01,35,50000,1,1024,0.01750309415300267,-0.009142976730423705
1.01,35,50000,1,4096,-0.01946887897466515,-0.0003969201078025587
1.01,35,200000,1,1,0.9806883762948614,0.0001802029497742648
1.01,35,200000,1,64,0.3011057215594239,0.0009537372098493644
1.01,35,200000,1,1024,-0.004836200607750375,-0.004019179494154316
1.01,35,200000,1,4096,-0.0068624390626185255,-0.006582076286894403
1.01,35,1000000,1,1,0.9802988663071067,5.660778306138151e-05
1.01,35,1000000,1,64,0.2867848158450824,0.0013397374129836557
1.01,35,1000000,1,1024,-0.003047409075077797,0.0020376579011187205
1.01,35,1000000,1,4096,-0.004810452307459175,0.00019997065064039418
1.01,35,50000,4,1,0.9280485187586174,0.0007850085089707807
1.01,35,50000,4,64,0.003460016573917042,-0.001173237845497326
1.01,35,50000,4,1024,-0.003088758777453484,-0.001769970884218739
1.01,35,50000,4,4096,0.008954166962567177,0.005641532299142789
1.01,35,200000,4,1,0.9261072323447493,0.001108636033730424
1.01,35,200000,4,64,0.025387729515776974,-0.0002652066346372722
1.01,35,200000,4,1024,-0.0018891451836550964,0.0004583859109695595
1.01,35,200000,4,4096,0.0023196315800905853,-0.0028026318359167914
1.01,35,1000000,4,1,0.9238317422485108,0.00015778896801907518
1.01,35,1000000,4,64,0.012551030995886508,0.0011251708271444916
1.01,35,1000000,4,1024,0.00011190143687562992,0.002288351751988603
1.01,35,1000000,4,4096,0.002717825390313247,-0.004832508311307184
1.01,36,50000,1,1,0.9796326213615634,-0.0015600930656765985
1.01,36,50000,1,64,0.280234451819973,-0.010601938996580039
1.01,36,50000,1,1024,0.01886461419353673,-0.008756236226095138
1.01,36,50000,1,4096,0.0136694634940225,0.014538372271828474
1.01,36,200000,1,1,0.980056221401624,-0.0003909640742174446
1.01,36,200000,1,64,0.27904098771589325,-0.0016607922545157168
1.01,36,200000,1,1024,0.002893494156957858,0.012874086989290807
1.01,36,200000,1,4096,0.01546610478811796,-0.006720728640383476
1.01,36,1000000,1,1,0.9803210967298478,-9.25236433071886e-05
1.01,36,1000000,1,64,0.27296903844821097,0.0025319419028283024
1.01,36,1000000,1,1024,0.00962223297151398,0.0014883351517699607
1.01,36,1000000,1,4096,0.004932636348831742,0.00961103541169036
1.01,36,50000,4,1,0.9200648847606141,-0.006651317299495267
1.01,36,50000,4,64,0.0059458645630097685,-0.03644944047724585
1.01,36,50000,4,1024,-0.005530916916738073,-0.01085174017360537
1.01,36,50000,4,4096,-0.008579066737977786,-0.004739495617212982
1.01,36,200000,4,1,0.9218941245300737,-0.0015561073268694151
1.01,36,200000,4,64,0.003355603781746271,-0.009681747400798683
1.01,36,200000,4,1024,0.005123381524452122,0.0040907482834612275
1.01,36,200000,4,4096,-0.003399698373695961,-0.003690129038173401
1.01,36,1000000,4,1,0.9240380643586152,-0.0010368492669267859
1.01,36,1000000,4,64,0.0069311532241474036,-0.004941250537872559
1.01,36,1000000,4,1024,0.002326369530051313,0.001828583526249122
1.01,36,1000000,4,4096,0.003581180397883953,0.0005297294610665604
1.01,37,50000,1,1,0.9795693532873615,0.0004264078055090094
1.01,37,50000,1,64,0.2637205302632485,-0.0020788928997483628
1.01,37,50000,1,1024,0.003135652133623779,-0.012438707508119854
1.01,37,50000,1,4096,-0.013775954136051151,0.010447648242498945
1.01,37,200000,1,1,0.9800104385689787,-0.00018993848691027535
1.01,37,200000,1,64,0.27309999767790055,-0.007653279674608096
1.01,37,200000,1,1024,-0.00018748505515790232,-0.013376763396033914
1.01,37,200000,1,4096,0.0034179613578011444,0.009763894928088589
1.01,37,1000000,1,1,0.9799903147808176,-0.00011072640089185611
1.01,37,1000000,1,64,0.26891290058999634,-0.004021331098782152
1.01,37,1000000,1,1024,0.003956600351546579,-0.010631642814496137
1.01,37,1000000,1,4096,0.006065018059094777,-0.0035711331683209568
1.01,37,50000,4,1,0.9193271480094689,0.0009058078832900258
1.01,37,50000,4,64,-0.022282613303984705,0.02017828888085734
1.01,37,50000,4,1024,0.0013617771234051195,-0.014713285588305314
1.01,37,50000,4,4096,-0.000873869378877464,0.0013472414408218882
1.01,37,200000,4,1,0.923745388822069,-0.0007927187408601267
1.01,37,200000,4,64,0.007875977076298916,-0.0017955580681861642
1.01,37,200000,4,1024,-0.00968231847613286,-0.007733342881582303
1.01,37,200000,4,4096,0.0034338882079604483,0.0020508979733307917
1.01,37,1000000,4,1,0.9228295881372883,-0.0009585287612812673
1.01,37,1000000,4,64,-0.0017870770627236516,-0.004712854709756946
1.01,37,1000000,4,1024,-0.001762852733045936,-0.006580273937243082
1.01,37,1000000,4,4096,0.0010748650369994033,0.00015197932376360436
1.01,38,50000,1,1,0.979816541799686,0.000564970195665416
1.01,38,50000,1,64,0.2812160822080241,0.021907721544608662
1.01,38,50000,1,1024,-0.01650110592185182,-0.03656434119942642
1.01,38,50000,1,4096,-0.006545763368681698,-0.01509338356446997
1.01,38,200000,1,1,0.9802868127227021,0.00025696012731677705
1.01,38,200000,1,64,0.2823683517898912,0.003477531961856678
1.01,38,200000,1,1024,-0.005738504166052785,-0.008292414152177977
1.01,38,200000,1,4096,0.012308535416337241,0.009639535048690554
1.01,38,1000000,1,1,0.9801243596988801,0.00010607955149457968
1.01,38,1000000,1,64,0.2784785082775179,0.00947201534548927
1.01,38,1000000,1,1024,0.004519610659146537,-0.003220655484672719
1.01,38,1000000,1,4096,-0.0005921222416326642,0.003980240809952111
1.01,38,50000,4,1,0.9193108356268144,0.003567554374231114
1.01,38,50000,4,64,-0.01924782686098694,0.020216789802400964
1.01,38,50000,4,1024,-0.01817421184020095,-0.0012251314411624618
1.01,38,50000,4,4096,-0.011065241670069321,0.01379552482702089
1.01,38,200000,4,1,0.9222014384665626,0.0019315083654527782
1.01,38,200000,4,64,-0.00022614953912772757,0.004910285734359462
1.01,38,200000,4,1024,-0.004596263355562439,-0.005623149766342641
1.01,38,200000,4,4096,0.003259274836908379,0.011607314249407457
1.01,38,1000000,4,1,0.9229857747296948,0.00044255176222069613
1.01,38,1000000,4,64,-0.0012385919267993088,0.004211898512444584
1.01,38,1000000,4,1024,-0.002832126542964197,-0.0026270238820747375
1.01,38,1000000,4,4096,0.0012003448701090704,0.004386475697044725
1.01,39,50000,1,1,0.9815621317350333,0.00017581312424260468
1.01,39,50000,1,64,0.30472088311523615,0.023505342851450756
1.01,39,50000,1,1024,0.0293480264374482,-0.0068019971399442825
1.01,39,50000,1,4096,0.035285677943753396,0.025592047548587224
1.01,39,200000,1,1,0.9807254555529633,0.0001881963466516409
1.01,39,200000,1,64,0.2871333581082524,0.00509633179918962
1.01,39,200000,1,1024,0.020149546301724445,-0.02030220137278139
1.01,39,200000,1,4096,-0.0005569843662275832,-0.0062319666284386295
1.01,39,1000000,1,1,0.9802695868924376,4.412929507576776e-05
1.01,39,1000000,1,64,0.27755485700956734,0.0001665457126700899
1.01,39,1000000,1,1024,0.007532483698863981,-0.001101279124501069
1.01,39,1000000,1,4096,0.003918431097180148,-0.0025525641798704356
1.01,39,50000,4,1,0.9300916821249593,0.001979922195213606
1.01,39,50000,4,64,0.03389906729753659,0.026001933259709897
1.01,39,50000,4,1024,0.03184281716688337,0.022413920307846075
1.01,39,50000,4,4096,-0.00719019970564507,0.014385268010519188
1.01,39,200000,4,1,0.9266737134144256,0.001529957873767683
1.01,39,200000,4,64,0.019182968752376593,0.019460017624069407
1.01,39,200000,4,1024,-0.0012079767462932363,0.0034248221928291217
1.01,39,200000,4,4096,0.0008444591184720056,0.0035625895187365664
1.01,39,1000000,4,1,0.923592116036993,0.0003294744625034185
1.01,39,1000000,4,64,0.0040130646791895755,0.0013942167526704524
1.01,39,1000000,4,1024,-0.0034585202020531317,0.007250756077040951
1.01,39,1000000,4,4096,-0.0005406782338534392,-0.0012780533239108304
1.01,40,50000,1,1,0.9800979809426998,-0.0006106440984935584
1.01,40,50000,1,64,0.261419047243479,-0.013086260493012805
1.01,40,50000,1,1024,0.03833976197743324,-0.03218575847783041
1.01,40,50000,1,4096,-0.0015958554406131857,0.0283245743391609
1.01,40,200000,1,1,0.9802648105876145,0.0001241219431519469
1.01,40,200000,1,64,0.27765326338866797,0.0038544595691519874
1.01,40,200000,1,1024,0.010896420398289612,-0.021881288217131506
1.01,40,200000,1,4096,-0.013476297484815448,0.0035734621073129826
1.01,40,1000000,1,1,0.9802719232057763,7.529619009871592e-05
1.01,40,1000000,1,64,0.2775904951639852,0.0005514068860683129
1.01,40,1000000,1,1024,0.00977363813134076,-0.004166144852904453
1.01,40,1000000,1,4096,-0.006068352214037434,0.005613573854119339
1.01,40,50000,4,1,0.9235556070956045,-0.005811784779188798
1.01,40,50000,4,64,0.0032230803971814046,-0.008738641523278978
1.01,40,50000,4,1024,-0.006807652260667524,-0.004743684092128355
1.01,40,50000,4,4096,0.004945653825124947,0.00013899568140126649
1.01,40,200000,4,1,0.9228474522217787,2.4973075168111217e-05
1.01,40,200000,4,64,0.013001769561119104,0.004886185232943861
1.01,40,200000,4,1024,-0.0036990132005032513,-0.004884993695811443
1.01,40,200000,4,4096,-0.0021653128357330877,0.0003540562128675492
1.01,40,1000000,4,1,0.9234830357582924,0.00022662654777872414
1.01,40,1000000,4,64,0.006737376691489947,0.006101475372032366
1.01,40,1000000,4,1024,0.0011062280384509739,0.001600593391328794
1.01,40,1000000,4,4096,-0.0037239253679226276,0.005037696499414236
1.01,41,50000,1,1,0.9791947416097386,-0.0006507054016814301
1.01,41,50000,1,64,0.27900477673095614,0.013551333996020666
1.01,41,50000,1,1024,-0.0024803863489837666,0.014784368799685314
1.01,41,50000,1,4096,-0.01925882326066002,-0.02645915133249021
1.01,41,200000,1,1,0.979904982485337,0.0003607914088330172
1.01,41,200000,1,64,0.29235419783924516,0.011208833565446386
1.01,41,200000,1,1024,-0.019449806599910992,0.01194362239370416
1.01,41,200000,1,4096,-0.014286690376774448,0.00075484230268367
1.01,41,1000000,1,1,0.9803604896821749,0.00010736934514477693
1.01,41,1000000,1,64,0.28517664423090067,0.0029438208116484054
1.01,41,1000000,1,1024,-0.004914170926502125,0.008368640116439747
1.01,41,1000000,1,4096,-0.005761262296393035,0.0005700081507007476
1.01,41,50000,4,1,0.9168808845947374,-0.004765779288009857
1.01,41,50000,4,64,-0.013993243807445347,-0.008193974177717299
1.01,41,50000,4,1024,-0.017646415947987562,-0.005662685969997384
1.01,41,50000,4,4096,0.01014609386528754,-0.005721102834119724
1.01,41,200000,4,1,0.9206973237963662,0.0020005044048414405
1.01,41,200000,4,64,0.0037565801045265548,0.004838314119883319
1.01,41,200000,4,1024,-0.004671405712616199,-0.0014844846769923213
1.01,41,200000,4,4096,0.0038508260124858864,0.0022341895279004258
1.01,41,1000000,4,1,0.9235159373072823,0.0005552980098577216
1.01,41,1000000,4,64,0.00895040104651859,0.0011087331487716096
1.01,41,1000000,4,1024,0.001392437016633477,-0.00011487918898195676
1.01,41,1000000,4,4096,-0.0015446450124916987,0.002806952947520803
1.01,42,50000,1,1,0.9802116068435539,-0.000304907021719695
1.01,42,50000,1,64,0.2664310387443659,-0.02510951747053075
1.01,42,50000,1,1024,0.0019033931138576457,-0.032714916734487016
1.01,42,50000,1,4096,-0.009567423881378634,-0.0002647957994234089
1.01,42,200000,1,1,0.9803660261093142,-4.1085768910360435e-05
1.01,42,200000,1,64,0.2765527612017666,-0.00217357829178194
1.01,42,200000,1,1024,0.017018533021600515,-0.010413732858887331
1.01,42,200000,1,4096,0.014425984020100596,0.014801873700794613
1.01,42,1000000,1,1,0.9801469671402951,3.0455268308259307e-05
1.01,42,1000000,1,64,0.2745033193465835,0.00032609352854571236
1.01,42,1000000,1,1024,-0.007263786434958185,-0.009409823507225227
1.01,42,1000000,1,4096,0.0013718648807365592,-0.0029700980945030903
1.01,42,50000,4,1,0.9230916028016394,-0.0032573830177018708
1.01,42,50000,4,64,0.01790563067902998,-0.024020767332268683
1.01,42,50000,4,1024,0.01962976952752294,-0.015209708228380402
1.01,42,50000,4,4096,0.007668753195606286,0.001083918526526799
1.01,42,200000,4,1,0.9236065432183411,-0.0009272095194926926
1.01,42,200000,4,64,0.009161237668796472,-0.00659429894741661
1.01,42,200000,4,1024,0.007194165709321414,-0.0011594863285156196
1.01,42,200000,4,4096,0.001014202524745273,0.0013703206770404536
1.01,42,1000000,4,1,0.9228747445066197,5.594991330721158e-05
1.01,42,1000000,4,64,0.0030596697546089228,-0.002650464140248403
1.01,42,1000000,4,1024,0.003846884514119641,-0.0015575744550031165
1.01,42,1000000,4,4096,0.0018679333091603974,-0.0009447505183976287
1.01,43,50000,1,1,0.9801597842186204,-0.0004397917599600896
1.01,43,50000,1,64,0.2722586388769872,-0.0008988502061695268
1.01,43,50000,1,1024,-0.003351799622954879,0.014315293062373063
1.01,43,50000,1,4096,-0.010220494626664557,-0.019665569624466063
1.01,43,200000,1,1,0.9798731271426977,-0.00014426683222689855
1.01,43,200000,1,64,0.2819865780097792,-0.0020986743419887824
1.01,43,200000,1,1024,0.009786273065585955,0.004801386103413657
1.01,43,200000,1,4096,0.0045355341855817756,-0.007502301051230778
1.01,43,1000000,1,1,0.9801668310717516,-5.0920310424962496e-05
1.01,43,1000000,1,64,0.2829958064101462,-0.001980889321708604
1.01,43,1000000,1,1024,0.0026079011888462803,-0.0026255550935264244
1.01,43,1000000,1,4096,0.007835321444755631,0.012030742401917842
1.01,43,50000,4,1,0.9222942973155737,-0.0011638184948969967
1.01,43,50000,4,64,-0.0010732873529956733,-0.01840946371741744
1.01,43,50000,4,1024,0.0018760371400983321,0.022813013290513766
1.01,43,50000,4,4096,0.0024639593443390733,-0.0070320012452524385
1.01,43,200000,4,1,0.9204607851329593,0.0011495269424535105
1.01,43,200000,4,64,0.005370982427695638,-0.018300053452537605
1.01,43,200000,4,1024,-1.3313188082384537e-05,0.005786554100203527
1.01,43,200000,4,4096,0.001376713095777656,0.003022416600632525
1.01,43,1000000,4,1,0.9220392183323738,0.0007694020371602778
1.01,43,1000000,4,64,0.006402525688190348,-0.0022458324297369822
1.01,43,1000000,4,1024,0.0015147745687456083,0.0012597124071351486
1.01,43,1000000,4,4096,0.0030275842231460653,0.0014497174838615972
1.01,44,50000,1,1,0.9810995132273818,-0.0005086842672759855
1.01,44,50000,1,64,0.2901409886604213,-0.005591127094323361
1.01,44,50000,1,1024,-0.03259551459909742,0.03024113363252304
1.01,44,50000,1,4096,0.008078704622853596,-0.04677478889975866
1.01,44,200000,1,1,0.9803782258033913,0.00013983529537451564
1.01,44,200000,1,64,0.2820852570338879,0.007106999112077629
1.01,44,200000,1,1024,0.010859970403874616,0.012119993642450479
1.01,44,200000,1,4096,0.007159697368060835,-0.0077253913398432905
1.01,44,1000000,1,1,0.9803720258400695,0.0001455296833533411
1.01,44,1000000,1,64,0.2835942303311972,0.008428665938558413
1.01,44,1000000,1,1024,-0.0004308110532495717,0.009916118350090349
1.01,44,1000000,1,4096,0.0020328884588405828,0.001526794099087448
1.01,44,50000,4,1,0.927940581345762,-0.0009094722053922606
1.01,44,50000,4,64,0.004285548220820231,-0.029632096319988074
1.01,44,50000,4,1024,-0.012200089903651175,0.0037957808470621282
1.01,44,50000,4,4096,-0.006639650891996996,-0.019952805529338806
1.01,44,200000,4,1,0.9236675358455229,0.001699387885415806
1.01,44,200000,4,64,0.007728695715560666,-0.010234313493415545
1.01,44,200000,4,1024,-0.008082056098472321,0.00018895353413252275
1.01,44,200000,4,4096,0.002299978704491889,-0.007394207584938466
1.01,44,1000000,4,1,0.9242398904960623,0.00034450978332662004
1.01,44,1000000,4,64,0.00922680667754911,-0.0016533726512496234
1.01,44,1000000,4,1024,-0.001486396776691089,0.0015079586551760944
1.01,44,1000000,4,4096,0.0015741032374924557,-0.0012670568117050588
1.01,45,50000,1,1,0.9798667902911792,0.0003824201488488381
1.01,45,50000,1,64,0.28218030380075765,0.003942975571103436
1.01,45,50000,1,1024,-0.02693140379635148,0.007347967969340777
1.01,45,50000,1,4096,-0.008391365796544118,0.015630594299384105
1.01,45,200000,1,1,0.9801325134793006,-0.00019517641669049952
1.01,45,200000,1,64,0.2841961553121367,0.0024289383292739244
1.01,45,200000,1,1024,-0.008372827064827892,0.01057283512305726
1.01,45,200000,1,4096,0.001779314503683636,-0.005539260786265915
1.01,45,1000000,1,1,0.9800828246343152,2.28303568386678e-05
1.01,45,1000000,1,64,0.2752068753043986,0.0017071772781457756
1.01,45,1000000,1,1024,0.004055630579183269,0.012122888122187946
1.01,45,1000000,1,4096,-0.0023349733149279368,-0.005436595125723992
1.01,45,50000,4,1,0.9198646468081993,0.00029353785565421585
1.01,45,50000,4,64,0.005165606523517408,0.013481258573904472
1.01,45,50000,4,1024,0.005329393432455589,0.008189232217834517
1.01,45,50000,4,4096,0.006055894339312557,0.00044163251883528617
1.01,45,200000,4,1,0.9221936818773349,-0.0026032601419344412
1.01,45,200000,4,64,0.009335509278301705,0.0034231672810723147
1.01,45,200000,4,1024,-0.006810346733753956,0.009335217657303505
1.01,45,200000,4,4096,0.0014653639688650079,0.002231363363644668
1.01,45,1000000,4,1,0.9223595342056419,0.00011866775173658705
1.01,45,1000000,4,64,0.003483853988168814,0.000717325705385953
1.01,45,1000000,4,1024,-0.0025609368861987092,0.002986416707844011
1.01,45,1000000,4,4096,-0.002637628925744793,-0.00179885217451935
1.01,46,50000,1,1,0.9783566563243189,-0.0002077471032281553
1.01,46,50000,1,64,0.25496643614483083,-0.023611692186346275
1.01,46,50000,1,1024,0.02685874545353391,0.011688339920736264
1.01,46,50000,1,4096,0.0010476899091449053,0.01221727813543767
1.01,46,200000,1,1,0.9800652958816317,-0.00032887572358924073
1.01,46,200000,1,64,0.27090598223407003,-0.005759065004576855
1.01,46,200000,1,1024,0.026040911564145817,0.005690034399421852
1.01,46,200000,1,4096,0.000878559366972389,0.0030695354365873192
1.01,46,1000000,1,1,0.9805178263074975,-0.00011286354939728872
1.01,46,1000000,1,64,0.28480224598132026,-0.0036357687557882776
1.01,46,1000000,1,1024,0.0036705865395031166,6.17272521908329e-05
1.01,46,1000000,1,4096,0.0035035257734587024,0.0014585385763023738
1.01,46,50000,4,1,0.913944320295284,-0.0006705713943883746
1.01,46,50000,4,64,-0.03175490760178431,-0.00030361813707961406
1.01,46,50000,4,1024,-0.009757135782482572,-0.01417765269050789
1.01,46,50000,4,4096,0.0005629847716360041,-0.006352609313842688
1.01,46,200000,4,1,0.9236619064043019,-0.0014063714763334618
1.01,46,200000,4,64,0.0017307111029266702,-0.005185895237959908
1.01,46,200000,4,1024,0.001770508866156549,-0.008336480682488094
1.01,46,200000,4,4096,0.004639183567966769,-0.0043244969130188
1.01,46,1000000,4,1,0.9245744027881351,-5.867647366390509e-05
1.01,46,1000000,4,64,0.011378895911877728,-0.0025878411098681224
1.01,46,1000000,4,1024,0.00357970380291743,-0.003186735153948167
1.01,46,1000000,4,4096,0.0014031396502119917,0.0007960268250623197
1.01,47,50000,1,1,0.9806690725447754,0.0008289020578023438
1.01,47,50000,1,64,0.2738463638151452,0.03129540551756365
1.01,47,50000,1,1024,0.05717792012791402,-0.025103278916805312
1.01,47,50000,1,4096,0.02592081165336879,0.014266167921972592
1.01,47,200000,1,1,0.9806248217383129,0.0005301968472389934
1.01,47,200000,1,64,0.27599518957614105,0.019520395158731038
1.01,47,200000,1,1024,0.021693370174215052,-0.02632510259211579
1.01,47,200000,1,4096,-0.0017518709923768816,0.012118364459822544
1.01,47,1000000,1,1,0.9804187445373412,0.00026351254053387144
1.01,47,1000000,1,64,0.27797991761857277,0.007938211373131379
1.01,47,1000000,1,1024,-0.0027956035454172372,-0.005057307577299742
1.01,47,1000000,1,4096,0.004310491410391745,-0.000831911110915833
1.01,47,50000,4,1,0.9259306023283324,0.005189277895455226
1.01,47,50000,4,64,-0.0019267830276679834,0.0018967967463470034
1.01,47,50000,4,1024,0.018977042987857896,-0.005152430675710237
1.01,47,50000,4,4096,-0.008578678783430622,-0.006826166998582633
1.01,47,200000,4,1,0.9253855272681891,0.003608312946787428
1.01,47,200000,4,64,0.006582683401630716,0.010194989631236332
1.01,47,200000,4,1024,0.004899365534427436,0.00844287911398278
1.01,47,200000,4,4096,-0.005959897566084344,-0.0036493692034228753
1.01,47,1000000,4,1,0.9240439526912573,0.002039081471717754
1.01,47,1000000,4,64,0.010096323438993767,0.005156355803394688
1.01,47,1000000,4,1024,0.0019906885266366627,8.082929650958037e-05
1.01,47,1000000,4,4096,0.0010287186306529206,-0.0005000910551014528
1.01,48,50000,1,1,0.9803060670997946,0.00039687010385665604
1.01,48,50000,1,64,0.2858925581748364,0.028045395007923118
1.01,48,50000,1,1024,0.0005982551751382857,0.011957617898005134
1.01,48,50000,1,4096,0.013025870277534749,-0.005479720820475527
1.01,48,200000,1,1,0.9802357979045817,8.852027053114028e-05
1.01,48,200000,1,64,0.28894774605251883,0.0069962168534769215
1.01,48,200000,1,1024,0.0035335881651529055,0.004131094441884966
1.01,48,200000,1,4096,-0.01727720127590366,0.0020836868664449366
1.01,48,1000000,1,1,0.9802876158749394,-6.99181447171457e-05
1.01,48,1000000,1,64,0.27866888993747835,0.005665619767658445
1.01,48,1000000,1,1024,-0.0018606823257581357,-0.008430100105342522
1.01,48,1000000,1,4096,-0.007665669730658548,0.0013873762251754916
1.01,48,50000,4,1,0.9231360212665013,-0.0005418154015030965
1.01,48,50000,4,64,0.0199768581145656,0.03915224708052485
1.01,48,50000,4,1024,0.009945237766240464,0.0026299790320661594
1.01,48,50000,4,4096,0.004099821330344674,0.003483766663511071
1.01,48,200000,4,1,0.9219016547370938,-0.000527667406761372
1.01,48,200000,4,64,0.006724054515730118,0.009429257116783451
1.01,48,200000,4,1024,0.010495953916626994,-0.003969474016780454
1.01,48,200000,4,4096,-0.0031012563168125074,-0.0011650766887977085
1.01,48,1000000,4,1,0.9232044191072876,-0.0009958823930647995
1.01,48,1000000,4,64,0.0050050252841752465,0.005278005395543891
1.01,48,1000000,4,1024,0.0023226060811406516,-0.0005979106547881226
1.01,48,1000000,4,4096,0.0017035920596546086,-0.0013931222935839533
1.01,49,50000,1,1,0.9798367615337488,-0.00023940439204981053
1.01,49,50000,1,64,0.26118570193202273,-0.0008954673059762692
1.01,49,50000,1,1024,-0.04353077592315927,-0.021487963494738496
1.01,49,50000,1,4096,-0.019290120803794657,0.026324832271245022
1.01,49,200000,1,1,0.9804108317074653,0.00014696737869009777
1.01,49,200000,1,64,0.2768885300127848,-0.0005813132996067364
1.01,49,200000,1,1024,-0.006917090775544968,0.014031710421538043
1.01,49,200000,1,4096,-0.011443598695369334,0.008481243013100406
1.01,49,1000000,1,1,0.9802574429907668,-0.00014251079953710787
1.01,49,1000000,1,64,0.27364032281288575,-0.004553522128399284
1.01,49,1000000,1,1024,-0.006205180377010443,0.001461586400490685
1.01,49,1000000,1,4096,-0.009693835498542644,0.003615302437948415
1.01,49,50000,4,1,0.9225443420674774,-0.0016709976667763726
1.01,49,50000,4,64,-0.0010017618107179725,0.005865460537536474
1.01,49,50000,4,1024,-0.013959629005503372,-0.010159165380606464
1.01,49,50000,4,4096,-0.027130749573613933,-0.00031444612607633613
1.01,49,200000,4,1,0.9253795168050635,0.0005221403915124679
1.01,49,200000,4,64,-0.004230989975369706,0.001590834188618178
1.01,49,200000,4,1024,-0.003269758589102459,-0.0027349801636072056
1.01,49,200000,4,4096,-0.008699010749713711,0.005168796480618753
1.01,49,1000000,4,1,0.9238535837629637,-0.0006847977768481427
1.01,49,1000000,4,64,0.00017650822016663503,-0.0008384638994995859
1.01,49,1000000,4,1024,-0.003309950916204969,0.001169627453842406
1.01,49,1000000,4,4096,-0.002295678227799956,0.0028581362101344314
1.01,50,50000,1,1,0.9787743690529684,0.00036627939669371077
1.01,50,50000,1,64,0.22299312238462188,-0.017753536440305823
1.01,50,50000,1,1024,-0.014761297079626992,-0.019478234237700554
1.01,50,50000,1,4096,0.015822093017689286,-0.002322610563344923
1.01,50,200000,1,1,0.9796280162987471,0.0003634701445477428
1.01,50,200000,1,64,0.2576931402609425,0.00844548906629113
1.01,50,200000,1,1024,-0.012020231311549927,0.010260409459917321
1.01,50,200000,1,4096,0.017028976620356625,-0.004791627785552949
1.01,50,1000000,1,1,0.9802999408080202,0.0002357295881935669
1.01,50,1000000,1,64,0.27777763822701734,0.006808296604198576
1.01,50,1000000,1,1024,-0.003856558060011743,0.004537999927481882
1.01,50,1000000,1,4096,0.007694230257094277,0.008766874375899774
1.01,50,50000,4,1,0.9192891833010265,0.0021364626824805096
1.01,50,50000,4,64,-0.03515404179914207,0.017484116819857957
1.01,50,50000,4,1024,-0.005843166327416201,-0.014878019542118698
1.01,50,50000,4,4096,-0.010731871020694474,-0.0023866464068526636
1.01,50,200000,4,1,0.9207275216430655,0.0012211759305349324
1.01,50,200000,4,64,-0.005498179577892159,0.019106666759749487
1.01,50,200000,4,1024,-0.0062406203339200085,-0.004617046625984817
1.01,50,200000,4,4096,-0.0024801546671958013,-0.00859972262430975
1.01,50,1000000,4,1,0.9235228148308876,0.0012796506856349692
1.01,50,1000000,4,64,0.0049694482892145885,0.0086772905996776
1.01,50,1000000,4,1024,-0.0021376259827932736,-0.00024518159986783506
1.01,50,1000000,4,4096,-0.002742867762930847,0.0007899885900762163
1.01,51,50000,1,1,0.9812198333963826,0.00041823821709338914
1.01,51,50000,1,64,0.2742742698088383,0.021442207859209902
1.01,51,50000,1,1024,0.035748590863508,0.0018124464420777675
1.01,51,50000,1,4096,0.028465711476288857,-0.001038422778063671
1.01,51,200000,1,1,0.9805073547913339,-4.1879085219661646e-05
1.01,51,200000,1,64,0.2831380992581078,-0.0043289940950250825
1.01,51,200000,1,1024,0.023644251510647155,0.00791372309011714
1.01,51,200000,1,4096,-0.010280223882051064,0.0036655311841919218
1.01,51,1000000,1,1,0.9804502907131412,-0.00012317168383616726
1.01,51,1000000,1,64,0.28338386778076546,-0.007934749922762725
1.01,51,1000000,1,1024,0.0050273634428318415,-0.0011187527341173385
1.01,51,1000000,1,4096,-0.002562279144964158,0.0009420959857431276
1.01,51,50000,4,1,0.929308368490744,0.001941551083596617
1.01,51,50000,4,64,0.0069717825535617495,0.013225332472652392
1.01,51,50000,4,1024,-0.007472579905955325,-0.005268671163062482
1.01,51,50000,4,4096,0.0012309559215252946,0.013077525516674692
1.01,51,200000,4,1,0.9238594839040795,-0.00032846198413916523
1.01,51,200000,4,64,0.007026916565792763,-0.007710975170858228
1.01,51,200000,4,1024,-0.0070431271928216455,-0.002835254495710546
1.01,51,200000,4,4096,-0.0001631709506257492,0.007226836374510552
1.01,51,1000000,4,1,0.9239208931683058,-0.00025075965344016903
1.01,51,1000000,4,64,0.010445653539005586,-0.0036026133793132186
1.01,51,1000000,4,1024,-0.004383942542155525,-0.005476089374945081
1.01,51,1000000,4,4096,-0.0016307648970558227,0.0012809683581625493
1.01,52,50000,1,1,0.9799398364203005,-0.0007033850167689282
1.01,52,50000,1,64,0.26849401807056505,-0.025913092001397204
1.01,52,50000,1,1024,0.02130661221455068,-0.0035526642025863046
1.01,52,50000,1,4096,-0.0006116691290738522,0.012884693124995024
1.01,52,200000,1,1,0.9798514627043226,0.0005109911693224901
1.01,52,200000,1,64,0.2698034172315403,0.0018748213158829765
1.01,52,200000,1,1024,0.016938673939221764,-0.0009568922709716465
1.01,52,200000,1,4096,-0.007549019777686285,-0.002869566286368114
1.01,52,1000000,1,1,0.9803910905753536,0.00013213129851029305
1.01,52,1000000,1,64,0.2830092625695605,0.0016460215727491622
1.01,52,1000000,1,1024,0.001710516112905228,-0.00014009427798778256
1.01,52,1000000,1,4096,-0.012267982999897235,-0.004875412688337434
1.01,52,50000,4,1,0.9232519773916374,-0.003607594705811584
1.01,52,50000,4,64,-0.019923467119157216,-0.008950170826863018
1.01,52,50000,4,1024,9.577398657252065e-05,0.014232609764802508
1.01,52,50000,4,4096,0.014114377252227875,0.0010106225521005218
1.01,52,200000,4,1,0.9221771412461085,0.0034819902062068787
1.01,52,200000,4,64,-0.009740680620355454,0.0073413832707024665
1.01,52,200000,4,1024,0.008335117784697255,0.004359149713892924
1.01,52,200000,4,4096,0.0010940885822982177,0.0008299020054145347
1.01,52,1000000,4,1,0.924646196032437,0.0013535673764909005
1.01,52,1000000,4,64,0.00429109718575489,0.0019987281932728734
1.01,52,1000000,4,1024,0.0035064612592511546,0.0026849294167093493
1.01,52,1000000,4,4096,-0.0022600025385614694,0.0024780256783081774
1.01,53,50000,1,1,0.9813815587859347,0.0008022123530762966
1.01,53,50000,1,64,0.29413752933827053,0.019172015202193242
1.01,53,50000,1,1024,-0.021370315325744814,-0.01724004259916646
1.01,53,50000,1,4096,0.000597462954424232,-0.051564039048264794
1.01,53,200000,1,1,0.9806416019353035,3.465240948446742e-05
1.01,53,200000,1,64,0.2799968778808394,-0.0052779436889894595
1.01,53,200000,1,1024,0.007101257118672034,-0.004075446884392745
1.01,53,200000,1,4096,-0.00251252373993295,-0.01962553164305099
1.01,53,1000000,1,1,0.9802043937031348,-6.236835702171553e-05
1.01,53,1000000,1,64,0.2782876192855081,-0.004379501537876497
1.01,53,1000000,1,1024,0.007947311139009027,-0.0017436546616603902
1.01,53,1000000,1,4096,-0.005701181942192956,-0.00429245802836695
1.01,53,50000,4,1,0.9286309693296151,0.003785148629276903
1.01,53,50000,4,64,0.023037943959055406,-0.0007599659750482315
1.01,53,50000,4,1024,0.011905998262350313,0.02007113751973928
1.01,53,50000,4,4096,-0.00829235417738717,-0.01910936052072596
1.01,53,200000,4,1,0.9252262462152883,-0.0001010230495693438
1.01,53,200000,4,64,0.018877850786893337,-0.011284972476088907
1.01,53,200000,4,1024,0.013743339942779704,0.01093069527510649
1.01,53,200000,4,4096,-0.0011184125339737617,-0.00492661931686134
1.01,53,1000000,4,1,0.923048879334672,-6.178001746575624e-05
1.01,53,1000000,4,64,0.0051422873495792065,-0.005504683800649676
1.01,53,1000000,4,1024,0.0033238746016607534,0.00225718197744732
1.01,53,1000000,4,4096,0.0008316910497085598,0.003325852851842848
1.01,54,50000,1,1,0.9784772217340909,-0.0009942144917511203
1.01,54,50000,1,64,0.2485171118398489,-0.009892138388997001
1.01,54,50000,1,1024,-0.0025826629988182693,-0.009500233929601263
1.01,54,50000,1,4096,-0.01871569047566706,0.034909306283674744
1.01,54,200000,1,1,0.980052303875033,-0.0005066413415072722
1.01,54,200000,1,64,0.2696989266724991,-0.011151643117592154
1.01,54,200000,1,1024,-0.011173311710208366,-0.000696451079552646
1.01,54,200000,1,4096,0.006046069418082725,0.007912579450416133
1.01,54,1000000,1,1,0.9801752608522913,-4.953224026405079e-05
1.01,54,1000000,1,64,0.278981933172703,-0.0010923968942239469
1.01,54,1000000,1,1024,-0.0031055802439842657,-0.008910916771133941
1.01,54,1000000,1,4096,-0.001550769622229703,0.0025471740943409853
1.01,54,50000,4,1,0.9174337037727747,-0.002545955052273354
1.01,54,50000,4,64,-0.026642929858166197,-0.024554345621680202
1.01,54,50000,4,1024,0.0016313311247218704,0.002356523899272958
1.01,54,50000,4,4096,-0.010688968579345095,0.004263612596020057
1.01,54,200000,4,1,0.922876043930699,-0.001245250718337153
1.01,54,200000,4,64,-0.0010935653717566909,-0.006284167800058769
1.01,54,200000,4,1024,-0.005152033326175802,0.005299832580393871
1.01,54,200000,4,4096,-0.006491626744118043,0.005445430643438624
1.01,54,1000000,4,1,0.9233500668959529,-0.0005102178612706013
1.01,54,1000000,4,64,0.0009261788232699407,-0.0017867867755092816
1.01,54,1000000,4,1024,-0.0007962780331924033,-0.00045368703530633504
1.01,54,1000000,4,4096,-0.0006540301253720572,-0.00032781157552056156
1.01,55,50000,1,1,0.9790416170953421,-0.00011323508802481138
1.01,55,50000,1,64,0.23127411034034992,0.013329770473721301
1.01,55,50000,1,1024,-0.016391982612800445,0.020237862102045017
1.01,55,50000,1,4096,0.03500161376920892,-0.02744602069023753
1.01,55,200000,1,1,0.9801700584504935,-0.0002890313253327326
1.01,55,200000,1,64,0.2818985731760654,-0.01607776413024701
1.01,55,200000,1,1024,-0.005118896850132294,0.009116603933225984
1.01,55,200000,1,4096,0.019145684384365296,-0.0196286079535575
1.01,55,1000000,1,1,0.9800957965485427,-6.265326605705673e-05
1.01,55,1000000,1,64,0.2733997836274872,-0.002284999655337556
1.01,55,1000000,1,1024,0.0011394853625938716,-0.0044570194516198435
1.01,55,1000000,1,4096,0.0033138634241451615,0.0025171766479271615
1.01,55,50000,4,1,0.9189582760467488,-0.0014943877345647116
1.01,55,50000,4,64,-0.01566401384540798,0.03755301708773776
1.01,55,50000,4,1024,0.010129230504278391,-0.0008924582371994788
1.01,55,50000,4,4096,-0.016109529457807383,-0.005092958455603761
1.01,55,200000,4,1,0.923995952888411,-0.0008852763730667966
1.01,55,200000,4,64,-0.0027038437386271313,-0.003868490501964472
1.01,55,200000,4,1024,0.010259486716554446,0.0013505723510781095
1.01,55,200000,4,4096,-0.0051498112421104,-0.013131760914893978
1.01,55,1000000,4,1,0.9227989469254725,-0.00020058295469679185
1.01,55,1000000,4,64,0.0008316379255555365,-0.0017616174135281991
1.01,55,1000000,4,1024,0.004130256025748191,-0.0013210968613262548
1.01,55,1000000,4,4096,0.0007793206805005309,-0.005127643287507181
1.01,56,50000,1,1,0.9797762528804063,0.00020473007916240466
1.01,56,50000,1,64,0.24881789882730318,0.013039062638141679
1.01,56,50000,1,1024,-0.009193881261379436,0.007723540953030549
1.01,56,50000,1,4096,-0.020156626207232416,0.02165687984514103
1.01,56,200000,1,1,0.9802720632473086,0.00019396714518980933
1.01,56,200000,1,64,0.2729543134786597,0.020192202863587187
1.01,56,200000,1,1024,-0.002661785237691429,0.0023957939053058175
1.01,56,200000,1,4096,0.00046042752749510414,-0.0054975771753569954
1.01,56,1000000,1,1,0.9803813209474348,0.00017236607988579264
1.01,56,1000000,1,64,0.2803085750815391,0.0069748332751675395
1.01,56,1000000,1,1024,-0.0037516857224659528,-0.0027036160213159827
1.01,56,1000000,1,4096,0.0010797761648232696,0.0015447770152168948
1.01,56,50000,4,1,0.923262760069662,0.0016361989868535608
1.01,56,50000,4,64,0.005222357424435407,0.004625433189050009
1.01,56,50000,4,1024,0.011451977044158203,-0.011495800298791
1.01,56,50000,4,4096,-0.012559756587424635,0.029327552572065128
1.01,56,200000,4,1,0.9243174569519992,0.0011206554225848407
1.01,56,200000,4,64,0.00987327006963602,0.0026598495771301286
1.01,56,200000,4,1024,0.007628477295271658,-0.0061608751607064366
1.01,56,200000,4,4096,0.008069108844554505,-0.000890043106441257
1.01,56,1000000,4,1,0.9241497564155374,0.0012082647080123381
1.01,56,1000000,4,64,0.00893125769561448,0.0034063084277203984
1.01,56,1000000,4,1024,0.004926492317491039,-0.0010601345980642547
1.01,56,1000000,4,4096,0.0016685154625458861,-0.0028724511190986518
1.01,57,50000,1,1,0.9806449651395334,-0.0006803052367092854
1.01,57,50000,1,64,0.26159228209925595,-0.028612632783929285
1.01,57,50000,1,1024,0.03400321962174437,-0.011074972916751821
1.01,57,50000,1,4096,0.0037401118045136002,-0.038419103275858534
1.01,57,200000,1,1,0.9804152203217137,-0.00012604069845826706
1.01,57,200000,1,64,0.28410536274562326,-0.0037243383482611623
1.01,57,200000,1,1024,0.007939583603038255,-0.022156014283795527
1.01,57,200000,1,4096,-0.009833588450728006,-0.029330350513674774
1.01,57,1000000,1,1,0.9802304341098361,-7.513858297455242e-05
1.01,57,1000000,1,64,0.27567420560503575,-0.001976732399310228
1.01,57,1000000,1,1024,-0.0006018756418281582,-0.0010875879325923635
1.01,57,1000000,1,4096,0.002266608698522834,-0.009519822168632215
1.01,57,50000,4,1,0.9267331764488701,-0.0027252926950950655
1.01,57,50000,4,64,-0.011428715380529671,-0.023783555495955424
1.01,57,50000,4,1024,-0.012327974532078192,-0.01495299736490124
1.01,57,50000,4,4096,0.006898217006599143,-0.01744310290157031
1.01,57,200000,4,1,0.9247101897574813,0.0005958541856181101
1.01,57,200000,4,64,0.008794909936388835,-0.011638103753668406
1.01,57,200000,4,1024,0.002526445993790952,-0.01577300381189337
1.01,57,200000,4,4096,0.001714173889770249,-0.0006590339583297253
1.01,57,1000000,4,1,0.9236287500024448,0.00022814036509784545
1.01,57,1000000,4,64,0.006894517910385717,-0.0024532832491609776
1.01,57,1000000,4,1024,0.00457234992658307,-0.0034996142898484827
1.01,57,1000000,4,4096,0.001419771167406487,-0.001745866320971115
1.01,58,50000,1,1,0.9806562233973484,-0.0005848397273002874
1.01,58,50000,1,64,0.29510629244100084,-0.024248490478920887
1.01,58,50000,1,1024,0.046780866027535874,0.02419255576126884
1.01,58,50000,1,4096,0.008582078673275654,-0.007531380164853045
1.01,58,200000,1,1,0.9801737812853192,-0.00020024384247305002
1.01,58,200000,1,64,0.2800149911736043,-0.009499904995587886
1.01,58,200000,1,1024,0.018613687080194157,-0.0031998729798263887
1.01,58,200000,1,4096,0.008082636016480621,-0.005404973856451106
1.01,58,1000000,1,1,0.9801868915280787,3.466255027787633e-05
1.01,58,1000000,1,64,0.280089458646289,-0.0012956990446098126
1.01,58,1000000,1,1024,0.0034390586632574737,-0.0008131820743399127
1.01,58,1000000,1,4096,0.0036156435025110835,0.004144642865559613
1.01,58,50000,4,1,0.9272210518364901,-0.004471080413201224
1.01,58,50000,4,64,0.02800565254761472,-0.03166784867881845
1.01,58,50000,4,1024,0.020133911457432617,-0.010077580324435531
1.01,58,50000,4,4096,0.011499327285830311,-0.009383239743452445
1.01,58,200000,4,1,0.9216309679556322,-0.001084861575339995
1.01,58,200000,4,64,0.014613335489296324,-0.014821193063912054
1.01,58,200000,4,1024,0.0019441089895514527,-0.009233764701536265
1.01,58,200000,4,4096,0.005470329813695229,-0.0024619650836845055
1.01,58,1000000,4,1,0.9228998927241086,-0.00022989040398099098
1.01,58,1000000,4,64,0.00830163299196667,0.0021878240521874055
1.01,58,1000000,4,1024,-0.0023568221165954986,0.002014948647518453
1.01,58,1000000,4,4096,0.0012727660229889133,-0.00028696779522667846
1.01,59,50000,1,1,0.9798726086835554,-0.0010149301909254211
1.01,59,50000,1,64,0.2605426318876953,-0.015820086819355948
1.01,59,50000,1,1024,0.004938663378248489,-0.006630308633565104
1.01,59,50000,1,4096,0.0018618144603109578,0.007524731198707414
1.01,59,200000,1,1,0.9799951386929885,-0.00045764278184769826
1.01,59,200000,1,64,0.27501268681810964,-0.011594868304490885
1.01,59,200000,1,1024,0.0031933770247008263,0.008918069853666095
1.01,59,200000,1,4096,-0.004349935006108809,-0.007229255811198423
1.01,59,1000000,1,1,0.9801288916767623,-0.00011253813830387142
1.01,59,1000000,1,64,0.27190077923583134,-0.000772503351913561
1.01,59,1000000,1,1024,0.006308378632967719,0.0034370650169651138
1.01,59,1000000,1,4096,0.0030885860971319387,-0.003680701941026897
1.01,59,50000,4,1,0.9225202380794665,-0.006878683385374735
1.01,59,50000,4,64,0.0002994627530009804,-0.0074967779081553335
1.01,59,50000,4,1024,-0.016176569635873102,-0.003701683033147321
1.01,59,50000,4,4096,0.007307545482813347,0.008305219353041222
1.01,59,200000,4,1,0.9206999411786463,-0.002472297870374849
1.01,59,200000,4,64,0.001412854685428566,-0.0001647812909030421
1.01,59,200000,4,1024,-0.013653837716428767,-0.004160403809807673
1.01,59,200000,4,4096,-0.00952763170400795,-0.00014141125891631485
1.01,59,1000000,4,1,0.9220369157170131,-0.0008385746301602607
1.01,59,1000000,4,64,-0.0018285100028745652,0.0034289364702836246
1.01,59,1000000,4,1024,-0.0034550719230874824,0.0019871277019886725
1.01,59,1000000,4,4096,-0.0035477784723159465,-0.004737113707691448
1.01,60,50000,1,1,0.9809009695613814,-0.0013652344848556477
1.01,60,50000,1,64,0.2933101271212892,-0.01847405429049861
1.01,60,50000,1,1024,-0.02393746728957351,0.01883335286729663
1.01,60,50000,1,4096,0.03434064417645968,-0.020907399584315933
1.01,60,200000,1,1,0.9803557990227377,-0.00037111438432281746
1.01,60,200000,1,64,0.27632419183931656,-0.004868176580307863
1.01,60,200000,1,1024,-0.00047878071366004555,0.01415559705606995
1.01,60,200000,1,4096,0.009075735486129268,-0.019353191387405058
1.01,60,1000000,1,1,0.9801097347670537,-4.1705078238525896e-05
1.01,60,1000000,1,64,0.27445210029677863,0.000201470516802076
1.01,60,1000000,1,1024,-0.009399453833519367,0.002605526998947193
1.01,60,1000000,1,4096,-0.0020115208461677285,-0.007056304529410808
1.01,60,50000,4,1,0.9272770949948189,-0.009128983088182633
1.01,60,50000,4,64,0.021117124727686183,-0.016211957741946365
1.01,60,50000,4,1024,0.0006062199819803365,0.023054390186178317
1.01,60,50000,4,4096,0.0016436318465669862,-0.0188612401029291
1.01,60,200000,4,1,0.9240427496016276,-0.0016451579814540668
1.01,60,200000,4,64,0.014289214410926385,-0.017237819797825675
1.01,60,200000,4,1024,-0.010195414704313404,0.0078003113647273446
1.01,60,200000,4,4096,-0.002467245950349562,-0.0064399328945848235
1.01,60,1000000,4,1,0.9230490953115243,0.00022503393281986982
1.01,60,1000000,4,64,0.0055667643694888875,-0.005976731237790164
1.01,60,1000000,4,1024,-0.002813739015985601,0.005473061437015924
1.01,60,1000000,4,4096,-0.0010181664284704256,-0.004296106135712895
1.01,61,50000,1,1,0.9803802460772809,-0.00010856834933708997
1.01,61,50000,1,64,0.2939483697930717,0.008420889171367692
1.01,61,50000,1,1024,0.017457738272972968,-0.01867397290959013
1.01,61,50000,1,4096,-0.009857703975790602,0.0035107602843833245
1.01,61,200000,1,1,0.9804825535671929,-0.0002933808175183169
1.01,61,200000,1,64,0.2793757022539123,0.004599047419829244
1.01,61,200000,1,1024,0.009568463153133184,-0.010065185071309745
1.01,61,200000,1,4096,0.002417020709929002,0.002441053963277077
1.01,61,1000000,1,1,0.9801230063569527,1.1113663958309494e-05
1.01,61,1000000,1,64,0.27800759211658754,0.002416585786620043
1.01,61,1000000,1,1024,-0.0009191497771846818,-0.004382449132086648
1.01,61,1000000,1,4096,-0.00011002637084634469,-0.0010426378670971928
1.01,61,50000,4,1,0.9223415109414194,-0.0006458354805214222
1.01,61,50000,4,64,0.005894337437602694,-0.00821773008730049
1.01,61,50000,4,1024,-0.0028584748864176395,-0.009734930567402392
1.01,61,50000,4,4096,-0.013490349574905781,0.005250496089416553
1.01,61,200000,4,1,0.924787699393183,-0.0017052354141336857
1.01,61,200000,4,64,0.006276340807254539,-0.00851447656899817
1.01,61,200000,4,1024,-0.011018145022668844,0.0003420708161345311
1.01,61,200000,4,4096,-0.007598330842139931,0.002384326185562039
1.01,61,1000000,4,1,0.9229767455915039,0.0006652522803707505
1.01,61,1000000,4,64,0.008592141292434737,-0.0026443181411350963
1.01,61,1000000,4,1024,-0.001240713202136228,-0.003663306696921775
1.01,61,1000000,4,4096,-0.005099151729223982,-0.0002386956007067009
1.01,62,50000,1,1,0.9804110274293117,-0.0013684354989825403
1.01,62,50000,1,64,0.27829201258912345,-0.024010444278168196
1.01,62,50000,1,1024,-0.02587254748037841,-0.013268223970737913
1.01,62,50000,1,4096,0.03470372850068631,-0.02924845171783078
1.01,62,200000,1,1,0.9807678354512891,-0.0004107401062136537
1.01,62,200000,1,64,0.30634752312296293,-0.009001920557404761
1.01,62,200000,1,1024,-0.010181799381623715,0.011564624862432241
1.01,62,200000,1,4096,0.00979987839351286,-0.009797870543095792
1.01,62,1000000,1,1,0.9802515112542725,-9.971136548301409e-05
1.01,62,1000000,1,64,0.28555971072498615,0.002957169644196892
1.01,62,1000000,1,1024,0.005641245984986749,0.004093190696611795
1.01,62,1000000,1,4096,0.007637808117939573,-0.0024301685067850496
1.01,62,50000,4,1,0.9226621080483265,-0.003044740851534918
1.01,62,50000,4,64,0.021774133737021247,-0.03799610742403515
1.01,62,50000,4,1024,-0.021754514850101894,-0.0007806201712601778
1.01,62,50000,4,4096,0.012348466716647574,0.012713616569467536
1.01,62,200000,4,1,0.9252323085836224,-0.0016670185875936395
1.01,62,200000,4,64,0.02233165753030952,-0.011828016357899023
1.01,62,200000,4,1024,-0.010007738337012118,-0.00032999276016440205
1.01,62,200000,4,4096,-0.004367556378224675,0.0021561178816278974
1.01,62,1000000,4,1,0.9226143941650891,-0.0004243953377180047
1.01,62,1000000,4,64,0.007042954506705646,0.0018625791021766199
1.01,62,1000000,4,1024,-0.0010888114190514748,0.0004451924476648431
1.01,62,1000000,4,4096,0.00019511978301393662,-0.0009530213731593943
1.01,63,50000,1,1,0.979650492909292,-8.523709292611442e-05
1.01,63,50000,1,64,0.2895902155849406,-0.01014211696129516
1.01,63,50000,1,1024,0.0331135871145467,0.026541098568795617
1.01,63,50000,1,4096,-0.008017532339641698,-0.0007675106419128467
1.01,63,200000,1,1,0.9801518734791573,0.000314437171773772
1.01,63,200000,1,64,0.28307798832150954,0.006077346997993105
1.01,63,200000,1,1024,-0.002182497214631978,0.010433196678209983
1.01,63,200000,1,4096,0.00466394221410266,0.0071555792416136904
1.01,63,1000000,1,1,0.9803314920162607,0.00011328982165381494
1.01,63,1000000,1,64,0.28146141803606944,0.0069287756929540135
1.01,63,1000000,1,1024,-0.0030753162508825294,0.002687723118997525
1.01,63,1000000,1,4096,-0.008070366572003097,-0.0018243459553670385
1.01,63,50000,4,1,0.9175709325749216,0.0001645139626638125
1.01,63,50000,4,64,0.014987286447279383,0.004653453479561748
1.01,63,50000,4,1024,0.008779230110728543,-0.005438743083015283
1.01,63,50000,4,4096,-0.004368658972055007,0.008359713918728999
1.01,63,200000,4,1,0.921280387106194,0.0017581742197953405
1.01,63,200000,4,64,0.01433603337502366,0.008820279960895778
1.01,63,200000,4,1024,0.0066764884125626025,0.0032003601072341727
1.01,63,200000,4,4096,-0.005210688048378387,0.005685420679439356
1.01,63,1000000,4,1,0.9237134946599812,0.00041592753811904126
1.01,63,1000000,4,64,0.011498231918055404,0.004642201682180141
1.01,63,1000000,4,1024,0.003176493932340852,0.00047690083355294205
1.01,63,1000000,4,4096,-0.0017349668476993698,0.0003233233701252513
1.1,0,50000,1,1,0.8205305005060204,-0.00030379902711592875
1.1,0,50000,1,64,0.003083028237070945,0.014973062612889715
1.1,0,50000,1,1024,0.006558491853881503,-0.004435177706489164
1.1,0,50000,1,4096,0.009051021945389197,0.005013307505431455
1.1,0,200000,1,1,0.8209480455701105,-0.00034788573628739296
1.1,0,200000,1,64,0.0004566872354871662,0.004511523902530802
1.1,0,200000,1,1024,0.00039389887634592335,0.00010236994657814687
1.1,0,200000,1,4096,0.002102205174116201,0.0017450575692026095
1.1,0,1000000,1,1,0.8212752744987027,-0.0002969338143079168
1.1,0,1000000,1,64,-0.000485133918913381,0.0015454829867589594
1.1,0,1000000,1,1024,-0.0022229407197515887,-0.001031760424777688
1.1,0,1000000,1,4096,0.00011575009650760476,-0.00024818713544405655
1.1,0,50000,4,1,0.44939305892555304,-0.0007309219425381649
1.1,0,50000,4,64,-0.0037243982448605774,0.008161460721667468
1.1,0,50000,4,1024,0.005606527245510989,0.005011216501700744
1.1,0,50000,4,4096,0.005665985423177232,-0.007134057812059348
1.1,0,200000,4,1,0.4522700499832884,-0.0006993405398813481
1.1,0,200000,4,64,0.00037240783857149935,0.0025657075139289354
1.1,0,200000,4,1024,-0.0008449196347488058,0.0008116342770852421
1.1,0,200000,4,4096,0.004682414605430285,-0.0002827829055463424
1.1,0,1000000,4,1,0.4540603542243205,-0.0005655029505276861
1.1,0,1000000,4,64,9.385594467855825e-05,0.001181069940271615
1.1,0,1000000,4,1024,0.00043093211755095093,-4.903530472474739e-05
1.1,0,1000000,4,4096,0.0009581750197903337,0.00042451422372059204
1.1,1,50000,1,1,0.8212649467135242,-0.0022617730649566715
1.1,1,50000,1,64,0.00030037569397974533,0.002869498764224207
1.1,1,50000,1,1024,-0.0006213722676776104,0.0022840538389847687
1.1,1,50000,1,4096,0.002761394845284906,-0.008666851972495946
1.1,1,200000,1,1,0.8212139036798582,-0.0017724147009749354
1.1,1,200000,1,64,0.004523016513854526,0.0008591206054056638
1.1,1,200000,1,1024,-0.0012525017551376445,0.0009409940165709557
1.1,1,200000,1,4096,0.002904527713498246,-0.005406250688065336
1.1,1,1000000,1,1,0.8221427100103214,-0.0006147967489050397
1.1,1,1000000,1,64,0.0005043699692202361,0.0015587092846659452
1.1,1,1000000,1,1024,-0.0034513145505973178,0.0009363723979640024
1.1,1,1000000,1,4096,0.0018963779853733759,-0.0019690342883454076
1.1,1,50000,4,1,0.4536284270067872,-0.0056178170524532915
1.1,1,50000,4,64,-0.0004984718506388339,-0.001969189742311738
1.1,1,50000,4,1024,0.0008792969593000235,0.0023128186391993665
1.1,1,50000,4,4096,-0.0028476657038803217,-0.006088210733492322
1.1,1,200000,4,1,0.4540046386028409,-0.004184934423758507
1.1,1,200000,4,64,-0.0010236542440738015,-0.0010239363341109052
1.1,1,200000,4,1024,0.0017115320026636683,1.1419170380407278e-05
1.1,1,200000,4,4096,0.0006962647093162728,0.0005335523483809228
1.1,1,1000000,4,1,0.4572477244998025,-0.0014788170590354867
1.1,1,1000000,4,64,-0.0005965784741692166,0.0004225981496525362
1.1,1,1000000,4,1024,-0.0010150587655053359,-0.001298923422670251
1.1,1,1000000,4,4096,0.0019005922030338974,0.00013427563467726202
1.1,2,50000,1,1,0.8228894104823616,0.00021579905304844004
1.1,2,50000,1,64,-0.0118794909635134,0.006356755252916976
1.1,2,50000,1,1024,0.00022262683253312332,0.00196276387614226
1.1,2,50000,1,4096,0.00030231899280553276,7.163906169191889e-05
1.1,2,200000,1,1,0.8208573263424793,0.0004157165479487316
1.1,2,200000,1,64,0.0026504075890655867,0.0008323031735481969
1.1,2,200000,1,1024,0.002123497113915385,0.005200362991893947
1.1,2,200000,1,4096,0.0005158768258322011,-0.001104847005650309
1.1,2,1000000,1,1,0.8208905651963568,0.00037582225358013535
1.1,2,1000000,1,64,-0.0008272120226209131,0.0007602622779030405
1.1,2,1000000,1,1024,-0.0008616327943676469,0.0013984138596464318
1.1,2,1000000,1,4096,0.001429090871924991,0.0016282944744612567
1.1,2,50000,4,1,0.4616064593168757,-0.0037433151269680733
1.1,2,50000,4,64,-0.0013035941507834568,-0.002398161447496048
1.1,2,50000,4,1024,0.005899007454307068,0.003250317815907907
1.1,2,50000,4,4096,-0.009371442638841456,-0.0008285866278881385
1.1,2,200000,4,1,0.45142556431929515,-0.00019290066801346093
1.1,2,200000,4,64,-0.0008790407494758247,0.002965194486521673
1.1,2,200000,4,1024,0.0001337996204631422,0.001909543596036348
1.1,2,200000,4,4096,0.0011928184969106925,-0.0008601885978248624
1.1,2,1000000,4,1,0.452596920254399,0.0005104367964868275
1.1,2,1000000,4,64,-0.0006582931427967159,0.0012993666808812402
1.1,2,1000000,4,1024,0.00044896812564389357,0.0005825623910906551
1.1,2,1000000,4,4096,7.304211323401621e-05,0.0004737406035425734
1.1,3,50000,1,1,0.8237170362207126,-0.0006527468804373068
1.1,3,50000,1,64,-0.007997998101408988,0.00020069774666266353
1.1,3,50000,1,1024,0.005896426303965047,0.004635801890246554
1.1,3,50000,1,4096,0.007301592014943455,-0.006274224069169554
1.1,3,200000,1,1,0.8227530332443452,-0.0007644727490207058
1.1,3,200000,1,64,-0.006673862451104563,0.0038519021341078593
1.1,3,200000,1,1024,0.008707010751711146,0.002221004637215748
1.1,3,200000,1,4096,0.00111867581362652,0.0011868860261037202
1.1,3,1000000,1,1,0.8217060754089567,0.00014922679958204846
1.1,3,1000000,1,64,-0.0019237386690326983,0.00033890413607659976
1.1,3,1000000,1,1024,0.0028315821572129627,-0.0015599106611756185
1.1,3,1000000,1,4096,0.00010295621636620218,0.0003631107163866328
1.1,3,50000,4,1,0.4616024224778924,-0.0032195056183292456
1.1,3,50000,4,64,-0.001594969070337414,-0.0007702256916117483
1.1,3,50000,4,1024,-0.0038054620984365323,0.007632013942936619
1.1,3,50000,4,4096,0.0016972756792029955,-0.0007522030327449281
1.1,3,200000,4,1,0.4617238802822352,-0.0015886035701160655
1.1,3,200000,4,64,-0.001917473724511918,0.0011624778542906973
1.1,3,200000,4,1024,0.0026030103168292037,0.0015378782828258236
1.1,3,200000,4,4096,-0.004378294955207985,-0.0009379444452425942
1.1,3,1000000,4,1,0.45654529866085536,0.0012759605652377715
1.1,3,1000000,4,64,-0.0009873277275940838,-0.0006966240163656169
1.1,3,1000000,4,1024,-0.0001223229798985469,0.00011166844835885097
1.1,3,1000000,4,4096,-0.00034773194620512277,-0.001752308750484944
1.1,4,50000,1,1,0.8213159177187896,-0.0005286728594129723
1.1,4,50000,1,64,0.005345591454819713,-0.002049118034730509
1.1,4,50000,1,1024,0.005051204004557201,0.006492179218190308
1.1,4,50000,1,4096,0.0014622624559297165,0.007089369245390635
1.1,4,200000,1,1,0.8210714486944762,-0.0006282274220547404
1.1,4,200000,1,64,0.001664001860349549,-0.004160249391238028
1.1,4,200000,1,1024,0.002102790456505655,-0.0032343893558423615
1.1,4,200000,1,4096,0.004039075359655717,0.003486103437548881
1.1,4,1000000,1,1,0.8216465724671412,-0.00043241118420287653
1.1,4,1000000,1,64,-0.0025282769869631487,0.0009793263258548394
1.1,4,1000000,1,1024,0.0017805404417349396,-0.0007325211787803938
1.1,4,1000000,1,4096,0.0013040080984851263,-0.0009795999646178845
1.1,4,50000,4,1,0.45255691834833645,-0.0025643650661143443
1.1,4,50000,4,64,-0.0013206221824876318,0.001429652784083029
1.1,4,50000,4,1024,-0.004459672245823539,-0.0037349861003598763
1.1,4,50000,4,4096,-0.00021899758210146823,0.0003057855232343902
1.1,4,200000,4,1,0.4530738410647895,-0.004088879551917825
1.1,4,200000,4,64,-0.00033425487633630444,0.0002652157445081475
1.1,4,200000,4,1024,0.0014198110185666356,-0.0010627814217501637
1.1,4,200000,4,4096,0.0010023974868865785,0.00026824669983447036
1.1,4,1000000,4,1,0.45552088641596516,-0.0018903792426768662
1.1,4,1000000,4,64,-0.00019264065446850744,-0.001078801914231801
1.1,4,1000000,4,1024,-0.00016528711805775592,-4.4421710535678275e-05
1.1,4,1000000,4,4096,0.0008264568192504432,0.0009718893185313548
1.1,5,50000,1,1,0.8224063180911034,0.0023938235978181238
1.1,5,50000,1,64,-0.00014893768162826972,0.00607759363429363
1.1,5,50000,1,1024,0.005642679192529904,0.007922140819756293
1.1,5,50000,1,4096,-0.0021935430788792847,0.005260064823481105
1.1,5,200000,1,1,0.8234362932070484,0.0003300764515137343
1.1,5,200000,1,64,-0.0014071365648124425,-0.006052338574583851
1.1,5,200000,1,1024,-8.462047723550482e-05,0.007172990792152448
1.1,5,200000,1,4096,0.005417496052282192,0.008569185263479665
1.1,5,1000000,1,1,0.8219595572439278,-0.00022620822571215943
1.1,5,1000000,1,64,-5.8972473274107435e-05,-0.001392905275367136
1.1,5,1000000,1,1024,-0.0016926773598507183,0.000857621303278311
1.1,5,1000000,1,4096,-0.001136629361222172,0.005477627448524246
1.1,5,50000,4,1,0.4522904643747776,0.00865373692357714
1.1,5,50000,4,64,0.0041257494432274215,0.0014303082617285986
1.1,5,50000,4,1024,0.0024740224349625024,0.00025619049913100123
1.1,5,50000,4,4096,0.0011898740767305959,0.004095225578965829
1.1,5,200000,4,1,0.45920853962568936,0.002611800121044597
1.1,5,200000,4,64,-3.6868031537546236e-05,-0.0020393761080982763
1.1,5,200000,4,1024,-0.0010163571125106517,9.71503770091289e-06
1.1,5,200000,4,4096,-0.0010909012452971897,0.0006193445049038011
1.1,5,1000000,4,1,0.45542360492832956,-0.0005048835203949254
1.1,5,1000000,4,64,-0.0003296672784334625,0.00018065527129675223
1.1,5,1000000,4,1024,-0.00041378917718538823,8.586284762996281e-05
1.1,5,1000000,4,4096,-0.0009766957247695502,0.0011102711470067643
1.1,6,50000,1,1,0.822463340954191,-0.0015045541079719608
1.1,6,50000,1,64,0.002469474981410641,0.0008940884132259275
1.1,6,50000,1,1024,0.0022716724377670147,-0.005736144595484399
1.1,6,50000,1,4096,-0.012753315825034108,-0.016292311275829797
1.1,6,200000,1,1,0.8219664274871215,-0.0010889368171645463
1.1,6,200000,1,64,-0.0020890020187968755,-0.003571843034644069
1.1,6,200000,1,1024,0.0012175761403699786,-0.003090807724714474
1.1,6,200000,1,4096,-0.008535922981470788,-0.0002824183204582122
1.1,6,1000000,1,1,0.822024563375387,-0.0002661140905412619
1.1,6,1000000,1,64,0.0013773858381976685,0.001504925336622352
1.1,6,1000000,1,1024,0.004149403347567165,-0.001403440170046561
1.1,6,1000000,1,4096,-0.00011101909344020898,0.0007431782119688284
1.1,6,50000,4,1,0.45778287750861935,-0.002634058867497384
1.1,6,50000,4,64,-0.001324445993243606,0.0016391942029769235
1.1,6,50000,4,1024,0.0010347119875382723,-0.0009308671435642293
1.1,6,50000,4,4096,0.004684392428016253,0.0013691271923179965
1.1,6,200000,4,1,0.45620212816446354,-0.004097079701533091
1.1,6,200000,4,64,0.0013798686515675942,-0.0018669126340334513
1.1,6,200000,4,1024,-0.004980291817681469,-0.002561673543925149
1.1,6,200000,4,4096,-0.00014557763947817701,-7.594706745001169e-05
1.1,6,1000000,4,1,0.4570818784448549,-0.0003697709978777572
1.1,6,1000000,4,64,0.00034224436623473716,-0.00042237576741971264
1.1,6,1000000,4,1024,-0.0014266617215550916,-0.002299150921171976
1.1,6,1000000,4,4096,-0.000334840458702623,-0.0005683111112296537
1.1,7,50000,1,1,0.8200705031923329,0.0013047306720386867
1.1,7,50000,1,64,-0.006012149140982574,-0.007195189755371818
1.1,7,50000,1,1024,-0.010592329061475506,-0.012820297626743533
1.1,7,50000,1,4096,0.001308008690066037,-0.002477928341086294
1.1,7,200000,1,1,0.821647246406096,-0.0009179439761311169
1.1,7,200000,1,64,-0.004100146263381788,-0.0035294621875345583
1.1,7,200000,1,1024,-0.003081831652368584,-0.0046559585603452615
1.1,7,200000,1,4096,0.001117527622828943,-0.004481393561228255
1.1,7,1000000,1,1,0.8212849242840045,-4.4631632833560376e-05
1.1,7,1000000,1,64,0.0002315603036747895,0.00022619150307539175
1.1,7,1000000,1,1024,-0.001902114859249121,-0.0007910671274201868
1.1,7,1000000,1,4096,0.0005269981879369852,-0.0026565309807629546
1.1,7,50000,4,1,0.450644861652523,0.005229874036967785
1.1,7,50000,4,64,-0.003201561297932789,0.0002675052235731588
1.1,7,50000,4,1024,0.0035336540295269844,-0.0040447917611516155
1.1,7,50000,4,4096,-0.0033909717941068077,-0.007763504472525611
1.1,7,200000,4,1,0.45492004539727593,-0.005349910483703415
1.1,7,200000,4,64,-0.001219749329923823,0.003859954261615247
1.1,7,200000,4,1024,0.0008748259763926369,0.0015045686496348728
1.1,7,200000,4,4096,-0.0015814573802609545,-0.002726889906319816
1.1,7,1000000,4,1,0.45426645799520726,-0.0008453262245495305
1.1,7,1000000,4,64,-0.000657775631472928,0.0014601711593595253
1.1,7,1000000,4,1024,0.0011096935980016852,0.00021915225602806186
1.1,7,1000000,4,4096,0.00019465219043895447,-0.002192784830890407
1.1,8,50000,1,1,0.8193836623347585,0.0014155272847166756
1.1,8,50000,1,64,-0.0007862810213382587,0.007134352802298969
1.1,8,50000,1,1024,-0.010011604869439646,-0.009395050438722146
1.1,8,50000,1,4096,-0.003177721464658315,-0.004410507587043994
1.1,8,200000,1,1,0.8215301601468552,0.0013875370358809773
1.1,8,200000,1,64,0.004237649886850684,0.007257431088133639
1.1,8,200000,1,1024,-0.013594168511997854,0.00040144591956769435
1.1,8,200000,1,4096,-0.004370949247145747,-1.8169216600914052e-05
1.1,8,1000000,1,1,0.8215543126912641,0.0005407506437252445
1.1,8,1000000,1,64,0.0016821315119799026,0.0004471041128672771
1.1,8,1000000,1,1024,-0.0018608701269539438,-0.0015258167023725609
1.1,8,1000000,1,4096,-0.00270583287756708,-0.0003622182063011248
1.1,8,50000,4,1,0.44980149241955275,0.0015030157134578398
1.1,8,50000,4,64,-0.001971755325919789,0.0005692453184712699
1.1,8,50000,4,1024,-0.0035212372733979605,0.00013351634172242984
1.1,8,50000,4,4096,-0.00034673251955420645,-0.0020101912195254834
1.1,8,200000,4,1,0.45687501286820986,0.0018662461328069937
1.1,8,200000,4,64,-0.0007353502434458677,0.0005643016468811545
1.1,8,200000,4,1024,-0.003214743817708034,-0.0011382613778387995
1.1,8,200000,4,4096,-0.0019261348564355992,-0.0028152624341369983
1.1,8,1000000,4,1,0.4559256054944041,0.0012052094761644586
1.1,8,1000000,4,64,0.0004586105420167617,0.0005579844261902631
1.1,8,1000000,4,1024,-0.0017083362325836069,-0.00081184724596458
1.1,8,1000000,4,4096,0.0006541328230192065,-0.0008071122164019596
1.1,9,50000,1,1,0.8236590921556642,0.001914409315517072
1.1,9,50000,1,64,0.010279235308218315,0.011941118274116718
1.1,9,50000,1,1024,0.0019921357665691882,0.00021234388189175047
1.1,9,50000,1,4096,-0.011344418317016306,-5.4670512860285215e-05
1.1,9,200000,1,1,0.8230398124669082,-0.0003346059674488354
1.1,9,200000,1,64,0.00219148390146176,0.005299004124730382
1.1,9,200000,1,1024,-0.006865913685175791,0.0007830174891877545
1.1,9,200000,1,4096,-0.0063948197319385535,0.004856576188648917
1.1,9,1000000,1,1,0.8219518845611928,4.110659138905369e-05
1.1,9,1000000,1,64,0.0010012021453205447,1.0179514673657197e-05
1.1,9,1000000,1,1024,0.0005449149687188159,0.0028898285790093558
1.1,9,1000000,1,4096,-0.002283622933483578,0.001851020404603786
1.1,9,50000,4,1,0.4657556936225027,0.008506426094597229
1.1,9,50000,4,64,-0.004290661088478054,0.0025951982879290304
1.1,9,50000,4,1024,-3.5339036918413274e-05,-0.003129350505774363
1.1,9,50000,4,4096,-0.004788774499017592,0.0008678892899911205
1.1,9,200000,4,1,0.46140470979039433,-0.0003250522178595091
1.1,9,200000,4,64,-0.001421189228356342,0.0013144159979798296
1.1,9,200000,4,1024,0.0008231388096251166,-0.003380755426258972
1.1,9,200000,4,4096,-0.005199672557942767,0.003979150564748587
1.1,9,1000000,4,1,0.4571458607315747,0.0001098474959276944
1.1,9,1000000,4,64,0.00024324777334622016,0.00045668554461944955
1.1,9,1000000,4,1024,-0.0008449480935525043,-0.00011718388650124748
1.1,9,1000000,4,4096,-0.0007811235513791108,0.0001410167123779127
1.1,10,50000,1,1,0.8237398596547401,0.002685959819531878
1.1,10,50000,1,64,-0.00014342789199744578,0.012908171851331725
1.1,10,50000,1,1024,0.007713197795195149,0.006891294609503952
1.1,10,50000,1,4096,0.009388014646179279,0.0042568142167222645
1.1,10,200000,1,1,0.8224062970933483,-0.000221670064007643
1.1,10,200000,1,64,0.003954275037362678,0.0015139114478660597
1.1,10,200000,1,1024,0.0018483158683689626,-0.005740188017719376
1.1,10,200000,1,4096,0.0028237551612590303,0.002509993367003594
1.1,10,1000000,1,1,0.8214951537508324,0.00033680007180033076
1.1,10,1000000,1,64,0.0023084124575270034,0.000559612289150385
1.1,10,1000000,1,1024,0.0012082704611260822,-0.0019949052455875637
1.1,10,1000000,1,4096,0.0014369934468989663,0.0007820820643985254
1.1,10,50000,4,1,0.4640729393088843,0.007940661290035456
1.1,10,50000,4,64,-0.004229958956209797,-0.00041782640414993465
1.1,10,50000,4,1024,-0.0036321491818446868,0.0013939746829282618
1.1,10,50000,4,4096,0.0008804332462601014,0.005301206695700443
1.1,10,200000,4,1,0.4579522016157717,-0.0010902874132111963
1.1,10,200000,4,64,7.591015331733287e-05,9.718603409265932e-06
1.1,10,200000,4,1024,-0.0006903776627041729,-0.0002670668871028837
1.1,10,200000,4,4096,-0.0007727004905521643,0.004652867980140773
1.1,10,1000000,4,1,0.45462012608983815,0.0005943446857006833
1.1,10,1000000,4,64,0.0009693907478319594,4.310453060936444e-06
1.1,10,1000000,4,1024,-0.00038380873991600154,-0.0012537923850421714
1.1,10,1000000,4,4096,-0.00014913089583762975,0.0008479272902437113
1.1,11,50000,1,1,0.8204293247308261,0.0009785239760225356
1.1,11,50000,1,64,-0.0033733036638232904,-0.005631483325127608
1.1,11,50000,1,1024,-0.00040160780686610925,-0.004154201732773504
1.1,11,50000,1,4096,0.011933671346127115,0.000517845711013341
1.1,11,200000,1,1,0.8214588200916563,0.0009220657891980422
1.1,11,200000,1,64,0.0008864798909645474,-0.0006807212391882842
1.1,11,200000,1,1024,-0.0011193438308807608,-0.00110753477609871
1.1,11,200000,1,4096,-0.0019502076386783524,-0.0016931934855553743
1.1,11,1000000,1,1,0.8213457992991406,0.00039426602243251434
1.1,11,1000000,1,64,0.0010542032473240526,-0.0005071766843171005
1.1,11,1000000,1,1024,-0.000471735740603249,-0.002039309434175093
1.1,11,1000000,1,4096,-0.00043463178047303103,-0.001827540812186076
1.1,11,50000,4,1,0.44997134291152646,0.0033378113549614747
1.1,11,50000,4,64,0.0034983705329510906,0.0015473902316073427
1.1,11,50000,4,1024,0.0035808559877578633,-0.0012470268472573518
1.1,11,50000,4,4096,-0.005332309220813351,0.0026271559758138255
1.1,11,200000,4,1,0.4565782479640269,0.0017020518055097772
1.1,11,200000,4,64,0.0005298703533137523,0.0005527246142750394
1.1,11,200000,4,1024,0.0018355099604695942,0.0017176426791072634
1.1,11,200000,4,4096,-0.0017486588877211975,0.0017189934407556267
1.1,11,1000000,4,1,0.45460968489098574,0.0015687996424780415
1.1,11,1000000,4,64,-0.00021141076071993253,0.0009063263725099946
1.1,11,1000000,4,1024,0.0013726350448771904,3.968575847383474e-05
1.1,11,1000000,4,4096,-0.0008701507332371373,-8.647023828291341e-05
1.1,12,50000,1,1,0.8222280455026382,0.0008575118450807935
1.1,12,50000,1,64,-0.0023563755121313434,-0.002111048395504492
1.1,12,50000,1,1024,-0.0008189483136609586,-0.02226931568198849
1.1,12,50000,1,4096,0.0043942170818832985,-0.00035761698693985964
1.1,12,200000,1,1,0.8230516334934828,0.00099785530600733
1.1,12,200000,1,64,-0.005440530761594648,0.0010244390060769695
1.1,12,200000,1,1024,-0.0028067466045858793,-0.010844916186858487
1.1,12,200000,1,4096,0.0035673919655224897,-0.004259949448974554
1.1,12,1000000,1,1,0.8220081361950485,0.00031309419643814215
1.1,12,1000000,1,64,-0.001348014989933796,-0.00012206238174775842
1.1,12,1000000,1,1024,-0.00040996842888455187,-0.0017261135040322674
1.1,12,1000000,1,4096,0.0014642133934126566,-0.0012164449817256937
1.1,12,50000,4,1,0.4569229557903892,0.0011464236749099562
1.1,12,50000,4,64,0.0035088757440178923,-0.004861712871542918
1.1,12,50000,4,1024,-3.545766415512479e-05,0.006323463485157784
1.1,12,50000,4,4096,0.0014189804963046977,-0.002631772128179267
1.1,12,200000,4,1,0.4593680878853376,0.003225249756097282
1.1,12,200000,4,64,0.0006406622339603403,0.0004009886193663826
1.1,12,200000,4,1024,0.0015415288143387606,-0.0002337718691238216
1.1,12,200000,4,4096,0.002788561487140001,0.002129709583113696
1.1,12,1000000,4,1,0.4563551365318108,0.0010431878111277176
1.1,12,1000000,4,64,-0.00045766007157774637,0.0010913412546671253
1.1,12,1000000,4,1024,0.00024718422263762894,-0.00021285176759349643
1.1,12,1000000,4,4096,0.0009550770195573115,0.0005747627050618966
1.1,13,50000,1,1,0.8233806697241183,-0.002420646935477414
1.1,13,50000,1,64,-0.008954050399101578,-0.003554700069495437
1.1,13,50000,1,1024,-0.005856743120635124,0.0016576066954143462
1.1,13,50000,1,4096,0.0007068585983470294,-0.005879526275987134
1.1,13,200000,1,1,0.8217782921627017,-0.0010410542167425842
1.1,13,200000,1,64,-0.0008648880125455555,-0.0030795689288122203
1.1,13,200000,1,1024,-0.0009501888117915535,-4.7484709603561107e-05
1.1,13,200000,1,4096,-0.0006638916307227988,-0.004759582908016698
1.1,13,1000000,1,1,0.8216416596829748,-0.0003575382606717779
1.1,13,1000000,1,64,0.0013148848751888993,-0.0004673140419044569
1.1,13,1000000,1,1024,-0.0005469118402963894,0.001260207788545457
1.1,13,1000000,1,4096,-0.00043474256303068014,-0.0005866961072946845
1.1,13,50000,4,1,0.46388190019990083,-0.007093078035606775
1.1,13,50000,4,64,-0.0001307292786733072,-0.00288609336264419
1.1,13,50000,4,1024,-0.006554086881069771,0.0016262060965038109
1.1,13,50000,4,4096,0.0011755805150140237,-0.003468404166808514
1.1,13,200000,4,1,0.45501981415574994,-0.0034730985139934754
1.1,13,200000,4,64,-0.0006610803375175419,-0.004394238291159608
1.1,13,200000,4,1024,-0.00307534198866697,-0.0007998380098980338
1.1,13,200000,4,4096,-0.0004255689909924974,0.00024981673919355303
1.1,13,1000000,4,1,0.45503965039557553,-0.0010971307830138083
1.1,13,1000000,4,64,0.0010239423334260337,-0.00021757038983675548
1.1,13,1000000,4,1024,0.00045091727300139656,-0.0006143314306077842
1.1,13,1000000,4,4096,0.00027370289032419096,-0.0008428236418963895
1.1,14,50000,1,1,0.8208885787656203,0.0011180991936966143
1.1,14,50000,1,64,-0.003290829275202745,-0.008181035575647443
1.1,14,50000,1,1024,-0.008296177017205298,0.004699810485801476
1.1,14,50000,1,4096,-0.002714359774172269,-0.002344755922799867
1.1,14,200000,1,1,0.8218446618881879,-0.0010930332309052157
1.1,14,200000,1,64,-0.00019177931800057254,0.0007073351520444885
1.1,14,200000,1,1024,-0.006906146698028515,0.005358816181270612
1.1,14,200000,1,4096,-0.005787755048652685,-0.002166500117806429
1.1,14,1000000,1,1,0.8218288820662238,-0.00034276740875858206
1.1,14,1000000,1,64,0.0013245135092930182,0.0016503073992782174
1.1,14,1000000,1,1024,-0.0016215011955980887,0.003098654988685146
1.1,14,1000000,1,4096,-0.0003190554143566481,9.706482108257345e-06
1.1,14,50000,4,1,0.45005275223901353,0.0009590215696891141
1.1,14,50000,4,64,-9.852192604594601e-05,0.003346566191907457
1.1,14,50000,4,1024,-0.0011219177194052728,0.0008437369928813729
1.1,14,50000,4,4096,-0.004001204510889429,-5.322189953254232e-05
1.1,14,200000,4,1,0.45701708624124365,-0.003905921557553558
1.1,14,200000,4,64,-0.0007206977644592863,-0.00015726364922113019
1.1,14,200000,4,1024,0.0002681097024640622,0.002355468712832025
1.1,14,200000,4,4096,-5.441291874540254e-07,0.0011936449843154284
1.1,14,1000000,4,1,0.45701823117441703,-0.001330072112090338
1.1,14,1000000,4,64,-0.0017278781413246668,0.0003694384013139062
1.1,14,1000000,4,1024,-0.0007845304432476588,0.00038020304947432353
1.1,14,1000000,4,4096,0.00040306396359873656,0.0006278105501929785
1.1,15,50000,1,1,0.8215718013779679,0.0022522741241714672
1.1,15,50000,1,64,-0.005774983618134127,0.004662027096121837
1.1,15,50000,1,1024,0.0007847997664634713,-0.004984388562407335
1.1,15,50000,1,4096,-0.007199267861566664,-0.005092424050556945
1.1,15,200000,1,1,0.8216746224636514,0.0007015216429014299
1.1,15,200000,1,64,-0.0019563839025320273,0.0021771764012329365
1.1,15,200000,1,1024,0.00198026163536474,-0.0026931344544690087
1.1,15,200000,1,4096,0.004719457764390146,0.005581259555327364
1.1,15,1000000,1,1,0.821340551419583,0.0004390183173539879
1.1,15,1000000,1,64,-0.002570818565791089,0.0015734905502594006
1.1,15,1000000,1,1024,-0.0002627105302139192,-0.0013692385434486993
1.1,15,1000000,1,4096,0.0007035344119592062,0.001823506077903988
1.1,15,50000,4,1,0.45734416435410624,0.004966551985212609
1.1,15,50000,4,64,-0.002785003131153198,0.0024321478105536806
1.1,15,50000,4,1024,-0.0015891846827316605,-0.005314363277003345
1.1,15,50000,4,4096,0.0005935451133268866,-0.0022366299775910467
1.1,15,200000,4,1,0.45483508901194697,0.0008107045090605657
1.1,15,200000,4,64,-0.0009730179944648778,-0.0014976351550842564
1.1,15,200000,4,1024,0.004352800479887869,-0.0012897759132570153
1.1,15,200000,4,4096,0.0002918323043334311,-0.0023853840506736705
1.1,15,1000000,4,1,0.4540660900560704,0.0022317019291265487
1.1,15,1000000,4,64,1.4749171044710444e-05,-0.0003537962769105833
1.1,15,1000000,4,1024,0.0009176793251644051,0.0004178039627762792
1.1,15,1000000,4,4096,-0.0003550502047151929,-0.0008511766932313134
1.1,16,50000,1,1,0.824472443344225,-0.0003974947106528108
1.1,16,50000,1,64,0.00773267143432425,-0.007673012199127932
1.1,16,50000,1,1024,0.0028991756364637644,-0.001064498408477837
1.1,16,50000,1,4096,-0.00176732085046264,-0.007278704827132092
1.1,16,200000,1,1,0.8228174506122066,-0.00036144063516502033
1.1,16,200000,1,64,-0.0015214867969910034,0.000583592001554595
1.1,16,200000,1,1024,-0.0013702589082901656,-0.001663485750878491
1.1,16,200000,1,4096,0.001017294610207203,-0.007390065791612295
1.1,16,1000000,1,1,0.8216539121356508,-0.00023546602982701766
1.1,16,1000000,1,64,-0.0008907224363536102,0.0004978882758345822
1.1,16,1000000,1,1024,0.0003465424730916575,-0.0006914661828191313
1.1,16,1000000,1,4096,-0.0032161188095950343,-0.0013094037402973926
1.1,16,50000,4,1,0.45644735186008195,0.0009743274131835707
1.1,16,50000,4,64,-0.005043478044316489,-0.004782174204496791
1.1,16,50000,4,1024,-0.0029088134485887487,0.006040821821856549
1.1,16,50000,4,4096,0.002069489968210571,-0.007236983793525495
1.1,16,200000,4,1,0.4569521885850888,-0.001288701827832632
1.1,16,200000,4,64,-0.0015737741018805507,0.0013160278783776406
1.1,16,200000,4,1024,-0.0018008575313278987,0.003549615680964426
1.1,16,200000,4,4096,0.003894124350253562,-0.001472171764079681
1.1,16,1000000,4,1,0.4548484483001257,-0.0001772855310024399
1.1,16,1000000,4,64,-0.0021549363279797676,-0.0010154512729690448
1.1,16,1000000,4,1024,0.0005984336988281469,0.0016166349133909682
1.1,16,1000000,4,4096,-0.0002449530005179653,-0.00040084177609942803
1.1,17,50000,1,1,0.8200546210862342,-0.00040333754568364647
1.1,17,50000,1,64,0.004590680229681941,0.0029518246384733137
1.1,17,50000,1,1024,0.003926260497799124,-0.0008497994791768639
1.1,17,50000,1,4096,-0.018432015581260824,-0.008166926029450941
1.1,17,200000,1,1,0.8220970808579453,-0.0003199492578376482
1.1,17,200000,1,64,0.002380442072849151,-0.004034903718398646
1.1,17,200000,1,1024,-0.0013174875456791013,-0.0014926444327450516
1.1,17,200000,1,4096,-0.008255708784141998,-0.0017711637736469573
1.1,17,1000000,1,1,0.8216880636408398,-0.0005247791007891477
1.1,17,1000000,1,64,0.0012487556433853765,-0.00029065012766095753
1.1,17,1000000,1,1024,0.0016105914769174454,0.00039851594537728595
1.1,17,1000000,1,4096,-0.005552658683984135,0.002332564505395086
1.1,17,50000,4,1,0.44592143399252065,-0.0035671989579975903
1.1,17,50000,4,64,-0.002044322387169034,0.0017576359319814983
1.1,17,50000,4,1024,-0.004762505648810916,0.003118602177164723
1.1,17,50000,4,4096,-0.006354211284840171,0.005989056867177853
1.1,17,200000,4,1,0.4538615608285443,-0.0010399321854642199
1.1,17,200000,4,64,-0.0030233333827651065,-0.0009732684813210275
1.1,17,200000,4,1024,-0.0010342127107728697,-0.0009930710521684346
1.1,17,200000,4,4096,-0.004414980150029306,0.001653640337040083
1.1,17,1000000,4,1,0.45555287483566365,-0.0017641256829362254
1.1,17,1000000,4,64,-0.00012538243082582236,0.00019664998526908626
1.1,17,1000000,4,1024,0.0012175182818653292,0.0002092246376506444
1.1,17,1000000,4,4096,-0.0010544393077000643,0.0016913155367165678
1.1,18,50000,1,1,0.8210217480111942,-0.0046137699357205715
1.1,18,50000,1,64,0.0034293053991081577,0.00537528189242549
1.1,18,50000,1,1024,-0.005129795708029937,0.006953699398946814
1.1,18,50000,1,4096,0.005191507238631562,0.004331531219388855
1.1,18,200000,1,1,0.8210212483831953,-0.0018464499358726574
1.1,18,200000,1,64,0.003921917439254238,-0.0009210896279483036
1.1,18,200000,1,1024,0.0027546742548842473,0.005868774078880292
1.1,18,200000,1,4096,7.756455538668696e-05,0.003670943855226573
1.1,18,1000000,1,1,0.8220902699733765,-0.0010829155754837295
1.1,18,1000000,1,64,-0.0014227795619341517,0.0012040565744570017
1.1,18,1000000,1,1024,0.0029083019299138663,0.0013392674114361645
1.1,18,1000000,1,4096,0.0020877656771172808,0.0023433062290414246
1.1,18,50000,4,1,0.45720701654776813,-0.015204987288897269
1.1,18,50000,4,64,-0.0019055598399737208,-0.006071919997580306
1.1,18,50000,4,1024,-0.0026702690018854678,0.002566115879256628
1.1,18,50000,4,4096,0.0026622224651571516,0.00010988209885992543
1.1,18,200000,4,1,0.4556287720020532,-0.007524555954057108
1.1,18,200000,4,64,-0.0016595373008672582,-0.0014122942392879067
1.1,18,200000,4,1024,0.0012205348095559127,0.002249994443188535
1.1,18,200000,4,4096,-0.0014366628035078096,-0.0029815604868668444
1.1,18,1000000,4,1,0.45768809360122625,-0.0034316729988617127
1.1,18,1000000,4,64,-0.0003954731504177578,-6.850373020684558e-05
1.1,18,1000000,4,1024,0.0001771915201206882,-0.00024906354588241506
1.1,18,1000000,4,4096,0.0009116136858411294,-0.0007543677799258808
1.1,19,50000,1,1,0.82098977130015,-0.0010614520138414972
1.1,19,50000,1,64,0.0021418521268231805,0.0004266824129651899
1.1,19,50000,1,1024,-0.01565009694701523,-0.007384410102439228
1.1,19,50000,1,4096,0.011810679909719644,-0.0010211717702201036
1.1,19,200000,1,1,0.822910768658903,-0.0007700862902791185
1.1,19,200000,1,64,-0.00406299519956847,-0.0024499000483223054
1.1,19,200000,1,1024,-0.006581456864404491,-0.004385763056302933
1.1,19,200000,1,4096,0.00427186126084344,-0.005408450470370407
1.1,19,1000000,1,1,0.8220305101515971,-0.00015672562369498433
1.1,19,1000000,1,64,0.0008016848049403254,0.0003065427671054388
1.1,19,1000000,1,1024,-0.0012806730207527654,-0.0021838635693417737
1.1,19,1000000,1,4096,0.0005286503262799769,0.0008701470746402573
1.1,19,50000,4,1,0.450649387467837,-0.0042959346734071716
1.1,19,50000,4,64,0.0031804000556492273,-0.006659955006438977
1.1,19,50000,4,1024,-0.005680128089088362,0.0009115739043128262
1.1,19,50000,4,4096,0.006261854839040733,-0.0047545264595142455
1.1,19,200000,4,1,0.45922083056972623,-0.0026129867664549736
1.1,19,200000,4,64,0.0017133595743850873,-0.002277600688342415
1.1,19,200000,4,1024,-0.0034817006598354613,-0.0001191818717056961
1.1,19,200000,4,4096,0.00045594791926267407,-0.0002844674447472061
1.1,19,1000000,4,1,0.45675702879370594,-0.0004958103804635262
1.1,19,1000000,4,64,0.00028830701612546274,-0.0007038499622267209
1.1,19,1000000,4,1024,9.598298445463068e-05,4.47469577634634e-05
1.1,19,1000000,4,4096,0.000256223327722046,0.0006006292076248137
1.1,20,50000,1,1,0.8220762580911903,0.0010856464615574366
1.1,20,50000,1,64,0.0034582055786222974,0.007044833424132279
1.1,20,50000,1,1024,0.0019458793315767367,0.0016740310417961677
1.1,20,50000,1,4096,0.014996785900299571,-0.006558779454618562
1.1,20,200000,1,1,0.8219884564559787,0.000464341906592062
1.1,20,200000,1,64,-0.00038165529998258614,-0.0013824160348085083
1.1,20,200000,1,1024,-0.0034214795266722707,0.0006187927033487785
1.1,20,200000,1,4096,0.00548496939477708,-0.0028908768673642925
1.1,20,1000000,1,1,0.8215738705141361,0.00016442140468085365
1.1,20,1000000,1,64,0.00035664879064352075,-0.0001976341675700436
1.1,20,1000000,1,1024,-0.0005361493901138297,0.0006259409788408718
1.1,20,1000000,1,4096,0.0026698239819287414,-0.0023314509845349185
1.1,20,50000,4,1,0.45355996362332185,0.004323594163253936
1.1,20,50000,4,64,-0.006576888064006693,-0.0019808209931382035
1.1,20,50000,4,1024,0.0016602598221136006,-0.003165555484300776
1.1,20,50000,4,4096,0.000673648568156321,0.0003427187087714132
1.1,20,200000,4,1,0.4547790582716913,0.0027246843928381143
1.1,20,200000,4,64,-0.004561114390594579,-0.00043084203652194705
1.1,20,200000,4,1024,0.001555772460118262,-0.00271371542213301
1.1,20,200000,4,4096,0.00023191661461969466,0.00027532389060544107
1.1,20,1000000,4,1,0.45442895959308116,0.0013870647997129395
1.1,20,1000000,4,64,-0.00254475188261406,-0.0008155323027105223
1.1,20,1000000,4,1024,-7.812344961901533e-05,-0.0017113084039478762
1.1,20,1000000,4,4096,0.0008966292430225289,0.0004613967001767223
1.1,21,50000,1,1,0.8219994511169657,-0.0016902221492058906
1.1,21,50000,1,64,-0.0049857464349696715,0.01615499434594639
1.1,21,50000,1,1024,-0.0023299860315410866,0.006636008176880396
1.1,21,50000,1,4096,-0.010923778017133047,0.0011895935626160007
1.1,21,200000,1,1,0.8218678435493334,0.000299842944002497
1.1,21,200000,1,64,0.004197913226560845,0.006070928216487485
1.1,21,200000,1,1024,-0.003581755104777299,-0.002108520610116399
1.1,21,200000,1,4096,-0.007245280207956722,-6.632069943255879e-05
1.1,21,1000000,1,1,0.822303211125606,0.00023952283874882806
1.1,21,1000000,1,64,-0.0007921161496481788,0.0016910466820749532
1.1,21,1000000,1,1024,-0.0006201204420145349,0.000557297354466102
1.1,21,1000000,1,4096,-0.003719321559256542,-0.0013205871676957076
1.1,21,50000,4,1,0.456758579746283,-0.0013262090624004837
1.1,21,50000,4,64,-0.007801754742020207,0.004837163243920521
1.1,21,50000,4,1024,-0.0057034603891951245,0.002047342201249727
1.1,21,50000,4,4096,-0.002223548192563354,-0.001547996391741645
1.1,21,200000,4,1,0.45757209799573867,0.0006395131348217344
1.1,21,200000,4,64,-0.0022841111362303206,0.0021845869766559385
1.1,21,200000,4,1024,-0.0007138230648653927,-0.0011448965306937323
1.1,21,200000,4,4096,0.0006318850645368562,-0.0012669431187460924
1.1,21,1000000,4,1,0.45787168178738386,0.0009312932297546821
1.1,21,1000000,4,64,-0.0005136383351525282,0.0012682213724149389
1.1,21,1000000,4,1024,-0.000199500977879556,-0.0008057834620679786
1.1,21,1000000,4,4096,0.0007657706905231025,-0.0010563180158840789
1.1,22,50000,1,1,0.8240777485887795,0.0012779486736018467
1.1,22,50000,1,64,0.011182407361851741,0.0029527503045102504
1.1,22,50000,1,1024,-0.009496700950165042,-0.0014143531735983368
1.1,22,50000,1,4096,-0.0037415617992217977,-0.006000197691439604
1.1,22,200000,1,1,0.8224490736789226,-0.0011108385569170412
1.1,22,200000,1,64,0.005210370434372942,0.001688544187964376
1.1,22,200000,1,1024,-0.0012326833914823897,0.0012295266194398975
1.1,22,200000,1,4096,0.0002579577229571895,-0.0064932570883209995
1.1,22,1000000,1,1,0.8214191098133898,0.00028058031560945757
1.1,22,1000000,1,64,0.0016067812326489201,-0.0008272764380762666
1.1,22,1000000,1,1024,0.0012170900323495192,-0.003031048715789798
1.1,22,1000000,1,4096,0.00038399569008342377,-0.0035244759636107394
1.1,22,50000,4,1,0.46357296053683733,-0.0002837120886808802
1.1,22,50000,4,64,-0.002872040067824674,0.002006947170573808
1.1,22,50000,4,1024,-0.0017086725081725735,-0.004530976265737476
1.1,22,50000,4,4096,-0.002941433428336028,-0.0019630180416682574
1.1,22,200000,4,1,0.4574182282391537,-0.0025066709437918436
1.1,22,200000,4,64,0.0009495812094574872,-0.00014112701498506934
1.1,22,200000,4,1024,-0.0024006021185409704,-0.00011492486318942307
1.1,22,200000,4,4096,0.002068367001528717,-0.0019648316904291893
1.1,22,1000000,4,1,0.45338269073200094,0.0015183152994306121
1.1,22,1000000,4,64,0.00019163636604340717,-0.001880365503692114
1.1,22,1000000,4,1024,-0.0005742257040420604,-0.0007492334835190058
1.1,22,1000000,4,4096,8.010572143197604e-05,0.0008436390982487825
1.1,23,50000,1,1,0.8225728544649421,-0.0028944165556485874
1.1,23,50000,1,64,-0.003208300741908735,-0.004371591098930868
1.1,23,50000,1,1024,0.004344868262032899,0.006481012570498039
1.1,23,50000,1,4096,0.007163127485340416,0.004701238887284155
1.1,23,200000,1,1,0.8218503967298216,-0.0004959923561765611
1.1,23,200000,1,64,-0.00214725655105528,-0.0007634775832598011
1.1,23,200000,1,1024,0.00023278913777765805,0.0015387792280045377
1.1,23,200000,1,4096,0.0013424305405273559,-0.0025147710807729103
1.1,23,1000000,1,1,0.8223479769306429,0.0006430481088303717
1.1,23,1000000,1,64,-0.00039412512360202857,-0.003125823578367504
1.1,23,1000000,1,1024,0.0015533998174235462,-0.0008152935943115593
1.1,23,1000000,1,4096,0.0024950722228361615,-0.0017325386295269163
1.1,23,50000,4,1,0.46401824658246854,-0.008110346066810948
1.1,23,50000,4,64,-0.0038353413711364024,0.0029273335418689293
1.1,23,50000,4,1024,0.004040511592943473,-0.0008565062924492372
1.1,23,50000,4,4096,-0.0002228556671392739,0.002140244899200997
1.1,23,200000,4,1,0.4606316816068571,-0.00199902048817758
1.1,23,200000,4,64,-0.001295733881703146,0.0032350218323010335
1.1,23,200000,4,1024,0.0028841401583648203,0.0003589433312273366
1.1,23,200000,4,4096,0.001229112149619235,-0.0005773983380212522
1.1,23,1000000,4,1,0.4588711569469326,0.00278671146875731
1.1,23,1000000,4,64,0.002352854018681793,0.001155330405683347
1.1,23,1000000,4,1024,0.0022625561992269203,0.001097722599248326
1.1,23,1000000,4,4096,-0.0010969775692891294,-0.0001166610694298141
1.1,24,50000,1,1,0.8182434876731758,0.0015850824893215872
1.1,24,50000,1,64,0.0015243089211438372,-0.007302013375283736
1.1,24,50000,1,1024,-0.006962469591347386,-0.0028755735028464344
1.1,24,50000,1,4096,0.007939471625088894,0.0009070555457456117
1.1,24,200000,1,1,0.8197889179551308,0.0028394396755692954
1.1,24,200000,1,64,-8.776126852448658e-05,-0.0018502786696501616
1.1,24,200000,1,1024,-0.002595298170128613,0.0017143719508896818
1.1,24,200000,1,4096,-0.0013705574330909532,0.0010350516705817383
1.1,24,1000000,1,1,0.8206831523319951,0.000820665507538931
1.1,24,1000000,1,64,0.00069853307336903,0.00036146397497943043
1.1,24,1000000,1,1024,0.0010571084511604076,0.0036476070715742125
1.1,24,1000000,1,4096,-0.002737138818558778,0.0008550906621845626
1.1,24,50000,4,1,0.44420015350640984,0.0024902693454429982
1.1,24,50000,4,64,0.0027016632094892835,-0.004682983206782582
1.1,24,50000,4,1024,0.002332551145033956,0.0039703247793413735
1.1,24,50000,4,4096,-0.002119609734190001,0.00024173146114239667
1.1,24,200000,4,1,0.4494135628535753,0.009365561457056948
1.1,24,200000,4,64,0.00271360539959201,-0.0011491955662879757
1.1,24,200000,4,1024,0.00024557664700906905,0.0030961267510979645
1.1,24,200000,4,4096,0.000499785567025737,-0.0009463458471265756
1.1,24,1000000,4,1,0.45254173685863397,0.00339997205539889
1.1,24,1000000,4,64,-0.0006199486505035509,-0.0004906444218592314
1.1,24,1000000,4,1024,0.0003709974118587165,0.0012552196883578405
1.1,24,1000000,4,4096,0.00016476809977982262,0.0006115024358285063
1.1,25,50000,1,1,0.8232062003373487,0.0009102391044877274
1.1,25,50000,1,64,0.007583768282566735,0.0022397350194309136
1.1,25,50000,1,1024,-0.008684320620166946,-0.008253266246386538
1.1,25,50000,1,4096,0.005832625486226602,-5.487227278687911e-05
1.1,25,200000,1,1,0.821577404742053,0.0005916124661537906
1.1,25,200000,1,64,0.005920321418942108,-0.004169709767592883
1.1,25,200000,1,1024,-5.0508154907831034e-05,0.002583274216013292
1.1,25,200000,1,4096,0.003988686975829992,0.0016157215656040652
1.1,25,1000000,1,1,0.8218307452088562,0.0004785634983905796
1.1,25,1000000,1,64,0.0003737649861390821,-0.0024325158888137653
1.1,25,1000000,1,1024,-0.0016259222375482204,0.0004491495741156584
1.1,25,1000000,1,4096,0.0007902736921880007,-0.0044365932262092995
1.1,25,50000,4,1,0.46110997841074974,0.004107133669052587
1.1,25,50000,4,64,0.0023148563698687347,-0.0036710810341357195
1.1,25,50000,4,1024,-0.002285162556835619,-0.004830771802652081
1.1,25,50000,4,4096,-0.0008647528532212685,-0.000981934481806699
1.1,25,200000,4,1,0.45527988603318137,0.004925256922287109
1.1,25,200000,4,64,0.003287389564200471,-0.002499998667506497
1.1,25,200000,4,1024,-0.0020819529248950123,-0.0016656346621977175
1.1,25,200000,4,4096,0.0025650918099467744,-0.0017473991281430773
1.1,25,1000000,4,1,0.45652039553775653,0.0020037004004685214
1.1,25,1000000,4,64,0.0008326112151323877,-0.0008597365359977262
1.1,25,1000000,4,1024,0.0005945958817227561,-0.0005016499098467519
1.1,25,1000000,4,4096,0.0010695340657154656,0.0002744657948558628
1.1,26,50000,1,1,0.8244929289031614,-0.0003832970592419161
1.1,26,50000,1,64,-0.000757487691449761,0.010236280822794736
1.1,26,50000,1,1024,-0.0008104648348434755,-0.002804118065400875
1.1,26,50000,1,4096,0.00456329961977522,-0.006872303903828404
1.1,26,200000,1,1,0.8215035348563287,0.0005173752151979381
1.1,26,200000,1,64,-0.0012535974355535483,0.002522845325786623
1.1,26,200000,1,1024,-0.0021279151873764184,-0.0028931875175288143
1.1,26,200000,1,4096,0.005868838401875221,-0.004405728835104321
1.1,26,1000000,1,1,0.8218104801727706,0.0005745571004918612
1.1,26,1000000,1,64,0.0006501994339582903,-0.0009267392906126195
1.1,26,1000000,1,1024,0.00017412163980575702,0.0012093550196921276
1.1,26,1000000,1,4096,0.00044845596020501473,-0.0014100401586857106
1.1,26,50000,4,1,0.4672598078216313,0.0006225497453920996
1.1,26,50000,4,64,-0.004711156761382584,0.0033841066723081397
1.1,26,50000,4,1024,-0.003537457667680227,-0.007406941788972742
1.1,26,50000,4,4096,0.002168016086118642,0.0032449291880791097
1.1,26,200000,4,1,0.45670125407204354,0.0015863069197060101
1.1,26,200000,4,64,-0.0016791626184335376,-0.0002642475312599858
1.1,26,200000,4,1024,-0.0018539009542317731,-0.00046389723512630044
1.1,26,200000,4,4096,-6.764022615697715e-05,0.001722850129804507
1.1,26,1000000,4,1,0.4558689418119323,0.001463327630040468
1.1,26,1000000,4,64,0.0002327970304323403,-0.001167670194532204
1.1,26,1000000,4,1024,-0.00028958778106544795,0.00107018015235367
1.1,26,1000000,4,4096,0.0006878775789632963,-0.00010319150855380049
1.1,27,50000,1,1,0.8224440687017092,-0.0011886580996830441
1.1,27,50000,1,64,0.005901974440637503,0.0015139128896443001
1.1,27,50000,1,1024,0.0002981821179298349,0.009182385929559935
1.1,27,50000,1,4096,0.010646769300468158,-0.00056096052791326
1.1,27,200000,1,1,0.8238751614370913,-0.0016019954408486676
1.1,27,200000,1,64,0.0034189018854731117,0.0005202249201156095
1.1,27,200000,1,1024,-0.00010892550252810541,-0.0017781521194998376
1.1,27,200000,1,4096,0.002418934898811222,0.0037873492006540435
1.1,27,1000000,1,1,0.8224621983614567,-0.0006768047003425149
1.1,27,1000000,1,64,0.0009700375040941699,0.0017277066142638998
1.1,27,1000000,1,1024,-0.0019071883318418819,0.0026499876701456715
1.1,27,1000000,1,4096,3.34581160859969e-05,-0.0008115660089585427
1.1,27,50000,4,1,0.46282930100350345,-0.002082547567412177
1.1,27,50000,4,64,0.002334066183006994,-0.0009676180822360784
1.1,27,50000,4,1024,-0.0004386631357265337,0.0005964311065041652
1.1,27,50000,4,4096,-0.0009033517985363885,-0.0026708895426984978
1.1,27,200000,4,1,0.46417444196550534,-0.0039223800770878245
1.1,27,200000,4,64,0.0002584257354382829,0.0012973878024023265
1.1,27,200000,4,1024,0.0023863018196596994,-0.003213151836933675
1.1,27,200000,4,4096,5.212287984801345e-05,-0.0014225609464108351
1.1,27,1000000,4,1,0.4586185369619377,-0.0024210367992029843
1.1,27,1000000,4,64,0.00026948876334713986,0.0005322933120471301
1.1,27,1000000,4,1024,0.0013852726109951897,0.000576891266319442
1.1,27,1000000,4,4096,6.423461123925989e-05,-0.000837624388242921
1.1,28,50000,1,1,0.8190747774300374,-0.0027483802768577584
1.1,28,50000,1,64,-0.0025183143554228533,0.010915218897275808
1.1,28,50000,1,1024,-0.011047494230423534,-0.014656412947590142
1.1,28,50000,1,4096,-0.007549651664486912,0.0008712583780263372
1.1,28,200000,1,1,0.8210848241240093,-0.00018171192327310931
1.1,28,200000,1,64,0.003262980212604654,-0.002275697306345392
1.1,28,200000,1,1024,-0.00014590068816847682,-0.005844304308394131
1.1,28,200000,1,4096,0.0016808237978753098,-0.0014122462893360085
1.1,28,1000000,1,1,0.8213752238057898,1.0331001991533916e-05
1.1,28,1000000,1,64,0.0016432531287563785,-0.001322420978080342
1.1,28,1000000,1,1024,-0.0008921404970411057,0.0009715229559250962
1.1,28,1000000,1,4096,0.002036963037534424,0.0006147930475656244
1.1,28,50000,4,1,0.44771713470849767,-0.009861503694853961
1.1,28,50000,4,64,-0.0013175335804520212,-0.005638644844757745
1.1,28,50000,4,1024,-0.004436755759533782,0.00313725328312748
1.1,28,50000,4,4096,-0.00457420991976587,-0.0013926897376022322
1.1,28,200000,4,1,0.4542288538937911,-0.0013575445834347435
1.1,28,200000,4,64,-0.001264941245882634,-0.0025281134597646394
1.1,28,200000,4,1024,-0.0017351443726045404,0.0018442717196086515
1.1,28,200000,4,4096,-0.0014686666560121194,0.0007697579244550179
1.1,28,1000000,4,1,0.45521569795893163,-0.0005546673208669797
1.1,28,1000000,4,64,0.0011792010351418358,-0.00031129236071229083
1.1,28,1000000,4,1024,-0.0010843554742511002,0.0008881278391706364
1.1,28,1000000,4,4096,-0.0002873463000580347,0.00019294558213904634
1.1,29,50000,1,1,0.8248143983985804,0.0003254125896282631
1.1,29,50000,1,64,0.003395311905319944,0.005884068246525741
1.1,29,50000,1,1024,0.004848810846183313,-0.005239517949660703
1.1,29,50000,1,4096,-0.004628436220318354,-0.002666112423291343
1.1,29,200000,1,1,0.8217310737977291,0.0006950861531043262
1.1,29,200000,1,64,-0.0018790800344845788,0.0014858430899726785
1.1,29,200000,1,1024,0.0032421075782558587,0.0004395790829869741
1.1,29,200000,1,4096,-0.003098441845472585,-0.002820629113503577
1.1,29,1000000,1,1,0.822366040566336,-0.0009520323581848082
1.1,29,1000000,1,64,-0.0015788837988618112,-0.0010315648594714335
1.1,29,1000000,1,1024,-0.0008587255784282919,-0.0012444507551658754
1.1,29,1000000,1,4096,-0.0015033528225980488,0.0002667229108496107
1.1,29,50000,4,1,0.4707706664647325,0.00489732114504527
1.1,29,50000,4,64,0.00043369416217896447,-0.003966255599098216
1.1,29,50000,4,1024,-0.004529095692414781,-0.0006354669046929901
1.1,29,50000,4,4096,4.128435023485858e-05,-0.0005197708667190862
1.1,29,200000,4,1,0.4549485994508738,0.0028243693631023726
1.1,29,200000,4,64,0.0014416704338646948,-0.0010506480355350332
1.1,29,200000,4,1024,-0.0007461163105603187,0.0026857318275927636
1.1,29,200000,4,4096,0.0009680790144826382,-6.431751468952274e-06
1.1,29,1000000,4,1,0.4577664836448512,-0.0026499733485342036
1.1,29,1000000,4,64,-0.0003994956796389564,-0.000502271483607671
1.1,29,1000000,4,1024,0.00018399046682730086,0.0002702669961599175
1.1,29,1000000,4,4096,0.0005282388382415605,0.0009876503788821755
1.1,30,50000,1,1,0.8210366942976322,0.00459252180690094
1.1,30,50000,1,64,0.0022818785534683573,0.0018096022712950327
1.1,30,50000,1,1024,-0.002337914100074908,0.013084775221817424
1.1,30,50000,1,4096,0.0015036450111916057,0.007312158854444177
1.1,30,200000,1,1,0.8218100198665484,0.001597973157700601
1.1,30,200000,1,64,0.0030727200156802524,0.0005047886233374096
1.1,30,200000,1,1024,-0.004831437848416222,0.0020353718161068156
1.1,30,200000,1,4096,0.00020224402394170116,0.004876467800790138
1.1,30,1000000,1,1,0.8221158111828463,-4.13830846722986e-05
1.1,30,1000000,1,64,-0.00030213479174293203,0.0013193778204713368
1.1,30,1000000,1,1024,-0.0003222625288614677,-0.0002960639287527297
1.1,30,1000000,1,4096,0.0014811333589847889,0.0007447645556854145
1.1,30,50000,4,1,0.45656041374546225,0.01935384582262864
1.1,30,50000,4,64,-0.002309316046291944,-0.002472913198175358
1.1,30,50000,4,1024,0.00035363787832645986,0.00393175886895278
1.1,30,50000,4,4096,-0.00154124698760492,-0.004971036566656813
1.1,30,200000,4,1,0.4566146522455894,0.006994703487581411
1.1,30,200000,4,64,0.0010354126019009985,-0.0025828601478385727
1.1,30,200000,4,1024,-0.0014331501039539399,-0.00043615640345242673
1.1,30,200000,4,4096,0.0030408850571917714,0.0018198359168199337
1.1,30,1000000,4,1,0.4567532903275756,-0.00036592096075168767
1.1,30,1000000,4,64,0.0008569993035264065,-0.0005558700425831327
1.1,30,1000000,4,1024,-0.0003415015440127671,-0.0005029276114005668
1.1,30,1000000,4,4096,-0.00013047163303841165,0.0003048556283211048
1.1,31,50000,1,1,0.8198217974565525,-0.0008625635620493892
1.1,31,50000,1,64,0.002657505409265621,0.002312389519950004
1.1,31,50000,1,1024,-0.0004521570042020865,-0.0018783611444421803
1.1,31,50000,1,4096,0.0040121378129461165,0.0029680445290229435
1.1,31,200000,1,1,0.8210944148868402,0.0013185485446745098
1.1,31,200000,1,64,0.0017715110447674846,-0.0029477993094055763
1.1,31,200000,1,1024,-0.002818317053966849,0.0017052091453946525
1.1,31,200000,1,4096,-0.005450454582410974,0.004689050253300945
1.1,31,1000000,1,1,0.8211284627957485,0.00011250706461972843
1.1,31,1000000,1,64,0.0012826448583842646,-0.0026645205037158447
1.1,31,1000000,1,1024,-0.0005004442498555615,-0.0003241600526399987
1.1,31,1000000,1,4096,-0.0005728950967837162,0.0015540339359182548
1.1,31,50000,4,1,0.44619443600315134,-0.004544826086193583
1.1,31,50000,4,64,0.0018574284525614345,0.00017854557655765254
1.1,31,50000,4,1024,-0.0035233458112809003,-0.004653582103580928
1.1,31,50000,4,4096,-0.0005211952489820654,-0.0022683142274735374
1.1,31,200000,4,1,0.45126499524217223,0.004242265590979641
1.1,31,200000,4,64,0.0013489951682767757,-2.4690571982897057e-05
1.1,31,200000,4,1024,-0.0008578849424913732,0.00023264539148479466
1.1,31,200000,4,4096,-0.0015832251258977837,0.0008447122562001081
1.1,31,1000000,4,1,0.45331419874973505,0.00012829032185183016
1.1,31,1000000,4,64,0.00026367454846910676,-0.00117089738326038
1.1,31,1000000,4,1024,-0.000723728650705314,-0.000704652021063553
1.1,31,1000000,4,4096,0.0002653000217673498,0.00034761433281147727
1.1,32,50000,1,1,0.8212256054003362,-0.001268372155157269
1.1,32,50000,1,64,0.003107201915503114,-0.016488078585431103
1.1,32,50000,1,1024,0.0057920881844158905,-0.006133275411991583
1.1,32,50000,1,4096,0.008751441161795655,0.003221766944740555
1.1,32,200000,1,1,0.8215796566802394,-0.00026862555617427627
1.1,32,200000,1,64,0.005741029155680349,-0.007404440724032998
1.1,32,200000,1,1024,-7.425728185782398e-05,-0.0009263856142384541
1.1,32,200000,1,4096,0.006830629913727179,0.003118971876644202
1.1,32,1000000,1,1,0.8215331556307249,-3.4097700468389674e-05
1.1,32,1000000,1,64,0.0011471428886341134,-0.002931618691890994
1.1,32,1000000,1,1024,-0.001535947674264767,-0.001514594490467136
1.1,32,1000000,1,4096,0.00031602568235711997,0.0010075201763088371
1.1,32,50000,4,1,0.45322897925837813,-0.011252188218287495
1.1,32,50000,4,64,-0.0007204526684854739,-0.0006280265508354328
1.1,32,50000,4,1024,-0.0023624710288468226,0.00028366847382868933
1.1,32,50000,4,4096,-0.009944092384136818,-0.004036755052259708
1.1,32,200000,4,1,0.4542187598369738,-0.003061743687843221
1.1,32,200000,4,64,-0.0009927121008321824,0.0006021868561026094
1.1,32,200000,4,1024,-0.003632095392213016,-0.0017785412742314251
1.1,32,200000,4,4096,-0.0037573926454415015,0.0017829648276795579
1.1,32,1000000,4,1,0.45452816011998376,-0.0007792804616019185
1.1,32,1000000,4,64,-0.00025273342886170444,2.711465366279707e-05
1.1,32,1000000,4,1024,-0.0011091826132867862,-0.00045740915724813984
1.1,32,1000000,4,4096,-0.0013693037061208934,-0.0002044396133622728
1.1,33,50000,1,1,0.8222800965997896,0.0007234040316195729
1.1,33,50000,1,64,-0.0037719968259288645,-0.009512972822882675
1.1,33,50000,1,1024,-0.009813933596452908,-0.0011782537196984785
1.1,33,50000,1,4096,-0.003121487000011195,0.0017600219820745244
1.1,33,200000,1,1,0.8210741306468025,0.00020968864646331103
1.1,33,200000,1,64,0.002743180881609014,-0.005281394967580741
1.1,33,200000,1,1024,-0.0031242759510933084,-0.0013584901920135578
1.1,33,200000,1,4096,-0.0006538915330733153,0.0005045789055304339
1.1,33,1000000,1,1,0.8217236939379935,-2.13936247869666e-05
1.1,33,1000000,1,64,0.0004788405325083443,-0.0008668737669678373
1.1,33,1000000,1,1024,-0.00197649661726194,0.0009479828158395723
1.1,33,1000000,1,4096,-0.001164950077587888,0.001969637382736981
1.1,33,50000,4,1,0.45623704163510004,0.0003944922794424573
1.1,33,50000,4,64,-0.0005419765901447198,0.0032504660817176683
1.1,33,50000,4,1024,0.0016462551494044037,-0.0008322932419116896
1.1,33,50000,4,4096,0.0016031145329354702,-0.0033724272345641093
1.1,33,200000,4,1,0.4522435597898164,0.0008076139144847502
1.1,33,200000,4,64,0.00032016312377046934,0.002245312901686144
1.1,33,200000,4,1024,-0.0026584021824095955,0.0046468916376801285
1.1,33,200000,4,4096,-0.0025774382443256023,-0.0012133271964445572
1.1,33,1000000,4,1,0.45544675422716646,-0.00024953555531860637
1.1,33,1000000,4,64,0.00013882780756001875,-0.0006247377681568674
1.1,33,1000000,4,1024,-0.0004787575986166075,0.0011510801062708399
1.1,33,1000000,4,4096,-0.0010253103559783136,-0.0005478981382395554
1.1,34,50000,1,1,0.8213085986981224,0.0011327732774106458
1.1,34,50000,1,64,0.003340149235682816,-0.007171491959569367
1.1,34,50000,1,1024,-0.010112183119025113,-0.0001510517628862681
1.1,34,50000,1,4096,-0.0003014963166449581,-0.012257959642010978
1.1,34,200000,1,1,0.8213040846744811,0.0006470781549925809
1.1,34,200000,1,64,-0.003781510918846106,-0.0002999843872794587
1.1,34,200000,1,1024,-8.748672993112156e-05,0.005810400036521558
1.1,34,200000,1,4096,-0.0011947490373225862,-0.006494284106704082
1.1,34,1000000,1,1,0.8214961435863251,8.355483540770878e-05
1.1,34,1000000,1,64,0.0017212768363256351,-0.0025673856552607534
1.1,34,1000000,1,1024,-0.0008770226071735205,-2.2711101845585466e-05
1.1,34,1000000,1,4096,0.0005802931120959476,0.00010485453171817072
1.1,34,50000,4,1,0.4500491778957543,0.004611739663597674
1.1,34,50000,4,64,0.00018779662873613922,0.0031711443863538026
1.1,34,50000,4,1024,0.000605591109999716,0.0004655179194772388
1.1,34,50000,4,4096,0.0036506374487115583,0.0016776066165369037
1.1,34,200000,4,1,0.4531816320447555,0.002932538839538324
1.1,34,200000,4,64,0.002164158011683,0.000691381803624309
1.1,34,200000,4,1024,-0.003432578987041848,0.00042221181782121697
1.1,34,200000,4,4096,7.599257093797803e-05,-0.0025397573785342653
1.1,34,1000000,4,1,0.4544854873860472,-0.0006254051622805562
1.1,34,1000000,4,64,0.001506578063187044,6.778525608935067e-05
1.1,34,1000000,4,1024,-0.002047149411515896,-0.0014958659603735579
1.1,34,1000000,4,4096,-0.00012200624058360344,-0.00011540433027005331
1.1,35,50000,1,1,0.8204561220546186,-0.0012929229358063104
1.1,35,50000,1,64,-0.00609125455833759,0.007462643828709015
1.1,35,50000,1,1024,0.0012311362237715534,-0.011501246168524954
1.1,35,50000,1,4096,0.010384652539512183,0.002589648635937421
1.1,35,200000,1,1,0.822734513211273,-0.00040089461898367156
1.1,35,200000,1,64,0.0004940348593790481,0.0012511589084648388
1.1,35,200000,1,1024,0.00331084293035726,-0.0026052208533597233
1.1,35,200000,1,4096,0.0075398098899462935,0.0009741944461725776
1.1,35,1000000,1,1,0.8215421753996469,0.00041007989286854997
1.1,35,1000000,1,64,0.0004593920991936966,0.0018783675366817504
1.1,35,1000000,1,1024,0.0006508588340034651,-5.258319963002174e-05
1.1,35,1000000,1,4096,-7.35938900540537e-05,-0.00033387231829224204
1.1,35,50000,4,1,0.45236425354896426,-0.007203859868550189
1.1,35,50000,4,64,0.005633868865580736,0.002174860386872469
1.1,35,50000,4,1024,0.0020906081392584185,-0.0026552438347988965
1.1,35,50000,4,4096,-0.0021786619437476175,-0.007282618909998552
1.1,35,200000,4,1,0.45903485122439086,-0.0017564638223885884
1.1,35,200000,4,64,0.0011290989928322533,-0.002931441448612063
1.1,35,200000,4,1024,0.00154463666262604,-0.001797390465323084
1.1,35,200000,4,4096,0.0013602340652505856,-0.0027653359401850802
1.1,35,1000000,4,1,0.45554519422326106,0.0010261641481970104
1.1,35,1000000,4,64,-0.0008226401694132471,-0.0004038048001020321
1.1,35,1000000,4,1024,-0.00024137759602160322,-0.0001777584620708781
1.1,35,1000000,4,4096,-0.000733148906047566,-0.00039814769100327723
1.1,36,50000,1,1,0.8243846041191727,0.000651821921623763
1.1,36,50000,1,64,-0.0032743133467094234,-0.0033088705079288142
1.1,36,50000,1,1024,-0.004676329078403586,-0.004078775998345001
1.1,36,50000,1,4096,0.010454837290504377,-0.01390411506474605
1.1,36,200000,1,1,0.820812081129754,-0.000654010237174927
1.1,36,200000,1,64,0.0017439586878325974,-0.007252310014652402
1.1,36,200000,1,1024,-0.0033295714652128374,0.0025214100613038777
1.1,36,200000,1,4096,-0.0031901227871168874,0.000817766886443597
1.1,36,1000000,1,1,0.8218696033637829,0.00039232399770953297
1.1,36,1000000,1,64,0.0002074242236013091,-0.0030191930823197065
1.1,36,1000000,1,1024,0.000524842120789744,-0.0021281961189259352
1.1,36,1000000,1,4096,5.162566256090206e-05,0.0035909901890719934
1.1,36,50000,4,1,0.46405235954044016,0.0006750326471232908
1.1,36,50000,4,64,-0.003039206498532167,0.0018413593727288579
1.1,36,50000,4,1024,0.0002401650770161023,0.00031654202768362005
1.1,36,50000,4,4096,0.0006675190346016088,-0.003751072798974519
1.1,36,200000,4,1,0.4530777760882867,-0.004538301891821511
1.1,36,200000,4,64,8.122109308567021e-05,0.0012559233810858158
1.1,36,200000,4,1024,-0.0015495830223352543,0.0006025772771194412
1.1,36,200000,4,4096,0.0019382542969029846,0.0009025159918728226
1.1,36,1000000,4,1,0.45597155813850765,0.0008586814455490854
1.1,36,1000000,4,64,0.0008498255743705584,0.00012772426258133315
1.1,36,1000000,4,1024,-0.0009286766257325663,0.0002673340615899581
1.1,36,1000000,4,4096,-0.0003897179508177308,0.00140696166929346
1.1,37,50000,1,1,0.8241130193177961,-0.0008083822518880615
1.1,37,50000,1,64,-0.00843119603837571,-0.0034985050128699922
1.1,37,50000,1,1024,0.004078849066695138,0.0017509070972076667
1.1,37,50000,1,4096,0.006334237671884426,0.0013649595490932
1.1,37,200000,1,1,0.8220599438698558,-0.0003121685211433746
1.1,37,200000,1,64,-0.004595097571109653,-0.005943022977929579
1.1,37,200000,1,1024,0.0003345223438736675,0.005548742399522267
1.1,37,200000,1,4096,0.008430212491006152,-4.267483795993553e-05
1.1,37,1000000,1,1,0.8221428494386142,-0.00024114836580070486
1.1,37,1000000,1,64,-0.00045882938592002,-0.002522522932131664
1.1,37,1000000,1,1024,0.0017734084466791973,0.0015246350810636466
1.1,37,1000000,1,4096,0.002626922021257353,0.0007442140290074274
1.1,37,50000,4,1,0.46238692795994385,-0.006828083975069819
1.1,37,50000,4,64,0.0038416702047260032,-0.01269304412596135
1.1,37,50000,4,1024,-0.002282306489849753,-0.0009467555397584701
1.1,37,50000,4,4096,0.0007174596844531875,0.006067239859629649
1.1,37,200000,4,1,0.4569612569283331,-0.0011454199518594833
1.1,37,200000,4,64,0.003685690712173126,-0.004502069879130221
1.1,37,200000,4,1024,0.0014669399751198811,0.0015120114234297868
1.1,37,200000,4,4096,0.00036871704317010677,5.779826602109849e-05
1.1,37,1000000,4,1,0.45741769276665784,-0.00015501594116719845
1.1,37,1000000,4,64,0.0017014341741767491,-0.000959941462514289
1.1,37,1000000,4,1024,0.0004573770107947052,0.0008320942049713217
1.1,37,1000000,4,4096,0.00021533579483337884,0.00029810176927895184
1.1,38,50000,1,1,0.8199556356009471,-0.0018108185752401052
1.1,38,50000,1,64,-0.005817206726236114,-0.001852824530912855
1.1,38,50000,1,1024,0.0072706059895617054,0.005076159249353618
1.1,38,50000,1,4096,0.0006830128055463373,-0.006266295065940874
1.1,38,200000,1,1,0.8213022794408202,-0.0012676218695222817
1.1,38,200000,1,64,0.008849408342627279,-0.003345545031918047
1.1,38,200000,1,1024,0.0040322464771012385,0.0018295702699753903
1.1,38,200000,1,4096,-0.0017704896809805834,0.0013323970882833565
1.1,38,1000000,1,1,0.8219897705459063,-0.0007682069909909661
1.1,38,1000000,1,64,0.0023776537674000775,-0.0011450424258349814
1.1,38,1000000,1,1024,0.0038732878039266726,-0.0007032023210173935
1.1,38,1000000,1,4096,7.527507686780452e-05,-0.0004964511141868621
1.1,38,50000,4,1,0.4492014756045497,-0.0074178723298649095
1.1,38,50000,4,64,-0.0020700253238604737,-0.009313903639641758
1.1,38,50000,4,1024,0.003098109804580542,-0.002487584150525274
1.1,38,50000,4,4096,-0.0032348429365122895,-0.006494476830798492
1.1,38,200000,4,1,0.4537219415701273,-0.005547580587484121
1.1,38,200000,4,64,0.001872988441806187,-2.974099371745883e-05
1.1,38,200000,4,1024,0.0044563341377492575,-0.00017778489350853447
1.1,38,200000,4,4096,0.0029319372187601115,-0.0028364939135677833
1.1,38,1000000,4,1,0.45633536126129964,-0.003218884043294831
1.1,38,1000000,4,64,-3.9555903989405125e-05,0.0011966352312957939
1.1,38,1000000,4,1024,0.001103544884295045,-0.0018039071695241456
1.1,38,1000000,4,4096,0.000755903503340856,-0.0016857651776749844
1.1,39,50000,1,1,0.818001113752193,0.0001698738197458805
1.1,39,50000,1,64,-0.007025090691060917,-0.006387341484451893
1.1,39,50000,1,1024,0.0036051477527022095,0.0031027476695311765
1.1,39,50000,1,4096,-0.00880956750095171,0.007198270170889017
1.1,39,200000,1,1,0.820441044138742,-0.0005920751859909993
1.1,39,200000,1,64,0.0023836160774364104,-0.005530486737389062
1.1,39,200000,1,1024,-0.00150273795601916,-0.0006300061849341553
1.1,39,200000,1,4096,-0.001841032679199267,-0.000624036603494452
1.1,39,1000000,1,1,0.821478804494141,-5.85613121309551e-07
1.1,39,1000000,1,64,0.0005650654757497071,-0.0010626649250508465
1.1,39,1000000,1,1024,-0.00011706735264846637,-0.0001273582235791376
1.1,39,1000000,1,4096,-0.0004380562013934595,-0.00309946979324842
1.1,39,50000,4,1,0.44303285681406035,0.0015511171721370232
1.1,39,50000,4,64,-0.002975749387897153,-0.0044262226702703215
1.1,39,50000,4,1024,0.005291963453205508,-0.0014442008660546278
1.1,39,50000,4,4096,0.0015413417974878092,0.001114953280541542
1.1,39,200000,4,1,0.4509332478141056,-0.002389887780678527
1.1,39,200000,4,64,-0.0008404543251651503,-0.001211694630487248
1.1,39,200000,4,1024,-8.173764149295119e-05,-0.002965370153682199
1.1,39,200000,4,4096,0.00017603356443290347,0.0002407017401521246
1.1,39,1000000,4,1,0.455044146593854,-0.00045124348379254166
1.1,39,1000000,4,64,-0.0007269016771376238,-0.00039103866430620295
1.1,39,1000000,4,1024,0.0009510604135093022,3.362465154645522e-05
1.1,39,1000000,4,4096,0.0004939979074825533,0.0004769295867399263
1.1,40,50000,1,1,0.8213288258814395,0.0025296031101191803
1.1,40,50000,1,64,0.004083579966427423,-0.0007979717785426411
1.1,40,50000,1,1024,-0.0004898827182575564,0.006420627299670613
1.1,40,50000,1,4096,0.0037228301530532895,0.0019386054544068133
1.1,40,200000,1,1,0.82193878921448,-0.00022597921239240294
1.1,40,200000,1,64,0.000160913254590275,-0.0056266339266050425
1.1,40,200000,1,1024,-0.0006960181924216893,0.0016040442839154684
1.1,40,200000,1,4096,-0.0006055560825459326,-0.0025491491540690523
1.1,40,1000000,1,1,0.8222121157057853,0.00028676962903354463
1.1,40,1000000,1,64,-0.0007291184490340457,0.0014892703146602614
1.1,40,1000000,1,1024,-0.0019560571456909395,0.0018333362134675658
1.1,40,1000000,1,4096,0.00014819727065073065,-0.0005395089042695964
1.1,40,50000,4,1,0.4551101858966924,0.008338487221884816
1.1,40,50000,4,64,0.0011730140991367142,-0.00014194352244172127
1.1,40,50000,4,1024,-0.002005589557126785,-0.0021500842777292624
1.1,40,50000,4,4096,-0.0033767464366442203,0.01015831122349452
1.1,40,200000,4,1,0.45767693071435206,-0.001120333068271829
1.1,40,200000,4,64,0.0012681675475977308,-0.0006417497802441713
1.1,40,200000,4,1024,-0.0007247074060433014,-0.0016689564175460163
1.1,40,200000,4,4096,8.570158670466331e-05,0.003432195388061882
1.1,40,1000000,4,1,0.459380105845498,0.0008589292819371957
1.1,40,1000000,4,64,-0.0014023558297669042,0.0007543038547643008
1.1,40,1000000,4,1024,0.001427485775520304,-0.0005924607211886317
1.1,40,1000000,4,4096,-0.000494373696861382,0.0008438398566179321
1.1,41,50000,1,1,0.8211129868258191,0.0005254537867667784
1.1,41,50000,1,64,-0.008751107320021293,0.005204164220882659
1.1,41,50000,1,1024,0.006628301722953963,-0.0017560088600652233
1.1,41,50000,1,4096,0.006564845688644132,-0.010726453637454761
1.1,41,200000,1,1,0.8213453418568996,-0.0004445180571446313
1.1,41,200000,1,64,-0.006559188195096489,-0.002616208757125458
1.1,41,200000,1,1024,0.0003481773008000857,0.00045643604460614214
1.1,41,200000,1,4096,0.004557974638126683,0.0049341524408086646
1.1,41,1000000,1,1,0.8215110043459646,8.075829466537779e-07
1.1,41,1000000,1,64,-0.0005252994172178481,9.151779844644588e-05
1.1,41,1000000,1,1024,-0.0017466364291377984,-0.00023353682145092766
1.1,41,1000000,1,4096,0.0019367436249297222,0.0031886673527573113
1.1,41,50000,4,1,0.45671597223740207,-0.0002125728849511765
1.1,41,50000,4,64,-0.00437783445678114,-0.0007889294437952458
1.1,41,50000,4,1024,-0.0018302562191926206,0.001547136838368943
1.1,41,50000,4,4096,-0.00010679817295052901,0.0014505383260874467
1.1,41,200000,4,1,0.45578043877220414,-0.002396701068311644
1.1,41,200000,4,64,-0.001912853695858968,0.0002779540946601847
1.1,41,200000,4,1024,0.002077265662651178,-0.0016328609745658626
1.1,41,200000,4,4096,0.001761871581753972,-0.0006017000961926557
1.1,41,1000000,4,1,0.4557620492617749,1.0813743239177004e-05
1.1,41,1000000,4,64,-0.0006729112408359896,0.0006258811795697814
1.1,41,1000000,4,1024,-6.675747605296454e-05,0.0010564355488868723
1.1,41,1000000,4,4096,0.00025579820665735985,0.0012852794016255987
1.1,42,50000,1,1,0.8225990976838186,-0.001908341926602457
1.1,42,50000,1,64,-0.004172805844211719,-0.008801613153891042
1.1,42,50000,1,1024,0.006031369284190342,0.0033968119644807865
1.1,42,50000,1,4096,0.0049158570678480154,0.0012148151088645883
1.1,42,200000,1,1,0.821825936890453,-0.0002631898927939118
1.1,42,200000,1,64,-0.000968557509774574,0.0003539250215460279
1.1,42,200000,1,1024,-0.0009600123265052593,-0.004303171302872756
1.1,42,200000,1,4096,-0.00267112340636173,-0.008759719485347582
1.1,42,1000000,1,1,0.822192262184491,-0.0004665371626346388
1.1,42,1000000,1,64,-0.0010789838848558992,0.0012680669352290528
1.1,42,1000000,1,1024,-0.0006160176269027499,-0.0009027222335035887
1.1,42,1000000,1,4096,0.002564465574261776,-0.0025269518640847178
1.1,42,50000,4,1,0.4568735173530912,-0.013060888896825315
1.1,42,50000,4,64,-0.0028635545928717447,-0.003578802311546653
1.1,42,50000,4,1024,-0.0024482259634801247,0.004078455087654048
1.1,42,50000,4,4096,0.004302022733551061,-0.004447104279186709
1.1,42,200000,4,1,0.45536508375707124,-0.003867302567423369
1.1,42,200000,4,64,0.0009455044475873594,0.0013026289077367145
1.1,42,200000,4,1024,-0.0024509650496867754,0.0008313812905486247
1.1,42,200000,4,4096,0.0010155242039353132,-0.004274985479162168
1.1,42,1000000,4,1,0.45636995580276923,-0.0017954344803904907
1.1,42,1000000,4,64,0.00014657720252968148,0.00025274342672173384
1.1,42,1000000,4,1024,-0.00017328547404449107,0.0007920056848106348
1.1,42,1000000,4,4096,0.0016541709443674338,0.0004455371650617713
1.1,43,50000,1,1,0.8221579953399101,-0.00019904471130430688
1.1,43,50000,1,64,0.01287889444247307,-0.002458912391636263
1.1,43,50000,1,1024,0.012666863002367471,-0.0053150185825124475
1.1,43,50000,1,4096,0.001970188496767611,-0.010733888506384338
1.1,43,200000,1,1,0.821766043094344,-0.0003060459603542052
1.1,43,200000,1,64,0.010775963482337166,0.0025815221656169786
1.1,43,200000,1,1024,0.0005690584528925411,0.000763550007242183
1.1,43,200000,1,4096,0.0020584831730709433,-0.001790187101296111
1.1,43,1000000,1,1,0.822432408709322,-4.550370151298921e-05
1.1,43,1000000,1,64,0.003917117141438875,-0.0003264672424011678
1.1,43,1000000,1,1024,-0.0010226610105871336,0.0034570222245028244
1.1,43,1000000,1,4096,-0.0009706724743850741,-0.002464040790630432
1.1,43,50000,4,1,0.4557799996004792,0.001612011615334118
1.1,43,50000,4,64,0.001439994470742027,0.002845914210001489
1.1,43,50000,4,1024,-0.0037231178754711367,0.0010112723502688934
1.1,43,50000,4,4096,0.003329539473098036,-0.00807665288040946
1.1,43,200000,4,1,0.45671246017565853,-0.001716679405484482
1.1,43,200000,4,64,-0.0018795058303255924,0.0022441867732764798
1.1,43,200000,4,1024,0.0036875274849393876,0.002666654224089796
1.1,43,200000,4,4096,0.0030100365094227117,-0.003378290880577377
1.1,43,1000000,4,1,0.45846298336100794,6.714521179343355e-05
1.1,43,1000000,4,64,-0.000530323779147415,0.0007328986259342798
1.1,43,1000000,4,1024,-0.0009154252152556259,0.000296417371240964
1.1,43,1000000,4,4096,0.00045168629766112386,-0.0013487308947943283
1.1,44,50000,1,1,0.8201379553682786,-0.0012048165600838285
1.1,44,50000,1,64,0.0036402528904203343,-4.868207031077965e-05
1.1,44,50000,1,1024,-0.0006489839919690837,0.013958990764142285
1.1,44,50000,1,4096,-0.0014731167848070251,0.0012622408802376087
1.1,44,200000,1,1,0.8207432533510709,-1.8638328154616795e-05
1.1,44,200000,1,64,0.0013478217664582527,0.003668675416742323
1.1,44,200000,1,1024,0.0005824506586365035,0.007736070559978592
1.1,44,200000,1,4096,0.002061587975281221,-0.0018714066349548944
1.1,44,1000000,1,1,0.8212011167617027,1.3720293767239737e-05
1.1,44,1000000,1,64,-0.0008751590484212412,0.0012330477706349484
1.1,44,1000000,1,1024,0.001485159776410278,0.0015932268658312677
1.1,44,1000000,1,4096,0.0016374880544892329,-0.0018244434469454286
1.1,44,50000,4,1,0.4521257453471598,-0.003944336282482089
1.1,44,50000,4,64,0.0021399420223836944,0.002115021134666341
1.1,44,50000,4,1024,-0.0003011568110137449,-0.0030538943803015937
1.1,44,50000,4,4096,-0.0026193795380219298,-4.6629462401465496e-05
1.1,44,200000,4,1,0.4519272736597627,0.0006426315732806734
1.1,44,200000,4,64,0.001699806992885103,-0.0004768203152914834
1.1,44,200000,4,1024,0.00043627798878002986,-0.0015496577840529698
1.1,44,200000,4,4096,-0.00022355489100182792,-0.0018684424032397533
1.1,44,1000000,4,1,0.45397204124193585,-0.00039606107201694407
1.1,44,1000000,4,64,2.978058392012531e-05,-0.0007008642783088457
1.1,44,1000000,4,1024,-0.0004162125328992703,-0.0005990695323604113
1.1,44,1000000,4,4096,-0.0002430953030191336,8.869814545452146e-05
1.1,45,50000,1,1,0.8195626557505716,-0.0009558672316151429
1.1,45,50000,1,64,-0.004176990091789469,0.007442216621824499
1.1,45,50000,1,1024,-0.016941344136539485,0.00530934921956425
1.1,45,50000,1,4096,0.0044560182054218175,-0.004871654028273948
1.1,45,200000,1,1,0.8207978725059101,-0.0006011987272636748
1.1,45,200000,1,64,-0.0029738205683355486,-0.004163153958314961
1.1,45,200000,1,1024,-0.0046381845144761605,0.0028294658574000344
1.1,45,200000,1,4096,0.0036660884888053357,-0.0009065095638970668
1.1,45,1000000,1,1,0.8213380684973787,0.00015331513106464458
1.1,45,1000000,1,64,-0.0015095101460388626,-0.0017059129817712491
1.1,45,1000000,1,1024,-0.0018556335196051965,-0.001342590906474817
1.1,45,1000000,1,4096,0.0013032062910518193,-0.00022619883050695113
1.1,45,50000,4,1,0.4499059707243787,0.0014483105868489457
1.1,45,50000,4,64,-0.0021679609192404403,-0.0028555762468869066
1.1,45,50000,4,1024,-0.0019316912029319203,0.0024179280570224833
1.1,45,50000,4,4096,0.010395789679694362,-0.008003588287031509
1.1,45,200000,4,1,0.452700875530705,-0.0008454139239292278
1.1,45,200000,4,64,0.0015703448962503595,-0.002265230829604023
1.1,45,200000,4,1024,0.002207752584053989,-0.0023000284886034077
1.1,45,200000,4,4096,0.002466690899832477,-0.0008852590528099361
1.1,45,1000000,4,1,0.4550070806741451,0.0014203257790988144
1.1,45,1000000,4,64,0.0003535764867074495,-0.0005836416653746155
1.1,45,1000000,4,1024,0.0007765605661285058,0.00018833887554160905
1.1,45,1000000,4,4096,0.0010756621964112833,-0.0006830915000118174
1.1,46,50000,1,1,0.8224078286672504,8.609664306972132e-05
1.1,46,50000,1,64,-0.005648307610870481,0.008764748211668887
1.1,46,50000,1,1024,-0.007429657147018984,0.010843481288653941
1.1,46,50000,1,4096,-0.005781190616981383,0.00131258867384091
1.1,46,200000,1,1,0.8229749013125506,-0.0002545563368230655
1.1,46,200000,1,64,0.00044582781871658475,0.003588136112273131
1.1,46,200000,1,1024,-0.007408157864763458,0.007203087922617928
1.1,46,200000,1,4096,-0.0005063016484710732,-0.0007427134918091344
1.1,46,1000000,1,1,0.82198059794938,-1.07236661381541e-05
1.1,46,1000000,1,64,-0.00029963233136712816,0.0022369416373063796
1.1,46,1000000,1,1024,0.0002309900836632139,6.603837155454572e-05
1.1,46,1000000,1,4096,-0.001568046459750783,-0.0021165298098590156
1.1,46,50000,4,1,0.4564437814264881,-0.0013582796837922236
1.1,46,50000,4,64,-0.0017144792580461464,0.005110312655310936
1.1,46,50000,4,1024,0.007787494194757987,-0.0003340135378450871
1.1,46,50000,4,4096,-0.002277433083535905,-0.0012488650062847679
1.1,46,200000,4,1,0.45964144570685167,-0.000568909134347235
1.1,46,200000,4,64,-0.0021431128600582837,0.00124152450901738
1.1,46,200000,4,1024,0.0023453576185871196,0.0004426982945289966
1.1,46,200000,4,4096,8.811625825964232e-05,6.451070092041394e-05
1.1,46,1000000,4,1,0.4564342732519018,0.0004972273380489256
1.1,46,1000000,4,64,0.0003265377128575804,0.001408907828645446
1.1,46,1000000,4,1024,-1.5425220217080047e-05,4.6394090789292754e-05
1.1,46,1000000,4,4096,0.0005087923301295897,-0.001089945272043852
1.1,47,50000,1,1,0.8226207085358955,-0.0025377592715865585
1.1,47,50000,1,64,0.013132654977305815,-0.003661134805551462
1.1,47,50000,1,1024,0.012215101103078812,-0.010110187080751263
1.1,47,50000,1,4096,-0.006140042904193425,0.01310101249628642
1.1,47,200000,1,1,0.8215347887056087,0.00019103184170573986
1.1,47,200000,1,64,0.005192733413226769,-9.150075860340865e-06
1.1,47,200000,1,1024,-0.00271238307488144,-0.004850046121386738
1.1,47,200000,1,4096,-0.00034137327908652625,-0.0037284573722061827
1.1,47,1000000,1,1,0.8220154773693756,-0.00017129783088897047
1.1,47,1000000,1,64,0.0006537482318362637,0.00042263532554144155
1.1,47,1000000,1,1024,-0.000913586511189302,1.924365780575855e-05
1.1,47,1000000,1,4096,-0.0022546060965336675,-0.0019390921631904647
1.1,47,50000,4,1,0.4568780097439833,-0.009303383685438257
1.1,47,50000,4,64,0.0069275605300640536,-0.006853203077334521
1.1,47,50000,4,1024,0.0008583875213165473,0.0022729236228246127
1.1,47,50000,4,4096,-0.006170841150524252,-0.0012471761149660575
1.1,47,200000,4,1,0.4544606487414941,0.0011309839008441216
1.1,47,200000,4,64,0.003176184826249476,-0.0024069095604681186
1.1,47,200000,4,1024,-0.002006334390773798,0.0004696407868561783
1.1,47,200000,4,4096,-0.0019434975741792725,-0.0029466109226609265
1.1,47,1000000,4,1,0.45666774931542664,-7.368513966437383e-05
1.1,47,1000000,4,64,0.00119526432093503,-0.00207371092412387
1.1,47,1000000,4,1024,-0.0003925686673536491,0.0012031721778586176
1.1,47,1000000,4,4096,-0.001286110627865554,-0.0005118407769589359
1.1,48,50000,1,1,0.8217975235949019,-0.0019574836905631643
1.1,48,50000,1,64,-0.0058382033696316405,-0.0005592342204599164
1.1,48,50000,1,1024,0.007603317905772247,-0.001436697158340738
1.1,48,50000,1,4096,0.00385640868867106,-0.003882333779664723
1.1,48,200000,1,1,0.8205084541411761,7.550587642048954e-05
1.1,48,200000,1,64,0.0009117754113135446,0.004084107007114093
1.1,48,200000,1,1024,0.0018382713278040123,-0.000351875321783423
1.1,48,200000,1,4096,0.002808151570415863,0.006025084941319144
1.1,48,1000000,1,1,0.8211953771266405,-0.00019659193983326295
1.1,48,1000000,1,64,0.00021375282454697846,-0.00022035819258876712
1.1,48,1000000,1,1024,-0.00015938392427610612,0.003488825972951965
1.1,48,1000000,1,4096,-0.0003285765125734939,0.0015264468280522456
1.1,48,50000,4,1,0.45697948849868214,-0.008337600811329041
1.1,48,50000,4,64,0.0008325353954111064,-0.0006931083942174228
1.1,48,50000,4,1024,0.0014114922789372549,0.0016559497250627773
1.1,48,50000,4,4096,-0.0005362949859813155,0.006063128127160056
1.1,48,200000,4,1,0.452138141257493,0.0003907715885783263
1.1,48,200000,4,64,0.0018370734639563584,-0.0011550123529951793
1.1,48,200000,4,1024,0.00255116851025141,0.001834601906215687
1.1,48,200000,4,4096,0.0018957904281284473,0.003055197742334166
1.1,48,1000000,4,1,0.45466461555051785,0.00018140430977602143
1.1,48,1000000,4,64,0.0012239575244952666,-8.706815053471839e-06
1.1,48,1000000,4,1024,0.00015894138909796282,-0.00012481367595046098
1.1,48,1000000,4,4096,0.0013064205628979355,0.0006804687749329848
1.1,49,50000,1,1,0.8228968231373089,0.00026442440801290176
1.1,49,50000,1,64,0.009977788740130342,0.0022502922675839004
1.1,49,50000,1,1024,-0.010250726196222588,-0.006874621561759411
1.1,49,50000,1,4096,-0.010213934118306161,-0.0014353244295424823
1.1,49,200000,1,1,0.8206960327713771,0.00023561355734761462
1.1,49,200000,1,64,0.0007861370141109401,0.006275790024371716
1.1,49,200000,1,1024,-0.0002942716271743311,-0.001551519861059164
1.1,49,200000,1,4096,-0.0007881863368651792,-0.0008331106534818563
1.1,49,1000000,1,1,0.8220108749462091,-0.00021498895913927592
1.1,49,1000000,1,64,-0.00120816369041657,0.002137201895821781
1.1,49,1000000,1,1024,-0.00129811986482975,-0.0007578321015681965
1.1,49,1000000,1,4096,-0.0007831843632075054,-0.000584590890832766
1.1,49,50000,4,1,0.46146631862720966,0.0029011487416848564
1.1,49,50000,4,64,-0.0019175224317647679,0.004436528631282651
1.1,49,50000,4,1024,-0.002755173198468649,0.0026520370230139526
1.1,49,50000,4,4096,0.0027430160025719713,-0.0063934180634478074
1.1,49,200000,4,1,0.4531404811383383,-0.0010588864990639752
1.1,49,200000,4,64,0.00052899553072377,0.003059680456691858
1.1,49,200000,4,1024,0.0009481871502376726,0.00023770489278628748
1.1,49,200000,4,4096,-0.0013143014593282496,-0.0027529389115372557
1.1,49,1000000,4,1,0.45770195369080424,8.990308827207122e-05
1.1,49,1000000,4,64,0.0001445367363516569,0.0010371796725616856
1.1,49,1000000,4,1024,0.0003032630403720722,0.0002198138987365924
1.1,49,1000000,4,4096,-0.0008161324294865795,-0.0007553933198215802
1.1,50,50000,1,1,0.8225633922326476,-0.0017213926029589013
1.1,50,50000,1,64,-0.005415197853656899,0.003611698611953775
1.1,50,50000,1,1024,-0.004588893462657833,0.009244930001164624
1.1,50,50000,1,4096,0.004028267757438544,0.014798281481246331
1.1,50,200000,1,1,0.822629480850533,-0.00018240729907979385
1.1,50,200000,1,64,0.001002065322216558,0.004987268190802151
1.1,50,200000,1,1024,0.001509573055826613,0.003832442906369188
1.1,50,200000,1,4096,0.006166613257032378,0.008225337298332348
1.1,50,1000000,1,1,0.8219694162749104,0.00027071176899037396
1.1,50,1000000,1,64,0.0015011966152467006,0.00019876411888847332
1.1,50,1000000,1,1024,0.0029419981994202294,0.001415409858974871
1.1,50,1000000,1,4096,-0.000434637696127978,0.002098492194707832
1.1,50,50000,4,1,0.45575014243842077,0.0024226751758409447
1.1,50,50000,4,64,-0.004268606033275553,0.0014733569731863795
1.1,50,50000,4,1024,0.004924286740593172,0.0026431749967863946
1.1,50,50000,4,4096,0.0019350544199505714,0.003285553093112421
1.1,50,200000,4,1,0.4569344028845339,0.00153744181278848
1.1,50,200000,4,64,0.0004713107256895026,0.0032721262812658667
1.1,50,200000,4,1024,-7.191861864764351e-05,0.0011827997728075044
1.1,50,200000,4,4096,0.005313032243525122,0.0007579129079107303
1.1,50,1000000,4,1,0.4564333679577439,0.0011432901680158104
1.1,50,1000000,4,64,0.0008725887038327253,0.0007556807157142081
1.1,50,1000000,4,1024,0.0010804377593711422,0.0013714086052658853
1.1,50,1000000,4,4096,0.001533342481014226,-0.0015370333086353158
1.1,51,50000,1,1,0.8237329025533991,0.00022093887145535878
1.1,51,50000,1,64,0.001721688000603311,-0.0019300796156229887
1.1,51,50000,1,1024,0.004755670850759666,-0.0009249100198383123
1.1,51,50000,1,4096,0.004673571807399252,-0.007516916473565511
1.1,51,200000,1,1,0.8225569713159494,0.0016762414897484666
1.1,51,200000,1,64,0.0021478059494320413,0.0017201240988630815
1.1,51,200000,1,1024,0.0023450148481027936,2.3201092247135163e-05
1.1,51,200000,1,4096,0.0018055680081538559,-0.0017048442052870986
1.1,51,1000000,1,1,0.8216296905647955,0.00045805739519985623
1.1,51,1000000,1,64,-0.00014712632081443527,-0.0009164687046287614
1.1,51,1000000,1,1024,-0.0006470986084011518,-0.0015223790997286914
1.1,51,1000000,1,4096,0.0013570666406688798,0.0014104986429398514
1.1,51,50000,4,1,0.46444444059920553,-0.0030054795683889055
1.1,51,50000,4,64,0.0005451013056699505,0.004018188794206474
1.1,51,50000,4,1024,0.005065742766727797,0.004387605923244983
1.1,51,50000,4,4096,0.007229426818399815,-0.003486878285365222
1.1,51,200000,4,1,0.4596711385928209,0.0036648421696975396
1.1,51,200000,4,64,-0.0011284540294924804,0.001347832397541193
1.1,51,200000,4,1024,0.0016279259325998946,0.000983413485523379
1.1,51,200000,4,4096,0.00045921633151616297,-0.0028323092348771207
1.1,51,1000000,4,1,0.4554365989076719,0.0007943034680024777
1.1,51,1000000,4,64,0.00033498730754932777,-0.0001481583862880011
1.1,51,1000000,4,1024,0.0014537864335056288,0.0002703697301550949
1.1,51,1000000,4,4096,-0.0004950118822714294,0.00033053597999086983
1.1,52,50000,1,1,0.8187524166003571,0.0028790546454940877
1.1,52,50000,1,64,-0.0003609041797667376,-0.001766957657262856
1.1,52,50000,1,1024,0.003944963666516897,3.0932690884825276e-05
1.1,52,50000,1,4096,-0.008602099067229352,0.004113687769977646
1.1,52,200000,1,1,0.8211482862351676,-0.00010129490156409397
1.1,52,200000,1,64,-0.00046903421183153984,0.003615553119838412
1.1,52,200000,1,1024,0.006356755433432994,0.004021341850111611
1.1,52,200000,1,4096,0.0015417994599673504,0.0007170646981580675
1.1,52,1000000,1,1,0.8220686861624192,0.0005512427740835838
1.1,52,1000000,1,64,0.0015729385528211424,0.003673612216295104
1.1,52,1000000,1,1024,0.0015901994427909665,6.994597431902338e-05
1.1,52,1000000,1,4096,0.0014326548965334345,-0.0007161302897393865
1.1,52,50000,4,1,0.44533606164191936,0.007299480932322231
1.1,52,50000,4,64,-0.0012584040481343512,-0.0012993584804934012
1.1,52,50000,4,1024,0.006545484595126024,0.0001724114748455546
1.1,52,50000,4,4096,0.00971596902681415,-0.0009807451832644113
1.1,52,200000,4,1,0.4546731951596073,-0.0010153369007195017
1.1,52,200000,4,64,-0.001584610527032178,-0.0010559001289532806
1.1,52,200000,4,1024,0.002287768678928036,0.0027136031296193302
1.1,52,200000,4,4096,0.001429742120762224,0.0014051298218817692
1.1,52,1000000,4,1,0.45678969321013313,0.0012319113256404216
1.1,52,1000000,4,64,0.00037757949813548545,-0.0004398836324725995
1.1,52,1000000,4,1024,0.0009299879386060425,-0.0007810227317480059
1.1,52,1000000,4,4096,0.0009136783326769639,3.7829985614525074e-05
1.1,53,50000,1,1,0.8207273711474588,0.0032515176255533546
1.1,53,50000,1,64,0.0049855807121241425,-0.001261497532084673
1.1,53,50000,1,1024,0.0009600549805338781,0.002559475716120687
1.1,53,50000,1,4096,-0.0036584050752195814,-0.011092732074440465
1.1,53,200000,1,1,0.8213332248507815,-9.243266244515765e-05
1.1,53,200000,1,64,0.00046745833341951825,-0.0016433179701002539
1.1,53,200000,1,1024,0.0019107816030604929,-0.0013289390148905017
1.1,53,200000,1,4096,0.002013894592008121,0.0021545498982809682
1.1,53,1000000,1,1,0.8218318862681704,0.00037078756655871024
1.1,53,1000000,1,64,-0.000770921409441366,0.00233716906095587
1.1,53,1000000,1,1024,-0.0019787961860541717,-0.0012975129605617697
1.1,53,1000000,1,4096,2.427236422210154e-06,0.00317442856266904
1.1,53,50000,4,1,0.4504275310101507,0.010705818897902949
1.1,53,50000,4,64,0.008240979840576179,0.004652599619421168
1.1,53,50000,4,1024,-0.009529547534822927,-0.0031571295366586444
1.1,53,50000,4,4096,0.003818472726002261,0.004657708804477642
1.1,53,200000,4,1,0.45442798809707585,0.0001000185011521098
1.1,53,200000,4,64,0.00264873994897349,0.0019960668255923305
1.1,53,200000,4,1024,-0.0019644294320894195,0.0002617748078858256
1.1,53,200000,4,4096,0.0006977799628762104,0.0011706160256274066
1.1,53,1000000,4,1,0.45613232453136165,0.0018844167767729557
1.1,53,1000000,4,64,0.0003710936526584737,0.0009201776630757079
1.1,53,1000000,4,1024,0.0002004457372327914,0.00017704440332076327
1.1,53,1000000,4,4096,-0.000202508954992592,0.0006376466457496477
1.1,54,50000,1,1,0.8211089204759948,-0.000755879031604566
1.1,54,50000,1,64,0.008633245856168861,0.0024645175027125663
1.1,54,50000,1,1024,0.000276504578825751,-0.004619673449324313
1.1,54,50000,1,4096,-0.005831378923074369,-0.006374281598832651
1.1,54,200000,1,1,0.821046699503248,0.0011455727631839389
1.1,54,200000,1,64,0.005157290443645728,-4.771274831541917e-05
1.1,54,200000,1,1024,-0.0039599121155063895,-0.006938985167999805
1.1,54,200000,1,4096,-0.003732822228615175,-0.0012549128578732457
1.1,54,1000000,1,1,0.8216290969169207,-8.312241578930547e-05
1.1,54,1000000,1,64,0.003407126719438369,-0.0005356180547776753
1.1,54,1000000,1,1024,-0.0017391959014394374,-0.001939250662021069
1.1,54,1000000,1,4096,-0.001477948249474065,-0.002982888051457541
1.1,54,50000,4,1,0.4555611480481398,-0.005894915494560948
1.1,54,50000,4,64,-0.0028173988185235077,0.0005498066052720156
1.1,54,50000,4,1024,-0.008022677841413006,-0.0033257947150035
1.1,54,50000,4,4096,-0.0007299055369449456,0.005864960376451182
1.1,54,200000,4,1,0.45569535556831453,0.004000541311698155
1.1,54,200000,4,64,0.0002769074625927483,0.0006016833798602549
1.1,54,200000,4,1024,-0.003718037839779581,-0.0004042634785663567
1.1,54,200000,4,4096,0.000853177916800005,0.0011039426657205034
1.1,54,1000000,4,1,0.4567900296228645,-4.829450799879803e-05
1.1,54,1000000,4,64,0.001007796443050264,-3.465604180608066e-05
1.1,54,1000000,4,1024,-0.0007737307912927903,-0.0007306363556800555
1.1,54,1000000,4,4096,-0.00046864136207934795,0.001663335961026831
1.1,55,50000,1,1,0.8227403478494679,-0.001822809844581111
1.1,55,50000,1,64,-0.0037327027622676193,0.0015499917025975033
1.1,55,50000,1,1024,-0.008489551221557486,0.0019885840170334756
1.1,55,50000,1,4096,-0.00849570556940454,0.004928043880003475
1.1,55,200000,1,1,0.8216488656119671,-0.0010875405051413063
1.1,55,200000,1,64,-0.003847223035915295,-0.0012736653282378154
1.1,55,200000,1,1024,0.0020594464779519817,0.0007226509206695014
1.1,55,200000,1,4096,0.0033086974988949525,-0.00034228599578787816
1.1,55,1000000,1,1,0.8217750785815701,-0.00038907830986861336
1.1,55,1000000,1,64,-0.003475947834455514,0.0012045354178755352
1.1,55,1000000,1,1024,0.0011725344656517628,-0.0015654800453641844
1.1,55,1000000,1,4096,0.0005558665432327343,0.0011234786947431085
1.1,55,50000,4,1,0.45665779424548186,-0.005578126382046499
1.1,55,50000,4,64,-0.00017999166110166704,0.007095063661156583
1.1,55,50000,4,1024,0.0021520999150642754,-0.001795873763720704
1.1,55,50000,4,4096,0.005310797954170431,-0.0032485679307836086
1.1,55,200000,4,1,0.4538059846683356,-0.003478075870293528
1.1,55,200000,4,64,-0.0004386483357885676,-0.0007023865757819059
1.1,55,200000,4,1024,0.0008024731306467113,-0.0021975780425211233
1.1,55,200000,4,4096,0.0033641086043096936,-0.00013758051885009518
1.1,55,1000000,4,1,0.4553982313970514,-0.0008413175988679653
1.1,55,1000000,4,64,0.0007473605770009324,-0.0010532769245490859
1.1,55,1000000,4,1024,-0.00012482442721890164,-0.0013622144425400715
1.1,55,1000000,4,4096,0.0003381454995956256,7.019145077948016e-06
1.1,56,50000,1,1,0.8200505185667786,0.0006692468345735874
1.1,56,50000,1,64,-0.005330611466706738,-0.003630067560027186
1.1,56,50000,1,1024,-0.0011587183275160104,0.00323184349279231
1.1,56,50000,1,4096,-0.0008492282381408651,0.010889499591422356
1.1,56,200000,1,1,0.8217737162655117,-0.0001264841108280675
1.1,56,200000,1,64,0.0018645045933885845,-0.005306734890598195
1.1,56,200000,1,1024,-0.0030161846462870923,-0.0002698238820604971
1.1,56,200000,1,4096,0.0009923618906103177,0.003759075637463054
1.1,56,1000000,1,1,0.821958833391303,-0.00017406636306000796
1.1,56,1000000,1,64,0.0016177173289307447,-0.0006468396297508223
1.1,56,1000000,1,1024,-0.00219712894709331,0.0007188914144225437
1.1,56,1000000,1,4096,-0.0010570612085315898,0.0024496284782939376
1.1,56,50000,4,1,0.45026522825716175,0.00019754926178721055
1.1,56,50000,4,64,0.0004887718360631547,0.007304982947246231
1.1,56,50000,4,1024,-0.00821613816465845,-0.0012233550389406705
1.1,56,50000,4,4096,0.000751511514353165,0.0012550699634112272
1.1,56,200000,4,1,0.4549948290009477,-0.0018532318826327183
1.1,56,200000,4,64,0.0010835606237918573,0.00033886672929705727
1.1,56,200000,4,1024,-0.002102043934966899,-0.002257723404602267
1.1,56,200000,4,4096,0.0017643461026622443,0.0004685847889437752
1.1,56,1000000,4,1,0.4563383302521066,-0.0002598782202027956
1.1,56,1000000,4,64,0.0009131487763245727,-0.0005333837332588099
1.1,56,1000000,4,1024,-0.0013377385798175152,0.00022299505308503984
1.1,56,1000000,4,4096,0.0002776135026886281,0.0010168903905128687
1.1,57,50000,1,1,0.8198127373599584,-0.0046186107328313
1.1,57,50000,1,64,0.00012484209417082664,-0.0006213597340839209
1.1,57,50000,1,1024,0.0024611252192446903,0.010023108228971954
1.1,57,50000,1,4096,0.0019451039399881356,0.002065191682736888
1.1,57,200000,1,1,0.821766422768868,-0.001430535709144116
1.1,57,200000,1,64,-0.0015707460667099284,-0.004018359899232817
1.1,57,200000,1,1024,-0.0014825764579884922,-0.000606369881217973
1.1,57,200000,1,4096,-0.0026306015749289332,0.00027439527621752187
1.1,57,1000000,1,1,0.8217365868019977,-0.0005461902618386933
1.1,57,1000000,1,64,0.00010147815320810253,-0.000232651951315955
1.1,57,1000000,1,1024,0.0007924254459537964,0.0006850190292999093
1.1,57,1000000,1,4096,0.0006415274641760865,-0.00031955390990899996
1.1,57,50000,4,1,0.4466654249163852,-0.01757957653026399
1.1,57,50000,4,64,0.0043231973391580384,-0.0022163945986807456
1.1,57,50000,4,1024,0.0016916665762338736,-0.0017364204653733284
1.1,57,50000,4,4096,0.007823718089813761,0.005190776159254329
1.1,57,200000,4,1,0.45399233628380203,-0.005377544580293511
1.1,57,200000,4,64,0.003595205710984378,-0.0004571112046704372
1.1,57,200000,4,1024,-4.75353487304247e-05,-0.0036207843419808114
1.1,57,200000,4,4096,0.0006281927995659205,0.0006577724033033477
1.1,57,1000000,4,1,0.45607864267206355,-0.002096428173963971
1.1,57,1000000,4,64,0.0006491463593520928,0.00018550143865680153
1.1,57,1000000,4,1024,0.0018561786242571265,-0.0010374128603890048
1.1,57,1000000,4,4096,-3.018796433671498e-05,0.0003224286364573003
1.1,58,50000,1,1,0.8191781027733538,-0.0002210287613225333
1.1,58,50000,1,64,0.010871601919383918,-0.00247791750381281
1.1,58,50000,1,1024,-0.005608877539678969,-0.003854349496506598
1.1,58,50000,1,4096,0.011318594433865972,-0.011969033133896353
1.1,58,200000,1,1,0.8216601028496509,-0.0008277166509032153
1.1,58,200000,1,64,0.0017150622434443537,0.003743585639890075
1.1,58,200000,1,1024,1.3182225944530487e-05,-0.0011023278046823752
1.1,58,200000,1,4096,0.0008451043777106081,-0.003051879933097195
1.1,58,1000000,1,1,0.8218094799075629,5.7440485487056385e-05
1.1,58,1000000,1,64,0.0014332285877117071,-0.0023914327560664904
1.1,58,1000000,1,1024,0.0002090497358756557,0.0023134347064221747
1.1,58,1000000,1,4096,-0.002546657376028431,0.00043616876441679355
1.1,58,50000,4,1,0.4417436580300724,-0.0015743899860988103
1.1,58,50000,4,64,0.003027974846984207,0.004040529689644945
1.1,58,50000,4,1024,-0.0008293644348091054,0.004789607346189667
1.1,58,50000,4,4096,0.0027573637902124685,0.0017881977890185053
1.1,58,200000,4,1,0.45251425468866724,-0.004332685339623185
1.1,58,200000,4,64,0.0019202884566410009,-0.0005441685355527763
1.1,58,200000,4,1024,0.0004599889699182562,0.0034901269040164854
1.1,58,200000,4,4096,0.00031592979305034035,0.001275529148033131
1.1,58,1000000,4,1,0.45611302316901176,0.00028137292254450336
1.1,58,1000000,4,64,0.0004639082296625079,0.0002670739862105503
1.1,58,1000000,4,1024,-0.0005285090149199336,0.002138770636969264
1.1,58,1000000,4,4096,-0.0010326212979543386,-0.0004315108368441734
1.1,59,50000,1,1,0.8233366535310218,-0.001487339584065855
1.1,59,50000,1,64,-0.013078112413680718,-0.0016294290345432953
1.1,59,50000,1,1024,-0.0007418067976004471,-0.005459791910037523
1.1,59,50000,1,4096,0.008688996122662166,-0.0032377288682133194
1.1,59,200000,1,1,0.8229955843630187,0.0008912734439936665
1.1,59,200000,1,64,-0.004232922693322226,0.004715292183764059
1.1,59,200000,1,1024,0.00038365482880104454,-0.00010011690562614564
1.1,59,200000,1,4096,0.001696989013087563,-0.003795240419290289
1.1,59,1000000,1,1,0.8215021783495505,0.00029053449686824496
1.1,59,1000000,1,64,-0.0017136111497384563,0.001440588759168315
1.1,59,1000000,1,1024,0.002068851169977325,0.0037073114771089995
1.1,59,1000000,1,4096,-0.0005972963632035037,-0.0014298632173366185
1.1,59,50000,4,1,0.4593195572816292,-0.00485472628647225
1.1,59,50000,4,64,-0.00189617220829335,-0.0020470567969603625
1.1,59,50000,4,1024,-0.003544635990050797,0.002729158180264492
1.1,59,50000,4,4096,-0.002096760709350406,0.0003093146209968924
1.1,59,200000,4,1,0.45859707828423774,0.00393695126790766
1.1,59,200000,4,64,0.0003468062793640189,0.00015408956924027468
1.1,59,200000,4,1024,-0.0025193641844620737,-0.002909551303553149
1.1,59,200000,4,4096,0.002769698456453324,0.0010601245812091261
1.1,59,1000000,4,1,0.4548620046230156,0.0004947782434779846
1.1,59,1000000,4,64,0.0010752268172320048,0.0015698003091443972
1.1,59,1000000,4,1024,-0.0005437279333754318,3.958237873907642e-05
1.1,59,1000000,4,4096,0.0013699817494791913,-0.0008394899526950099
1.1,60,50000,1,1,0.8238506887900905,0.0018367362635245616
1.1,60,50000,1,64,-0.007757556387117503,0.008087228271058611
1.1,60,50000,1,1024,0.0009390286954280012,-0.002682608650955928
1.1,60,50000,1,4096,0.0036264890147516184,-0.010796143447229036
1.1,60,200000,1,1,0.8221219869579819,0.0005624254923627355
1.1,60,200000,1,64,-0.004786450062893496,-0.0008320960782364535
1.1,60,200000,1,1024,0.0026674681783252787,-0.0008344815353804791
1.1,60,200000,1,4096,0.0027114572451667307,-0.006098852783178484
1.1,60,1000000,1,1,0.8223795245639257,-0.00035241234072981814
1.1,60,1000000,1,64,-2.3852848271925638e-05,-0.0017566129675181713
1.1,60,1000000,1,1024,-0.00023332649679427814,0.0005360400202572987
1.1,60,1000000,1,4096,0.00036617652376858223,-0.0012996020282060581
1.1,60,50000,4,1,0.4615607226504927,0.007503397518309748
1.1,60,50000,4,64,0.0021554550781240365,-0.0004622188131344078
1.1,60,50000,4,1024,-0.0051257864945547064,-0.004814869640319326
1.1,60,50000,4,4096,0.0032406562541713777,-0.0018648107991633348
1.1,60,200000,4,1,0.45615470587815,0.0022281222896552307
1.1,60,200000,4,64,0.0007537794507269312,0.002197609187609107
1.1,60,200000,4,1024,-0.0031097646969916667,-0.003946067172784003
1.1,60,200000,4,4096,3.819750217765599e-05,-0.001168153162410339
1.1,60,1000000,4,1,0.4582063487571084,-0.00118766274955559
1.1,60,1000000,4,64,0.0002853535069688882,0.0003165073044880703
1.1,60,1000000,4,1024,-0.00039036299801028363,-0.0006307994516393702
1.1,60,1000000,4,4096,0.001045038722411535,-0.00017981033706799315
1.1,61,50000,1,1,0.8198653437876815,0.0008200697129469701
1.1,61,50000,1,64,0.0067740833666423425,-0.007753320644359796
1.1,61,50000,1,1024,-0.005752161649357023,0.0051947009734871685
1.1,61,50000,1,4096,-0.009778724191336791,0.012826985779398168
1.1,61,200000,1,1,0.8217715554036215,-0.00025516383063558395
1.1,61,200000,1,64,0.0031490687970979346,-0.004032826934548815
1.1,61,200000,1,1024,-0.0005559392679988453,0.002789354523573876
1.1,61,200000,1,4096,-0.0011774541024917949,0.002950646600918525
1.1,61,1000000,1,1,0.8218018376555999,-0.0010148042784678278
1.1,61,1000000,1,64,0.0020498828385235686,-0.001419575851899733
1.1,61,1000000,1,1024,0.00011721206825850326,0.0003220669985741605
1.1,61,1000000,1,4096,-0.000692094039869664,0.0015519472826475871
1.1,61,50000,4,1,0.4496202497595482,0.006888542534918848
1.1,61,50000,4,64,0.002554348018063226,0.0018977906152261854
1.1,61,50000,4,1024,0.00440389856590203,0.0005231695645377711
1.1,61,50000,4,4096,-0.0002702982084300892,-0.008443038068000485
1.1,61,200000,4,1,0.45693235751643496,-0.00038631010628719357
1.1,61,200000,4,64,-0.0014381428753584354,-0.0014725161294886619
1.1,61,200000,4,1024,0.0003372571721077194,0.0019012276948504082
1.1,61,200000,4,4096,0.00012527491685688504,-0.004664447166125356
1.1,61,1000000,4,1,0.45688906689893904,-0.00323017544809348
1.1,61,1000000,4,64,-0.001091377652438108,-0.0014969244161896784
1.1,61,1000000,4,1024,0.0013858742394071773,0.0009121166744448061
1.1,61,1000000,4,4096,-0.0013100116914299472,-0.0018972208396456837
1.1,62,50000,1,1,0.8210270164978652,-0.0002802269759076763
1.1,62,50000,1,64,0.004168912914601339,-0.010411627415760641
1.1,62,50000,1,1024,-0.00587157077545199,0.0030767705004277894
1.1,62,50000,1,4096,-0.0014883066742199566,0.0005371835362747377
1.1,62,200000,1,1,0.8220868769220983,0.0009287299336010902
1.1,62,200000,1,64,-0.001101535597069082,-0.0010756586724749734
1.1,62,200000,1,1024,-0.0012820253042408593,-0.00053703580340246
1.1,62,200000,1,4096,-0.0029085620007989416,0.0010228962371716759
1.1,62,1000000,1,1,0.8218777854637497,7.60598505075961e-05
1.1,62,1000000,1,64,0.0006898829355708661,0.0004626217989030215
1.1,62,1000000,1,1024,0.0007835211509307502,-0.0014958381021730883
1.1,62,1000000,1,4096,-0.0009221066355797663,0.0019039680276451427
1.1,62,50000,4,1,0.45516730033132174,-0.00036727665491316416
1.1,62,50000,4,64,0.0004260454200948758,-0.001358016955027222
1.1,62,50000,4,1024,0.0026391885935794753,-0.0032092865806402915
1.1,62,50000,4,4096,0.0022917451612694617,-0.0027807714857095676
1.1,62,200000,4,1,0.4569594411946846,0.0027811767334225534
1.1,62,200000,4,64,1.53384889234829e-05,0.000468911267080159
1.1,62,200000,4,1024,0.0005341739183172482,-0.001225511733992807
1.1,62,200000,4,4096,-0.0009906533642785554,-0.00104499366078894
1.1,62,1000000,4,1,0.45623063047934803,-0.000645380051114629
1.1,62,1000000,4,64,-5.38475551234535e-05,0.0007168740989175886
1.1,62,1000000,4,1024,-0.0006983648046646102,-0.000417208102911946
1.1,62,1000000,4,4096,0.0007563865910613671,-0.00011850187120220923
1.1,63,50000,1,1,0.8186694790796227,-0.002268419107208625
1.1,63,50000,1,64,-0.005280563797404896,0.002586158643710669
1.1,63,50000,1,1024,-0.005540670421185721,-0.0033255413200274056
1.1,63,50000,1,4096,0.004103800263717197,0.0021405776425193253
1.1,63,200000,1,1,0.8220834542679384,-0.0005903139978629632
1.1,63,200000,1,64,-0.0026906653572802645,-0.0011139167908567008
1.1,63,200000,1,1024,-0.0031083589444118134,0.006627359300622782
1.1,63,200000,1,4096,0.003178503227391561,0.005803570054071256
1.1,63,1000000,1,1,0.8214372802370452,-0.00017773013699098452
1.1,63,1000000,1,64,-0.0007362577303568073,0.0017168138838660426
1.1,63,1000000,1,1024,-0.0013966135674712496,0.00032210639257205154
1.1,63,1000000,1,4096,0.0012704162881783535,0.0007219615427904928
1.1,63,50000,4,1,0.4433299342864694,-0.004399465693712977
1.1,63,50000,4,64,-0.0007640411529797821,-0.00025097109852993855
1.1,63,50000,4,1024,0.0043248982564609555,0.0025373358672068367
1.1,63,50000,4,4096,-0.0035317803376349443,0.004415031688985576
1.1,63,200000,4,1,0.4568963598637838,-0.0007238508690105442
1.1,63,200000,4,64,-0.0011761755166022157,0.0009852123039507884
1.1,63,200000,4,1024,0.002326664060358044,0.001858404896428825
1.1,63,200000,4,4096,0.00020842078030466676,0.004622059572597397
1.1,63,1000000,4,1,0.4552009023738579,0.00011977547133484016
1.1,63,1000000,4,64,0.0006595760077987908,0.0011173647597836796
1.1,63,1000000,4,1024,0.0010667742185288972,-0.0012233345562046463
1.1,63,1000000,4,4096,-0.0005589489680380014,0.002180232357295955
2.0,0,50000,1,1,0.16591382579083067,-0.0017449120827032474
2.0,0,50000,1,64,-0.00045217703416593105,0.0033468458702667343
2.0,0,50000,1,1024,0.0004534277856543193,0.004984429248216952
2.0,0,50000,1,4096,-0.006747161449402361,-0.0013056732908816335
2.0,0,200000,1,1,0.16782848238727407,0.0007557372151751277
2.0,0,200000,1,64,0.00030910507410893465,-0.00039163105987158065
2.0,0,200000,1,1024,-0.0016731784043553415,0.002448506273276875
2.0,0,200000,1,4096,0.0005017099489932524,0.00012220232594045848
2.0,0,1000000,1,1,0.16543511285198192,0.0018556945856625423
2.0,0,1000000,1,64,-0.000444643617165621,0.0004254196926394416
2.0,0,1000000,1,1024,0.00012093281235917152,-0.0004450397523350368
2.0,0,1000000,1,4096,0.0005343793272818839,0.00029010023460542477
2.0,0,50000,4,1,-0.0013822775519563713,-0.005159437127006455
2.0,0,50000,4,64,0.0010542266921586495,-0.0003802637707399644
2.0,0,50000,4,1024,0.000831659073635665,0.0025002731108187356
2.0,0,50000,4,4096,0.0013258109854033474,-0.00026508324670390806
2.0,0,200000,4,1,0.00029140763652052296,-0.001035210849426411
2.0,0,200000,4,64,-0.00010347700708382139,-0.0015268791969923012
2.0,0,200000,4,1024,0.0013768169651739784,0.002152706157954744
2.0,0,200000,4,4096,-0.0003223298722905885,0.00019530112616771556
2.0,0,1000000,4,1,-3.5138612271533944e-05,0.0015793235455283505
2.0,0,1000000,4,64,0.0009165248380768357,8.83650812379213e-05
2.0,0,1000000,4,1024,0.00038234160763561805,-0.0014860035407237076
2.0,0,1000000,4,4096,-0.0014678547290455266,0.00032945964585868575
2.0,1,50000,1,1,0.17018120674672685,-0.0016599331843011795
2.0,1,50000,1,64,0.0036558853235349456,3.816517121351686e-06
2.0,1,50000,1,1024,-0.0016858050554601643,-4.2116358602418086e-05
2.0,1,50000,1,4096,-0.0038320294345951774,0.0015971925364679689
2.0,1,200000,1,1,0.1672316554241738,-0.0004732065554925485
2.0,1,200000,1,64,0.0011618069635160545,-0.00034720751790030547
2.0,1,200000,1,1024,0.0015921234317628325,0.0014217560342952677
2.0,1,200000,1,4096,0.0005650808157856919,-0.0012532079069360119
2.0,1,1000000,1,1,0.16546252159880812,0.0005612205706281826
2.0,1,1000000,1,64,-0.0009013590243442648,-0.001258016565277282
2.0,1,1000000,1,1024,-0.0001763626272451561,-9.037487514781572e-05
2.0,1,1000000,1,4096,0.001219229885912254,0.00036513694463449016
2.0,1,50000,4,1,0.001325186601446816,0.0024565378366427177
2.0,1,50000,4,64,-0.002967291622106941,-0.002537007225581823
2.0,1,50000,4,1024,-0.0006526847145173102,-0.0022881923690902463
2.0,1,50000,4,4096,0.000576810809010374,-0.0012718669092570759
2.0,1,200000,4,1,-0.0002445979332090394,-0.0012107170931317367
2.0,1,200000,4,64,-8.12261167021838e-05,0.0005518034770967771
2.0,1,200000,4,1024,0.001945740713739194,0.0007647278190583564
2.0,1,200000,4,4096,0.0024414837275395377,-0.001854175038753107
2.0,1,1000000,4,1,0.0005373491899735765,-0.00010638297999786563
2.0,1,1000000,4,64,-0.0008557499819135173,-0.0001249063800849432
2.0,1,1000000,4,1024,0.0017065405777097228,0.0008149581350038478
2.0,1,1000000,4,4096,0.00045278491953900063,-0.0007490347159208262
2.0,2,50000,1,1,0.17203411023082021,0.0022921473654395046
2.0,2,50000,1,64,0.002197526194018257,0.0008996992759330953
2.0,2,50000,1,1024,0.002914145105570998,-0.002049844864737396
2.0,2,50000,1,4096,0.0007766280678189782,0.0012330079576612493
2.0,2,200000,1,1,0.16776994150526464,-0.0007185980823921419
2.0,2,200000,1,64,-0.002812607531416296,-0.0014652264665038787
2.0,2,200000,1,1024,0.001367708837459783,0.0008890402631276499
2.0,2,200000,1,4096,-0.001565252568111949,4.976915521671843e-05
2.0,2,1000000,1,1,0.165385610556015,-0.00019170147879322432
2.0,2,1000000,1,64,-0.0012904500455422348,-0.00046185551307260133
2.0,2,1000000,1,1024,0.0010812639005475394,-0.0003677310794549654
2.0,2,1000000,1,4096,-0.0009270899913868268,0.001385905609977359
2.0,2,50000,4,1,0.008648115101572429,0.001866230937824032
2.0,2,50000,4,64,-0.002106443838259209,0.0014091450393354625
2.0,2,50000,4,1024,-0.004531619576213556,-0.0003086907792100109
2.0,2,50000,4,4096,0.0014265521982834877,-0.003626286778718654
2.0,2,200000,4,1,0.0021308925941434242,7.969388196920309e-05
2.0,2,200000,4,64,-6.296229720587581e-05,0.0005775025083392255
2.0,2,200000,4,1024,-0.00031598661626751145,-0.0016751339056766735
2.0,2,200000,4,4096,-9.885605684624945e-05,-0.001523096160707615
2.0,2,1000000,4,1,0.0013839240243052051,-0.0003748408462659277
2.0,2,1000000,4,64,-0.0010414263048862107,-0.00019552263450037016
2.0,2,1000000,4,1024,-0.0002744715640257644,-0.001268578550120488
2.0,2,1000000,4,4096,-0.0014574908650366186,0.0004995578406198603
2.0,3,50000,1,1,0.16719637581141655,0.0012373816742644085
2.0,3,50000,1,64,-0.0006409742777179008,0.0039566083935442566
2.0,3,50000,1,1024,-0.0007553654322123228,0.0017523113220161053
2.0,3,50000,1,4096,-0.001617200902093246,0.0019494105833884037
2.0,3,200000,1,1,0.16411484762954126,-0.0015018280613663456
2.0,3,200000,1,64,5.2315068557010786e-05,0.00040189724212130425
2.0,3,200000,1,1024,-0.001886873105230527,-0.0009025213010799748
2.0,3,200000,1,4096,-0.0014837594581219259,-0.0020115736271152434
2.0,3,1000000,1,1,0.1664656583651152,-0.0006652110793377709
2.0,3,1000000,1,64,8.760196929810854e-05,-0.00011585100847602987
2.0,3,1000000,1,1024,0.0003194470067005664,-0.0007170153023527819
2.0,3,1000000,1,4096,-0.0010439452536888764,-0.00046175562335510234
2.0,3,50000,4,1,0.0008006528158934899,0.00019645692175320904
2.0,3,50000,4,64,-0.002289969297154081,0.00681263783310733
2.0,3,50000,4,1024,0.0022115463755262,0.0016531386700476254
2.0,3,50000,4,4096,0.002839771808252329,0.0027321130434444577
2.0,3,200000,4,1,6.307836901092178e-05,0.0008211930542237553
2.0,3,200000,4,64,0.0007981608627151371,0.004271102829123707
2.0,3,200000,4,1024,0.0004385488855745906,0.0007248170056890644
2.0,3,200000,4,4096,-0.0007106348704013585,0.0021744130817825894
2.0,3,1000000,4,1,0.0015324282671413498,0.0004654596401769268
2.0,3,1000000,4,64,-0.001001687639351996,0.0014761116141036258
2.0,3,1000000,4,1024,-0.00023091290686873283,-7.107114974147092e-05
2.0,3,1000000,4,4096,-0.00012989906630972884,0.0004122214110574342
2.0,4,50000,1,1,0.16585583228130782,-0.0013708962973245386
2.0,4,50000,1,64,-0.00044585372880467293,0.002727428372925075
2.0,4,50000,1,1024,0.00046329734867723736,0.0026078758165007736
2.0,4,50000,1,4096,-0.00025312592688263465,-0.0036323342202993843
2.0,4,200000,1,1,0.16484724236552634,-0.0009020988200704045
2.0,4,200000,1,64,4.494787749130573e-05,0.0005369251571697294
2.0,4,200000,1,1024,-0.0006045297493148343,-0.0016096283790786147
2.0,4,200000,1,4096,-0.00018876619340104934,-0.0008313392239007177
2.0,4,1000000,1,1,0.1664898480176234,-0.0002703690583519982
2.0,4,1000000,1,64,0.0008788475943534682,-0.0002327350112546988
2.0,4,1000000,1,1024,-0.00023085627371090755,0.0010264291327947033
2.0,4,1000000,1,4096,-0.0005680550356988788,0.00012972864278568556
2.0,4,50000,4,1,-0.0024748599990560036,0.002104097411480209
2.0,4,50000,4,64,-0.001548928177760099,0.0001141999482330024
2.0,4,50000,4,1024,-0.0008847216878660519,0.0032769169601018716
2.0,4,50000,4,4096,0.002466160827811755,-0.0047128334205160435
2.0,4,200000,4,1,-7.25264865683916e-05,0.0015224843543719237
2.0,4,200000,4,64,-0.0018529503466782873,0.00017168516905008793
2.0,4,200000,4,1024,0.0009359965964284193,0.003341567763490423
2.0,4,200000,4,4096,-0.0033235946960356267,-0.0020139624119558503
2.0,4,1000000,4,1,0.0013757257628372276,-0.000709645432738138
2.0,4,1000000,4,64,-0.0006200988767476859,0.0010162446062238514
2.0,4,1000000,4,1024,0.00012282571586149418,-9.472528783516264e-05
2.0,4,1000000,4,4096,0.000287482554921256,-0.0007716516853809796
2.0,5,50000,1,1,0.17133080973742637,0.003425833338261968
2.0,5,50000,1,64,-0.006545244389542123,-0.001588384400597604
2.0,5,50000,1,1024,0.005033251456569144,-0.003751881688650595
2.0,5,50000,1,4096,0.004496636154371022,0.0035558529409417845
2.0,5,200000,1,1,0.16573503173963017,0.003911193492370154
2.0,5,200000,1,64,-0.00230661868692532,-0.0011632886067266168
2.0,5,200000,1,1024,0.0006731806705086393,-0.001629320771709183
2.0,5,200000,1,4096,0.004119831262086452,0.0019459591816364428
2.0,5,1000000,1,1,0.166179747177595,0.0005018347688832502
2.0,5,1000000,1,64,-0.00018997375298496728,-0.0008078745879730636
2.0,5,1000000,1,1024,0.0003120543788681516,-0.00023206581295220338
2.0,5,1000000,1,4096,-0.0005629023498338039,0.0007051374437798567
2.0,5,50000,4,1,-0.002069728952210837,0.0022777437234823773
2.0,5,50000,4,64,0.002675677144365668,-0.0021540369259861834
2.0,5,50000,4,1024,0.0046054774093545305,-0.0020129679248292874
2.0,5,50000,4,4096,-0.003799250090715865,-0.001254232274102866
2.0,5,200000,4,1,-0.0007549805501422676,0.0011822320791983114
2.0,5,200000,4,64,0.003506184412480777,-0.0025731173408469732
2.0,5,200000,4,1024,0.000784698376306476,-0.00021563019761917894
2.0,5,200000,4,4096,-0.0010588492318328454,0.0006315121950350074
2.0,5,1000000,4,1,0.0005443921363301807,-0.0014214044705217553
2.0,5,1000000,4,64,0.0005881332085573774,-0.0008297455896052154
2.0,5,1000000,4,1024,-0.0003326137411689844,-0.0007346080722756439
2.0,5,1000000,4,4096,-0.0004406504902575489,-7.171916619487687e-05
2.0,6,50000,1,1,0.1655846764132908,0.0009372070045144137
2.0,6,50000,1,64,0.005196713935462881,-0.003811690794314622
2.0,6,50000,1,1024,-0.0007734995547742813,5.033769160935385e-05
2.0,6,50000,1,4096,0.004464071160504732,-0.001106736197687606
2.0,6,200000,1,1,0.16527988983963174,-6.676263783486073e-05
2.0,6,200000,1,64,0.0017107992156333246,-0.0016737879275358952
2.0,6,200000,1,1024,-0.0022116354145479294,-0.00021897330363725688
2.0,6,200000,1,4096,0.00040624897272886307,-0.00018716447337763047
2.0,6,1000000,1,1,0.1667410793117258,-0.0006502659755003549
2.0,6,1000000,1,64,-0.00021625716685179567,0.000839946491109684
2.0,6,1000000,1,1024,-0.0004077216170170744,-0.0011191351409734344
2.0,6,1000000,1,4096,0.0011637262093256615,-0.00015728864970755767
2.0,6,50000,4,1,0.0056682581768091956,-0.0037305243835029653
2.0,6,50000,4,64,-0.002064027654202083,0.004580716380623431
2.0,6,50000,4,1024,0.000910559464859163,0.0015543645276587105
2.0,6,50000,4,4096,-0.009227300370751241,0.0023563570909589104
2.0,6,200000,4,1,0.002645816351301711,-0.0031653124165401106
2.0,6,200000,4,64,-0.0005832133618255234,0.003833517708444568
2.0,6,200000,4,1024,0.0018029835377247163,-0.0012472154553140233
2.0,6,200000,4,4096,-0.0030511180248727764,-0.0001938314672137782
2.0,6,1000000,4,1,0.0012488147357941112,-0.0019847395223303323
2.0,6,1000000,4,64,-0.00018717297706577347,0.0005411586940372435
2.0,6,1000000,4,1024,0.0003413299136484235,-0.00018627361294308413
2.0,6,1000000,4,4096,-0.0007922132886370598,-0.00039802807073630584
2.0,7,50000,1,1,0.16522451756974812,-0.0002251737182042346
2.0,7,50000,1,64,0.0009249776529308798,-0.002324074764518115
2.0,7,50000,1,1024,0.0007041148375113057,0.0035383227189782636
2.0,7,50000,1,4096,-0.0005236036347307346,0.0008725544870211103
2.0,7,200000,1,1,0.1657520234357338,0.0004160551507058679
2.0,7,200000,1,64,0.0005063897302262555,-0.0006373910911335092
2.0,7,200000,1,1024,-0.0008505648324568443,-0.0006292353112672837
2.0,7,200000,1,4096,0.00029958498207652436,0.0007834731168864383
2.0,7,1000000,1,1,0.16615535164630166,-0.00021564201033623617
2.0,7,1000000,1,64,0.0008220527663844368,0.00010206714457057093
2.0,7,1000000,1,1024,-0.0008386624319085152,-0.0007718666621610747
2.0,7,1000000,1,4096,0.001091569829176046,0.0005689051134459091
2.0,7,50000,4,1,-0.002690744707347075,-0.00567123248181479
2.0,7,50000,4,64,-0.0025490222364523358,0.0004411970976751635
2.0,7,50000,4,1024,0.00437038185316733,-0.0023544528341792486
2.0,7,50000,4,4096,-0.004503549785490908,-0.004413886555069903
2.0,7,200000,4,1,-0.0005762854110598804,-0.0037593472042054404
2.0,7,200000,4,64,-0.00020352890426243622,0.00173419149792521
2.0,7,200000,4,1024,-0.00014424970402047144,-0.0008549125243229161
2.0,7,200000,4,4096,-0.0001441094531480696,-0.0015926277113680856
2.0,7,1000000,4,1,0.0011572073292868948,-0.0010218794138537094
2.0,7,1000000,4,64,-0.000286629234364923,0.0004849771342052382
2.0,7,1000000,4,1024,-0.00026765431936980175,0.0004966252570809462
2.0,7,1000000,4,4096,-0.0002507565839677549,-0.000571528838370455
2.0,8,50000,1,1,0.16652222293191085,0.0055226438369354045
2.0,8,50000,1,64,-0.005162221682165624,-0.0007024853976918741
2.0,8,50000,1,1024,-0.0025297128498625197,-7.414898017656912e-05
2.0,8,50000,1,4096,-0.0028240867027728303,0.008307532283667686
2.0,8,200000,1,1,0.16731768926693305,0.002920681495056637
2.0,8,200000,1,64,-0.001581740557576881,0.00043863515345607634
2.0,8,200000,1,1024,0.0007363008988037188,-0.0008103796849221203
2.0,8,200000,1,4096,-0.0012741709896273937,0.0016652022780402197
2.0,8,1000000,1,1,0.16669978042193198,0.0009725440062960747
2.0,8,1000000,1,64,0.0015855003810063724,-7.925143083186285e-05
2.0,8,1000000,1,1024,0.00032002252744354077,-0.000652268387023375
2.0,8,1000000,1,4096,-0.0002703346783629595,0.0003099085259759168
2.0,8,50000,4,1,-0.0035744162563533547,0.002082411253353616
2.0,8,50000,4,64,-0.00349762250926599,-0.0036380986602736008
2.0,8,50000,4,1024,0.00010367673213934115,-0.0020963699004287783
2.0,8,50000,4,4096,0.007063041812327838,0.0008168820463664083
2.0,8,200000,4,1,-0.00035921227197144794,0.0011410900286782813
2.0,8,200000,4,64,0.0016247905490750808,0.001530009336893757
2.0,8,200000,4,1024,-0.001330096081958592,-0.00021967545527743813
2.0,8,200000,4,4096,0.0007723309409379706,0.0005188786452358338
2.0,8,1000000,4,1,0.0005729437795407951,-0.0003402685680520992
2.0,8,1000000,4,64,0.00026844754690879776,-0.00010726631313983532
2.0,8,1000000,4,1024,-0.000805109875441896,-5.7612100332669686e-05
2.0,8,1000000,4,4096,-0.0006143401494238236,0.000303960567765925
2.0,9,50000,1,1,0.1629145363138548,-0.0018014353797269555
2.0,9,50000,1,64,0.006457511968136498,0.004281372242887196
2.0,9,50000,1,1024,0.007608752220849182,0.0017573873240807468
2.0,9,50000,1,4096,0.0034758511066845933,0.0005678914342628261
2.0,9,200000,1,1,0.16627141447516888,-0.001165196254024576
2.0,9,200000,1,64,0.002424574052623685,0.00031802031322593685
2.0,9,200000,1,1024,0.00043409044846603274,0.0020021595029655784
2.0,9,200000,1,4096,-0.00011241208698619352,0.0003774763967311596
2.0,9,1000000,1,1,0.1656508115523904,-0.00020669804308880437
2.0,9,1000000,1,64,0.001359792513287161,-2.5256060158736455e-05
2.0,9,1000000,1,1024,-0.0004800519835357009,-0.0007325865120470874
2.0,9,1000000,1,4096,0.0009687827927579001,-9.154302068675316e-05
2.0,9,50000,4,1,1.6820225104783734e-06,0.002703654821787204
2.0,9,50000,4,64,-0.0046178053410887605,0.0023799601820734574
2.0,9,50000,4,1024,-0.005113741954385723,-0.003305997533543295
2.0,9,50000,4,4096,0.0008424878133664628,0.0016584488176562282
2.0,9,200000,4,1,-0.000573945148277118,0.002000239966311627
2.0,9,200000,4,64,-0.0018950985153896537,0.00303663683979625
2.0,9,200000,4,1024,-0.002886392358887704,0.0009732656089613549
2.0,9,200000,4,4096,0.0012875378521455298,-0.0013858634453608137
2.0,9,1000000,4,1,0.00033021603637142067,0.0005951375246078531
2.0,9,1000000,4,64,-0.001258438155447286,0.000937122428521833
2.0,9,1000000,4,1024,-0.0005140316462373209,-0.0004362190248279436
2.0,9,1000000,4,4096,0.0011462052046942557,-0.0009520509548867936
2.0,10,50000,1,1,0.16869298810767575,-0.0029651667407843358
2.0,10,50000,1,64,-0.00039820066257736274,-0.001372928804306078
2.0,10,50000,1,1024,0.0009544297263315225,-0.0009145706413460644
2.0,10,50000,1,4096,-0.0017880925008518563,0.00204895553225923
2.0,10,200000,1,1,0.1672921273459639,-0.0005209852657086492
2.0,10,200000,1,64,-0.002243985579195109,-0.0005343207120146438
2.0,10,200000,1,1024,0.001531828550034035,-0.0007280918025300707
2.0,10,200000,1,4096,0.0002900385557878704,0.0014131277847494242
2.0,10,1000000,1,1,0.16722150125351024,-0.0003931194301645514
2.0,10,1000000,1,64,-0.0005977179974637536,0.00045140097204666757
2.0,10,1000000,1,1024,0.0005898750753401815,0.00035005928174159555
2.0,10,1000000,1,4096,-0.0005970827512073626,0.000465227551647409
2.0,10,50000,4,1,-0.0033862731615326358,-0.006196027428025684
2.0,10,50000,4,64,0.001865131914506621,0.0024720250995210096
2.0,10,50000,4,1024,-0.0014573612270820872,0.006095714986671041
2.0,10,50000,4,4096,0.00046185435468198776,-0.00020280895298457785
2.0,10,200000,4,1,-0.0021266678890636847,-0.0007535251463868966
2.0,10,200000,4,64,0.002896739187108202,-0.0012306349832334191
2.0,10,200000,4,1024,-0.004685700617343122,0.0010420131089449757
2.0,10,200000,4,4096,0.0006186369836012056,-0.0005360345297675732
2.0,10,1000000,4,1,0.0002999423703277823,-0.0005126980785127372
2.0,10,1000000,4,64,0.00012494422436275924,0.00044416111616545116
2.0,10,1000000,4,1024,-0.0010209706577300993,-1.6541655628904164e-05
2.0,10,1000000,4,4096,0.0007655154598692381,-0.00045397283998125455
2.0,11,50000,1,1,0.1677407905586696,-0.0021680714114520974
2.0,11,50000,1,64,0.002655895393950653,-0.0041981310776084075
2.0,11,50000,1,1024,-0.0005337644584924977,-0.0022735509785040612
2.0,11,50000,1,4096,-0.0006561350267940876,-0.0009121287106746265
2.0,11,200000,1,1,0.1674510983215818,0.00036813118050489136
2.0,11,200000,1,64,0.0004174776088602433,-0.0008644857856501591
2.0,11,200000,1,1024,-0.0019568590210737083,-0.001091915391768997
2.0,11,200000,1,4096,0.0026986779514169266,0.001104862909531575
2.0,11,1000000,1,1,0.16718069727702778,0.0010305265487181383
2.0,11,1000000,1,64,-0.0007096349663256457,0.00122214517322536
2.0,11,1000000,1,1024,-0.001000550988958282,0.00032451567387471926
2.0,11,1000000,1,4096,0.00038924793301505195,0.00010658708486546477
2.0,11,50000,4,1,0.0024297417628293414,-0.007638041315189332
2.0,11,50000,4,64,0.0028361274776534306,-0.0023679495590348946
2.0,11,50000,4,1024,0.007443381967248891,0.004484542797023467
2.0,11,50000,4,4096,0.006219756977945199,0.0006720704829686932
2.0,11,200000,4,1,0.0010342639802245544,-0.0018806915246928283
2.0,11,200000,4,64,5.6856915227468796e-05,-0.00029945934332492
2.0,11,200000,4,1024,0.002686475940842056,-0.0007015764985303416
2.0,11,200000,4,4096,-6.976046392687835e-05,0.001365097157997592
2.0,11,1000000,4,1,0.0015332443447062904,-0.00045559250838258836
2.0,11,1000000,4,64,-0.0007534711910488191,0.0006694725292131636
2.0,11,1000000,4,1024,0.0008369138452639648,0.00027723611143699644
2.0,11,1000000,4,4096,-7.176868286402185e-05,1.3942888638841277e-05
2.0,12,50000,1,1,0.16963962721627002,-0.00794741259541292
2.0,12,50000,1,64,-0.0012697198973317025,0.0030404598838262523
2.0,12,50000,1,1024,0.005303511208447238,-0.0006735188479932723
2.0,12,50000,1,4096,-0.0031741817516168377,0.0038743678149661637
2.0,12,200000,1,1,0.16649304339084378,0.0007530793898574966
2.0,12,200000,1,64,-0.00046362670380525666,0.002189428870853369
2.0,12,200000,1,1024,0.0017783681241347084,-0.00014226674731611974
2.0,12,200000,1,4096,0.0003965362579599574,0.0019287485177778211
2.0,12,1000000,1,1,0.1670939835414229,-0.00015151607325767752
2.0,12,1000000,1,64,-0.00024783258112704776,-0.0002845697935625249
2.0,12,1000000,1,1024,0.00013452265824514362,8.803969876715766e-05
2.0,12,1000000,1,4096,-0.0010776069952964488,0.00022668551319752412
2.0,12,50000,4,1,0.0035948098278070664,-0.007585551574616206
2.0,12,50000,4,64,0.0004909854346293878,-0.004062212873708768
2.0,12,50000,4,1024,0.0030481308268099105,0.00757873987509184
2.0,12,50000,4,4096,-0.0005876094581608117,0.0023442809524466704
2.0,12,200000,4,1,0.00274353725636734,-0.001747692840483106
2.0,12,200000,4,64,-0.0018689654817998,-0.0018233002948573544
2.0,12,200000,4,1024,0.0013800737684755244,0.0016414374711919099
2.0,12,200000,4,4096,-0.0017136655010056468,-0.0007859239283807361
2.0,12,1000000,4,1,0.001354605971328155,0.0006148045097809326
2.0,12,1000000,4,64,0.00010764592424186161,0.00015446320385496096
2.0,12,1000000,4,1024,-0.00018127076777125052,0.000624136556012267
2.0,12,1000000,4,4096,-0.000726916513935014,-0.0001736949907058586
2.0,13,50000,1,1,0.16641960893249705,0.002006640077272794
2.0,13,50000,1,64,-0.004056076724495576,0.0027196954489716327
2.0,13,50000,1,1024,-0.0017532310750231982,-0.0005308154009076547
2.0,13,50000,1,4096,-0.005097687009513006,0.003248399508791698
2.0,13,200000,1,1,0.16598207579585011,0.0027213681749196313
2.0,13,200000,1,64,-8.391269878106261e-05,0.00015085184713459237
2.0,13,200000,1,1024,-0.0020347133730134045,-0.0004721941482441207
2.0,13,200000,1,4096,-0.0019251148910501286,0.0011627145135640878
2.0,13,1000000,1,1,0.1666257162238936,0.0002118653425809861
2.0,13,1000000,1,64,-4.848219608996426e-05,-0.0003921083973879259
2.0,13,1000000,1,1024,-0.0011550373493354703,0.000485696400799689
2.0,13,1000000,1,4096,-0.00030409558010428107,0.00013526624597407484
2.0,13,50000,4,1,0.0028102549072649033,-0.0013986520791596237
2.0,13,50000,4,64,-0.0010232023359132295,-0.005683634722886672
2.0,13,50000,4,1024,-0.003485779396361951,0.0014206487183936862
2.0,13,50000,4,4096,-0.0006692660675096528,0.0024196717460217205
2.0,13,200000,4,1,0.0003622111027411811,4.0871390573209105e-05
2.0,13,200000,4,64,-0.00088505500726252,0.0009104006085542768
2.0,13,200000,4,1024,-0.002928903728091598,-0.0008464614734609952
2.0,13,200000,4,4096,0.0010387503723957017,-0.002049750787716671
2.0,13,1000000,4,1,0.00149070401431841,0.0007379032336542931
2.0,13,1000000,4,64,-0.00022208698127888326,0.0011146655731730608
2.0,13,1000000,4,1024,-0.00184031624879624,0.00016695112548277457
2.0,13,1000000,4,4096,0.0010893006937956644,3.9247944765379426e-05
2.0,14,50000,1,1,0.1701444107955897,-0.0008135357659125573
2.0,14,50000,1,64,-0.0016143006267173262,0.0029728806779701026
2.0,14,50000,1,1024,0.0009819815711061663,-0.0005111434605971
2.0,14,50000,1,4096,0.0013328549731626892,-0.00206806877181971
2.0,14,200000,1,1,0.16673044543253396,-0.0011226918512034438
2.0,14,200000,1,64,0.0024725795235371177,-0.0011517578862077834
2.0,14,200000,1,1024,0.0023563749121416804,0.0011191117859029518
2.0,14,200000,1,4096,-5.8327741230904725e-05,0.001742203331703437
2.0,14,1000000,1,1,0.1668606335134707,0.0006271669873199632
2.0,14,1000000,1,64,0.0020040615042578994,-0.0004932199476067793
2.0,14,1000000,1,1024,0.0005949981681472352,-0.00027897849898184796
2.0,14,1000000,1,4096,-0.00011980168065209411,0.00023010636750572864
2.0,14,50000,4,1,-0.00036539763831909615,-0.0046504980063224646
2.0,14,50000,4,64,-0.000594097750286495,-0.001582082385174781
2.0,14,50000,4,1024,-0.004437082731961058,-0.0047975920138754406
2.0,14,50000,4,4096,0.0006349967307019926,-0.0019512408560837247
2.0,14,200000,4,1,-0.0016441493771560225,-0.0008533071783476776
2.0,14,200000,4,64,0.00027082121454846875,0.0024070983293681216
2.0,14,200000,4,1024,-0.001461736515640191,-0.0032694292087748988
2.0,14,200000,4,4096,-0.0021168394208566105,-7.091742646601596e-05
2.0,14,1000000,4,1,0.0004404169846167352,-0.00037562061961099333
2.0,14,1000000,4,64,7.167851705973791e-05,-0.00018964182979980054
2.0,14,1000000,4,1024,-0.0006448193979700851,-0.0004327151859573858
2.0,14,1000000,4,4096,-0.001189031109413365,0.0004031117748038452
2.0,15,50000,1,1,0.16732713873583507,0.00011417316688776558
2.0,15,50000,1,64,0.0016833717780397276,-0.003194361994501751
2.0,15,50000,1,1024,0.0018753834067267178,0.0005610560427478648
2.0,15,50000,1,4096,0.005928110954619047,-0.0023385554858776207
2.0,15,200000,1,1,0.1666226762569799,-0.00021322654657499515
2.0,15,200000,1,64,0.0014360601873566912,0.0009495272604330452
2.0,15,200000,1,1024,0.0003665840694293818,-0.002315151252789211
2.0,15,200000,1,4096,0.0002606828938216687,-0.0004997620920442874
2.0,15,1000000,1,1,0.16657338628387441,0.0002705048128953483
2.0,15,1000000,1,64,-4.471008355306899e-05,-0.0003927617210960961
2.0,15,1000000,1,1024,-0.00021169935079904553,-0.001363556464727319
2.0,15,1000000,1,4096,0.0006533875182294596,-0.0009164146969450619
2.0,15,50000,4,1,0.0026419837966890516,-0.0016873174440796507
2.0,15,50000,4,64,-0.0015972956450084784,0.001216503337977747
2.0,15,50000,4,1024,-0.0006440133839335934,0.0038133008217664755
2.0,15,50000,4,4096,0.0018825431524954108,-0.002163931081705647
2.0,15,200000,4,1,0.0031878680658202242,0.0009878511686469244
2.0,15,200000,4,64,-0.0020413382190861903,0.0007212401551070086
2.0,15,200000,4,1024,0.0023509091224779405,0.0018821171429222851
2.0,15,200000,4,4096,-0.0014933006983785546,-0.004597689610188746
2.0,15,1000000,4,1,0.0014056240165038248,0.00021190773877830522
2.0,15,1000000,4,64,-0.000751115416897911,0.0006172236268774055
2.0,15,1000000,4,1024,0.0004127630205773378,-0.0012134671786715955
2.0,15,1000000,4,4096,-0.0004535844884861024,-0.0016423385375984297
2.0,16,50000,1,1,0.16610133634786572,0.005465421104827634
2.0,16,50000,1,64,0.0012869088932531201,0.001668471431642302
2.0,16,50000,1,1024,-0.0005752831411766152,-0.0015345323631147526
2.0,16,50000,1,4096,0.0049952523491400376,0.000257107905907084
2.0,16,200000,1,1,0.16795737801368152,0.004734695806659031
2.0,16,200000,1,64,0.0012930353573422663,-0.0002681993669948368
2.0,16,200000,1,1024,0.0008734681682089937,1.284713832885842e-07
2.0,16,200000,1,4096,0.0038698338262322905,0.0001537562842144697
2.0,16,1000000,1,1,0.16720545433643536,0.0004424791040577759
2.0,16,1000000,1,64,0.0003598879060134153,0.00013644196995190715
2.0,16,1000000,1,1024,0.0003980612557101721,0.0002776610476647239
2.0,16,1000000,1,4096,0.0019434186871811216,-0.00011747415837114088
2.0,16,50000,4,1,0.002495201284825999,0.005079941107453692
2.0,16,50000,4,64,-0.0010295864828811672,0.0002620497665790087
2.0,16,50000,4,1024,-0.0031971256495608867,0.0033405789717083534
2.0,16,50000,4,4096,-0.007586531933302933,0.0013025243817807856
2.0,16,200000,4,1,0.0017001037292116675,0.001900645240969294
2.0,16,200000,4,64,0.0012003999284263048,0.0014179013151985082
2.0,16,200000,4,1024,-0.0011547973000369642,0.0006893414155445073
2.0,16,200000,4,4096,-0.0015491274284401987,-0.00025276377932505954
2.0,16,1000000,4,1,0.0017109726633416336,7.143586759443688e-05
2.0,16,1000000,4,64,0.00024303706151960694,-0.00016041817537697462
2.0,16,1000000,4,1024,-0.0002900004106575068,-0.00013640144531318734
2.0,16,1000000,4,4096,-0.0003676748185517889,0.00043951989967610275
2.0,17,50000,1,1,0.16503171553541107,-0.0011061576883485038
2.0,17,50000,1,64,-0.0020897711761959908,-0.005288858489919025
2.0,17,50000,1,1024,0.006185462071952313,-0.0007289015796890193
2.0,17,50000,1,4096,0.000192799489159444,-0.003883237450511489
2.0,17,200000,1,1,0.16860321547615684,0.0004490850302260111
2.0,17,200000,1,64,0.0010051845153706896,-0.002468114467176558
2.0,17,200000,1,1024,-0.0017780217168598643,-0.0015755457152634136
2.0,17,200000,1,4096,0.0006620022353778776,-0.0027828766647843076
2.0,17,1000000,1,1,0.16700126086903208,0.0004624188524499043
2.0,17,1000000,1,64,-0.00011189201246602187,0.0006851610151365799
2.0,17,1000000,1,1024,0.0004909399173103123,-0.0009808175418261156
2.0,17,1000000,1,4096,-0.0007564910254752018,9.938731339376758e-05
2.0,17,50000,4,1,0.005352528797180091,-0.004240351882453631
2.0,17,50000,4,64,0.0012914072048796597,0.005645521609869264
2.0,17,50000,4,1024,0.0027009413228709644,0.004137827790102129
2.0,17,50000,4,4096,0.0019194751229882014,-0.0006970534006401498
2.0,17,200000,4,1,0.00311795990491981,-0.00032629740768103354
2.0,17,200000,4,64,0.002143680965447014,0.0012959316444560295
2.0,17,200000,4,1024,0.0020449543832124837,0.00237361066962015
2.0,17,200000,4,4096,0.002942504473587978,-0.0014063167829954273
2.0,17,1000000,4,1,0.002531150918824203,4.208255241728525e-05
2.0,17,1000000,4,64,0.00044230437702841643,0.0007844048892316554
2.0,17,1000000,4,1024,0.0005317256626356406,0.00025815589541085824
2.0,17,1000000,4,4096,9.222182586179086e-05,-0.0011093875766835328
2.0,18,50000,1,1,0.1685037318318955,-0.0029696867539075133
2.0,18,50000,1,64,-0.004208543622251088,-0.001632067939646683
2.0,18,50000,1,1024,0.005098762481634402,-0.0013189478155992108
2.0,18,50000,1,4096,0.0010557967188908693,-0.00902791800924359
2.0,18,200000,1,1,0.16529799442276336,0.0023380044397504477
2.0,18,200000,1,64,-0.0036892421409681886,-2.345034114096273e-05
2.0,18,200000,1,1024,-0.002011135291946888,-0.00024089729984762482
2.0,18,200000,1,4096,0.0013112871715970996,-0.0022488860323324087
2.0,18,1000000,1,1,0.1666953334608993,0.0006989622222859871
2.0,18,1000000,1,64,-0.0016714926038141021,2.4777882019521436e-05
2.0,18,1000000,1,1024,0.00029555086153731534,0.0009802484985237917
2.0,18,1000000,1,4096,-0.00013001605235675464,-0.0009133969636253891
2.0,18,50000,4,1,0.0032326092514411513,-0.0015445705663654523
2.0,18,50000,4,64,-0.0019006841465107878,0.0033070453485353622
2.0,18,50000,4,1024,-0.00020178388810398518,-0.002953871544052455
2.0,18,50000,4,4096,0.006298351224780672,0.0023998031124838424
2.0,18,200000,4,1,0.0020507078570637547,0.0032557551792628783
2.0,18,200000,4,64,0.0006601632129551632,0.003818261729757039
2.0,18,200000,4,1024,0.0012558555946531739,-0.0005856791232620868
2.0,18,200000,4,4096,0.0018148448464736131,0.0020406795137870473
2.0,18,1000000,4,1,0.0012794112240440676,8.78216006237978e-05
2.0,18,1000000,4,64,-0.0002500936126569068,0.0014516425085044904
2.0,18,1000000,4,1024,-0.0003242956697520679,-0.00011087168833331376
2.0,18,1000000,4,4096,0.0007780174933528484,-0.00012159359197881858
2.0,19,50000,1,1,0.1602273021876378,-0.001006330408560829
2.0,19,50000,1,64,8.417333558578638e-05,0.001134375696739387
2.0,19,50000,1,1024,-0.0018636594258177052,-0.0013366973267743242
2.0,19,50000,1,4096,-0.0030527792568269653,0.003668525438519307
2.0,19,200000,1,1,0.16516846639438792,0.0009885455180889894
2.0,19,200000,1,64,-0.00014069457226724736,-0.0002987495844913228
2.0,19,200000,1,1024,-0.0002989121138006482,-0.0009671406080859272
2.0,19,200000,1,4096,0.0012478967741016448,0.0029084236201593434
2.0,19,1000000,1,1,0.16565122232858243,-0.0006133634189247122
2.0,19,1000000,1,64,0.00010291930089358112,0.0009181259442884805
2.0,19,1000000,1,1024,-0.0006839556334836523,-0.0003123057892887982
2.0,19,1000000,1,4096,0.00037076915358661463,0.0012078137123924494
2.0,19,50000,4,1,-0.002511865717222394,-0.0026044159036677224
2.0,19,50000,4,64,-0.0009592015813718712,-0.0018724288581214391
2.0,19,50000,4,1024,-8.139410835602782e-05,0.0033169921273601905
2.0,19,50000,4,4096,0.002387146248784707,0.0025417588339830544
2.0,19,200000,4,1,0.00022339633977284704,0.0008036649883090992
2.0,19,200000,4,64,0.002422640310740444,0.0008767169986275324
2.0,19,200000,4,1024,-0.0011355007181892169,0.0013638501563002898
2.0,19,200000,4,4096,0.0004452290800263726,0.001802956094515575
2.0,19,1000000,4,1,0.00026280083761145355,0.00012030794070736956
2.0,19,1000000,4,64,5.9284583977102824e-05,0.0010150366656659698
2.0,19,1000000,4,1024,-0.00013335625403798103,0.0007250607448341035
2.0,19,1000000,4,4096,-0.0005957397048778059,-0.00017162637635452453
2.0,20,50000,1,1,0.16705041754171202,0.001923739517831327
2.0,20,50000,1,64,0.00381949250354933,0.001751600976172128
2.0,20,50000,1,1024,-0.002399124156749874,0.007055194021251365
2.0,20,50000,1,4096,-0.0023187489060024903,-0.002729121633694802
2.0,20,200000,1,1,0.16716235340294833,-0.0006703482862265906
2.0,20,200000,1,64,-0.00014433451039142306,-0.0006272726306687776
2.0,20,200000,1,1024,-0.0008430019717203758,0.0017949328935723836
2.0,20,200000,1,4096,0.001525558257456928,-0.0010899760942514496
2.0,20,1000000,1,1,0.16734752385133247,-0.0006394424626503049
2.0,20,1000000,1,64,-0.0011769364903062875,-0.00020176234189331785
2.0,20,1000000,1,1024,-0.0001876233316708815,0.0007102393786523685
2.0,20,1000000,1,4096,-0.000671047138960749,-0.0008925831099046189
2.0,20,50000,4,1,0.0012764985780757308,-0.004549523334837628
2.0,20,50000,4,64,0.004880229860157228,0.0016917250555408777
2.0,20,50000,4,1024,0.0017670644531971496,-0.002130131864169278
2.0,20,50000,4,4096,0.0013509402582748812,-0.0024480323340294913
2.0,20,200000,4,1,0.002056780906180414,-0.002780806243009555
2.0,20,200000,4,64,0.0038699716920487745,9.606016270673934e-05
2.0,20,200000,4,1024,0.0018080206520046183,0.0008296408385780942
2.0,20,200000,4,4096,0.0008694808895024269,-7.559816758701946e-05
2.0,20,1000000,4,1,0.001273776712961689,2.2571733536113817e-05
2.0,20,1000000,4,64,0.0009596775131899596,-0.001024165692769384
2.0,20,1000000,4,1024,0.001347595372172997,-0.0002721998760912843
2.0,20,1000000,4,4096,-0.00013385035444011658,0.00023969058490538831
2.0,21,50000,1,1,0.16909977344235796,-0.0007088423305986115
2.0,21,50000,1,64,0.003675895983671982,0.0041776752199325
2.0,21,50000,1,1024,0.0029884067601416943,-0.0037318115246067914
2.0,21,50000,1,4096,-0.003023867777589042,-0.0016490080485969962
2.0,21,200000,1,1,0.16823552122816893,-0.0018551535850609335
2.0,21,200000,1,64,0.0014909125505311108,0.0006927502732652189
2.0,21,200000,1,1024,0.0008674745128557462,-0.003130766414150201
2.0,21,200000,1,4096,-0.0007267282120175505,-0.0014405011158249656
2.0,21,1000000,1,1,0.1662140702000271,0.0005849637182358013
2.0,21,1000000,1,64,0.0007431709870588551,0.0007058776678257846
2.0,21,1000000,1,1024,0.0004456402017649481,-0.00113344489551127
2.0,21,1000000,1,4096,-0.0003085861050328584,0.00044164764766902706
2.0,21,50000,4,1,-0.0008719429439805582,-0.0008646252992896539
2.0,21,50000,4,64,-0.0013915426890729699,-0.003620826399916041
2.0,21,50000,4,1024,-0.005863634188100136,-0.0021733540958246197
2.0,21,50000,4,4096,-0.00019626633056747805,-0.001594153123219361
2.0,21,200000,4,1,0.0019219344633651645,-0.0005582311513836726
2.0,21,200000,4,64,-0.001016982530305641,0.0009367960389229268
2.0,21,200000,4,1024,-0.0017643654272452732,-0.0016856012014597134
2.0,21,200000,4,4096,-0.00098343009781598,0.001468151648839526
2.0,21,1000000,4,1,0.0005353958812954513,0.000591112463236114
2.0,21,1000000,4,64,-0.0010630535033378655,0.0005160001690351601
2.0,21,1000000,4,1024,0.00031847636038044206,0.0002882883969054242
2.0,21,1000000,4,4096,-0.00013434192811572653,-0.0003520876768588085
2.0,22,50000,1,1,0.16774320936952958,-0.0011487461264769248
2.0,22,50000,1,64,0.00043521484745583246,-0.0011064903230272568
2.0,22,50000,1,1024,-0.0001210743602270613,-0.0019459427451860387
2.0,22,50000,1,4096,0.0014554119591881902,0.0022436203944505117
2.0,22,200000,1,1,0.16687980701482902,-0.0036195720925976406
2.0,22,200000,1,64,-0.00043892023172800986,-0.0003464945232071093
2.0,22,200000,1,1024,0.001574639379880176,-0.0007785692088914665
2.0,22,200000,1,4096,0.002209153498508268,0.0018022831656994405
2.0,22,1000000,1,1,0.16623439556448574,-0.0006021836620471465
2.0,22,1000000,1,64,-0.000502070753071309,0.0003889193992928752
2.0,22,1000000,1,1024,-0.00032650010343716933,-0.0011869019558805082
2.0,22,1000000,1,4096,0.001361480741639109,3.955084527242866e-05
2.0,22,50000,4,1,-0.00039297974228172215,0.0008494922724470421
2.0,22,50000,4,64,-0.0009823184869999493,-0.0037326207756168323
2.0,22,50000,4,1024,0.0009361633994997687,0.0020421646344431373
2.0,22,50000,4,4096,-0.0007527966719495998,-0.0005950683731017302
2.0,22,200000,4,1,0.001796288162761534,-0.00034148280907601457
2.0,22,200000,4,64,-0.0010951064212770202,0.001999364946933246
2.0,22,200000,4,1024,-0.0004857053065879758,0.002012466960266989
2.0,22,200000,4,4096,-0.0010443133049098563,0.00020700561518514703
2.0,22,1000000,4,1,0.00033701835681291306,-0.0004750677816169264
2.0,22,1000000,4,64,-0.0011448304308469932,0.0011694631030821166
2.0,22,1000000,4,1024,0.00014320347860639527,0.0011599093352757297
2.0,22,1000000,4,4096,0.00032820826211585016,-7.61700434427702e-05
2.0,23,50000,1,1,0.16505128062438726,0.00021744298960171905
2.0,23,50000,1,64,-0.0028675229905307915,0.0029510169093229367
2.0,23,50000,1,1024,-0.000721899588172464,0.0008759115759019098
2.0,23,50000,1,4096,0.004484496821829611,0.010044989177840658
2.0,23,200000,1,1,0.16465861579630917,0.00031782063547984926
2.0,23,200000,1,64,7.010098441565642e-05,0.0001772181513775066
2.0,23,200000,1,1024,-5.5240755736152924e-05,-0.0011334698914389793
2.0,23,200000,1,4096,0.00390819712830392,0.000399225898952742
2.0,23,1000000,1,1,0.16477076800563661,-0.0006361713682048615
2.0,23,1000000,1,64,-0.00012258203084769233,-0.0001466746019365257
2.0,23,1000000,1,1024,0.0004991631585433374,0.00037435418301087704
2.0,23,1000000,1,4096,0.0008841532793214119,0.0003886949388107492
2.0,23,50000,4,1,-0.010359495774411486,-0.0018265204711906081
2.0,23,50000,4,64,-0.002854937086051455,0.0007560589963122895
2.0,23,50000,4,1024,-1.4224750009524404e-05,0.0022081478578818703
2.0,23,50000,4,4096,-0.004807417068686627,0.0015186947651181207
2.0,23,200000,4,1,-0.003143027906274075,0.0009086980234351995
2.0,23,200000,4,64,0.00015999375468461969,0.0008698781759159121
2.0,23,200000,4,1024,-0.00031053139498419353,0.0024043925620572245
2.0,23,200000,4,4096,-0.002336262497355498,0.0015131079008333158
2.0,23,1000000,4,1,-0.00028049610260815866,0.0009738309690256337
2.0,23,1000000,4,64,-7.117121755695883e-05,-0.0007357804549504109
2.0,23,1000000,4,1024,0.0008178446753119785,5.310820353910842e-05
2.0,23,1000000,4,4096,-0.0006046516110777997,0.0005242178683880754
2.0,24,50000,1,1,0.1620016092549491,-0.0033487936308741755
2.0,24,50000,1,64,0.0034940065454485904,0.0010979050672325296
2.0,24,50000,1,1024,-0.004423503813050402,-0.006872411821880924
2.0,24,50000,1,4096,0.0027061084873217455,-0.0017860212173005203
2.0,24,200000,1,1,0.16523913061849588,1.3988364636130356e-05
2.0,24,200000,1,64,-0.0015834379308575727,0.0011602698817745236
2.0,24,200000,1,1024,0.001212082043943915,-0.003573553906259033
2.0,24,200000,1,4096,-0.0003346769183230963,-0.0027264006877351157
2.0,24,1000000,1,1,0.1662622221170184,0.00010887663976650131
2.0,24,1000000,1,64,-0.00015806426938794297,0.000291879952768714
2.0,24,1000000,1,1024,-0.0003708219477398966,0.0005193182723286832
2.0,24,1000000,1,4096,0.00014279307184136375,-0.0009980862173205388
2.0,24,50000,4,1,-0.003482593804585822,-0.0040478149845862114
2.0,24,50000,4,64,-0.002711121149409687,0.000821423468016231
2.0,24,50000,4,1024,-0.004932919700340364,0.00021497079070423238
2.0,24,50000,4,4096,-0.0007091713481211288,0.0009580193675335391
2.0,24,200000,4,1,0.00017688331738330033,-0.0012557014185656523
2.0,24,200000,4,64,-0.0013359935255925677,0.0004631716512271132
2.0,24,200000,4,1024,-0.00014989715623469764,0.0013186927876633607
2.0,24,200000,4,4096,0.000724381349435818,0.0008925367551849398
2.0,24,1000000,4,1,0.0008322828582972994,9.916196159094814e-05
2.0,24,1000000,4,64,0.00015356129595458167,0.0004646691357484403
2.0,24,1000000,4,1024,5.7250352011615145e-05,0.0003442036302875786
2.0,24,1000000,4,4096,0.0004110238307504525,-0.00020178411867399413
2.0,25,50000,1,1,0.16163143456503065,0.005926797048837586
2.0,25,50000,1,64,0.0010526952349751747,0.0007819627189628129
2.0,25,50000,1,1024,0.0009601095272793398,-0.0013334091526354308
2.0,25,50000,1,4096,0.0016979362583769914,0.0005346469359303617
2.0,25,200000,1,1,0.16610691535238295,0.0025239451201561347
2.0,25,200000,1,64,-0.0006384841867572875,0.0009549820102384671
2.0,25,200000,1,1024,0.00022645445320657504,-0.0010377639151240019
2.0,25,200000,1,4096,0.0009696576073014031,6.601384517842446e-05
2.0,25,1000000,1,1,0.16690674457126622,0.0003522527782682192
2.0,25,1000000,1,64,-0.00010830872413350395,0.0012468662101836811
2.0,25,1000000,1,1024,0.00036494533226276617,-7.878162483969407e-05
2.0,25,1000000,1,4096,0.000999832557578985,0.00022755181084641095
2.0,25,50000,4,1,-0.004774777174696015,0.0054357834120037744
2.0,25,50000,4,64,0.001666876279118383,-0.0031241686242090756
2.0,25,50000,4,1024,-0.0011151567008631914,0.0011268121726577633
2.0,25,50000,4,4096,0.001422099068816764,-0.0034681490360547232
2.0,25,200000,4,1,-0.001156813819766311,0.0013739019557414238
2.0,25,200000,4,64,-9.017562857693053e-05,-0.0007595045219482269
2.0,25,200000,4,1024,-0.002951340291209733,-0.0013061032752675356
2.0,25,200000,4,4096,0.0010275750115866138,-0.001965080241606372
2.0,25,1000000,4,1,0.0005058078485047704,0.0006793747259681545
2.0,25,1000000,4,64,-0.00019266929504546554,-0.0004632027990742647
2.0,25,1000000,4,1024,0.00036414061028000567,4.0026662672198005e-05
2.0,25,1000000,4,4096,0.00019218655738952883,-0.0004660502718095078
2.0,26,50000,1,1,0.16071889249717358,-0.000874333974002693
2.0,26,50000,1,64,0.00015803384339963393,-0.0058188889882420484
2.0,26,50000,1,1024,-0.0036150799948167756,0.0013095892920713143
2.0,26,50000,1,4096,0.0021575877692735375,-0.004262713711225849
2.0,26,200000,1,1,0.16437381035378018,0.002011250515727775
2.0,26,200000,1,64,0.0013102739449369777,-0.002716708368388248
2.0,26,200000,1,1024,-0.0012357908161959082,0.0014507358235942088
2.0,26,200000,1,4096,0.0002655863857641311,-0.0031062113916313144
2.0,26,1000000,1,1,0.16763753307308588,0.0008214465909357475
2.0,26,1000000,1,64,0.0002783662052680895,1.9058306229648393e-06
2.0,26,1000000,1,1024,-0.0007805561885172153,-0.00022894864770257533
2.0,26,1000000,1,4096,0.0005872097709311258,0.0005483113791002284
2.0,26,50000,4,1,-0.003267795959971187,-0.0006420429362133241
2.0,26,50000,4,64,-0.002266344301872425,0.000983574121948254
2.0,26,50000,4,1024,-0.0035813211086377556,-0.00531456085897627
2.0,26,50000,4,4096,0.0012396163784000984,-0.0019420003496775297
2.0,26,200000,4,1,-0.00015360001823422123,-5.6334881682097916e-05
2.0,26,200000,4,64,0.0007184903090852177,0.0016118381222464076
2.0,26,200000,4,1024,-0.0006789954780172233,-0.0034766628840294423
2.0,26,200000,4,4096,0.0003546779096182681,-0.002269840580034083
2.0,26,1000000,4,1,0.000924808028678762,-0.00042579162625790314
2.0,26,1000000,4,64,0.0003129226228693206,-0.00031555423732679657
2.0,26,1000000,4,1024,-0.000151816536450076,-0.0012658075427815895
2.0,26,1000000,4,4096,2.70021780157922e-05,-0.00010409573933786201
2.0,27,50000,1,1,0.16345491333188272,-0.003005163947798986
2.0,27,50000,1,64,0.0022377484372014082,0.0027551715150280257
2.0,27,50000,1,1024,0.007634088663030543,0.0005550408870285345
2.0,27,50000,1,4096,-0.0038258640170384865,0.0030695795588576674
2.0,27,200000,1,1,0.16751768949137458,-0.0007813113943896855
2.0,27,200000,1,64,0.00020143940658287106,0.0015902150010176578
2.0,27,200000,1,1024,7.374462570878894e-05,-0.00026363607259446325
2.0,27,200000,1,4096,0.0010496171982836517,0.002117456813109694
2.0,27,1000000,1,1,0.16662048991649794,0.0002571867588495017
2.0,27,1000000,1,64,-0.00025937551997820725,0.0011242129319638944
2.0,27,1000000,1,1024,0.0008122112946070259,0.0005688338473902884
2.0,27,1000000,1,4096,-0.00016142088751560022,0.0006327697787328368
2.0,27,50000,4,1,-0.0018918516599460773,-0.0009123002929196476
2.0,27,50000,4,64,-0.001921307736994149,0.005668958931589061
2.0,27,50000,4,1024,0.000750440949176248,-0.0013138863051805074
2.0,27,50000,4,4096,0.0011943441700454829,-0.003689607537963616
2.0,27,200000,4,1,-0.00019596961973525773,-0.00015750042546466673
2.0,27,200000,4,64,0.0008858360053475044,-2.5543248786819897e-05
2.0,27,200000,4,1024,0.0010880698423013338,-0.001112110501859805
2.0,27,200000,4,4096,-2.0405959562142755e-05,-0.0022606375976913836
2.0,27,1000000,4,1,-0.000791369293668175,0.0011816939978755614
2.0,27,1000000,4,64,0.0005402108605292443,-0.0009241521682588148
2.0,27,1000000,4,1024,0.00015629473563721314,-0.0007097315446021115
2.0,27,1000000,4,4096,-0.0006422073113079056,-0.0006373406209735006
2.0,28,50000,1,1,0.1676510765894392,0.0044454340775976625
2.0,28,50000,1,64,-0.0017793280967425492,0.0014899106589252298
2.0,28,50000,1,1024,-0.005829526810948677,-0.000683189535584304
2.0,28,50000,1,4096,-0.0001545107102677751,0.002014078236427793
2.0,28,200000,1,1,0.16600252808323204,-0.0022914903152435194
2.0,28,200000,1,64,0.0008185183183555907,-0.0006313137340966106
2.0,28,200000,1,1024,0.00046051525653185163,-0.0014898527970410818
2.0,28,200000,1,4096,0.001364969113561542,0.0018858111277744044
2.0,28,1000000,1,1,0.1651477573434297,-0.0006804196890377777
2.0,28,1000000,1,64,-0.0007107652797983277,-0.000113765343632574
2.0,28,1000000,1,1024,-0.0011308836932395364,-0.000863632335516981
2.0,28,1000000,1,4096,-0.0013958068271171362,0.0009616746416705339
2.0,28,50000,4,1,0.0029176375137544143,0.002721022028144667
2.0,28,50000,4,64,-0.0007559717823994111,-0.00399815117154873
2.0,28,50000,4,1024,-0.0012093674912545794,0.0033668253624566666
2.0,28,50000,4,4096,-0.0018460660860483223,0.0006472446992748476
2.0,28,200000,4,1,0.004114574351925468,-0.0007462998919895452
2.0,28,200000,4,64,-0.0023047794781319002,-0.0014362538959696936
2.0,28,200000,4,1024,0.002702673424472023,0.00017445807861923761
2.0,28,200000,4,4096,2.695363889011991e-05,-0.0001163120068162972
2.0,28,1000000,4,1,0.0006775314601233608,-0.00016763255480772043
2.0,28,1000000,4,64,-0.0008994227472816247,-0.0002748175920831756
2.0,28,1000000,4,1024,-0.0007109802974601329,0.00026094723518318064
2.0,28,1000000,4,4096,-0.0019738957423299005,0.00011839317235251518
2.0,29,50000,1,1,0.16819733282816374,-0.0017982733143313424
2.0,29,50000,1,64,0.003958885810389978,-6.274107132804888e-05
2.0,29,50000,1,1024,0.0028947351639256914,-0.0032260064918348628
2.0,29,50000,1,4096,0.007061969693905659,0.004097698078079537
2.0,29,200000,1,1,0.16750265415418558,-0.0017845629687902064
2.0,29,200000,1,64,0.0007035224298326421,0.0007921773932642597
2.0,29,200000,1,1024,0.0015108830791068653,0.0005375485897524875
2.0,29,200000,1,4096,-0.0023239896442830295,-0.0009851185865029765
2.0,29,1000000,1,1,0.16706066052952107,-0.0005430054064303994
2.0,29,1000000,1,64,0.0001490154021229053,-0.00042664364783283175
2.0,29,1000000,1,1024,0.0003331624895391821,0.0010303345773876986
2.0,29,1000000,1,4096,-0.0006605327663224453,-0.0007022632078077763
2.0,29,50000,4,1,-0.0005908100996745038,-0.0019541550286954804
2.0,29,50000,4,64,-0.0010306812132255799,0.0016052929131457328
2.0,29,50000,4,1024,0.0007957713019896892,0.004944040650481148
2.0,29,50000,4,4096,0.001685976073032896,0.0031079451743402536
2.0,29,200000,4,1,0.0010067311331294765,0.0001412491936838735
2.0,29,200000,4,64,6.59720245098462e-05,0.002000342987973815
2.0,29,200000,4,1024,-0.00020236292391396013,0.0006049228991886935
2.0,29,200000,4,4096,5.022877245079899e-05,-8.838250548071922e-05
2.0,29,1000000,4,1,0.0007790799439820011,0.00033871803249950407
2.0,29,1000000,4,64,-0.000699669191119119,0.00012698119774555476
2.0,29,1000000,4,1024,-0.0007061041684701437,-0.0002649660324878494
2.0,29,1000000,4,4096,-0.0004972970494185331,0.0003275985998881941
2.0,30,50000,1,1,0.1686224994962366,0.0016665430919721525
2.0,30,50000,1,64,0.00012350197420344178,-0.002980251563619139
2.0,30,50000,1,1024,6.759920540330174e-05,0.0044033222497174675
2.0,30,50000,1,4096,-0.0014035477754214146,-0.0018440436783736904
2.0,30,200000,1,1,0.1672150910981583,0.00025179428857776017
2.0,30,200000,1,64,0.00017218454913301608,0.00019431134242820018
2.0,30,200000,1,1024,0.001559590745385974,0.0010773920112602659
2.0,30,200000,1,4096,0.000990839278347931,0.0006331144358505679
2.0,30,1000000,1,1,0.16755163222799802,-5.027978758139876e-06
2.0,30,1000000,1,64,0.0005767796152364892,-0.00016871948080262675
2.0,30,1000000,1,1024,-0.0003448939007546856,0.0004717117076044865
2.0,30,1000000,1,4096,0.0002879719264220091,-0.00046369635612536535
2.0,30,50000,4,1,0.0030195880641418382,-0.000194335674252547
2.0,30,50000,4,64,0.0023359072850111465,0.0029174813227144285
2.0,30,50000,4,1024,0.0047221446992423395,0.0021416629631633845
2.0,30,50000,4,4096,0.006756865151254085,0.0001955919288924604
2.0,30,200000,4,1,0.0026595576322833293,0.0010447389808197671
2.0,30,200000,4,64,0.0003141174100093842,-3.473864716640312e-05
2.0,30,200000,4,1024,-0.0016692493356204265,-0.0003790987830878479
2.0,30,200000,4,4096,0.0010893058916109624,-0.0005394358881875958
2.0,30,1000000,4,1,0.001666007869911145,0.0004608692625484372
2.0,30,1000000,4,64,0.00014228955985709916,-0.00046064027956948806
2.0,30,1000000,4,1024,-0.0002564770388250464,0.00012769939451392972
2.0,30,1000000,4,4096,0.0007269583648685829,3.987021796981944e-05
2.0,31,50000,1,1,0.166164790436282,-9.615774129435727e-05
2.0,31,50000,1,64,0.0011261679225099154,0.007138713323438152
2.0,31,50000,1,1024,0.0020859795027546517,0.0035827414823293405
2.0,31,50000,1,4096,-0.0022845838335991313,0.001514930887558816
2.0,31,200000,1,1,0.1667716501782198,0.001289542049586401
2.0,31,200000,1,64,0.00029463171477233133,0.0019504391971228927
2.0,31,200000,1,1024,0.0019282720603271224,0.0019150669036174987
2.0,31,200000,1,4096,-0.0009388101260380011,0.00113850137294423
2.0,31,1000000,1,1,0.16637139436455112,0.001292378240512357
2.0,31,1000000,1,64,-0.0001511757260001289,4.882398022759683e-05
2.0,31,1000000,1,1024,0.0012554560547965736,9.578050578984733e-06
2.0,31,1000000,1,4096,-0.0008642296695358137,3.3876248714686566e-06
2.0,31,50000,4,1,-0.002786769278895606,-0.0023686475837505026
2.0,31,50000,4,64,0.0018849460958294297,-0.002442769322053567
2.0,31,50000,4,1024,0.004758510198355386,0.0021498396578247154
2.0,31,50000,4,4096,0.003632238732202405,0.0032585668644280912
2.0,31,200000,4,1,-0.0012477483262690586,-0.0012190750490783848
2.0,31,200000,4,64,-0.003176050910608544,-0.0010698802178891148
2.0,31,200000,4,1024,0.0015877499870164756,-0.0005781117183701275
2.0,31,200000,4,4096,-0.0004882613118115842,0.0021702430358368306
2.0,31,1000000,4,1,0.0009069428985050346,6.523140490980334e-05
2.0,31,1000000,4,64,0.0004724725885520653,3.923489035734856e-05
2.0,31,1000000,4,1024,-0.0003199784900787721,-0.0006298867240331257
2.0,31,1000000,4,4096,-0.0009846621407842632,-0.0001711832578242476
2.0,32,50000,1,1,0.1718356952873495,-0.0022971505908740766
2.0,32,50000,1,64,0.0029832738428566354,-0.0018465068768040765
2.0,32,50000,1,1024,0.004526363758745674,-0.00026648396488778456
2.0,32,50000,1,4096,-0.0023021537671607437,-0.003611973376580743
2.0,32,200000,1,1,0.1663998899663635,-4.654771867520317e-05
2.0,32,200000,1,64,0.0023063392486469526,-0.0029684450472133336
2.0,32,200000,1,1024,0.004900989444864963,0.001635572382724496
2.0,32,200000,1,4096,-0.004173259918777007,-0.0026728954976241175
2.0,32,1000000,1,1,0.16546075195543863,0.0007029882807881082
2.0,32,1000000,1,64,-0.0007773230137497789,-0.0020210866441173958
2.0,32,1000000,1,1024,-0.00043089910065782956,-0.0001885626508041579
2.0,32,1000000,1,4096,-0.0024981147310987346,-0.00030870382377715143
2.0,32,50000,4,1,0.0008503428018935663,0.006293666088251545
2.0,32,50000,4,64,-0.00127414959604142,0.0032343707418287563
2.0,32,50000,4,1024,0.0008949690296010182,-0.0005086251080143744
2.0,32,50000,4,4096,0.004362757675247831,-0.0011076450880026295
2.0,32,200000,4,1,-0.00022515730944836458,0.0019029828972801656
2.0,32,200000,4,64,-0.00040678790339798596,-0.0002317545803932068
2.0,32,200000,4,1024,-0.0016647021837625942,-0.0038704008599073697
2.0,32,200000,4,4096,0.0005057299629903413,-0.0010089071919471642
2.0,32,1000000,4,1,4.335821309726289e-05,0.0010192032510693324
2.0,32,1000000,4,64,0.0013291837170723963,0.000507711878675214
2.0,32,1000000,4,1024,-0.0008486892321492794,-0.0017009967713202592
2.0,32,1000000,4,4096,-0.0015158845720932854,-0.0006689463170557777
2.0,33,50000,1,1,0.16691591669020417,0.0011983648602119294
2.0,33,50000,1,64,0.005094565699094616,-0.00135109696438277
2.0,33,50000,1,1024,0.00266374689172251,0.00015803574070897528
2.0,33,50000,1,4096,-0.005101904304487096,0.004001708268767813
2.0,33,200000,1,1,0.1659927000080303,-0.0001887205313186412
2.0,33,200000,1,64,0.0020900658651739146,-0.0004890073479955708
2.0,33,200000,1,1024,-0.00038698797402468484,-0.0018704598269331841
2.0,33,200000,1,4096,-0.0019713518950449246,-0.0021928933024736976
2.0,33,1000000,1,1,0.16589557323483742,0.0004272312203380701
2.0,33,1000000,1,64,0.0015494911583065567,-0.0009324782432419687
2.0,33,1000000,1,1024,-1.8905460083120764e-05,9.801622134652507e-05
2.0,33,1000000,1,4096,-8.020184030359609e-05,-0.0011121578629303731
2.0,33,50000,4,1,0.006540649719909106,0.0007293428736047223
2.0,33,50000,4,64,-0.003794481231461199,-0.0013728498767293742
2.0,33,50000,4,1024,0.0010630741368901158,-0.0024673166246888855
2.0,33,50000,4,4096,-0.0016160297271827998,-0.0031071922879149015
2.0,33,200000,4,1,0.004851242622144789,-0.0006962079491298744
2.0,33,200000,4,64,0.001627139103607705,0.0007023626590305845
2.0,33,200000,4,1024,-0.0005444671178317334,-0.0030984308844941204
2.0,33,200000,4,4096,-0.0003701483330385893,0.0012241627227141032
2.0,33,1000000,4,1,0.0015288998365038055,-0.00046547610382829203
2.0,33,1000000,4,64,0.000916038450166511,0.0005483208393835914
2.0,33,1000000,4,1024,0.0007832594381253999,-0.0014787657096921505
2.0,33,1000000,4,4096,0.00034392551943943924,0.000906637284135475
2.0,34,50000,1,1,0.16862224057944053,0.0005322750795911786
2.0,34,50000,1,64,-0.000548291907396116,-0.0009723357588138502
2.0,34,50000,1,1024,-0.005759277404607748,0.002173004781951253
2.0,34,50000,1,4096,0.003627477698213604,0.004210224506417187
2.0,34,200000,1,1,0.16850120129895066,-0.00014041301285669654
2.0,34,200000,1,64,-0.0015033100424170105,-0.00129632812745104
2.0,34,200000,1,1024,0.0010161493877579822,0.000453692221164111
2.0,34,200000,1,4096,-0.00172324830954619,0.000523528996331764
2.0,34,1000000,1,1,0.1674159537075301,-0.0003130933729628882
2.0,34,1000000,1,64,-9.470223387241791e-05,0.00015288218048654448
2.0,34,1000000,1,1024,0.0006692572957617363,-1.3782009512460307e-05
2.0,34,1000000,1,4096,0.0006686906743570826,0.00010612070056991964
2.0,34,50000,4,1,-0.0002145433885556566,-0.002359593468915342
2.0,34,50000,4,64,0.0009380038912949949,-0.003906252639955845
2.0,34,50000,4,1024,-0.001961740941037962,-0.004311432858064745
2.0,34,50000,4,4096,0.002752286063504341,0.0020697219465693312
2.0,34,200000,4,1,0.00041338671853993595,-0.002927938974291892
2.0,34,200000,4,64,0.0014789471592472553,0.0001475350118043555
2.0,34,200000,4,1024,-0.0010490181782698074,-0.0006923906506047057
2.0,34,200000,4,4096,0.0023895700311245397,0.000977070196347833
2.0,34,1000000,4,1,0.0013018354764097238,-7.643504411820529e-05
2.0,34,1000000,4,64,0.0002806822995634757,0.0013239726402971845
2.0,34,1000000,4,1024,-0.00010522998397333982,0.0014417176785721574
2.0,34,1000000,4,4096,-0.0004460486282824055,-8.865526681474986e-05
2.0,35,50000,1,1,0.16439171350691284,0.0009673155109371265
2.0,35,50000,1,64,-0.000195619157011067,-0.003014294706620052
2.0,35,50000,1,1024,-0.004015485346761711,-0.006405348355908165
2.0,35,50000,1,4096,-0.0020324737515921157,0.004163798478186399
2.0,35,200000,1,1,0.16761314010224343,-0.0003281625551217437
2.0,35,200000,1,64,-0.00010561430935655992,-0.002183811664325588
2.0,35,200000,1,1024,0.00025520500030704773,-0.0021495472714407483
2.0,35,200000,1,4096,-0.00042106595973366557,0.0004455208969481937
2.0,35,1000000,1,1,0.166251758767728,-0.001166514636058782
2.0,35,1000000,1,64,0.0008652945784141666,2.892837279391664e-05
2.0,35,1000000,1,1024,0.0006480026704297765,-0.0005920316366135892
2.0,35,1000000,1,4096,-0.0008954914201937292,-0.00030941541522050946
2.0,35,50000,4,1,-0.0015695433582328952,-0.006429200111333779
2.0,35,50000,4,64,-0.0033679814295174346,0.0004946072537589714
2.0,35,50000,4,1024,-0.003385815548613171,-0.0031586491508281416
2.0,35,50000,4,4096,0.000578598856854122,0.0003884280966736824
2.0,35,200000,4,1,3.876888650238288e-05,-0.0023820089429088457
2.0,35,200000,4,64,-0.001533864996340159,0.0023219423470818294
2.0,35,200000,4,1024,-0.00048032118944590376,-0.000382053647826454
2.0,35,200000,4,4096,0.0010613678882094673,-0.0008232711622369619
2.0,35,1000000,4,1,0.0011786270752523079,-0.00034132441141136765
2.0,35,1000000,4,64,-0.001262716508399877,0.00017243183886471664
2.0,35,1000000,4,1024,-3.0301735031279183e-05,-0.00019080959887228586
2.0,35,1000000,4,4096,-0.000136494456876836,0.0008453492704911413
2.0,36,50000,1,1,0.1612518624789383,0.0036902333672681024
2.0,36,50000,1,64,-0.0014000430143326146,0.0003981495373101299
2.0,36,50000,1,1024,0.0022564928265758903,-0.0004137124380695276
2.0,36,50000,1,4096,0.0026583566577420958,-0.004228456628079609
2.0,36,200000,1,1,0.16720230339499972,0.0021398961766346375
2.0,36,200000,1,64,0.0012156684975010844,0.00016083246041223033
2.0,36,200000,1,1024,0.00043902700987436547,0.0007254708841586395
2.0,36,200000,1,4096,-0.0002977522721105505,-0.0008481649492745617
2.0,36,1000000,1,1,0.16632471885616698,-0.00026770456189875735
2.0,36,1000000,1,64,0.0003839084077443092,0.0010732855534821952
2.0,36,1000000,1,1024,0.0006046922707776667,7.784454004073617e-05
2.0,36,1000000,1,4096,-0.00042646862973957846,-0.00016377726814831002
2.0,36,50000,4,1,-0.0014177334225615333,0.005176670594371999
2.0,36,50000,4,64,0.002446006396337877,0.00038988330392080686
2.0,36,50000,4,1024,0.0015432083870748705,-0.0024247788731196693
2.0,36,50000,4,4096,0.0037416126744759188,0.001053584748633296
2.0,36,200000,4,1,0.002191371308189192,0.0013676562853962052
2.0,36,200000,4,64,0.003062390992209515,-0.0011163704301107745
2.0,36,200000,4,1024,-0.001407480616317838,-0.002747406778192974
2.0,36,200000,4,4096,0.0005592370622329786,-0.0004625276728175726
2.0,36,1000000,4,1,0.000731874809538346,-0.0011988154040258202
2.0,36,1000000,4,64,-0.0010504938939440204,-9.849096861259589e-05
2.0,36,1000000,4,1024,0.00014857083854472966,-0.0014163695439466286
2.0,36,1000000,4,4096,0.0005496127624826407,0.00020507802724602738
2.0,37,50000,1,1,0.16728230124969465,0.001876309115937247
2.0,37,50000,1,64,-0.0006214272342533299,-0.0011828136002931023
2.0,37,50000,1,1024,0.00556778711220307,0.0002098442603884816
2.0,37,50000,1,4096,0.0017941050214298386,0.002187138979905227
2.0,37,200000,1,1,0.16756065313744276,-0.0001977293760174212
2.0,37,200000,1,64,0.00047739956563453383,-0.00045930695387854596
2.0,37,200000,1,1024,0.0009729438453169086,-0.0009895552329523326
2.0,37,200000,1,4096,0.0008144571908066563,4.975180745573424e-05
2.0,37,1000000,1,1,0.16701955459703235,-0.0011894838759718925
2.0,37,1000000,1,64,-0.00010993290877424294,0.0003712743111369545
2.0,37,1000000,1,1024,3.870244172924647e-05,-0.00016284268841989407
2.0,37,1000000,1,4096,-0.000309253225338261,-0.0002817462400439191
2.0,37,50000,4,1,-0.0020809293868917513,0.0018218627456256986
2.0,37,50000,4,64,-0.00020574873008395042,0.0002031919976641093
2.0,37,50000,4,1024,0.0042443581361473305,-0.004330937347100902
2.0,37,50000,4,4096,0.0037637489444360133,0.000987257304028908
2.0,37,200000,4,1,-0.0010060815229809158,0.00173659810172819
2.0,37,200000,4,64,-0.0006009162046976465,-0.0007169811216624722
2.0,37,200000,4,1024,-0.0003887496864578292,-0.0008822141920941145
2.0,37,200000,4,4096,-0.0001038875353492914,0.0013695434416956841
2.0,37,1000000,4,1,0.0014095251324975386,6.704606010496606e-05
2.0,37,1000000,4,64,0.0010113965324733307,0.0007747181494205599
2.0,37,1000000,4,1024,-0.0005420983389074256,-0.0004123392307345653
2.0,37,1000000,4,4096,3.820744086093664e-05,-0.0010265137450305812
2.0,38,50000,1,1,0.16568631706886966,0.003967166120951218
2.0,38,50000,1,64,-0.0005057949770158218,-0.0031757580176594957
2.0,38,50000,1,1024,0.002354961396609662,0.0018690602757926
2.0,38,50000,1,4096,0.00033745079587566094,0.0070496955726339254
2.0,38,200000,1,1,0.1665891060238111,0.00436601183705446
2.0,38,200000,1,64,-0.0013026253722636433,-0.0012992596948659507
2.0,38,200000,1,1024,0.002355122055479199,0.003197337039027689
2.0,38,200000,1,4096,-0.002841853064338723,0.0030283171553466656
2.0,38,1000000,1,1,0.16687409732721142,0.0015567082235442744
2.0,38,1000000,1,64,-0.0011941716681015727,-0.0007790106912958847
2.0,38,1000000,1,1024,0.0007855871460282063,-0.0004988854438466471
2.0,38,1000000,1,4096,-0.00029578085575991767,0.00046828218679614175
2.0,38,50000,4,1,-0.00046014097946685706,0.0019926575794866836
2.0,38,50000,4,64,-0.0024776077761549044,0.0019185303539731974
2.0,38,50000,4,1024,-0.0015437447261592604,0.003335456219019052
2.0,38,50000,4,4096,0.0003651156919930484,-0.0019242199980955632
2.0,38,200000,4,1,6.92171084721288e-05,0.002341015007818977
2.0,38,200000,4,64,-0.001190327526500092,-0.001438259316737603
2.0,38,200000,4,1024,-0.00014524633773553734,0.0011064330745548566
2.0,38,200000,4,4096,-0.0013881140735083784,-0.0002021798894107983
2.0,38,1000000,4,1,0.0011974733517678361,0.00073263047497239
2.0,38,1000000,4,64,-0.001375516153374532,0.0009000327774101933
2.0,38,1000000,4,1024,-0.0002890928347909334,0.0009912924239112585
2.0,38,1000000,4,4096,-0.00019796118023637774,-0.0004655729921389174
2.0,39,50000,1,1,0.16195755244182722,-0.0003104725003915024
2.0,39,50000,1,64,0.00209562867220049,0.0010163340866839105
2.0,39,50000,1,1024,0.0034762616524371135,0.005209266856406131
2.0,39,50000,1,4096,0.0020893548627272116,-7.933634787917704e-05
2.0,39,200000,1,1,0.16487146217892212,-0.0009396305517821639
2.0,39,200000,1,64,7.051685467280364e-05,-0.00034111377655193196
2.0,39,200000,1,1024,0.0008241368043819823,0.0015321326634672133
2.0,39,200000,1,4096,0.0004309845000552012,0.001670569727222213
2.0,39,1000000,1,1,0.16497919743076556,-0.0017627887886333576
2.0,39,1000000,1,64,0.0003760446506209627,2.4154217395215554e-05
2.0,39,1000000,1,1024,0.0008500304940505636,0.0004436329715442098
2.0,39,1000000,1,4096,-0.0017923796849516453,8.92092621503021e-05
2.0,39,50000,4,1,-0.0007893149429623924,-0.0019856611507375497
2.0,39,50000,4,64,0.005730409153576719,0.004287489313611218
2.0,39,50000,4,1024,-0.003118653387532225,0.00252382438223948
2.0,39,50000,4,4096,-0.0020104126155520126,0.0023017828039754956
2.0,39,200000,4,1,-3.979449899329149e-05,-0.002225912298878301
2.0,39,200000,4,64,-0.0003470320972285932,0.0018124615146238626
2.0,39,200000,4,1024,-0.0007938348840838779,0.0008590062644799317
2.0,39,200000,4,4096,-0.0007219160187214372,0.0006417211388581288
2.0,39,1000000,4,1,-0.0002822841403583569,-0.0004891875349761845
2.0,39,1000000,4,64,-0.0006725798874853028,0.00032501724657579253
2.0,39,1000000,4,1024,0.00030881962831929514,-0.00047651865739263506
2.0,39,1000000,4,4096,0.0002220402620251148,0.00033012449649929616
2.0,40,50000,1,1,0.16572550840389755,-0.00026700665125663225
2.0,40,50000,1,64,-0.0025469819061884886,0.0002622432836136169
2.0,40,50000,1,1024,0.0008392688299482651,0.0021896025650223433
2.0,40,50000,1,4096,-0.004010529314828471,-0.001984223189509211
2.0,40,200000,1,1,0.16857821930064135,-0.0017386847795666084
2.0,40,200000,1,64,-0.0008009101820304586,0.0020392970448445966
2.0,40,200000,1,1024,0.0009600108593556455,0.0021298088064296227
2.0,40,200000,1,4096,-0.0005299034095746342,-0.00016726245395333036
2.0,40,1000000,1,1,0.167175973796289,-0.0006166128832518867
2.0,40,1000000,1,64,-0.0010229613896369151,0.0009129809807802451
2.0,40,1000000,1,1024,0.0005856523408003195,-0.00014000707860939025
2.0,40,1000000,1,4096,0.0003237424174845936,0.0005410735672104917
2.0,40,50000,4,1,-0.0022049934683895183,2.1803277522076796e-05
2.0,40,50000,4,64,7.189171083745078e-05,-0.0038679809031945496
2.0,40,50000,4,1024,-0.005440154241467642,-0.003330274770799174
2.0,40,50000,4,4096,-0.003532976557781683,0.003073780892058442
2.0,40,200000,4,1,0.0004899039778593296,-0.0008216903310666078
2.0,40,200000,4,64,-0.00023293811118909425,-0.00019887881999691487
2.0,40,200000,4,1024,-0.002627119482458506,-0.0037199266229678684
2.0,40,200000,4,4096,-0.0004313823030868765,0.002257248611587719
2.0,40,1000000,4,1,0.000874684825549432,2.843216849206373e-05
2.0,40,1000000,4,64,-0.0010521332005467095,0.00023268347087831642
2.0,40,1000000,4,1024,0.0006931692301533913,-0.001243458413017964
2.0,40,1000000,4,4096,-0.0006564855962248158,0.00013727307071526612
2.0,41,50000,1,1,0.1652179890533541,0.0009296301445836876
2.0,41,50000,1,64,0.0013874944815585766,-0.00032734893105723243
2.0,41,50000,1,1024,0.006561493074615168,0.0006021574376251213
2.0,41,50000,1,4096,0.0009421863693364032,-0.0013373357732353096
2.0,41,200000,1,1,0.16631643512973068,-5.851316526166274e-05
2.0,41,200000,1,64,0.0019099186792626251,0.0017398091874289761
2.0,41,200000,1,1024,3.814534030521682e-05,-0.002808771220423246
2.0,41,200000,1,4096,-0.0015194709857114218,-0.001960233585692122
2.0,41,1000000,1,1,0.16661973206685426,0.0004626458410453771
2.0,41,1000000,1,64,8.854947455842948e-05,0.0006896745246408384
2.0,41,1000000,1,1024,0.00027710875512099034,-0.0018686789308915968
2.0,41,1000000,1,4096,0.0005327533123215891,-0.0005656970180236036
2.0,41,50000,4,1,-0.0020011337233529058,-0.003774698232315276
2.0,41,50000,4,64,-0.0005911821801093599,0.003499622927736379
2.0,41,50000,4,1024,-0.0021048581265428797,-0.0005717135033807988
2.0,41,50000,4,4096,-0.005672424227385183,-0.0012918053521277857
2.0,41,200000,4,1,0.0013287032253357384,-0.0008580626783901666
2.0,41,200000,4,64,0.001895750672388633,-0.0017048004607455453
2.0,41,200000,4,1024,-0.0005605466188163907,-0.003184537287100528
2.0,41,200000,4,4096,-0.004108840223358191,-0.0006997115188856436
2.0,41,1000000,4,1,0.0010766250121566148,-0.0005366950571329361
2.0,41,1000000,4,64,0.0023741587986727763,-0.0012840510795816117
2.0,41,1000000,4,1024,1.494605434976774e-05,5.751650438076032e-05
2.0,41,1000000,4,4096,-0.0013085931388366501,7.605485369445134e-05
2.0,42,50000,1,1,0.17022142033544915,0.0013492231930992882
2.0,42,50000,1,64,0.0013382214680935224,-0.0006710584492949951
2.0,42,50000,1,1024,0.0024457183795774137,-0.004898306136164385
2.0,42,50000,1,4096,-7.369343635973119e-05,-0.002474355496670476
2.0,42,200000,1,1,0.16945802721175632,0.0019075084542246711
2.0,42,200000,1,64,0.002652595094289272,0.0015176415686284927
2.0,42,200000,1,1024,0.0007446392643881486,-1.7940241038364386e-05
2.0,42,200000,1,4096,-0.000627729741753069,-0.0016056555135145908
2.0,42,1000000,1,1,0.16677781354462387,0.00011468782310003092
2.0,42,1000000,1,64,0.00032267806115354047,-0.0002992740516752262
2.0,42,1000000,1,1024,0.001386946612211544,-0.00017346147583310295
2.0,42,1000000,1,4096,-0.0004151631322266856,0.0003170480845397671
2.0,42,50000,4,1,0.0009501170640849428,-0.007187221355339186
2.0,42,50000,4,64,-0.006052556942876694,0.0007073469041310843
2.0,42,50000,4,1024,0.003444018132535837,0.0031366269886123534
2.0,42,50000,4,4096,-0.0015774512273015568,0.001552624347282999
2.0,42,200000,4,1,0.0013277799557836227,-0.0024236705405187103
2.0,42,200000,4,64,0.00018763440838880788,0.002783655197842536
2.0,42,200000,4,1024,0.001722364454841741,-0.0006874426860978877
2.0,42,200000,4,4096,-0.0012468746859562241,-0.0021273155165734223
2.0,42,1000000,4,1,0.00029246898473087745,-0.0006349728693551148
2.0,42,1000000,4,64,-0.0012557044105322977,0.0008445266313671157
2.0,42,1000000,4,1024,0.0007428828225242963,0.00039735710183734545
2.0,42,1000000,4,4096,-0.0007535240929689988,0.00012857254940640736
2.0,43,50000,1,1,0.16384175009769938,0.003126355162574738
2.0,43,50000,1,64,-0.0006429852180723886,0.005943016447340404
2.0,43,50000,1,1024,-0.0008515749159213714,0.0032390625777183944
2.0,43,50000,1,4096,0.0009940637654378337,-0.0046469327035586865
2.0,43,200000,1,1,0.16503158457365757,0.0025434704416513504
2.0,43,200000,1,64,0.0022248951783986363,-0.0006448534182417437
2.0,43,200000,1,1024,0.0004047571020988443,0.00043801791243311004
2.0,43,200000,1,4096,0.0009364064255676222,0.0008827206021089811
2.0,43,1000000,1,1,0.1674183838003863,-0.000167785021599253
2.0,43,1000000,1,64,0.0005240382549934351,-0.0010031317824234784
2.0,43,1000000,1,1024,-0.00023497708675642652,-0.0004841830267107807
2.0,43,1000000,1,4096,-0.0007319260361532457,-0.0009549848604400256
2.0,43,50000,4,1,0.005100563641128247,-0.001272463880723483
2.0,43,50000,4,64,0.0035771943969853614,-0.00432896677716128
2.0,43,50000,4,1024,0.00867638910020275,0.001744994290415088
2.0,43,50000,4,4096,0.005500475402056417,0.001259289164485827
2.0,43,200000,4,1,0.001105960558181109,-0.0017466457430918266
2.0,43,200000,4,64,-0.00019506285772141093,-0.002635458387280272
2.0,43,200000,4,1024,0.0016317917156980452,-0.00024202911592609568
2.0,43,200000,4,4096,0.00045423622709776725,-0.0022836948188941996
2.0,43,1000000,4,1,0.001205183734024784,-0.00013760018641014013
2.0,43,1000000,4,64,-0.0001771863620284171,0.00015495063508907538
2.0,43,1000000,4,1024,0.00034379666180594945,-0.0006956648171674224
2.0,43,1000000,4,4096,7.233139798596995e-05,-0.0010630712195385363
2.0,44,50000,1,1,0.1628761664506505,0.005031136257871596
2.0,44,50000,1,64,0.002940796714616483,0.0010526774032084249
2.0,44,50000,1,1024,0.002028792953181421,-0.0005912979458324203
2.0,44,50000,1,4096,-0.0008938437419276205,0.0010823502111110088
2.0,44,200000,1,1,0.16639386775586065,0.0019349904055268163
2.0,44,200000,1,64,-0.0001124165360384793,-0.00020395954829679211
2.0,44,200000,1,1024,-0.0011300941761609822,0.0004668866348167153
2.0,44,200000,1,4096,0.00011187379417545533,0.0018078833819982507
2.0,44,1000000,1,1,0.16594000747175033,0.0005443939668197271
2.0,44,1000000,1,64,-0.00013758141154017573,-0.00014598951349923206
2.0,44,1000000,1,1024,-0.0007511439184730048,0.0006562730474986362
2.0,44,1000000,1,4096,-0.0009657996109670528,-0.00021447350459357853
2.0,44,50000,4,1,-0.0016568126519615446,-0.0044402772925225325
2.0,44,50000,4,64,-0.00038677323775240254,0.003192998982249392
2.0,44,50000,4,1024,-0.002328109201550397,0.0004469415541170961
2.0,44,50000,4,4096,0.0044485107366744525,-0.001156366902834587
2.0,44,200000,4,1,0.0014503746074746979,-0.0013350338524409518
2.0,44,200000,4,64,-0.0018145203746925834,0.0006562105741561554
2.0,44,200000,4,1024,-0.0012854137455823537,-0.0019088997942474908
2.0,44,200000,4,4096,0.0008832912938230471,-0.0017850895431318569
2.0,44,1000000,4,1,0.0011178839053789845,-0.0005435979169454639
2.0,44,1000000,4,64,-0.0007029746623674267,0.0005985731875360318
2.0,44,1000000,4,1024,-0.00040525343192515987,-0.00040527066799818894
2.0,44,1000000,4,4096,-0.00019245623174158033,0.0003340320665378862
2.0,45,50000,1,1,0.17186623386555394,0.005287451212532613
2.0,45,50000,1,64,-0.0013231520402514905,-0.005199704098859428
2.0,45,50000,1,1024,0.0007040509541561311,0.0028770162537679854
2.0,45,50000,1,4096,-0.005703846128306021,0.0037535286055028027
2.0,45,200000,1,1,0.16869973953666925,0.0015977220087877138
2.0,45,200000,1,64,-0.0016020174107333055,-0.0016927752061616137
2.0,45,200000,1,1024,0.00020096543389327027,0.0030204132324089896
2.0,45,200000,1,4096,-0.0007708083144550475,-0.0003727017061013371
2.0,45,1000000,1,1,0.16540012179525804,0.0009736675207982268
2.0,45,1000000,1,64,-0.0002682600985727015,-5.550793701012074e-05
2.0,45,1000000,1,1024,-0.00038074568396463237,0.00044083096158642905
2.0,45,1000000,1,4096,0.00016721912624864655,0.0014539711082133637
2.0,45,50000,4,1,0.005609343920713275,-0.0029682790060428085
2.0,45,50000,4,64,-0.0029762950546797437,-0.0016470556849648291
2.0,45,50000,4,1024,0.00258024090505909,0.000554793087647675
2.0,45,50000,4,4096,0.0017688480030555605,-0.0025364345825374295
2.0,45,200000,4,1,0.0029160149227948416,0.001039910038222722
2.0,45,200000,4,64,-0.0010691627560283467,-0.000938056214434571
2.0,45,200000,4,1024,0.003012709667756108,-0.001268843204302888
2.0,45,200000,4,4096,0.002003137297931742,-0.0010224416285190424
2.0,45,1000000,4,1,6.119099736498254e-05,0.0006730436265479305
2.0,45,1000000,4,64,-0.0002364233771345939,-0.0002948269029550355
2.0,45,1000000,4,1024,0.0016499769285506943,-0.001554212397078801
2.0,45,1000000,4,4096,-0.00046264612650916105,-0.00027756514123853944
2.0,46,50000,1,1,0.16672518011560317,-0.0013203118168492861
2.0,46,50000,1,64,0.00347688281967275,0.004582136161517885
2.0,46,50000,1,1024,0.002793374602450517,-0.002105278731535131
2.0,46,50000,1,4096,0.0058045495084425225,6.2091575672627e-05
2.0,46,200000,1,1,0.16568070979083838,0.001858649302956888
2.0,46,200000,1,64,-0.000633606668313197,0.0027442397104697775
2.0,46,200000,1,1024,0.0014006887518437118,0.0012222413113484297
2.0,46,200000,1,4096,0.0010868236110665726,0.0018089233709841842
2.0,46,1000000,1,1,0.16560797313151845,3.6224199302870706e-05
2.0,46,1000000,1,64,0.0009384321542948225,0.001245129538188221
2.0,46,1000000,1,1024,0.0008214050178566155,-0.0006073483849246561
2.0,46,1000000,1,4096,-0.0005782250222442511,0.0014911526196245
2.0,46,50000,4,1,0.0016557954249132667,-0.00021007799390068894
2.0,46,50000,4,64,0.0010426126061766582,-0.003319092675879794
2.0,46,50000,4,1024,0.000800505729346444,-0.0032821788671379194
2.0,46,50000,4,4096,0.000491537246171376,-0.0045036238274334195
2.0,46,200000,4,1,3.1109163445033166e-05,0.0008348982684000844
2.0,46,200000,4,64,-0.0016611135791388938,-0.0017020150204956278
2.0,46,200000,4,1024,0.0027663427777449654,-0.0007821350767424799
2.0,46,200000,4,4096,-0.0003230431866038277,-0.0017250020277019317
2.0,46,1000000,4,1,0.00141733902355711,0.0005130463976817824
2.0,46,1000000,4,64,-0.0001129093668944807,-0.0006006046506449702
2.0,46,1000000,4,1024,0.0009635336275598295,-0.0009439867477171574
2.0,46,1000000,4,4096,0.0007507692963943987,-0.000978299329552586
2.0,47,50000,1,1,0.16240582694301403,-0.0010471325013802115
2.0,47,50000,1,64,0.0036183153168791913,-0.00010763480032031286
2.0,47,50000,1,1024,0.001803297086237148,-0.00281913000120593
2.0,47,50000,1,4096,-0.002366214104567568,3.746088360366201e-05
2.0,47,200000,1,1,0.16549775695063662,-0.002140096294143706
2.0,47,200000,1,64,0.0006914654337037978,0.0010216696853295524
2.0,47,200000,1,1024,0.0008557516115073827,-0.0006954652317553661
2.0,47,200000,1,4096,-0.002670798522329049,0.0004412980019672318
2.0,47,1000000,1,1,0.1671305585548882,0.0008727823205140629
2.0,47,1000000,1,64,-0.0002084693992490935,-0.0006594755124058445
2.0,47,1000000,1,1024,0.0002028815158283173,-0.000588129589225949
2.0,47,1000000,1,4096,-0.001958386267199517,-0.0007124291320552508
2.0,47,50000,4,1,-0.004600401967821224,0.006452452875745504
2.0,47,50000,4,64,-0.0026685792611190555,0.004132619806465201
2.0,47,50000,4,1024,0.004126632347804878,-0.004319471057518293
2.0,47,50000,4,4096,-0.0017834639828857167,0.0023700205698471708
2.0,47,200000,4,1,-0.0008328525258312496,0.0015131876305336336
2.0,47,200000,4,64,-0.0002628993586433802,0.0034644172699981927
2.0,47,200000,4,1024,0.0020921396904008925,-0.0022925001260681965
2.0,47,200000,4,4096,0.002339364261469531,0.0011778632126764766
2.0,47,1000000,4,1,0.0005880765400071826,7.293798620251127e-05
2.0,47,1000000,4,64,-0.0005913104995832357,0.0007418784848397293
2.0,47,1000000,4,1024,0.0009587667818318073,-0.0007633274144949601
2.0,47,1000000,4,4096,-9.658484961289315e-05,0.000238668266531152
2.0,48,50000,1,1,0.17039059682544896,0.0009557307218345712
2.0,48,50000,1,64,0.004694481728667149,-0.00035522520956110374
2.0,48,50000,1,1024,-0.0032818753304536307,-0.0038714975692142155
2.0,48,50000,1,4096,-0.00452957115547269,0.004766541490731564
2.0,48,200000,1,1,0.16864228983793206,0.0006560640694741969
2.0,48,200000,1,64,0.0012553798140390567,-0.0006010769997311195
2.0,48,200000,1,1024,0.0015009487267842207,-0.0010431440206312608
2.0,48,200000,1,4096,-0.0022528020043434613,-4.662026158409107e-05
2.0,48,1000000,1,1,0.1657695549557018,0.0008238439823611911
2.0,48,1000000,1,64,0.0015624253400659737,0.0005866475292345955
2.0,48,1000000,1,1024,0.0016997166826061034,-0.0008380193640820383
2.0,48,1000000,1,4096,0.00022401041001760647,-0.000651268046488089
2.0,48,50000,4,1,0.006431715553749395,-0.0016254976522405609
2.0,48,50000,4,64,-0.003777848706648052,-0.003305743178810205
2.0,48,50000,4,1024,0.001622745026634404,-0.005276289526639487
2.0,48,50000,4,4096,0.004548643819453897,0.000238162781728171
2.0,48,200000,4,1,0.0013411607739131292,0.0021930114117297574
2.0,48,200000,4,64,-0.0013379100763295545,-0.0033783946018496698
2.0,48,200000,4,1024,0.0014793009328957119,-0.0010148282308730797
2.0,48,200000,4,4096,0.002049793269559332,0.0008574402119658648
2.0,48,1000000,4,1,-0.00020634047991117577,0.0010949753253598382
2.0,48,1000000,4,64,0.0003186431174112348,-0.0012170203598671054
2.0,48,1000000,4,1024,0.0008909019560717466,6.338202985574529e-05
2.0,48,1000000,4,4096,0.0013214906779940186,-0.0006927566389679811
2.0,49,50000,1,1,0.16535528388213094,0.0023623159130223
2.0,49,50000,1,64,0.0016661747771038475,-0.0032011916303005365
2.0,49,50000,1,1024,0.001503513703636312,0.003576600619359774
2.0,49,50000,1,4096,-0.0026550419850485353,0.0075704097438742185
2.0,49,200000,1,1,0.16683316864352826,-0.001202733998115771
2.0,49,200000,1,64,0.0006909870312735347,-0.0009121413991762399
2.0,49,200000,1,1024,0.0025085931705751113,0.0009708532045192483
2.0,49,200000,1,4096,0.0018020797852108111,0.00025927174061188556
2.0,49,1000000,1,1,0.16615923559314083,-0.0016399442333461223
2.0,49,1000000,1,64,0.0018828498211701998,-7.391026499424615e-05
2.0,49,1000000,1,1024,0.0004165927744661491,6.810095449321103e-05
2.0,49,1000000,1,4096,-0.0007640421962753519,-0.0007719469095756214
2.0,49,50000,4,1,0.0013829237040485815,0.0018628396723001704
2.0,49,50000,4,64,0.0007146174972392877,-0.0008517403541012356
2.0,49,50000,4,1024,-0.004628630087698992,-0.0011785678952833127
2.0,49,50000,4,4096,0.0010445943027939824,-0.004316074415728987
2.0,49,200000,4,1,0.0007792844856133618,-9.745191742649291e-05
2.0,49,200000,4,64,-0.0022779813846416017,0.0008990377657600822
2.0,49,200000,4,1024,-0.0011725666068493313,0.00178981725806163
2.0,49,200000,4,4096,0.0006181799016661963,-0.00017813863342073868
2.0,49,1000000,4,1,0.000496210335704274,-0.0011377287927186292
2.0,49,1000000,4,64,-4.873279958061306e-05,-0.00013385233111283158
2.0,49,1000000,4,1024,0.0012179328264520805,0.0009248598462051495
2.0,49,1000000,4,4096,7.405442032967598e-05,-9.746417753800429e-06
2.0,50,50000,1,1,0.16645853544975409,-0.006924048394664911
2.0,50,50000,1,64,0.004959519927310239,-0.00028591224029027
2.0,50,50000,1,1024,-0.0014370074061340794,-0.001063216985668674
2.0,50,50000,1,4096,-0.006454418453811243,-0.002818451513512394
2.0,50,200000,1,1,0.16672184057117415,-0.0017849235079078402
2.0,50,200000,1,64,0.0014245353645992102,-0.0031128155662993977
2.0,50,200000,1,1024,-0.0012259282145385259,0.002125690551135934
2.0,50,200000,1,4096,-0.0012065938491804202,-0.00046105679059623914
2.0,50,1000000,1,1,0.16710009187343347,-0.0009071432073045527
2.0,50,1000000,1,64,0.0018858500071252736,-0.00042638428417438544
2.0,50,1000000,1,1024,-7.347563627498068e-05,0.0008746742212567421
2.0,50,1000000,1,4096,0.00048083754459064885,0.0013386629017452486
2.0,50,50000,4,1,-0.00019265186934867745,2.7697107977816632e-05
2.0,50,50000,4,64,-0.0005573041468517517,-0.002131545419712503
2.0,50,50000,4,1024,-0.003799167799536497,0.002769557822658672
2.0,50,50000,4,4096,0.0017470565928361618,-0.0020247885433186297
2.0,50,200000,4,1,0.0011323856149345315,-0.0018855767040650223
2.0,50,200000,4,64,0.001220059625749799,-0.0030770800327102124
2.0,50,200000,4,1024,-0.002777456985459479,0.001264385781009995
2.0,50,200000,4,4096,0.00183429949144225,-0.003039918634009466
2.0,50,1000000,4,1,0.00020626705530354071,-8.163503199453112e-05
2.0,50,1000000,4,64,-5.603059578480763e-05,-0.0004914985686853518
2.0,50,1000000,4,1024,0.00029904518454038374,-0.0007544414930798512
2.0,50,1000000,4,4096,0.0002524818977977417,-0.0010680939472079332
2.0,51,50000,1,1,0.1618040779302867,0.0010720270915823306
2.0,51,50000,1,64,-0.00468871331711982,0.003877012247712384
2.0,51,50000,1,1024,-0.00041770448627934375,-0.004299963052600217
2.0,51,50000,1,4096,-0.0028184088132251414,0.009583188123197276
2.0,51,200000,1,1,0.16445184248508687,0.0008337281548111047
2.0,51,200000,1,64,0.00025559459386651726,0.0018536732558664336
2.0,51,200000,1,1024,-0.002918840982398567,-0.0010739863498784575
2.0,51,200000,1,4096,0.0007512399387305224,0.0017007148275733673
2.0,51,1000000,1,1,0.16653119690323048,-0.00020082450650661825
2.0,51,1000000,1,64,0.0008964422292398922,0.000653568475146052
2.0,51,1000000,1,1024,-0.0006712052740141354,-0.0013758548561503732
2.0,51,1000000,1,4096,0.0010804102324265402,0.00018506937890418204
2.0,51,50000,4,1,-0.0008424403691752565,-0.002264608648928965
2.0,51,50000,4,64,0.0024860334227630875,-0.00021865599076773516
2.0,51,50000,4,1024,0.0011667222066926906,0.003075332748959941
2.0,51,50000,4,4096,-0.0022018668848792556,-0.0035032406814332695
2.0,51,200000,4,1,-0.0006924172470877009,-0.0006331840214413547
2.0,51,200000,4,64,0.0036553853312423948,0.0004956153346577557
2.0,51,200000,4,1024,-0.0004329682619090696,0.002718106561640496
2.0,51,200000,4,4096,-0.0008149018441364571,-0.002475505638542159
2.0,51,1000000,4,1,0.0009926995192275601,-0.0009473586322942933
2.0,51,1000000,4,64,-0.00028588656416617385,0.0008260697239615165
2.0,51,1000000,4,1024,0.0005347634865402123,0.0003292953130718206
2.0,51,1000000,4,4096,0.0005854330351190809,-0.0004645629717711806
2.0,52,50000,1,1,0.1705895919128295,0.0014925338890376476
2.0,52,50000,1,64,-0.003907740000911689,0.002743660638039569
2.0,52,50000,1,1024,0.0012611438741179108,0.005637334947807585
2.0,52,50000,1,4096,0.001209898781406954,-0.0005322247429675898
2.0,52,200000,1,1,0.1662762719861646,-0.0012523840038016216
2.0,52,200000,1,64,-0.0014051019921145491,0.0010083666992758474
2.0,52,200000,1,1024,4.554319070621734e-05,0.003513106268918971
2.0,52,200000,1,4096,0.001047712870615101,0.00029169309424652756
2.0,52,1000000,1,1,0.1662141162786469,-0.00140232589257597
2.0,52,1000000,1,64,6.602288511546057e-05,-0.00023828446148664174
2.0,52,1000000,1,1024,-0.0003223775549842192,0.00022785779460108337
2.0,52,1000000,1,4096,-0.001433150605955642,4.983898185278838e-05
2.0,52,50000,4,1,0.00299703364506815,0.0029277693005462318
2.0,52,50000,4,64,-0.0024004426859874496,0.000285811494714674
2.0,52,50000,4,1024,0.0021634490004971093,-0.0007518121842796112
2.0,52,50000,4,4096,-0.0016566716933768464,0.005835168788782572
2.0,52,200000,4,1,0.00020943797812819894,0.0024056213964216413
2.0,52,200000,4,64,-0.0019867000172291557,0.0012152408385056885
2.0,52,200000,4,1024,0.0012655273175339772,-0.0003766130043493051
2.0,52,200000,4,4096,0.00010959959757948885,0.002751909243669125
2.0,52,1000000,4,1,0.0012573335029629597,0.0004075623298375639
2.0,52,1000000,4,64,-0.0003304059473597702,-9.024013795190122e-05
2.0,52,1000000,4,1024,6.9753669912741e-05,0.0006834367138380794
2.0,52,1000000,4,4096,0.0004361018515094128,0.0006238115027944308
2.0,53,50000,1,1,0.16655506936028897,0.00148048103297586
2.0,53,50000,1,64,-0.0063545567702575,0.0007091190124664588
2.0,53,50000,1,1024,-0.0024191816690717458,0.004383334527472295
2.0,53,50000,1,4096,0.0060964781382784276,-0.002065591880722735
2.0,53,200000,1,1,0.16621447002960849,0.0014228553473204645
2.0,53,200000,1,64,-0.002354773156712135,0.0002635717999222688
2.0,53,200000,1,1024,0.0016374505005769383,-0.0001484182846175553
2.0,53,200000,1,4096,0.00026533022992227575,0.0003778731832543617
2.0,53,1000000,1,1,0.16638050207124547,0.001072843826756128
2.0,53,1000000,1,64,-0.0006516792512376436,0.00019781032477191515
2.0,53,1000000,1,1024,0.00018774568639797325,-0.00024899859423420145
2.0,53,1000000,1,4096,-0.00021368206101021915,-0.0008691798803642154
2.0,53,50000,4,1,0.0003013168337162188,-0.00029252245427638086
2.0,53,50000,4,64,-0.0017050562970309553,0.004301840783194246
2.0,53,50000,4,1024,-0.004243474691683584,0.00035530440419504264
2.0,53,50000,4,4096,0.0028213583422127407,-0.000614719591016352
2.0,53,200000,4,1,1.4885115908446373e-05,0.0006602108438651567
2.0,53,200000,4,64,-0.0010308785346372653,0.0027341999453485994
2.0,53,200000,4,1024,-0.00347223044399784,-0.0014500071225760222
2.0,53,200000,4,4096,0.00039231865490357956,0.0005548701309622316
2.0,53,1000000,4,1,0.0019296603743445783,0.00025694477751905294
2.0,53,1000000,4,64,0.0006943931436867771,0.00021366329200895066
2.0,53,1000000,4,1024,-0.001107772469795959,-0.000944766739373845
2.0,53,1000000,4,4096,-0.00012232415310155998,0.0006769269910242936
2.0,54,50000,1,1,0.17337254546533765,0.0015424833151068769
2.0,54,50000,1,64,0.00471844000615388,-0.00034983585900916144
2.0,54,50000,1,1024,0.0002881727613538315,-0.009173409437564239
2.0,54,50000,1,4096,0.001186091121524629,-0.005050467279014458
2.0,54,200000,1,1,0.16662186311698124,0.002048007913804094
2.0,54,200000,1,64,0.0006589572471836173,0.00020375765324618758
2.0,54,200000,1,1024,-0.0009253801934971813,-0.001883658253366486
2.0,54,200000,1,4096,0.0022567939102698916,-0.0015518692923832081
2.0,54,1000000,1,1,0.16720577872541828,7.525736547862539e-05
2.0,54,1000000,1,64,-8.378948454248879e-06,0.000781088306662844
2.0,54,1000000,1,1024,-0.0001464360384230481,-0.0001858483643103458
2.0,54,1000000,1,4096,0.00115763174346967,-0.001130284880485383
2.0,54,50000,4,1,0.0007674323320186372,0.000409487454257868
2.0,54,50000,4,64,0.004646066929368584,-0.008216707889116055
2.0,54,50000,4,1024,0.006365213108533178,0.003140507215417909
2.0,54,50000,4,4096,-0.002318830072917868,0.008691093686098864
2.0,54,200000,4,1,-0.0017756839680392548,0.0004654753559319243
2.0,54,200000,4,64,0.0028784805501923167,-0.0031668212142376977
2.0,54,200000,4,1024,-0.00036592233541458865,0.0033999291230519084
2.0,54,200000,4,4096,-0.0022680000138335273,0.000793892450686974
2.0,54,1000000,4,1,0.00014100936482483613,-8.093789991218585e-06
2.0,54,1000000,4,64,-0.00015310950041101066,-0.0014059347551408947
2.0,54,1000000,4,1024,0.00035673531707027786,0.0007181597451877935
2.0,54,1000000,4,4096,-0.0009510844682376854,0.001396708895210127
2.0,55,50000,1,1,0.1685195659158499,-0.00022695416549168315
2.0,55,50000,1,64,-0.0033351645397379833,-0.004084174541640301
2.0,55,50000,1,1024,0.0007417026108785311,0.0019491287085315254
2.0,55,50000,1,4096,-0.004945259746095342,0.004702325011387531
2.0,55,200000,1,1,0.16530586261653765,0.002967350915213739
2.0,55,200000,1,64,0.0012883490750063241,-0.0028078446063100485
2.0,55,200000,1,1024,0.00047349216092048906,-0.000747333195578748
2.0,55,200000,1,4096,-0.0024819175471822497,0.002772253605441025
2.0,55,1000000,1,1,0.16607990558789926,0.0011707772590446317
2.0,55,1000000,1,64,-9.895155316631256e-05,0.0003231019499686442
2.0,55,1000000,1,1024,-0.00019095450418736594,0.0003600381029923255
2.0,55,1000000,1,4096,-0.00044493832793893,0.00048028699501832263
2.0,55,50000,4,1,0.004543014561860201,0.0019820543656213084
2.0,55,50000,4,64,-0.00035329669028320626,0.0023739813161896346
2.0,55,50000,4,1024,0.0016637965585861324,0.0003751998204785055
2.0,55,50000,4,4096,-0.0002636687442274427,0.0060904036823047685
2.0,55,200000,4,1,0.00018085788812186235,0.0016162653922426938
2.0,55,200000,4,64,-0.0015618157205243657,-0.001090957517561288
2.0,55,200000,4,1024,0.0012025881478549658,-0.00037608911325291315
2.0,55,200000,4,4096,-0.0017700702715780798,0.0013942593488056778
2.0,55,1000000,4,1,0.0007205655412386485,-0.00013906728169920434
2.0,55,1000000,4,64,0.00024703112105351523,-0.0002731476989631427
2.0,55,1000000,4,1024,-0.00029951354400156277,-0.00045664591677263696
2.0,55,1000000,4,4096,-0.0010596941059879052,8.963132260671969e-06
2.0,56,50000,1,1,0.1652607251642714,-0.0029188169499377897
2.0,56,50000,1,64,-0.0038064790756671164,0.0038203904681754193
2.0,56,50000,1,1024,-0.0020059147243436876,-0.004945854283461883
2.0,56,50000,1,4096,-0.0010993599468908557,0.00041908286086837825
2.0,56,200000,1,1,0.1658586174910787,-0.0022070493927686427
2.0,56,200000,1,64,-0.0010947179759186498,0.0014894003892594995
2.0,56,200000,1,1024,0.000560610532880485,-0.0020808555918822315
2.0,56,200000,1,4096,-0.000103249437986995,-0.0006668352069120607
2.0,56,1000000,1,1,0.16646977131474044,-0.0010359568784327634
2.0,56,1000000,1,64,-0.0005430613956242428,-0.0002009038771419034
2.0,56,1000000,1,1024,0.0005757103756183354,0.00013039543454301466
2.0,56,1000000,1,4096,4.885875737075193e-05,0.00018807764716864984
2.0,56,50000,4,1,0.004044122193777403,-0.0026812918281041978
2.0,56,50000,4,64,0.005651236966605794,-0.001304156426919259
2.0,56,50000,4,1024,-0.0006500966582356052,0.0031935924098859102
2.0,56,50000,4,4096,0.0031802235620267227,-0.0018096094120250684
2.0,56,200000,4,1,0.003929903395461358,-0.00029169734022044713
2.0,56,200000,4,64,0.0022234168561365525,0.0024054289796831235
2.0,56,200000,4,1024,-0.00019374319610339298,-0.0002980100553924443
2.0,56,200000,4,4096,0.0005637734352587755,0.0004365248899445037
2.0,56,1000000,4,1,0.0011569067903575716,-0.0013388908329197593
2.0,56,1000000,4,64,0.0008381230183602645,0.0015787300243932554
2.0,56,1000000,4,1024,0.0008916516568651725,0.0010467595385110176
2.0,56,1000000,4,4096,0.00036766268589413515,-7.641215900569294e-05
2.0,57,50000,1,1,0.16485303727736275,-0.0029855600751533267
2.0,57,50000,1,64,-0.0035643176815077305,-0.0011239466168095405
2.0,57,50000,1,1024,0.003955966157724965,0.004108762154463493
2.0,57,50000,1,4096,0.0014524083382218092,0.001391528557770296
2.0,57,200000,1,1,0.16531966823279368,-0.00037414155639066155
2.0,57,200000,1,64,0.0012873841800198835,0.0008136607708826198
2.0,57,200000,1,1024,0.003981971354757049,0.0007121830622905628
2.0,57,200000,1,4096,0.0015968990546760876,-0.0014910611870942098
2.0,57,1000000,1,1,0.16616453316415003,-0.000320726169145552
2.0,57,1000000,1,64,0.0005596866739445023,-0.0006641131461272321
2.0,57,1000000,1,1024,0.0007922393293400046,-0.0002225443855300406
2.0,57,1000000,1,4096,1.591207478827112e-05,0.00032045187768779904
2.0,57,50000,4,1,-0.0021276526091393803,0.002582508666024166
2.0,57,50000,4,64,-0.004692869542142434,-0.0008885067984790081
2.0,57,50000,4,1024,-0.003677864838313569,-0.004990024133945165
2.0,57,50000,4,4096,0.0029805320203667666,0.0016144192292143445
2.0,57,200000,4,1,0.0013301865869165942,0.0014860998625316649
2.0,57,200000,4,64,8.190574709664179e-05,-0.000504236007970264
2.0,57,200000,4,1024,-0.002343370116593686,0.001122970507657928
2.0,57,200000,4,4096,0.0019458398970017526,0.001466094205490217
2.0,57,1000000,4,1,0.0007606973255057077,-0.0006901735694860125
2.0,57,1000000,4,64,-0.00014257310547018747,8.948635730288848e-05
2.0,57,1000000,4,1024,-0.0005267640661315571,-0.0008951803098817471
2.0,57,1000000,4,4096,-0.00026448162477233907,0.0008179880086660202
2.0,58,50000,1,1,0.1677051849428438,0.006090006709724968
2.0,58,50000,1,64,-0.0007864909015107352,-0.0004555795775924607
2.0,58,50000,1,1024,0.0029045184076041397,-0.0011550476569261734
2.0,58,50000,1,4096,-0.0024820269807544573,0.0008810258725559157
2.0,58,200000,1,1,0.16380421000417222,0.0005433570676288483
2.0,58,200000,1,64,0.0015092944192406869,-6.852632220001286e-05
2.0,58,200000,1,1024,-0.0014987152692032778,-0.0012941874698033317
2.0,58,200000,1,4096,-0.001595717954533434,-0.0009605311739814566
2.0,58,1000000,1,1,0.16617268555056336,-0.00035349672156274664
2.0,58,1000000,1,64,0.00028359093598517713,8.112495668879552e-05
2.0,58,1000000,1,1024,-0.0012540958908302975,-0.0009949219715454068
2.0,58,1000000,1,4096,-0.00039360884123988774,0.0010318996025871561
2.0,58,50000,4,1,0.0027153211821107285,-0.0002108104634733434
2.0,58,50000,4,64,-0.0021126613131815784,-0.0015106321331346572
2.0,58,50000,4,1024,-0.0035701910187480603,-0.0033369661770729204
2.0,58,50000,4,4096,-0.0031961689429193156,0.0037611819491191675
2.0,58,200000,4,1,-0.0010809352314723063,-0.0015590596899206586
2.0,58,200000,4,64,0.00036364675115045766,-3.4546943373832676e-05
2.0,58,200000,4,1024,-0.0004218615874450147,-0.001594848417269781
2.0,58,200000,4,4096,-0.0011629007611473746,-0.0006593319411459407
2.0,58,1000000,4,1,0.0019428607947473988,0.0007489104180815554
2.0,58,1000000,4,64,-9.937907649603295e-05,0.0006366383614083977
2.0,58,1000000,4,1024,-0.0008323662947388499,0.00016271230583155878
2.0,58,1000000,4,4096,-7.427496431120553e-05,-0.0005501457957346409
2.0,59,50000,1,1,0.16708252843979396,-0.0010798430257761933
2.0,59,50000,1,64,-0.002140646581055328,-0.0023460075193840377
2.0,59,50000,1,1024,-0.0012075555975881824,0.005679019452111191
2.0,59,50000,1,4096,-0.0013478063907050657,-0.004249871549229616
2.0,59,200000,1,1,0.16812837553731344,0.00040946980707820763
2.0,59,200000,1,64,0.001646769526778258,-0.0018375981410877426
2.0,59,200000,1,1024,-0.0011182859677019606,0.0027074463736948295
2.0,59,200000,1,4096,0.002720185342048417,-0.000739785245386594
2.0,59,1000000,1,1,0.16693210880153125,0.00030686915358544057
2.0,59,1000000,1,64,-1.0969938929257666e-05,0.0011025554375026943
2.0,59,1000000,1,1024,-0.0005647926084272717,0.0012384041465127427
2.0,59,1000000,1,4096,0.0018259003019872272,-9.137377744147355e-07
2.0,59,50000,4,1,0.0025318443472101605,0.001780040771736409
2.0,59,50000,4,64,-0.0010497410802792642,-0.0005635253992467762
2.0,59,50000,4,1024,0.0011291183323019107,-0.0018103355804425618
2.0,59,50000,4,4096,-0.001828240335239432,-0.004541270141337161
2.0,59,200000,4,1,0.0018780791891326515,0.001851615653069138
2.0,59,200000,4,64,0.0027677970012475396,-0.0019712070933489037
2.0,59,200000,4,1024,-0.0011429457018431056,-0.001502631269574773
2.0,59,200000,4,4096,-0.0001758552274875848,-0.0006394715107964179
2.0,59,1000000,4,1,0.0008509849609718423,0.0007409256549301686
2.0,59,1000000,4,64,0.00033832663192868615,0.00023263377817466546
2.0,59,1000000,4,1024,0.0001830702009888129,0.0007800389351926788
2.0,59,1000000,4,4096,0.00028270814454243293,-0.00020804456836975838
2.0,60,50000,1,1,0.1660431447190349,-0.0011959007757242402
2.0,60,50000,1,64,0.0005215167701495379,0.003542464770804999
2.0,60,50000,1,1024,0.0030943081592724347,0.0042736915320999705
2.0,60,50000,1,4096,0.00592703382937519,0.001484334777729458
2.0,60,200000,1,1,0.16599856890481268,-9.777943147803256e-05
2.0,60,200000,1,64,-0.0022739294546991885,0.0028814057776917566
2.0,60,200000,1,1024,-0.0014218659535732122,0.001446830146745362
2.0,60,200000,1,4096,0.0024965715480682873,0.0013057117878495811
2.0,60,1000000,1,1,0.16672045549416886,0.00048200816922379743
2.0,60,1000000,1,64,-0.0007368996419209031,0.00011243220973249962
2.0,60,1000000,1,1024,-0.000617630678794014,0.00044814847377782594
2.0,60,1000000,1,4096,0.00042831841856111455,0.0007989835305510453
2.0,60,50000,4,1,0.00045539410491496677,-0.0035740241467388
2.0,60,50000,4,64,-0.0013029804278804112,0.005666067096756518
2.0,60,50000,4,1024,0.0023203949833684842,0.0023398537304806324
2.0,60,50000,4,4096,-0.002464111284703623,-0.000987164635322995
2.0,60,200000,4,1,0.00020035717846325415,-0.002916134999156611
2.0,60,200000,4,64,-0.00016432951923807298,-0.0009346716467519091
2.0,60,200000,4,1024,0.00017843659954266416,-0.0005234592491221862
2.0,60,200000,4,4096,-0.0006130612854996699,-0.002440762054301592
2.0,60,1000000,4,1,0.0006979118452370902,-0.0004966482222898027
2.0,60,1000000,4,64,3.882863327196229e-05,0.0014984537179937587
2.0,60,1000000,4,1024,-0.0006688041191047985,-0.0004068133252561373
2.0,60,1000000,4,4096,0.0002959592048953231,-0.0006437528414019067
2.0,61,50000,1,1,0.1632905469670759,-0.0006160457355322184
2.0,61,50000,1,64,0.00021467242868174161,0.009414726745260296
2.0,61,50000,1,1024,0.001500228998484046,-0.0011354368092475183
2.0,61,50000,1,4096,0.003403227680596226,0.0006955105086081065
2.0,61,200000,1,1,0.16451782356103117,-3.952664055114881e-05
2.0,61,200000,1,64,-0.0009622838972981723,-0.0005427567578412863
2.0,61,200000,1,1024,0.0005525089861796011,0.0015591149325255406
2.0,61,200000,1,4096,0.0008413062760333326,-0.0004142584304110649
2.0,61,1000000,1,1,0.16661189372483934,-0.0009318857260814023
2.0,61,1000000,1,64,-0.00036587903373654063,0.0009872071315086156
2.0,61,1000000,1,1024,0.00042879293280553946,-0.00014558137633894502
2.0,61,1000000,1,4096,-0.0007424371549352414,0.001080353258940678
2.0,61,50000,4,1,0.0012656222585545756,0.007316604994088616
2.0,61,50000,4,64,-0.0025915492491555025,0.0012011240646111901
2.0,61,50000,4,1024,-0.004284951968653121,-0.00011145868961097518
2.0,61,50000,4,4096,0.0003291376471156105,-0.001041522944876533
2.0,61,200000,4,1,0.0008949632359287484,0.0038450356610349426
2.0,61,200000,4,64,-0.0008525038132197498,0.0012188351605596974
2.0,61,200000,4,1024,-0.00149793465605768,0.0011971625166011528
2.0,61,200000,4,4096,0.0007663843709882466,-6.788982210666794e-05
2.0,61,1000000,4,1,0.0015671326187272447,0.0008263729621926947
2.0,61,1000000,4,64,-0.00036391369095683076,-0.00023422005622609335
2.0,61,1000000,4,1024,5.5738669435040944e-05,0.0010483344974021112
2.0,61,1000000,4,4096,0.0002690750826669066,-0.001278663410012966
2.0,62,50000,1,1,0.16750875748396032,-0.001951290926309624
2.0,62,50000,1,64,-0.0030779195530626843,-0.00588377054954366
2.0,62,50000,1,1024,0.0016107715312041135,0.0030575933224921484
2.0,62,50000,1,4096,0.004955035100346635,0.00186559061459902
2.0,62,200000,1,1,0.16848916709846934,-0.0016934287936190224
2.0,62,200000,1,64,0.0013216964077134832,-0.0014514676627327844
2.0,62,200000,1,1024,0.0014112372938054737,-0.0003630124525501462
2.0,62,200000,1,4096,0.002215546634834609,0.00010002228043975685
2.0,62,1000000,1,1,0.16658471837318295,-0.00029923672023705753
2.0,62,1000000,1,64,0.0007086855810387861,-0.00036126680131198905
2.0,62,1000000,1,1024,0.0004750725323754297,0.0003295784257329152
2.0,62,1000000,1,4096,0.001208639895791165,0.00019703762732320231
2.0,62,50000,4,1,-0.0001398690853116619,-0.0006571261628595614
2.0,62,50000,4,64,0.002256304847875829,-0.003943256025035952
2.0,62,50000,4,1024,0.002863727457306625,-0.002627764652458608
2.0,62,50000,4,4096,-0.003968935421700011,-0.003713062421310935
2.0,62,200000,4,1,-0.00042254585791802034,-0.0006188283694582032
2.0,62,200000,4,64,0.0011989204704468,-1.808530916247326e-06
2.0,62,200000,4,1024,-0.0020900783795386557,-0.0017471541172753029
2.0,62,200000,4,4096,-0.00037050720589176995,0.0005975358909411171
2.0,62,1000000,4,1,0.0001817455175081976,0.00033743477195510396
2.0,62,1000000,4,64,0.00042870508919179407,-0.0012134734604080915
2.0,62,1000000,4,1024,0.00013907076467390884,-0.0007303150027111555
2.0,62,1000000,4,4096,-6.787348093398569e-05,-0.001060318685254025
2.0,63,50000,1,1,0.16879145700004577,0.00017060054889939732
2.0,63,50000,1,64,0.00016172796444842476,-0.0014965306564514208
2.0,63,50000,1,1024,0.00402734854091097,-0.003061476950520845
2.0,63,50000,1,4096,-0.0005826561143347929,-0.001112599617630722
2.0,63,200000,1,1,0.16669405121372785,-0.0002594167879937735
2.0,63,200000,1,64,0.0006837499033127264,-0.0008182090861516115
2.0,63,200000,1,1024,0.0018661480078390445,-0.0012392765777825138
2.0,63,200000,1,4096,0.0022037370104643034,6.280225075197295e-05
2.0,63,1000000,1,1,0.16652522758893828,0.0010490908119797876
2.0,63,1000000,1,64,-0.0006911089350897937,-0.0007661161201543127
2.0,63,1000000,1,1024,0.0008830806841546176,-0.0002982515913909634
2.0,63,1000000,1,4096,-0.00020214120324679177,0.0005072589029985377
2.0,63,50000,4,1,-0.00245504088551699,0.002576321623137581
2.0,63,50000,4,64,-0.004018711805498908,-0.0013746292961212523
2.0,63,50000,4,1024,-0.006239963449750483,-0.005324078817349453
2.0,63,50000,4,4096,-0.001033179916337764,-0.008024968431681757
2.0,63,200000,4,1,0.0020041066456696448,-0.001288736093863409
2.0,63,200000,4,64,0.00018581708113907055,-0.0020878479229827157
2.0,63,200000,4,1024,-0.0003971139710302709,-0.002823721099627629
2.0,63,200000,4,4096,0.0001557433903387829,-0.0009894968812817167
2.0,63,1000000,4,1,0.0005528241685695916,0.00032662518011282747
2.0,63,1000000,4,64,0.0002040856673730391,-0.0009624584862946695
2.0,63,1000000,4,1024,-0.0003463924495737469,0.00021340704589507893
2.0,63,1000000,4,4096,3.1627087195464134e-05,-0.000980568790205153
