beta,seed,n,k,real,imag,square
1.0001,0,50000,1,0.3581819407719968,0.23871956936906696,0.18528133549494696
1.0001,0,200000,1,0.17279624645387626,0.23082447964643663,0.08313848319259698
1.0001,0,1000000,1,0.09581693500748588,0.13226362418025345,0.0266745513155241
1.0001,0,50000,2,-0.2285551294796629,0.1636627335377044,0.07902293756049909
1.0001,0,200000,2,-0.09263632595385109,-0.056251706417650614,0.0117457433611257
1.0001,0,1000000,2,-0.019813081231852672,0.0015906454790361008,0.00039508834093997063
1.0001,0,50000,4,0.06930161474455042,-0.047375407511827866,0.0070471430431138455
1.0001,0,200000,4,0.00831350227402386,-0.08152166713896816,0.0067148965331769225
1.0001,0,1000000,4,-0.005300508937356727,-0.04807716273167069,0.002339508971322544
1.0001,0,50000,8,0.03345423375028075,-0.0023519209859150817,0.0011247172881424113
1.0001,0,200000,8,0.006124736988301418,-0.01669233306248732,0.0003161463862448748
1.0001,0,1000000,8,0.00468132217386448,-0.035446936362534646,0.0012784000747850964
1.0001,1,50000,1,0.36271591297889505,-0.03380351900957974,0.13270551142554443
1.0001,1,200000,1,0.036600679625651875,0.22813458635902686,0.0533849992422639
1.0001,1,1000000,1,-0.05233350580331866,0.07188083807876607,0.00790565071257177
1.0001,1,50000,2,-0.07774629764491793,-0.09937657001094169,0.015920189464631765
1.0001,1,200000,2,0.02185435654099889,-0.1921007382098066,0.03738030652057375
1.0001,1,1000000,2,0.019358940545936055,-0.03818656898251406,0.0018329826297173917
1.0001,1,50000,4,-0.06242887516405589,-0.09561106828599672,0.013038840833038802
1.0001,1,200000,4,-0.08424868909364595,-0.1246422830756669,0.022633540344312496
1.0001,1,1000000,4,-0.030095566002420002,-0.029978190570462464,0.001804435002884983
1.0001,1,50000,8,-0.04975168498103526,0.06438033427314689,0.006620057599574301
1.0001,1,200000,8,-0.06204174518084852,-0.018321312859814216,0.0041848486499925334
1.0001,1,1000000,8,-0.040677959472283136,-0.0040138624559548815,0.0016708074786440335
1.0001,2,50000,1,0.18165693656710044,-0.6240755494300432,0.4224695339993538
1.0001,2,200000,1,-0.12556411775941403,-0.25104984459840085,0.07879237214158122
1.0001,2,1000000,1,-0.06489045259610657,-0.05351029450545441,0.0070741224561880174
1.0001,2,50000,2,-0.16302728752656165,-0.012534016848743305,0.026734998056632785
1.0001,2,200000,2,0.08778490423751192,0.07747059385477807,0.013707882324201117
1.0001,2,1000000,2,0.003865098768211897,0.004115061023705496,3.1872715716853245e-05
1.0001,2,50000,4,-0.004813823199133985,0.0863510428176581,0.0074796754894895425
1.0001,2,200000,4,0.1907610718419815,0.015288085908371251,0.036623512101043365
1.0001,2,1000000,4,0.011681940763649134,-0.004660875899284929,0.00015819150415394243
1.0001,2,50000,8,-0.0999182960355682,0.013861456673393207,0.010175805863759801
1.0001,2,200000,8,0.07201147969577244,-0.05815336624491562,0.008567467213589938
1.0001,2,1000000,8,-0.0002584172738140015,0.010239008867901586,0.00010490408208437278
1.0001,3,50000,1,-0.014044153972439277,-0.20912800240771567,0.04393175965184312
1.0001,3,200000,1,0.1514062327177296,-0.26945784117683685,0.09553137547745674
1.0001,3,1000000,1,0.08866043338622577,-0.0053037828655577105,0.007888802560918362
1.0001,3,50000,2,-0.10240760288163366,0.09788185673534171,0.020068175005920338
1.0001,3,200000,2,-0.14537216042453655,-0.014273592489421866,0.021336800469051273
1.0001,3,1000000,2,-0.07984663395718522,0.02347206279379057,0.006926422686088371
1.0001,3,50000,4,-0.07620902679145514,-0.003798330137252547,0.005822243076332287
1.0001,3,200000,4,-0.05876066463480135,-0.0010661633399450382,0.003453952412591037
1.0001,3,1000000,4,-0.023251891780727185,-0.02943050846102594,0.001406805299657168
1.0001,3,50000,8,-0.14789130976074516,-0.11436167798819878,0.03495043289502514
1.0001,3,200000,8,-0.05465778537332741,-0.02413080930230073,0.003569769459500728
1.0001,3,1000000,8,-0.03381524905409171,0.0010174441598193296,0.0011445062612086008
1.0001,4,50000,1,0.30303551869475764,-0.236392254185888,0.1477118234296863
1.0001,4,200000,1,0.14492134395952597,0.00773353253364926,0.02106200346048425
1.0001,4,1000000,1,0.07334304167053833,-0.019404327816565713,0.005755729699499068
1.0001,4,50000,2,-0.12292791978621312,-0.1618867351147086,0.04131858846906546
1.0001,4,200000,2,-0.08598117334898264,-0.07219733845247016,0.01260521785008833
1.0001,4,1000000,2,0.02143440130312673,0.005320855809583818,0.00048774506576986274
1.0001,4,50000,4,-0.03645014857006598,-0.04410360493173894,0.0032737412987547906
1.0001,4,200000,4,-0.048740571234876046,-0.059414217422484615,0.005905692516228301
1.0001,4,1000000,4,0.0460523300413752,0.0018317374170507973,0.0021241723642047724
1.0001,4,50000,8,0.024489635444125836,0.04639387978285104,0.002752134325491819
1.0001,4,200000,8,-0.010444861476705616,0.0038427770426317036,0.0001238620666669463
1.0001,4,1000000,8,0.011255016571055404,0.02131987747919059,0.0005812125737424299
1.0001,5,50000,1,0.19453624041114087,-0.47448646469467687,0.26298175401175405
1.0001,5,200000,1,0.08520739329916016,-0.08096696230738382,0.013815948858123074
1.0001,5,1000000,1,0.03190526572152763,0.01807947452840574,0.0013448133799845582
1.0001,5,50000,2,-0.2494778348902414,-0.04889881224382791,0.0646302839403797
1.0001,5,200000,2,-0.01662371437028454,-0.05093948820465323,0.0028711793380168105
1.0001,5,1000000,2,-0.05995635495318528,-0.0252173930119672,0.0042306814095923575
1.0001,5,50000,4,-0.0011433024342722366,0.005885806906797409,3.594986340031691e-05
1.0001,5,200000,4,-0.0401980333098352,-0.02110929737108359,0.0020614843174794565
1.0001,5,1000000,4,-0.023630939979177278,0.012230548569849694,0.0007080076426189315
1.0001,5,50000,8,0.021363913062489883,0.027660656560784,0.0012215287027152687
1.0001,5,200000,8,-0.03581795361579799,0.005709658066812998,0.0013155259964633787
1.0001,5,1000000,8,-0.029477018310966035,-0.002584615738209613,0.0008755748470192276
1.0001,6,50000,1,0.006519037735221139,0.6531243040957831,0.42661385445359423
1.0001,6,200000,1,0.08209911250392457,0.07164211685685372,0.011872857181663147
1.0001,6,1000000,1,-0.11906508284008015,-0.002791045534891114,0.014184283886892983
1.0001,6,50000,2,-0.2071560552319945,-0.09624867521155292,0.05217743869926016
1.0001,6,200000,2,-0.1139003630287641,0.05618523133829893,0.016130072918622416
1.0001,6,1000000,2,0.06057031420677459,0.011654375684138633,0.003804587435694441
1.0001,6,50000,4,-0.0968552996782617,-0.007530920455469852,0.009437663838672495
1.0001,6,200000,4,-0.05219824895396847,0.015185550020680531,0.0029552581232910606
1.0001,6,1000000,4,0.06370813848557941,0.005497595032162785,0.004088950460435426
1.0001,6,50000,8,-0.08388123446441516,0.0404467611112542,0.008672001979665056
1.0001,6,200000,8,-0.03399787425100173,0.021897191506558486,0.0016353424494618231
1.0001,6,1000000,8,0.027984961820194835,0.010962030491833159,0.0009033242005816424
1.0001,7,50000,1,0.004407585275370672,-0.3894309447879978,0.15167588756643224
1.0001,7,200000,1,-0.009283083166707175,-0.08719130742799457,0.007688499724083064
1.0001,7,1000000,1,-0.02907052600004504,0.004895247560547531,0.0008690589305983411
1.0001,7,50000,2,0.28743402195503437,0.16506746060313335,0.10986558352721416
1.0001,7,200000,2,0.16199101143256003,0.06747352859129886,0.030793764845504626
1.0001,7,1000000,2,0.02919296506336213,0.04661509274706771,0.0030251960810084065
1.0001,7,50000,4,-0.017569212362560076,0.20442991595062673,0.04210026775862104
1.0001,7,200000,4,0.07889632662085941,-0.020285795740367946,0.00663614386308526
1.0001,7,1000000,4,0.0005254364839202874,-0.02008615912616146,0.0004037298719401138
1.0001,7,50000,8,-0.08349525629315437,0.14150512955801425,0.026995159514689938
1.0001,7,200000,8,-0.04582430915586643,-0.016160402111268492,0.0023610259060103146
1.0001,7,1000000,8,-0.020608093887401226,-0.018173808501602905,0.0007549808491248778
1.0001,8,50000,1,-0.19491619338000185,-0.5373295670485408,0.32671538606632256
1.0001,8,200000,1,-0.19275300280144061,-0.0109187859059587,0.03727293997463233
1.0001,8,1000000,1,0.08682594137572162,-0.0775005829341631,0.01354508445091534
1.0001,8,50000,2,0.026652063261775407,0.4333374746884201,0.18849169944544683
1.0001,8,200000,2,0.09601429012684844,-0.004419225435029862,0.00923827346200824
1.0001,8,1000000,2,-0.011858620232538752,-0.006036207167669674,0.00017706267079060423
1.0001,8,50000,4,-0.24667819125781928,0.05432015893490017,0.06380080970894209
1.0001,8,200000,4,0.05724659481963809,-0.10661045861599529,0.014642962504756659
1.0001,8,1000000,4,-0.0449858502765028,0.009711849526920039,0.002118046746333464
1.0001,8,50000,8,0.007900263842836997,-0.10604143610456293,0.01130720033990454
1.0001,8,200000,8,0.00790970450361366,-0.0851261648022076,0.0073090273592670936
1.0001,8,1000000,8,-0.005129598050340255,-0.0020340575167931496,3.045016613967726e-05
1.0001,9,50000,1,-0.3073023906311614,0.4725886879948501,0.31777482730832063
1.0001,9,200000,1,-0.1622983401565809,0.019685129167888404,0.02672825552793769
1.0001,9,1000000,1,-0.17418217695130814,0.04839497049246222,0.03268150393646311
1.0001,9,50000,2,0.057807513806014454,-0.2777646526466528,0.08049491091234821
1.0001,9,200000,2,0.05710538656278596,0.026937906947827963,0.003986676005215054
1.0001,9,1000000,2,0.17606815985106986,-0.03343154471897655,0.03211766509563882
1.0001,9,50000,4,0.05941957031187542,-0.09162878646999088,0.011926519846011091
1.0001,9,200000,4,0.005291122583038102,0.052261363631460056,0.002759246106808432
1.0001,9,1000000,4,0.0976890210892161,0.0012731898605704475,0.009544765853790367
1.0001,9,50000,8,-0.18344344846670496,-0.07163941883850403,0.03878370511687524
1.0001,9,200000,8,-0.0973434146974131,-0.06998956265702205,0.014374279265873757
1.0001,9,1000000,8,0.046080807358548824,-0.0005768287102868843,0.002123773538176699
1.0001,10,50000,1,0.2348257580614291,0.5124208968971298,0.3177183122259837
1.0001,10,200000,1,-0.04164864548783539,-0.06991476101501506,0.006622683478758062
1.0001,10,1000000,1,0.13116315708033277,-0.1338972620683279,0.035132250564674526
1.0001,10,50000,2,-0.18518872478965118,-0.16947951384510995,0.06301816940239198
1.0001,10,200000,2,-0.09429543007995882,0.07753262507211992,0.014902936084538321
1.0001,10,1000000,2,-0.09803524296885009,0.09630786017050892,0.01888611279458377
1.0001,10,50000,4,-0.10231951190408979,0.132719632369207,0.02808378333250863
1.0001,10,200000,4,-0.10544592747605891,0.06438290171319426,0.015264001654297107
1.0001,10,1000000,4,-0.0697606915886749,0.01770652355220639,0.005180075067235055
1.0001,10,50000,8,0.04247545793681055,-0.09614539306427954,0.011048101134426572
1.0001,10,200000,8,0.04691260063189959,0.03316557488724687,0.0033007474556496857
1.0001,10,1000000,8,-0.002256372509117559,-0.012156184766622486,0.00015286404498016605
1.0001,11,50000,1,-0.12022669527017799,0.11251335000693594,0.02711371218537151
1.0001,11,200000,1,0.20061459800685036,0.0801137406820755,0.046664428379525
1.0001,11,1000000,1,-0.03359697820339111,0.04000335130635621,0.002729025060138888
1.0001,11,50000,2,-0.09727355197818235,0.21273262461323442,0.054717313489287454
1.0001,11,200000,2,-0.021693712069095143,0.12102926943147181,0.015118701202452602
1.0001,11,1000000,2,0.08072073467457305,0.007481098771246496,0.006571803845227967
1.0001,11,50000,4,-0.08880052364134247,0.22858648852176464,0.06013731573368746
1.0001,11,200000,4,0.0007891902984936687,0.02424118617865056,0.0005882579286752355
1.0001,11,1000000,4,0.0822124556578251,0.003881393690107149,0.006773953082267461
1.0001,11,50000,8,-0.10333094705476978,-0.04090759722284311,0.012350716129781999
1.0001,11,200000,8,-0.028535726678451796,-0.05460107727545945,0.0037955653367080003
1.0001,11,1000000,8,0.06717999800923591,-0.03889743383573099,0.006026162491526011
1.0001,12,50000,1,0.30262524324251744,0.3509661546580397,0.21475927956304391
1.0001,12,200000,1,0.368004575789748,0.17731713325974008,0.1668687335496448
1.0001,12,1000000,1,0.012088898744985468,0.04649277191239894,0.0023077193129648634
1.0001,12,50000,2,-0.2167034417529306,-0.09056339912578182,0.055162110928781455
1.0001,12,200000,2,-0.11791583435964165,-0.0770591655594044,0.01984225898944214
1.0001,12,1000000,2,0.02232849391487203,-0.05901364558386387,0.003981172005604373
1.0001,12,50000,4,-0.07130753224969946,0.08382948097402224,0.012112146035915887
1.0001,12,200000,4,0.009381295749618651,0.028943397061100273,0.000925728943378321
1.0001,12,1000000,4,0.08719628603256924,0.01696520395492737,0.007891010443105913
1.0001,12,50000,8,-0.007039861456568172,0.026453942175003787,0.0007493707059261183
1.0001,12,200000,8,-0.00013494109537731447,0.0071802704877258075,5.157449337612784e-05
1.0001,12,1000000,8,0.06956130964816007,0.029702564900878727,0.0057210181616581205
1.0001,13,50000,1,-0.20094426932140974,0.07527703400731166,0.046045231222053215
1.0001,13,200000,1,-0.02535724090799592,0.0046171250395607676,0.0006643075100970809
1.0001,13,1000000,1,0.010091872209600276,-0.0660077148905967,0.004458864309773203
1.0001,13,50000,2,0.1648444939427272,-0.28980162194548226,0.11115868726546604
1.0001,13,200000,2,0.0957734546876551,-0.2128345703380318,0.054471108953782925
1.0001,13,1000000,2,-0.015919193465146482,-0.015314189934209296,0.00048794513392179986
1.0001,13,50000,4,0.07004844716594215,-0.19183911979440768,0.041709032833852897
1.0001,13,200000,4,0.08349435002681993,-0.16175082562615758,0.033134636077144765
1.0001,13,1000000,4,-0.018837720260053654,0.03070600535121977,0.001297718469225173
1.0001,13,50000,8,-0.08140552045161116,-0.12508117308665828,0.022272158620732247
1.0001,13,200000,8,0.03515265746427331,-0.0763832075750613,0.007070103726255433
1.0001,13,1000000,8,-0.015106193273696307,0.005011855004286902,0.00025331576580626323
1.0001,14,50000,1,-0.044101825821039886,0.21282692601535314,0.04724027147789393
1.0001,14,200000,1,-0.14039296751212693,-0.06938212657219926,0.024524064814541807
1.0001,14,1000000,1,0.0532475069730779,0.013377416240293536,0.003014252264114049
1.0001,14,50000,2,0.2352087443330279,-0.2548019157180502,0.12024716966430807
1.0001,14,200000,2,0.1811468605391115,0.012472875333940687,0.03296975770227233
1.0001,14,1000000,2,-0.02327233783596003,-0.03479645698795082,0.0017523951272653683
1.0001,14,50000,4,0.04699178843492789,-0.16214384423730535,0.028498854404364556
1.0001,14,200000,4,0.1283515825062734,0.020961811504707096,0.016913526273423577
1.0001,14,1000000,4,0.015267743905600548,0.011459465775262488,0.00036442335982141496
1.0001,14,50000,8,-0.021526021442732354,-0.13840684151039342,0.019619823376036134
1.0001,14,200000,8,0.08957212674659532,0.03318963264978088,0.009124717605335536
1.0001,14,1000000,8,0.013593222267241686,0.017661177465836893,0.00049669288108642
1.0001,15,50000,1,0.27677980016334663,0.5593568440982021,0.3894871368179625
1.0001,15,200000,1,0.1201183704573032,0.19592106674400195,0.05281348731542559
1.0001,15,1000000,1,0.06327234184060566,0.08439872506783017,0.011126534035069642
1.0001,15,50000,2,-0.04900813351371887,-0.06257030582490279,0.00631684032152036
1.0001,15,200000,2,-0.04800732275607393,0.0250974729573934,0.0029345861870529472
1.0001,15,1000000,2,-0.0741063602948654,-0.040531938165843724,0.007134590647632184
1.0001,15,50000,4,-0.02234481503239902,0.12808442723359256,0.016904911258589592
1.0001,15,200000,4,-0.0672200896947546,0.04442334557354671,0.006491974090517606
1.0001,15,1000000,4,0.020424330236689905,-0.04242627768694164,0.002217142303986848
1.0001,15,50000,8,0.0626344970089065,-0.03358627764225065,0.005051118261421064
1.0001,15,200000,8,-0.02127051668863722,0.02846686612632444,0.0012627973472556723
1.0001,15,1000000,8,0.02390045275201509,-0.033564563802081504,0.0016978115849753059
1.0001,16,50000,1,-0.06989427371061765,0.4840918212090429,0.23923010085902274
1.0001,16,200000,1,0.1437237229246691,0.10989820489776835,0.03273412397107892
1.0001,16,1000000,1,-0.0665905651718078,0.05797007738100353,0.007794833241460319
1.0001,16,50000,2,0.013224700895709967,-0.21462501644978593,0.046238790399851876
1.0001,16,200000,2,-0.051752330854661056,-0.016932450667877977,0.0029650116345104243
1.0001,16,1000000,2,0.09113782053092591,0.011563951259659862,0.008439827299863051
1.0001,16,50000,4,-0.1250539883792609,-0.06660102994628325,0.020074197199466043
1.0001,16,200000,4,-0.10844281633507377,-0.07234306645175528,0.016993363678325626
1.0001,16,1000000,4,0.07330934183371422,0.015054359094252888,0.005600893327831076
1.0001,16,50000,8,-0.0774876951454033,-0.03740526653135705,0.007403496863228817
1.0001,16,200000,8,-0.004981598661791304,0.009869135916067735,0.00012221616895697902
1.0001,16,1000000,8,0.07698859386396634,-0.01160987192779946,0.0060620327113306595
1.0001,17,50000,1,-0.28213634247608094,0.26642631859110133,0.15058389898378743
1.0001,17,200000,1,-0.045451523186339396,0.014892227551876011,0.0022876194014152026
1.0001,17,1000000,1,0.01630429577899095,-0.042831869735761544,0.0021003991259100677
1.0001,17,50000,2,0.2986914071583967,-0.4085448782606895,0.2561254742633048
1.0001,17,200000,2,0.050026264530993104,-0.020849938565419654,0.002937347081106672
1.0001,17,1000000,2,-0.045809153454826945,0.027533533264716695,0.002856573994287144
1.0001,17,50000,4,0.23937663853187247,-0.23854600617715996,0.11420537213789238
1.0001,17,200000,4,-0.03501781212697725,-0.06224721983096211,0.005100963542844397
1.0001,17,1000000,4,0.004619063387955113,0.0003107607182175276,2.1432318805934442e-05
1.0001,17,50000,8,0.02632106458614514,-0.19046315492885688,0.03696901182640176
1.0001,17,200000,8,-0.04310792099430422,-0.03205716638634462,0.002885954769172958
1.0001,17,1000000,8,0.00413325565648544,-0.0038257796860232656,3.172039252785717e-05
1.0001,18,50000,1,-0.2686761870041614,0.18173734701398453,0.10521535676277656
1.0001,18,200000,1,-0.3993171822591611,0.17499183066861124,0.190076352848148
1.0001,18,1000000,1,-0.02159413894374388,-0.1108827805137467,0.012761297851181443
1.0001,18,50000,2,0.31293764309699973,-0.3749265017773509,0.23849985020210707
1.0001,18,200000,2,0.3580565800302411,-0.19983193821682646,0.16813731803444598
1.0001,18,1000000,2,0.05622575761225848,0.0587769179858477,0.006616061906987509
1.0001,18,50000,4,0.14808980257385304,-0.3276707010909765,0.12929867797981484
1.0001,18,200000,4,0.1469805898627199,-0.1424846825329357,0.04190517855290454
1.0001,18,1000000,4,0.005535004557688784,-0.013494371568295123,0.00021273433947684734
1.0001,18,50000,8,-0.08366592657057036,-0.23239194087394788,0.06100600145207256
1.0001,18,200000,8,0.03555057938667945,-0.07536865359379152,0.006944277639269543
1.0001,18,1000000,8,0.00029142086276616794,-0.005028777830093242,2.5373532583692682e-05
1.0001,19,50000,1,0.15913730828001457,-0.07185292902002893,0.030487526295365715
1.0001,19,200000,1,0.30053244661533157,-0.10014002377051977,0.1003477758293574
1.0001,19,1000000,1,-0.005403900040095329,0.004508694196863277,4.953045900417088e-05
1.0001,19,50000,2,-0.19806660278960067,-0.09261137937934606,0.047807246731158604
1.0001,19,200000,2,-0.152803202765994,0.020025457127226653,0.02374983770869987
1.0001,19,1000000,2,0.006510743490484743,-0.00967431285141931,0.00013598210994602628
1.0001,19,50000,4,-0.13165909486839608,-0.11764986463160157,0.031175607909399494
1.0001,19,200000,4,-0.043160173087519335,-0.0037579706148459287,0.001876922884086674
1.0001,19,1000000,4,0.017703077943603585,-0.07186511643138206,0.005477993928373404
1.0001,19,50000,8,0.055471389524347554,0.06838875710676046,0.007754097154369375
1.0001,19,200000,8,0.014637862497732327,0.016604507762293608,0.0004899766965305872
1.0001,19,1000000,8,0.01567342389379246,-0.05078974651204298,0.002825254567312086
1.0001,20,50000,1,0.31119043677806174,0.1468240367919749,0.11839678572201205
1.0001,20,200000,1,0.06397605190642772,-0.133789380790094,0.02199253362973071
1.0001,20,1000000,1,0.0889041983677848,-0.0175775757835579,0.008212927657845152
1.0001,20,50000,2,-0.16724221454215354,-0.16976725579470522,0.05679087946502859
1.0001,20,200000,2,0.020832115287275885,0.014431356771086949,0.0006422410855967508
1.0001,20,1000000,2,-0.01175382058121563,0.01722507801990763,0.00043485561104731306
1.0001,20,50000,4,-0.051591619267500576,-0.06462318230792687,0.0068378508702462894
1.0001,20,200000,4,-0.0634233427768276,-0.06081867042262064,0.00772143108096232
1.0001,20,1000000,4,-0.01873639233159341,0.010636618929055026,0.000464190059845324
1.0001,20,50000,8,-0.05133321320191126,-0.024641711323486644,0.003242312714582927
1.0001,20,200000,8,-0.021996078827109224,-0.0643055883966249,0.0046190361828045414
1.0001,20,1000000,8,-0.019645065182024295,-0.0027850581850588723,0.0003936851351001467
1.0001,21,50000,1,0.12048791723736034,-0.284010724037973,0.09517942956877065
1.0001,21,200000,1,-0.125120934707062,-0.07620731290429185,0.02146280284206152
1.0001,21,1000000,1,0.013766106850976364,-0.005863148052463233,0.00022388220291760178
1.0001,21,50000,2,-0.2073529251921303,0.22730339721815337,0.09466206997264678
1.0001,21,200000,2,0.07171225885773838,0.20171293956727337,0.04583075805934976
1.0001,21,1000000,2,-0.030861831025743598,0.05606046844948982,0.004095228737037794
1.0001,21,50000,4,-0.10560556057780504,-0.037256381592236584,0.012540572394298795
1.0001,21,200000,4,0.06408149884099855,0.02048893585717735,0.004526234986268425
1.0001,21,1000000,4,0.007680790117190241,0.00889045513691096,0.0001380347293657538
1.0001,21,50000,8,0.033437094812073125,-0.019026661459884357,0.0014800531557806163
1.0001,21,200000,8,0.019462148105389418,0.04361676322472807,0.0022811972430781037
1.0001,21,1000000,8,0.005549686223013087,0.020064484478157285,0.0004333825545481158
1.0001,22,50000,1,0.3602360544421968,-0.1803446367068008,0.16229420290898935
1.0001,22,200000,1,0.06656116680221616,-0.021055902824332166,0.004873739969820162
1.0001,22,1000000,1,0.042397747000679865,0.10271560955994534,0.012348065398004792
1.0001,22,50000,2,-0.17361407560845915,0.13044998545162872,0.04715904595370991
1.0001,22,200000,2,-0.09023837074233794,0.002360018732572259,0.008148533242649724
1.0001,22,1000000,2,-0.06708210633427766,-0.059601202315376085,0.008052312307681726
1.0001,22,50000,4,-0.0025425177723681033,-0.1540972379708577,0.023752423146869955
1.0001,22,200000,4,-0.028872986741266753,-0.09470743025668604,0.009803146709186417
1.0001,22,1000000,4,-0.045338020386333756,-0.013169394976949024,0.0022289690566105057
1.0001,22,50000,8,-0.01584915480439441,0.05575303902037925,0.0033595970680215903
1.0001,22,200000,8,-0.010724715238466175,-0.04357463827388462,0.0020137686176460797
1.0001,22,1000000,8,-0.03001696579517705,-0.028605340267321484,0.0017192837273580731
1.0001,23,50000,1,0.31009477244168615,-0.02008320705008753,0.09656210310107782
1.0001,23,200000,1,0.259683316255875,0.1746869406709416,0.09795095198262184
1.0001,23,1000000,1,-0.012632390673872536,0.08150804685152642,0.006803138995687967
1.0001,23,50000,2,-0.08376332764409739,-0.20143172935662848,0.04759103664961443
1.0001,23,200000,2,-0.11755181945019183,-0.02066473343275283,0.014245461463897229
1.0001,23,1000000,2,0.04960157437575352,-0.05707033126442594,0.005717338891184721
1.0001,23,50000,4,-0.028068150526897283,0.08249486181151067,0.007593223299300806
1.0001,23,200000,4,-0.021691174749072326,0.10269213459746325,0.011016181570178302
1.0001,23,1000000,4,0.028672972722554896,0.014550557371681679,0.001033858084574977
1.0001,23,50000,8,0.06725268448047222,0.0357137524518549,0.005798395684022322
1.0001,23,200000,8,-0.01196561880807437,-0.03549894862490072,0.0014033513869334835
1.0001,23,1000000,8,-0.010213522914172886,-0.031005298970742508,0.0010656446145834609
1.0001,24,50000,1,-0.13991236430117715,-0.691779903477705,0.4981349045399682
1.0001,24,200000,1,0.10997316959742902,-0.25150425497843565,0.07534848830356286
1.0001,24,1000000,1,0.07581561913231104,-0.02378591754276978,0.006313777977767092
1.0001,24,50000,2,-0.3213139457471248,0.3686775582744227,0.23916579370677665
1.0001,24,200000,2,-0.1713851612777974,0.10588907802348331,0.04058537035087996
1.0001,24,1000000,2,-0.030217240684190416,-0.017788906488055905,0.0012295268286070902
1.0001,24,50000,4,-0.20935295875968538,-0.14182651212160005,0.06394342088201291
1.0001,24,200000,4,-0.05805707406124847,-0.007989679026615846,0.0034344588195016354
1.0001,24,1000000,4,-0.04572847569438337,-0.010777486598941335,0.0022072477067221707
1.0001,24,50000,8,0.07216440267052497,-0.02640591026740247,0.005904973109843784
1.0001,24,200000,8,0.05559933530832594,0.038524613153104625,0.004575431905324022
1.0001,24,1000000,8,-0.0040783906720521035,0.027181401981141627,0.0007554618841342916
1.0001,25,50000,1,-0.06226395444702606,-0.41876308567827103,0.1792393219501683
1.0001,25,200000,1,0.025344885519052732,-0.10173922325643422,0.010993232770796455
1.0001,25,1000000,1,-0.022099620109921846,-0.030736084684203635,0.0014331001107173995
1.0001,25,50000,2,-0.06778445484556253,0.20577282363825836,0.04693718726677188
1.0001,25,200000,2,-0.0365198039188608,-0.03766534887734485,0.002752374584324144
1.0001,25,1000000,2,0.029685956571461173,0.06232142945749916,0.004765216587188724
1.0001,25,50000,4,-0.0243453699457013,0.07288671314521213,0.005905169990905494
1.0001,25,200000,4,-0.010105419933231635,-0.01730961456546148,0.0004017422684317915
1.0001,25,1000000,4,0.0433280365570045,0.022251602280175812,0.0023724525559202436
1.0001,25,50000,8,-0.08307254361770873,0.05296800767267567,0.009706657339928747
1.0001,25,200000,8,-0.013475359457022862,-0.03257974731780187,0.0012430252477877936
1.0001,25,1000000,8,0.02008144375667952,0.005835619157656207,0.00043731883430588687
1.0001,26,50000,1,-0.21720691742482381,0.6190658079291073,0.4304213195241125
1.0001,26,200000,1,-0.29689439935884093,0.3328395788915942,0.1989284696473807
1.0001,26,1000000,1,-0.08587857396195384,0.07975072715300204,0.01373530794717135
1.0001,26,50000,2,-0.12256022729838706,-0.41307619998866746,0.1856529563125099
1.0001,26,200000,2,0.14989231236010872,-0.23236715071982314,0.0764621980383094
1.0001,26,1000000,2,0.056526348620768205,-0.07892670951683159,0.009424653563550937
1.0001,26,50000,4,-0.23148419477995213,-0.05134776242670558,0.05622152513915222
1.0001,26,200000,4,0.14772706477813702,-0.037946723161210026,0.023263239466637407
1.0001,26,1000000,4,0.02299677314456332,-0.06465007528644444,0.004708483809605442
1.0001,26,50000,8,0.0019927109593639086,0.08607840654684824,0.007413462970612056
1.0001,26,200000,8,0.11673211790056054,-0.02959357989876306,0.014502167320774837
1.0001,26,1000000,8,0.02957988476006044,-0.015968027826438018,0.0011299474950843549
1.0001,27,50000,1,0.15678770252687252,0.3691555824603871,0.1608582277253227
1.0001,27,200000,1,0.12041497322782861,-0.0013349363215645123,0.014501547832441314
1.0001,27,1000000,1,0.04327452753403937,0.05495354770923813,0.004892577139125843
1.0001,27,50000,2,-0.24830032590285853,-0.19208484411936538,0.09854963918382666
1.0001,27,200000,2,-0.0031125804244062196,0.13973677481161462,0.019536054391650296
1.0001,27,1000000,2,0.002586120173128864,-0.04158825210410774,0.0017362707306246858
1.0001,27,50000,4,0.02650892623936184,0.0507535521453136,0.0032786462257309934
1.0001,27,200000,4,-0.011109370474196922,0.11389996249349191,0.013096619568351823
1.0001,27,1000000,4,0.0030248449777929543,-0.035517938097644614,0.0012706736138477942
1.0001,27,50000,8,0.0015430878627020958,0.05525337449772979,0.0030553165135383956
1.0001,27,200000,8,-0.007773658892273138,0.02651270322617895,0.0007633532049328567
1.0001,27,1000000,8,-0.022142609713737764,-0.005232576921241606,0.0005176750261716243
1.0001,28,50000,1,0.4544287635932397,0.2651959066509984,0.27683437008532563
1.0001,28,200000,1,-0.12057381445482965,0.06414139639066031,0.0186521634631315
1.0001,28,1000000,1,-0.005723610770639627,0.08204708466023539,0.006764483821497614
1.0001,28,50000,2,-0.028995884738457555,0.23438647730369633,0.05577778207460207
1.0001,28,200000,2,0.16336527489323882,0.1186754629576725,0.04077207854916139
1.0001,28,1000000,2,0.04776902119063424,-0.0037493486802899095,0.002295937001037655
1.0001,28,50000,4,0.047538771812216156,0.0778799860690612,0.008325227055531124
1.0001,28,200000,4,0.12657122561634265,0.03842849114100527,0.017497024085397432
1.0001,28,1000000,4,0.014602285837192194,-0.022583964912285044,0.0007232622228303858
1.0001,28,50000,8,-0.08547520883177011,-0.039857118235187915,0.008894601198848459
1.0001,28,200000,8,0.049242602473374204,0.010576397449178059,0.002536694081353739
1.0001,28,1000000,8,-0.00697202431537957,-0.016553644814040938,0.0003226322796836685
1.0001,29,50000,1,-0.1720155376315975,-0.20453514408095494,0.07142397035090452
1.0001,29,200000,1,-0.36618071933892954,-0.09155524224893624,0.14247068159883727
1.0001,29,1000000,1,-0.057415174638778495,0.0015340621166630639,0.0032988556253792144
1.0001,29,50000,2,0.17228542713786316,0.3478562645280747,0.15068624917550186
1.0001,29,200000,2,0.3070193509226038,0.06409874380329408,0.09836953079809728
1.0001,29,1000000,2,0.10381561279540005,-0.032643135966921,0.011843255785839325
1.0001,29,50000,4,0.15699515400741082,0.23208198425019472,0.07850952579531825
1.0001,29,200000,4,0.26560983581085,0.05001899037608267,0.07305048427770937
1.0001,29,1000000,4,0.04608372608095703,-0.02963940682223528,0.0030022042462786464
1.0001,29,50000,8,-0.012764763846032263,0.1019154656814292,0.010549701341107547
1.0001,29,200000,8,0.16357200007350037,0.04308281239985683,0.02861192793232646
1.0001,29,1000000,8,0.04308815627999008,-0.023864902604202928,0.0024261227879169398
1.0001,30,50000,1,-0.15781011954642105,-0.16691446878036056,0.052764473719485665
1.0001,30,200000,1,-0.05804167546231273,-0.09435337379815072,0.012271395237565989
1.0001,30,1000000,1,-0.044808478596810336,-0.021648298762857083,0.0024764485934867294
1.0001,30,50000,2,0.11319454549219844,0.09959371295967355,0.02273191279027923
1.0001,30,200000,2,0.06730193270592992,-0.009963160721421704,0.0046288147175144005
1.0001,30,1000000,2,0.012923146306322363,0.02782364102177649,0.0009411627101632969
1.0001,30,50000,4,-0.05075120013841365,0.2839800787072273,0.08322036941805232
1.0001,30,200000,4,-0.05462462012577628,0.11176008191949927,0.015474165034538549
1.0001,30,1000000,4,-0.02632411362096348,0.0483634762499729,0.003031984792911088
1.0001,30,50000,8,-0.06366872336539958,0.058161946937167724,0.007436518406501692
1.0001,30,200000,8,-0.04217623915956673,0.024898144658632874,0.0023987527570871786
1.0001,30,1000000,8,-0.02625728933267557,0.03931772130881175,0.0022353284520172274
1.0001,31,50000,1,0.07819893349274327,-0.02291135731619003,0.0066400034934726215
1.0001,31,200000,1,0.016868442653257962,-0.1727664257907833,0.030132782238068485
1.0001,31,1000000,1,0.005261817143393858,-0.09621937448476045,0.009285854745889086
1.0001,31,50000,2,-0.1296662759933942,-0.14216545225603788,0.037024358945158854
1.0001,31,200000,2,-0.06940761887199635,0.03242644522811707,0.0058688919076123796
1.0001,31,1000000,2,-0.03341031184381106,0.045466651871487004,0.003183465369903695
1.0001,31,50000,4,-0.13475438307030876,-0.1593647693044948,0.04355587345213437
1.0001,31,200000,4,-0.06652302234435813,-0.007141494257105063,0.004476313442052235
1.0001,31,1000000,4,-0.013794183569381854,0.030706937971092457,0.0011331955399063241
1.0001,31,50000,8,-0.07505241036510689,0.07030328344094774,0.010575415964190642
1.0001,31,200000,8,0.034628906673821624,0.0456093375964784,0.0032793728534137863
1.0001,31,1000000,8,-0.0028410492628396906,0.008845746266590487,8.63187879267815e-05
1.0001,32,50000,1,0.32948067508003104,-0.16659931679827045,0.13631284760884346
1.0001,32,200000,1,0.11083526478007465,-0.015118714434792752,0.012513031445030066
1.0001,32,1000000,1,-0.03409595669762981,-0.06576329940943763,0.005487345812341987
1.0001,32,50000,2,-0.24959919636090444,0.007586441267271267,0.06235731291511109
1.0001,32,200000,2,0.03701799462729707,0.023022214813167803,0.0019003543011302379
1.0001,32,1000000,2,0.00027384257556465334,0.050650296305684496,0.002565527505609828
1.0001,32,50000,4,-0.028575016030691906,0.0494563010408174,0.0032624572537942554
1.0001,32,200000,4,-0.008341178781263245,0.04804224116237543,0.002377632199364836
1.0001,32,1000000,4,-0.038922550037843215,0.04953808230048755,0.003968986499458286
1.0001,32,50000,8,-0.054738650681727966,0.03351873102667975,0.00411982520809514
1.0001,32,200000,8,-0.05861896736652233,0.09166934281689997,0.011839451747599738
1.0001,32,1000000,8,-0.036723400824944005,0.039296158703459934,0.002892796256997008
1.0001,33,50000,1,-0.001401403463904435,0.06864716553131052,0.004714397267151791
1.0001,33,200000,1,-0.18949391438062993,0.12441282379359894,0.0513864943115906
1.0001,33,1000000,1,-0.0941324675319665,-0.007546567400789463,0.008917872123191384
1.0001,33,50000,2,-0.04602059917203135,-0.19360785373314787,0.039601896575308757
1.0001,33,200000,2,0.07103439279957867,-0.004846900898923433,0.005069377408728818
1.0001,33,1000000,2,0.0339977805852368,0.020494233825234364,0.0015758627048052846
1.0001,33,50000,4,-0.017452930536264694,-0.16921604262678386,0.028938673866573218
1.0001,33,200000,4,0.13079715654920132,0.021594413860365737,0.01757421487132903
1.0001,33,1000000,4,0.014365627240901842,0.029534551496970776,0.00107866097815176
1.0001,33,50000,8,-0.07607411937165606,-0.0695747396465612,0.010627916035059753
1.0001,33,200000,8,0.13016610376160362,0.05984705565962042,0.020524884639602264
1.0001,33,1000000,8,0.007288631382499848,0.04391860316053002,0.0019819678510020794
1.0001,34,50000,1,-0.54903653667874,0.06396362836256934,0.3055324643614903
1.0001,34,200000,1,-0.011320791405005663,-0.012598776470735665,0.0002868894865952127
1.0001,34,1000000,1,0.09646308001681234,-0.07875993702886462,0.01550825348712066
1.0001,34,50000,2,0.15765032098322057,-0.09144839748743432,0.03321643310913226
1.0001,34,200000,2,0.01831862015483394,0.05669299971159611,0.003549668060676125
1.0001,34,1000000,2,-0.05178635321500195,0.057459455019728455,0.005983415350473141
1.0001,34,50000,4,-0.014198213713055508,-0.10969610758433095,0.012234825291794704
1.0001,34,200000,4,-0.03512547488932364,0.005414712669305706,0.0012631180994916453
1.0001,34,1000000,4,-0.004695186828180675,0.00011276503719286574,2.2057495305134413e-05
1.0001,34,50000,8,-0.1353747420254478,-0.14784420027015002,0.04018422833197677
1.0001,34,200000,8,-0.04980749033785487,0.0028450460278879124,0.0024888803806563066
1.0001,34,1000000,8,-0.011680075637969562,0.012971608378856659,0.00030468679084311444
1.0001,35,50000,1,0.16309811441417146,0.3216909267196977,0.13008604725923606
1.0001,35,200000,1,0.03472578161998174,0.1721877517066819,0.030854501746920605
1.0001,35,1000000,1,0.009714716471403356,0.043930105908073336,0.0020242299212142956
1.0001,35,50000,2,-0.167476801334921,-0.16993854034566425,0.05692758648019155
1.0001,35,200000,2,-0.09739024168872441,-0.13406805145597264,0.02745910159738948
1.0001,35,1000000,2,-0.0451706937119047,-0.013250885216930595,0.002215977529446976
1.0001,35,50000,4,-0.10616613849750561,0.023196968057794455,0.01180934829054588
1.0001,35,200000,4,-0.04633324819330847,0.00259364290139519,0.0021534968716426794
1.0001,35,1000000,4,-0.0026646537512919253,0.005472973819474993,3.705382204293282e-05
1.0001,35,50000,8,-0.07616083027694825,0.06554507939764366,0.010096629501717528
1.0001,35,200000,8,-0.09064560730410355,0.011235465427328664,0.008342861806898447
1.0001,35,1000000,8,-0.0033378913475901424,-0.007931584906728325,7.405155778095769e-05
1.0001,36,50000,1,0.00555172531550194,0.4594298859592434,0.21110664176650215
1.0001,36,200000,1,-0.037897099924738095,0.14400088870155936,0.02217244612954447
1.0001,36,1000000,1,-0.08163790262595695,0.021554770540693,0.007129355278227155
1.0001,36,50000,2,-0.07080292950662505,-0.2100927303062949,0.049152010154273694
1.0001,36,200000,2,-0.16711212975185405,-0.08943326428100414,0.03592477267015644
1.0001,36,1000000,2,0.08575541121888919,-0.05949243353496309,0.010893340201232787
1.0001,36,50000,4,-0.18888587306017945,-0.05323427532606467,0.03851176111119749
1.0001,36,200000,4,-0.18161172807047563,0.035499315043856755,0.03424302114132737
1.0001,36,1000000,4,0.04977582841885675,-0.04045082060577236,0.004113901982463845
1.0001,36,50000,8,-0.011130519448719275,0.05584704041932829,0.0032427803867964055
1.0001,36,200000,8,0.030969745832427086,-0.021355597371110556,0.0014151866960021191
1.0001,36,1000000,8,0.07765486176441995,-0.050736795063543144,0.008604499928971148
1.0001,37,50000,1,-0.9202411290723301,0.07329604732142851,0.852216046189262
1.0001,37,200000,1,-0.055722020270530054,0.14899444201259768,0.02530428729367469
1.0001,37,1000000,1,-0.019376937060777134,0.06204518675274815,0.004225070889040712
1.0001,37,50000,2,0.9487095027961693,-0.17551647262601663,0.930855752858834
1.0001,37,200000,2,0.16226493949308907,-0.11947000938890724,0.04060299373208144
1.0001,37,1000000,2,0.01677356332824606,-0.01975518649697357,0.000671619820256888
1.0001,37,50000,4,0.8339977532072942,-0.28704559667632124,0.77794742692608
1.0001,37,200000,4,0.1516092350428213,-0.05241098614540875,0.025732271619003662
1.0001,37,1000000,4,0.027771121971220447,-0.008878607718297979,0.0008500648905558233
1.0001,37,50000,8,0.6100239647942236,-0.3516414688460377,0.495780960235463
1.0001,37,200000,8,0.16536241227718323,-0.0763176401696361,0.03316910959519117
1.0001,37,1000000,8,0.03566349040796605,0.008292218012652511,0.001340645427648445
1.0001,38,50000,1,0.2199716757214803,0.3023963562369927,0.13983109438512625
1.0001,38,200000,1,-0.07343647521700775,0.2815027343270765,0.0846367053259188
1.0001,38,1000000,1,-0.06601070310574335,0.04071839200820669,0.006015400372248585
1.0001,38,50000,2,-0.12816726481258056,-0.22019062003447723,0.06491075692070566
1.0001,38,200000,2,0.05350420037208614,-0.101295682671235,0.013123514785287881
1.0001,38,1000000,2,0.04013005812307469,-0.011827581421850537,0.001750313247251857
1.0001,38,50000,4,-0.03615628892314085,0.010140378088627037,0.0014101044964739452
1.0001,38,200000,4,0.035826767993302824,0.06812945892991334,0.005925180478928696
1.0001,38,1000000,4,0.011375189732725674,0.010172050295017845,0.0002328655486598802
1.0001,38,50000,8,-0.03264339761196711,0.053838248443078725,0.003964148403071649
1.0001,38,200000,8,0.03540951257802718,0.07008312690718821,0.006165478258102512
1.0001,38,1000000,8,0.0022936704451940074,0.01279682702135944,0.00016901970592575163
1.0001,39,50000,1,0.15636280757941579,0.060892680356994494,0.02815724611517651
1.0001,39,200000,1,0.2110877090977109,0.12603842412547753,0.06044370528815358
1.0001,39,1000000,1,-0.01701381636164607,0.08303450094288106,0.007184198294021132
1.0001,39,50000,2,-0.17645142191084384,0.07998592760862461,0.03753285290977076
1.0001,39,200000,2,-0.22551188560540683,0.007957279165114467,0.05091892884101766
1.0001,39,1000000,2,0.022053144343424147,-0.0048767192522166285,0.0005101235660968408
1.0001,39,50000,4,-0.1457232193961409,0.09129957047058485,0.029570868239289106
1.0001,39,200000,4,-0.03098501224052928,0.020270485787316377,0.0013709635775995448
1.0001,39,1000000,4,0.056730631764879864,0.005775857509166717,0.0032517251104085946
1.0001,39,50000,8,-0.008655706611487114,-0.03067298222218049,0.0010157530953463425
1.0001,39,200000,8,-0.017928864904375466,0.0070507461456993945,0.0003711572179704412
1.0001,39,1000000,8,0.03410868143274717,0.0007254645729256042,0.001163928447927202
1.0001,40,50000,1,0.09126309001719086,0.39560366011002623,0.16483120749193503
1.0001,40,200000,1,-0.1431802059964555,0.17663175397201908,0.051699347900419315
1.0001,40,1000000,1,-0.00512393508057505,0.034847335855168346,0.001240591526912849
1.0001,40,50000,2,0.17106229129258094,0.007942795862131152,0.029325395508375304
1.0001,40,200000,2,0.1277744686053194,-0.03524237114987168,0.017568339551637065
1.0001,40,1000000,2,0.011054685218027063,-0.01384537572112299,0.00031390049412872794
1.0001,40,50000,4,0.3021088404261005,-0.045110155322810264,0.09330467757685112
1.0001,40,200000,4,0.08770864845913272,-0.11918341068077373,0.021897492396029696
1.0001,40,1000000,4,0.01641192824293342,-0.029194042056042997,0.0011216434802212025
1.0001,40,50000,8,0.1890549667271201,-0.16443333582826578,0.06278010237580373
1.0001,40,200000,8,0.057981191225528424,-0.13575088984050399,0.021790122628419943
1.0001,40,1000000,8,0.030484896954238873,-0.06214054837374776,0.004790776694500648
1.0001,41,50000,1,0.45757301822203017,0.10237048622961589,0.2198527834557063
1.0001,41,200000,1,0.3988367963093182,0.1570364018657185,0.18373122160121197
1.0001,41,1000000,1,0.19401840324850925,-0.04108003394292492,0.03933070998785301
1.0001,41,50000,2,-0.09779122446619579,0.056360014652963766,0.012739574834280178
1.0001,41,200000,2,-0.06139306485795215,-0.03945016798022799,0.0053254241663209245
1.0001,41,1000000,2,-0.10606692862032892,0.006271682252314975,0.011289527345223952
1.0001,41,50000,4,-0.013079637632469679,-0.04850030599101307,0.002523356601818616
1.0001,41,200000,4,-0.008408018380253249,-0.02842540068259454,0.0008786981770487225
1.0001,41,1000000,4,-0.04514098359136636,-0.0025265876377733574,0.002044092044687356
1.0001,41,50000,8,-0.03175446391177103,-0.02340470101815445,0.0015561260080731688
1.0001,41,200000,8,-0.03781900622946615,-0.0032153168452206857,0.0014406154945995596
1.0001,41,1000000,8,-0.02941922051537612,-0.007200411537055158,0.0009173364620352841
1.0001,42,50000,1,0.269555719379691,-0.21707559846993202,0.11978210130138185
1.0001,42,200000,1,0.16498735691032212,0.20655954812345198,0.06988767486121869
1.0001,42,1000000,1,0.056806322827548876,-0.021944870047380705,0.0037085356345841268
1.0001,42,50000,2,-0.12819472237931354,-0.20049493527868484,0.05663210591831329
1.0001,42,200000,2,-0.0987499789331448,-0.1846279568559841,0.04383904079211168
1.0001,42,1000000,2,-0.05076344401331244,-0.016299314453162118,0.0028425948997357663
1.0001,42,50000,4,0.006086130356765971,-0.11451704738346734,0.013151195124146852
1.0001,42,200000,4,-0.0033509546614561795,-0.07964766230258831,0.006354979007410282
1.0001,42,1000000,4,-0.05954800682232137,0.029816558458368714,0.004434992274812551
1.0001,42,50000,8,0.009915663539791795,0.07443415902318296,0.0056387644129228445
1.0001,42,200000,8,-0.025889997980887584,0.003965162536676079,0.0006860145093926227
1.0001,42,1000000,8,0.015628407226043087,0.017940143436369994,0.0005660958589405651
1.0001,43,50000,1,0.4998421327102633,0.0766153974565382,0.25571207675976776
1.0001,43,200000,1,0.04796182630013333,0.12441518869044114,0.01777947595892224
1.0001,43,1000000,1,-0.013319272601854996,0.041466794454156956,0.0018968980649458273
1.0001,43,50000,2,-0.19377513729030016,0.08860472648132353,0.045399601386704826
1.0001,43,200000,2,-0.057488793187725255,0.0539435349688877,0.0062148663071206565
1.0001,43,1000000,2,-0.014407381285043047,-0.017213197046077176,0.0005038667880396887
1.0001,43,50000,4,0.04892392697148369,-0.09864997561926378,0.012125368319992409
1.0001,43,200000,4,0.12405380307886292,-0.09983665411527631,0.025356703563262615
1.0001,43,1000000,4,0.009493991865181425,-0.0041226885066648605,0.00010713244205911761
1.0001,43,50000,8,-0.013405087595896736,-0.029825409533835705,0.0010692514273146826
1.0001,43,200000,8,0.034547005262759986,-0.08324053965762634,0.008122483015118032
1.0001,43,1000000,8,-0.01326426382624192,-0.006310241258059489,0.00021575983958706615
1.0001,44,50000,1,0.2145192659229713,0.5231316534644206,0.31968524230854906
1.0001,44,200000,1,0.2810482024611807,0.01548038938543959,0.07922773456218563
1.0001,44,1000000,1,0.02959071930552961,0.07870379690074683,0.0070698983156126495
1.0001,44,50000,2,-0.027924995172954947,-0.02656458548467523,0.001485482557382175
1.0001,44,200000,2,-0.04708174009860381,0.021778378914676717,0.002690988038863713
1.0001,44,1000000,2,-0.03477542437744241,-0.05191558432992436,0.003904558036948703
1.0001,44,50000,4,-0.096075159075899,-0.057337224084097964,0.012517993457129362
1.0001,44,200000,4,-0.09143804581505649,-0.017610556186093657,0.008671047911659933
1.0001,44,1000000,4,-0.04405253669567239,-0.018482586635175206,0.0022822319980503195
1.0001,44,50000,8,-0.07268361293356851,0.05348810550372758,0.0081438850194547
1.0001,44,200000,8,-0.019375724698625578,0.028983697657781523,0.0012154734375146195
1.0001,44,1000000,8,-0.020959011393573486,-0.012832199591972617,0.0006039455049641655
1.0001,45,50000,1,0.3518899358706987,0.20844661103850146,0.1672765166205208
1.0001,45,200000,1,0.12824347062232355,0.15542761830667165,0.040604132289743175
1.0001,45,1000000,1,0.1618030610694477,0.042045048825066315,0.027948016702145626
1.0001,45,50000,2,0.0978923057775093,-0.22711970774020143,0.0611662651744319
1.0001,45,200000,2,-0.10691213468428117,-0.14136466413791823,0.0314141728095763
1.0001,45,1000000,2,0.010955698714483639,-0.02628283451044037,0.0008108147242257337
1.0001,45,50000,4,-0.15598921803378527,-0.05310929465562057,0.027153233321609325
1.0001,45,200000,4,-0.11684952792563419,0.012735378138401443,0.013816002032771637
1.0001,45,1000000,4,-0.024500333990080777,-0.022443131259474253,0.0011039605063554976
1.0001,45,50000,8,0.07230962389520357,0.07488535290885731,0.0108364977881499
1.0001,45,200000,8,0.031049463531772382,0.00023234837885109303,0.0009641231713800178
1.0001,45,1000000,8,0.016750409109058104,-0.024407261953524925,0.0008762906413888019
1.0001,46,50000,1,-0.17415633294338123,-0.18719809206455185,0.0653735539768943
1.0001,46,200000,1,0.11553666834159622,-0.18380558613519102,0.04713321522597714
1.0001,46,1000000,1,-0.00401736802999252,-0.018912101415479925,0.0003738068258378038
1.0001,46,50000,2,0.13494862169439106,0.2699914395980089,0.09110650795342115
1.0001,46,200000,2,-0.0625803611960468,0.08465792371880551,0.011083265655806774
1.0001,46,1000000,2,-0.0006363949324328545,0.01842489905140714,0.0003398819035645699
1.0001,46,50000,4,0.0430826067089388,0.2117577157343615,0.04669744117387176
1.0001,46,200000,4,-0.010837543895719878,0.050382871604544924,0.002655886108811714
1.0001,46,1000000,4,0.02938225887523851,0.01983876854968715,0.0012568938741795881
1.0001,46,50000,8,-0.06106821280263965,0.15779216849608194,0.028627695053604393
1.0001,46,200000,8,-0.051450768141301895,0.05544654195637202,0.005721500557249727
1.0001,46,1000000,8,0.035138976409471466,0.03407339151385651,0.002395743672361941
1.0001,47,50000,1,0.030948550623791864,0.1482721550539422,0.02294244475005369
1.0001,47,200000,1,-0.1514286222919656,0.2394580084282205,0.08027076544965252
1.0001,47,1000000,1,-0.01650601398978777,0.045150815152034895,0.0023110446067242936
1.0001,47,50000,2,-0.033951448232945915,0.06377340551233016,0.005219748087754509
1.0001,47,200000,2,0.15720196933383532,-0.08397324460190321,0.03176396497140717
1.0001,47,1000000,2,-0.007013608280019181,0.0168835613217224,0.0003342453440099143
1.0001,47,50000,4,-0.2005187884975798,0.005617115697680414,0.04023933652929826
1.0001,47,200000,4,0.047714286843938164,-0.1296730488477291,0.019091752766491145
1.0001,47,1000000,4,-0.02680667994197547,-0.004152027797132635,0.0007358374243396722
1.0001,47,50000,8,0.03272223163557901,0.006385635372152225,0.0011115207823185693
1.0001,47,200000,8,0.09770484466850293,-0.06323336241519992,0.013544694794028304
1.0001,47,1000000,8,0.0029606499468610064,-0.013281144118398034,0.00018515423720150676
1.0001,48,50000,1,0.0969121923955612,0.2673281716968685,0.08085632441770468
1.0001,48,200000,1,-0.3111807429614349,0.11157109522078869,0.1092815640787969
1.0001,48,1000000,1,-0.031384382560140485,0.019332938000947947,0.0013587419604297476
1.0001,48,50000,2,0.07918895541655821,-0.2829150306052278,0.08631180520232262
1.0001,48,200000,2,0.20161071110602083,-0.15122922073345396,0.06351715603632312
1.0001,48,1000000,2,-0.014478133028051253,-0.04701168338122875,0.002419714710314848
1.0001,48,50000,4,0.008900270339053195,-0.09045920407105773,0.008262082413277498
1.0001,48,200000,4,0.01197651768294113,-0.08780957180373611,0.00785395787616529
1.0001,48,1000000,4,-0.04259818559941981,-0.06985195995177212,0.006693901725466594
1.0001,48,50000,8,-0.08586848383397756,0.01800388804585055,0.007697536500713587
1.0001,48,200000,8,-0.1258174958618232,-0.09706608691403787,0.025251867493743457
1.0001,48,1000000,8,-0.055114507520825834,-0.05514661710880047,0.006078758317807811
1.0001,49,50000,1,0.3531613937177859,0.29064921006657085,0.20919993332501055
1.0001,49,200000,1,0.15610355305772536,0.06377377645190246,0.028435413840183308
1.0001,49,1000000,1,0.0301814173954483,-0.116754623757248,0.014542560124694808
1.0001,49,50000,2,-0.2780773066605319,-0.0856280239698733,0.08465914696856068
1.0001,49,200000,2,-0.17213612773403247,0.01616189136661372,0.02989205320381336
1.0001,49,1000000,2,-0.07233953556289363,0.08071245962779601,0.01174750954462375
1.0001,49,50000,4,-0.04669348046619267,0.07058769664750315,0.007162904036046644
1.0001,49,200000,4,-0.01971216370702418,0.014438380822777833,0.0005970362387960798
1.0001,49,1000000,4,-0.07502244611125675,0.04584282804492522,0.0077299323036730035
1.0001,49,50000,8,0.007946523060705098,-0.0013341232064861515,6.49271134844028e-05
1.0001,49,200000,8,-0.009640271767479818,0.024354701405657125,0.0006860863203095855
1.0001,49,1000000,8,-0.009572768250847338,0.01744314228519613,0.0003959011047660281
1.0001,50,50000,1,0.05886602108997789,0.27134510638168013,0.07709337519625105
1.0001,50,200000,1,0.10558649567734221,0.1227068250108117,0.026205472973655372
1.0001,50,1000000,1,-0.007530674892387093,-0.07730949183342696,0.0060334685918775385
1.0001,50,50000,2,0.27063190845349844,-0.2057241864492347,0.11556407076338227
1.0001,50,200000,2,-0.049439887598860366,-0.15897279757167043,0.027716652853551255
1.0001,50,1000000,2,-0.0027227051307638184,0.029054074626978635,0.0008515523756591314
1.0001,50,50000,4,-0.036115814237375726,-0.09113519002551858,0.009609974899016011
1.0001,50,200000,4,-0.07267128946886273,-0.06879074642787476,0.010013283107171402
1.0001,50,1000000,4,0.011900643483393186,0.04496311522171275,0.002163307045759845
1.0001,50,50000,8,-0.09855983091947858,-0.07576810431601287,0.015454845902518412
1.0001,50,200000,8,-0.02275524469772534,-0.003712296395723916,0.0005315823057830618
1.0001,50,1000000,8,-0.01733485939479887,0.03366409622516821,0.0014337687248948312
1.0001,51,50000,1,0.19929434713940236,0.2808017797257644,0.11856787629887733
1.0001,51,200000,1,0.1597685418895188,0.09162453665952532,0.03392104269557562
1.0001,51,1000000,1,0.04562415566048997,0.039903582586869914,0.0036738594829997663
1.0001,51,50000,2,-0.24525701711956976,-0.06295531687209352,0.06411437636885466
1.0001,51,200000,2,-0.14249753968524048,-0.004989978765272683,0.020330448704424558
1.0001,51,1000000,2,-0.10310314302901098,-0.013025167047924094,0.010799913079087025
1.0001,51,50000,4,-0.060403566338891074,0.07679730677145526,0.00954641715380582
1.0001,51,200000,4,-0.07717977913764666,0.10100232283901527,0.016158187526612584
1.0001,51,1000000,4,-0.06907643280634405,0.009155577723047799,0.004855378172692135
1.0001,51,50000,8,-0.02347177843285652,0.01860729446067142,0.0008971557899472418
1.0001,51,200000,8,-0.007516059508408839,-0.018878039845035128,0.0004128715389246769
1.0001,51,1000000,8,-0.03197563008838543,-0.02742809600467127,0.0017747413699907236
1.0001,52,50000,1,0.3021307707000056,-0.0644254001615629,0.09543363478975689
1.0001,52,200000,1,0.28523322199896084,0.08872926375322608,0.08923087317809804
1.0001,52,1000000,1,0.11863382400759293,0.008494194462597212,0.01414613553823295
1.0001,52,50000,2,-0.18719515449284763,0.08532958858757886,0.042323164554126554
1.0001,52,200000,2,-0.20615789929093287,0.07143360648233711,0.04760383957512381
1.0001,52,1000000,2,-0.12317428310324151,0.02921484614625602,0.016025411253346895
1.0001,52,50000,4,0.11474377628041821,-0.03255199218230218,0.014225766390127324
1.0001,52,200000,4,0.011225732916537471,0.011126533147691894,0.0002498168194001194
1.0001,52,1000000,4,-0.012907833090503572,-0.008939383616655744,0.00024652473453803215
1.0001,52,50000,8,0.06625354053875407,0.018914035005154702,0.0047472723540965475
1.0001,52,200000,8,0.0350519841523937,0.007375051147586159,0.0012830329724491712
1.0001,52,1000000,8,-0.022338102735774606,0.02843239628298025,0.0013073919922264499
1.0001,53,50000,1,-0.5071190907598053,0.3213698065625911,0.3604483247831289
1.0001,53,200000,1,0.079780262444133,0.1912224200844028,0.042930904218590554
1.0001,53,1000000,1,0.07907286869676829,-0.003389308039104376,0.006264005972920295
1.0001,53,50000,2,0.3008320346704621,-0.29982193510273003,0.1803931058527158
1.0001,53,200000,2,0.010474373111873679,-0.0631225560278767,0.004094169571579175
1.0001,53,1000000,2,-0.02408867230328561,-0.0025625935701586483,0.0005868310191408976
1.0001,53,50000,4,0.3116244378042574,-0.27922560421960796,0.17507672828862464
1.0001,53,200000,4,0.056825532420318826,0.04451498473816706,0.0052107250010919514
1.0001,53,1000000,4,-0.015185582822834326,0.026877927269985103,0.0009530248999997698
1.0001,53,50000,8,0.15986407061554164,-0.24126725717024106,0.08376641045622213
1.0001,53,200000,8,0.027265163315956714,-0.03222973312396046,0.001782144827887506
1.0001,53,1000000,8,-0.026074357309494367,0.00312602999880682,0.0006896441726566225
1.0001,54,50000,1,0.26711475494664016,-0.1738490959153466,0.10157380046078703
1.0001,54,200000,1,0.024474017333308323,-0.10455411244315133,0.011530539953206206
1.0001,54,1000000,1,-0.04199060003748757,-0.17414539168836946,0.03208982793780387
1.0001,54,50000,2,-0.10419025409586337,-0.01024983621195549,0.010960668190932488
1.0001,54,200000,2,-0.15212921231451898,0.08877584792842283,0.031024448414846445
1.0001,54,1000000,2,-0.03652508076601668,0.1088786466802945,0.013188641227896447
1.0001,54,50000,4,-0.12670824780120932,0.07837094429911498,0.022196984971187647
1.0001,54,200000,4,-0.09431094126409213,-0.024575747682452263,0.009498521016270594
1.0001,54,1000000,4,-0.03675957182108463,0.04059313363659514,0.0029990686189079506
1.0001,54,50000,8,-0.011004923500393013,-0.07265431904467251,0.005399758417094565
1.0001,54,200000,8,0.005987684602428753,-0.04719943956094275,0.0022636394617652506
1.0001,54,1000000,8,0.026516261796564022,0.00017000142003604786,0.000703141040146735
1.0001,55,50000,1,-0.06948536775948444,-0.49523685424232144,0.2500877581325011
1.0001,55,200000,1,-0.06101039227576014,-0.25171222368951585,0.067081311520363
1.0001,55,1000000,1,-0.13359934887438188,-0.04666521773071134,0.0200264285655135
1.0001,55,50000,2,-0.03254080434878688,0.2979829305718299,0.08985273085984202
1.0001,55,200000,2,0.1493548578022037,0.1623487452157494,0.04866398862224481
1.0001,55,1000000,2,0.09673590402667877,0.019151685518688906,0.009724622186065564
1.0001,55,50000,4,0.0008986104590612126,-0.08604386255327544,0.007404353783844088
1.0001,55,200000,4,0.05947688468001807,0.01738692543578803,0.0038398049873498217
1.0001,55,1000000,4,0.06527529005370276,0.017604560550632687,0.004570784043775919
1.0001,55,50000,8,0.2120066973843296,0.10052231133348273,0.055051574811636333
1.0001,55,200000,8,0.15899753482770654,0.02679929299062128,0.025998418186084917
1.0001,55,1000000,8,0.06977507130791769,0.026350463374332157,0.005562907496067019
1.0001,56,50000,1,0.1994129191820971,-0.3439458314711272,0.15806424732309057
1.0001,56,200000,1,0.20004590706178535,-0.19345840273817394,0.07744451852217796
1.0001,56,1000000,1,-0.002027224663661013,-0.1843276743675473,0.0339808011775855
1.0001,56,50000,2,-0.2604788678162295,0.19166522855933693,0.1045848004175276
1.0001,56,200000,2,-0.16723150933027156,0.1081871072594401,0.039670827890046306
1.0001,56,1000000,2,-0.0058015967345167625,0.13103683299638122,0.017204310126391453
1.0001,56,50000,4,0.055589871169241876,-0.10083239309968307,0.013257405274821924
1.0001,56,200000,4,-0.0302089575396624,-0.012773750539378258,0.001075749818475392
1.0001,56,1000000,4,0.002761984722235356,0.05893387350337328,0.003480830005717464
1.0001,56,50000,8,0.014513157502319315,0.049847475825804996,0.00269540258689134
1.0001,56,200000,8,-0.009195785048431666,0.025863711906371024,0.0007534940562327175
1.0001,56,1000000,8,-0.013082456171622521,0.03695641608039558,0.001536927348989745
1.0001,57,50000,1,0.17435931719905778,-0.1719561259205203,0.059970080735715484
1.0001,57,200000,1,0.11749479143710091,-0.08722013999293345,0.021412378835234752
1.0001,57,1000000,1,0.08233379670052876,-0.08064575164168779,0.01328259133697679
1.0001,57,50000,2,-0.040073535385461184,0.17846357827057044,0.033455137007425834
1.0001,57,200000,2,-0.03411032773306267,-0.0017591897298775327,0.0011666092065626508
1.0001,57,1000000,2,-0.03995186764838833,0.0704886393739758,0.00656480000938875
1.0001,57,50000,4,-0.062031806501806744,0.09468499875400836,0.012813194006924157
1.0001,57,200000,4,-0.03833827872440337,-0.00038198214449833816,0.0014699695259087554
1.0001,57,1000000,4,-0.05629739645868198,0.046032661430609405,0.005288402766411133
1.0001,57,50000,8,-0.03785609167015208,-0.10620173315723083,0.01271189180213862
1.0001,57,200000,8,-0.06377529443344251,-0.01776262739369281,0.00438279911199945
1.0001,57,1000000,8,-0.020415062919002122,0.003928034472859314,0.0004322042488067866
1.0001,58,50000,1,0.34372624311659844,0.0346998524505592,0.11935180996714152
1.0001,58,200000,1,-0.023737308103334815,-0.04889142895869997,0.0029538316216162503
1.0001,58,1000000,1,-0.06831472524009688,-0.05924257863996809,0.008176584808542733
1.0001,58,50000,2,-0.11433405796085312,0.01856378048043935,0.013416890755521662
1.0001,58,200000,2,-0.030947873910030482,-0.005406122527788593,0.0009869970603366088
1.0001,58,1000000,2,-0.04808683324139678,0.02208141114270955,0.00279993224923928
1.0001,58,50000,4,0.00343617504628475,-0.019988314836079865,0.0004113400289349604
1.0001,58,200000,4,-0.07321803831706175,0.002726065782916397,0.005368312569651509
1.0001,58,1000000,4,-0.045004510914869685,0.01905328044081527,0.0023884334982429783
1.0001,58,50000,8,0.008188903323192701,-0.01134454225548083,0.0001957567766229865
1.0001,58,200000,8,-0.028800189948829213,0.012515246479350605,0.000986082335527541
1.0001,58,1000000,8,0.011672613505304574,-0.0036934248776582146,0.00014989129337112333
1.0001,59,50000,1,0.17218009193561404,-0.0830905905250101,0.0365500302927514
1.0001,59,200000,1,0.08233251302302928,-0.20994208284292437,0.0508543208491126
1.0001,59,1000000,1,0.06650857060937068,-0.07924159601343268,0.010702620503257718
1.0001,59,50000,2,0.1854936471344928,0.208391549638749,0.07783493108809493
1.0001,59,200000,2,0.05786647333068668,0.166901546626191,0.031204655001945678
1.0001,59,1000000,2,0.018753706258299873,0.0693060363180091,0.0051550281685357946
1.0001,59,50000,4,-0.03213554298753743,0.1471816580015385,0.022695133575185714
1.0001,59,200000,4,0.06686790693151881,0.14540187496617663,0.025613022221081926
1.0001,59,1000000,4,0.03254204969619746,0.032298024654099644,0.0021021473949866137
1.0001,59,50000,8,-0.11271622614644827,0.03525463636102399,0.013947837021645303
1.0001,59,200000,8,-0.02817801286963755,0.07466057088985277,0.00636820125488019
1.0001,59,1000000,8,-0.0210164523479829,0.038525705759113946,0.0019259212735328617
1.0001,60,50000,1,-0.4505549735786781,0.27142413721180325,0.27667084647765505
1.0001,60,200000,1,-0.1623259984535741,-0.12447786528134804,0.041844468718951165
1.0001,60,1000000,1,0.0004213630826035909,0.04166736211653102,0.0017363466125975054
1.0001,60,50000,2,0.10925530793436031,-0.2078570687783091,0.0551412833529426
1.0001,60,200000,2,0.22224111764568044,-0.0182812069147003,0.049725316898659264
1.0001,60,1000000,2,-0.027560455061925844,0.02292897094080577,0.0012853163916247497
1.0001,60,50000,4,0.18674863646467466,-0.2708167887700796,0.10821678630115311
1.0001,60,200000,4,0.055693090680165064,-0.07089837553723298,0.008128300003327604
1.0001,60,1000000,4,-0.04975100151932593,0.028254060412202187,0.0032734540819523428
1.0001,60,50000,8,-0.003304848407084294,-0.15187169418231655,0.023075933516800887
1.0001,60,200000,8,-0.022394930026290748,-0.046880552341751064,0.00269931907875012
1.0001,60,1000000,8,-0.020472089608538507,-0.012134308894582724,0.0005663479052891797
1.0001,61,50000,1,-0.38921927709007914,-0.2592368315584877,0.21869538049500753
1.0001,61,200000,1,-0.1993160342672707,0.1705346206493579,0.06880893835605226
1.0001,61,1000000,1,0.01614149011301503,-0.055353349331743414,0.0033245409853105805
1.0001,61,50000,2,0.1660205091028342,0.0486931932510671,0.029933836511750016
1.0001,61,200000,2,0.1430826266741235,-0.22837007353403757,0.07262552854190832
1.0001,61,1000000,2,0.025264776593830238,0.06873524544771985,0.0053628429030944435
1.0001,61,50000,4,0.279109412425433,-0.24881567314496283,0.13981130330705144
1.0001,61,200000,4,0.08185956786512909,-0.20112361304565293,0.04715169657560321
1.0001,61,1000000,4,0.033959666640788706,-0.00922910832792818,0.0012384353988821304
1.0001,61,50000,8,0.2298226837833643,-0.2856572233187725,0.13441851521557935
1.0001,61,200000,8,0.017823981444477402,-0.1342947363111711,0.01835277051542005
1.0001,61,1000000,8,0.027297061025409474,0.009947794635296993,0.0008440881587309726
1.0001,62,50000,1,-0.042838582047597926,0.03563275375477088,0.0031048372519969177
1.0001,62,200000,1,-0.07278023714296301,0.16805939912959425,0.033540924554386196
1.0001,62,1000000,1,-0.11341612750021443,-0.010021724961975297,0.012963652948358377
1.0001,62,50000,2,-0.056821412834357606,0.03394032767310378,0.0043806187990501535
1.0001,62,200000,2,-0.025998298890013705,-0.20182100867424468,0.04140763108746403
1.0001,62,1000000,2,0.06558840263340426,-0.06437241516249943,0.00844564639385474
1.0001,62,50000,4,-0.19662757999568362,-0.17414278903655248,0.0689881161883882
1.0001,62,200000,4,-0.046557235354646086,-0.15318748016509035,0.02563398024319785
1.0001,62,1000000,4,0.0456225347559694,-0.03830299967065174,0.003548535461329583
1.0001,62,50000,8,-0.04581022267976819,0.028607662496632342,0.0029169748554911724
1.0001,62,200000,8,-0.07348652575432928,-0.030003014836918016,0.006300450366746022
1.0001,62,1000000,8,0.006011083582802933,-0.03640658392638034,0.0013615724790280181
1.0001,63,50000,1,-0.21623138563655708,0.45193273234203424,0.25099920669644227
1.0001,63,200000,1,-0.11587487275500277,0.045719545012307024,0.01551726293212045
1.0001,63,1000000,1,-0.004490821023157853,-0.16336210293649508,0.026707344149296056
1.0001,63,50000,2,0.13734782604792423,-0.40651525608846756,0.1841190787527632
1.0001,63,200000,2,0.17656934517335737,0.00542594970862417,0.031206174585188737
1.0001,63,1000000,2,0.06992088138091819,0.0788937878107586,0.011113159408213438
1.0001,63,50000,4,-0.056109015783341244,-0.1587444729451893,0.02834802934282118
1.0001,63,200000,4,0.04265520845050518,0.09314017679190337,0.010494559340783064
1.0001,63,1000000,4,0.07572161496221014,0.03840555407110873,0.007208749555994061
1.0001,63,50000,8,-0.06414289805682755,-0.07996742955415867,0.0105091011606279
1.0001,63,200000,8,0.05634342099165343,0.024214212457290097,0.003760909173969476
1.0001,63,1000000,8,0.055968178754818215,0.03599928791263831,0.004428385763348312
1.01,0,50000,1,-0.002862422298997765,0.007678549805571413,6.715358853444043e-05
1.01,0,200000,1,0.005797696774862176,0.014337105955373446,0.00023916589506885197
1.01,0,1000000,1,0.004653919831589307,0.0011804423041816149,2.3052413832361844e-05
1.01,0,50000,2,-0.007858763336939113,0.013509927505726686,0.00024427830239600885
1.01,0,200000,2,-0.00457103441080576,0.0016076259649305707,2.3478816827889308e-05
1.01,0,1000000,2,0.0020789047180204737,0.0018950235165945727,7.912958955054246e-06
1.01,0,50000,4,0.005196825626133647,0.007194211113417312,7.876367013285655e-05
1.01,0,200000,4,-0.002785854990228513,0.009463284141814965,9.73147347753077e-05
1.01,0,1000000,4,0.0017947329189321314,-0.0009526123156292175,4.128536474187108e-06
1.01,0,50000,8,0.012118703273155125,0.0031715248084946655,0.00015692153863367789
1.01,0,200000,8,-0.00199873385734605,0.007882016867399942,6.61211269304786e-05
1.01,0,1000000,8,-0.0002399058367340582,-0.0004062458778079762,2.2259052373504175e-07
1.01,1,50000,1,0.00021735786725146116,-0.007336787317717983,5.3875692587883544e-05
1.01,1,200000,1,-0.01018106880213708,-0.008790719480874008,0.00018093091094526672
1.01,1,1000000,1,-0.004148906212190819,-0.009898184386218442,0.00011518747690113411
1.01,1,50000,2,-0.0013026499465821166,-0.01429836048405228,0.00020614000941523815
1.01,1,200000,2,-0.004999017090044081,0.0026495468034404045,3.201027013017406e-05
1.01,1,1000000,2,-0.0007673770404296168,0.0038274779154821303,1.5238454715681951e-05
1.01,1,50000,4,0.004587656835967045,-0.002895551062660618,2.943081120107019e-05
1.01,1,200000,4,0.0003675123176430886,-0.0012058749670712675,1.5891997398285248e-06
1.01,1,1000000,4,0.001328259845400579,0.003406835499738907,1.337080233918482e-05
1.01,1,50000,8,-0.006967648861234655,0.003840931492879867,6.330088538646095e-05
1.01,1,200000,8,-0.0013250960792986115,0.003045399677122171,1.1030338812788375e-05
1.01,1,1000000,8,7.939115429377512e-05,0.0026582491475363903,7.072591485758045e-06
1.01,2,50000,1,-0.11555759773857403,-0.04641927505139049,0.015508307491406735
1.01,2,200000,1,-0.061762214624044735,0.012233890574502295,0.003964239233855461
1.01,2,1000000,1,-0.018213679466643488,0.004433498265830261,0.0003513940265867506
1.01,2,50000,2,0.04889941349007519,0.029253674701120714,0.003246930123192338
1.01,2,200000,2,0.03811297573426965,0.00455452623567969,0.0014733426285525218
1.01,2,1000000,2,0.010891294030754907,-0.0027784112750120302,0.0001263398548774714
1.01,2,50000,4,0.02834556082910852,0.012791769257959842,0.0009671001794655776
1.01,2,200000,4,0.027662985160399268,-9.984048624152067e-05,0.000765250716107163
1.01,2,1000000,4,0.005918879857573697,0.0012036588380058431,3.648193336670121e-05
1.01,2,50000,8,-0.0016225967701357013,0.0016368490204124971,5.312094994080161e-06
1.01,2,200000,8,0.006543855447094476,0.005103876001464166,6.887159435078988e-05
1.01,2,1000000,8,-0.00021457108241249584,0.001262781529672013,1.640657941088459e-06
1.01,3,50000,1,-0.03263374878813487,-0.02900232020836672,0.0019060961374357305
1.01,3,200000,1,-0.004435428744096599,0.006741984224144888,6.512737942257688e-05
1.01,3,1000000,1,0.0015169972842054187,-0.006883290682122275,4.968097137487794e-05
1.01,3,50000,2,-0.013804421289386767,0.005429702565351855,0.0002200437170830631
1.01,3,200000,2,-0.004113146872767459,-0.012878457727034462,0.00018277265062397038
1.01,3,1000000,2,-0.0026378357454533677,0.007600905158538396,6.473193664908714e-05
1.01,3,50000,4,-0.014237329275458857,-0.013099200350203915,0.00037429059471262024
1.01,3,200000,4,0.0029538029667594314,-0.009587448907438645,0.00010064412851918329
1.01,3,1000000,4,0.0005294278599308323,0.0016401156133122555,2.970273083901577e-06
1.01,3,50000,8,-0.0011090810980609203,-0.010325606870730055,0.00010784821813094373
1.01,3,200000,8,0.011154570649620273,-0.00557916000327735,0.00015555147271953978
1.01,3,1000000,8,0.0002655821745603849,-0.0015695153845470074,2.5339124337739638e-06
1.01,4,50000,1,-0.01640181531571177,-0.018796115874840105,0.0006223135176311334
1.01,4,200000,1,-0.005383092170654232,-0.006456849453455127,7.066858618234266e-05
1.01,4,1000000,1,0.0007946680908598641,-0.005881769406563932,3.5226708726622296e-05
1.01,4,50000,2,0.007756300183719292,0.0032473750991300365,7.070563757441375e-05
1.01,4,200000,2,0.0011362725884189544,0.00032154921329232653,1.3945092917612248e-06
1.01,4,1000000,2,-0.0017823594580410255,0.0009047746776808506,3.995422455040785e-06
1.01,4,50000,4,-0.005824397625171518,0.012671294135195917,0.00019448530275675404
1.01,4,200000,4,-0.00806728030631956,0.013007100544909484,0.00023426567612611605
1.01,4,1000000,4,-0.0035190056362842713,0.00642746576578945,5.3695716838595834e-05
1.01,4,50000,8,-0.007721348614716105,-0.0014365876893704167,6.168300861922893e-05
1.01,4,200000,8,-0.005214949387974623,0.008342393135983912,9.679122035444838e-05
1.01,4,1000000,8,0.0004964784971303322,0.0026882432053863307,7.473142429418566e-06
1.01,5,50000,1,0.047214059476071775,-0.00807800631245019,0.0022944215981940278
1.01,5,200000,1,-0.0006643151082884459,-0.005018981176530502,2.5631486613467788e-05
1.01,5,1000000,1,0.007651257975464964,0.00512533311791858,8.481078817674922e-05
1.01,5,50000,2,-0.028647547565946046,0.014588450247698446,0.0010335048621727138
1.01,5,200000,2,-0.006126953024766237,0.0010506829267974047,3.86434879803557e-05
1.01,5,1000000,2,-0.006079604893927291,-0.0004977759850513647,3.7209376597558526e-05
1.01,5,50000,4,-0.015262939083760476,0.010873656148079423,0.0003511937075012485
1.01,5,200000,4,-0.005252053457140692,0.003144539212515261,3.747219237570959e-05
1.01,5,1000000,4,-0.0013833319323852294,0.0025171523297620483,8.24966308638316e-06
1.01,5,50000,8,-0.012083262883645501,0.004226192634721924,0.00016386594610106283
1.01,5,200000,8,-0.0018829486597622526,-0.0025041354754564114,9.816190134739772e-06
1.01,5,1000000,8,-0.0021740104905529456,0.00016463995374996925,4.753427927405051e-06
1.01,6,50000,1,0.01964977222549211,-0.07530116731299977,0.0060563793472141044
1.01,6,200000,1,-0.0160120425774043,-0.0016833373294808701,0.00025921913206543187
1.01,6,1000000,1,0.00015328811323679563,0.005378658370915946,2.895346311668388e-05
1.01,6,50000,2,-0.030826918505018425,0.023467913927151883,0.0015010418886072568
1.01,6,200000,2,0.006623394529723683,-0.009725369397477958,0.00013845216501377438
1.01,6,1000000,2,-0.003117843997101484,-0.006697519321674821,5.457771625446932e-05
1.01,6,50000,4,-0.011578448774786405,0.019678184553401496,0.000521291423348082
1.01,6,200000,4,0.017303256241853075,-0.013241473944169637,0.00047473930878535087
1.01,6,1000000,4,-0.0022759382267983417,-0.0043204333492138595,2.384603913720127e-05
1.01,6,50000,8,-0.022633408136190098,-0.0055837188113500545,0.0005434490796235806
1.01,6,200000,8,0.0014986471751566015,-0.008547900620703743,7.531254837703229e-05
1.01,6,1000000,8,-0.0020009269117859706,-0.0014477035226075385,6.099553995679616e-06
1.01,7,50000,1,0.0457736994749462,3.438672679414708e-05,0.0020952327460696703
1.01,7,200000,1,0.003583378559410201,0.005279924052614426,4.071819990141707e-05
1.01,7,1000000,1,0.002353800707853551,-0.002598062549590373,1.2290306783875907e-05
1.01,7,50000,2,-0.0055369152901639605,-0.016790062283180196,0.00031256362240352154
1.01,7,200000,2,-0.0011750252679532179,-0.005716136995223499,3.405490652849126e-05
1.01,7,1000000,2,-0.0005187912582583823,-0.0060155519786281786,3.645600997722271e-05
1.01,7,50000,4,-0.003501449860124728,-0.00710323405312962,6.271608513650775e-05
1.01,7,200000,4,-0.004869395247524304,-0.0006282169042402932,2.410566655538554e-05
1.01,7,1000000,4,-0.00062821051062374,0.00044765115503961095,5.95040002266438e-07
1.01,7,50000,8,-0.012148086405007617,-0.00100999118449786,0.00014859608549629426
1.01,7,200000,8,-0.011378634254251493,-0.002003833490552999,0.00013348866614988725
1.01,7,1000000,8,-0.0012153598210758812,-0.0008496882514554643,2.1990696193470424e-06
1.01,8,50000,1,-0.004178050633600668,0.006800275830379397,6.369985846617314e-05
1.01,8,200000,1,0.033386776464968355,0.02455608400906061,0.001717678104581807
1.01,8,1000000,1,0.006059002995545484,0.006605811644526234,8.034826478298754e-05
1.01,8,50000,2,0.03072380254914628,0.004425816244926019,0.0009635398925127784
1.01,8,200000,2,-0.013597045814846971,-0.011425318954247178,0.00031541756809732745
1.01,8,1000000,2,0.0006560503006320656,-0.004622892255527819,2.180153480317851e-05
1.01,8,50000,4,0.033983894661014494,0.015358622513450297,0.0013907923818415916
1.01,8,200000,4,-0.006855978785213927,-0.004348033358063554,6.590983918613688e-05
1.01,8,1000000,4,-0.0039310805394051915,-0.004618579390443228,3.6784669793117154e-05
1.01,8,50000,8,0.029208148787402605,0.020775515482927605,0.0012847379991684131
1.01,8,200000,8,0.004321080584839022,-0.001637101294747153,2.135183806993555e-05
1.01,8,1000000,8,-0.0018172697919412383,-0.0006912544223256081,3.7803021730868617e-06
1.01,9,50000,1,0.042108298326834215,0.020128860739529332,0.002178279822653034
1.01,9,200000,1,-0.0031588322922512877,0.021394693118748576,0.00046771111509599724
1.01,9,1000000,1,-0.0020560389050180696,0.003423835617968135,1.5949946317815144e-05
1.01,9,50000,2,-0.007480070783932657,-0.02257509236035997,0.0005655862540114259
1.01,9,200000,2,0.002565387558621688,-0.017715708966278387,0.00032042755750380747
1.01,9,1000000,2,0.0011195386265282676,0.0009613392804112005,2.1775399483503248e-06
1.01,9,50000,4,0.024167075899189292,-0.01678474997930629,0.0008657753893849985
1.01,9,200000,4,0.010320117756110395,-0.006744105836822946,0.00015198779403825439
1.01,9,1000000,4,0.0050303259851013525,0.0008862572105657838,2.6089631359665734e-05
1.01,9,50000,8,0.00036184389433332293,-0.003891507735685427,1.5274763460765822e-05
1.01,9,200000,8,0.001963307868694054,-0.00046496122708065746,4.070766729964339e-06
1.01,9,1000000,8,0.0005691424076633317,0.000296236042943146,4.1167887333942747e-07
1.01,10,50000,1,-0.07875255871104053,0.004446609073227404,0.006221737835785993
1.01,10,200000,1,-0.01642983474492507,-0.021712210516672905,0.0007413595552658686
1.01,10,1000000,1,-0.007780973817145446,-0.003080615497957782,7.003374538936065e-05
1.01,10,50000,2,-0.002835261543578789,-0.003786459873215332,2.2375986391966647e-05
1.01,10,200000,2,0.004055309942647335,0.01676572657255436,0.0002975351262365897
1.01,10,1000000,2,0.0018582842672108632,0.0017339818419828891,6.4599134460897885e-06
1.01,10,50000,4,-0.007767175682704754,0.004032243759775558,7.658800782424899e-05
1.01,10,200000,4,0.00046233139558941714,0.013996745714223295,0.00019612264090797582
1.01,10,1000000,4,0.000669459696673306,-0.0016717174113165688,3.2428153887688844e-06
1.01,10,50000,8,-0.0018651033637636489,0.00935037461435657,9.090811598632625e-05
1.01,10,200000,8,-0.0008047573294600193,0.00909170014178166,8.330664582739228e-05
1.01,10,1000000,8,0.0016109193796635599,-0.0005934101381863417,2.9471968398779615e-06
1.01,11,50000,1,-0.02040368155296025,-0.03460177372082573,0.0016135929655418367
1.01,11,200000,1,-0.00231533634691034,-0.01597195987211438,0.0002604642845557562
1.01,11,1000000,1,-0.004383810486208336,-0.004766879519235142,4.194093472989362e-05
1.01,11,50000,2,0.011360308680557587,0.005845602118580025,0.00016322767744629936
1.01,11,200000,2,-0.000748458320574275,0.0005456988731728987,8.579771178190357e-07
1.01,11,1000000,2,-0.0007320356444199392,-0.0013069567503886084,2.244012132087667e-06
1.01,11,50000,4,-0.014698290409758997,-0.004269943485934729,0.00023427215834268973
1.01,11,200000,4,0.0085722076664118,0.0027250002306743446,8.090837053326449e-05
1.01,11,1000000,4,0.00023033678359391085,0.005386229875510045,2.906452730571334e-05
1.01,11,50000,8,-0.012621072332133918,0.010518754300206904,0.0002699356588410775
1.01,11,200000,8,0.004690280758707498,0.01056463773023029,0.0001336103039665072
1.01,11,1000000,8,0.0005385884359471808,0.004502689571530522,2.056429088090575e-05
1.01,12,50000,1,0.006828784957720946,-0.0043207977258484425,6.530159698649293e-05
1.01,12,200000,1,-0.015104134956018216,0.006715204033968844,0.0002732288579874428
1.01,12,1000000,1,-0.0046626625379539025,-9.32737924446909e-05,2.1749121943195743e-05
1.01,12,50000,2,0.0048360073572463564,-0.02211397174723748,0.0005124147135969584
1.01,12,200000,2,-0.005067142445260385,-0.011280776475221636,0.00015293185044447323
1.01,12,1000000,2,-0.003710043502577705,0.003832869691688146,2.8455312864480624e-05
1.01,12,50000,4,0.011859783686032566,-0.009328533518317531,0.00022767600668185787
1.01,12,200000,4,-0.00778667739795947,-0.005200417814644456,8.767669034676426e-05
1.01,12,1000000,4,-0.0037088623075767447,0.001578246495549184,1.6246521617276777e-05
1.01,12,50000,8,0.007211193532824878,-0.004606227380839378,7.321864285184973e-05
1.01,12,200000,8,-0.007551079695785486,-0.011459724295765533,0.00018834408550706268
1.01,12,1000000,8,-0.0011762452104583378,-0.0025441429914564986,7.856216356103401e-06
1.01,13,50000,1,-0.005042630063624916,2.147974913322969e-05,2.5428579338196656e-05
1.01,13,200000,1,0.0259615968320278,-0.015293086414946191,0.0009078830021637676
1.01,13,1000000,1,0.004878919142788914,-0.014552171907032967,0.00023556955921371164
1.01,13,50000,2,0.00471754814164107,0.010034797426468222,0.0001229524198589544
1.01,13,200000,2,-0.006057630103427808,0.003368287604200698,4.8040243854566864e-05
1.01,13,1000000,2,-0.002574355997767881,0.012730664378880855,0.0001686971243309493
1.01,13,50000,4,0.00016916353894715942,-0.006396699806564076,4.094638471820602e-05
1.01,13,200000,4,-0.007433319302019088,0.0006832839802543947,5.5721112843441836e-05
1.01,13,1000000,4,-0.004509956383464505,0.004490289676787386,4.0502407962215604e-05
1.01,13,50000,8,-0.0036707908245112064,-0.0037054489270976327,2.7205057028644663e-05
1.01,13,200000,8,-0.00883530785538299,0.0013071815661347525,7.977138854623488e-05
1.01,13,1000000,8,-0.002902689440465707,0.0009370647950028366,9.303696417824827e-06
1.01,14,50000,1,-0.05267287769711807,0.004648832222955183,0.002796043685932745
1.01,14,200000,1,-0.014560057085520592,0.0034235320194148503,0.00022371583382157711
1.01,14,1000000,1,0.0010716892146096892,0.0034227084849466644,1.2863451145636623e-05
1.01,14,50000,2,0.005764419947451098,-0.03017463927474428,0.0009437373926915121
1.01,14,200000,2,-0.007429524909904555,0.0016541582231402265,5.793407981407471e-05
1.01,14,1000000,2,-0.006677366900072566,0.00037927330046439746,4.473107695462986e-05
1.01,14,50000,4,0.006197440428788496,-0.020051847631413103,0.0004404848613017894
1.01,14,200000,4,0.0008207048386706747,0.001550137660374419,3.0764831983285356e-06
1.01,14,1000000,4,-0.001127982490418423,0.0017476732997198593,4.32670646124425e-06
1.01,14,50000,8,0.010907337944965257,-0.013105417713673238,0.0002907219944955391
1.01,14,200000,8,0.004291202612289604,0.00229026992263106,2.36597561782296e-05
1.01,14,1000000,8,0.0003047302174905209,0.0018273717010577834,3.432147839278637e-06
1.01,15,50000,1,-0.09008932324483164,0.030465627864131636,0.009044240643867517
1.01,15,200000,1,-0.020629877834101456,0.0012768958875790488,0.00042722232255766677
1.01,15,1000000,1,-0.014939450159690601,-0.0017776168157432868,0.00022634709261749286
1.01,15,50000,2,0.04665634153164988,-0.01026905323107521,0.0022822676593806136
1.01,15,200000,2,0.012599117260010659,-0.009012178656844371,0.0002399571198743797
1.01,15,1000000,2,0.004865286746238806,-0.00382833553187773,3.8327168067764534e-05
1.01,15,50000,4,0.051229798076241,-0.026038790011957347,0.0033025107962192358
1.01,15,200000,4,0.016835339792048917,-0.0031739095330779337,0.0002935023676379087
1.01,15,1000000,4,0.00621165560248131,-0.0011331416476690322,3.986867531751952e-05
1.01,15,50000,8,0.03495972381315411,-0.022841724623789614,0.0017439266728810515
1.01,15,200000,8,0.008966119280455811,-0.005990492585626814,0.00011627729636981126
1.01,15,1000000,8,0.0017197522575066104,-0.004003664531354044,1.898687750682148e-05
1.01,16,50000,1,-0.015417253876662316,-0.007816606678818372,0.0002987910570688072
1.01,16,200000,1,0.015422943233934791,0.004647645826285554,0.0002594677897237645
1.01,16,1000000,1,-0.0008141368449145228,-0.0036524476750098836,1.4003192820932476e-05
1.01,16,50000,2,0.0026099377302624535,0.014185998527740126,0.00020805432918489256
1.01,16,200000,2,-0.024242445211492093,0.0014276259857215826,0.0005897342657873034
1.01,16,1000000,2,8.013781354004624e-05,0.0016073262284736717,2.589919673898377e-06
1.01,16,50000,4,-0.013137233483308287,0.01387519287808494,0.00036510788099901537
1.01,16,200000,4,-0.023667197864393107,0.0030948175026039703,0.0005697141501267575
1.01,16,1000000,4,-0.0004694511932322817,0.0034537525206295803,1.2148790896582392e-05
1.01,16,50000,8,-0.0064090354891502615,0.005136747182868452,6.74619075218945e-05
1.01,16,200000,8,-0.007957421631950559,0.006971208461757963,0.00011191830644592051
1.01,16,1000000,8,0.0013338475420286015,0.002519457775055253,8.126816745662108e-06
1.01,17,50000,1,-0.0044791552582064175,0.0290153212833997,0.0008619517010060258
1.01,17,200000,1,0.02346788998430934,-0.0019378676458855686,0.0005544971913286168
1.01,17,1000000,1,9.268524163218714e-05,0.003957516291659692,1.5670525752768304e-05
1.01,17,50000,2,-0.008762514953490941,-0.02754550448072961,0.0008355364854080475
1.01,17,200000,2,-0.027564551431824014,0.004431761397490401,0.0007794450047219573
1.01,17,1000000,2,-0.003978110222728605,0.002105379392894972,2.025798333220463e-05
1.01,17,50000,4,-0.016674682554418924,-0.0044496998515114695,0.00029784486705918396
1.01,17,200000,4,-0.015123390413200374,0.007514842024909297,0.0002851897882494238
1.01,17,1000000,4,-0.0045570198866615765,0.001635123336130449,2.344005857178746e-05
1.01,17,50000,8,-0.010402264409856142,-0.007671940454193965,0.0001670657751852577
1.01,17,200000,8,-0.007340671625940839,-0.0014387455305934565,5.5955448621695574e-05
1.01,17,1000000,8,-0.0026131012192943293,-0.002126297194323265,1.1349437740864499e-05
1.01,18,50000,1,0.003341545208561116,0.036224401485919544,0.0013233731873939477
1.01,18,200000,1,-0.0033223391571393936,0.023027239543385356,0.0005412916984635118
1.01,18,1000000,1,-0.0062410296961070795,-0.001697599381085637,4.183229532635276e-05
1.01,18,50000,2,-0.001311278070519756,-0.008270501372499376,7.01206431307401e-05
1.01,18,200000,2,0.0005080310515451731,-0.0009377352353542304,1.1374429209589484e-06
1.01,18,1000000,2,0.00500114400858053,0.005172069135436316,5.176174053629391e-05
1.01,18,50000,4,-0.0031376583886934028,0.002606651511178671,1.663953226486813e-05
1.01,18,200000,4,-0.0012795284117664042,0.005311942315242133,2.985392411697741e-05
1.01,18,1000000,4,0.0002738266210299799,0.00564458483146378,3.193631893797568e-05
1.01,18,50000,8,-0.004694784976107604,-0.014652053355097078,0.00023672367349249722
1.01,18,200000,8,0.005658292239644603,0.0031741515793237713,4.209150931774594e-05
1.01,18,1000000,8,0.0018539188191026637,0.002193423837155035,8.248123117222932e-06
1.01,19,50000,1,-0.012753994559028863,0.018561113843620882,0.0005071793243275926
1.01,19,200000,1,-0.0017254996959269518,-0.022481202243763702,0.0005083818035256502
1.01,19,1000000,1,-0.006459924301669486,-0.00819007900392665,0.00010880801607386016
1.01,19,50000,2,0.016128336803970408,0.000830635334573774,0.0002608132031213488
1.01,19,200000,2,0.0038469179992063314,0.004287519810845904,3.3181604221013744e-05
1.01,19,1000000,2,0.0010423580138665628,0.00344509258597832,1.2955173155034633e-05
1.01,19,50000,4,0.009843952562574362,0.0064830679248647745,0.0001389335717726248
1.01,19,200000,4,0.002071006244040879,0.0016583442893797222,7.039172644974645e-06
1.01,19,1000000,4,-0.0038743704902488804,-2.4787838855683475e-05,1.5011361132666483e-05
1.01,19,50000,8,0.00035962444164441593,0.0030607082967713632,9.497265016953114e-06
1.01,19,200000,8,-0.004104812105859472,0.0042207417397582825,3.4664143258148236e-05
1.01,19,1000000,8,-0.003630952391011617,-0.00034292282405001405,1.3301411329047414e-05
1.01,20,50000,1,-0.02428932130148825,0.008355288873114814,0.0006597819814401272
1.01,20,200000,1,-0.0007627050345704058,-0.00709423871364388,5.090994189592262e-05
1.01,20,1000000,1,-0.0030077882327571625,0.007827001425920056,7.030874137446704e-05
1.01,20,50000,2,0.012269336165036749,-0.009271153535657545,0.00023649089781241405
1.01,20,200000,2,-0.005963917738226138,-0.0034929886240659246,4.7769284316182335e-05
1.01,20,1000000,2,0.0016772160117085608,-0.0039797169953964045,1.8651200913378556e-05
1.01,20,50000,4,0.027336566138192842,-0.005019991761958011,0.0007724881655179178
1.01,20,200000,4,-0.0030192257253386437,-0.0017235971117459694,1.2086510984165705e-05
1.01,20,1000000,4,0.001964721252890419,0.0015396064531148406,6.230517632032158e-06
1.01,20,50000,8,0.009736174176365882,-0.011718844450639658,0.00023212440285082174
1.01,20,200000,8,-0.0031727813259760833,-0.00015090264304689897,1.0089312950141094e-05
1.01,20,1000000,8,0.0021414200889628117,0.002369804716467013,1.0201654391602796e-05
1.01,21,50000,1,0.057020634304791776,-0.03703933550497548,0.004623265111170933
1.01,21,200000,1,0.009060020104997195,-0.010852322727392887,0.00019985687288244153
1.01,21,1000000,1,-9.796118247539717e-05,0.006251888936299972,3.909571166510197e-05
1.01,21,50000,2,-0.03328776269546189,0.004502182036551712,0.0011283447883596327
1.01,21,200000,2,-0.016310865586710323,0.001263643290157916,0.00026764113055249226
1.01,21,1000000,2,0.0006517516886133673,-0.0028623481114392257,8.617816974670077e-06
1.01,21,50000,4,-0.010903881495329924,-0.005974900196670457,0.000154594064024371
1.01,21,200000,4,-0.006789793510051762,-0.001948501172983374,4.9897952730258604e-05
1.01,21,1000000,4,0.003162072959849415,-0.0029645324180417347,1.878715786103121e-05
1.01,21,50000,8,-0.004354870766162415,0.006999148774897567,6.795298296312615e-05
1.01,21,200000,8,-0.0044048019595318705,0.0020402350240002684,2.3564839255853178e-05
1.01,21,1000000,8,0.0011333581523740488,-0.0009326674020822154,2.1543691844595066e-06
1.01,22,50000,1,-0.022501737621789236,0.045673101063936,0.002592360356796358
1.01,22,200000,1,0.009647322830919961,0.031093874842827537,0.001059899890545413
1.01,22,1000000,1,0.0002626740251397416,9.796571944861485e-05,7.859492567019832e-08
1.01,22,50000,2,-0.004258592999745719,-0.042057857059363636,0.001786998954763347
1.01,22,200000,2,0.006203721524931469,-0.029873487644707077,0.0009309114248173644
1.01,22,1000000,2,0.001692016527497897,-0.004767199146532069,2.5589107632022132e-05
1.01,22,50000,4,-0.012077992174673487,-0.020828578383191226,0.0005797075724362148
1.01,22,200000,4,0.002794424332453921,-0.005250197382332044,3.537337990325679e-05
1.01,22,1000000,4,-0.00018877494738324548,-0.000903524008319615,8.519916143694908e-07
1.01,22,50000,8,-0.014570069812858437,-0.026384870263208505,0.000908448313157913
1.01,22,200000,8,0.0024890535392017884,-0.003601769820352806,1.916813335981723e-05
1.01,22,1000000,8,-0.000845556643749481,0.0002928910422841694,8.007512004391939e-07
1.01,23,50000,1,0.043803380488502894,-0.024727942473520764,0.0025302072811943083
1.01,23,200000,1,0.014779706608348639,-0.017512507913899102,0.000525127660863243
1.01,23,1000000,1,-4.186638519409746e-05,0.01101445977594658,0.00012132007695015442
1.01,23,50000,2,-0.036705890726780564,0.019906741611044686,0.0017436007756152531
1.01,23,200000,2,-0.021646706005676763,0.017518019777269033,0.0007754608978129914
1.01,23,1000000,2,-0.0029025868985496223,-0.007728350934696872,6.815241887346192e-05
1.01,23,50000,4,-0.02365295683708395,-0.012839182913087669,0.0007243069850126787
1.01,23,200000,4,-0.002100587799686187,0.009721457392761028,9.891920294345849e-05
1.01,23,1000000,4,-0.0005674067396534462,-0.00482495912800203,2.360218099509427e-05
1.01,23,50000,8,-0.000744532234610314,0.004254360250354459,1.8653909388169883e-05
1.01,23,200000,8,0.006488436543862573,0.0059639602483779,7.766863062796309e-05
1.01,23,1000000,8,0.0011342273312632606,-0.0007455922443971069,1.842379433889693e-06
1.01,24,50000,1,0.041268907867252715,-0.004619691035185943,0.0017244643018163703
1.01,24,200000,1,0.018595552485554594,-0.01156363698930027,0.0004795122726633291
1.01,24,1000000,1,0.01625019702070294,-0.003214449641665539,0.00027440158971046635
1.01,24,50000,2,-0.019694494775933154,-0.01953250699873379,0.0007693919541348429
1.01,24,200000,2,-0.014121580398089553,0.019792384809625526,0.0005911575293920023
1.01,24,1000000,2,-0.008513575857028251,0.006533636923842977,0.00011516938532597863
1.01,24,50000,4,-0.01790274636623025,-0.025745760476171702,0.0009833525099499753
1.01,24,200000,4,-0.013082083154673812,0.010410008199757638,0.0002795091703848215
1.01,24,1000000,4,-0.005815330306505202,-0.0032031132535644716,4.4078001088918256e-05
1.01,24,50000,8,-0.00243234789080927,-0.014168739406972128,0.00020666949264460917
1.01,24,200000,8,-0.004273502582784759,0.008579355209187556,9.186816013048168e-05
1.01,24,1000000,8,-0.004392303664218573,-0.0013529836272978921,2.112289617444406e-05
1.01,25,50000,1,-0.009633225065503525,0.003494849609095882,0.00010501299895284304
1.01,25,200000,1,0.006140913412394904,0.001347400702851461,3.952630619257623e-05
1.01,25,1000000,1,0.006297290570116922,-0.007350961392619261,9.36925019202624e-05
1.01,25,50000,2,0.0058268566506404695,-0.0012143640390058158,3.542693844634359e-05
1.01,25,200000,2,0.005778140841784007,-0.01081155393244521,0.0001502766100216639
1.01,25,1000000,2,-0.005131726474812621,0.00501500493910427,5.1484891151532996e-05
1.01,25,50000,4,0.009657006348261896,0.01188684403349078,0.00023455483268690588
1.01,25,200000,4,0.005331116879175179,-0.006543422047655225,7.1237179273167e-05
1.01,25,1000000,4,-0.006284853077712023,0.0029955060743018136,4.8472434849605346e-05
1.01,25,50000,8,-0.004361914642628796,0.003936159836781641,3.451965361027238e-05
1.01,25,200000,8,-0.005163893506844281,-0.003090619776169124,3.6217726750876203e-05
1.01,25,1000000,8,-0.005309985944957643,0.0019919619885364137,3.216386329942166e-05
1.01,26,50000,1,-0.006027365921039588,0.04186033441202614,0.0017886167370327695
1.01,26,200000,1,0.003325882261255506,-0.032596609164321014,0.0010736004218272308
1.01,26,1000000,1,0.00554565606984356,0.0004267302955382671,3.093639999012289e-05
1.01,26,50000,2,-0.003462409605410486,-0.017359254742467238,0.00031333200548951015
1.01,26,200000,2,-0.008091526399843433,0.009750765659827751,0.00016055023043223937
1.01,26,1000000,2,-0.0027406230442170664,0.0019037017554666526,1.1135095044260435e-05
1.01,26,50000,4,0.00894411198993418,-0.02211092009443974,0.0005688899267111833
1.01,26,200000,4,-0.0034724568742344857,-0.0027276709345772808,1.9498145470756028e-05
1.01,26,1000000,4,0.0005723915712899279,0.0014082477850804016,2.31079393506761e-06
1.01,26,50000,8,0.002146265523630427,-0.0019182773237054643,8.286243588567189e-06
1.01,26,200000,8,-0.005736532227067075,0.002035888042629463,3.705264211430077e-05
1.01,26,1000000,8,-0.0018523133493900566,-0.0003512979882339218,3.55447502086581e-06
1.01,27,50000,1,0.0004718195435513292,0.002137613691831115,4.792005977180834e-06
1.01,27,200000,1,-0.03124728347309815,-0.0013819956161299249,0.0009783026363311554
1.01,27,1000000,1,-0.007905746538122671,0.0027912981519074885,7.029217369788076e-05
1.01,27,50000,2,-0.014193732139776642,0.004656940172210009,0.0002231491238232718
1.01,27,200000,2,0.013217086891021673,-0.009122203942269001,0.0002579059906491651
1.01,27,1000000,2,-0.0017123898675281087,-0.0009956132734895006,3.923524848761413e-06
1.01,27,50000,4,-0.015948197327236423,-0.002050544128536733,0.0002585497292115474
1.01,27,200000,4,0.00045415938547928563,-0.003097785025298853,9.802532810384736e-06
1.01,27,1000000,4,-0.0012235200124873019,-0.0008670770947496376,2.248823909196399e-06
1.01,27,50000,8,-0.020930168770503153,0.005876051191539417,0.0004725999423673373
1.01,27,200000,8,-0.0026110013681584134,-0.0049275280630972544,3.109786095713608e-05
1.01,27,1000000,8,-0.0014327214796867607,0.00059870979434866,2.4111442562048356e-06
1.01,28,50000,1,-0.020179478786910333,-0.025953356935299668,0.0010807881003224312
1.01,28,200000,1,-0.022276602864581517,-0.005057215512797776,0.0005218224639291639
1.01,28,1000000,1,-0.010523539678678225,-0.003100504680021691,0.00012035801663955139
1.01,28,50000,2,-0.009975578019137675,0.01206403599017645,0.0002450531211881754
1.01,28,200000,2,0.0007579019412007652,0.001094927829606588,1.7732823045228815e-06
1.01,28,1000000,2,0.004799912845106319,0.004425279472219283,4.262226172786201e-05
1.01,28,50000,4,-0.0034645183711355275,0.010126441524964207,0.000114547705502455
1.01,28,200000,4,0.008443151303898012,0.003377649728943688,8.269532163194806e-05
1.01,28,1000000,4,0.00685035884997249,0.003994510226337764,6.288352832171339e-05
1.01,28,50000,8,0.008792338068991904,0.015556152330349435,0.0003192990840444805
1.01,28,200000,8,0.007380709155620808,0.010635352527975702,0.00016758559103418396
1.01,28,1000000,8,0.0028216629059266756,0.0016443854555775724,1.0665785081197631e-05
1.01,29,50000,1,0.07171381479891106,-0.01043285553020895,0.005251715707526727
1.01,29,200000,1,0.02365705137982106,-0.0004044695571777959,0.0005598196756101771
1.01,29,1000000,1,-0.002214929977202988,0.001015697435410324,5.937556084211537e-06
1.01,29,50000,2,-0.05636822117897695,-0.0018269618644982382,0.003180714148536396
1.01,29,200000,2,-0.01945009230451491,-0.0058952969173814325,0.000413060616398237
1.01,29,1000000,2,0.0012590175861787107,-0.00013760457410322266,1.6040603011213962e-06
1.01,29,50000,4,-0.03572205501624262,0.011846108017030257,0.001416395489734613
1.01,29,200000,4,-0.011143158056081166,-0.006870570937523919,0.0001713747164703549
1.01,29,1000000,4,0.0019764193739869153,0.0024630278572121433,9.972739767273872e-06
1.01,29,50000,8,-0.011486434953826539,0.007882805282929223,0.00019407680707706496
1.01,29,200000,8,-0.00665546777132897,-0.0032106303087997157,5.4603398234981963e-05
1.01,29,1000000,8,0.00231439629867768,0.0004653117441920652,5.572945246616008e-06
1.01,30,50000,1,-0.02685342345080502,0.00693893464531976,0.000769255165040264
1.01,30,200000,1,-0.025000707803175724,-0.0012454002341295792,0.0006265864124029417
1.01,30,1000000,1,-0.007820298025767652,-0.010642568200467599,0.00017442131911342957
1.01,30,50000,2,0.020621124101085117,-0.03054545277796287,0.0013582554446031133
1.01,30,200000,2,-0.0008773429823340246,-0.010080007633463698,0.00010237628459933718
1.01,30,1000000,2,0.00021189358498690218,0.004578179204585892,2.100462372066132e-05
1.01,30,50000,4,0.013575650981124591,-0.027658548947442747,0.0009492936294393953
1.01,30,200000,4,0.006637409982680094,-0.009961644833441629,0.00014328957906581565
1.01,30,1000000,4,0.00010556379259679529,-0.00021005419366015683,5.526647858163788e-08
1.01,30,50000,8,0.0046682328757309466,-0.01559855790265098,0.00026510740682441063
1.01,30,200000,8,0.0022914943570839265,-0.006860172401137141,5.2312911761871206e-05
1.01,30,1000000,8,0.002096916325346697,-0.0009193596016576026,5.2422801526655195e-06
1.01,31,50000,1,0.010091055370850298,0.016262983045980183,0.00036631401605140556
1.01,31,200000,1,-0.002119307457810656,0.001997371001848482,8.480955019757073e-06
1.01,31,1000000,1,-0.011546826825912923,-0.007516623080580761,0.00018982883228314172
1.01,31,50000,2,-0.023056901341522038,0.02109877423329586,0.00097677897362027
1.01,31,200000,2,0.0007738662697597086,0.002123901844748019,5.109828049595845e-06
1.01,31,1000000,2,0.003834344504148462,0.003453450806910667,2.6628520252245452e-05
1.01,31,50000,4,-0.050526975812556434,0.03225234218335952,0.003593188861075174
1.01,31,200000,4,-0.008841036680794232,0.00995074144959442,0.00017718118498782554
1.01,31,1000000,4,0.00045286726201974154,0.0013936337919947166,2.147303903198831e-06
1.01,31,50000,8,-0.020251596535337656,0.014788864279293221,0.0006288376689014551
1.01,31,200000,8,0.002537901032800312,0.0007895106518462835,7.064268721667634e-06
1.01,31,1000000,8,0.0033928718145589724,0.00017783388951603563,1.1543204042289095e-05
1.01,32,50000,1,-0.015534763618832275,-0.018164860621479432,0.000571291042090769
1.01,32,200000,1,-0.034629739163848886,-0.020457472463661645,0.001617727014157684
1.01,32,1000000,1,-0.006981819203657563,0.006524327076110531,9.131264318863054e-05
1.01,32,50000,2,0.02099697544353174,0.01960065318149158,0.000825058582917391
1.01,32,200000,2,0.012908856412378083,0.00521180180557302,0.00019380145193596894
1.01,32,1000000,2,-3.408245725558025e-05,-0.0029145724971692344,8.495894455147887e-06
1.01,32,50000,4,0.00279518482701438,0.0024077971736944565,1.3610545446822425e-05
1.01,32,200000,4,0.0013781905032512981,0.002649530793376135,8.919422488300438e-06
1.01,32,1000000,4,0.0003674334522603983,-0.0009142486160113712,9.708578737187022e-07
1.01,32,50000,8,-0.008021680846294399,-0.00040353517384588404,6.451020423633724e-05
1.01,32,200000,8,0.0010935474404253195,0.005664637598305965,3.3283965124602334e-05
1.01,32,1000000,8,0.00352833018527213,0.0009740195524472528,1.3397827984852009e-05
1.01,33,50000,1,0.012548322874828958,0.010141875023527086,0.0002603180359637983
1.01,33,200000,1,0.0164520438436479,-0.011917151848087544,0.0004126882548036891
1.01,33,1000000,1,0.0035981611755173597,-0.005749548726531681,4.6004074403762545e-05
1.01,33,50000,2,-0.006202605366275722,-0.01979532451044032,0.0004303271858033918
1.01,33,200000,2,-0.007219855562254027,-0.00978749124416049,0.0001479212991943287
1.01,33,1000000,2,0.0009940911819184754,-0.002441372545709647,6.948517184912875e-06
1.01,33,50000,4,0.015158203201697926,-0.009741089842498564,0.000324659955623594
1.01,33,200000,4,0.0029900084938460506,0.007455195107491914,6.452008488404291e-05
1.01,33,1000000,4,0.003933620704658912,0.003469320263329437,2.750955493766951e-05
1.01,33,50000,8,0.015758193804377242,-0.007001334762376351,0.0002973393604311729
1.01,33,200000,8,0.006812986000442783,-0.003719549139224362,6.025182404133405e-05
1.01,33,1000000,8,0.0005888929766636775,0.00022193712567357285,3.960510257160538e-07
1.01,34,50000,1,0.05573541193531404,0.04350368123264005,0.004999006424390304
1.01,34,200000,1,0.03108148531045223,-0.003820155294522809,0.0009806523155781281
1.01,34,1000000,1,-0.008684822875581422,0.01191277113965052,0.00021734026460591265
1.01,34,50000,2,-0.0007653210808743015,0.0020260397631647205,4.690553478755166e-06
1.01,34,200000,2,-0.007341658772111022,0.0056435967552616075,8.575013786211406e-05
1.01,34,1000000,2,0.004064784723584408,-0.006756561497865885,6.217359812352887e-05
1.01,34,50000,4,0.0030074521085485524,-0.005902932227458991,4.38893770671871e-05
1.01,34,200000,4,-0.00687024265064287,0.003569808990879067,5.994377031007339e-05
1.01,34,1000000,4,0.005524812997685643,-0.0028508405318495166,3.8650850397432266e-05
1.01,34,50000,8,0.006653339268826802,-0.007309753393204587,9.769941809557873e-05
1.01,34,200000,8,0.003081009659316677,-0.003928818933452371,2.492823873265649e-05
1.01,34,1000000,8,0.0028978386189899273,-0.003524810668354918,2.082175890945809e-05
1.01,35,50000,1,-0.013298962114492057,0.0018109970480081593,0.0001801421036305893
1.01,35,200000,1,-0.022824520123863715,-0.00857405709156841,0.0005944731738941342
1.01,35,1000000,1,-0.003835600006689257,-0.0032105468567742105,2.5019438530857395e-05
1.01,35,50000,2,-0.01832147203499386,-0.0007370292973834825,0.0003362195497142637
1.01,35,200000,2,0.018620889063398375,0.0037034845992141197,0.0003604533076880054
1.01,35,1000000,2,0.0047788469409181895,0.003205097817062502,3.311003010166195e-05
1.01,35,50000,4,-0.006165043569909708,-0.0020387464221368885,4.2164249192661004e-05
1.01,35,200000,4,0.017105230910431386,0.0045565698838776515,0.00031335125360583806
1.01,35,1000000,4,0.0038833152021861645,0.0008582105857356501,1.5816662368998895e-05
1.01,35,50000,8,-0.000576519594342318,0.002205963199457511,5.198648480021449e-06
1.01,35,200000,8,0.016044269879221095,0.0016188113047459522,0.0002600391459976546
1.01,35,1000000,8,0.005407077018985636,-0.0017977905387480864,3.246853271045472e-05
1.01,36,50000,1,0.028338351115415373,0.07653621478219376,0.006660854317126657
1.01,36,200000,1,0.008377924117993372,0.018825236682376203,0.0004245791486743376
1.01,36,1000000,1,-0.003445378193422719,0.004036517866774007,2.8164107384498578e-05
1.01,36,50000,2,-0.008992709361018288,-0.04991105436994091,0.002571982169970943
1.01,36,200000,2,0.00021325683718355736,-0.013211291265527898,0.0001745836953812193
1.01,36,1000000,2,0.0002695672272757715,0.001163329690775392,1.4260024594607164e-06
1.01,36,50000,4,-0.0006005933594006826,-0.03335644733389014,0.0011130132911219427
1.01,36,200000,4,-0.007048859061135736,-0.013017761663137027,0.00021914853278199545
1.01,36,1000000,4,0.0005616744879026471,-0.0033062567582975077,1.1246811982148645e-05
1.01,36,50000,8,-0.00607790399903334,-0.02742599185007533,0.0007891259459818638
1.01,36,200000,8,-0.004227091372356446,-0.0078083307534003174,7.883833062474745e-05
1.01,36,1000000,8,0.0008179162600013283,0.00037961356172823093,8.130934646225538e-07
1.01,37,50000,1,0.03529144011569592,-0.01713075859386742,0.0015389486354411136
1.01,37,200000,1,0.011943114015607516,0.01066200672697444,0.00025631635983584887
1.01,37,1000000,1,0.012780059768268681,0.006165505755864095,0.00020134338890611303
1.01,37,50000,2,-0.034280698812867966,0.014160710657824175,0.0013756920374331826
1.01,37,200000,2,-0.01985480466316663,-0.005465025555849211,0.0004240797725385884
1.01,37,1000000,2,-0.015451224061942131,-0.0026285362246515442,0.00024564952769664497
1.01,37,50000,4,-0.019055672114446663,0.02224552713563374,0.0008579821172755173
1.01,37,200000,4,0.002340239605093368,0.0014698928110776289,7.637306285305257e-06
1.01,37,1000000,4,-0.004977022015617903,-0.003766513190705755,3.895736975970575e-05
1.01,37,50000,8,-0.000408582907521013,0.002093972958095369,4.551662741552995e-06
1.01,37,200000,8,0.0025039570447195547,-0.0025646909612234035,1.284744060838171e-05
1.01,37,1000000,8,-0.00030947651248048696,-0.002639987337303341,7.065308852899069e-06
1.01,38,50000,1,0.020806350942217448,-0.028459434627037677,0.0012428436588213438
1.01,38,200000,1,-0.002388135968453842,-0.010508715992861097,0.00011613630522243756
1.01,38,1000000,1,0.0056713195473752495,-0.004689565804830528,5.4155892846276404e-05
1.01,38,50000,2,-0.0009476365448196288,0.032985045924893916,0.0010889112696884384
1.01,38,200000,2,0.006904569784984739,0.009239357407743672,0.0001330388092237521
1.01,38,1000000,2,-0.00594404953969692,0.008536879815417632,0.00010821004191325615
1.01,38,50000,4,-0.00985810726635964,0.02266267135167576,0.0006107789516691179
1.01,38,200000,4,-0.0017766778644357193,0.003867671720109563,1.811546876851113e-05
1.01,38,1000000,4,-0.005350979141724329,0.003946394089792846,4.4207004087120743e-05
1.01,38,50000,8,-0.011039089578073194,0.0063061024595521785,0.00016162842694309425
1.01,38,200000,8,-0.007368029798235038,0.007667245760550293,0.00011307452066035589
1.01,38,1000000,8,-0.004144402967826316,0.0018187295082240018,2.0483852983812296e-05
1.01,39,50000,1,-0.06116544427349447,-0.015114465475038355,0.003969658639770083
1.01,39,200000,1,-0.021798995186188663,-0.010679398625889971,0.0005892457461381371
1.01,39,1000000,1,-8.819627985173988e-05,-0.0032948592733933646,1.0863876215245936e-05
1.01,39,50000,2,0.03578601568852208,0.010269698860234426,0.0013861056335390484
1.01,39,200000,2,0.009092935729565661,0.005896062775442408,0.00011744503643396945
1.01,39,1000000,2,-0.0017120516342178224,0.0023544070737028817,8.474353466930083e-06
1.01,39,50000,4,0.022427428136025197,0.018994200132594743,0.000863769171473637
1.01,39,200000,4,0.008299058137356864,0.009471804615410282,0.00015858944863973666
1.01,39,1000000,4,-0.003336603214931262,-0.00028325179964378043,1.1213152595891072e-05
1.01,39,50000,8,0.004029336011802312,0.019675620770530602,0.0004033656014017422
1.01,39,200000,8,0.0010816823627645717,0.008277005595451812,6.967885836105653e-05
1.01,39,1000000,8,-0.003395506496899822,0.0011783020864820537,1.2917860177496863e-05
1.01,40,50000,1,0.005495545862475631,0.03248133338017491,0.0010852380424806376
1.01,40,200000,1,-0.0024636450941405447,-0.006401514842413827,4.7048939427527286e-05
1.01,40,1000000,1,-0.0014315557739906885,-0.004728803443935559,2.441093394542288e-05
1.01,40,50000,2,-0.018497215012530432,-0.00852125257292696,0.0004147587086313955
1.01,40,200000,2,0.003099168656193025,0.005228493972358686,3.694199557852039e-05
1.01,40,1000000,2,-0.000963948490180863,0.006558591895320592,4.394432434108692e-05
1.01,40,50000,4,-0.001493353290310506,-0.004304426491155556,2.0758191467442954e-05
1.01,40,200000,4,0.00521303562729255,0.005455516893464449,5.693840502629741e-05
1.01,40,1000000,4,0.0026124632609234567,0.004267371426191525,2.5035423178750712e-05
1.01,40,50000,8,-0.00742581693224252,-0.0027997304313426207,6.298124759936566e-05
1.01,40,200000,8,-0.0003495774434364549,0.004981932081147133,2.4941851650122566e-05
1.01,40,1000000,8,0.002521976295656161,0.0010467676877377295,7.456087027943365e-06
1.01,41,50000,1,0.052926864566448746,0.03127848679721658,0.0037795967291588597
1.01,41,200000,1,0.017787512327810732,-0.017632028282225456,0.0006272840161572171
1.01,41,1000000,1,-0.006125793062926403,-0.004766829271475779,6.024800195319555e-05
1.01,41,50000,2,-0.026033956698911318,0.004613017853962495,0.0006990468351217662
1.01,41,200000,2,0.0027613128100154537,0.014815365545186985,0.0002271199046722691
1.01,41,1000000,2,0.007595969835082293,0.003968702595135393,7.344935802411454e-05
1.01,41,50000,4,-0.023444301861320856,-0.00678000559333593,0.0005956037656103991
1.01,41,200000,4,-0.002596824432278741,0.005547176429596239,3.751466347314789e-05
1.01,41,1000000,4,0.00387621951826014,0.003342851022109285,2.6199730709757958e-05
1.01,41,50000,8,-0.01269566759627426,-0.008687607920942085,0.0002366545071031039
1.01,41,200000,8,0.001341992567967435,0.003497103241485225,1.4030675134086299e-05
1.01,41,1000000,8,0.0020368946157370903,0.0005867798457133177,4.493250262954093e-06
1.01,42,50000,1,0.008045759085866466,0.02194245271861587,0.0005462054705764958
1.01,42,200000,1,-0.004262044301585073,0.004584466256652832,3.9182352487062235e-05
1.01,42,1000000,1,0.005539997093235299,-0.0009333979928436424,3.156279960610012e-05
1.01,42,50000,2,-0.008361975766796884,-0.009357063443121894,0.0001574772750031065
1.01,42,200000,2,-0.0018593381355081718,0.0025971631360532346,1.0202394657428879e-05
1.01,42,1000000,2,-0.008591766797478674,-0.0006430155609924487,7.42319257139354e-05
1.01,42,50000,4,-0.0003630719422076055,-0.03140388100167975,0.000986335563202881
1.01,42,200000,4,0.00729061437328195,-0.00281598431103919,6.108282557992422e-05
1.01,42,1000000,4,-0.0030348482121997688,-0.0025459747414571516,1.5692291055229944e-05
1.01,42,50000,8,-0.0026329917113362845,-0.002386764812597123,1.2629291622617353e-05
1.01,42,200000,8,0.008678781609242084,0.0007691992239209515,7.59129176669992e-05
1.01,42,1000000,8,0.0006829667149662261,0.0016550410410138782,3.20560438119206e-06
1.01,43,50000,1,0.0016953380543371468,0.02089238205145107,0.00043936579890227847
1.01,43,200000,1,0.019540922369918206,0.00613462575549841,0.0004194812802271942
1.01,43,1000000,1,0.004327880928635821,0.0040943100644187935,3.549392823605068e-05
1.01,43,50000,2,-0.006113832493375353,-0.03211106872388891,0.0010684996823473688
1.01,43,200000,2,0.004134763455158073,-0.023836593548768527,0.0005852794608393042
1.01,43,1000000,2,0.006172021497588379,-0.012078352509641512,0.00018398044871385655
1.01,43,50000,4,-0.0054134963005252525,-0.02345471368618201,0.0005794295362965744
1.01,43,200000,4,0.004408302902368112,-0.016792350429004503,0.00030141616740951484
1.01,43,1000000,4,0.0018412394727569178,-0.0023001638281522243,8.680916432378069e-06
1.01,43,50000,8,0.0018354253067339363,-0.013446979743005603,0.0001841900502654024
1.01,43,200000,8,0.007719974233706322,-0.008051413202172548,0.0001244232567212079
1.01,43,1000000,8,0.0028796189268550107,0.0030605888071698196,1.7659409010474786e-05
1.01,44,50000,1,-0.03660329478738613,0.024527484093596265,0.0019413986652539064
1.01,44,200000,1,-0.003602720118577924,-0.006979431918046181,6.169206215144793e-05
1.01,44,1000000,1,-0.006766886070770314,-0.007128202957067019,9.66020244919243e-05
1.01,44,50000,2,0.0013385294161841967,-0.01949412370027356,0.00038181251983955767
1.01,44,200000,2,-0.0015549801190618742,0.0011656584582082688,3.7767228118701583e-06
1.01,44,1000000,2,0.001410671584515943,0.00786507826714625,6.384945046769699e-05
1.01,44,50000,4,-0.011788511424066232,-0.01975048180106182,0.0005290505329694144
1.01,44,200000,4,0.006624343729101281,-0.005444587060923555,7.352545810525966e-05
1.01,44,1000000,4,0.0043857680081248965,-0.0018542881162494024,2.2673345439155577e-05
1.01,44,50000,8,0.0054721729010155816,-0.01881233845849828,0.00038384875453570264
1.01,44,200000,8,0.007027727420886652,-0.005186639802366174,7.62901851417712e-05
1.01,44,1000000,8,0.00042660737030744,-0.00046366638023584227,3.9698036056163783e-07
1.01,45,50000,1,0.017702757910446874,-0.022241648564977578,0.0008080785685238585
1.01,45,200000,1,0.0032666884326200754,0.007340743031556385,6.455776157115743e-05
1.01,45,1000000,1,0.008084352721070779,-0.0011779098514049194,6.674423053672126e-05
1.01,45,50000,2,0.009857519966975155,0.02037512049136375,0.0005123162349369047
1.01,45,200000,2,0.012707304209155999,0.009035241919924806,0.00024311117681560023
1.01,45,1000000,2,-0.0025541440400293812,0.0031959388240054725,1.6737676744003094e-05
1.01,45,50000,4,-0.002478488290458062,0.015132367225438705,0.00023513144205146924
1.01,45,200000,4,0.0029370550544033543,0.003722910384945756,2.2486354126933247e-05
1.01,45,1000000,4,-0.004432415811001673,0.0003114669147974221,1.9743321560631045e-05
1.01,45,50000,8,-0.0009291393237850106,0.010668206651866779,0.00011467393304993826
1.01,45,200000,8,0.007926561548105865,0.0040998883066110945,7.963946210259684e-05
1.01,45,1000000,8,0.00036054440564225624,0.0011779170277778478,1.517480792768927e-06
1.01,46,50000,1,0.08925851413094095,0.008680875403631131,0.008042439942636752
1.01,46,200000,1,0.005623312015560297,0.017295305142937707,0.00033074921801167233
1.01,46,1000000,1,-0.014894503802691741,0.005295693210219167,0.0002498906101051602
1.01,46,50000,2,-0.03812300846551551,-0.015222843906502088,0.001685098751063495
1.01,46,200000,2,-0.009400451636261409,-0.010928423736902466,0.00020779893633898305
1.01,46,1000000,2,0.010102400163094065,-0.006762189289898585,0.00014778569304770212
1.01,46,50000,4,-0.026934230432100414,0.008077078966651401,0.0007906919736030065
1.01,46,200000,4,-0.00542941084876799,-0.005725497080424121,6.225981898266467e-05
1.01,46,1000000,4,0.003842847574091737,-0.002584943260810168,2.1449409139310655e-05
1.01,46,50000,8,-0.006380751951359392,0.006477941355514529,8.26777196702621e-05
1.01,46,200000,8,-0.0035882571808775253,-0.0013893494245698203,1.4805881419671618e-05
1.01,46,1000000,8,0.00038443036278104387,0.0010760770252457453,1.3057284680896972e-06
1.01,47,50000,1,-0.021066553728527625,-0.038513765525087444,0.0019271098209183556
1.01,47,200000,1,-0.01865711199152486,-0.024981096443369787,0.0009721430073772433
1.01,47,1000000,1,-0.00832573910607445,-0.013761781670685211,0.0002587045664140249
1.01,47,50000,2,-0.01197491008658168,0.027902319590155836,0.0009219379100929097
1.01,47,200000,2,-0.0016270821369605692,0.019952453705867006,0.00040074780516518216
1.01,47,1000000,2,0.004475707491142223,0.00813670389440726,8.62379078115289e-05
1.01,47,50000,4,-0.004028462850240541,-0.008819643250291926,9.401461999818808e-05
1.01,47,200000,4,0.0018096808697396014,0.009871783471653536,0.00010072705376151343
1.01,47,1000000,4,0.005231156154578917,0.0033895030466920303,3.885372561712344e-05
1.01,47,50000,8,0.0008868601793197374,-0.004038217370436935,1.7093720508561628e-05
1.01,47,200000,8,0.0013089166800868024,0.00859849375334935,7.564735770179726e-05
1.01,47,1000000,8,0.002426239289983173,0.0022374981843812356,1.0893035217367378e-05
1.01,48,50000,1,-0.01099451471135951,-0.017428178790744694,0.00042462076970046397
1.01,48,200000,1,-0.002397522251391664,-0.003146877038342171,1.565094804036335e-05
1.01,48,1000000,1,-0.002508937161257023,0.004219686218574158,2.410051746236113e-05
1.01,48,50000,2,0.014592241053113963,0.038948709377133045,0.0017299354610965563
1.01,48,200000,2,0.005551373045323925,0.006375612822131309,7.146618154607418e-05
1.01,48,1000000,2,0.0009924517354418254,0.0031204197307960475,1.0721979743522767e-05
1.01,48,50000,4,0.021567489153581556,0.025796131705445747,0.0011305969993545611
1.01,48,200000,4,0.001559640257446269,0.005907851299580926,3.73351847106071e-05
1.01,48,1000000,4,1.4826653624887582e-05,0.006448092840256582,4.1578121106225906e-05
1.01,48,50000,8,0.0037789641723959566,0.013665419428755774,0.000201024258380068
1.01,48,200000,8,0.0014647864066454402,0.005516586086218694,3.2578321263754944e-05
1.01,48,1000000,8,-0.0023592228690496398,0.005928349149044474,4.071125617882315e-05
1.01,49,50000,1,0.018845391776452208,0.014793328787180088,0.0005739913678135837
1.01,49,200000,1,-0.009983925641514482,-0.008481777386668159,0.0001716193188522857
1.01,49,1000000,1,-0.0009467738558244867,0.006714684007120043,4.5983362049546434e-05
1.01,49,50000,2,-0.01935108137952001,-0.01626654257756814,0.0006390647579846431
1.01,49,200000,2,-0.009674366393209066,0.001450280100444797,9.569667747979919e-05
1.01,49,1000000,2,-0.008114644100054021,-0.005890384413324408,0.00010054407740727668
1.01,49,50000,4,-0.008087352181600194,-0.00970921858819915,0.0001596741909026653
1.01,49,200000,4,-0.008917174597148733,0.0014888748511978692,8.173275111856417e-05
1.01,49,1000000,4,-0.005564514704207972,0.0011331593843995264,3.2247874083799445e-05
1.01,49,50000,8,-0.010091827755923294,-0.009934086120225675,0.00020053105449928423
1.01,49,200000,8,-0.002559017594761386,0.003665348723301008,1.9983352313702678e-05
1.01,49,1000000,8,-0.0034344654862233943,0.00031055263004877576,1.189199611208991e-05
1.01,50,50000,1,0.07038279645605457,-0.017757595474588116,0.005269070234013519
1.01,50,200000,1,0.028998544367891496,-0.01882403552204629,0.0011952598887918322
1.01,50,1000000,1,-0.0022585146899737865,-0.012397427744646234,0.00015879710328855158
1.01,50,50000,2,-0.0735325099974921,0.010571314650616679,0.00551878271997362
1.01,50,200000,2,-0.024264234937392663,0.018420202416848403,0.0009280569541746543
1.01,50,1000000,2,-0.0023141952788405945,0.009732220591315495,0.0001000716174266334
1.01,50,50000,4,-0.037644224035816874,-0.0019300541243151064,0.0014208127121815585
1.01,50,200000,4,-0.008447733985634288,0.010258108100719456,0.00017659299129808669
1.01,50,1000000,4,-0.0006374243768529935,0.0051378434783327575,2.680374544405288e-05
1.01,50,50000,8,0.00031905716857604205,0.003908076419829882,1.5374858780050106e-05
1.01,50,200000,8,-0.00145293986009661,0.004092162842321097,1.885683096513104e-05
1.01,50,1000000,8,0.0028711610973474926,0.004988642977811574,3.3130124806990375e-05
1.01,51,50000,1,-0.050534236890929875,-0.02521851522150937,0.0031896826081261177
1.01,51,200000,1,-0.013876264949384027,0.0029928132625996967,0.00020150766017029633
1.01,51,1000000,1,-0.010512771683772137,0.006313999780586755,0.00015038496170437083
1.01,51,50000,2,0.014761880616031618,0.014441097383856951,0.00042645841297201016
1.01,51,200000,2,0.012201666148038283,-0.009588782877608192,0.00024082541386209538
1.01,51,1000000,2,0.006430341164437472,-0.008648943347401562,0.0001161535085176208
1.01,51,50000,4,0.0008427036988668191,0.012538737093305009,0.0001579300774191068
1.01,51,200000,4,-0.0024256892804010817,-0.011915339873456087,0.00014785929278502528
1.01,51,1000000,4,0.0037566661810057443,-0.006208831623030555,5.266213091865651e-05
1.01,51,50000,8,0.0020867637897094096,0.009970286482090843,0.00010376119564900578
1.01,51,200000,8,0.00030896849533280436,0.002335784893827808,5.5513526013424014e-06
1.01,51,1000000,8,0.0008187123503825451,-0.0035256220172182385,1.3100300520962912e-05
1.01,52,50000,1,0.018142769479931237,0.029935948092197198,0.0012253210725806497
1.01,52,200000,1,0.017738205025896132,-0.027156589483914414,0.001052124269938578
1.01,52,1000000,1,-0.008217839758826204,-0.007261992680416907,0.00012026942799217348
1.01,52,50000,2,-0.0155593031300902,-0.007385449163778297,0.00029663677324478826
1.01,52,200000,2,-0.01810505582210365,0.007869184180498366,0.0003897171059880951
1.01,52,1000000,2,0.003913017729950268,0.0018101823898346123,1.8588468039372496e-05
1.01,52,50000,4,-0.021861588087154306,-0.003299014895463246,0.0004888125329728955
1.01,52,200000,4,-0.013406344781353892,0.002631924713811316,0.00018665710809570552
1.01,52,1000000,4,-0.0019657826152596376,5.0053673641656945e-05,3.866806660702046e-06
1.01,52,50000,8,-0.006405565998095285,0.005727166370539503,7.383171039179308e-05
1.01,52,200000,8,-0.003950756529560322,0.0025036214536744016,2.1876597539162243e-05
1.01,52,1000000,8,-0.0006283187478731128,-0.0002592201614420959,4.619795410269026e-07
1.01,53,50000,1,-0.05111998223323381,-0.036326560450002876,0.003932871577653852
1.01,53,200000,1,-0.019725241860794173,0.0007509249410114676,0.0003896490547338598
1.01,53,1000000,1,0.0020248065499222593,0.002556561982494061,1.0635850734942046e-05
1.01,53,50000,2,0.027591915566962964,0.023261958911440457,0.001302432537051957
1.01,53,200000,2,0.011169344097685165,-0.002104738964999719,0.00012918417368328253
1.01,53,1000000,2,0.0014292433646091681,-0.005280295562694079,2.9924257824686117e-05
1.01,53,50000,4,0.022756361186730502,0.006045066564786994,0.00055439480423364
1.01,53,200000,4,0.015963327865594266,-0.0023117135182518698,0.00026017185593492684
1.01,53,1000000,4,0.0018157190434744538,-0.002929592203098945,1.1879346121293918e-05
1.01,53,50000,8,0.0035200240404136243,-0.006934283758148335,6.047486048360965e-05
1.01,53,200000,8,0.006684982213968636,-0.00791960793796925,0.00010740917709222256
1.01,53,1000000,8,0.004377744798880392,-0.0033746664943589706,3.055302347227339e-05
1.01,54,50000,1,0.08818476570391699,0.04887415758422051,0.010165236181821953
1.01,54,200000,1,0.007271060650054989,0.024771440555272327,0.0006664925901601688
1.01,54,1000000,1,0.002595742991062512,0.0019505852142820644,1.0542664353825962e-05
1.01,54,50000,2,-0.06309257290605841,-0.03584766305476575,0.005265727702394313
1.01,54,200000,2,-0.006011080932309657,-0.022194744360682788,0.0005287397712108372
1.01,54,1000000,2,-0.005086491667989908,0.0009803520758020943,2.683348768106023e-05
1.01,54,50000,4,-0.020456482419466602,-0.015196332262584501,0.0006493961872128127
1.01,54,200000,4,0.0008396399063606946,-0.0032794756525893827,1.1459955728279954e-05
1.01,54,1000000,4,-0.0037912211606803106,0.0008156510128497468,1.5038644463952978e-05
1.01,54,50000,8,-0.0025891813820659026,0.005330433471907672,3.511738122767037e-05
1.01,54,200000,8,0.005772748604003536,-0.0018686061986810602,3.6816315570774056e-05
1.01,54,1000000,8,0.0020882478280150572,0.00069352027964426,4.841749369487456e-06
1.01,55,50000,1,0.0560130552350666,0.0034067267068515756,0.0031490681436217973
1.01,55,200000,1,0.001227905082482647,0.016109150625711978,0.00026101248477346337
1.01,55,1000000,1,0.006030645453156849,0.0036522211406589756,4.970740384195772e-05
1.01,55,50000,2,-0.041492580179796006,0.01674497462594641,0.002002028385200389
1.01,55,200000,2,-0.007162648383108833,-0.013255034356224318,0.0002269994676447386
1.01,55,1000000,2,-0.006076491283844683,-0.0031254814513829395,4.669238062557921e-05
1.01,55,50000,4,-0.013556327604817876,0.03465231936212961,0.0013845572553041698
1.01,55,200000,4,-0.007568122439434591,0.000624936470380408,5.766702285028491e-05
1.01,55,1000000,4,-0.004051275134301224,0.00010899581368432021,1.64247103012081e-05
1.01,55,50000,8,-0.01115986950734565,0.023075228216619705,0.0006570088446700655
1.01,55,200000,8,-0.00901697319694226,0.0008001676677113958,8.194607393082583e-05
1.01,55,1000000,8,-0.0030473130680288433,-0.0009942075423115637,1.0274565571768562e-05
1.01,56,50000,1,0.025214426961986502,-0.010154693789068685,0.0007388851329711021
1.01,56,200000,1,-0.002031663011057499,-0.009224655025442178,8.922191492891483e-05
1.01,56,1000000,1,-0.006895717640920514,-0.007782542702306116,0.00010811889269652057
1.01,56,50000,2,-0.03349140653911452,0.0020179752583196777,0.0011257465361114328
1.01,56,200000,2,-0.003834745786597655,0.01152500932537915,0.0001475311151979048
1.01,56,1000000,2,0.0032261698192288784,0.0037378718787474522,2.43798578844343e-05
1.01,56,50000,4,0.0029658774086194334,-0.006805557371035804,5.511203993341888e-05
1.01,56,200000,4,0.004826144268254999,-0.001143833458320927,2.4600023478384992e-05
1.01,56,1000000,4,0.002036080242406377,0.0008303717851071273,4.835140055019609e-06
1.01,56,50000,8,0.001497819187746379,-0.0009819508962845421,3.2076898818952383e-06
1.01,56,200000,8,0.005029848628195687,0.0005804028623628353,2.5636244705201008e-05
1.01,56,1000000,8,0.0017926175341915606,-0.002722307905864316,1.0624437958222387e-05
1.01,57,50000,1,-0.01717543892565988,0.03278042856374867,0.0013695521991121022
1.01,57,200000,1,-0.010358523387404324,0.007018453947695552,0.0001565577025833256
1.01,57,1000000,1,0.0007835450304126902,0.004181590745056929,1.8099643973830188e-05
1.01,57,50000,2,-0.023765517173178787,-0.030149250577977266,0.0014737771169223185
1.01,57,200000,2,0.0028997788430869705,-0.009306916610877292,9.502741414063847e-05
1.01,57,1000000,2,-0.0025249751613471037,-0.004368781400683352,2.5461750492376628e-05
1.01,57,50000,4,-0.00471447785979299,-0.01629085994208544,0.0002876184191431222
1.01,57,200000,4,0.0015492122085625567,-0.005375375324866829,3.129471835034645e-05
1.01,57,1000000,4,0.0014123953525155108,4.0510449349737314e-05,1.9965017283139318e-06
1.01,57,50000,8,-0.009287297173312493,0.0009759911653453094,8.72064475402503e-05
1.01,57,200000,8,0.002399170111282827,-0.00571652917395289,3.843472301952736e-05
1.01,57,1000000,8,0.0022956120913853154,-0.0013599108532409419,7.119192402876968e-06
1.01,58,50000,1,-0.021180092329557816,0.028716517662810897,0.001273234697767124
1.01,58,200000,1,0.0034460420978003393,0.01014318903561206,0.00011475948995197288
1.01,58,1000000,1,0.0022768417401897796,-0.0026455322800633153,1.2182849354727429e-05
1.01,58,50000,2,0.004701517491699631,-0.012619127101695606,0.00018134663553350612
1.01,58,200000,2,0.007959813031366201,-0.010988808330325636,0.00018411253201494127
1.01,58,1000000,2,0.0019606732690287693,0.0040403515064415295,2.0168679963488293e-05
1.01,58,50000,4,0.02132035812916553,-0.037612374421966854,0.001869248380414101
1.01,58,200000,4,0.009390618614653757,-0.011826428301908403,0.00022804812434606172
1.01,58,1000000,4,0.003035196949071699,0.0017917759141404036,1.242288144614783e-05
1.01,58,50000,8,0.009601016740658401,-0.017391312738047983,0.00039463728120699295
1.01,58,200000,8,0.0013689483831243806,-0.003952859189421756,1.7499115447054876e-05
1.01,58,1000000,8,0.0016434887097731938,0.0021231916706601138,7.208998009512442e-06
1.01,59,50000,1,0.02359305717533503,0.05091354356609402,0.0031488212653351813
1.01,59,200000,1,0.012462002576300984,0.02279190156972662,0.0006747722853758393
1.01,59,1000000,1,0.005434665166429601,0.006180870056404608,6.773874012536239e-05
1.01,59,50000,2,-0.034126353449628444,-0.006795222186896575,0.0012107830443382585
1.01,59,200000,2,-0.005635681337845065,-0.005919317034843106,6.679921830071891e-05
1.01,59,1000000,2,-0.0022860259574812025,0.00046888227441187365,5.445765265535501e-06
1.01,59,50000,4,-0.007047241607509563,-0.0029940754047364103,5.862810180386147e-05
1.01,59,200000,4,-0.00430230372688985,-0.004169250585357403,3.5892467801913344e-05
1.01,59,1000000,4,-0.00866840965321459,0.0032525687145984377,8.572052915912843e-05
1.01,59,50000,8,-0.0008933947008025272,-0.006812200582468101,4.720423086720077e-05
1.01,59,200000,8,-0.00015987373331587186,-0.004633131115206506,2.1491463541299035e-05
1.01,59,1000000,8,-0.005262033355762049,0.0028002820064069235,3.55305743525588e-05
1.01,60,50000,1,-0.03314874402475055,0.06556151257169456,0.005397151161106897
1.01,60,200000,1,-0.005890213874507543,0.01692874012211015,0.0003212768616093831
1.01,60,1000000,1,0.005941007582388371,0.0013619228088847964,3.7150404831356766e-05
1.01,60,50000,2,0.01781690715863631,-0.020707071327270343,0.0007462249836521273
1.01,60,200000,2,0.004760229950992988,-0.016162348270842414,0.0002838812908143335
1.01,60,1000000,2,-0.004275494784851289,-0.004672753352252198,4.011447954627473e-05
1.01,60,50000,4,0.023133979550133205,-0.015021658443241818,0.0007608312322113995
1.01,60,200000,4,0.010996842822200805,-0.012402259612472497,0.00027474659555135587
1.01,60,1000000,4,0.0021505068362163626,-0.00329031509363367,1.545085306800686e-05
1.01,60,50000,8,0.014097129755024515,-0.0020273133156841054,0.00020283906660994763
1.01,60,200000,8,-0.0015000798573813062,-0.0012811471193972907,3.891577520061095e-06
1.01,60,1000000,8,9.508666900338659e-05,-0.0018593485552872116,3.4662185246708003e-06
1.01,61,50000,1,-0.006743816456317177,0.012558627959435131,0.0002031981966200002
1.01,61,200000,1,-0.011655707665354481,0.0159919616619415,0.00039159835897721
1.01,61,1000000,1,0.005780047031445173,-0.0007598778435284501,3.39863580228036e-05
1.01,61,50000,2,0.009354124725144807,0.0016755559493057104,9.030713711281917e-05
1.01,61,200000,2,0.0012695790500206292,-0.0036305791778111713,1.4792936130607322e-05
1.01,61,1000000,2,-0.002022334704517802,-0.0032357565488527725,1.455995810054071e-05
1.01,61,50000,4,0.010212194998775183,-0.0015010054079284607,0.00010654194392763935
1.01,61,200000,4,0.002876956072720471,-0.005834889226257698,4.232280852706134e-05
1.01,61,1000000,4,0.002099587908192898,-0.0007091343507753727,4.911140911679438e-06
1.01,61,50000,8,-0.0036091138032934705,-0.010670982662919692,0.00012689557343745613
1.01,61,200000,8,-0.003638742316409822,-0.003610377746576746,2.6275273118208098e-05
1.01,61,1000000,8,0.0012131488026318994,-0.0009972310092628053,2.466199703162524e-06
1.01,62,50000,1,-0.011252385782604358,0.06902493678056353,0.004891058083361349
1.01,62,200000,1,-0.02726069297801715,0.019883297283642958,0.001138490892511437
1.01,62,1000000,1,-0.0009596009655708837,0.004305213918351034,1.945570089588803e-05
1.01,62,50000,2,0.015779807298091277,-0.06397740314638867,0.004342110431720438
1.01,62,200000,2,0.025131612160170746,-0.012612556499591138,0.0007906745112246207
1.01,62,1000000,2,0.006415186117829941,0.0002902160349308454,4.1238838273328966e-05
1.01,62,50000,4,0.0072969499367209565,-0.04395524670799882,0.0019853091915400536
1.01,62,200000,4,0.007518489073273476,-0.013274299141506664,0.0002327346956431372
1.01,62,1000000,4,0.0006359423581739628,-0.0004136163708903011,5.75501185188324e-07
1.01,62,50000,8,0.005699844776283583,-0.04168566575214839,0.0017701829596735647
1.01,62,200000,8,0.011016537072385011,-0.008809388164693888,0.00019896940890348205
1.01,62,1000000,8,-0.00023036682142544025,-0.001962514206497791,3.904530883119315e-06
1.01,63,50000,1,0.02985764978539449,0.004300275844415159,0.0009099716230453282
1.01,63,200000,1,0.006833037576468031,-0.01564956433313686,0.00029159926633841337
1.01,63,1000000,1,-0.0049342422063314165,-0.005989927219087186,6.0225974240703864e-05
1.01,63,50000,2,0.005527571072710812,0.006457020371755702,7.224715404513749e-05
1.01,63,200000,2,0.008145814675212745,0.01077732103437866,0.00018250494540097203
1.01,63,1000000,2,0.0061201627686462146,0.003814359572891646,5.200573126603343e-05
1.01,63,50000,4,0.015069842066259135,-0.0016238745073332867,0.00022973710831756036
1.01,63,200000,4,0.011153853625700845,0.0032530166984063753,0.0001349905683436706
1.01,63,1000000,4,0.007215144287164046,0.0033346038297548185,6.317788978601147e-05
1.01,63,50000,8,0.009335963216217128,0.0036765206877016838,0.00010067701354165772
1.01,63,200000,8,0.004956408095878713,0.00526950658182682,5.233368082880822e-05
1.01,63,1000000,8,0.0024517064731239655,0.005512289485608414,3.6396200003507024e-05
1.1,0,50000,1,0.010341606760227887,0.003125744127748333,0.00011671910673534431
1.1,0,200000,1,0.004997024860709611,0.0018471538538659253,2.8382234818401655e-05
1.1,0,1000000,1,0.002242125773504576,0.0006440330021947273,5.441906492129446e-06
1.1,0,50000,2,-0.0062918676025108125,-0.004761775217362962,6.226210114821725e-05
1.1,0,200000,2,-0.00016882898863841846,-0.0010657921984932135,1.1644162377736688e-06
1.1,0,1000000,2,-0.001855774965833956,-0.0005951654453861094,3.7981226311976667e-06
1.1,0,50000,4,-0.0013094681741182468,0.002364325428260403,7.3047416297473124e-06
1.1,0,200000,4,0.0004961646019217697,-0.0007061138288569463,7.44776051503205e-07
1.1,0,1000000,4,-0.0014858285244373085,-0.00031980612006500905,2.309962358462584e-06
1.1,0,50000,8,-0.004013756698770584,0.00430389375080535,3.463374425514707e-05
1.1,0,200000,8,-0.0005889948154843306,-0.0005283226990524466,6.260397670014826e-07
1.1,0,1000000,8,0.00033934040505289697,-0.00037009802666133234,2.5212445984007646e-07
1.1,1,50000,1,0.002433124835856788,0.009223489139329697,9.0992848370196e-05
1.1,1,200000,1,0.002789587682682463,0.007108631579677081,5.8314442374955994e-05
1.1,1,1000000,1,-0.0027219732909764434,0.0025897406140367282,1.411589504478046e-05
1.1,1,50000,2,0.004925854283513996,-0.006455584174116006,6.593860745151021e-05
1.1,1,200000,2,0.002742890759129803,-0.005821602195109752,4.1414501834626345e-05
1.1,1,1000000,2,0.0027311113978203405,-0.001791564439334683,1.066867260759277e-05
1.1,1,50000,4,0.007497106506727888,-0.00033700690376259237,5.632017962640528e-05
1.1,1,200000,4,0.0037588647504630756,-0.002308548029076035,1.9458458214824684e-05
1.1,1,1000000,4,0.0007824192864887176,-0.0019311871468022132,4.341663735843588e-06
1.1,1,50000,8,0.006660423927463367,-0.0002164913785892067,4.4408115410529995e-05
1.1,1,200000,8,0.0012743491341124292,-0.001638874743402417,4.309876140175436e-06
1.1,1,1000000,8,-0.0002528822898159314,-0.0008236414127633378,7.423346293213356e-07
1.1,2,50000,1,-0.007447805679096169,0.0017883480048303377,5.86679980199578e-05
1.1,2,200000,1,0.0065488935478663635,-0.0007815043419491415,4.349875573777105e-05
1.1,2,1000000,1,0.005268922844793899,-0.0015040604114738272,3.002374566575385e-05
1.1,2,50000,2,0.007611020744271502,0.0034312401318186635,6.970104561193407e-05
1.1,2,200000,2,-0.0013969437034228819,0.0023813536218057732,7.622296782620311e-06
1.1,2,1000000,2,-0.0037259467302502122,0.0020032059806237724,1.7895513237469092e-05
1.1,2,50000,4,0.005077571360260565,0.0014095575005885455,2.776858326600375e-05
1.1,2,200000,4,-0.0004708865066878869,0.001564145233080628,2.668284412349573e-06
1.1,2,1000000,4,1.0296976787919323e-05,0.00106405196088073,1.1323126031850973e-06
1.1,2,50000,8,0.0012475031521641847,0.00404683285980665,1.7933120309870443e-05
1.1,2,200000,8,-0.0014500697265768206,0.0005887599247464987,2.449340460922078e-06
1.1,2,1000000,8,-0.0005090335943745852,-0.00010232590328685735,2.695857906853811e-07
1.1,3,50000,1,-0.009115415568433509,0.007206683053525702,0.0001350270816192145
1.1,3,200000,1,-0.008179863036855079,0.004387561842511797,8.61608582235735e-05
1.1,3,1000000,1,-6.736866690591857e-05,-0.001715658995533311,2.9480243262350503e-06
1.1,3,50000,2,0.009238505237327955,-0.0024190791138778787,9.120192277933623e-05
1.1,3,200000,2,0.002440400749615361,-0.005057282463544456,3.15316617347975e-05
1.1,3,1000000,2,-0.0013367286282563334,5.354677967819981e-05,1.7897106832139644e-06
1.1,3,50000,4,0.007451083971910632,-0.0022434069749670943,6.055152721179452e-05
1.1,3,200000,4,0.0021906395196077473,-0.0012890964664813195,6.460671204761887e-06
1.1,3,1000000,4,-0.0009217589144441343,0.0009028701358297239,1.6648139785304131e-06
1.1,3,50000,8,0.0028838253513810003,0.0003858944147785463,8.465363156625027e-06
1.1,3,200000,8,-6.512837912378161e-05,-0.00199953242301846,4.002371616469365e-06
1.1,3,1000000,8,-0.0005272409471951075,0.0007048390125289467,7.747810499819748e-07
1.1,4,50000,1,0.004379755513569203,0.003678452290740637,3.271326961389487e-05
1.1,4,200000,1,0.004752884009335814,0.0037459723909921273,3.662221556027536e-05
1.1,4,1000000,1,0.0009397554831831673,0.0020003716939269237,4.884627282036899e-06
1.1,4,50000,2,0.0009720496050474376,-0.0005112927663457774,1.2063007275903972e-06
1.1,4,200000,2,-0.0012669784852291856,0.000864277039973911,2.3522092838597067e-06
1.1,4,1000000,2,0.0011379892019577683,0.00041973920565589935,1.471200424537124e-06
1.1,4,50000,4,0.005496246910950124,-0.003737461160688243,4.4177346033781884e-05
1.1,4,200000,4,-0.0011569091619762482,-0.0008635673360907789,2.0841873530275096e-06
1.1,4,1000000,4,-0.0006607699435070495,0.00013485749618173893,4.5480346251871703e-07
1.1,4,50000,8,0.004115773532690304,-0.005082655408602092,4.277297777498613e-05
1.1,4,200000,8,0.0010867683415789024,-0.0003167953230405596,1.2814247049585304e-06
1.1,4,1000000,8,0.00043300595216317337,0.0011088943712090963,1.4171408811079534e-06
1.1,5,50000,1,0.0009827342637729439,-0.00982799353689429,9.755522359442928e-05
1.1,5,200000,1,-0.0076177617552278774,-0.003145072679845348,6.792177632092211e-05
1.1,5,1000000,1,-0.0006826046592175551,0.0006985879512098938,9.539742463611512e-07
1.1,5,50000,2,0.0017714928945957258,0.005890379142276534,3.783475351536957e-05
1.1,5,200000,2,0.004820947861016161,-0.0014247406596850413,2.5271424225996067e-05
1.1,5,1000000,2,-5.082280877922316e-05,-0.0017191223259667402,2.9579645295295043e-06
1.1,5,50000,4,-0.0003247264324050838,0.0033670685892273336,1.1442598140463881e-05
1.1,5,200000,4,0.0007304821908711674,-0.0019915350310407845,4.4998160110425594e-06
1.1,5,1000000,4,-5.5411649280404915e-05,-0.0008677304301086522,7.560265502125211e-07
1.1,5,50000,8,-0.0022175994262245095,0.004813993637056542,2.8092281952812146e-05
1.1,5,200000,8,0.0006772564049429289,0.0006247413067161164,8.489779383535812e-07
1.1,5,1000000,8,0.0004824052261636014,-0.0002924375071443143,3.182344978147363e-07
1.1,6,50000,1,-0.002116279657558125,0.006388032743381505,4.5285601919508564e-05
1.1,6,200000,1,0.0011832815965251865,0.006931217879587085,4.944193663098289e-05
1.1,6,1000000,1,-0.001460733256495231,0.0007982185218731517,2.770894455292521e-06
1.1,6,50000,2,-0.0037776676634874336,-0.005557218244323053,4.5153447590795596e-05
1.1,6,200000,2,0.00021888565096689876,-0.0020358909997913823,4.192763091230758e-06
1.1,6,1000000,2,0.0003020345453333717,-0.0016922704229944516,2.955004051116557e-06
1.1,6,50000,4,0.006706827876941807,-0.0020317275827626364,4.9109457141482255e-05
1.1,6,200000,4,0.0017039738571165612,0.0003773751470888503,3.0459389073770225e-06
1.1,6,1000000,4,-0.00011968370773029566,0.0007770693221900846,6.181609213850285e-07
1.1,6,50000,8,0.0039007860550628972,-0.003323731169146998,2.626332073213243e-05
1.1,6,200000,8,0.0016606272107062222,-3.0215945814658155e-05,2.7585957363194025e-06
1.1,6,1000000,8,-0.0007608362110309169,-0.0008835658455007625,1.3595603433513593e-06
1.1,7,50000,1,0.008279998132385084,-0.009783783010221701,0.0001642807790634033
1.1,7,200000,1,0.0021149810176042416,0.006350460278142626,4.480149044909358e-05
1.1,7,1000000,1,0.0027224190880650893,0.0006521197299471913,7.83682583324755e-06
1.1,7,50000,2,-0.001443160153779279,0.01190579371359562,0.00014383063518014918
1.1,7,200000,2,-0.0018203801478183694,-0.0017668009249447267,6.43536939095677e-06
1.1,7,1000000,2,-0.0019243601680015805,0.00034588591580724003,3.822799122944885e-06
1.1,7,50000,4,-0.006039117580396351,0.0008338936865617975,3.716631983033991e-05
1.1,7,200000,4,-0.0018076620082254655,-0.004730819683894782,2.564829681750804e-05
1.1,7,1000000,4,-0.00047126494655903275,-6.99720100383844e-05,2.2698673204409976e-07
1.1,7,50000,8,-0.0018015849636212216,-0.0002168140589411983,3.292716717300636e-06
1.1,7,200000,8,0.0003642469580237733,-0.0015532111478630635,2.5451407162756676e-06
1.1,7,1000000,8,-6.837909853361173e-05,-9.88658924856118e-05,1.4450165813245935e-08
1.1,8,50000,1,0.012866739499617594,-0.005482607072220415,0.00019561196565938096
1.1,8,200000,1,0.00019035652961633191,-0.005359362524485548,2.8759002277227686e-05
1.1,8,1000000,1,-3.2647007985037776e-05,-0.0028204756063323106,7.95614847304599e-06
1.1,8,50000,2,-0.005425337003719533,0.006260754754584554,6.863133170098156e-05
1.1,8,200000,2,-5.3744168044695264e-05,0.0036025295721579917,1.2981107753871657e-05
1.1,8,1000000,2,0.0004206542067068761,0.001271872614816179,1.7946099099395353e-06
1.1,8,50000,4,-0.004816723512916145,0.0013617088782432519,2.5055076468965745e-05
1.1,8,200000,4,-0.00015157768546777202,0.0005515145570901517,3.2714410141411303e-07
1.1,8,1000000,4,-0.0005205299030026225,0.0014536106350549612,2.383935258264807e-06
1.1,8,50000,8,0.0007960357678840589,-0.00038304244872713146,7.803944612776404e-07
1.1,8,200000,8,-0.0001957047725363595,0.00040458536191570883,2.019896730699733e-07
1.1,8,1000000,8,6.142793693123013e-05,0.0008034059431904455,6.492345009893565e-07
1.1,9,50000,1,-0.012540148650636455,-0.010213892887358304,0.0002615789360944879
1.1,9,200000,1,-0.00822085547843881,0.0013019670111983593,6.927758289562618e-05
1.1,9,1000000,1,-0.0020088205279302973,-0.00010779223686876881,4.0469790797633296e-06
1.1,9,50000,2,0.005481255220272817,0.013582409751507827,0.00021452601344762288
1.1,9,200000,2,0.0020163738647892846,0.0005703320005405543,4.391042153445868e-06
1.1,9,1000000,2,0.00014588763489438935,0.0009676428960284176,9.576159762493416e-07
1.1,9,50000,4,-0.000216917568348609,0.00958313908831343,9.188360801741902e-05
1.1,9,200000,4,-0.0011007403326872,0.0022124327767710245,6.106488071735073e-06
1.1,9,1000000,4,-0.0007035296082980289,0.000672253174618374,9.468782405364599e-07
1.1,9,50000,8,-0.0017013354250079518,0.006716927490103596,4.8011657135696374e-05
1.1,9,200000,8,0.0003747708004042103,0.0015581520782218742,2.5682910517027577e-06
1.1,9,1000000,8,-3.0506878235880476e-05,0.00045509289482375805,2.0804021253876693e-07
1.1,10,50000,1,-0.015514153470118362,-0.014905169965091412,0.0004628530495826487
1.1,10,200000,1,-0.004527226477531616,0.0008215287363475808,2.1170689043508176e-05
1.1,10,1000000,1,0.0017073423854875019,-0.0016234604427217086,5.550641830364319e-06
1.1,10,50000,2,0.0075768242164809775,0.005226939117307205,8.47291577434888e-05
1.1,10,200000,2,0.005541405082208585,-0.002967349661569731,3.951233429914513e-05
1.1,10,1000000,2,0.0004814138894403382,0.0018515616446961461,3.660039857055972e-06
1.1,10,50000,4,0.0008466730988970399,0.006781597205325204,4.670691599167054e-05
1.1,10,200000,4,0.0016710165132623332,-0.0016118348661345687,5.390307823282448e-06
1.1,10,1000000,4,-3.3244305211771684e-05,-0.000767343230882924,5.899208178108577e-07
1.1,10,50000,8,0.00019479204169622078,0.002564153839990115,6.612828854644233e-06
1.1,10,200000,8,-0.00018211550016106914,-0.0004273710973613958,2.1581211025880007e-07
1.1,10,1000000,8,7.51520233257236e-05,-0.00041664762091658765,1.792430666254026e-07
1.1,11,50000,1,0.005888005173167472,-0.0069828613410380875,8.342895742741113e-05
1.1,11,200000,1,0.00035419462863662773,-0.00399613904242039,1.6094581081311593e-05
1.1,11,1000000,1,0.0021658836820625934,-0.0019751727475568566,8.592359506916319e-06
1.1,11,50000,2,-0.004541193231755311,0.01340760941825142,0.00020038642628052443
1.1,11,200000,2,-0.00282640314540713,0.0071562444050440625,5.9200388725091764e-05
1.1,11,1000000,2,-0.0014265199924021065,0.0012091399716406422,3.4969787597420393e-06
1.1,11,50000,4,-0.003379433040821828,0.006878859753810019,5.8739279189985497e-05
1.1,11,200000,4,-0.0018225204094067758,0.0022349509676722512,8.316586470603372e-06
1.1,11,1000000,4,-0.0008730088894230946,0.001901735361121248,4.37874190475071e-06
1.1,11,50000,8,0.0012986400624482232,0.0043564287118119565,2.066493713289511e-05
1.1,11,200000,8,-0.001652519334860214,0.0015026160197055755,4.988675054762671e-06
1.1,11,1000000,8,-0.0003846128328266772,0.0008743825109289879,9.12471806593443e-07
1.1,12,50000,1,-0.0010203922962845064,-0.0017749594207810547,4.191681383736185e-06
1.1,12,200000,1,-0.006167758095449064,-0.004897274207963625,6.202453459196321e-05
1.1,12,1000000,1,-0.0010123162468801373,-0.0007670426306197525,1.6131385808855569e-06
1.1,12,50000,2,0.0027682338466938,-0.0055868878737548875,3.887643474389056e-05
1.1,12,200000,2,0.0037502171218037287,6.408204065091407e-05,1.4068234968603827e-05
1.1,12,1000000,2,0.0021375227766106566,-0.0006293934405376914,4.965139723521204e-06
1.1,12,50000,4,0.001598679876221112,-0.0025724633239818913,9.173344899866313e-06
1.1,12,200000,4,0.0016377418405726489,0.002611002691330469,9.499533390497238e-06
1.1,12,1000000,4,-0.0006307645965695971,0.001956548744967094,4.225946967717917e-06
1.1,12,50000,8,0.0004564922279510194,0.0005974437171309962,5.653241493189873e-07
1.1,12,200000,8,-0.0004707935935280268,0.0012658478772717384,1.8240174561003993e-06
1.1,12,1000000,8,-0.0012003275369676645,-0.0001307763312192678,1.4578886448100315e-06
1.1,13,50000,1,-0.014376566112642913,0.012765852886338195,0.0003696526531068218
1.1,13,200000,1,8.516021613872845e-05,0.006259518368295074,3.9188822465436216e-05
1.1,13,1000000,1,0.0013848897696001514,0.0020842933007388493,6.262198237448007e-06
1.1,13,50000,2,0.006965263544401741,-0.007879140491472158,0.00011059575112732801
1.1,13,200000,2,-0.00016980287636927642,-0.002186456808845058,4.809426393768195e-06
1.1,13,1000000,2,0.0011524296982287404,-0.0009980168406109261,2.3241318235026004e-06
1.1,13,50000,4,0.004042010253291822,-0.008080911604834047,8.16389792528578e-05
1.1,13,200000,4,0.00033329622402857603,-0.005562861684671509,3.105651649573805e-05
1.1,13,1000000,4,0.0016139391362228507,-0.002148841088205566,7.222317557792243e-06
1.1,13,50000,8,-0.005101472988898585,-0.006369139702887392,6.659096721135835e-05
1.1,13,200000,8,-0.0005103187480629309,-0.005223854700998868,2.7549083161772492e-05
1.1,13,1000000,8,0.00040878710687844053,-0.0016199987911150598,2.7915029819643004e-06
1.1,14,50000,1,0.00743833479235183,-0.0047999765522039155,7.836859938481915e-05
1.1,14,200000,1,-0.0015438882155552269,0.004780809531059824,2.523973059440276e-05
1.1,14,1000000,1,-0.0013617601658450133,0.0016300829594740598,4.5115612040499474e-06
1.1,14,50000,2,0.0008660224243421443,0.0018278527801929342,4.091040625522483e-06
1.1,14,200000,2,0.0014182503830767303,-0.005731116202714818,3.485712707811761e-05
1.1,14,1000000,2,0.0012698479681135229,-0.001039607120117554,2.693296826321157e-06
1.1,14,50000,4,0.0033023135774155657,9.212567328035236e-05,1.091376210326055e-05
1.1,14,200000,4,-0.001410839623611529,-0.0017888045842428084,5.190290284160407e-06
1.1,14,1000000,4,0.00041754051272828647,-0.0008456014009149468,8.893818089987211e-07
1.1,14,50000,8,0.001462688070515157,0.005087235343863943,2.8019419835485845e-05
1.1,14,200000,8,-0.0021337856261594936,0.0021369823282208693,9.11973456953315e-06
1.1,14,1000000,8,-0.0001308469219037828,-0.00012485496595447093,3.270967949518673e-08
1.1,15,50000,1,-0.0009482105530823957,-0.010630847952784414,0.00011391403144819739
1.1,15,200000,1,0.0015119985800437549,-0.0023436632390519806,7.778897084137952e-06
1.1,15,1000000,1,0.002460163679068365,-0.0028427714650439465,1.4133754930275297e-05
1.1,15,50000,2,-0.00011316971352815331,0.00896979477893052,8.047002576018928e-05
1.1,15,200000,2,-0.002616828154311439,0.003059417945658953,1.6207827755417062e-05
1.1,15,1000000,2,-0.0005639549419480636,0.0009530672520536645,1.226382363484767e-06
1.1,15,50000,4,0.0008451196062949888,0.006371411559766785,4.130911241287402e-05
1.1,15,200000,4,-0.00334245672733965,0.0014139846718813926,1.3171369626453612e-05
1.1,15,1000000,4,-0.0010756935661034182,-0.0002704157053480562,1.2302413018551758e-06
1.1,15,50000,8,-0.006710553161114932,0.0032025518533762218,5.5287862101713084e-05
1.1,15,200000,8,-0.002178889722720389,0.0014482878335985118,6.845098072726004e-06
1.1,15,1000000,8,5.873808907057267e-05,-0.0009922860641398434,9.880817961938038e-07
1.1,16,50000,1,-0.010688810354115126,0.000847523727475475,0.00011496896325487265
1.1,16,200000,1,-0.003435736110134398,0.001097895101841897,1.3009656273129875e-05
1.1,16,1000000,1,0.0011837289765271976,0.0004942209310954231,1.6454686186029537e-06
1.1,16,50000,2,0.016606677231294494,-0.0020247310067737175,0.00027988126431418593
1.1,16,200000,2,0.0024733540727117243,0.00034844730963951606,6.23889589659469e-06
1.1,16,1000000,2,-0.0007540243428921124,-0.0012087602227214178,2.029653985707414e-06
1.1,16,50000,4,0.012001924575386147,-0.0025715582751892215,0.0001506591054759521
1.1,16,200000,4,0.0022267411454629103,-0.00015315818951122483,4.98183355991183e-06
1.1,16,1000000,4,0.0006774291507507539,0.0007932572937182749,1.0881673883241289e-06
1.1,16,50000,8,0.008935650138081782,-0.0028975732067705114,8.824177387879533e-05
1.1,16,200000,8,0.0015318347253736916,0.0019667264401040324,6.214530516064975e-06
1.1,16,1000000,8,0.0007664939020736117,0.0008990383555338286,1.3957828666370022e-06
1.1,17,50000,1,0.01591311935075384,0.0038652333452260787,0.00026816739628438387
1.1,17,200000,1,0.0019981074420560136,0.0018851266647005544,7.546135891964661e-06
1.1,17,1000000,1,0.0005284651088849709,0.0024526761122554298,6.294895482937215e-06
1.1,17,50000,2,-0.005624889834085448,-0.002743472455064224,3.916602675729395e-05
1.1,17,200000,2,-9.622296439583359e-05,-0.00308221029750996,9.509279176953558e-06
1.1,17,1000000,2,-0.000814831659944729,-0.0009685276647870709,1.6019964715061791e-06
1.1,17,50000,4,-0.0027769457130807896,-0.001390001205016169,9.643530843344177e-06
1.1,17,200000,4,0.00017930664351814197,0.0004241238652985078,2.1203192552548886e-07
1.1,17,1000000,4,0.00012441058127881166,-0.0005287461887160402,2.9505052481587016e-07
1.1,17,50000,8,0.0009117486181277816,-0.0018370870499994198,4.20617437193349e-06
1.1,17,200000,8,0.0018568503265957465,-0.0023743699449057516,9.085525770650472e-06
1.1,17,1000000,8,0.00021358223626514008,-0.0019276630480882888,3.7615021986130503e-06
1.1,18,50000,1,0.002284268467116747,0.025335272808670775,0.0006470939307196366
1.1,18,200000,1,0.0025014090781015725,0.011273839374831271,0.0001333565016255049
1.1,18,1000000,1,-0.0023897224605223706,0.005955956683245522,4.118419345102209e-05
1.1,18,50000,2,-0.011552158960335393,-0.012511963799831652,0.000290001614773155
1.1,18,200000,2,-0.0037325294154879262,-0.006355389963238628,5.432275742231694e-05
1.1,18,1000000,2,-0.0007751107926261448,-0.0039943786734853975,1.6555857728040496e-05
1.1,18,50000,4,-0.00543988800280565,-0.008843739293012479,0.00010780410616584169
1.1,18,200000,4,-0.0018499220517324264,-0.005324270858528662,3.177007177246345e-05
1.1,18,1000000,4,0.0003946637341804969,-0.00140260245295329,2.12305310410788e-06
1.1,18,50000,8,-0.001843243328415016,-0.0047205512631798415,2.5681150196055263e-05
1.1,18,200000,8,-0.002157715940268481,-0.0023380202068964333,1.0122076566744734e-05
1.1,18,1000000,8,-0.0002532357446673169,-0.0012960384923163385,1.7438441159428184e-06
1.1,19,50000,1,0.005277154388742094,0.0060760337022288495,6.476654399324075e-05
1.1,19,200000,1,-0.00603697609556104,0.0052065405502561305,6.355314487983683e-05
1.1,19,1000000,1,-0.0012210154976905739,0.0005085812815071209,1.749533765499985e-06
1.1,19,50000,2,0.0007695171078132421,-0.008673983544587108,7.583014711098516e-05
1.1,19,200000,2,0.00546392237968918,-0.004285753249530938,4.822212868713327e-05
1.1,19,1000000,2,0.0008147592552148597,-0.00031886997346417196,7.655107039353148e-07
1.1,19,50000,4,0.00062592460623761,0.0022223413795469447,5.330582819940326e-06
1.1,19,200000,4,0.0016466174882465755,-0.002267825235194849,7.854380449986034e-06
1.1,19,1000000,4,-0.0005059338178994224,0.00020144685330266687,2.9654986279983206e-07
1.1,19,50000,8,0.0031781334739374935,-0.003423137313246752,2.181840144350419e-05
1.1,19,200000,8,0.0011656700326079655,-0.00038315175859321573,1.5055918950333292e-06
1.1,19,1000000,8,-0.0007094793513015854,-3.8853927155241784e-05,5.048705775787033e-07
1.1,20,50000,1,0.0007386159566812252,-0.007468900278073206,5.633002489526613e-05
1.1,20,200000,1,0.0013191717948142709,-0.004351005403607521,2.067146224645535e-05
1.1,20,1000000,1,0.0018079801496048546,-0.002179401788390956,8.018584376606889e-06
1.1,20,50000,2,0.004589129271070268,0.008607238675984336,9.514466509195451e-05
1.1,20,200000,2,0.004131337357348109,0.0032935039920473897,2.7915116905852152e-05
1.1,20,1000000,2,0.0013659553910244935,-0.0004769005560514862,2.0932682706310936e-06
1.1,20,50000,4,0.0064416728313922925,0.006833961898972869,8.819818410331043e-05
1.1,20,200000,4,0.0025350154178756493,0.005226651639222176,3.374419052665112e-05
1.1,20,1000000,4,0.0015780324705833737,0.00022701439439150455,2.5417220134764085e-06
1.1,20,50000,8,0.00207949593994892,0.0033330028687101254,1.5433211487093964e-05
1.1,20,200000,8,0.001207229921894001,0.001754607172338163,4.536050413536719e-06
1.1,20,1000000,8,0.0013627803262327611,-0.00023882038431304468,1.9142053935305008e-06
1.1,21,50000,1,-0.0014261955577176688,0.005474642791615774,3.2005747464644165e-05
1.1,21,200000,1,-0.0029376169766351166,-0.0013831590124323842,1.0542722355087772e-05
1.1,21,1000000,1,-0.0034676167116142083,-0.0013167116936974302,1.3758095342985693e-05
1.1,21,50000,2,0.008488697323550549,-0.0058130484418217635,0.00010584951443782071
1.1,21,200000,2,0.001119086669322292,0.000478338418689255,1.4811626162489983e-06
1.1,21,1000000,2,0.0027991353102610615,0.00022206944808601036,7.884473324923516e-06
1.1,21,50000,4,0.004699472036223724,-0.001081180271732087,2.3253988199231424e-05
1.1,21,200000,4,0.0013265845228116605,0.0017794667923545628,4.926328561256079e-06
1.1,21,1000000,4,0.0014100774848521168,0.0011242026122389767,3.2521500266518106e-06
1.1,21,50000,8,0.0028236457423310834,0.0019358992601687217,1.172068122370626e-05
1.1,21,200000,8,-0.0005361842468000827,0.0020123288101764857,4.336960786782882e-06
1.1,21,1000000,8,0.0010784159245608483,0.0010802921526768758,2.3300120414816675e-06
1.1,22,50000,1,-0.014904440950965148,-0.002016235818778289,0.00022620756693773146
1.1,22,200000,1,-0.002614305327657787,0.00511230903428991,3.2970296008302116e-05
1.1,22,1000000,1,0.003282705731093644,-0.0022389999115894686,1.5789277521052702e-05
1.1,22,50000,2,0.004517823891858557,0.007530163865617952,7.711410056090629e-05
1.1,22,200000,2,0.0012085298092428941,-0.0031369547882938386,1.1301029643628309e-05
1.1,22,1000000,2,-0.001500081784594962,0.00012149288726335549,2.265005882129192e-06
1.1,22,50000,4,-0.0009804517954087376,0.0006458178163678787,1.3783663750583922e-06
1.1,22,200000,4,0.0018441018485710204,-0.001618415116705206,6.0199791178829805e-06
1.1,22,1000000,4,-2.1450055559189485e-05,-1.277630229194191e-05,6.233387837473959e-10
1.1,22,50000,8,0.0015560937953044368,0.0026089432741617214,9.228012907578649e-06
1.1,22,200000,8,0.0022472069268914493,-0.0026791904467234123,1.2228000422082908e-05
1.1,22,1000000,8,0.00034044872561518743,0.00011194690033536095,1.2843744326770041e-07
1.1,23,50000,1,-0.012225491056882917,0.014155892373600331,0.0003498519204748802
1.1,23,200000,1,-0.0053229589847618745,0.0029807172499493636,3.721856767760287e-05
1.1,23,1000000,1,-0.004354395549107653,-0.00438214492846296,3.8163954772142173e-05
1.1,23,50000,2,0.005028557843680085,-0.00839160816585272,9.570548159644257e-05
1.1,23,200000,2,-0.0021107958730760728,-0.0018910778433155833,8.031634627274097e-06
1.1,23,1000000,2,0.0011213746086422922,0.0023886219709939598,6.962995933222722e-06
1.1,23,50000,4,-0.0031269682950050256,-0.006734525742399944,5.5131767693014164e-05
1.1,23,200000,4,-0.003249646896501933,-0.003428029899216072,2.2311593941864e-05
1.1,23,1000000,4,-3.08335429886063e-05,0.0005120618810517573,2.6315807739949435e-07
1.1,23,50000,8,5.5217735990937916e-05,-0.007248327839650343,5.2541305469418177e-05
1.1,23,200000,8,-0.0026629962438874046,-0.003421218130115194,1.8796282488787324e-05
1.1,23,1000000,8,-0.0002998635472788826,-0.0006657260022222334,5.331092570214718e-07
1.1,24,50000,1,0.017732086873654594,-0.003985572722028054,0.0003303116948174077
1.1,24,200000,1,0.010079456822019908,-0.015257722665378275,0.00033439355076056156
1.1,24,1000000,1,0.005830165854897387,-0.005181828982204817,6.0842185496429196e-05
1.1,24,50000,2,-0.014082672610981442,0.002160384586643269,0.00020298892943029269
1.1,24,200000,2,-0.007801531054432484,0.006702647990489565,0.00010578937687768822
1.1,24,1000000,2,-0.003700584584642186,0.0013482196849963668,1.5512022587103083e-05
1.1,24,50000,4,-0.0048156962559218605,-0.004327226165405782,4.191581671587225e-05
1.1,24,200000,4,-0.0032592207765768616,0.003254206120303478,2.121237754389089e-05
1.1,24,1000000,4,-0.001050032933187929,0.000708599130645636,1.6046818887309973e-06
1.1,24,50000,8,-0.0024528406339004312,-0.004372286282205615,2.513331450887647e-05
1.1,24,200000,8,0.0004023872424792443,0.0006580294662053471,5.949182713045442e-07
1.1,24,1000000,8,-7.70434187163045e-05,-0.0004419841276671964,2.0128565747722841e-07
1.1,25,50000,1,-0.009177493753886946,-0.004253901379661187,0.00010232206855051727
1.1,25,200000,1,0.001969256461051149,-0.005768115436269144,3.7149126695518076e-05
1.1,25,1000000,1,-0.001305171997935225,-0.0030759581871686093,1.1164992713403825e-05
1.1,25,50000,2,0.003101857490549174,0.00020550848740217732,9.66375363007035e-06
1.1,25,200000,2,0.0031162001119155575,0.0018313107062858207,1.3064402040459605e-05
1.1,25,1000000,2,0.0021674072818282856,0.0016106278130148825,7.291776277379381e-06
1.1,25,50000,4,-0.0012479169568212474,2.34975856431646e-06,1.5573022524873133e-06
1.1,25,200000,4,0.0006645758704448164,0.0012424789039067658,1.9854149142308433e-06
1.1,25,1000000,4,-0.00011610992671917252,0.0007241497750705647,5.37874411817481e-07
1.1,25,50000,8,-0.0007853252845836483,0.0012729949954974533,2.2372520611679495e-06
1.1,25,200000,8,0.001618042760288062,0.000435480943914664,2.8077060266334175e-06
1.1,25,1000000,8,0.0006414367562573429,-7.122427004232178e-05,4.1651400892100354e-07
1.1,26,50000,1,-0.016335089840033897,-0.0010723021146495184,0.00026798499190706053
1.1,26,200000,1,-0.00019923557707102554,-0.002217633063124945,4.957591217835751e-06
1.1,26,1000000,1,-7.464622516992335e-05,-0.0024493697480954804,6.0049842218174354e-06
1.1,26,50000,2,0.0023706909453162692,-0.005872977909518692,4.011204508389909e-05
1.1,26,200000,2,0.0005465763672317663,0.0004350043452903673,4.879745056377757e-07
1.1,26,1000000,2,0.0005952697712955547,0.0024233789997810465,6.227111877198048e-06
1.1,26,50000,4,-4.2563126252269116e-05,-0.002210685639203347,4.888942615096276e-06
1.1,26,200000,4,0.0004208520097750144,0.001840459858035992,3.564408903173533e-06
1.1,26,1000000,4,0.0010570411940702853,0.0018861590862170091,4.674932184480517e-06
1.1,26,50000,8,-0.0006606862052959084,-0.0009736481688126354,1.3844970185005052e-06
1.1,26,200000,8,-0.0016966646319540196,0.000596432075624904,3.2344020941578997e-06
1.1,26,1000000,8,-5.400510397055018e-05,0.0007693854807607037,5.94870569260249e-07
1.1,27,50000,1,-0.010187372087381836,0.004040717328484797,0.00012010994657548385
1.1,27,200000,1,-0.012779914863369858,0.006224091980019877,0.00020206554489072957
1.1,27,1000000,1,-0.004159980889228187,0.0036604197267967225,3.070411357506633e-05
1.1,27,50000,2,0.008542416427731719,-0.008670492514513389,0.0001481503188690134
1.1,27,200000,2,0.0048772917202880555,-0.008177747842095979,9.066353429369584e-05
1.1,27,1000000,2,0.00029361774193051684,-0.0023229361207756055,5.482243599580395e-06
1.1,27,50000,4,0.0067444632371360174,-0.003198615760954551,5.571892714330611e-05
1.1,27,200000,4,0.0022474658767614145,-0.004749356925541763,2.7607494073398457e-05
1.1,27,1000000,4,0.0010169921509092135,-0.0019289547447108315,4.7551394421533775e-06
1.1,27,50000,8,0.0034219191807289243,-0.003275034742586366,2.2435383444588253e-05
1.1,27,200000,8,-7.75999638309697e-05,-0.0028030538233425116,7.863132490941642e-06
1.1,27,1000000,8,0.0005034615679201613,-5.24126574828617e-05,2.5622063703704296e-07
1.1,28,50000,1,0.014843077487118089,0.011298838751991813,0.0003479807064321037
1.1,28,200000,1,0.004207165272534943,0.0005610007934463662,1.8014961520671474e-05
1.1,28,1000000,1,0.0018354192795822842,0.0007507467231404407,3.9323845741684604e-06
1.1,28,50000,2,-0.009161723342304527,0.002630395790727525,9.08561566168047e-05
1.1,28,200000,2,-0.003950200322065658,0.0007350849476406503,1.614443246469548e-05
1.1,28,1000000,2,-0.0030385382529181716,0.00026333596060772294,9.302060542596207e-06
1.1,28,50000,4,-4.638388105488908e-05,0.004741749655665573,2.2486341261426295e-05
1.1,28,200000,4,-0.0015552592238808104,0.001537743978227063,4.7834877960399344e-06
1.1,28,1000000,4,0.0001502145856540863,-0.0008133162632544378,6.840477658173908e-07
1.1,28,50000,8,-0.0020034388706512943,-0.0013414970859914818,5.81338174016017e-06
1.1,28,200000,8,-0.004131498545825373,-4.6325891002543645e-05,1.7071426322334355e-05
1.1,28,1000000,8,-5.776104259950468e-05,-0.0011294100599806504,1.2789034216276783e-06
1.1,29,50000,1,-0.0157922461398592,-0.00581616666606245,0.00028322283282931383
1.1,29,200000,1,0.0016123935236692735,-0.004559060597099575,2.3384846403196546e-05
1.1,29,1000000,1,-0.003011684211880764,0.00454190650233527,2.9699156468047264e-05
1.1,29,50000,2,0.01112835801493704,-0.0014264792127646935,0.00012587519505306323
1.1,29,200000,2,0.0032293378985819824,0.004944831102409747,3.487997789457668e-05
1.1,29,1000000,2,0.0005858009767597583,-0.003710808495015155,1.4113262471049327e-05
1.1,29,50000,4,0.008477148853063592,-0.0024067257186268453,7.765438136169729e-05
1.1,29,200000,4,0.002664784895863975,0.0014520523754114635,9.20953464216285e-06
1.1,29,1000000,4,-0.0003544754817185057,-0.0009920136624716573,1.1097439736699979e-06
1.1,29,50000,8,0.0010539557714122605,-0.004917721621511013,2.529480871477012e-05
1.1,29,200000,8,0.00046423710037762586,-0.00021134479317069568,2.6018270696739e-07
1.1,29,1000000,8,-8.384149576028875e-05,-0.0008784128237138996,7.78638485276349e-07
1.1,30,50000,1,0.0008104786235461163,-0.028297310794803673,0.0008013946738169377
1.1,30,200000,1,-0.000519320257306674,-0.009409672509870144,8.881163027265494e-05
1.1,30,1000000,1,-0.001442600919647494,0.0004044242380931928,2.2446563777250555e-06
1.1,30,50000,2,0.0024512507691766745,0.011509813441963869,0.00013848443580220143
1.1,30,200000,2,0.004999161186019014,0.00559410937519335,5.6285672265425166e-05
1.1,30,1000000,2,0.0011046018279109635,0.00013933841887746128,1.2395603931995124e-06
1.1,30,50000,4,-0.005395125394172033,0.008120319519763509,9.50469671218922e-05
1.1,30,200000,4,-0.0008697827516555447,0.0011150766905769103,1.999918060945446e-06
1.1,30,1000000,4,-0.00046036083951535496,0.0003621020737574427,3.430500143787228e-07
1.1,30,50000,8,-0.0023148559931580326,0.007441275526907045,6.073113973640537e-05
1.1,30,200000,8,-0.00045144461256365454,0.003838125326291028,1.493500825852936e-05
1.1,30,1000000,8,-0.0001377190052108066,0.0006952307141586243,5.023122703057648e-07
1.1,31,50000,1,0.013755074338186816,0.0045472749787225765,0.0002098797797811619
1.1,31,200000,1,0.006405770422886001,-0.0066599205579227,8.538843654856249e-05
1.1,31,1000000,1,0.00416243163286586,-0.0002589626677144979,1.7392898761552156e-05
1.1,31,50000,2,-0.006503606378478087,0.011049390597996527,0.0001643859285132749
1.1,31,200000,2,-0.003043506024052658,0.004958146554111595,3.384614617049351e-05
1.1,31,1000000,2,-0.002822966509717922,-0.000621168665868162,8.35499042644542e-06
1.1,31,50000,4,0.0012920719752339083,0.0010436416730235625,2.7586379308562744e-06
1.1,31,200000,4,0.0024240527790010823,0.002791979418256252,1.367118094734939e-05
1.1,31,1000000,4,-0.0008288841869592853,0.0012343001119146033,2.210545761663558e-06
1.1,31,50000,8,0.006768095609191426,-0.0002956483593406598,4.589452612753708e-05
1.1,31,200000,8,0.0023871528492315193,0.00136330243948881,7.5570922671103015e-06
1.1,31,1000000,8,-0.0003468674713383541,0.0011640310734437893,1.4752853826153646e-06
1.1,32,50000,1,0.004369709327391615,0.013187754352042513,0.0001930112244557095
1.1,32,200000,1,0.001577725361068263,0.004936345587121032,2.6856725070447264e-05
1.1,32,1000000,1,0.0013898963551256676,0.0006667270828992931,2.376336881063017e-06
1.1,32,50000,2,-0.0012199437749382952,-0.00760978183009275,5.9397042315620464e-05
1.1,32,200000,2,0.003979729278389303,-0.0032300957992938625,2.6271764001884902e-05
1.1,32,1000000,2,0.0004819264160067883,-1.3145384953639663e-05,2.3242587159072732e-07
1.1,32,50000,4,-4.8654430418803686e-05,-0.004072098278826473,1.65843516460209e-05
1.1,32,200000,4,0.002354201747002484,-0.004011865617037419,2.163733159475658e-05
1.1,32,1000000,4,8.193429763929791e-05,-0.0006694717581022329,4.549056640261398e-07
1.1,32,50000,8,-6.962079253455201e-05,-0.0018424035548802412,3.3992979137884887e-06
1.1,32,200000,8,0.0010419341586952746,-0.0009395270289922026,1.968337829262944e-06
1.1,32,1000000,8,-0.0005490606067801803,-0.00014838850123999951,3.2348669721807316e-07
1.1,33,50000,1,-0.002198668802817137,0.001248271099976949,6.392325243519004e-06
1.1,33,200000,1,0.005677123015632896,-0.0014400441488504317,3.4303452885267116e-05
1.1,33,1000000,1,0.0007906038100955994,0.0007718055704068701,1.220738223048753e-06
1.1,33,50000,2,0.003811237116302637,0.006922292705611915,6.244366465885078e-05
1.1,33,200000,2,-0.002464047929546423,0.0009040214927998571,6.888787058546096e-06
1.1,33,1000000,2,-0.0005715048367746976,8.494995935902522e-05,3.3383427405197385e-07
1.1,33,50000,4,0.003431414811292784,0.011490039141184032,0.00014379560707310059
1.1,33,200000,4,0.0010531587113272421,0.002597661786227341,7.856990026870278e-06
1.1,33,1000000,4,0.00024408125014592638,0.00016288234820508555,8.610631602960103e-08
1.1,33,50000,8,-0.000510465817589276,0.006759067386248717,4.594556728277815e-05
1.1,33,200000,8,-0.0007310522430106041,0.0012360509217181567,2.0622592630911398e-06
1.1,33,1000000,8,0.000540065636440098,6.191673779254005e-06,2.917092284876369e-07
1.1,34,50000,1,0.0072894395278583525,-0.008124966865621178,0.00011915101519774582
1.1,34,200000,1,0.00415140300824624,-0.0056888196190830985,4.9596815595340705e-05
1.1,34,1000000,1,0.0012055100593528763,3.2334649432561364e-05,1.4543000327549021e-06
1.1,34,50000,2,-0.00016482293848988456,0.00745278952558409,5.557123831370836e-05
1.1,34,200000,2,-0.0035945033706632538,0.0018259768357594688,1.6254645886439652e-05
1.1,34,1000000,2,-0.0008514843020102093,0.001434906846773545,2.783983175487411e-06
1.1,34,50000,4,0.0031903207736397885,0.002249858724921887,1.5240010920824717e-05
1.1,34,200000,4,-0.00038844494577854147,-0.001074124774036827,1.3046335061005582e-06
1.1,34,1000000,4,0.0005536110442525863,0.0006250025953599933,6.971134325251666e-07
1.1,34,50000,8,0.006252411745195931,-0.001010560818959105,4.011388580027933e-05
1.1,34,200000,8,-0.0006646267159027849,-0.0006783573172813412,9.018973214008592e-07
1.1,34,1000000,8,0.0002796200863675982,0.0011695596460390388,1.4460571583431847e-06
1.1,35,50000,1,0.007242759171660781,0.009417227103155932,0.00014114172673109103
1.1,35,200000,1,-0.0057715771311216335,0.002764648242430514,4.095438248486035e-05
1.1,35,1000000,1,0.00022226484498658568,-0.00156933971375717,2.512228798492347e-06
1.1,35,50000,2,0.0034477473793197285,-0.0033117627308573345,2.2854734377101683e-05
1.1,35,200000,2,0.0010432756656976897,-0.002876885243387899,9.364892818260008e-06
1.1,35,1000000,2,-0.0020614150860423174,0.0016166892575368624,6.863116312397946e-06
1.1,35,50000,4,-0.0003860361340127122,-0.004220297068399793,1.7959931242307366e-05
1.1,35,200000,4,-0.0025616614690925636,-0.0004752731001670566,6.787994001975876e-06
1.1,35,1000000,4,-0.002380852418341578,0.001150676942669186,6.992515664313446e-06
1.1,35,50000,8,-0.0038876574789652447,-0.00340462940385833,2.6705382051371133e-05
1.1,35,200000,8,-0.0022832722407013376,-0.0006191575787592895,5.5966882324923724e-06
1.1,35,1000000,8,-0.0009474177565846078,9.374997557012556e-05,9.063894634112102e-07
1.1,36,50000,1,-0.013305666282938085,-0.007718049046393343,0.00023660903631544857
1.1,36,200000,1,0.005184694337357093,0.0032530635719989127,3.746347797528904e-05
1.1,36,1000000,1,0.0002858072957700663,-0.0030357253358393893,9.297314124972572e-06
1.1,36,50000,2,0.007074926979730872,0.0076630224300971005,0.00010877650453269506
1.1,36,200000,2,-0.0033700092249764864,0.0006371992258889528,1.17629850299001e-05
1.1,36,1000000,2,0.0003165439871270825,0.002660735507752788,7.179713538002797e-06
1.1,36,50000,4,0.00418190209004008,0.0030717088135898715,2.6923700126167287e-05
1.1,36,200000,4,-0.0021043048699229405,-0.0010331954708943862,5.4955918666580754e-06
1.1,36,1000000,4,-0.0001392300784985807,0.001068570137996353,1.1612271545762658e-06
1.1,36,50000,8,0.0012275728706598631,0.0005965670008434696,1.8628273392754692e-06
1.1,36,200000,8,-0.001985289225777725,0.0006882813818362043,4.415104570571474e-06
1.1,36,1000000,8,-0.00046501206651174885,0.0015652765961521342,2.6663270444631386e-06
1.1,37,50000,1,-0.011008631655518901,0.007733524124619369,0.0001809973663129626
1.1,37,200000,1,-0.00279763292199283,0.0007129440306707746,8.335039157087231e-06
1.1,37,1000000,1,-0.002998302654030079,0.00108731685946992,1.0172076758051345e-05
1.1,37,50000,2,0.007294238503154812,-0.0027408646573834614,6.0718254410999914e-05
1.1,37,200000,2,0.0008272222715136643,-0.001547665515567685,3.0795652345656147e-06
1.1,37,1000000,2,0.0019733429141743325,-0.0010325454864156902,4.96023243843946e-06
1.1,37,50000,4,0.010589776837822168,-0.007612733210961317,0.00017009708041614824
1.1,37,200000,4,-0.0005171576628877873,-0.005126842248374857,2.6551963488004912e-05
1.1,37,1000000,4,0.0007678230257144142,-0.0024243051241939896,6.466807534010473e-06
1.1,37,50000,8,0.007337486541008825,-0.002390192291759746,5.955172793107336e-05
1.1,37,200000,8,0.0010641967343320714,-0.0018408536032027448,4.5212566777875734e-06
1.1,37,1000000,8,0.0003711813209317704,-0.001747112115845652,3.190176318343325e-06
1.1,38,50000,1,0.01055230265153087,0.012716676946219243,0.0002730649638040095
1.1,38,200000,1,0.003328547062427879,0.008776172590960963,8.810043089313174e-05
1.1,38,1000000,1,-0.001449620802311284,0.004826055924308008,2.5392216255042028e-05
1.1,38,50000,2,-0.004589220940819386,-0.006080480540164817,5.80331924429782e-05
1.1,38,200000,2,0.0012820673926346449,-0.006719930175665649,4.680115836507876e-05
1.1,38,1000000,2,0.0009431151292051044,-0.004063322346665152,1.7400054639843956e-05
1.1,38,50000,4,-0.0075075677038648056,-0.004907618882055442,8.044829591962096e-05
1.1,38,200000,4,-0.0019677956637700706,-0.0027745369327655534,1.1570274965632377e-05
1.1,38,1000000,4,-0.000754261314399946,-0.0012623027144207282,2.1623182732342725e-06
1.1,38,50000,8,-0.0020660452756201386,-0.0015369203277412107,6.630667174736444e-06
1.1,38,200000,8,0.0003787104715204506,-0.0007718668399855948,7.392000399085899e-07
1.1,38,1000000,8,0.0009404890718005899,-0.0004056175545995816,1.0490452947756795e-06
1.1,39,50000,1,0.021586668793610823,-0.003216282107776785,0.00047632874020185644
1.1,39,200000,1,0.008058798406393225,0.0023386438640780527,7.041348687787591e-05
1.1,39,1000000,1,0.0015559102044872188,0.00019243045975519648,2.457886046269055e-06
1.1,39,50000,2,-0.015037217272454162,0.007516054167700497,0.00028260897355080177
1.1,39,200000,2,-0.0022831786769084315,-0.0016254493353555924,7.854990412497272e-06
1.1,39,1000000,2,-0.00041474687265190583,0.0002727919211230815,2.4643040060455773e-07
1.1,39,50000,4,-0.007276225139082949,0.005678444475805458,8.518818393942821e-05
1.1,39,200000,4,-0.002939881555945133,-0.0009346248877329746,9.516427243756251e-06
1.1,39,1000000,4,-0.0010121869624300488,0.0014611970312128535,3.159619210938626e-06
1.1,39,50000,8,-0.006800881715717341,0.00015068889105499908,4.6274699253065835e-05
1.1,39,200000,8,-0.001993600552860225,0.0018671211866895599,7.460584690149624e-06
1.1,39,1000000,8,-0.0008144498801637141,0.0007026516566387631,1.1570479578758864e-06
1.1,40,50000,1,0.002821090513026251,-0.012155971205932786,0.00015572618764215373
1.1,40,200000,1,-0.0016066545754329514,0.002354771730525626,8.12628882764229e-06
1.1,40,1000000,1,-0.004322183868390279,-0.0014576507363657477,2.080601906140076e-05
1.1,40,50000,2,-0.002379660159272929,0.009148800963530797,8.936334154393291e-05
1.1,40,200000,2,0.0007799854774030686,-0.0005222233315101731,8.81094552933277e-07
1.1,40,1000000,2,0.001301460559115636,-0.0003671580577716521,1.8286046263202354e-06
1.1,40,50000,4,-0.005275656407137745,0.007531993079261747,8.45634702722204e-05
1.1,40,200000,4,-0.002125040903421299,0.0001177961424110761,4.529674772380542e-06
1.1,40,1000000,4,-0.0007387735175887439,-0.0008750970931807645,1.3115812327838697e-06
1.1,40,50000,8,-0.0040706993660065355,0.010189841607206327,0.0001204034653083592
1.1,40,200000,8,-0.0014738398842570378,0.0025218816787858757,8.532091206222664e-06
1.1,40,1000000,8,-0.0006212429379600312,-0.00046877778984951443,6.056954042214067e-07
1.1,41,50000,1,-0.001298009510590729,-0.0022708944213497054,6.841790162501198e-06
1.1,41,200000,1,0.000245396596410574,0.003945183727512091,1.562469413335609e-05
1.1,41,1000000,1,0.0011020239914026006,-0.00016596214822151101,1.242000312269218e-06
1.1,41,50000,2,-0.0023792808186561855,0.008046569345011845,7.040825543810961e-05
1.1,41,200000,2,-0.0012129336783501404,0.0004663479307679044,1.6886885006075082e-06
1.1,41,1000000,2,3.122841931653544e-05,0.00040154299384347546,1.6221199007779073e-07
1.1,41,50000,4,-0.0018742577345381688,0.004223369329064514,2.1349690545158986e-05
1.1,41,200000,4,-0.002718672752139645,0.0023376568043717,1.2855820868251857e-05
1.1,41,1000000,4,0.00042391729294937087,-0.00023799974555679373,2.3634975014662126e-07
1.1,41,50000,8,-0.0014405982525948853,0.001037476026433698,3.1516798308040928e-06
1.1,41,200000,8,-0.0042406200489016705,-1.9904746235064296e-05,1.7983254598069485e-05
1.1,41,1000000,8,-0.0010073298686794285,-0.0002934061449830457,1.1008006302475268e-06
1.1,42,50000,1,-0.006007802175197922,0.01752942028018437,0.0003433742623356519
1.1,42,200000,1,-0.00011337541407396448,0.0046458051226766295,2.159635922240485e-05
1.1,42,1000000,1,-0.0012527677778768525,0.0026140278533139166,8.40256872318747e-06
1.1,42,50000,2,-0.0023570798885644067,0.0005136514477121887,5.819663410811623e-06
1.1,42,200000,2,-0.0013657678608174704,0.0011502367807249732,3.1883665013744794e-06
1.1,42,1000000,2,0.0012881445621131364,-0.0010851458238060184,2.8368578718252863e-06
1.1,42,50000,4,0.0006225795357342882,-0.006081307760967565,3.736990936191946e-05
1.1,42,200000,4,-0.0006561587297910288,-0.00360108777424353,1.3398377436487198e-05
1.1,42,1000000,4,0.0021098171863405337,0.0012627208513482976,6.045792508207656e-06
1.1,42,50000,8,0.0024000513529115752,-0.001988811621813196,9.715618163671915e-06
1.1,42,200000,8,0.0006049485948798418,-0.0005266792636186519,6.433538491729803e-07
1.1,42,1000000,8,0.0010926543519469754,0.0015938038000544487,3.7341040858966664e-06
1.1,43,50000,1,-0.003168102438952449,0.00043045166205908745,1.0222161697065886e-05
1.1,43,200000,1,-0.0011902865572181555,0.0021323629738638425,5.963753940599701e-06
1.1,43,1000000,1,-0.004273857522384605,0.0007319400528856003,1.880159436266165e-05
1.1,43,50000,2,0.005924147275130964,0.003546348295435687,4.7672107169981237e-05
1.1,43,200000,2,0.00024486487856700416,0.0018013581074565802,3.304849840055186e-06
1.1,43,1000000,2,0.0029858190985010287,-0.0005912325306858577,9.2646715943147e-06
1.1,43,50000,4,0.0017585428948513227,0.004092016407955757,1.983707139601121e-05
1.1,43,200000,4,-0.0012948833864058421,0.001932718187593643,5.412122577045117e-06
1.1,43,1000000,4,0.0011119236372713586,0.000422160398974076,1.4145935775847188e-06
1.1,43,50000,8,0.0016459400461754062,-0.001409636365091685,4.6961933173927965e-06
1.1,43,200000,8,-0.00176025976398648,-4.081897579673147e-05,3.100180625494832e-06
1.1,43,1000000,8,0.0005202000848612968,-0.00043145644742822325,4.567627943170836e-07
1.1,44,50000,1,0.005684995001736835,0.00808965918492556,9.776175389802329e-05
1.1,44,200000,1,0.006681116781703622,-0.00042081732703519497,4.4814408673494806e-05
1.1,44,1000000,1,0.003196055711915458,-8.063101933977592e-05,1.0221273474947197e-05
1.1,44,50000,2,-0.004151271805156409,-0.002249342698253035,2.22926001744708e-05
1.1,44,200000,2,-0.00504717818095206,0.0006631840266335036,2.591382064346037e-05
1.1,44,1000000,2,-0.0008104295069087487,0.001961894133939679,4.5058245784552795e-06
1.1,44,50000,4,0.0001283926019326242,0.0005161567291295075,2.82902429256701e-07
1.1,44,200000,4,-0.0025053743800573253,0.00225099267276053,1.1343868797069219e-05
1.1,44,1000000,4,-0.0015625259789078247,0.0013768439040573724,4.337186570901803e-06
1.1,44,50000,8,-0.0022308405673427453,-0.00225362606689701,1.0055480086299788e-05
1.1,44,200000,8,-0.0018067647683470728,0.00036672210917655337,3.398884033499152e-06
1.1,44,1000000,8,-0.0009191585926809568,0.0023689140374381873,6.456606235270931e-06
1.1,45,50000,1,0.01078809051052658,0.001752915174737036,0.00011945560847313702
1.1,45,200000,1,0.005599351659594997,0.0005300963553981865,3.1633741153815695e-05
1.1,45,1000000,1,0.001878826563194208,-0.002019838629052626,7.60973734197735e-06
1.1,45,50000,2,-0.012653424353499405,-0.010763843693265716,0.00027596947892278797
1.1,45,200000,2,-0.0029406318255873706,-0.002301441251706353,1.3943947368713014e-05
1.1,45,1000000,2,-0.0016744222851592108,-9.274934974342513e-05,2.8122924309156215e-06
1.1,45,50000,4,-0.009417409445771447,0.0021565430548506474,9.333827861672983e-05
1.1,45,200000,4,-0.0012968376002104056,-0.0012547424413273192,3.2561663553875246e-06
1.1,45,1000000,4,-0.000520050915457667,-0.0008386452859257863,9.737788702739013e-07
1.1,45,50000,8,-0.004825285970956919,-0.006589905082581155,6.671023369894258e-05
1.1,45,200000,8,0.0008259417373975561,-0.00424209681541058,1.8677565144891877e-05
1.1,45,1000000,8,0.00018867911631186436,-0.0012244951134885334,1.5349880918895225e-06
1.1,46,50000,1,-0.0038032135034629065,-0.00043895503823185495,1.4657114478511725e-05
1.1,46,200000,1,-0.0076806485481148296,0.0015318470899100245,6.133891762652426e-05
1.1,46,1000000,1,-0.0013167931108369498,-0.0007475961459587398,2.292844094200013e-06
1.1,46,50000,2,0.01084748304277552,0.0014614644190458314,0.00011980376661143943
1.1,46,200000,2,0.0063547207770006655,-0.0030200382422762248,4.950310713845481e-05
1.1,46,1000000,2,0.002104836058904346,0.00037371730379834637,4.569999458022284e-06
1.1,46,50000,4,-0.0022446120006036955,0.0026345398261706727,1.1979083128933523e-05
1.1,46,200000,4,-0.00018329164586143202,-0.0001523112955463168,5.6794558193590066e-08
1.1,46,1000000,4,-0.0007027601972349479,0.0002832057143565057,5.740773714618815e-07
1.1,46,50000,8,0.0009717454340685274,0.000838082345923224,1.646671207181205e-06
1.1,46,200000,8,0.0005444656620429395,-0.0007579347483963109,8.709079399704355e-07
1.1,46,1000000,8,-0.00020270092663030961,0.000371123308042941,1.7882017542952184e-07
1.1,47,50000,1,-0.004265629414883678,0.013179129617481689,0.00019188505177950393
1.1,47,200000,1,0.0025050129095252798,-0.001454739130553786,8.391355614852693e-06
1.1,47,1000000,1,-0.0012205935861904229,0.0002924052737086816,1.5753495467418466e-06
1.1,47,50000,2,0.007355510637862033,0.0015411488521460469,5.647867652817261e-05
1.1,47,200000,2,-0.0015945937228257774,0.0005077116518935228,2.800500262343822e-06
1.1,47,1000000,2,0.0012145143974375047,-0.0006754509876998937,1.9312792583677465e-06
1.1,47,50000,4,0.008025397795079882,0.0005911198769271017,6.475643247817135e-05
1.1,47,200000,4,0.0019402791351867846,-0.00022695422244774926,3.8161913415280385e-06
1.1,47,1000000,4,0.00026917463212317656,-0.00018675260606396127,1.0733151845032854e-07
1.1,47,50000,8,0.0018070261555198528,0.003446717549929555,1.5145205395725255e-05
1.1,47,200000,8,0.0038443745856468646,0.002589521986100009,2.1484840071262838e-05
1.1,47,1000000,8,0.0005221807189741633,-5.4986778100769775e-05,2.756962490342775e-07
1.1,48,50000,1,-0.0011736785429721712,0.016253402801790846,0.0002655506239594957
1.1,48,200000,1,0.006426040288272057,-0.0007960943715597231,4.19277600349247e-05
1.1,48,1000000,1,0.0022751907309294683,0.00010158726384781411,5.186812834283453e-06
1.1,48,50000,2,-0.0027188004900243227,-0.008148134065765237,7.378396485824043e-05
1.1,48,200000,2,-0.0005375433601025129,0.002661459053088611,7.372317155257626e-06
1.1,48,1000000,2,-0.0012013499917245558,-0.0019065256877979716,5.078082000850118e-06
1.1,48,50000,4,-0.0029345079273701722,-0.0031594753911008038,1.8593621522769963e-05
1.1,48,200000,4,-0.0025953301841973473,-0.0002674730813629107,6.807280614259607e-06
1.1,48,1000000,4,-0.0019509720395784187,-0.0011401496202718669,5.1062330558228574e-06
1.1,48,50000,8,0.0023650014358696757,0.0008487124328993624,6.3135445854235834e-06
1.1,48,200000,8,0.0010287459581930394,-0.00016761748396491635,1.0864138674292436e-06
1.1,48,1000000,8,-0.0004100391519396099,-8.238225617531364e-05,1.7491894225588948e-07
1.1,49,50000,1,-0.01014004569275068,-0.002821070947711245,0.00011077896794309203
1.1,49,200000,1,0.005030433905642417,-0.00026043297641422275,2.5373090614240794e-05
1.1,49,1000000,1,-0.002013790122221852,-0.00023161964427183913,4.108998315970915e-06
1.1,49,50000,2,0.011927217719320942,-0.002931292165069357,0.00015085099628108046
1.1,49,200000,2,-0.003984633786603686,0.0040735653364547385,3.247124096370924e-05
1.1,49,1000000,2,0.0006783321501195182,0.0009640640972086935,1.3895540894125815e-06
1.1,49,50000,4,0.00828355660230045,-0.0032303975053441765,7.905277802604924e-05
1.1,49,200000,4,-0.001488012880553517,0.0007826719998131447,2.8267577919846822e-06
1.1,49,1000000,4,0.0016784321346959986,0.0005301992676461962,3.0982456941927294e-06
1.1,49,50000,8,0.005143697859562107,-0.001697413276032283,2.9338839500114454e-05
1.1,49,200000,8,-2.6657624968944627e-05,0.0025922255990953142,6.720344185574046e-06
1.1,49,1000000,8,0.0014058159617799445,0.0007538213712277613,2.5445651781149727e-06
1.1,50,50000,1,-0.0014579317366356962,0.0036438849984917225,1.5403462830922596e-05
1.1,50,200000,1,-0.001124546439870781,-0.001150138328553656,2.587422870234245e-06
1.1,50,1000000,1,-0.0006579587277350343,-0.0012498058350529034,1.9949243127349902e-06
1.1,50,50000,2,0.00860610857285265,-0.011377410211795428,0.00020351056789519477
1.1,50,200000,2,0.004573608224747516,-0.00035730782029572144,2.1045561071922605e-05
1.1,50,1000000,2,0.0006629297213599935,0.0018181158991668089,3.7450212382655727e-06
1.1,50,50000,4,0.002006721627843828,-0.011348491925776704,0.00013281520068107524
1.1,50,200000,4,0.005342568298439944,-0.0028679522881579554,3.676818635064594e-05
1.1,50,1000000,4,0.0007962318010550247,0.0006408151435986286,1.0446291292766598e-06
1.1,50,50000,8,0.002540115143481071,-0.007437505252763343,6.176866932702418e-05
1.1,50,200000,8,0.002226571643852182,-0.0032808297089743383,1.5721464864495253e-05
1.1,50,1000000,8,-0.0009268485816558114,0.00023446983957071827,9.140243989857075e-07
1.1,51,50000,1,-0.01140546942857892,0.0006843445141251744,0.00013055306030026158
1.1,51,200000,1,-0.005066722191605965,-0.008580239535292241,9.929218424990435e-05
1.1,51,1000000,1,0.0013550355939133687,-0.0022421315799111465,6.8632754824070084e-06
1.1,51,50000,2,0.01175233808960054,0.0011592086145477563,0.0001394612151843174
1.1,51,200000,2,0.0011037699044555865,0.0071856174093152805,5.285140555503673e-05
1.1,51,1000000,2,-0.0003161236275618508,0.0020520341547778783,4.310778320277824e-06
1.1,51,50000,4,0.006898326738457116,0.0013961414434901218,4.953612272074308e-05
1.1,51,200000,4,0.0030491960648137573,0.003848911997332612,2.411172020488662e-05
1.1,51,1000000,4,0.000514374285151052,0.0015658618617189726,2.7165042752106627e-06
1.1,51,50000,8,0.002858576119748599,-0.001472984277272105,1.0341140113487783e-05
1.1,51,200000,8,0.0014161044529752663,0.0016190151144975728,4.626561762707968e-06
1.1,51,1000000,8,0.0017090473422337069,0.00017468919265187057,2.95135913202546e-06
1.1,52,50000,1,0.014968823722000386,-0.013979586617438127,0.00041949452561477666
1.1,52,200000,1,0.0021274718557540394,0.0029977467349809337,1.3512621984114383e-05
1.1,52,1000000,1,-0.0016578502591448573,-0.0016585415722572296,5.499227628652152e-06
1.1,52,50000,2,-0.005563674666674704,0.00961301669457379,0.00012336456576675223
1.1,52,200000,2,-0.004674306433372667,-0.000750677412401571,2.2412657210559027e-05
1.1,52,1000000,2,0.0006726700702751947,0.0021920348263940598,5.257501703568473e-06
1.1,52,50000,4,-0.0039433258578629,0.004753356424708911,3.8144216121611654e-05
1.1,52,200000,4,-0.0036160767470583047,0.001089831433007322,1.4263743592986563e-05
1.1,52,1000000,4,6.873185895338805e-05,0.0005930143516493594,3.563900896972984e-07
1.1,52,50000,8,-0.0036020164461208573,0.0025266108706378213,1.935828496975034e-05
1.1,52,200000,8,-0.0013878703563083097,0.0011608558044223054,3.273770324580312e-06
1.1,52,1000000,8,2.6949517460026385e-05,0.0005961933481981463,3.561727849270443e-07
1.1,53,50000,1,0.011164328258699915,-0.019152274099453907,0.0004914518286486184
1.1,53,200000,1,0.003914632871595114,-0.00021236171546690005,1.5369448017569053e-05
1.1,53,1000000,1,5.2434129739772704e-05,-0.001681761786534635,2.8310720446097347e-06
1.1,53,50000,2,-0.0089624691648024,0.00575073455386563,0.00011339680143905796
1.1,53,200000,2,-0.00471468231591886,0.002347663483182088,2.7739753170304678e-05
1.1,53,1000000,2,-9.079232241787783e-05,0.00036781597417081136,1.4353183666525486e-07
1.1,53,50000,4,-0.004866386256278012,0.0009574450343954892,2.4598416189180105e-05
1.1,53,200000,4,-0.001744899254585141,-0.0009343893012704037,3.917756774980373e-06
1.1,53,1000000,4,0.000722218391471844,-0.0012242377691008524,2.02035752027321e-06
1.1,53,50000,8,-0.008679902183728022,0.003813272294062147,8.988174750774848e-05
1.1,53,200000,8,-0.002492901095766506,-0.001060089460847447,7.338345538273677e-06
1.1,53,1000000,8,-0.0006124189304659813,-0.0005809718666569857,7.125852562399988e-07
1.1,54,50000,1,0.0013750993407992014,0.00720980488988664,5.38721847472997e-05
1.1,54,200000,1,0.002717464321142802,-0.006613033274707643,5.1116821429074605e-05
1.1,54,1000000,1,-0.00039436276629240143,-0.0003159110306560257,2.5532177072794763e-07
1.1,54,50000,2,-0.0016891320331860206,-0.0011860255956648892,4.2598237391073946e-06
1.1,54,200000,2,-0.0049045316389205035,0.0016730220428103325,2.6853433352901495e-05
1.1,54,1000000,2,-0.0009840185477164095,0.00023236683595827067,1.0222868487031696e-06
1.1,54,50000,4,0.0014966484743695126,0.0010200820040949707,3.2805239509110013e-06
1.1,54,200000,4,-0.004050635924441998,-0.0009305334133633018,1.727354382576564e-05
1.1,54,1000000,4,-0.0014032386443002937,0.0008847647291360173,2.751887318780856e-06
1.1,54,50000,8,-0.00044231479906355054,0.0019526784344129444,4.008595449692017e-06
1.1,54,200000,8,-0.0034829902685346204,0.002088732026005443,1.6494022687167667e-05
1.1,54,1000000,8,-0.0010117648553638137,5.591074616271754e-06,1.0236993826647238e-06
1.1,55,50000,1,-0.0005112253925925376,0.011639555362826173,0.00013574060044632693
1.1,55,200000,1,0.0028333708467781506,0.005905507517594993,4.290300939574331e-05
1.1,55,1000000,1,0.0005572089176473299,0.0013467889872938363,2.1243223542016655e-06
1.1,55,50000,2,0.001378049382783331,-0.005309988686258777,3.009499994958573e-05
1.1,55,200000,2,0.00016442116935900858,-0.0031037424524759244,9.66025153223465e-06
1.1,55,1000000,2,0.001153884855249664,-0.000411977829496691,1.5011759911713429e-06
1.1,55,50000,4,0.0028468874330673205,-0.004079844686496001,2.4749900722486285e-05
1.1,55,200000,4,-0.0027056529273148445,-0.003497445262420397,1.9552681126714263e-05
1.1,55,1000000,4,0.00047820000210711274,-0.00019763773155832262,2.677359149507622e-07
1.1,55,50000,8,0.00024520502061029263,-0.009180886668885262,8.434880552904764e-05
1.1,55,200000,8,-0.0026975559598979813,-0.004729418742089374,2.964420979480736e-05
1.1,55,1000000,8,0.0009324359294063084,-0.00012035935190469319,8.83923136038724e-07
1.1,56,50000,1,0.008726562488962445,-0.003970835838340802,9.192043012881812e-05
1.1,56,200000,1,0.0009368297466585775,0.0020590144363258817,5.117190423222763e-06
1.1,56,1000000,1,-0.0009131859754792961,0.0005309966580309434,1.1158660766521041e-06
1.1,56,50000,2,-0.011347176139100048,0.005823503018575071,0.00016267159373911446
1.1,56,200000,2,-0.002719516338489585,0.002120938517814268,1.189414931165998e-05
1.1,56,1000000,2,3.7550917882023485e-05,-0.0008033600093008306,6.467973759776132e-07
1.1,56,50000,4,-0.011130999252846479,0.006153749106619301,0.0001617677724340867
1.1,56,200000,4,-0.004416205813533439,0.002174911742090301,2.423311487336881e-05
1.1,56,1000000,4,-0.0006286011936002189,-0.00039458527229598386,5.508369977085157e-07
1.1,56,50000,8,-0.005657963362000903,3.0472266788260855e-05,3.201347796478777e-05
1.1,56,200000,8,-0.0014886014811559083,0.0016111647521823186,4.811786228374277e-06
1.1,56,1000000,8,0.0007906663415065975,8.055826730336454e-05,6.316428980223479e-07
1.1,57,50000,1,0.011362571553382012,0.024617294992813718,0.0007351192450689376
1.1,57,200000,1,0.0024710745433429555,0.005957752228233351,4.160102101177706e-05
1.1,57,1000000,1,-6.0370620372625774e-05,0.0025686637118956953,6.601677876613948e-06
1.1,57,50000,2,-0.012493926816306653,-0.008767956288151973,0.00023297526476217018
1.1,57,200000,2,-0.0021649550065549125,-0.002276495989613336,9.869464171132786e-06
1.1,57,1000000,2,-0.0003964359514333932,-0.0007380482752765486,7.018767202275875e-07
1.1,57,50000,4,-0.004315872864180294,-0.00670680311009966,6.36079665374103e-05
1.1,57,200000,4,0.0009824972570144403,-0.0033959117233378616,1.2497517292744426e-05
1.1,57,1000000,4,0.0028107776605319334,-0.001133975660871243,9.18637185639374e-06
1.1,57,50000,8,-0.005178139636833651,-0.004378850898229297,4.598746528747124e-05
1.1,57,200000,8,-0.0012733387310143367,-0.0036857648242153616,1.5206253863324498e-05
1.1,57,1000000,8,0.0019455671522402838,-0.0009550766537483922,4.6974029584115945e-06
1.1,58,50000,1,0.01980240692762702,-0.00136058606519688,0.0003939865145681385
1.1,58,200000,1,0.0028357407203633,0.006393181945126576,4.8914200816619e-05
1.1,58,1000000,1,-0.0005617681564404396,-0.00019575006554759406,3.5390154975237767e-07
1.1,58,50000,2,0.0021872822334083816,0.0024278538776898654,1.0678678019997675e-05
1.1,58,200000,2,0.0020616896129114753,-0.00208244537004388,8.58714277920426e-06
1.1,58,1000000,2,0.00044632684288536267,0.001253375088407515,1.7701567629205612e-06
1.1,58,50000,4,-0.002468651585431289,-0.0005829331760066262,6.4340517379415895e-06
1.1,58,200000,4,0.002400692585029332,-0.0008120051067594444,6.422677181218234e-06
1.1,58,1000000,4,0.0007609200010851424,0.0011952681727499964,2.007665252840528e-06
1.1,58,50000,8,0.003191743705543676,-0.004512926105326953,3.055372991401918e-05
1.1,58,200000,8,0.0039055574422738513,-0.002381019717685372,2.092263383090719e-05
1.1,58,1000000,8,0.00011463504524120353,-0.0009189233553127627,8.575613265367188e-07
1.1,59,50000,1,-0.006396635855788311,0.005112677882693313,6.705642540373802e-05
1.1,59,200000,1,-0.005680183185383971,-0.005861199161726733,6.661813663294495e-05
1.1,59,1000000,1,0.0016179058328846456,-0.000739378817461111,3.1643003197923497e-06
1.1,59,50000,2,0.0009729563515662509,-0.0019148874080445945,4.6134378475408554e-06
1.1,59,200000,2,0.00291834817274138,0.0021682148749690186,1.3217911801379868e-05
1.1,59,1000000,2,-0.0013596500079903547,0.0010283774305333193,2.906208283858484e-06
1.1,59,50000,4,0.004707321187746623,-0.001122693520538374,2.341931350566713e-05
1.1,59,200000,4,0.0021162892167480444,0.00036415445051563375,4.611288512754394e-06
1.1,59,1000000,4,-0.001554063317586851,0.0004124161308635727,2.585199860065529e-06
1.1,59,50000,8,0.0006777062415360791,0.0026071162267396497,7.256340769546148e-06
1.1,59,200000,8,0.002861795520394852,0.00036725625811874583,8.324750759679426e-06
1.1,59,1000000,8,0.00044916002189809856,0.0004787507858163212,4.3094704019124536e-07
1.1,60,50000,1,-0.007188362906978539,-0.013502883144623284,0.00023400041449977657
1.1,60,200000,1,0.001122607725220898,-0.0047757410731553195,2.406795090254836e-05
1.1,60,1000000,1,-0.0033884838877441628,0.0017828044228420617,1.466021466760701e-05
1.1,60,50000,2,-0.0027063524397694847,0.007169854595850133,5.8731158453879504e-05
1.1,60,200000,2,-0.0025991932764479783,0.003054876156602298,1.6088074020509607e-05
1.1,60,1000000,2,0.0008624072070501489,-0.001358413521907835,2.589033487274086e-06
1.1,60,50000,4,-0.00015782046813531098,0.008866701356547881,7.864330024637048e-05
1.1,60,200000,4,-0.002301809039444391,0.0034581877493444347,1.725738736378384e-05
1.1,60,1000000,4,0.0019539394242475143,0.000379725290835992,3.962070570129187e-06
1.1,60,50000,8,0.002761844796957386,0.0005253478494850419,7.903777045439143e-06
1.1,60,200000,8,0.0006766448027844231,0.0019912415234447094,4.422890993825578e-06
1.1,60,1000000,8,0.0008747074052958953,-0.00032439353940712896,8.703442132885622e-07
1.1,61,50000,1,0.011939082811742389,-0.00726235422846151,0.00019528348732529536
1.1,61,200000,1,-0.00017752665558893997,0.0013993787842438278,1.9897766952363275e-06
1.1,61,1000000,1,-0.0005583050830595342,0.005466597802032471,3.0195396094956355e-05
1.1,61,50000,2,-0.009662437894788805,-0.000938537502316458,9.424355871390511e-05
1.1,61,200000,2,-0.003434938667884309,-0.0028024796637283198,1.9652695917737625e-05
1.1,61,1000000,2,-0.0020389576601624938,-0.003177511566226388,1.4253928093437784e-05
1.1,61,50000,4,-0.0015527944294238347,-0.0049586961149070755,2.6999837700044216e-05
1.1,61,200000,4,-0.0013554462270788615,-0.0024844273926752985,8.009613943977704e-06
1.1,61,1000000,4,-0.000914834808525624,-0.0011608679489246987,2.1845371217307517e-06
1.1,61,50000,8,0.0041021864585774875,-0.0020486242360901645,2.1024795001632523e-05
1.1,61,200000,8,0.0018471766514232164,0.00015106616170886675,3.4348825667765365e-06
1.1,61,1000000,8,-0.0005533418014969366,0.0002152912123949521,3.5253745541836353e-07
1.1,62,50000,1,0.0046550832549876265,0.0012668387321948357,2.327468048425521e-05
1.1,62,200000,1,-0.001205974394974624,-0.004051487971882337,1.786892902764166e-05
1.1,62,1000000,1,-0.00041001881685428745,-9.014641321790301e-05,1.7624180599064265e-07
1.1,62,50000,2,-0.005185071646001723,0.00449097186572368,4.705379627289264e-05
1.1,62,200000,2,0.0013822841620326376,0.0035749711461409684,1.469112820034674e-05
1.1,62,1000000,2,0.0009565372009743697,0.0006800678551312923,1.377455704430758e-06
1.1,62,50000,4,0.0014680711846878562,0.007446008645540474,5.75982777527743e-05
1.1,62,200000,4,0.002554534623965593,0.003746596048552489,2.0562629096068157e-05
1.1,62,1000000,4,0.0011048705606097895,0.0011442631043837614,2.530077007756153e-06
1.1,62,50000,8,-0.0004616753332185796,0.0038331122546440416,1.4905893670004815e-05
1.1,62,200000,8,0.0012052136143598875,0.001507813116221052,3.726040249686664e-06
1.1,62,1000000,8,-0.0003749470952874546,0.0003382211972090722,2.5497890250603766e-07
1.1,63,50000,1,0.02005779164457951,0.010135826726940718,0.0005050499890959295
1.1,63,200000,1,-0.0006759616251283825,0.0014820511997119467,2.6533998772138243e-06
1.1,63,1000000,1,0.0018419881625901867,-0.00047147286510670715,3.615207053654299e-06
1.1,63,50000,2,-0.020428405098506474,-0.009699039705814433,0.0005113911060836503
1.1,63,200000,2,-0.00036265915175606446,-0.0012584805717564215,1.7152950098407976e-06
1.1,63,1000000,2,-0.0011560177475950693,-0.0006053709674481272,1.702851040983859e-06
1.1,63,50000,4,-0.014498540187518422,-0.0077454390913918635,0.00027019949428754795
1.1,63,200000,4,0.0013946595407738275,0.000907535513287412,2.7686959425493103e-06
1.1,63,1000000,4,0.0001855181036509664,0.0005014910801138472,2.8591027021600385e-07
1.1,63,50000,8,-0.0027860316127854873,-0.005573173074144506,3.882223026180943e-05
1.1,63,200000,8,0.003689493142832387,0.0010555517340543976,1.4726549114272449e-05
1.1,63,1000000,8,0.001199619145099991,0.0005782903454009991,1.77350581687444e-06
2.0,0,50000,1,0.004588418184073931,0.0009487916707652604,2.1953787066453842e-05
2.0,0,200000,1,-0.0008219598858765965,0.00035505530346398604,8.016823225081707e-07
2.0,0,1000000,1,0.001123554230285207,-0.0007616905569967331,1.8425466130097777e-06
2.0,0,50000,2,-0.00022403399992401476,-0.0016749473872206932,2.8556399830793802e-06
2.0,0,200000,2,-2.0527014285459038e-05,-0.0007124109718903629,5.079507511852469e-07
2.0,0,1000000,2,-0.0015190630113963636,0.0010928754676276945,3.5019292203350405e-06
2.0,0,50000,4,-0.004788777483663137,0.0013743145962950088,2.4821130397628552e-05
2.0,0,200000,4,-0.00347030456440173,-0.00018752841814793117,1.2078180677320544e-05
2.0,0,1000000,4,-0.001055083657805031,-6.761884981044305e-06,1.1132472480557403e-06
2.0,0,50000,8,-0.0016717464210188428,0.007343379563323317,5.671995950722387e-05
2.0,0,200000,8,0.0007749447024992418,0.0007748328451239694,1.2009052298145435e-06
2.0,0,1000000,8,-3.25351674354863e-07,-0.0006880415758080846,4.734013158941843e-07
2.0,1,50000,1,-0.001871678911519879,0.0016932549916362748,6.370294414529401e-06
2.0,1,200000,1,0.00044732356072769985,0.000738014856454993,7.447642963303921e-07
2.0,1,1000000,1,0.0006318037490409361,3.542347317496421e-05,4.0043079975395946e-07
2.0,1,50000,2,0.004631408110033138,-0.0010917567239281279,2.2641873825923003e-05
2.0,1,200000,2,0.0009620069386914078,-0.0009473361575683281,1.8229031455267378e-06
2.0,1,1000000,2,-0.0006768299926784069,0.0007470827050441563,1.0162314071651462e-06
2.0,1,50000,4,-0.0043947347125094524,0.007829571624179675,8.061588501149512e-05
2.0,1,200000,4,-0.00020675657562670095,0.001470040364688973,2.203766955379768e-06
2.0,1,1000000,4,-0.00027629514136293126,0.001001885977656719,1.0801145173659217e-06
2.0,1,50000,8,-0.001097276550152934,0.0017790735746726811,4.369118611614156e-06
2.0,1,200000,8,0.0010154335231155143,-0.0017265070151788599,4.011931713328603e-06
2.0,1,1000000,8,-0.0011830925422732748,0.0002621811322626784,1.4684469096971805e-06
2.0,2,50000,1,-0.006227195640050018,-0.006209736307922732,7.733879055339179e-05
2.0,2,200000,1,-0.0027631137894640915,0.0013444339690131934,9.44230051056318e-06
2.0,2,1000000,1,-0.00039116054333217064,-0.00017244187518047725,1.8274277097567824e-07
2.0,2,50000,2,0.005500378684481295,0.0033343246630758846,4.13718866314923e-05
2.0,2,200000,2,0.0012460148163764072,-0.0015734539261179211,4.028310180245431e-06
2.0,2,1000000,2,-0.0005315693024421393,-0.0006611094811945134,7.196316694241012e-07
2.0,2,50000,4,0.0012643071817995967,-0.0015782166976051472,4.089240594549734e-06
2.0,2,200000,4,0.00011502068098855102,-0.000685279941203465,4.828383548708945e-07
2.0,2,1000000,4,0.0012392230503750837,-0.0001265186411908436,1.5516807351497046e-06
2.0,2,50000,8,0.00556683627215902,0.0003977962275373972,3.1147907919668306e-05
2.0,2,200000,8,0.00040840222965826597,-0.0006911045375669287,6.444178630354415e-07
2.0,2,1000000,8,0.0007218557636484725,-0.0005457819233457866,8.189536513635454e-07
2.0,3,50000,1,0.0018796041113787923,-0.004390496805330876,2.280937381313268e-05
2.0,3,200000,1,0.0029865599173050377,-0.001369417573185457,1.079484462940222e-05
2.0,3,1000000,1,6.841726978099299e-05,-0.0007113788189472934,5.107407468511311e-07
2.0,3,50000,2,0.0013338937149354158,-0.00040695735490584874,1.9448867314561692e-06
2.0,3,200000,2,-0.0018989279208704538,-0.0010606243393269134,4.730851237834035e-06
2.0,3,1000000,2,0.00023187456629855942,-0.0001925876333966544,9.085581103346918e-08
2.0,3,50000,4,0.003239337409657344,-0.0016824297260701288,1.3323876636769963e-05
2.0,3,200000,4,0.0005621241835033312,-0.0022031848411515004,5.17000704195905e-06
2.0,3,1000000,4,0.00048395752550672974,0.0004009053791595545,3.949400095336631e-07
2.0,3,50000,8,0.0025581328750991566,-0.004297300940503291,2.501083917991355e-05
2.0,3,200000,8,0.0005950150879101287,-0.004868914994482254,2.4060376178334823e-05
2.0,3,1000000,8,7.713249469250234e-05,-0.000272530603711577,8.022235169688552e-08
2.0,4,50000,1,0.007898322895682005,0.0005659124338289684,6.27037614472168e-05
2.0,4,200000,1,0.0036177864558487234,-0.0004451765483418363,1.3286560999316018e-05
2.0,4,1000000,1,0.002011613744290062,-4.387073071302092e-05,4.048514497229978e-06
2.0,4,50000,2,-0.0009886831731755884,0.0022058176223882604,5.843125800159148e-06
2.0,4,200000,2,-0.00018089202531403566,-0.00020201235892901176,7.353091798227761e-08
2.0,4,1000000,2,-0.00020001494602923367,-0.00013628884244019002,5.858062720876419e-08
2.0,4,50000,4,0.0008751006460050375,0.0027059978283104887,8.088225387459513e-06
2.0,4,200000,4,0.002190216282699992,0.0014388137102972173,6.867232257943414e-06
2.0,4,1000000,4,-9.88236486022299e-05,-4.83253458389207e-06,9.789466913561526e-09
2.0,4,50000,8,0.0008506532120648479,-0.005125959562976627,2.6999072328467783e-05
2.0,4,200000,8,-0.0003793620274521825,0.0015460568414418958,2.5342073048419216e-06
2.0,4,1000000,8,-0.0011962446952802786,0.00013131169628640717,1.4482441325678206e-06
2.0,5,50000,1,-0.001099478409423663,-0.004510656740717228,2.1554877005366556e-05
2.0,5,200000,1,0.0019441748106022148,-0.0032620693491230476,1.4420912132668222e-05
2.0,5,1000000,1,0.0009073336928641642,-0.00037868562424612546,9.66657232217199e-07
2.0,5,50000,2,0.006987505335537805,0.00553588664987192,7.947127181439945e-05
2.0,5,200000,2,-0.0016098406173318948,0.004123137561457666,1.9591850163914602e-05
2.0,5,1000000,2,-0.0005990573735066829,0.0008766765536731275,1.1274315165129174e-06
2.0,5,50000,4,0.002258543577256321,0.003627006241721046,1.82561933678492e-05
2.0,5,200000,4,-0.002537929529038605,0.0012459355249070105,7.993441626591423e-06
2.0,5,1000000,4,-0.0014757108001913948,0.00034420512146054387,2.2961995314411943e-06
2.0,5,50000,8,0.0018347422162495685,0.0038781074442178287,1.8405996348986118e-05
2.0,5,200000,8,-0.0008049638136366679,0.0023038511623950874,5.955696919733684e-06
2.0,5,1000000,8,-0.0008526377759076098,0.00065444969831871,1.155295584534126e-06
2.0,6,50000,1,0.0024599290529476645,0.0008912013225086288,6.845490742777123e-06
2.0,6,200000,1,-0.0014109588074428065,9.735671616580118e-05,2.0002830864830154e-06
2.0,6,1000000,1,-0.0007999999376009834,-0.0005881223174052729,9.858877603917259e-07
2.0,6,50000,2,-0.0004268424896207056,0.0018717448822982798,3.6856234153554034e-06
2.0,6,200000,2,-0.000526459793875991,0.0001751451390606854,3.0783573430453774e-07
2.0,6,1000000,2,0.00024469446981503524,-0.0001865047726129937,9.465941376548565e-08
2.0,6,50000,4,0.0035031495098969937,0.0011005220254165264,1.348320521711844e-05
2.0,6,200000,4,-0.00017556622148011582,-0.00170160105380725,2.9262696444427486e-06
2.0,6,1000000,4,0.0004708725184221173,-0.00017363265476142046,2.518692274046858e-07
2.0,6,50000,8,-0.003320456249238105,-0.004618877665869408,3.235946059537161e-05
2.0,6,200000,8,-0.0017876202226972638,-0.0008791700914903041,3.968526110367286e-06
2.0,6,1000000,8,0.00026691710308270647,-0.0010999724582342221,1.2811841487919017e-06
2.0,7,50000,1,-0.00010654348064443586,-0.006168728411200253,3.806456172441703e-05
2.0,7,200000,1,-0.0004615521956105204,-0.0015209181631201177,2.526222488181565e-06
2.0,7,1000000,1,-2.6656685637846466e-05,0.0013348520320773435,1.7825405264302082e-06
2.0,7,50000,2,-0.004660592522711659,-0.0009217367776802534,2.2570721350084207e-05
2.0,7,200000,2,-0.001900019650696996,8.759810109329023e-05,3.6177481003498857e-06
2.0,7,1000000,2,-0.00018923353132766985,-4.9054287218858474e-05,3.8215652473290463e-08
2.0,7,50000,4,-0.00440428959489145,-0.0038707351305103587,3.438035728623614e-05
2.0,7,200000,4,-0.0026225959743446233,-0.0007232306032428331,7.401072150115617e-06
2.0,7,1000000,4,0.0003099984428410914,0.00010287905149617221,1.0668313380065347e-07
2.0,7,50000,8,-0.0012855242881548924,0.00037545611078609165,1.7935399865627607e-06
2.0,7,200000,8,-0.001287965247487465,-0.0002175040416476437,1.7061624868685069e-06
2.0,7,1000000,8,0.00043527217678549786,0.0008184276894071625,8.592857506719326e-07
2.0,8,50000,1,-5.77105678463795e-05,-0.00488542590039573,2.3870716737898585e-05
2.0,8,200000,1,-0.001194660957521576,-0.0024190101333628174,7.278824828738366e-06
2.0,8,1000000,1,0.0005066509467768028,-0.0008797226735672434,1.0306071642581293e-06
2.0,8,50000,2,0.0005288465809768899,0.004602285765045066,2.1460712969347394e-05
2.0,8,200000,2,0.0014878680851053284,0.002241377286750534,7.237523580236183e-06
2.0,8,1000000,2,0.0002821685849883701,0.001145963916028749,1.3928524071942849e-06
2.0,8,50000,4,0.0001474695227375807,0.003595646551256706,1.2950421381700693e-05
2.0,8,200000,4,-0.000359074223217887,0.00031335654250458595,2.2712662050995731e-07
2.0,8,1000000,4,-0.0002865135910746652,0.00029519745994092294,1.6923157822607325e-07
2.0,8,50000,8,0.0005024282464203769,0.007290239551944013,5.3400026867529886e-05
2.0,8,200000,8,-0.00011858369038482025,0.0010579020810599269,1.133218904736207e-06
2.0,8,1000000,8,-0.0002105399709430423,0.0010260529100112764,1.0971116535073057e-06
2.0,9,50000,1,0.001093704291575442,-0.0001836207289782698,1.2299056495210505e-06
2.0,9,200000,1,0.0010238910671496084,0.0017688371166474572,4.177137662618454e-06
2.0,9,1000000,1,0.0005673982804715261,-0.0005044942304010524,5.764552371899948e-07
2.0,9,50000,2,-0.0021484826090276492,-0.0003304654655795372,4.725184945234955e-06
2.0,9,200000,2,-0.0008423571892768151,-0.0014466320763139905,2.8023099985468626e-06
2.0,9,1000000,2,-0.0004148830215513994,0.0009764307656307206,1.1255449616418142e-06
2.0,9,50000,4,0.003081970284516278,0.0026438094193454403,1.6488269080461023e-05
2.0,9,200000,4,-0.0003045936471531891,-0.00012768490653031084,1.0908072524173569e-07
2.0,9,1000000,4,0.0005627159700307647,0.001683065141765688,3.1493575343544204e-06
2.0,9,50000,8,0.0014197230713702646,-0.00028000618296642935,2.0940170618804477e-06
2.0,9,200000,8,0.000742667818965377,-0.0005554441655076399,8.600737103232685e-07
2.0,9,1000000,8,0.0002206971594830784,0.0002145201679833704,9.472613867551281e-08
2.0,10,50000,1,-0.004926339737887417,0.00038368547276993294,2.4416037755103353e-05
2.0,10,200000,1,-0.0011550823511930631,-0.0007741003691614163,1.933446619573536e-06
2.0,10,1000000,1,2.9025149215740357e-05,0.0014434471867236698,2.0843822401474734e-06
2.0,10,50000,2,-0.0010313636238763906,-0.0008652072157390147,1.8122944508222985e-06
2.0,10,200000,2,0.0002514275266780341,0.0008777286080065261,8.336233104845075e-07
2.0,10,1000000,2,0.0007520037511269314,-0.00018387296574571904,5.993189092411021e-07
2.0,10,50000,4,-0.00054398230641673,-0.003976713269122297,1.6110165174507813e-05
2.0,10,200000,4,7.060832114107086e-05,-0.0002941429099116556,9.150558646565691e-08
2.0,10,1000000,4,-0.0004373511476962417,-0.0007880120001298869,8.122389387399246e-07
2.0,10,50000,8,-0.0036189148168222825,-0.0014952027951736075,1.5332175850110828e-05
2.0,10,200000,8,-0.0017521737012652602,0.0012336830891383436,4.5920866438315276e-06
2.0,10,1000000,8,-0.0006548068216012345,0.0005811558721275617,7.665141213238577e-07
2.0,11,50000,1,-0.0012112841587757937,0.0077632751772233,6.173565079059264e-05
2.0,11,200000,1,-0.003430736490852872,0.0010996738197981749,1.2979235379618988e-05
2.0,11,1000000,1,-0.0009936452408638922,-0.0007927741658564705,1.6158217427408853e-06
2.0,11,50000,2,-0.00019016914145692854,-0.0033927597154337573,1.1546982789032616e-05
2.0,11,200000,2,0.0005333752306242109,-0.0007198743246655548,8.027081799561187e-07
2.0,11,1000000,2,0.00028467603923318515,0.0008938672327610183,8.800390771173345e-07
2.0,11,50000,4,-0.0009371795277125425,-0.005486845196587084,3.098377567847426e-05
2.0,11,200000,4,-0.0011615628774297227,-0.00130372976265268,3.04893961224923e-06
2.0,11,1000000,4,-0.0006797875922204215,-0.0005952352762247727,8.164162045992195e-07
2.0,11,50000,8,-0.0009090272245265691,0.0005569556725353788,1.1365301160998138e-06
2.0,11,200000,8,0.0012499306691949035,0.00025471279723805523,1.6272052868708536e-06
2.0,11,1000000,8,0.0001233459723704537,-0.00013542760979718495,3.355486639539132e-08
2.0,12,50000,1,-0.00469350386480146,0.007937397007348182,8.503124978116612e-05
2.0,12,200000,1,-0.004170960653915473,0.0005530583709972514,1.7702786338241114e-05
2.0,12,1000000,1,-0.0012495815488257373,-3.4282544673777036e-05,1.5626293400350382e-06
2.0,12,50000,2,0.004111074204892602,-0.006735161650351911,6.226333357450444e-05
2.0,12,200000,2,0.0014685084420790685,0.0014511900144917273,4.262469502617993e-06
2.0,12,1000000,2,0.0008391673666264198,0.00029018533535703694,7.88409398066996e-07
2.0,12,50000,4,0.0016946955654730648,0.0005509190611270679,3.175504871547201e-06
2.0,12,200000,4,0.0016921432196043188,0.000572909128062233,3.1915735446698983e-06
2.0,12,1000000,4,0.0001399492137584725,0.0003927282790034946,1.738212835606613e-07
2.0,12,50000,8,0.004905150805142457,0.00160143895584234,2.662511115047909e-05
2.0,12,200000,8,0.0007339427902917848,-0.00010766279815472146,5.50263297527795e-07
2.0,12,1000000,8,-0.00045866937766239814,0.00019305670758215128,2.476484903476719e-07
2.0,13,50000,1,-0.005346957318537955,0.0013845604853617798,3.0506960303891845e-05
2.0,13,200000,1,0.0007006316341206241,-0.002424614982024565,6.369642497788516e-06
2.0,13,1000000,1,0.00030292814845835536,-0.0002442786329553385,1.5143751364693636e-07
2.0,13,50000,2,0.002145664495277187,-0.000646644780556333,5.0220255985138545e-06
2.0,13,200000,2,-6.692926198322518e-06,0.002660402607708438,7.077786830362953e-06
2.0,13,1000000,2,0.00030526561368985657,0.0011175008029834796,1.3419951395701665e-06
2.0,13,50000,4,0.0010467676556483933,-0.001638109131083747,3.7791240502515825e-06
2.0,13,200000,4,0.0002581100776161959,0.0004968972822989116,3.135277213230829e-07
2.0,13,1000000,4,0.00039578013811929425,0.001152959788755161,1.4859581922160732e-06
2.0,13,50000,8,-0.0032709979661876745,-0.003666794066684752,2.4144806422278406e-05
2.0,13,200000,8,-4.221382019528264e-05,-0.0009193120910833808,8.469167274275779e-07
2.0,13,1000000,8,1.9557973419769523e-05,6.580276610489605e-05,4.712518351344067e-09
2.0,14,50000,1,0.003397722797394237,0.000727257979083629,1.2073424376073324e-05
2.0,14,200000,1,-0.0016103031970133527,0.0006515670148525392,3.0176159611552737e-06
2.0,14,1000000,1,0.00018282130755458684,-0.0005158227384015783,2.9949672794807184e-07
2.0,14,50000,2,0.006554811394854015,-0.0019293430165392674,4.6687916897576875e-05
2.0,14,200000,2,0.0014074900059036866,-0.0015150592105262458,4.2764325281191704e-06
2.0,14,1000000,2,0.000652496928798894,0.000820180881837502,1.0984489210237316e-06
2.0,14,50000,4,0.002524597616942331,-0.002320053815983242,1.1756242836529297e-05
2.0,14,200000,4,-0.0010182040721808609,0.00032432481748135135,1.1419261198399996e-06
2.0,14,1000000,4,-5.501942321268995e-05,6.140329568562518e-05,6.797501651713402e-09
2.0,14,50000,8,0.004079568263829865,0.0005988496923820399,1.700149817331388e-05
2.0,14,200000,8,0.0008173128147506759,-0.0008116388630942513,1.3267578812406016e-06
2.0,14,1000000,8,-0.000141916518336807,0.0004204842946485141,1.969473402228997e-07
2.0,15,50000,1,-0.0061152374947540025,-0.003924290611744962,5.279618642267486e-05
2.0,15,200000,1,-0.002325052458218868,-0.0024826073501799696,1.1569208188637212e-05
2.0,15,1000000,1,-0.0005299736371732642,-0.00011719323835828466,2.946063112155604e-07
2.0,15,50000,2,-2.7804989408507767e-05,0.003952031088996806,1.561932284583329e-05
2.0,15,200000,2,0.0010882895728359888,0.0016762119058568565,3.994060547679813e-06
2.0,15,1000000,2,-0.00014207258922069896,0.00026511554805603676,9.04708744289262e-08
2.0,15,50000,4,0.0014843999087617082,-0.0001717817611040448,2.2329520625797746e-06
2.0,15,200000,4,0.0010578441942574546,0.0018751913403425358,4.635376902219841e-06
2.0,15,1000000,4,0.00010680541751610194,-0.0009922400969307773,9.959478071679876e-07
2.0,15,50000,8,-0.004169036418884214,-0.0003509033414368081,1.7503997817014424e-05
2.0,15,200000,8,-0.0006587473430464706,-0.00033166959043147973,5.439527791877699e-07
2.0,15,1000000,8,-0.0005712699691593582,-0.0018152936525286819,3.6216404225742566e-06
2.0,16,50000,1,-0.0007584897709083959,-0.0017029361995924237,3.475298432454958e-06
2.0,16,200000,1,-0.0003722409215653531,0.00010034480790758712,1.4863238416183387e-07
2.0,16,1000000,1,-0.0003774927202826937,0.00033550320875599704,2.550631569519981e-07
2.0,16,50000,2,1.6243882177687823e-05,0.010513371016898844,0.00011053123400267683
2.0,16,200000,2,0.0015855252000545302,0.004170224995684572,1.990466667464035e-05
2.0,16,1000000,2,0.000825189004411287,0.0004085249412927118,8.478295206595048e-07
2.0,16,50000,4,0.0007541110560826301,0.007250661836408111,5.31407805508511e-05
2.0,16,200000,4,0.0004915017566904751,0.001033464979578961,1.3096238408459653e-06
2.0,16,1000000,4,0.001440977198125392,-0.0005071261040477697,2.333592170923974e-06
2.0,16,50000,8,-0.0024241603672766243,-0.0003960258683588928,6.033389974684153e-06
2.0,16,200000,8,0.00029248310979926095,0.0015297475797367178,2.425674027228192e-06
2.0,16,1000000,8,0.00036448034825069703,-0.00015277776961765313,1.5618697115029408e-07
2.0,17,50000,1,-0.005171863049030147,-0.0013394948117114818,2.8542413748525386e-05
2.0,17,200000,1,-0.0008135516111297449,0.0016560221862416335,3.4042757052963226e-06
2.0,17,1000000,1,-0.0006562826770272492,4.262457220094229e-05,4.32523806321366e-07
2.0,17,50000,2,0.00095319859588378,-0.0037227739365877535,1.4767633346131888e-05
2.0,17,200000,2,0.0019117318267891305,0.0001583981399438109,3.6798085482961646e-06
2.0,17,1000000,2,0.0005063585564093362,9.084438772587261e-05,2.646516904302356e-07
2.0,17,50000,4,0.006492101940899235,-0.0058785946701676636,7.670526290715128e-05
2.0,17,200000,4,0.002205495905676358,-0.0017255755785109115,7.841823267108446e-06
2.0,17,1000000,4,0.0005374919181584856,-0.0013468295962507219,2.1028475234225705e-06
2.0,17,50000,8,0.006206426833117683,-0.0017054989357384051,4.1428460654648016e-05
2.0,17,200000,8,0.002368248420605382,0.0012952879094351292,7.2863713500287134e-06
2.0,17,1000000,8,0.00024821038273849146,-0.000680284597409572,5.243955275718919e-07
2.0,18,50000,1,-0.001247835596877037,0.002596933828318221,8.301158985497004e-06
2.0,18,200000,1,0.0007345671330640195,-0.0017991045484878818,3.776366049367678e-06
2.0,18,1000000,1,0.0003483967571837453,-0.0008736460273131574,8.846376814562118e-07
2.0,18,50000,2,0.0025876115822687624,-0.0031166024044882077,1.6408944248353128e-05
2.0,18,200000,2,-0.001395514740289805,0.0024452778760258183,7.926845281347458e-06
2.0,18,1000000,2,0.00027032890924470423,0.00011038939521694357,8.52635377497941e-08
2.0,18,50000,4,-0.0021831782291414146,-0.0021574053216751946,9.42066490218949e-06
2.0,18,200000,4,-0.0005897851925286161,-0.0005538471100865998,6.54593194677295e-07
2.0,18,1000000,4,0.0007338591742923532,-0.0004240079312908492,7.183320134906e-07
2.0,18,50000,8,0.0027407687803647995,-0.0038725589749720427,2.2508526522058865e-05
2.0,18,200000,8,0.002517359719690721,-0.0028351798238389907,1.4375344591825035e-05
2.0,18,1000000,8,0.001433025115473277,-0.0005018211783844616,2.3053854766523685e-06
2.0,19,50000,1,0.0020987094851097733,-0.004608231969726688,2.5640383389700838e-05
2.0,19,200000,1,-0.00044550481658113674,-0.0024311014269380728,6.108728689657325e-06
2.0,19,1000000,1,-0.00011498782228165154,0.000248335131710751,7.489253691487272e-08
2.0,19,50000,2,-0.004657525352228558,0.0023718798894759147,2.731835661675203e-05
2.0,19,200000,2,-0.001654852541531321,0.0004412871334681554,2.9332712683772137e-06
2.0,19,1000000,2,-0.0006693240875340878,-0.00040895031659530313,6.152350955967379e-07
2.0,19,50000,4,0.002389906451981068,0.0012031245491267333,7.159161529932141e-06
2.0,19,200000,4,-0.002124765842536892,0.0006492634509402072,4.936172914338296e-06
2.0,19,1000000,4,-0.0013964803904684905,0.0004719488066295242,2.17289315704206e-06
2.0,19,50000,8,-0.0008905665945895445,0.003058986419826416,1.0150506776081253e-05
2.0,19,200000,8,-0.0018324464164962832,-0.000193506055835305,3.3953044629750054e-06
2.0,19,1000000,8,-0.0008605852231834837,-0.00032109425866752844,8.437084493110162e-07
2.0,20,50000,1,-0.0030767421194669428,0.0008312747782031057,1.015735982657856e-05
2.0,20,200000,1,-0.001175615534457206,0.0020700628745928097,5.66723218962455e-06
2.0,20,1000000,1,-0.0022804909049468727,0.0001097214462147221,5.212677563304856e-06
2.0,20,50000,2,0.0011479470681808983,-0.00251989836039718,7.667670218077515e-06
2.0,20,200000,2,0.001590753964213735,-0.0021591121056026403,7.192263259221581e-06
2.0,20,1000000,2,0.0013903843808398696,-0.00012072949091981771,1.947744336461226e-06
2.0,20,50000,4,0.004196184452762545,-0.012280053906289962,0.00016840768790299341
2.0,20,200000,4,0.001905145711706778,-0.003358316534634106,1.4907870129631555e-05
2.0,20,1000000,4,0.0010682919545246781,0.0005672907517072003,1.4630664970746773e-06
2.0,20,50000,8,-0.004519304197324971,-0.003947736578271233,3.600873451937976e-05
2.0,20,200000,8,-0.0029151071175482716,-0.00032847065210474507,8.605742476074708e-06
2.0,20,1000000,8,0.00015602875806105903,-0.0010077216823693666,1.039847962459423e-06
2.0,21,50000,1,0.0013083017138164276,-0.0013619803428547301,3.5666438286976905e-06
2.0,21,200000,1,-0.001835212043990136,-0.0004722685706583855,3.5910408492381673e-06
2.0,21,1000000,1,0.00041184487527125394,-0.0007862171756601071,7.877536485901505e-07
2.0,21,50000,2,0.002174339205103419,-0.00287378035311209,1.2986364496782816e-05
2.0,21,200000,2,0.0018956810463717012,-0.002021935794866552,7.681830988135541e-06
2.0,21,1000000,2,0.00030954320426479146,0.000294380965415156,1.8247714810527363e-07
2.0,21,50000,4,9.253832415780623e-05,0.001571260403549345,2.477422597199986e-06
2.0,21,200000,4,0.0004913742666335633,0.0014257393331605,2.274181316030619e-06
2.0,21,1000000,4,0.00020327539517190396,0.0006808673870484878,5.049012850285292e-07
2.0,21,50000,8,0.0019634232991407345,-0.0016290436117670612,6.508814140647757e-06
2.0,21,200000,8,0.0021690941845669684,-0.0003598998315409177,4.8344974702654216e-06
2.0,21,1000000,8,0.0003042468995929852,-0.0006221816654405647,4.796762007223387e-07
2.0,22,50000,1,-0.004148074085337218,0.0010992323755288499,1.8414830432856998e-05
2.0,22,200000,1,-0.002921241467074059,0.0022262617368088333,1.3489893029732081e-05
2.0,22,1000000,1,0.00020477875857265258,0.0010395840474442199,1.1226693316630628e-06
2.0,22,50000,2,0.005888746882626029,-0.0010481013196436996,3.577585622387663e-05
2.0,22,200000,2,0.0021304692462322757,-0.0012573607399099325,6.1198552394083745e-06
2.0,22,1000000,2,5.549057325005301e-05,2.190140301984493e-05,3.558875173857171e-09
2.0,22,50000,4,0.005390520227697984,0.003253073585089135,3.964019607522581e-05
2.0,22,200000,4,0.0018607082395542538,0.0016853336608586747,6.3025847011683934e-06
2.0,22,1000000,4,0.00028953644102957366,0.0005116605960218956,3.4562791620555326e-07
2.0,22,50000,8,0.006140981066821849,0.0038047500909317274,5.21877717175094e-05
2.0,22,200000,8,-0.000188572451460171,-0.0008704996024337831,7.933291272870732e-07
2.0,22,1000000,8,0.000495142176546123,0.00010187792419480391,2.555448864330742e-07
2.0,23,50000,1,0.004066387227252903,0.009861457981752794,0.00011378385860784143
2.0,23,200000,1,0.0010849799552086453,0.0038479812996667444,1.598414158578952e-05
2.0,23,1000000,1,0.0011955749803615038,0.0009608851451868598,2.352699795907183e-06
2.0,23,50000,2,-0.0031910847828057766,0.0007847999874299152,1.0798933111324586e-05
2.0,23,200000,2,-0.0028097529292083383,-0.00020559094227072677,7.936979158738602e-06
2.0,23,1000000,2,-0.0013638327118448085,-0.00020022978767399947,1.9001316337699397e-06
2.0,23,50000,4,-0.0014143129332526735,0.0005437592872472553,2.2959552356334244e-06
2.0,23,200000,4,-0.00158163109194909,-0.0006663101886897289,2.945526178571813e-06
2.0,23,1000000,4,-0.0012234130757415535,0.00043215581623124024,1.6834982033978978e-06
2.0,23,50000,8,0.0049984578104472445,0.0029278867116343003,3.3557101078985775e-05
2.0,23,200000,8,0.001516835156952957,-0.0005788492239675356,2.63585531745632e-06
2.0,23,1000000,8,-0.0003266411964517182,0.00012086313197977747,1.2130236789137106e-07
2.0,24,50000,1,0.007128013190369802,-0.003653950611798738,6.415992711555026e-05
2.0,24,200000,1,0.0027773866596245297,-0.001802992625543288,1.0964659064823784e-05
2.0,24,1000000,1,-0.00021085611888424236,-0.0001393212368415829,6.387070990599419e-08
2.0,24,50000,2,-0.0044058064982169555,-0.005999733901633843,5.540793779014521e-05
2.0,24,200000,2,-0.0007341417439687471,-0.0008633046291805238,1.2842589830019949e-06
2.0,24,1000000,2,0.0006269444753885876,0.00020992969696405323,4.3712985288769047e-07
2.0,24,50000,4,-0.001773139080358534,8.935994351105116e-05,3.1520073977990067e-06
2.0,24,200000,4,-0.0006648424250511477,2.685787884208466e-06,4.420226636044499e-07
2.0,24,1000000,4,0.0008113454172956397,0.00016468099562681502,6.854012164872748e-07
2.0,24,50000,8,0.003256220361612272,0.001080978026558033,1.1771484537279655e-05
2.0,24,200000,8,-0.0003348961934871888,-7.924261004106326e-05,1.1843485165832861e-07
2.0,24,1000000,8,-0.0005073493641052245,0.0001509006179268921,2.801743737486935e-07
2.0,25,50000,1,0.009104044703276555,-0.009166804566150379,0.00016691393591325334
2.0,25,200000,1,0.0032703572542604415,-0.004197781746709685,2.8316608163502906e-05
2.0,25,1000000,1,-0.00025909216652786424,-0.0007503081084765405,6.300910084017466e-07
2.0,25,50000,2,-0.0022801399136368273,0.009305177742985537,9.178537085431316e-05
2.0,25,200000,2,0.0007085597580670376,0.0039462497413464605,1.6074943951829024e-05
2.0,25,1000000,2,0.0001018860621433264,0.0006343794055584529,4.1281799985576983e-07
2.0,25,50000,4,0.0017416563473965242,0.006549169941982388,4.592499376139218e-05
2.0,25,200000,4,0.00050909995326718,0.002191869589417071,5.063475059428005e-06
2.0,25,1000000,4,-0.0010959757350802021,0.00014186636296372165,1.221288876825144e-06
2.0,25,50000,8,0.005976175691811776,0.003857499236452126,5.0594976258630696e-05
2.0,25,200000,8,8.421026802999975e-05,0.0014814720213348657,2.2018507192396973e-06
2.0,25,1000000,8,-0.00062575518738032,0.0005574244691782085,7.02291593371987e-07
2.0,26,50000,1,0.0037158044870146604,-0.002444657098932,1.978355131707691e-05
2.0,26,200000,1,-0.001200382704282407,-0.00036794765657688176,1.5763041147207636e-06
2.0,26,1000000,1,-0.000862567689825079,-0.0007259951394426796,1.2710919620245697e-06
2.0,26,50000,2,-0.0045106054765993156,-0.0015168520756405764,2.2646401984902867e-05
2.0,26,200000,2,-0.0015173196227220088,0.0010356539500051413,3.3748379416585115e-06
2.0,26,1000000,2,0.0018291202025307986,0.000436186314509761,3.5359392162719178e-06
2.0,26,50000,4,0.001756426508468568,0.0007248546860215817,3.6104483954985302e-06
2.0,26,200000,4,-0.00011031910502765314,0.000302465957213257,1.0365596020703415e-07
2.0,26,1000000,4,0.0004624260940281881,0.0007004503191981079,7.044685421028979e-07
2.0,26,50000,8,-0.0028848881283702935,0.000562363945901832,8.638832720862133e-06
2.0,26,200000,8,-0.0003503983308100935,-0.0012144585915678388,1.5976886608674385e-06
2.0,26,1000000,8,-0.00042280549285384774,8.384773172293083e-05,1.857949269024657e-07
2.0,27,50000,1,0.006654108062131452,0.0020048507972732126,4.829658082184983e-05
2.0,27,200000,1,0.002828117078875071,0.00010651225245497886,8.009591071747901e-06
2.0,27,1000000,1,0.000989200213963808,0.00019947203337508472,1.0183061554048346e-06
2.0,27,50000,2,-0.0031927910903912387,-0.0017817742541603174,1.336863443967023e-05
2.0,27,200000,2,0.0019787945922711027,0.0010565750878099348,5.03197895458193e-06
2.0,27,1000000,2,0.00013733017328976108,0.0007273307966410367,5.478696642382808e-07
2.0,27,50000,4,0.002279363321271728,0.00460754529238851,2.6424970771770404e-05
2.0,27,200000,4,0.00202159139096377,0.0013370320358601679,5.874486416935217e-06
2.0,27,1000000,4,-0.0003646705153852947,-0.0005521312562787828,4.378335089513634e-07
2.0,27,50000,8,-0.004212601555632782,0.003218555998006708,2.810511457882469e-05
2.0,27,200000,8,-0.0009163718305145315,-0.0006390202932193168,1.248084266906655e-06
2.0,27,1000000,8,-6.47579191743603e-05,-0.0006421701818592924,4.1657613056498975e-07
2.0,28,50000,1,-0.0017540619045333195,0.0005118001274253128,3.3386725353676224e-06
2.0,28,200000,1,-0.003070036693381828,0.0021643373524485076,1.4109481473914642e-05
2.0,28,1000000,1,0.0009690557713783874,0.0008078579380540828,1.591703536118756e-06
2.0,28,50000,2,0.0017561096117782366,0.002923070125746575,1.1628259928612006e-05
2.0,28,200000,2,0.0004499806856022274,-0.002631465492564256,7.127093255971492e-06
2.0,28,1000000,2,-0.0007196725933191307,-0.00047960484758761805,7.479494514042251e-07
2.0,28,50000,4,-0.0007078559439357081,-0.0022293278986569446,5.4709629170952995e-06
2.0,28,200000,4,0.004043166306716366,-0.001986971749631888,2.029525051760166e-05
2.0,28,1000000,4,0.0004262526248541846,-0.0002873292340417862,2.6424938893012175e-07
2.0,28,50000,8,-0.0032008221684027174,-0.0037562484722278053,2.4354665138851997e-05
2.0,28,200000,8,-8.399959522836849e-05,-0.0023678221306268673,5.613637574284887e-06
2.0,28,1000000,8,-0.0001306802478694526,0.00022154240311688788,6.615836356202724e-08
2.0,29,50000,1,0.0015405429383862923,0.002078972714297616,6.695400091805869e-06
2.0,29,200000,1,0.0020524881453691354,0.0012526802966025675,5.7819155123771296e-06
2.0,29,1000000,1,0.0009564200489649061,-0.000806063603648731,1.5644778431892115e-06
2.0,29,50000,2,-0.00027954205206170545,-0.002359723228432796,5.646437473676167e-06
2.0,29,200000,2,0.0002901423847535323,-0.0015497658977331069,2.48595694120697e-06
2.0,29,1000000,2,-1.6619012662416076e-05,0.0005636154469573787,3.179385636308394e-07
2.0,29,50000,4,-0.0026158588531908916,-0.0006510231539952652,7.266548686855109e-06
2.0,29,200000,4,0.00032512487892675824,-0.0008209783497228423,7.797116376107806e-07
2.0,29,1000000,4,-0.00041414920190437944,0.001007587049216798,1.186751223187449e-06
2.0,29,50000,8,0.0028775719453977304,0.004406145332438944,2.7694536991513565e-05
2.0,29,200000,8,0.0030882411840642554,0.0017875948351181623,1.2732728905491723e-05
2.0,29,1000000,8,-6.21047605385513e-05,0.0009603601078166847,9.261485379672251e-07
2.0,30,50000,1,-0.011705887574767485,-0.0031373198968246744,0.00014687058004810778
2.0,30,200000,1,-0.0029370392815789696,0.0003936106559666636,8.781129090028417e-06
2.0,30,1000000,1,-0.0015094951440616444,-0.00023291943303538665,2.3328270522312097e-06
2.0,30,50000,2,-2.7270709046016536e-05,0.004370104305847935,1.9098555335562538e-05
2.0,30,200000,2,-0.0005196495350112675,0.0009039822838198783,1.0872196086976296e-06
2.0,30,1000000,2,0.00040890041765770006,9.188488274091094e-05,1.756423832369525e-07
2.0,30,50000,4,-0.00018792307075715458,0.003696398877717961,1.3698679743717398e-05
2.0,30,200000,4,-0.0006518776398675523,0.0007782989520429338,1.0306937161104194e-06
2.0,30,1000000,4,-0.00035180173898284605,0.000302316723458612,2.1515986483410546e-07
2.0,30,50000,8,-0.001725067448509682,-0.0003503329755092948,3.0985908956368997e-06
2.0,30,200000,8,-0.0020526338462623366,-4.287040863524762e-05,4.2151435787582664e-06
2.0,30,1000000,8,-0.0003412185634192103,0.00037518244879661933,2.5719197790689744e-07
2.0,31,50000,1,-0.000148349635490492,-0.000732351881774393,5.583468930886564e-07
2.0,31,200000,1,0.0004918947373692508,0.0014007069452283344,2.2039403790624566e-06
2.0,31,1000000,1,0.0007294888879471167,-0.0004162097088229215,7.053845593567819e-07
2.0,31,50000,2,-0.0010962011597869632,0.0015452055794800072,3.589317265574428e-06
2.0,31,200000,2,-0.0005801833697138795,0.0014800411688239115,2.5271346039062026e-06
2.0,31,1000000,2,0.0006410599608487808,0.0008811098624894413,1.1873124631796026e-06
2.0,31,50000,4,-0.0036685070260608554,0.0023770267188585265,1.9108199822425195e-05
2.0,31,200000,4,-0.002043896964257567,0.0019805978916300486,8.100282808830692e-06
2.0,31,1000000,4,0.0004201367258701709,0.00041669499097372946,3.501495839275037e-07
2.0,31,50000,8,-0.0008862365227755354,-0.0014951674069293539,3.0209407490451207e-06
2.0,31,200000,8,-8.917644686916454e-05,0.0018302953551948874,3.357933525924188e-06
2.0,31,1000000,8,-0.0004547904145838545,0.0005038985909543486,4.6074811116313216e-07
2.0,32,50000,1,-0.003125013134491917,0.003981378492579384,2.5617081791920685e-05
2.0,32,200000,1,-0.0006947145463899654,-0.000968020572386063,1.4196921295284565e-06
2.0,32,1000000,1,6.817651073962219e-06,-7.333778239657328e-05,5.424910693013431e-09
2.0,32,50000,2,0.003252321050745748,-0.001387552705122217,1.250289472661591e-05
2.0,32,200000,2,0.000559952642983515,-0.0002992667281703149,4.0310753697398897e-07
2.0,32,1000000,2,-0.000857500731934843,0.00139095399521574,2.670060522075421e-06
2.0,32,50000,4,-0.004679624928568465,-0.00039567884447932116,2.20554512200479e-05
2.0,32,200000,4,-0.0012535083899826462,-0.001084085809238525,2.746525325549233e-06
2.0,32,1000000,4,-0.0002664710449596251,0.0007133031771932706,5.798082403958889e-07
2.0,32,50000,8,0.000637506501525096,0.0019456483557013936,4.191962063530303e-06
2.0,32,200000,8,-0.002219523258679165,0.0007190420857447129,5.443305016889887e-06
2.0,32,1000000,8,0.0003527615182589713,0.00041995492699159,3.008028294688863e-07
2.0,33,50000,1,-0.00459544326757749,-0.004897444011607714,4.510305667235554e-05
2.0,33,200000,1,-0.0005174390476259698,-0.0005244105859622712,5.427496306773632e-07
2.0,33,1000000,1,-0.000657820244953465,1.8182795547699386e-05,4.3305808872456605e-07
2.0,33,50000,2,0.0004309535878164734,0.005487106594882411,3.0294059778453934e-05
2.0,33,200000,2,7.942011889489829e-05,0.0009395115165157174,8.88989444950943e-07
2.0,33,1000000,2,-0.000463012929006492,-0.00022369214396862993,2.64419147700453e-07
2.0,33,50000,4,-0.0035581318168718882,0.00349075694847836,2.4845686099586e-05
2.0,33,200000,4,-0.000802373254877802,0.0011189332130119068,1.8958143753243474e-06
2.0,33,1000000,4,-0.0003414966993934292,-0.00011549061865442637,1.2995807869378825e-07
2.0,33,50000,8,-0.0030223123603138223,0.0038680114181029123,2.4095884333880215e-05
2.0,33,200000,8,-0.0010706429303775468,0.0028396596201859356,9.209943042881953e-06
2.0,33,1000000,8,-0.0011930478014452793,0.0003785523177631835,1.5666649138172926e-06
2.0,34,50000,1,-0.0015748331313554143,-0.0025155427157385153,8.808054546319804e-06
2.0,34,200000,1,-0.0003347732845209817,0.00047409220534133287,3.368365711943748e-07
2.0,34,1000000,1,0.0007921756816823213,-0.00010633858708725432,6.388502057525638e-07
2.0,34,50000,2,0.0024152026915446323,-0.004173679459257463,2.3252804269872106e-05
2.0,34,200000,2,0.0019391456783770774,-0.0021798668817509977,8.512105584123314e-06
2.0,34,1000000,2,0.0006884209652748728,-0.0012919242298575402,2.142991641122986e-06
2.0,34,50000,4,-0.0018944022875835344,-0.004350438864942361,2.2515078344802705e-05
2.0,34,200000,4,-0.0035492726925491526,-0.0032743980575967433,2.3319019285668438e-05
2.0,34,1000000,4,-0.00045838602295638915,-0.0013730062023737985,2.095263777798695e-06
2.0,34,50000,8,-0.00020840538513155216,-0.0021501255980828555,4.6664728920829885e-06
2.0,34,200000,8,-0.0034637548703338127,-0.0008326703883527077,1.2690937777400656e-05
2.0,34,1000000,8,-0.0005949303894718135,-0.0013132963957019,2.0786895912806853e-06
2.0,35,50000,1,-0.0017453580799012235,9.695627858147642e-05,3.055675347032854e-06
2.0,35,200000,1,-0.0005650816441553538,0.00014645159357356465,3.407653338215544e-07
2.0,35,1000000,1,-9.045673828953337e-05,0.0012097666479631397,1.4717177640259521e-06
2.0,35,50000,2,-0.002411755343436322,0.002541864596049676,1.2277639461244435e-05
2.0,35,200000,2,0.0008362473079623012,0.000735524345540448,1.2403056229569002e-06
2.0,35,1000000,2,0.00023729042587932717,-0.0009944543167421758,1.04524613430114e-06
2.0,35,50000,4,8.074562453596372e-05,0.0012494421662170008,1.5676255826027343e-06
2.0,35,200000,4,-0.0001733228606202846,0.001597033524267585,2.580556891648142e-06
2.0,35,1000000,4,0.00039183254066197667,-0.0004291241884521248,3.3768030903631437e-07
2.0,35,50000,8,0.002185435869656172,0.003643593502531897,1.805190355207248e-05
2.0,35,200000,8,0.0011742633182005506,0.0016233399432900957,4.014126911952459e-06
2.0,35,1000000,8,-0.0002096608351564704,0.000589146811420569,3.9105163120553205e-07
2.0,36,50000,1,0.007391806423357267,0.004532400470971149,7.518145622964523e-05
2.0,36,200000,1,0.0015907740600952568,0.000715192843029936,3.042062912993191e-06
2.0,36,1000000,1,0.0008516872354576685,6.319919807470578e-05,7.293652856788118e-07
2.0,36,50000,2,-0.004315372498439559,0.002619725204899797,2.548539994947576e-05
2.0,36,200000,2,0.0007976418968756432,0.00025084881010643963,6.991577211831907e-07
2.0,36,1000000,2,8.795763035581316e-05,-0.0010076767608144727,1.0231489990233582e-06
2.0,36,50000,4,0.0012937282474037807,-0.004341710809492273,2.0524185531392508e-05
2.0,36,200000,4,-0.0005636864697480942,-0.0035185265820291195,1.2697771744622586e-05
2.0,36,1000000,4,-6.937427356163674e-05,-0.001564824873689986,2.4534896751510855e-06
2.0,36,50000,8,0.0008732484947377569,-0.0018465142454211038,4.172177792104827e-06
2.0,36,200000,8,-0.000833807430530367,-0.0003748962953234499,8.357820634549e-07
2.0,36,1000000,8,-0.0004195769864701457,0.0006033864205762285,5.401200201111622e-07
2.0,37,50000,1,0.0021708428276536774,-0.00179330624038871,7.928505854192504e-06
2.0,37,200000,1,0.0014205202511212327,-0.0009404018294889932,2.9022333847517755e-06
2.0,37,1000000,1,-0.0004289688287822394,0.0004674620138100105,4.025349904221167e-07
2.0,37,50000,2,-0.00017487990955795995,-0.00011401995466458559,4.35835328287144e-08
2.0,37,200000,2,0.001693306421122308,-8.135316429165137e-05,2.8739049731543034e-06
2.0,37,1000000,2,0.001339846460455202,-0.0012271428063699227,3.3010680048197835e-06
2.0,37,50000,4,-0.0006677025573131087,0.0006373856613990063,8.520871863995138e-07
2.0,37,200000,4,0.0006536985019759929,0.0010586749218308748,1.5481143215992663e-06
2.0,37,1000000,4,0.0006233510632440393,-0.0009661239586740228,1.3219620515714392e-06
2.0,37,50000,8,0.002898773231327525,-0.0010257438490049776,9.455036690432568e-06
2.0,37,200000,8,-0.0016052915246306566,0.0006725387224258225,3.0292692122131754e-06
2.0,37,1000000,8,-0.0010677333425063462,-0.001367132988472731,3.0091070988701547e-06
2.0,38,50000,1,0.0023973604912091765,0.000509824890164428,6.007258743441876e-06
2.0,38,200000,1,0.0027254425157308836,-0.00023958525086486827,7.485437998985469e-06
2.0,38,1000000,1,-9.741043124560379e-05,-0.000434369804148703,1.981659188716371e-07
2.0,38,50000,2,-0.0012029473484858014,0.003982649119565803,1.7308576332807285e-05
2.0,38,200000,2,0.0015896505947724246,0.003678287468402258,1.6056787713665417e-05
2.0,38,1000000,2,0.0009068001230284549,0.0014122097496839976,2.81662284022696e-06
2.0,38,50000,4,-0.0002520725761733325,0.0008671126085777491,8.154248596131693e-07
2.0,38,200000,4,0.000991234375124316,0.0009311039490782498,1.8495001504172054e-06
2.0,38,1000000,4,0.0008084746605313924,0.0005053539173571821,9.090138585095998e-07
2.0,38,50000,8,-5.3090608892471e-05,0.005227323277976913,2.7327727265231877e-05
2.0,38,200000,8,-0.000753557245221058,0.002975287998359039,9.420187195004487e-06
2.0,38,1000000,8,3.340984240966934e-05,0.0005680923314256575,3.2384511459447805e-07
2.0,39,50000,1,0.006115466079177528,0.0020774940012539328,4.171490669081705e-05
2.0,39,200000,1,0.000761190957573579,0.0015611576587569423,3.0166249093872403e-06
2.0,39,1000000,1,0.0008807500128241177,0.0025226315040673534,7.139390290402801e-06
2.0,39,50000,2,-0.005620660716111917,-0.0011144606713711042,3.2833849473676665e-05
2.0,39,200000,2,-0.000440627828707177,-0.0008743682485688628,9.586727175365819e-07
2.0,39,1000000,2,-0.0008220159500020284,-0.0011347517297767367,1.9633717102890333e-06
2.0,39,50000,4,-0.00148813625223013,-0.0033688592359665355,1.3563762056958566e-05
2.0,39,200000,4,0.0010611564699154398,-0.002182653701140238,5.890030232744578e-06
2.0,39,1000000,4,-0.0003610713245310608,-0.0007324175340822385,6.668079456297214e-07
2.0,39,50000,8,-0.0007869347310539888,0.0031325239513310616,1.0431972576601783e-05
2.0,39,200000,8,0.0008621767265571318,0.000548324048028785,1.0440079694634448e-06
2.0,39,1000000,8,0.0003019788739933807,-0.00017900366246190533,1.2323355151308583e-07
2.0,40,50000,1,0.003343965390255721,0.005226801633549286,3.850155984770157e-05
2.0,40,200000,1,-0.0013503095418832588,0.0008295752148710294,2.5115308960292907e-06
2.0,40,1000000,1,-0.0006241069912551195,-0.0006462378434718304,8.071328868686398e-07
2.0,40,50000,2,-0.0020241798069850435,-0.0010503776501989406,5.200597099043456e-06
2.0,40,200000,2,0.00046080200539357525,-0.0026737795572344954,7.361435608859836e-06
2.0,40,1000000,2,0.0010338720344498934,-0.0006369794777020229,1.4746342386311032e-06
2.0,40,50000,4,-0.0011262983503327214,0.003291967396327942,1.2105597312448379e-05
2.0,40,200000,4,-0.0017973143290981825,-2.5183205771945936e-05,3.2309729914346025e-06
2.0,40,1000000,4,-0.00039172230086005844,0.00010683325809288082,1.648597060258382e-07
2.0,40,50000,8,-0.004746235522703175,-0.0006091140039845264,2.2897771506819545e-05
2.0,40,200000,8,-0.0009747247876028254,-0.002373079720308343,6.581595770506097e-06
2.0,40,1000000,8,0.0008098330104740968,-0.0016561592708057985,3.3986930351295325e-06
2.0,41,50000,1,0.0015407282119435357,0.0017125542250044721,5.306685396659392e-06
2.0,41,200000,1,-0.0028134157204957873,-0.00032005660699690964,8.017744248015204e-06
2.0,41,1000000,1,-0.0010102023959395042,0.00021328733893801987,1.0660003697131763e-06
2.0,41,50000,2,0.0013424339728261578,0.0006591531494897736,2.236611845880109e-06
2.0,41,200000,2,0.0003730598447468503,-0.0007702510699703593,7.324603585530273e-07
2.0,41,1000000,2,0.0002569615827969867,-0.000643639569442403,4.803011503855345e-07
2.0,41,50000,4,0.0031873515213766833,0.0014481806564487427,1.2256436934534568e-05
2.0,41,200000,4,-7.662569615775723e-05,-0.0006962301339824473,4.906078967768775e-07
2.0,41,1000000,4,-0.00017109315743872865,0.00013254319153544012,4.6840566144753957e-08
2.0,41,50000,8,0.000802408434518722,-0.00034275585791276864,7.613408739203042e-07
2.0,41,200000,8,-0.0013959882776480974,0.0015052232801024037,4.214480394293141e-06
2.0,41,1000000,8,-0.0013159558251924152,0.0011697493219866473,3.1000532101460718e-06
2.0,42,50000,1,-0.004328194090260008,0.004466101461596049,3.867932634823203e-05
2.0,42,200000,1,-0.0015357956738244769,0.0002179549144246815,2.406172696459849e-06
2.0,42,1000000,1,-0.001132709083703455,0.0009344046991999704,2.156142010191308e-06
2.0,42,50000,2,0.002829459981720353,-0.0022405660977592367,1.3025980226584995e-05
2.0,42,200000,2,0.0038100984952663826,0.0002748016461206005,1.4592366488341745e-05
2.0,42,1000000,2,0.0005918366582444359,0.00014797469047841716,3.7216713906412466e-07
2.0,42,50000,4,-0.002344436745136673,-0.003359136032613242,1.678017853754767e-05
2.0,42,200000,4,0.0001638560531922809,-0.00178931103108857,3.228482772142992e-06
2.0,42,1000000,4,0.0003145439207164488,0.0004003288073763281,2.592010320750289e-07
2.0,42,50000,8,0.0023795540663668,0.005423237845208225,3.507378628046152e-05
2.0,42,200000,8,0.0023161834082874276,0.005175764373034573,3.215324242599993e-05
2.0,42,1000000,8,0.0003359589166323989,0.001534679003757158,2.4681080382378785e-06
2.0,43,50000,1,0.00024222244208156282,-0.0041406853325069715,1.7203946734286322e-05
2.0,43,200000,1,0.00376475587499943,-0.003970158209443548,2.9935543006354725e-05
2.0,43,1000000,1,-0.0007714195686063128,-0.0013562050937488503,2.4343804071390774e-06
2.0,43,50000,2,-0.0024206179039109464,0.005350614586251178,3.4488467487338085e-05
2.0,43,200000,2,-0.0021111260919608184,0.0018309406034924586,7.809196869675087e-06
2.0,43,1000000,2,0.00023205992461185391,-0.00037521695703287666,1.9463957345587095e-07
2.0,43,50000,4,-0.0018316948596962487,0.004372475801020449,2.247365068954708e-05
2.0,43,200000,4,-0.0025330924521933004,-0.0008157026889942793,7.081928248191166e-06
2.0,43,1000000,4,-0.0005836165470265433,0.0005541095168494092,6.476456306262712e-07
2.0,43,50000,8,-0.0021486396693719254,-0.00035528687309833887,4.742881190994692e-06
2.0,43,200000,8,0.00037367262746016057,-0.0003964826517353566,2.9682972564008003e-07
2.0,43,1000000,8,0.0004405462109696298,-0.0004337279370112823,3.8220088734376044e-07
2.0,44,50000,1,0.0029622136813279463,-0.00029190879715638876,8.859920639703754e-06
2.0,44,200000,1,0.0013290401524252884,0.00048766353416598005,2.0041634493138885e-06
2.0,44,1000000,1,-0.0001902254826094947,0.0004975907949344735,2.8378233343753647e-07
2.0,44,50000,2,-0.002882259402727736,0.0051136830493245765,3.445717359356195e-05
2.0,44,200000,2,-0.0005151903335238119,0.001613318969140602,2.8682191759452715e-06
2.0,44,1000000,2,-0.000327973443786215,0.0004830551417665337,3.4090884981607544e-07
2.0,44,50000,4,0.0001145879639825574,0.0018277176794350193,3.3536823172089993e-06
2.0,44,200000,4,-1.4307536336014267e-05,0.0011200928256377388,1.25481264364114e-06
2.0,44,1000000,4,-0.00024499458780850413,0.00017521775373773463,9.072360928035626e-08
2.0,44,50000,8,-0.003917746756342462,0.002051845292002995,1.955880874914674e-05
2.0,44,200000,8,-0.00119576396716068,0.002371820820118273,7.055385467906366e-06
2.0,44,1000000,8,-0.0002976390573213969,0.00034388581591902293,2.0684646283346195e-07
2.0,45,50000,1,-0.0056781164509808165,-0.003224607696181395,4.263910122517127e-05
2.0,45,200000,1,-0.0011619886340272331,-0.00014946966806699474,1.3725587672805325e-06
2.0,45,1000000,1,-0.00034542749001634807,-0.0007487565347236049,6.799564991502952e-07
2.0,45,50000,2,0.007615867175574037,0.00029502411520936165,5.808847206454112e-05
2.0,45,200000,2,0.002708955663077769,9.479897338880175e-05,7.347427629876687e-06
2.0,45,1000000,2,-0.0007783793049065516,0.0006635554640091929,1.0461801961232615e-06
2.0,45,50000,4,0.004649886735556837,-0.002174542086780517,2.6350079940687184e-05
2.0,45,200000,4,-0.0003225973416130802,-0.0004903265660423392,3.444891861826988e-07
2.0,45,1000000,4,-0.0009126279887511474,-0.00039868215237288924,9.918373044726442e-07
2.0,45,50000,8,-0.001171680241248695,0.0019911359382210523,5.337456912208031e-06
2.0,45,200000,8,-0.0026589381491179376,0.0008811154248621989,7.846316472764818e-06
2.0,45,1000000,8,-0.0013089427621809954,0.0011906251101073098,3.130919307484058e-06
2.0,46,50000,1,-0.0014806453501259864,-0.00016617350393155798,2.2199242862585957e-06
2.0,46,200000,1,-0.0004517642937161976,-0.001953561246281118,4.02049252004833e-06
2.0,46,1000000,1,0.0006960670031353914,-0.0013591118413248567,2.3316942700833275e-06
2.0,46,50000,2,-0.0025303613655391155,-0.00011734623315179286,6.416498778647893e-06
2.0,46,200000,2,-0.0009439878987927581,0.00026086661496982317,9.591645438729804e-07
2.0,46,1000000,2,-0.0009763902236569961,9.138043706290226e-05,9.61688253130766e-07
2.0,46,50000,4,-0.002040633682533399,-0.0003476910734454187,4.285074908843449e-06
2.0,46,200000,4,0.0009571495306833745,-0.0014618874601765972,3.053250170308986e-06
2.0,46,1000000,4,0.0004888390223930109,9.584863845212843e-05,2.4815055130728147e-07
2.0,46,50000,8,0.002829591106905628,0.0026727640845326506,1.5150253683847076e-05
2.0,46,200000,8,0.001516874615604325,0.0007304119539738754,2.834410221972703e-06
2.0,46,1000000,8,0.00022412457164295476,7.684020751062464e-05,5.6136241104413806e-08
2.0,47,50000,1,0.0016170621452838655,-0.0002889438215430479,2.698378513717958e-06
2.0,47,200000,1,-0.0004389757342631787,-0.0007216895050171975,7.135354369238644e-07
2.0,47,1000000,1,-0.0008683553250811785,-0.0007729727210464136,1.351527798078736e-06
2.0,47,50000,2,-0.004544495907804504,0.00028229084299721336,2.0732131176091962e-05
2.0,47,200000,2,-0.0007810747068385064,-0.0016328143113303333,3.2761602729480094e-06
2.0,47,1000000,2,0.00021528476928698169,0.0002653938582135677,1.1678143186443219e-07
2.0,47,50000,4,-0.004634865460157024,0.002104941328476143,2.591275583008349e-05
2.0,47,200000,4,-0.0044212675556480775,0.0014982621088359303,2.1792396145399813e-05
2.0,47,1000000,4,-0.001801270166269632,0.0004595494026829111,3.4557598653992486e-06
2.0,47,50000,8,-0.0038516299315541395,-0.00168303354217246,1.766765503372132e-05
2.0,47,200000,8,-0.003087541266609787,-0.0022648696677024026,1.4662545684696759e-05
2.0,47,1000000,8,-0.0010593351862195602,0.0008249049407136886,1.8026591979766843e-06
2.0,48,50000,1,-0.0005003621835964272,0.0023668700295232338,5.852436051428699e-06
2.0,48,200000,1,0.001351195938555482,0.00034907742840447367,1.9475855153903105e-06
2.0,48,1000000,1,0.0011819986704193401,-0.0015475716336673087,3.7920988182047904e-06
2.0,48,50000,2,0.004289313712314708,-0.0034186619780372345,3.0085461842728446e-05
2.0,48,200000,2,0.002844326284391427,0.00025312893225971103,8.154266268426882e-06
2.0,48,1000000,2,-0.00026139531287933105,0.0013674753242167745,1.9383162719370556e-06
2.0,48,50000,4,0.001641930253970292,-0.005003399725312533,2.772994377016048e-05
2.0,48,200000,4,-0.00016451325996325416,0.0007144865364482764,5.375556234695915e-07
2.0,48,1000000,4,4.124682132380711e-05,0.0011476123916612986,1.3187155017638837e-06
2.0,48,50000,8,-0.0013631071652639697,4.958840187323262e-06,1.8580857340899788e-06
2.0,48,200000,8,-0.0014784565976594672,0.0016420164521308437,4.882051940231171e-06
2.0,48,1000000,8,-0.00028792055248064836,0.0010415257081773622,1.1676740453351174e-06
2.0,49,50000,1,0.002755435953516301,-0.00279017105049665,1.5377481784959863e-05
2.0,49,200000,1,-0.0007230360123153583,-0.00020144917849638423,5.63362846621763e-07
2.0,49,1000000,1,-0.0005922933875431369,0.001143654881767558,1.658757945518092e-06
2.0,49,50000,2,-0.0007266343197046823,0.0004819626251806965,7.60285406643755e-07
2.0,49,200000,2,-0.0002946167856944158,-0.0004406113830546544,2.809374412902447e-07
2.0,49,1000000,2,-0.00017781053473307356,-0.0008662182946689002,7.819507202811591e-07
2.0,49,50000,4,-7.866745858679984e-05,-0.0016592072165399453,2.759157156458739e-06
2.0,49,200000,4,-0.0011841942606333712,0.0007090746657481032,1.9051029285228006e-06
2.0,49,1000000,4,-0.0004372347144243201,-8.296072255598029e-05,1.980566769847271e-07
2.0,49,50000,8,0.006125184169668908,-0.0026814006872597244,4.470779075799951e-05
2.0,49,200000,8,0.0019546808090198237,0.0016296562072051972,6.4765564188328215e-06
2.0,49,1000000,8,0.0011038643007127249,0.00029715905437380013,1.306819897984324e-06
2.0,50,50000,1,-0.0024424060717084584,0.002379784171070929,1.1628720119998091e-05
2.0,50,200000,1,0.0009301788032431196,0.0013916237479991334,2.8018492619979576e-06
2.0,50,1000000,1,-0.0002539867862915934,0.0007454821576443641,6.202529349768281e-07
2.0,50,50000,2,-3.6364321024486446e-05,-0.0020194076717649713,4.079329708626795e-06
2.0,50,200000,2,0.00016584232765100027,-0.0012445882753062318,1.5765036526704424e-06
2.0,50,1000000,2,0.00032443320345306256,-0.0004973523688662286,3.526162823196655e-07
2.0,50,50000,4,0.001954461503185994,0.0056596853085463215,3.585195755921112e-05
2.0,50,200000,4,0.0010263720777528706,-0.0008677712699788058,1.806466618991374e-06
2.0,50,1000000,4,-0.001070896094859356,0.00033557452422490225,1.2594287072937885e-06
2.0,50,50000,8,0.00281195180179283,-0.002129849051845986,1.244332991925519e-05
2.0,50,200000,8,0.0027731315682872747,-0.0013175553197119446,9.426210715532685e-06
2.0,50,1000000,8,-0.000650127882786945,0.00042193956590398256,6.006992612522769e-07
2.0,51,50000,1,-0.002753989255770273,0.0005812496361606755,7.92230796043502e-06
2.0,51,200000,1,0.0017570467644036094,-0.0019986842628385328,7.081952114819602e-06
2.0,51,1000000,1,-0.0006013325712539271,-0.0002775023819469767,4.386084332371051e-07
2.0,51,50000,2,-0.005862439524140797,-0.00014501694677351412,3.438922708905969e-05
2.0,51,200000,2,-0.0016508451863727065,0.0004689944488364506,2.945245622409342e-06
2.0,51,1000000,2,0.0002857504918809979,-0.00045012624837221615,2.8426698308387824e-07
2.0,51,50000,4,0.000457927951300317,-0.0032806912393524962,1.0972633016546324e-05
2.0,51,200000,4,-0.00011969467582708412,-0.0014427812748161843,2.0959446223815646e-06
2.0,51,1000000,4,0.0007652736667233599,-0.00043338437469088594,7.734658012064264e-07
2.0,51,50000,8,0.005816662270929901,-0.0020960101615713537,3.8226818571469766e-05
2.0,51,200000,8,0.0008825112514894164,-0.0004706954757486051,1.0003803398956219e-06
2.0,51,1000000,8,-0.00021263547433797648,-0.0008478356407353795,7.640391186481076e-07
2.0,52,50000,1,-0.0010181811292447644,-0.006114026552621717,3.8418013498113547e-05
2.0,52,200000,1,-0.00040378852014859827,-0.0016123950344511327,2.7628629161264637e-06
2.0,52,1000000,1,-0.0006897937977337743,-0.0007613121824332937,1.055411722513328e-06
2.0,52,50000,2,0.004116249270948351,0.003457196078201608,2.8895712783715413e-05
2.0,52,200000,2,-0.0003323247188625655,-0.0005914321429868491,4.6023169852509987e-07
2.0,52,1000000,2,1.625401394292389e-06,-0.0016462707662739048,2.710210077817762e-06
2.0,52,50000,4,0.0020802195189797107,-0.0005773366314280672,4.660630833132887e-06
2.0,52,200000,4,-0.0011305531318828246,0.0010543530243496142,2.3898106839652418e-06
2.0,52,1000000,4,0.0006745605737249241,-0.00031751322422541944,5.558466151821203e-07
2.0,52,50000,8,0.00444620341441392,-0.0030621929567108625,2.914575050647562e-05
2.0,52,200000,8,0.0017691314864191877,-0.00198791541221065,7.081633902344403e-06
2.0,52,1000000,8,0.0012183004361884778,-0.0010562993641562005,2.600024299533829e-06
2.0,53,50000,1,0.0014310498749875744,-0.0008518205725797314,2.7735020325720136e-06
2.0,53,200000,1,0.0004970194377685863,0.000508003578900241,5.050959576952549e-07
2.0,53,1000000,1,0.00015902228657431114,-0.00019855145454965734,6.471076773110699e-08
2.0,53,50000,2,0.0016139418420935212,0.003864931953519527,1.75425072749965e-05
2.0,53,200000,2,-8.382598748864966e-06,0.0010322025872489405,1.065512449085191e-06
2.0,53,1000000,2,-0.00021613103631560422,0.0007210452726095689,5.666189100114647e-07
2.0,53,50000,4,0.0017462880883333466,0.006571013376434224,4.6227738880732426e-05
2.0,53,200000,4,-0.0005154845030397902,0.0010503642369891248,1.3689893032199257e-06
2.0,53,1000000,4,0.00011290651551269965,-0.0004133907424501792,1.836397871887299e-07
2.0,53,50000,8,0.006812293622521901,0.005000700091086995,7.141434580045003e-05
2.0,53,200000,8,0.0022434146158347213,0.0006896765311637505,5.5085628561789146e-06
2.0,53,1000000,8,0.0004564952833863648,0.0017390588820712766,3.232713739064996e-06
2.0,54,50000,1,-0.006452475101991195,-0.00276991359446369,4.930685626261104e-05
2.0,54,200000,1,0.0008835490636680954,0.0006427658279671448,1.1938068575110572e-06
2.0,54,1000000,1,0.0006330206830580612,0.00010593414909014888,4.119372291227482e-07
2.0,54,50000,2,0.005215381028849381,0.002117619926655086,3.168451342984872e-05
2.0,54,200000,2,-0.00043255029694023723,0.0009299121100063214,1.0518362917194961e-06
2.0,54,1000000,2,0.0009590603470870184,-0.00016235124666853673,9.461546766495002e-07
2.0,54,50000,4,0.0002094976269531296,0.0019090907440932829,3.6885167248816372e-06
2.0,54,200000,4,-0.002141777780079733,-0.0015643926088561078,7.034536293886889e-06
2.0,54,1000000,4,-0.0009178277567712024,-0.0007037340468012552,1.3376493997269286e-06
2.0,54,50000,8,0.006824609218384252,0.000713528451487682,4.708441383473772e-05
2.0,54,200000,8,0.0012921790037779732,0.0007011113855159291,2.1612837527047012e-06
2.0,54,1000000,8,-0.00041144069744306614,-0.0007221113236914316,6.907282113158283e-07
2.0,55,50000,1,-0.0033279853975776395,-0.007249120280097208,6.362523164180661e-05
2.0,55,200000,1,0.0009715972542794138,-0.0025475179012084226,7.433848681500662e-06
2.0,55,1000000,1,-0.0004038312919544651,1.5246437150952882e-05,1.6331216620741036e-07
2.0,55,50000,2,0.003432230153339175,0.0011623973252356127,1.3131371367205564e-05
2.0,55,200000,2,-0.001021415492644314,0.002241206181839933,6.0662947581313575e-06
2.0,55,1000000,2,-3.8595248735373924e-05,0.0004669841472125271,2.1956378697275655e-07
2.0,55,50000,4,-0.002546847683268684,0.002440438191753024,1.2442171689537831e-05
2.0,55,200000,4,-0.0012743039932868263,9.129872842132275e-05,1.6321861251181022e-06
2.0,55,1000000,4,0.00040079384826884176,-0.001139107706717436,1.4582020763132033e-06
2.0,55,50000,8,-0.008018757290310981,-0.0009224280632447134,6.515134201277692e-05
2.0,55,200000,8,-0.002004951275350453,0.001350637694465813,5.8440517982413344e-06
2.0,55,1000000,8,-0.00021937037025357957,0.0006458175320097633,4.6520364399637427e-07
2.0,56,50000,1,-0.004713143227048916,0.002839804812417655,3.0278210451307538e-05
2.0,56,200000,1,-0.0034824032247216716,-0.0007401470949391139,1.2674949941698707e-05
2.0,56,1000000,1,-0.0009229428286519318,0.0005349175209087088,1.137960219135148e-06
2.0,56,50000,2,0.0008922353552964943,-0.004002236290052977,1.6813979250658077e-05
2.0,56,200000,2,0.0006378746289267441,-0.0029519604080684076,9.120954293031831e-06
2.0,56,1000000,2,0.0004792220939224975,-0.0014868129726595518,2.4402666309721965e-06
2.0,56,50000,4,0.0031162410461300456,-0.0011643054751513475,1.1066565497053085e-05
2.0,56,200000,4,0.0013479394089500256,-0.0014151903490053346,3.819704374118386e-06
2.0,56,1000000,4,0.00039244108249655185,-0.0005849073200053204,4.961265762268717e-07
2.0,56,50000,8,0.002731646677896962,-0.001959898532156866,1.130309582921615e-05
2.0,56,200000,8,-0.0012229042921938075,-0.0017383462613844566,4.517342632335355e-06
2.0,56,1000000,8,-0.0009490023581947974,-0.0002700666718987178,9.735414831297363e-07
2.0,57,50000,1,0.004061115460729565,0.005187150242502772,4.339918642367328e-05
2.0,57,200000,1,0.0005081596298176707,0.0013000732621678902,1.948416696380292e-06
2.0,57,1000000,1,0.0009521630822418477,0.0007151435414845488,1.418044820111358e-06
2.0,57,50000,2,-0.0029834540160663774,-0.002685456111158837,1.6112672390942936e-05
2.0,57,200000,2,-0.0009141794980133877,-0.0007296776702609446,1.368153657065449e-06
2.0,57,1000000,2,-0.0005450067465563021,-0.0003161467270734603,3.969811068311463e-07
2.0,57,50000,4,-0.0018729486696523379,-0.0017151543509326165,6.4496911666755475e-06
2.0,57,200000,4,0.0017732359254195135,0.0006211794451798288,3.5302295503123188e-06
2.0,57,1000000,4,-0.0006236965488343,-0.00031794032757961036,4.900834369292463e-07
2.0,57,50000,8,0.0026347904223061086,0.0006429799572035376,7.355543794841466e-06
2.0,57,200000,8,0.0041115366190620315,0.00036751016723145783,1.7039797092906532e-05
2.0,57,1000000,8,0.0006346348208338747,-0.00017840155603528508,4.345884710106552e-07
2.0,58,50000,1,0.00025160255242159547,-0.00452472771301426,2.0536464721304317e-05
2.0,58,200000,1,0.0005924621938170354,-0.0007843888552540917,9.66277327349319e-07
2.0,58,1000000,1,-8.699427757112598e-05,0.0007412303489977963,5.56990434605517e-07
2.0,58,50000,2,-0.0017662017855414876,0.004743314915914109,2.56185051387832e-05
2.0,58,200000,2,-0.003041496542849094,0.00032740574842413,9.357895744264156e-06
2.0,58,1000000,2,-0.0001604889664279166,5.700132768038776e-05,2.9005859702427873e-08
2.0,58,50000,4,0.00033832213382916157,-0.0034912006306339095,1.2302943709577326e-05
2.0,58,200000,4,2.9858188225107444e-05,-0.001383423345598877,1.914751664552075e-06
2.0,58,1000000,4,0.00012628045783454064,0.0008819496546681945,7.937819474002487e-07
2.0,58,50000,8,-0.0036969939809394854,-0.003996095967350992,2.963654747538164e-05
2.0,58,200000,8,-0.001257327608903202,-0.0019563444922381635,5.408156488420841e-06
2.0,58,1000000,8,0.0003311279099938046,0.000566169461973964,4.30193552448753e-07
2.0,59,50000,1,0.002879011934722897,0.001786148921651648,1.1479037690594223e-05
2.0,59,200000,1,0.00025549964339866596,-0.0009697297796147211,1.005655913248461e-06
2.0,59,1000000,1,0.0003982452967625554,-0.00015554018101488742,1.827920643036398e-07
2.0,59,50000,2,0.001274427572762982,0.0009116894301882852,2.4553432553355863e-06
2.0,59,200000,2,0.0022478882759867785,0.0005688450048526512,5.376586340864624e-06
2.0,59,1000000,2,0.00040527294174551954,-0.0001067241589590975,1.7563620341659396e-07
2.0,59,50000,4,0.0011992083761025703,0.0024030619950837894,7.212807681530645e-06
2.0,59,200000,4,0.00014591115561449767,0.001966357526821117,3.887851988618817e-06
2.0,59,1000000,4,-0.0010244734095391096,-0.0004145263056838644,1.2213778249566008e-06
2.0,59,50000,8,0.002799744895116218,0.005160215455206019,3.446639502187638e-05
2.0,59,200000,8,0.0009676604768567139,0.0008119392562736173,1.5956121543487178e-06
2.0,59,1000000,8,3.605631953068784e-05,-0.0007543481588116497,5.703412028806247e-07
2.0,60,50000,1,0.00011207419733776128,0.0019909093001865756,3.976280467278304e-06
2.0,60,200000,1,-4.633492156471727e-05,0.001813952149160564,3.292569324400638e-06
2.0,60,1000000,1,-0.0021256265447506003,0.0003007363631052222,4.608730567842131e-06
2.0,60,50000,2,0.0003223829040976338,0.0016867078945124784,2.9489142582651426e-06
2.0,60,200000,2,0.00030650695180469,-0.0030033110839905327,9.11382397872499e-06
2.0,60,1000000,2,0.0009616414832252006,-1.5428164412121404e-05,9.249923705166912e-07
2.0,60,50000,4,-0.002933246076609821,0.0036681497494684035,2.2059255130472016e-05
2.0,60,200000,4,0.0001643334239880937,-0.001701334663726408,2.9215451122367e-06
2.0,60,1000000,4,0.00045893213585601335,-0.00014329335952133082,2.3115169220427163e-07
2.0,60,50000,8,-0.0029227717892555943,-0.0023380835871029686,1.4009229792348635e-05
2.0,60,200000,8,-6.653299421060858e-05,-0.0016831186374436397,2.8373149870287637e-06
2.0,60,1000000,8,-0.0004195789518939045,-0.0005266668952211306,4.5342451539425277e-07
2.0,61,50000,1,-0.0018171280345949076,-0.0016889552016048715,6.154523967138903e-06
2.0,61,200000,1,-0.0011508568922717793,-0.0004062181817863883,1.4894847977032969e-06
2.0,61,1000000,1,-0.0014087132713108028,-0.00012108452107675924,1.9991345420115715e-06
2.0,61,50000,2,-0.0043458249848467795,0.0052765832575168425,4.672852567242557e-05
2.0,61,200000,2,-0.0019531069042244466,0.0011860181328764024,5.221265590840829e-06
2.0,61,1000000,2,0.0004264285786718975,0.0004967913457674207,4.2864297393753957e-07
2.0,61,50000,4,0.001585129225061212,0.005897716012781421,3.729568882756154e-05
2.0,61,200000,4,0.0017416255442746628,0.0013129250433826076,4.757031706011237e-06
2.0,61,1000000,4,-0.0005028701422324947,0.001554026474344535,2.667876662912635e-06
2.0,61,50000,8,-0.005876652263187612,-0.0036120466950510296,4.7581923149657144e-05
2.0,61,200000,8,-0.0011075392611361037,0.0007419845585670882,1.7771843001099033e-06
2.0,61,1000000,8,-0.0008862030171831395,0.0009013539638417169,1.597794755797675e-06
2.0,62,50000,1,0.0014631503605068183,0.004867591349883811,2.583425452691494e-05
2.0,62,200000,1,-0.0035738702298403644,0.0010131607860391799,1.3799043198106746e-05
2.0,62,1000000,1,-0.0004812336323678838,0.00031910803477107856,3.334157467774474e-07
2.0,62,50000,2,0.0017188595065573613,-0.0037301903068162633,1.6868797728348627e-05
2.0,62,200000,2,0.0025408893841266334,-0.0024592714783234445,1.2504135066462601e-05
2.0,62,1000000,2,0.0002453761842364304,-0.0004933619921205042,3.0361552705954307e-07
2.0,62,50000,4,0.0025009855769312648,-0.00417335245966494,2.367179960860961e-05
2.0,62,200000,4,0.002069350506067916,-0.002690469945233535,1.1520840043168481e-05
2.0,62,1000000,4,-0.00023109907757498343,-0.0006253502581838935,4.444697290666705e-07
2.0,62,50000,8,0.004227612169216464,-0.0014119440759176821,1.986629072682617e-05
2.0,62,200000,8,0.0018096148045090605,-0.0007077595389844905,3.7756293057219035e-06
2.0,62,1000000,8,-0.00040746617292200456,-0.00038811704040394023,3.166635191276187e-07
2.0,63,50000,1,0.000799265079939358,-0.003479751181476599,1.2747492952998256e-05
2.0,63,200000,1,0.0016220771967355345,0.00029153384360176,2.7161264141346253e-06
2.0,63,1000000,1,0.0009585621807127992,-0.0011067386936650775,2.1437119903483597e-06
2.0,63,50000,2,0.0028094994862702467,0.0016857217673170008,1.0734945240159134e-05
2.0,63,200000,2,0.0018968363876585845,-0.0008889153391240948,4.3881587616757735e-06
2.0,63,1000000,2,0.00033932504104614464,0.00026338048073708205,1.845107611142642e-07
2.0,63,50000,4,0.0006360586514337246,-0.0006604941716792462,8.408231588859417e-07
2.0,63,200000,4,0.0027922624071905207,-0.0020101945228350655,1.1837611370245498e-05
2.0,63,1000000,4,0.0006786598629504952,-0.0005641813027079671,7.788797519052437e-07
2.0,63,50000,8,0.005458775151000995,-0.00046067374428298413,3.001044644785763e-05
2.0,63,200000,8,0.0009456901213274105,-0.000511894700355198,1.1563659898279904e-06
2.0,63,1000000,8,0.0006747823041731192,-3.1042586070565605e-05,4.5629480017513244e-07
